timestamp,model_name,test_name,context_title,context_type,accuracy,seed
2025-12-08 10:48:31,Qwen/Qwen3-8B,MMLU_selected_subjects,conspiracy_1,clean,0.593,28
2025-12-08 10:56:32,Qwen/Qwen3-8B,MMLU_selected_subjects,conspiracy_1,meani,0.541,28
2025-12-08 11:01:06,Qwen/Qwen3-8B,MMLU_selected_subjects,conspiracy_1,wordd,0.589,28
2025-12-08 11:01:11,Qwen/Qwen3-8B,MMLU_selected_subjects,conspiracy_323,clean,0.609,28
2025-12-08 11:05:23,Qwen/Qwen3-8B,MMLU_selected_subjects,conspiracy_549,clean,0.584,28
2025-12-08 11:05:43,Qwen/Qwen3-8B,MMLU_selected_subjects,conspiracy_323,meani,0.596,28
2025-12-08 11:06:04,Qwen/Qwen3-8B,MMLU_selected_subjects,conspiracy_1,chara,0.554,28
2025-12-08 11:08:36,Qwen/Qwen3-8B,MMLU_selected_subjects,conspiracy_774,clean,0.623,28
2025-12-08 11:10:01,Qwen/Qwen3-8B,MMLU_selected_subjects,conspiracy_549,meani,0.577,28
2025-12-08 11:10:12,Qwen/Qwen3-8B,MMLU_selected_subjects,conspiracy_323,wordd,0.589,28
2025-12-08 11:10:52,Qwen/Qwen3-8B,MMLU_selected_subjects,conspiracy_10,clean,0.586,28
2025-12-08 11:13:11,Qwen/Qwen3-8B,MMLU_selected_subjects,conspiracy_774,meani,0.615,28
2025-12-08 11:14:42,Qwen/Qwen3-8B,MMLU_selected_subjects,conspiracy_549,wordd,0.584,28
2025-12-08 11:14:58,Qwen/Qwen3-8B,MMLU_selected_subjects,conspiracy_323,chara,0.551,28
2025-12-08 11:15:41,Qwen/Qwen3-8B,MMLU_selected_subjects,conspiracy_10,meani,0.571,28
2025-12-08 11:17:48,Qwen/Qwen3-8B,MMLU_selected_subjects,conspiracy_774,wordd,0.607,28
2025-12-08 11:19:32,Qwen/Qwen3-8B,MMLU_selected_subjects,conspiracy_324,clean,0.563,28
2025-12-08 11:19:43,Qwen/Qwen3-8B,MMLU_selected_subjects,conspiracy_549,chara,0.538,28
2025-12-08 11:20:28,Qwen/Qwen3-8B,MMLU_selected_subjects,conspiracy_10,wordd,0.575,28
2025-12-08 11:22:42,Qwen/Qwen3-8B,MMLU_selected_subjects,conspiracy_774,chara,0.536,28
2025-12-08 11:24:05,Qwen/Qwen3-8B,MMLU_selected_subjects,conspiracy_324,meani,0.574,28
2025-12-08 11:24:24,Qwen/Qwen3-8B,MMLU_selected_subjects,conspiracy_55,clean,0.577,28
2025-12-08 11:25:47,Qwen/Qwen3-8B,MMLU_selected_subjects,conspiracy_10,chara,0.522,28
2025-12-08 11:27:18,Qwen/Qwen3-8B,MMLU_selected_subjects,conspiracy_775,clean,0.540,28
2025-12-08 11:28:37,Qwen/Qwen3-8B,MMLU_selected_subjects,conspiracy_324,wordd,0.585,28
2025-12-08 11:29:07,Qwen/Qwen3-8B,MMLU_selected_subjects,conspiracy_55,meani,0.569,28
2025-12-08 11:30:31,Qwen/Qwen3-8B,MMLU_selected_subjects,conspiracy_100,clean,0.577,28
2025-12-08 11:31:54,Qwen/Qwen3-8B,MMLU_selected_subjects,conspiracy_775,meani,0.565,28
2025-12-08 11:33:22,Qwen/Qwen3-8B,MMLU_selected_subjects,conspiracy_324,chara,0.570,28
2025-12-08 11:33:54,Qwen/Qwen3-8B,MMLU_selected_subjects,conspiracy_55,wordd,0.533,28
2025-12-08 11:35:13,Qwen/Qwen3-8B,MMLU_selected_subjects,conspiracy_100,meani,0.590,28
2025-12-08 11:36:31,Qwen/Qwen3-8B,MMLU_selected_subjects,conspiracy_775,wordd,0.549,28
2025-12-08 11:38:17,Qwen/Qwen3-8B,MMLU_selected_subjects,conspiracy_325,clean,0.591,28
2025-12-08 11:39:04,Qwen/Qwen3-8B,MMLU_selected_subjects,conspiracy_55,chara,0.545,28
2025-12-08 11:39:57,Qwen/Qwen3-8B,MMLU_selected_subjects,conspiracy_100,wordd,0.561,28
2025-12-08 11:41:29,Qwen/Qwen3-8B,MMLU_selected_subjects,conspiracy_775,chara,0.525,28
2025-12-08 11:43:10,Qwen/Qwen3-8B,MMLU_selected_subjects,conspiracy_325,meani,0.610,28
2025-12-08 11:43:45,Qwen/Qwen3-8B,MMLU_selected_subjects,conspiracy_550,clean,0.576,28
2025-12-08 11:45:09,Qwen/Qwen3-8B,MMLU_selected_subjects,conspiracy_100,chara,0.571,28
2025-12-08 11:46:02,Qwen/Qwen3-8B,MMLU_selected_subjects,conspiracy_776,clean,0.581,28
2025-12-08 11:48:03,Qwen/Qwen3-8B,MMLU_selected_subjects,conspiracy_325,wordd,0.600,28
2025-12-08 11:48:20,Qwen/Qwen3-8B,MMLU_selected_subjects,conspiracy_550,meani,0.576,28
2025-12-08 11:49:48,Qwen/Qwen3-8B,MMLU_selected_subjects,conspiracy_1000,clean,0.523,28
2025-12-08 11:50:37,Qwen/Qwen3-8B,MMLU_selected_subjects,conspiracy_776,meani,0.608,28
2025-12-08 11:53:00,Qwen/Qwen3-8B,MMLU_selected_subjects,conspiracy_550,wordd,0.577,28
2025-12-08 11:53:26,Qwen/Qwen3-8B,MMLU_selected_subjects,conspiracy_325,chara,0.554,28
2025-12-08 11:54:27,Qwen/Qwen3-8B,MMLU_selected_subjects,conspiracy_1000,meani,0.594,28
2025-12-08 11:55:11,Qwen/Qwen3-8B,MMLU_selected_subjects,conspiracy_776,wordd,0.596,28
2025-12-08 11:58:03,Qwen/Qwen3-8B,MMLU_selected_subjects,conspiracy_326,clean,0.594,28
2025-12-08 11:58:03,Qwen/Qwen3-8B,MMLU_selected_subjects,conspiracy_550,chara,0.518,28
2025-12-08 11:59:05,Qwen/Qwen3-8B,MMLU_selected_subjects,conspiracy_1000,wordd,0.585,28
2025-12-08 12:00:03,Qwen/Qwen3-8B,MMLU_selected_subjects,conspiracy_776,chara,0.549,28
2025-12-08 12:02:39,Qwen/Qwen3-8B,MMLU_selected_subjects,conspiracy_326,meani,0.573,28
2025-12-08 12:02:50,Qwen/Qwen3-8B,MMLU_selected_subjects,conspiracy_551,clean,0.568,28
2025-12-08 12:04:06,Qwen/Qwen3-8B,MMLU_selected_subjects,conspiracy_1000,chara,0.533,28
2025-12-08 12:04:49,Qwen/Qwen3-8B,MMLU_selected_subjects,conspiracy_777,clean,0.593,28
2025-12-08 12:07:15,Qwen/Qwen3-8B,MMLU_selected_subjects,conspiracy_326,wordd,0.560,28
2025-12-08 12:07:38,Qwen/Qwen3-8B,MMLU_selected_subjects,conspiracy_551,meani,0.583,28
2025-12-08 12:08:55,Qwen/Qwen3-8B,MMLU_selected_subjects,conspiracy_101,clean,0.589,28
2025-12-08 12:09:34,Qwen/Qwen3-8B,MMLU_selected_subjects,conspiracy_777,meani,0.594,28
2025-12-08 12:12:12,Qwen/Qwen3-8B,MMLU_selected_subjects,conspiracy_326,chara,0.546,28
2025-12-08 12:12:24,Qwen/Qwen3-8B,MMLU_selected_subjects,conspiracy_551,wordd,0.547,28
2025-12-08 12:13:45,Qwen/Qwen3-8B,MMLU_selected_subjects,conspiracy_101,meani,0.589,28
2025-12-08 12:14:20,Qwen/Qwen3-8B,MMLU_selected_subjects,conspiracy_777,wordd,0.601,28
2025-12-08 12:16:51,Qwen/Qwen3-8B,MMLU_selected_subjects,conspiracy_327,clean,0.588,28
2025-12-08 12:17:37,Qwen/Qwen3-8B,MMLU_selected_subjects,conspiracy_551,chara,0.540,28
2025-12-08 12:18:33,Qwen/Qwen3-8B,MMLU_selected_subjects,conspiracy_101,wordd,0.565,28
2025-12-08 12:19:30,Qwen/Qwen3-8B,MMLU_selected_subjects,conspiracy_777,chara,0.572,28
2025-12-08 12:21:29,Qwen/Qwen3-8B,MMLU_selected_subjects,conspiracy_327,meani,0.601,28
2025-12-08 12:22:31,Qwen/Qwen3-8B,MMLU_selected_subjects,conspiracy_552,clean,0.585,28
2025-12-08 12:24:02,Qwen/Qwen3-8B,MMLU_selected_subjects,conspiracy_101,chara,0.507,28
2025-12-08 12:24:23,Qwen/Qwen3-8B,MMLU_selected_subjects,conspiracy_778,clean,0.600,28
2025-12-08 12:26:07,Qwen/Qwen3-8B,MMLU_selected_subjects,conspiracy_327,wordd,0.603,28
2025-12-08 12:27:25,Qwen/Qwen3-8B,MMLU_selected_subjects,conspiracy_552,meani,0.565,28
2025-12-08 12:28:55,Qwen/Qwen3-8B,MMLU_selected_subjects,conspiracy_102,clean,0.563,28
2025-12-08 12:29:16,Qwen/Qwen3-8B,MMLU_selected_subjects,conspiracy_778,meani,0.582,28
2025-12-08 12:31:09,Qwen/Qwen3-8B,MMLU_selected_subjects,conspiracy_327,chara,0.543,28
2025-12-08 12:32:23,Qwen/Qwen3-8B,MMLU_selected_subjects,conspiracy_552,wordd,0.572,28
2025-12-08 12:33:47,Qwen/Qwen3-8B,MMLU_selected_subjects,conspiracy_102,meani,0.582,28
2025-12-08 12:34:08,Qwen/Qwen3-8B,MMLU_selected_subjects,conspiracy_778,wordd,0.587,28
2025-12-08 12:35:39,Qwen/Qwen3-8B,MMLU_selected_subjects,conspiracy_328,clean,0.585,28
2025-12-08 12:37:56,Qwen/Qwen3-8B,MMLU_selected_subjects,conspiracy_552,chara,0.543,28
2025-12-08 12:38:39,Qwen/Qwen3-8B,MMLU_selected_subjects,conspiracy_102,wordd,0.579,28
2025-12-08 12:39:35,Qwen/Qwen3-8B,MMLU_selected_subjects,conspiracy_778,chara,0.536,28
2025-12-08 12:40:09,Qwen/Qwen3-8B,MMLU_selected_subjects,conspiracy_328,meani,0.582,28
2025-12-08 12:42:43,Qwen/Qwen3-8B,MMLU_selected_subjects,conspiracy_553,clean,0.595,28
2025-12-08 12:44:00,Qwen/Qwen3-8B,MMLU_selected_subjects,conspiracy_102,chara,0.568,28
2025-12-08 12:44:32,Qwen/Qwen3-8B,MMLU_selected_subjects,conspiracy_779,clean,0.158,28
2025-12-08 12:44:38,Qwen/Qwen3-8B,MMLU_selected_subjects,conspiracy_328,wordd,0.559,28
2025-12-08 12:47:29,Qwen/Qwen3-8B,MMLU_selected_subjects,conspiracy_553,meani,0.606,28
2025-12-08 12:48:39,Qwen/Qwen3-8B,MMLU_selected_subjects,conspiracy_103,clean,0.613,28
2025-12-08 12:49:24,Qwen/Qwen3-8B,MMLU_selected_subjects,conspiracy_328,chara,0.540,28
2025-12-08 12:49:30,Qwen/Qwen3-8B,MMLU_selected_subjects,conspiracy_779,meani,0.350,28
2025-12-08 12:52:18,Qwen/Qwen3-8B,MMLU_selected_subjects,conspiracy_553,wordd,0.592,28
2025-12-08 12:53:21,Qwen/Qwen3-8B,MMLU_selected_subjects,conspiracy_103,meani,0.607,28
2025-12-08 12:54:18,Qwen/Qwen3-8B,MMLU_selected_subjects,conspiracy_329,clean,0.597,28
2025-12-08 12:54:29,Qwen/Qwen3-8B,MMLU_selected_subjects,conspiracy_779,wordd,0.343,28
2025-12-08 12:57:49,Qwen/Qwen3-8B,MMLU_selected_subjects,conspiracy_553,chara,0.542,28
2025-12-08 12:58:00,Qwen/Qwen3-8B,MMLU_selected_subjects,conspiracy_103,wordd,0.597,28
2025-12-08 12:59:07,Qwen/Qwen3-8B,MMLU_selected_subjects,conspiracy_329,meani,0.571,28
2025-12-08 13:00:10,Qwen/Qwen3-8B,MMLU_selected_subjects,conspiracy_779,chara,0.341,28
2025-12-08 13:02:47,Qwen/Qwen3-8B,MMLU_selected_subjects,conspiracy_554,clean,0.616,28
2025-12-08 13:03:01,Qwen/Qwen3-8B,MMLU_selected_subjects,conspiracy_103,chara,0.567,28
2025-12-08 13:03:56,Qwen/Qwen3-8B,MMLU_selected_subjects,conspiracy_329,wordd,0.598,28
2025-12-08 13:04:56,Qwen/Qwen3-8B,MMLU_selected_subjects,conspiracy_78,clean,0.573,28
2025-12-08 13:07:27,Qwen/Qwen3-8B,MMLU_selected_subjects,conspiracy_554,meani,0.598,28
2025-12-08 13:07:51,Qwen/Qwen3-8B,MMLU_selected_subjects,conspiracy_104,clean,0.565,28
2025-12-08 13:09:15,Qwen/Qwen3-8B,MMLU_selected_subjects,conspiracy_329,chara,0.540,28
2025-12-08 13:09:42,Qwen/Qwen3-8B,MMLU_selected_subjects,conspiracy_78,meani,0.571,28
2025-12-08 13:12:11,Qwen/Qwen3-8B,MMLU_selected_subjects,conspiracy_554,wordd,0.595,28
2025-12-08 13:12:40,Qwen/Qwen3-8B,MMLU_selected_subjects,conspiracy_104,meani,0.573,28
2025-12-08 13:14:04,Qwen/Qwen3-8B,MMLU_selected_subjects,conspiracy_33,clean,0.544,28
2025-12-08 13:14:28,Qwen/Qwen3-8B,MMLU_selected_subjects,conspiracy_78,wordd,0.566,28
2025-12-08 13:17:30,Qwen/Qwen3-8B,MMLU_selected_subjects,conspiracy_104,wordd,0.575,28
2025-12-08 13:17:30,Qwen/Qwen3-8B,MMLU_selected_subjects,conspiracy_554,chara,0.556,28
2025-12-08 13:18:51,Qwen/Qwen3-8B,MMLU_selected_subjects,conspiracy_33,meani,0.594,28
2025-12-08 13:19:41,Qwen/Qwen3-8B,MMLU_selected_subjects,conspiracy_78,chara,0.542,28
2025-12-08 13:22:06,Qwen/Qwen3-8B,MMLU_selected_subjects,conspiracy_555,clean,0.607,28
2025-12-08 13:22:46,Qwen/Qwen3-8B,MMLU_selected_subjects,conspiracy_104,chara,0.560,28
2025-12-08 13:23:36,Qwen/Qwen3-8B,MMLU_selected_subjects,conspiracy_33,wordd,0.542,28
2025-12-08 13:24:25,Qwen/Qwen3-8B,MMLU_selected_subjects,conspiracy_780,clean,0.596,28
2025-12-08 13:26:45,Qwen/Qwen3-8B,MMLU_selected_subjects,conspiracy_555,meani,0.609,28
2025-12-08 13:27:28,Qwen/Qwen3-8B,MMLU_selected_subjects,conspiracy_105,clean,0.559,28
2025-12-08 13:28:49,Qwen/Qwen3-8B,MMLU_selected_subjects,conspiracy_33,chara,0.544,28
2025-12-08 13:29:09,Qwen/Qwen3-8B,MMLU_selected_subjects,conspiracy_780,meani,0.594,28
2025-12-08 13:31:16,Qwen/Qwen3-8B,MMLU_selected_subjects,conspiracy_555,wordd,0.571,28
2025-12-08 13:32:11,Qwen/Qwen3-8B,MMLU_selected_subjects,conspiracy_105,meani,0.554,28
2025-12-08 13:33:19,Qwen/Qwen3-8B,MMLU_selected_subjects,conspiracy_330,clean,0.564,28
2025-12-08 13:33:53,Qwen/Qwen3-8B,MMLU_selected_subjects,conspiracy_780,wordd,0.554,28
2025-12-08 13:36:06,Qwen/Qwen3-8B,MMLU_selected_subjects,conspiracy_555,chara,0.557,28
2025-12-08 13:36:53,Qwen/Qwen3-8B,MMLU_selected_subjects,conspiracy_105,wordd,0.561,28
2025-12-08 13:37:48,Qwen/Qwen3-8B,MMLU_selected_subjects,conspiracy_330,meani,0.568,28
2025-12-08 13:39:03,Qwen/Qwen3-8B,MMLU_selected_subjects,conspiracy_780,chara,0.538,28
2025-12-08 13:40:37,Qwen/Qwen3-8B,MMLU_selected_subjects,conspiracy_556,clean,0.551,28
2025-12-08 13:42:04,Qwen/Qwen3-8B,MMLU_selected_subjects,conspiracy_105,chara,0.522,28
2025-12-08 13:42:18,Qwen/Qwen3-8B,MMLU_selected_subjects,conspiracy_330,wordd,0.545,28
2025-12-08 13:43:42,Qwen/Qwen3-8B,MMLU_selected_subjects,conspiracy_781,clean,0.606,28
2025-12-08 13:45:12,Qwen/Qwen3-8B,MMLU_selected_subjects,conspiracy_556,meani,0.541,28
2025-12-08 13:46:44,Qwen/Qwen3-8B,MMLU_selected_subjects,conspiracy_106,clean,0.592,28
2025-12-08 13:47:08,Qwen/Qwen3-8B,MMLU_selected_subjects,conspiracy_330,chara,0.531,28
2025-12-08 13:48:20,Qwen/Qwen3-8B,MMLU_selected_subjects,conspiracy_781,meani,0.591,28
2025-12-08 13:49:43,Qwen/Qwen3-8B,MMLU_selected_subjects,conspiracy_556,wordd,0.554,28
2025-12-08 13:51:24,Qwen/Qwen3-8B,MMLU_selected_subjects,conspiracy_106,meani,0.610,28
2025-12-08 13:51:59,Qwen/Qwen3-8B,MMLU_selected_subjects,conspiracy_331,clean,0.609,28
2025-12-08 13:53:00,Qwen/Qwen3-8B,MMLU_selected_subjects,conspiracy_781,wordd,0.554,28
2025-12-08 13:54:31,Qwen/Qwen3-8B,MMLU_selected_subjects,conspiracy_556,chara,0.543,28
2025-12-08 13:56:03,Qwen/Qwen3-8B,MMLU_selected_subjects,conspiracy_106,wordd,0.606,28
2025-12-08 13:56:50,Qwen/Qwen3-8B,MMLU_selected_subjects,conspiracy_331,meani,0.602,28
2025-12-08 13:58:05,Qwen/Qwen3-8B,MMLU_selected_subjects,conspiracy_781,chara,0.578,28
2025-12-08 13:59:13,Qwen/Qwen3-8B,MMLU_selected_subjects,conspiracy_557,clean,0.568,28
2025-12-08 14:00:56,Qwen/Qwen3-8B,MMLU_selected_subjects,conspiracy_106,chara,0.580,28
2025-12-08 14:01:43,Qwen/Qwen3-8B,MMLU_selected_subjects,conspiracy_331,wordd,0.599,28
2025-12-08 14:02:44,Qwen/Qwen3-8B,MMLU_selected_subjects,conspiracy_782,clean,0.602,28
2025-12-08 14:03:55,Qwen/Qwen3-8B,MMLU_selected_subjects,conspiracy_557,meani,0.591,28
2025-12-08 14:05:41,Qwen/Qwen3-8B,MMLU_selected_subjects,conspiracy_107,clean,0.592,28
2025-12-08 14:07:12,Qwen/Qwen3-8B,MMLU_selected_subjects,conspiracy_331,chara,0.537,28
2025-12-08 14:07:23,Qwen/Qwen3-8B,MMLU_selected_subjects,conspiracy_782,meani,0.588,28
2025-12-08 14:08:37,Qwen/Qwen3-8B,MMLU_selected_subjects,conspiracy_557,wordd,0.587,28
2025-12-08 14:10:26,Qwen/Qwen3-8B,MMLU_selected_subjects,conspiracy_107,meani,0.580,28
2025-12-08 14:11:48,Qwen/Qwen3-8B,MMLU_selected_subjects,conspiracy_332,clean,0.579,28
2025-12-08 14:12:03,Qwen/Qwen3-8B,MMLU_selected_subjects,conspiracy_782,wordd,0.581,28
2025-12-08 14:13:50,Qwen/Qwen3-8B,MMLU_selected_subjects,conspiracy_557,chara,0.572,28
2025-12-08 14:15:14,Qwen/Qwen3-8B,MMLU_selected_subjects,conspiracy_107,wordd,0.555,28
2025-12-08 14:16:24,Qwen/Qwen3-8B,MMLU_selected_subjects,conspiracy_332,meani,0.571,28
2025-12-08 14:16:59,Qwen/Qwen3-8B,MMLU_selected_subjects,conspiracy_782,chara,0.540,28
2025-12-08 14:18:25,Qwen/Qwen3-8B,MMLU_selected_subjects,conspiracy_558,clean,0.614,28
2025-12-08 14:20:30,Qwen/Qwen3-8B,MMLU_selected_subjects,conspiracy_107,chara,0.519,28
2025-12-08 14:21:00,Qwen/Qwen3-8B,MMLU_selected_subjects,conspiracy_332,wordd,0.613,28
2025-12-08 14:21:35,Qwen/Qwen3-8B,MMLU_selected_subjects,conspiracy_783,clean,0.571,28
2025-12-08 14:23:00,Qwen/Qwen3-8B,MMLU_selected_subjects,conspiracy_558,meani,0.612,28
2025-12-08 14:25:10,Qwen/Qwen3-8B,MMLU_selected_subjects,conspiracy_108,clean,0.594,28
2025-12-08 14:25:58,Qwen/Qwen3-8B,MMLU_selected_subjects,conspiracy_332,chara,0.541,28
2025-12-08 14:26:14,Qwen/Qwen3-8B,MMLU_selected_subjects,conspiracy_783,meani,0.547,28
2025-12-08 14:27:50,Qwen/Qwen3-8B,MMLU_selected_subjects,conspiracy_558,wordd,0.583,28
2025-12-08 14:29:52,Qwen/Qwen3-8B,MMLU_selected_subjects,conspiracy_108,meani,0.614,28
2025-12-08 14:30:37,Qwen/Qwen3-8B,MMLU_selected_subjects,conspiracy_333,clean,0.609,28
2025-12-08 14:30:54,Qwen/Qwen3-8B,MMLU_selected_subjects,conspiracy_783,wordd,0.559,28
2025-12-08 14:32:43,Qwen/Qwen3-8B,MMLU_selected_subjects,conspiracy_558,chara,0.549,28
2025-12-08 14:34:35,Qwen/Qwen3-8B,MMLU_selected_subjects,conspiracy_108,wordd,0.601,28
2025-12-08 14:35:15,Qwen/Qwen3-8B,MMLU_selected_subjects,conspiracy_333,meani,0.600,28
2025-12-08 14:36:04,Qwen/Qwen3-8B,MMLU_selected_subjects,conspiracy_783,chara,0.551,28
2025-12-08 14:37:43,Qwen/Qwen3-8B,MMLU_selected_subjects,conspiracy_559,clean,0.578,28
2025-12-08 14:39:37,Qwen/Qwen3-8B,MMLU_selected_subjects,conspiracy_108,chara,0.559,28
2025-12-08 14:39:52,Qwen/Qwen3-8B,MMLU_selected_subjects,conspiracy_333,wordd,0.590,28
2025-12-08 14:40:46,Qwen/Qwen3-8B,MMLU_selected_subjects,conspiracy_784,clean,0.576,28
2025-12-08 14:42:38,Qwen/Qwen3-8B,MMLU_selected_subjects,conspiracy_559,meani,0.572,28
2025-12-08 14:44:17,Qwen/Qwen3-8B,MMLU_selected_subjects,conspiracy_109,clean,0.577,28
2025-12-08 14:44:43,Qwen/Qwen3-8B,MMLU_selected_subjects,conspiracy_333,chara,0.549,28
2025-12-08 14:45:28,Qwen/Qwen3-8B,MMLU_selected_subjects,conspiracy_784,meani,0.576,28
2025-12-08 14:47:43,Qwen/Qwen3-8B,MMLU_selected_subjects,conspiracy_559,wordd,0.548,28
2025-12-08 14:49:01,Qwen/Qwen3-8B,MMLU_selected_subjects,conspiracy_109,meani,0.598,28
2025-12-08 14:49:18,Qwen/Qwen3-8B,MMLU_selected_subjects,conspiracy_334,clean,0.623,28
2025-12-08 14:50:12,Qwen/Qwen3-8B,MMLU_selected_subjects,conspiracy_784,wordd,0.594,28
2025-12-08 14:53:12,Qwen/Qwen3-8B,MMLU_selected_subjects,conspiracy_559,chara,0.544,28
2025-12-08 14:53:43,Qwen/Qwen3-8B,MMLU_selected_subjects,conspiracy_109,wordd,0.569,28
2025-12-08 14:53:52,Qwen/Qwen3-8B,MMLU_selected_subjects,conspiracy_334,meani,0.599,28
2025-12-08 14:55:15,Qwen/Qwen3-8B,MMLU_selected_subjects,conspiracy_784,chara,0.545,28
2025-12-08 14:58:02,Qwen/Qwen3-8B,MMLU_selected_subjects,conspiracy_56,clean,0.562,28
2025-12-08 14:58:25,Qwen/Qwen3-8B,MMLU_selected_subjects,conspiracy_334,wordd,0.598,28
2025-12-08 14:58:53,Qwen/Qwen3-8B,MMLU_selected_subjects,conspiracy_109,chara,0.522,28
2025-12-08 14:59:53,Qwen/Qwen3-8B,MMLU_selected_subjects,conspiracy_785,clean,0.605,28
2025-12-08 15:02:53,Qwen/Qwen3-8B,MMLU_selected_subjects,conspiracy_56,meani,0.607,28
2025-12-08 15:03:19,Qwen/Qwen3-8B,MMLU_selected_subjects,conspiracy_334,chara,0.563,28
2025-12-08 15:05:49,Qwen/Qwen3-8B,MMLU_selected_subjects,conspiracy_11,clean,0.591,28
2025-12-08 15:06:34,Qwen/Qwen3-8B,MMLU_selected_subjects,conspiracy_785,meani,0.571,28
2025-12-08 15:07:42,Qwen/Qwen3-8B,MMLU_selected_subjects,conspiracy_56,wordd,0.561,28
2025-12-08 15:08:03,Qwen/Qwen3-8B,MMLU_selected_subjects,conspiracy_335,clean,0.582,28
2025-12-08 15:11:00,Qwen/Qwen3-8B,MMLU_selected_subjects,conspiracy_11,meani,0.587,28
2025-12-08 15:11:10,Qwen/Qwen3-8B,MMLU_selected_subjects,conspiracy_785,wordd,0.582,28
2025-12-08 15:12:48,Qwen/Qwen3-8B,MMLU_selected_subjects,conspiracy_335,meani,0.584,28
2025-12-08 15:13:07,Qwen/Qwen3-8B,MMLU_selected_subjects,conspiracy_56,chara,0.535,28
2025-12-08 15:16:05,Qwen/Qwen3-8B,MMLU_selected_subjects,conspiracy_785,chara,0.559,28
2025-12-08 15:16:09,Qwen/Qwen3-8B,MMLU_selected_subjects,conspiracy_11,wordd,0.573,28
2025-12-08 15:17:32,Qwen/Qwen3-8B,MMLU_selected_subjects,conspiracy_335,wordd,0.575,28
2025-12-08 15:18:01,Qwen/Qwen3-8B,MMLU_selected_subjects,conspiracy_560,clean,0.583,28
2025-12-08 15:20:52,Qwen/Qwen3-8B,MMLU_selected_subjects,conspiracy_786,clean,0.629,28
2025-12-08 15:22:07,Qwen/Qwen3-8B,MMLU_selected_subjects,conspiracy_11,chara,0.520,28
2025-12-08 15:22:46,Qwen/Qwen3-8B,MMLU_selected_subjects,conspiracy_335,chara,0.570,28
2025-12-08 15:23:01,Qwen/Qwen3-8B,MMLU_selected_subjects,conspiracy_560,meani,0.585,28
2025-12-08 15:25:36,Qwen/Qwen3-8B,MMLU_selected_subjects,conspiracy_786,meani,0.572,28
2025-12-08 15:26:47,Qwen/Qwen3-8B,MMLU_selected_subjects,conspiracy_110,clean,0.612,28
2025-12-08 15:27:19,Qwen/Qwen3-8B,MMLU_selected_subjects,conspiracy_336,clean,0.542,28
2025-12-08 15:28:00,Qwen/Qwen3-8B,MMLU_selected_subjects,conspiracy_560,wordd,0.564,28
2025-12-08 15:30:20,Qwen/Qwen3-8B,MMLU_selected_subjects,conspiracy_786,wordd,0.564,28
2025-12-08 15:31:27,Qwen/Qwen3-8B,MMLU_selected_subjects,conspiracy_110,meani,0.591,28
2025-12-08 15:31:52,Qwen/Qwen3-8B,MMLU_selected_subjects,conspiracy_336,meani,0.556,28
2025-12-08 15:33:27,Qwen/Qwen3-8B,MMLU_selected_subjects,conspiracy_560,chara,0.528,28
2025-12-08 15:35:26,Qwen/Qwen3-8B,MMLU_selected_subjects,conspiracy_786,chara,0.514,28
2025-12-08 15:36:06,Qwen/Qwen3-8B,MMLU_selected_subjects,conspiracy_110,wordd,0.602,28
2025-12-08 15:36:23,Qwen/Qwen3-8B,MMLU_selected_subjects,conspiracy_336,wordd,0.552,28
2025-12-08 15:38:23,Qwen/Qwen3-8B,MMLU_selected_subjects,conspiracy_561,clean,0.630,28
2025-12-08 15:40:05,Qwen/Qwen3-8B,MMLU_selected_subjects,conspiracy_787,clean,0.603,28
2025-12-08 15:41:03,Qwen/Qwen3-8B,MMLU_selected_subjects,conspiracy_110,chara,0.520,28
2025-12-08 15:41:12,Qwen/Qwen3-8B,MMLU_selected_subjects,conspiracy_336,chara,0.578,28
2025-12-08 15:43:22,Qwen/Qwen3-8B,MMLU_selected_subjects,conspiracy_561,meani,0.606,28
2025-12-08 15:44:46,Qwen/Qwen3-8B,MMLU_selected_subjects,conspiracy_787,meani,0.590,28
2025-12-08 15:45:37,Qwen/Qwen3-8B,MMLU_selected_subjects,conspiracy_111,clean,0.580,28
2025-12-08 15:45:48,Qwen/Qwen3-8B,MMLU_selected_subjects,conspiracy_337,clean,0.587,28
2025-12-08 15:48:17,Qwen/Qwen3-8B,MMLU_selected_subjects,conspiracy_561,wordd,0.573,28
2025-12-08 15:49:24,Qwen/Qwen3-8B,MMLU_selected_subjects,conspiracy_787,wordd,0.581,28
2025-12-08 15:50:10,Qwen/Qwen3-8B,MMLU_selected_subjects,conspiracy_111,meani,0.591,28
2025-12-08 15:50:20,Qwen/Qwen3-8B,MMLU_selected_subjects,conspiracy_337,meani,0.591,28
2025-12-08 15:53:46,Qwen/Qwen3-8B,MMLU_selected_subjects,conspiracy_561,chara,0.559,28
2025-12-08 15:54:32,Qwen/Qwen3-8B,MMLU_selected_subjects,conspiracy_787,chara,0.529,28
2025-12-08 15:54:42,Qwen/Qwen3-8B,MMLU_selected_subjects,conspiracy_111,wordd,0.554,28
2025-12-08 15:54:52,Qwen/Qwen3-8B,MMLU_selected_subjects,conspiracy_337,wordd,0.574,28
2025-12-08 15:58:38,Qwen/Qwen3-8B,MMLU_selected_subjects,conspiracy_562,clean,0.603,28
2025-12-08 15:59:13,Qwen/Qwen3-8B,MMLU_selected_subjects,conspiracy_788,clean,0.561,28
2025-12-08 15:59:27,Qwen/Qwen3-8B,MMLU_selected_subjects,conspiracy_111,chara,0.544,28
2025-12-08 15:59:38,Qwen/Qwen3-8B,MMLU_selected_subjects,conspiracy_337,chara,0.545,28
2025-12-08 16:03:27,Qwen/Qwen3-8B,MMLU_selected_subjects,conspiracy_562,meani,0.564,28
2025-12-08 16:03:53,Qwen/Qwen3-8B,MMLU_selected_subjects,conspiracy_788,meani,0.585,28
2025-12-08 16:04:06,Qwen/Qwen3-8B,MMLU_selected_subjects,conspiracy_112,clean,0.560,28
2025-12-08 16:04:28,Qwen/Qwen3-8B,MMLU_selected_subjects,conspiracy_338,clean,0.597,28
2025-12-08 16:08:16,Qwen/Qwen3-8B,MMLU_selected_subjects,conspiracy_562,wordd,0.572,28
2025-12-08 16:08:35,Qwen/Qwen3-8B,MMLU_selected_subjects,conspiracy_788,wordd,0.576,28
2025-12-08 16:08:42,Qwen/Qwen3-8B,MMLU_selected_subjects,conspiracy_112,meani,0.559,28
2025-12-08 16:09:18,Qwen/Qwen3-8B,MMLU_selected_subjects,conspiracy_338,meani,0.551,28
2025-12-08 16:13:17,Qwen/Qwen3-8B,MMLU_selected_subjects,conspiracy_112,wordd,0.537,28
2025-12-08 16:13:46,Qwen/Qwen3-8B,MMLU_selected_subjects,conspiracy_562,chara,0.539,28
2025-12-08 16:13:53,Qwen/Qwen3-8B,MMLU_selected_subjects,conspiracy_788,chara,0.550,28
2025-12-08 16:14:08,Qwen/Qwen3-8B,MMLU_selected_subjects,conspiracy_338,wordd,0.538,28
2025-12-08 16:18:02,Qwen/Qwen3-8B,MMLU_selected_subjects,conspiracy_112,chara,0.549,28
2025-12-08 16:18:22,Qwen/Qwen3-8B,MMLU_selected_subjects,conspiracy_563,clean,0.587,28
2025-12-08 16:18:32,Qwen/Qwen3-8B,MMLU_selected_subjects,conspiracy_789,clean,0.578,28
2025-12-08 16:19:31,Qwen/Qwen3-8B,MMLU_selected_subjects,conspiracy_338,chara,0.537,28
2025-12-08 16:22:54,Qwen/Qwen3-8B,MMLU_selected_subjects,conspiracy_113,clean,0.563,28
2025-12-08 16:23:01,Qwen/Qwen3-8B,MMLU_selected_subjects,conspiracy_563,meani,0.576,28
2025-12-08 16:23:10,Qwen/Qwen3-8B,MMLU_selected_subjects,conspiracy_789,meani,0.578,28
2025-12-08 16:24:28,Qwen/Qwen3-8B,MMLU_selected_subjects,conspiracy_339,clean,0.620,28
2025-12-08 16:27:32,Qwen/Qwen3-8B,MMLU_selected_subjects,conspiracy_563,wordd,0.567,28
2025-12-08 16:27:46,Qwen/Qwen3-8B,MMLU_selected_subjects,conspiracy_113,meani,0.554,28
2025-12-08 16:27:50,Qwen/Qwen3-8B,MMLU_selected_subjects,conspiracy_789,wordd,0.590,28
2025-12-08 16:29:26,Qwen/Qwen3-8B,MMLU_selected_subjects,conspiracy_339,meani,0.606,28
2025-12-08 16:32:17,Qwen/Qwen3-8B,MMLU_selected_subjects,conspiracy_563,chara,0.557,28
2025-12-08 16:32:37,Qwen/Qwen3-8B,MMLU_selected_subjects,conspiracy_113,wordd,0.559,28
2025-12-08 16:33:00,Qwen/Qwen3-8B,MMLU_selected_subjects,conspiracy_789,chara,0.532,28
2025-12-08 16:34:24,Qwen/Qwen3-8B,MMLU_selected_subjects,conspiracy_339,wordd,0.613,28
2025-12-08 16:36:59,Qwen/Qwen3-8B,MMLU_selected_subjects,conspiracy_564,clean,0.573,28
2025-12-08 16:37:47,Qwen/Qwen3-8B,MMLU_selected_subjects,conspiracy_79,clean,0.578,28
2025-12-08 16:38:02,Qwen/Qwen3-8B,MMLU_selected_subjects,conspiracy_113,chara,0.523,28
2025-12-08 16:39:53,Qwen/Qwen3-8B,MMLU_selected_subjects,conspiracy_339,chara,0.569,28
2025-12-08 16:41:43,Qwen/Qwen3-8B,MMLU_selected_subjects,conspiracy_564,meani,0.571,28
2025-12-08 16:42:32,Qwen/Qwen3-8B,MMLU_selected_subjects,conspiracy_79,meani,0.574,28
2025-12-08 16:42:45,Qwen/Qwen3-8B,MMLU_selected_subjects,conspiracy_114,clean,0.582,28
2025-12-08 16:44:28,Qwen/Qwen3-8B,MMLU_selected_subjects,conspiracy_34,clean,0.595,28
2025-12-08 16:46:27,Qwen/Qwen3-8B,MMLU_selected_subjects,conspiracy_564,wordd,0.571,28
2025-12-08 16:47:18,Qwen/Qwen3-8B,MMLU_selected_subjects,conspiracy_79,wordd,0.564,28
2025-12-08 16:47:28,Qwen/Qwen3-8B,MMLU_selected_subjects,conspiracy_114,meani,0.590,28
2025-12-08 16:49:02,Qwen/Qwen3-8B,MMLU_selected_subjects,conspiracy_34,meani,0.613,28
2025-12-08 16:51:41,Qwen/Qwen3-8B,MMLU_selected_subjects,conspiracy_564,chara,0.545,28
2025-12-08 16:52:13,Qwen/Qwen3-8B,MMLU_selected_subjects,conspiracy_114,wordd,0.567,28
2025-12-08 16:52:35,Qwen/Qwen3-8B,MMLU_selected_subjects,conspiracy_79,chara,0.544,28
2025-12-08 16:53:37,Qwen/Qwen3-8B,MMLU_selected_subjects,conspiracy_34,wordd,0.600,28
2025-12-08 16:56:25,Qwen/Qwen3-8B,MMLU_selected_subjects,conspiracy_565,clean,0.578,28
2025-12-08 16:57:05,Qwen/Qwen3-8B,MMLU_selected_subjects,conspiracy_790,clean,0.585,28
2025-12-08 16:57:11,Qwen/Qwen3-8B,MMLU_selected_subjects,conspiracy_114,chara,0.549,28
2025-12-08 16:58:27,Qwen/Qwen3-8B,MMLU_selected_subjects,conspiracy_34,chara,0.538,28
2025-12-08 17:01:06,Qwen/Qwen3-8B,MMLU_selected_subjects,conspiracy_565,meani,0.584,28
2025-12-08 17:01:36,Qwen/Qwen3-8B,MMLU_selected_subjects,conspiracy_790,meani,0.587,28
2025-12-08 17:01:45,Qwen/Qwen3-8B,MMLU_selected_subjects,conspiracy_115,clean,0.608,28
2025-12-08 17:03:19,Qwen/Qwen3-8B,MMLU_selected_subjects,conspiracy_340,clean,0.582,28
2025-12-08 17:05:47,Qwen/Qwen3-8B,MMLU_selected_subjects,conspiracy_565,wordd,0.591,28
2025-12-08 17:06:07,Qwen/Qwen3-8B,MMLU_selected_subjects,conspiracy_790,wordd,0.596,28
2025-12-08 17:06:19,Qwen/Qwen3-8B,MMLU_selected_subjects,conspiracy_115,meani,0.592,28
2025-12-08 17:08:08,Qwen/Qwen3-8B,MMLU_selected_subjects,conspiracy_340,meani,0.596,28
2025-12-08 17:10:44,Qwen/Qwen3-8B,MMLU_selected_subjects,conspiracy_565,chara,0.549,28
2025-12-08 17:10:47,Qwen/Qwen3-8B,MMLU_selected_subjects,conspiracy_790,chara,0.550,28
2025-12-08 17:10:53,Qwen/Qwen3-8B,MMLU_selected_subjects,conspiracy_115,wordd,0.587,28
2025-12-08 17:12:58,Qwen/Qwen3-8B,MMLU_selected_subjects,conspiracy_340,wordd,0.597,28
2025-12-08 17:15:18,Qwen/Qwen3-8B,MMLU_selected_subjects,conspiracy_566,clean,0.592,28
2025-12-08 17:15:19,Qwen/Qwen3-8B,MMLU_selected_subjects,conspiracy_791,clean,0.588,28
2025-12-08 17:15:44,Qwen/Qwen3-8B,MMLU_selected_subjects,conspiracy_115,chara,0.556,28
2025-12-08 17:18:20,Qwen/Qwen3-8B,MMLU_selected_subjects,conspiracy_340,chara,0.499,28
2025-12-08 17:19:46,Qwen/Qwen3-8B,MMLU_selected_subjects,conspiracy_566,meani,0.580,28
2025-12-08 17:19:51,Qwen/Qwen3-8B,MMLU_selected_subjects,conspiracy_791,meani,0.581,28
2025-12-08 17:20:30,Qwen/Qwen3-8B,MMLU_selected_subjects,conspiracy_116,clean,0.621,28
2025-12-08 17:22:51,Qwen/Qwen3-8B,MMLU_selected_subjects,conspiracy_341,clean,0.608,28
2025-12-08 17:24:16,Qwen/Qwen3-8B,MMLU_selected_subjects,conspiracy_566,wordd,0.553,28
2025-12-08 17:24:23,Qwen/Qwen3-8B,MMLU_selected_subjects,conspiracy_791,wordd,0.549,28
2025-12-08 17:25:15,Qwen/Qwen3-8B,MMLU_selected_subjects,conspiracy_116,meani,0.607,28
2025-12-08 17:27:21,Qwen/Qwen3-8B,MMLU_selected_subjects,conspiracy_341,meani,0.573,28
2025-12-08 17:29:03,Qwen/Qwen3-8B,MMLU_selected_subjects,conspiracy_566,chara,0.546,28
2025-12-08 17:29:15,Qwen/Qwen3-8B,MMLU_selected_subjects,conspiracy_791,chara,0.549,28
2025-12-08 17:30:00,Qwen/Qwen3-8B,MMLU_selected_subjects,conspiracy_116,wordd,0.571,28
2025-12-08 17:31:53,Qwen/Qwen3-8B,MMLU_selected_subjects,conspiracy_341,wordd,0.601,28
2025-12-08 17:33:46,Qwen/Qwen3-8B,MMLU_selected_subjects,conspiracy_792,clean,0.590,28
2025-12-08 17:33:50,Qwen/Qwen3-8B,MMLU_selected_subjects,conspiracy_567,clean,0.552,28
2025-12-08 17:35:09,Qwen/Qwen3-8B,MMLU_selected_subjects,conspiracy_116,chara,0.544,28
2025-12-08 17:36:38,Qwen/Qwen3-8B,MMLU_selected_subjects,conspiracy_341,chara,0.578,28
2025-12-08 17:38:17,Qwen/Qwen3-8B,MMLU_selected_subjects,conspiracy_792,meani,0.595,28
2025-12-08 17:38:39,Qwen/Qwen3-8B,MMLU_selected_subjects,conspiracy_567,meani,0.559,28
2025-12-08 17:39:49,Qwen/Qwen3-8B,MMLU_selected_subjects,conspiracy_117,clean,0.575,28
2025-12-08 17:41:08,Qwen/Qwen3-8B,MMLU_selected_subjects,conspiracy_342,clean,0.575,28
2025-12-08 17:42:48,Qwen/Qwen3-8B,MMLU_selected_subjects,conspiracy_792,wordd,0.593,28
2025-12-08 17:43:27,Qwen/Qwen3-8B,MMLU_selected_subjects,conspiracy_567,wordd,0.543,28
2025-12-08 17:44:27,Qwen/Qwen3-8B,MMLU_selected_subjects,conspiracy_117,meani,0.584,28
2025-12-08 17:45:36,Qwen/Qwen3-8B,MMLU_selected_subjects,conspiracy_342,meani,0.581,28
2025-12-08 17:47:35,Qwen/Qwen3-8B,MMLU_selected_subjects,conspiracy_792,chara,0.559,28
2025-12-08 17:48:51,Qwen/Qwen3-8B,MMLU_selected_subjects,conspiracy_567,chara,0.525,28
2025-12-08 17:49:06,Qwen/Qwen3-8B,MMLU_selected_subjects,conspiracy_117,wordd,0.556,28
2025-12-08 17:50:06,Qwen/Qwen3-8B,MMLU_selected_subjects,conspiracy_342,wordd,0.587,28
2025-12-08 17:52:33,Qwen/Qwen3-8B,MMLU_selected_subjects,conspiracy_793,clean,0.617,28
2025-12-08 17:53:20,Qwen/Qwen3-8B,MMLU_selected_subjects,conspiracy_568,clean,0.573,28
2025-12-08 17:54:04,Qwen/Qwen3-8B,MMLU_selected_subjects,conspiracy_117,chara,0.514,28
2025-12-08 17:54:54,Qwen/Qwen3-8B,MMLU_selected_subjects,conspiracy_342,chara,0.515,28
2025-12-08 17:57:32,Qwen/Qwen3-8B,MMLU_selected_subjects,conspiracy_793,meani,0.611,28
2025-12-08 17:58:00,Qwen/Qwen3-8B,MMLU_selected_subjects,conspiracy_568,meani,0.560,28
2025-12-08 17:58:40,Qwen/Qwen3-8B,MMLU_selected_subjects,conspiracy_118,clean,0.535,28
2025-12-08 17:59:29,Qwen/Qwen3-8B,MMLU_selected_subjects,conspiracy_343,clean,0.590,28
2025-12-08 18:02:29,Qwen/Qwen3-8B,MMLU_selected_subjects,conspiracy_568,wordd,0.567,28
2025-12-08 18:02:30,Qwen/Qwen3-8B,MMLU_selected_subjects,conspiracy_793,wordd,0.593,28
2025-12-08 18:03:15,Qwen/Qwen3-8B,MMLU_selected_subjects,conspiracy_118,meani,0.567,28
2025-12-08 18:04:04,Qwen/Qwen3-8B,MMLU_selected_subjects,conspiracy_343,meani,0.598,28
2025-12-08 18:07:12,Qwen/Qwen3-8B,MMLU_selected_subjects,conspiracy_568,chara,0.563,28
2025-12-08 18:07:49,Qwen/Qwen3-8B,MMLU_selected_subjects,conspiracy_118,wordd,0.575,28
2025-12-08 18:08:10,Qwen/Qwen3-8B,MMLU_selected_subjects,conspiracy_793,chara,0.572,28
2025-12-08 18:08:37,Qwen/Qwen3-8B,MMLU_selected_subjects,conspiracy_343,wordd,0.586,28
2025-12-08 18:11:54,Qwen/Qwen3-8B,MMLU_selected_subjects,conspiracy_569,clean,0.586,28
2025-12-08 18:12:35,Qwen/Qwen3-8B,MMLU_selected_subjects,conspiracy_118,chara,0.557,28
2025-12-08 18:12:41,Qwen/Qwen3-8B,MMLU_selected_subjects,conspiracy_794,clean,0.597,28
2025-12-08 18:13:30,Qwen/Qwen3-8B,MMLU_selected_subjects,conspiracy_343,chara,0.550,28
2025-12-08 18:16:37,Qwen/Qwen3-8B,MMLU_selected_subjects,conspiracy_569,meani,0.564,28
2025-12-08 18:17:12,Qwen/Qwen3-8B,MMLU_selected_subjects,conspiracy_794,meani,0.607,28
2025-12-08 18:17:17,Qwen/Qwen3-8B,MMLU_selected_subjects,conspiracy_119,clean,0.605,28
2025-12-08 18:18:16,Qwen/Qwen3-8B,MMLU_selected_subjects,conspiracy_344,clean,0.536,28
2025-12-08 18:21:16,Qwen/Qwen3-8B,MMLU_selected_subjects,conspiracy_569,wordd,0.540,28
2025-12-08 18:21:42,Qwen/Qwen3-8B,MMLU_selected_subjects,conspiracy_794,wordd,0.595,28
2025-12-08 18:21:58,Qwen/Qwen3-8B,MMLU_selected_subjects,conspiracy_119,meani,0.586,28
2025-12-08 18:23:01,Qwen/Qwen3-8B,MMLU_selected_subjects,conspiracy_344,meani,0.563,28
2025-12-08 18:26:20,Qwen/Qwen3-8B,MMLU_selected_subjects,conspiracy_569,chara,0.550,28
2025-12-08 18:26:26,Qwen/Qwen3-8B,MMLU_selected_subjects,conspiracy_794,chara,0.549,28
2025-12-08 18:26:38,Qwen/Qwen3-8B,MMLU_selected_subjects,conspiracy_119,wordd,0.544,28
2025-12-08 18:27:47,Qwen/Qwen3-8B,MMLU_selected_subjects,conspiracy_344,wordd,0.555,28
2025-12-08 18:31:13,Qwen/Qwen3-8B,MMLU_selected_subjects,conspiracy_57,clean,0.599,28
2025-12-08 18:31:22,Qwen/Qwen3-8B,MMLU_selected_subjects,conspiracy_795,clean,0.596,28
2025-12-08 18:31:40,Qwen/Qwen3-8B,MMLU_selected_subjects,conspiracy_119,chara,0.519,28
2025-12-08 18:33:04,Qwen/Qwen3-8B,MMLU_selected_subjects,conspiracy_344,chara,0.523,28
2025-12-08 18:36:07,Qwen/Qwen3-8B,MMLU_selected_subjects,conspiracy_57,meani,0.550,28
2025-12-08 18:36:18,Qwen/Qwen3-8B,MMLU_selected_subjects,conspiracy_795,meani,0.592,28
2025-12-08 18:36:23,Qwen/Qwen3-8B,MMLU_selected_subjects,conspiracy_12,clean,0.593,28
2025-12-08 18:37:32,Qwen/Qwen3-8B,MMLU_selected_subjects,conspiracy_345,clean,0.508,28
2025-12-08 18:41:00,Qwen/Qwen3-8B,MMLU_selected_subjects,conspiracy_57,wordd,0.561,28
2025-12-08 18:41:05,Qwen/Qwen3-8B,MMLU_selected_subjects,conspiracy_12,meani,0.587,28
2025-12-08 18:41:13,Qwen/Qwen3-8B,MMLU_selected_subjects,conspiracy_795,wordd,0.584,28
2025-12-08 18:42:00,Qwen/Qwen3-8B,MMLU_selected_subjects,conspiracy_345,meani,0.540,28
2025-12-08 18:45:48,Qwen/Qwen3-8B,MMLU_selected_subjects,conspiracy_12,wordd,0.586,28
2025-12-08 18:46:27,Qwen/Qwen3-8B,MMLU_selected_subjects,conspiracy_345,wordd,0.513,28
2025-12-08 18:46:39,Qwen/Qwen3-8B,MMLU_selected_subjects,conspiracy_57,chara,0.548,28
2025-12-08 18:46:40,Qwen/Qwen3-8B,MMLU_selected_subjects,conspiracy_795,chara,0.554,28
2025-12-08 18:50:53,Qwen/Qwen3-8B,MMLU_selected_subjects,conspiracy_12,chara,0.541,28
2025-12-08 18:51:07,Qwen/Qwen3-8B,MMLU_selected_subjects,conspiracy_345,chara,0.568,28
2025-12-08 18:51:09,Qwen/Qwen3-8B,MMLU_selected_subjects,conspiracy_570,clean,0.607,28
2025-12-08 18:51:19,Qwen/Qwen3-8B,MMLU_selected_subjects,conspiracy_796,clean,0.566,28
2025-12-08 18:55:28,Qwen/Qwen3-8B,MMLU_selected_subjects,conspiracy_120,clean,0.579,28
2025-12-08 18:55:39,Qwen/Qwen3-8B,MMLU_selected_subjects,conspiracy_570,meani,0.561,28
2025-12-08 18:55:50,Qwen/Qwen3-8B,MMLU_selected_subjects,conspiracy_346,clean,0.537,28
2025-12-08 18:55:56,Qwen/Qwen3-8B,MMLU_selected_subjects,conspiracy_796,meani,0.586,28
2025-12-08 19:00:03,Qwen/Qwen3-8B,MMLU_selected_subjects,conspiracy_120,meani,0.574,28
2025-12-08 19:00:07,Qwen/Qwen3-8B,MMLU_selected_subjects,conspiracy_570,wordd,0.558,28
2025-12-08 19:00:32,Qwen/Qwen3-8B,MMLU_selected_subjects,conspiracy_346,meani,0.533,28
2025-12-08 19:00:34,Qwen/Qwen3-8B,MMLU_selected_subjects,conspiracy_796,wordd,0.523,28
2025-12-08 19:04:37,Qwen/Qwen3-8B,MMLU_selected_subjects,conspiracy_120,wordd,0.581,28
2025-12-08 19:05:00,Qwen/Qwen3-8B,MMLU_selected_subjects,conspiracy_570,chara,0.547,28
2025-12-08 19:05:14,Qwen/Qwen3-8B,MMLU_selected_subjects,conspiracy_346,wordd,0.562,28
2025-12-08 19:05:41,Qwen/Qwen3-8B,MMLU_selected_subjects,conspiracy_796,chara,0.538,28
2025-12-08 19:09:32,Qwen/Qwen3-8B,MMLU_selected_subjects,conspiracy_571,clean,0.561,28
2025-12-08 19:09:33,Qwen/Qwen3-8B,MMLU_selected_subjects,conspiracy_120,chara,0.562,28
2025-12-08 19:10:18,Qwen/Qwen3-8B,MMLU_selected_subjects,conspiracy_797,clean,0.589,28
2025-12-08 19:10:31,Qwen/Qwen3-8B,MMLU_selected_subjects,conspiracy_346,chara,0.556,28
2025-12-08 19:14:03,Qwen/Qwen3-8B,MMLU_selected_subjects,conspiracy_571,meani,0.559,28
2025-12-08 19:14:06,Qwen/Qwen3-8B,MMLU_selected_subjects,conspiracy_121,clean,0.583,28
2025-12-08 19:14:54,Qwen/Qwen3-8B,MMLU_selected_subjects,conspiracy_797,meani,0.593,28
2025-12-08 19:15:19,Qwen/Qwen3-8B,MMLU_selected_subjects,conspiracy_347,clean,0.589,28
2025-12-08 19:18:39,Qwen/Qwen3-8B,MMLU_selected_subjects,conspiracy_121,meani,0.568,28
2025-12-08 19:18:40,Qwen/Qwen3-8B,MMLU_selected_subjects,conspiracy_571,wordd,0.578,28
2025-12-08 19:19:30,Qwen/Qwen3-8B,MMLU_selected_subjects,conspiracy_797,wordd,0.602,28
2025-12-08 19:20:08,Qwen/Qwen3-8B,MMLU_selected_subjects,conspiracy_347,meani,0.577,28
2025-12-08 19:23:12,Qwen/Qwen3-8B,MMLU_selected_subjects,conspiracy_121,wordd,0.573,28
2025-12-08 19:23:32,Qwen/Qwen3-8B,MMLU_selected_subjects,conspiracy_571,chara,0.548,28
2025-12-08 19:24:24,Qwen/Qwen3-8B,MMLU_selected_subjects,conspiracy_797,chara,0.573,28
2025-12-08 19:24:55,Qwen/Qwen3-8B,MMLU_selected_subjects,conspiracy_347,wordd,0.580,28
2025-12-08 19:28:02,Qwen/Qwen3-8B,MMLU_selected_subjects,conspiracy_121,chara,0.524,28
2025-12-08 19:28:34,Qwen/Qwen3-8B,MMLU_selected_subjects,conspiracy_572,clean,0.585,28
2025-12-08 19:29:27,Qwen/Qwen3-8B,MMLU_selected_subjects,conspiracy_798,clean,0.613,28
2025-12-08 19:30:23,Qwen/Qwen3-8B,MMLU_selected_subjects,conspiracy_347,chara,0.528,28
2025-12-08 19:32:59,Qwen/Qwen3-8B,MMLU_selected_subjects,conspiracy_122,clean,0.567,28
2025-12-08 19:33:36,Qwen/Qwen3-8B,MMLU_selected_subjects,conspiracy_572,meani,0.559,28
2025-12-08 19:34:30,Qwen/Qwen3-8B,MMLU_selected_subjects,conspiracy_798,meani,0.568,28
2025-12-08 19:34:53,Qwen/Qwen3-8B,MMLU_selected_subjects,conspiracy_348,clean,0.607,28
2025-12-08 19:37:54,Qwen/Qwen3-8B,MMLU_selected_subjects,conspiracy_122,meani,0.570,28
2025-12-08 19:38:39,Qwen/Qwen3-8B,MMLU_selected_subjects,conspiracy_572,wordd,0.575,28
2025-12-08 19:39:24,Qwen/Qwen3-8B,MMLU_selected_subjects,conspiracy_348,meani,0.563,28
2025-12-08 19:39:31,Qwen/Qwen3-8B,MMLU_selected_subjects,conspiracy_798,wordd,0.554,28
2025-12-08 19:42:48,Qwen/Qwen3-8B,MMLU_selected_subjects,conspiracy_122,wordd,0.562,28
2025-12-08 19:43:55,Qwen/Qwen3-8B,MMLU_selected_subjects,conspiracy_348,wordd,0.531,28
2025-12-08 19:44:30,Qwen/Qwen3-8B,MMLU_selected_subjects,conspiracy_572,chara,0.534,28
2025-12-08 19:45:19,Qwen/Qwen3-8B,MMLU_selected_subjects,conspiracy_798,chara,0.539,28
2025-12-08 19:48:29,Qwen/Qwen3-8B,MMLU_selected_subjects,conspiracy_122,chara,0.523,28
2025-12-08 19:48:41,Qwen/Qwen3-8B,MMLU_selected_subjects,conspiracy_348,chara,0.551,28
2025-12-08 19:49:10,Qwen/Qwen3-8B,MMLU_selected_subjects,conspiracy_573,clean,0.576,28
2025-12-08 19:50:05,Qwen/Qwen3-8B,MMLU_selected_subjects,conspiracy_799,clean,0.539,28
2025-12-08 19:53:08,Qwen/Qwen3-8B,MMLU_selected_subjects,conspiracy_123,clean,0.549,28
2025-12-08 19:53:15,Qwen/Qwen3-8B,MMLU_selected_subjects,conspiracy_349,clean,0.573,28
2025-12-08 19:53:49,Qwen/Qwen3-8B,MMLU_selected_subjects,conspiracy_573,meani,0.586,28
2025-12-08 19:54:51,Qwen/Qwen3-8B,MMLU_selected_subjects,conspiracy_799,meani,0.583,28
2025-12-08 19:57:45,Qwen/Qwen3-8B,MMLU_selected_subjects,conspiracy_123,meani,0.537,28
2025-12-08 19:57:50,Qwen/Qwen3-8B,MMLU_selected_subjects,conspiracy_349,meani,0.557,28
2025-12-08 19:58:28,Qwen/Qwen3-8B,MMLU_selected_subjects,conspiracy_573,wordd,0.579,28
2025-12-08 19:59:38,Qwen/Qwen3-8B,MMLU_selected_subjects,conspiracy_799,wordd,0.566,28
2025-12-08 20:02:23,Qwen/Qwen3-8B,MMLU_selected_subjects,conspiracy_123,wordd,0.571,28
2025-12-08 20:02:25,Qwen/Qwen3-8B,MMLU_selected_subjects,conspiracy_349,wordd,0.544,28
2025-12-08 20:03:32,Qwen/Qwen3-8B,MMLU_selected_subjects,conspiracy_573,chara,0.525,28
2025-12-08 20:05:08,Qwen/Qwen3-8B,MMLU_selected_subjects,conspiracy_799,chara,0.541,28
2025-12-08 20:07:22,Qwen/Qwen3-8B,MMLU_selected_subjects,conspiracy_123,chara,0.547,28
2025-12-08 20:07:24,Qwen/Qwen3-8B,MMLU_selected_subjects,conspiracy_349,chara,0.535,28
2025-12-08 20:08:32,Qwen/Qwen3-8B,MMLU_selected_subjects,conspiracy_574,clean,0.602,28
2025-12-08 20:09:39,Qwen/Qwen3-8B,MMLU_selected_subjects,conspiracy_8,clean,0.598,28
2025-12-08 20:11:56,Qwen/Qwen3-8B,MMLU_selected_subjects,conspiracy_35,clean,0.517,28
2025-12-08 20:12:17,Qwen/Qwen3-8B,MMLU_selected_subjects,conspiracy_124,clean,0.537,28
2025-12-08 20:13:19,Qwen/Qwen3-8B,MMLU_selected_subjects,conspiracy_574,meani,0.597,28
2025-12-08 20:14:11,Qwen/Qwen3-8B,MMLU_selected_subjects,conspiracy_8,meani,0.584,28
2025-12-08 20:16:27,Qwen/Qwen3-8B,MMLU_selected_subjects,conspiracy_35,meani,0.548,28
2025-12-08 20:17:11,Qwen/Qwen3-8B,MMLU_selected_subjects,conspiracy_124,meani,0.574,28
2025-12-08 20:18:07,Qwen/Qwen3-8B,MMLU_selected_subjects,conspiracy_574,wordd,0.564,28
2025-12-08 20:18:42,Qwen/Qwen3-8B,MMLU_selected_subjects,conspiracy_8,wordd,0.597,28
2025-12-08 20:20:59,Qwen/Qwen3-8B,MMLU_selected_subjects,conspiracy_35,wordd,0.558,28
2025-12-08 20:22:07,Qwen/Qwen3-8B,MMLU_selected_subjects,conspiracy_124,wordd,0.575,28
2025-12-08 20:23:19,Qwen/Qwen3-8B,MMLU_selected_subjects,conspiracy_574,chara,0.539,28
2025-12-08 20:23:26,Qwen/Qwen3-8B,MMLU_selected_subjects,conspiracy_8,chara,0.533,28
2025-12-08 20:25:52,Qwen/Qwen3-8B,MMLU_selected_subjects,conspiracy_35,chara,0.568,28
2025-12-08 20:27:45,Qwen/Qwen3-8B,MMLU_selected_subjects,conspiracy_124,chara,0.555,28
2025-12-08 20:27:50,Qwen/Qwen3-8B,MMLU_selected_subjects,conspiracy_575,clean,0.558,28
2025-12-08 20:28:15,Qwen/Qwen3-8B,MMLU_selected_subjects,conspiracy_80,clean,0.599,28
2025-12-08 20:31:03,Qwen/Qwen3-8B,MMLU_selected_subjects,conspiracy_350,clean,0.606,28
2025-12-08 20:32:25,Qwen/Qwen3-8B,MMLU_selected_subjects,conspiracy_575,meani,0.587,28
2025-12-08 20:32:32,Qwen/Qwen3-8B,MMLU_selected_subjects,conspiracy_125,clean,0.615,28
2025-12-08 20:33:03,Qwen/Qwen3-8B,MMLU_selected_subjects,conspiracy_80,meani,0.583,28
2025-12-08 20:36:12,Qwen/Qwen3-8B,MMLU_selected_subjects,conspiracy_350,meani,0.612,28
2025-12-08 20:36:59,Qwen/Qwen3-8B,MMLU_selected_subjects,conspiracy_575,wordd,0.575,28
2025-12-08 20:37:18,Qwen/Qwen3-8B,MMLU_selected_subjects,conspiracy_125,meani,0.605,28
2025-12-08 20:37:51,Qwen/Qwen3-8B,MMLU_selected_subjects,conspiracy_80,wordd,0.585,28
2025-12-08 20:41:22,Qwen/Qwen3-8B,MMLU_selected_subjects,conspiracy_350,wordd,0.590,28
2025-12-08 20:41:46,Qwen/Qwen3-8B,MMLU_selected_subjects,conspiracy_575,chara,0.549,28
2025-12-08 20:42:05,Qwen/Qwen3-8B,MMLU_selected_subjects,conspiracy_125,wordd,0.573,28
2025-12-08 20:43:05,Qwen/Qwen3-8B,MMLU_selected_subjects,conspiracy_80,chara,0.551,28
2025-12-08 20:46:41,Qwen/Qwen3-8B,MMLU_selected_subjects,conspiracy_576,clean,0.595,28
2025-12-08 20:47:16,Qwen/Qwen3-8B,MMLU_selected_subjects,conspiracy_350,chara,0.525,28
2025-12-08 20:47:22,Qwen/Qwen3-8B,MMLU_selected_subjects,conspiracy_125,chara,0.574,28
2025-12-08 20:47:41,Qwen/Qwen3-8B,MMLU_selected_subjects,conspiracy_800,clean,0.577,28
2025-12-08 20:51:34,Qwen/Qwen3-8B,MMLU_selected_subjects,conspiracy_576,meani,0.597,28
2025-12-08 20:52:00,Qwen/Qwen3-8B,MMLU_selected_subjects,conspiracy_351,clean,0.606,28
2025-12-08 20:52:10,Qwen/Qwen3-8B,MMLU_selected_subjects,conspiracy_126,clean,0.545,28
2025-12-08 20:52:17,Qwen/Qwen3-8B,MMLU_selected_subjects,conspiracy_800,meani,0.577,28
2025-12-08 20:56:27,Qwen/Qwen3-8B,MMLU_selected_subjects,conspiracy_576,wordd,0.593,28
2025-12-08 20:56:43,Qwen/Qwen3-8B,MMLU_selected_subjects,conspiracy_351,meani,0.587,28
2025-12-08 20:56:54,Qwen/Qwen3-8B,MMLU_selected_subjects,conspiracy_800,wordd,0.569,28
2025-12-08 20:56:55,Qwen/Qwen3-8B,MMLU_selected_subjects,conspiracy_126,meani,0.597,28
2025-12-08 21:01:25,Qwen/Qwen3-8B,MMLU_selected_subjects,conspiracy_351,wordd,0.554,28
2025-12-08 21:01:41,Qwen/Qwen3-8B,MMLU_selected_subjects,conspiracy_126,wordd,0.577,28
2025-12-08 21:01:56,Qwen/Qwen3-8B,MMLU_selected_subjects,conspiracy_576,chara,0.544,28
2025-12-08 21:01:59,Qwen/Qwen3-8B,MMLU_selected_subjects,conspiracy_800,chara,0.529,28
2025-12-08 21:06:34,Qwen/Qwen3-8B,MMLU_selected_subjects,conspiracy_351,chara,0.566,28
2025-12-08 21:06:52,Qwen/Qwen3-8B,MMLU_selected_subjects,conspiracy_577,clean,0.593,28
2025-12-08 21:06:53,Qwen/Qwen3-8B,MMLU_selected_subjects,conspiracy_126,chara,0.560,28
2025-12-08 21:06:55,Qwen/Qwen3-8B,MMLU_selected_subjects,conspiracy_801,clean,0.571,28
2025-12-08 21:11:07,Qwen/Qwen3-8B,MMLU_selected_subjects,conspiracy_352,clean,0.563,28
2025-12-08 21:11:27,Qwen/Qwen3-8B,MMLU_selected_subjects,conspiracy_127,clean,0.598,28
2025-12-08 21:11:50,Qwen/Qwen3-8B,MMLU_selected_subjects,conspiracy_801,meani,0.583,28
2025-12-08 21:11:53,Qwen/Qwen3-8B,MMLU_selected_subjects,conspiracy_577,meani,0.597,28
2025-12-08 21:15:40,Qwen/Qwen3-8B,MMLU_selected_subjects,conspiracy_352,meani,0.541,28
2025-12-08 21:16:00,Qwen/Qwen3-8B,MMLU_selected_subjects,conspiracy_127,meani,0.588,28
2025-12-08 21:16:45,Qwen/Qwen3-8B,MMLU_selected_subjects,conspiracy_801,wordd,0.546,28
2025-12-08 21:16:52,Qwen/Qwen3-8B,MMLU_selected_subjects,conspiracy_577,wordd,0.594,28
2025-12-08 21:20:14,Qwen/Qwen3-8B,MMLU_selected_subjects,conspiracy_352,wordd,0.535,28
2025-12-08 21:20:34,Qwen/Qwen3-8B,MMLU_selected_subjects,conspiracy_127,wordd,0.593,28
2025-12-08 21:22:18,Qwen/Qwen3-8B,MMLU_selected_subjects,conspiracy_577,chara,0.548,28
2025-12-08 21:22:26,Qwen/Qwen3-8B,MMLU_selected_subjects,conspiracy_801,chara,0.550,28
2025-12-08 21:25:08,Qwen/Qwen3-8B,MMLU_selected_subjects,conspiracy_352,chara,0.507,28
2025-12-08 21:25:21,Qwen/Qwen3-8B,MMLU_selected_subjects,conspiracy_127,chara,0.570,28
2025-12-08 21:26:55,Qwen/Qwen3-8B,MMLU_selected_subjects,conspiracy_578,clean,0.591,28
2025-12-08 21:27:19,Qwen/Qwen3-8B,MMLU_selected_subjects,conspiracy_802,clean,0.591,28
2025-12-08 21:29:54,Qwen/Qwen3-8B,MMLU_selected_subjects,conspiracy_353,clean,0.572,28
2025-12-08 21:30:08,Qwen/Qwen3-8B,MMLU_selected_subjects,conspiracy_128,clean,0.578,28
2025-12-08 21:31:38,Qwen/Qwen3-8B,MMLU_selected_subjects,conspiracy_578,meani,0.578,28
2025-12-08 21:32:10,Qwen/Qwen3-8B,MMLU_selected_subjects,conspiracy_802,meani,0.567,28
2025-12-08 21:34:38,Qwen/Qwen3-8B,MMLU_selected_subjects,conspiracy_353,meani,0.567,28
2025-12-08 21:34:55,Qwen/Qwen3-8B,MMLU_selected_subjects,conspiracy_128,meani,0.590,28
2025-12-08 21:36:15,Qwen/Qwen3-8B,MMLU_selected_subjects,conspiracy_578,wordd,0.595,28
2025-12-08 21:37:02,Qwen/Qwen3-8B,MMLU_selected_subjects,conspiracy_802,wordd,0.569,28
2025-12-08 21:39:22,Qwen/Qwen3-8B,MMLU_selected_subjects,conspiracy_353,wordd,0.556,28
2025-12-08 21:39:44,Qwen/Qwen3-8B,MMLU_selected_subjects,conspiracy_128,wordd,0.583,28
2025-12-08 21:41:13,Qwen/Qwen3-8B,MMLU_selected_subjects,conspiracy_578,chara,0.538,28
2025-12-08 21:42:28,Qwen/Qwen3-8B,MMLU_selected_subjects,conspiracy_802,chara,0.543,28
2025-12-08 21:44:42,Qwen/Qwen3-8B,MMLU_selected_subjects,conspiracy_353,chara,0.535,28
2025-12-08 21:45:03,Qwen/Qwen3-8B,MMLU_selected_subjects,conspiracy_128,chara,0.515,28
2025-12-08 21:45:49,Qwen/Qwen3-8B,MMLU_selected_subjects,conspiracy_579,clean,0.607,28
2025-12-08 21:47:24,Qwen/Qwen3-8B,MMLU_selected_subjects,conspiracy_803,clean,0.577,28
2025-12-08 21:49:14,Qwen/Qwen3-8B,MMLU_selected_subjects,conspiracy_354,clean,0.601,28
2025-12-08 21:49:38,Qwen/Qwen3-8B,MMLU_selected_subjects,conspiracy_129,clean,0.569,28
2025-12-08 21:50:23,Qwen/Qwen3-8B,MMLU_selected_subjects,conspiracy_579,meani,0.604,28
2025-12-08 21:52:20,Qwen/Qwen3-8B,MMLU_selected_subjects,conspiracy_803,meani,0.605,28
2025-12-08 21:53:48,Qwen/Qwen3-8B,MMLU_selected_subjects,conspiracy_354,meani,0.579,28
2025-12-08 21:54:13,Qwen/Qwen3-8B,MMLU_selected_subjects,conspiracy_129,meani,0.566,28
2025-12-08 21:54:57,Qwen/Qwen3-8B,MMLU_selected_subjects,conspiracy_579,wordd,0.593,28
2025-12-08 21:57:15,Qwen/Qwen3-8B,MMLU_selected_subjects,conspiracy_803,wordd,0.608,28
2025-12-08 21:58:20,Qwen/Qwen3-8B,MMLU_selected_subjects,conspiracy_354,wordd,0.582,28
2025-12-08 21:58:49,Qwen/Qwen3-8B,MMLU_selected_subjects,conspiracy_129,wordd,0.531,28
2025-12-08 21:59:48,Qwen/Qwen3-8B,MMLU_selected_subjects,conspiracy_579,chara,0.542,28
2025-12-08 22:02:54,Qwen/Qwen3-8B,MMLU_selected_subjects,conspiracy_803,chara,0.547,28
2025-12-08 22:03:10,Qwen/Qwen3-8B,MMLU_selected_subjects,conspiracy_354,chara,0.556,28
2025-12-08 22:03:42,Qwen/Qwen3-8B,MMLU_selected_subjects,conspiracy_129,chara,0.531,28
2025-12-08 22:04:32,Qwen/Qwen3-8B,MMLU_selected_subjects,conspiracy_58,clean,0.585,28
2025-12-08 22:07:25,Qwen/Qwen3-8B,MMLU_selected_subjects,conspiracy_804,clean,0.579,28
2025-12-08 22:07:57,Qwen/Qwen3-8B,MMLU_selected_subjects,conspiracy_355,clean,0.620,28
2025-12-08 22:08:35,Qwen/Qwen3-8B,MMLU_selected_subjects,conspiracy_13,clean,0.587,28
2025-12-08 22:09:13,Qwen/Qwen3-8B,MMLU_selected_subjects,conspiracy_58,meani,0.603,28
2025-12-08 22:11:57,Qwen/Qwen3-8B,MMLU_selected_subjects,conspiracy_804,meani,0.564,28
2025-12-08 22:12:42,Qwen/Qwen3-8B,MMLU_selected_subjects,conspiracy_355,meani,0.605,28
2025-12-08 22:13:29,Qwen/Qwen3-8B,MMLU_selected_subjects,conspiracy_13,meani,0.555,28
2025-12-08 22:13:52,Qwen/Qwen3-8B,MMLU_selected_subjects,conspiracy_58,wordd,0.578,28
2025-12-08 22:16:27,Qwen/Qwen3-8B,MMLU_selected_subjects,conspiracy_804,wordd,0.542,28
2025-12-08 22:17:27,Qwen/Qwen3-8B,MMLU_selected_subjects,conspiracy_355,wordd,0.581,28
2025-12-08 22:18:21,Qwen/Qwen3-8B,MMLU_selected_subjects,conspiracy_13,wordd,0.487,28
2025-12-08 22:18:54,Qwen/Qwen3-8B,MMLU_selected_subjects,conspiracy_58,chara,0.575,28
2025-12-08 22:21:19,Qwen/Qwen3-8B,MMLU_selected_subjects,conspiracy_804,chara,0.546,28
2025-12-08 22:22:49,Qwen/Qwen3-8B,MMLU_selected_subjects,conspiracy_355,chara,0.539,28
2025-12-08 22:23:50,Qwen/Qwen3-8B,MMLU_selected_subjects,conspiracy_13,chara,0.535,28
2025-12-08 22:23:52,Qwen/Qwen3-8B,MMLU_selected_subjects,conspiracy_580,clean,0.590,28
2025-12-08 22:25:52,Qwen/Qwen3-8B,MMLU_selected_subjects,conspiracy_805,clean,0.607,28
2025-12-08 22:27:43,Qwen/Qwen3-8B,MMLU_selected_subjects,conspiracy_356,clean,0.597,28
2025-12-08 22:28:32,Qwen/Qwen3-8B,MMLU_selected_subjects,conspiracy_130,clean,0.563,28
2025-12-08 22:28:49,Qwen/Qwen3-8B,MMLU_selected_subjects,conspiracy_580,meani,0.571,28
2025-12-08 22:30:23,Qwen/Qwen3-8B,MMLU_selected_subjects,conspiracy_805,meani,0.603,28
2025-12-08 22:32:37,Qwen/Qwen3-8B,MMLU_selected_subjects,conspiracy_356,meani,0.586,28
2025-12-08 22:33:15,Qwen/Qwen3-8B,MMLU_selected_subjects,conspiracy_130,meani,0.581,28
2025-12-08 22:33:45,Qwen/Qwen3-8B,MMLU_selected_subjects,conspiracy_580,wordd,0.554,28
2025-12-08 22:34:57,Qwen/Qwen3-8B,MMLU_selected_subjects,conspiracy_805,wordd,0.597,28
2025-12-08 22:37:31,Qwen/Qwen3-8B,MMLU_selected_subjects,conspiracy_356,wordd,0.585,28
2025-12-08 22:37:59,Qwen/Qwen3-8B,MMLU_selected_subjects,conspiracy_130,wordd,0.577,28
2025-12-08 22:39:33,Qwen/Qwen3-8B,MMLU_selected_subjects,conspiracy_580,chara,0.551,28
2025-12-08 22:39:47,Qwen/Qwen3-8B,MMLU_selected_subjects,conspiracy_805,chara,0.542,28
2025-12-08 22:43:01,Qwen/Qwen3-8B,MMLU_selected_subjects,conspiracy_356,chara,0.577,28
2025-12-08 22:43:11,Qwen/Qwen3-8B,MMLU_selected_subjects,conspiracy_130,chara,0.538,28
2025-12-08 22:44:20,Qwen/Qwen3-8B,MMLU_selected_subjects,conspiracy_581,clean,0.523,28
2025-12-08 22:44:22,Qwen/Qwen3-8B,MMLU_selected_subjects,conspiracy_806,clean,0.569,28
2025-12-08 22:47:48,Qwen/Qwen3-8B,MMLU_selected_subjects,conspiracy_131,clean,0.538,28
2025-12-08 22:48:03,Qwen/Qwen3-8B,MMLU_selected_subjects,conspiracy_357,clean,0.571,28
2025-12-08 22:48:57,Qwen/Qwen3-8B,MMLU_selected_subjects,conspiracy_806,meani,0.570,28
2025-12-08 22:49:08,Qwen/Qwen3-8B,MMLU_selected_subjects,conspiracy_581,meani,0.566,28
2025-12-08 22:52:24,Qwen/Qwen3-8B,MMLU_selected_subjects,conspiracy_131,meani,0.580,28
2025-12-08 22:53:03,Qwen/Qwen3-8B,MMLU_selected_subjects,conspiracy_357,meani,0.568,28
2025-12-08 22:53:31,Qwen/Qwen3-8B,MMLU_selected_subjects,conspiracy_806,wordd,0.557,28
2025-12-08 22:53:56,Qwen/Qwen3-8B,MMLU_selected_subjects,conspiracy_581,wordd,0.544,28
2025-12-08 22:57:01,Qwen/Qwen3-8B,MMLU_selected_subjects,conspiracy_131,wordd,0.558,28
2025-12-08 22:58:02,Qwen/Qwen3-8B,MMLU_selected_subjects,conspiracy_357,wordd,0.583,28
2025-12-08 22:58:29,Qwen/Qwen3-8B,MMLU_selected_subjects,conspiracy_806,chara,0.545,28
2025-12-08 22:58:58,Qwen/Qwen3-8B,MMLU_selected_subjects,conspiracy_581,chara,0.532,28
2025-12-08 23:01:47,Qwen/Qwen3-8B,MMLU_selected_subjects,conspiracy_131,chara,0.561,28
2025-12-08 23:03:23,Qwen/Qwen3-8B,MMLU_selected_subjects,conspiracy_807,clean,0.589,28
2025-12-08 23:03:31,Qwen/Qwen3-8B,MMLU_selected_subjects,conspiracy_357,chara,0.552,28
2025-12-08 23:03:58,Qwen/Qwen3-8B,MMLU_selected_subjects,conspiracy_582,clean,0.596,28
2025-12-08 23:06:21,Qwen/Qwen3-8B,MMLU_selected_subjects,conspiracy_132,clean,0.568,28
2025-12-08 23:08:16,Qwen/Qwen3-8B,MMLU_selected_subjects,conspiracy_807,meani,0.558,28
2025-12-08 23:08:18,Qwen/Qwen3-8B,MMLU_selected_subjects,conspiracy_358,clean,0.607,28
2025-12-08 23:08:59,Qwen/Qwen3-8B,MMLU_selected_subjects,conspiracy_582,meani,0.592,28
2025-12-08 23:10:53,Qwen/Qwen3-8B,MMLU_selected_subjects,conspiracy_132,meani,0.579,28
2025-12-08 23:13:03,Qwen/Qwen3-8B,MMLU_selected_subjects,conspiracy_358,meani,0.574,28
2025-12-08 23:13:09,Qwen/Qwen3-8B,MMLU_selected_subjects,conspiracy_807,wordd,0.506,28
2025-12-08 23:14:11,Qwen/Qwen3-8B,MMLU_selected_subjects,conspiracy_582,wordd,0.567,28
2025-12-08 23:15:25,Qwen/Qwen3-8B,MMLU_selected_subjects,conspiracy_132,wordd,0.562,28
2025-12-08 23:17:50,Qwen/Qwen3-8B,MMLU_selected_subjects,conspiracy_358,wordd,0.588,28
2025-12-08 23:18:58,Qwen/Qwen3-8B,MMLU_selected_subjects,conspiracy_807,chara,0.524,28
2025-12-08 23:19:55,Qwen/Qwen3-8B,MMLU_selected_subjects,conspiracy_582,chara,0.519,28
2025-12-08 23:20:19,Qwen/Qwen3-8B,MMLU_selected_subjects,conspiracy_132,chara,0.545,28
2025-12-08 23:23:06,Qwen/Qwen3-8B,MMLU_selected_subjects,conspiracy_358,chara,0.595,28
2025-12-08 23:23:30,Qwen/Qwen3-8B,MMLU_selected_subjects,conspiracy_808,clean,0.602,28
2025-12-08 23:25:09,Qwen/Qwen3-8B,MMLU_selected_subjects,conspiracy_583,clean,0.560,28
2025-12-08 23:25:23,Qwen/Qwen3-8B,MMLU_selected_subjects,conspiracy_133,clean,0.607,28
2025-12-08 23:27:54,Qwen/Qwen3-8B,MMLU_selected_subjects,conspiracy_359,clean,0.599,28
2025-12-08 23:28:00,Qwen/Qwen3-8B,MMLU_selected_subjects,conspiracy_808,meani,0.590,28
2025-12-08 23:30:17,Qwen/Qwen3-8B,MMLU_selected_subjects,conspiracy_583,meani,0.577,28
2025-12-08 23:30:28,Qwen/Qwen3-8B,MMLU_selected_subjects,conspiracy_133,meani,0.596,28
2025-12-08 23:32:31,Qwen/Qwen3-8B,MMLU_selected_subjects,conspiracy_808,wordd,0.551,28
2025-12-08 23:32:42,Qwen/Qwen3-8B,MMLU_selected_subjects,conspiracy_359,meani,0.557,28
2025-12-08 23:35:22,Qwen/Qwen3-8B,MMLU_selected_subjects,conspiracy_583,wordd,0.570,28
2025-12-08 23:35:33,Qwen/Qwen3-8B,MMLU_selected_subjects,conspiracy_133,wordd,0.575,28
2025-12-08 23:37:18,Qwen/Qwen3-8B,MMLU_selected_subjects,conspiracy_808,chara,0.561,28
2025-12-08 23:37:29,Qwen/Qwen3-8B,MMLU_selected_subjects,conspiracy_359,wordd,0.571,28
2025-12-08 23:41:22,Qwen/Qwen3-8B,MMLU_selected_subjects,conspiracy_133,chara,0.519,28
2025-12-08 23:41:24,Qwen/Qwen3-8B,MMLU_selected_subjects,conspiracy_583,chara,0.516,28
2025-12-08 23:41:55,Qwen/Qwen3-8B,MMLU_selected_subjects,conspiracy_809,clean,0.590,28
2025-12-08 23:43:01,Qwen/Qwen3-8B,MMLU_selected_subjects,conspiracy_359,chara,0.538,28
2025-12-08 23:45:59,Qwen/Qwen3-8B,MMLU_selected_subjects,conspiracy_134,clean,0.577,28
2025-12-08 23:46:14,Qwen/Qwen3-8B,MMLU_selected_subjects,conspiracy_584,clean,0.571,28
2025-12-08 23:46:32,Qwen/Qwen3-8B,MMLU_selected_subjects,conspiracy_809,meani,0.585,28
2025-12-08 23:47:29,Qwen/Qwen3-8B,MMLU_selected_subjects,conspiracy_36,clean,0.599,28
2025-12-08 23:50:35,Qwen/Qwen3-8B,MMLU_selected_subjects,conspiracy_134,meani,0.572,28
2025-12-08 23:50:54,Qwen/Qwen3-8B,MMLU_selected_subjects,conspiracy_584,meani,0.583,28
2025-12-08 23:51:08,Qwen/Qwen3-8B,MMLU_selected_subjects,conspiracy_809,wordd,0.586,28
2025-12-08 23:51:58,Qwen/Qwen3-8B,MMLU_selected_subjects,conspiracy_36,meani,0.573,28
2025-12-08 23:55:11,Qwen/Qwen3-8B,MMLU_selected_subjects,conspiracy_134,wordd,0.579,28
2025-12-08 23:55:36,Qwen/Qwen3-8B,MMLU_selected_subjects,conspiracy_584,wordd,0.577,28
2025-12-08 23:56:10,Qwen/Qwen3-8B,MMLU_selected_subjects,conspiracy_809,chara,0.545,28
2025-12-08 23:56:26,Qwen/Qwen3-8B,MMLU_selected_subjects,conspiracy_36,wordd,0.555,28
2025-12-09 00:00:01,Qwen/Qwen3-8B,MMLU_selected_subjects,conspiracy_134,chara,0.543,28
2025-12-09 00:00:41,Qwen/Qwen3-8B,MMLU_selected_subjects,conspiracy_584,chara,0.528,28
2025-12-09 00:01:01,Qwen/Qwen3-8B,MMLU_selected_subjects,conspiracy_81,clean,0.589,28
2025-12-09 00:01:06,Qwen/Qwen3-8B,MMLU_selected_subjects,conspiracy_36,chara,0.540,28
2025-12-09 00:04:31,Qwen/Qwen3-8B,MMLU_selected_subjects,conspiracy_135,clean,0.602,28
2025-12-09 00:05:36,Qwen/Qwen3-8B,MMLU_selected_subjects,conspiracy_360,clean,0.559,28
2025-12-09 00:05:40,Qwen/Qwen3-8B,MMLU_selected_subjects,conspiracy_585,clean,0.577,28
2025-12-09 00:05:50,Qwen/Qwen3-8B,MMLU_selected_subjects,conspiracy_81,meani,0.591,28
2025-12-09 00:09:00,Qwen/Qwen3-8B,MMLU_selected_subjects,conspiracy_135,meani,0.604,28
2025-12-09 00:10:06,Qwen/Qwen3-8B,MMLU_selected_subjects,conspiracy_360,meani,0.559,28
2025-12-09 00:10:40,Qwen/Qwen3-8B,MMLU_selected_subjects,conspiracy_81,wordd,0.569,28
2025-12-09 00:10:43,Qwen/Qwen3-8B,MMLU_selected_subjects,conspiracy_585,meani,0.537,28
2025-12-09 00:13:28,Qwen/Qwen3-8B,MMLU_selected_subjects,conspiracy_135,wordd,0.597,28
2025-12-09 00:14:36,Qwen/Qwen3-8B,MMLU_selected_subjects,conspiracy_360,wordd,0.551,28
2025-12-09 00:15:45,Qwen/Qwen3-8B,MMLU_selected_subjects,conspiracy_585,wordd,0.550,28
2025-12-09 00:15:57,Qwen/Qwen3-8B,MMLU_selected_subjects,conspiracy_81,chara,0.546,28
2025-12-09 00:18:10,Qwen/Qwen3-8B,MMLU_selected_subjects,conspiracy_135,chara,0.535,28
2025-12-09 00:19:22,Qwen/Qwen3-8B,MMLU_selected_subjects,conspiracy_360,chara,0.563,28
2025-12-09 00:20:47,Qwen/Qwen3-8B,MMLU_selected_subjects,conspiracy_810,clean,0.546,28
2025-12-09 00:21:37,Qwen/Qwen3-8B,MMLU_selected_subjects,conspiracy_585,chara,0.515,28
2025-12-09 00:22:51,Qwen/Qwen3-8B,MMLU_selected_subjects,conspiracy_136,clean,0.588,28
2025-12-09 00:23:52,Qwen/Qwen3-8B,MMLU_selected_subjects,conspiracy_361,clean,0.595,28
2025-12-09 00:25:37,Qwen/Qwen3-8B,MMLU_selected_subjects,conspiracy_810,meani,0.554,28
2025-12-09 00:26:42,Qwen/Qwen3-8B,MMLU_selected_subjects,conspiracy_586,clean,0.589,28
2025-12-09 00:27:31,Qwen/Qwen3-8B,MMLU_selected_subjects,conspiracy_136,meani,0.564,28
2025-12-09 00:28:22,Qwen/Qwen3-8B,MMLU_selected_subjects,conspiracy_361,meani,0.550,28
2025-12-09 00:30:26,Qwen/Qwen3-8B,MMLU_selected_subjects,conspiracy_810,wordd,0.498,28
2025-12-09 00:31:47,Qwen/Qwen3-8B,MMLU_selected_subjects,conspiracy_586,meani,0.549,28
2025-12-09 00:32:12,Qwen/Qwen3-8B,MMLU_selected_subjects,conspiracy_136,wordd,0.589,28
2025-12-09 00:32:50,Qwen/Qwen3-8B,MMLU_selected_subjects,conspiracy_361,wordd,0.569,28
2025-12-09 00:35:57,Qwen/Qwen3-8B,MMLU_selected_subjects,conspiracy_810,chara,0.514,28
2025-12-09 00:36:51,Qwen/Qwen3-8B,MMLU_selected_subjects,conspiracy_586,wordd,0.522,28
2025-12-09 00:37:17,Qwen/Qwen3-8B,MMLU_selected_subjects,conspiracy_136,chara,0.519,28
2025-12-09 00:37:39,Qwen/Qwen3-8B,MMLU_selected_subjects,conspiracy_361,chara,0.508,28
2025-12-09 00:40:25,Qwen/Qwen3-8B,MMLU_selected_subjects,conspiracy_811,clean,0.599,28
2025-12-09 00:42:05,Qwen/Qwen3-8B,MMLU_selected_subjects,conspiracy_137,clean,0.577,28
2025-12-09 00:42:10,Qwen/Qwen3-8B,MMLU_selected_subjects,conspiracy_362,clean,0.580,28
2025-12-09 00:42:40,Qwen/Qwen3-8B,MMLU_selected_subjects,conspiracy_586,chara,0.554,28
2025-12-09 00:44:52,Qwen/Qwen3-8B,MMLU_selected_subjects,conspiracy_811,meani,0.567,28
2025-12-09 00:46:42,Qwen/Qwen3-8B,MMLU_selected_subjects,conspiracy_362,meani,0.583,28
2025-12-09 00:46:54,Qwen/Qwen3-8B,MMLU_selected_subjects,conspiracy_137,meani,0.624,28
2025-12-09 00:47:16,Qwen/Qwen3-8B,MMLU_selected_subjects,conspiracy_587,clean,0.584,28
2025-12-09 00:49:20,Qwen/Qwen3-8B,MMLU_selected_subjects,conspiracy_811,wordd,0.570,28
2025-12-09 00:51:13,Qwen/Qwen3-8B,MMLU_selected_subjects,conspiracy_362,wordd,0.567,28
2025-12-09 00:51:44,Qwen/Qwen3-8B,MMLU_selected_subjects,conspiracy_137,wordd,0.582,28
2025-12-09 00:51:52,Qwen/Qwen3-8B,MMLU_selected_subjects,conspiracy_587,meani,0.536,28
2025-12-09 00:54:02,Qwen/Qwen3-8B,MMLU_selected_subjects,conspiracy_811,chara,0.527,28
2025-12-09 00:56:01,Qwen/Qwen3-8B,MMLU_selected_subjects,conspiracy_362,chara,0.532,28
2025-12-09 00:56:29,Qwen/Qwen3-8B,MMLU_selected_subjects,conspiracy_587,wordd,0.525,28
2025-12-09 00:57:03,Qwen/Qwen3-8B,MMLU_selected_subjects,conspiracy_137,chara,0.542,28
2025-12-09 00:58:45,Qwen/Qwen3-8B,MMLU_selected_subjects,conspiracy_812,clean,0.587,28
2025-12-09 01:00:31,Qwen/Qwen3-8B,MMLU_selected_subjects,conspiracy_363,clean,0.577,28
2025-12-09 01:01:29,Qwen/Qwen3-8B,MMLU_selected_subjects,conspiracy_587,chara,0.522,28
2025-12-09 01:02:08,Qwen/Qwen3-8B,MMLU_selected_subjects,conspiracy_138,clean,0.600,28
2025-12-09 01:03:27,Qwen/Qwen3-8B,MMLU_selected_subjects,conspiracy_812,meani,0.602,28
2025-12-09 01:04:59,Qwen/Qwen3-8B,MMLU_selected_subjects,conspiracy_363,meani,0.583,28
2025-12-09 01:06:10,Qwen/Qwen3-8B,MMLU_selected_subjects,conspiracy_588,clean,0.605,28
2025-12-09 01:07:10,Qwen/Qwen3-8B,MMLU_selected_subjects,conspiracy_138,meani,0.574,28
2025-12-09 01:08:09,Qwen/Qwen3-8B,MMLU_selected_subjects,conspiracy_812,wordd,0.600,28
2025-12-09 01:09:28,Qwen/Qwen3-8B,MMLU_selected_subjects,conspiracy_363,wordd,0.569,28
2025-12-09 01:10:56,Qwen/Qwen3-8B,MMLU_selected_subjects,conspiracy_588,meani,0.597,28
2025-12-09 01:12:13,Qwen/Qwen3-8B,MMLU_selected_subjects,conspiracy_138,wordd,0.582,28
2025-12-09 01:13:13,Qwen/Qwen3-8B,MMLU_selected_subjects,conspiracy_812,chara,0.565,28
2025-12-09 01:14:18,Qwen/Qwen3-8B,MMLU_selected_subjects,conspiracy_363,chara,0.525,28
2025-12-09 01:15:45,Qwen/Qwen3-8B,MMLU_selected_subjects,conspiracy_588,wordd,0.595,28
2025-12-09 01:18:02,Qwen/Qwen3-8B,MMLU_selected_subjects,conspiracy_813,clean,0.588,28
2025-12-09 01:18:06,Qwen/Qwen3-8B,MMLU_selected_subjects,conspiracy_138,chara,0.552,28
2025-12-09 01:18:49,Qwen/Qwen3-8B,MMLU_selected_subjects,conspiracy_364,clean,0.575,28
2025-12-09 01:21:00,Qwen/Qwen3-8B,MMLU_selected_subjects,conspiracy_588,chara,0.586,28
2025-12-09 01:22:44,Qwen/Qwen3-8B,MMLU_selected_subjects,conspiracy_139,clean,0.605,28
2025-12-09 01:22:49,Qwen/Qwen3-8B,MMLU_selected_subjects,conspiracy_813,meani,0.549,28
2025-12-09 01:23:20,Qwen/Qwen3-8B,MMLU_selected_subjects,conspiracy_364,meani,0.597,28
2025-12-09 01:25:47,Qwen/Qwen3-8B,MMLU_selected_subjects,conspiracy_589,clean,0.597,28
2025-12-09 01:27:21,Qwen/Qwen3-8B,MMLU_selected_subjects,conspiracy_139,meani,0.573,28
2025-12-09 01:27:37,Qwen/Qwen3-8B,MMLU_selected_subjects,conspiracy_813,wordd,0.554,28
2025-12-09 01:27:49,Qwen/Qwen3-8B,MMLU_selected_subjects,conspiracy_364,wordd,0.572,28
2025-12-09 01:30:28,Qwen/Qwen3-8B,MMLU_selected_subjects,conspiracy_589,meani,0.569,28
2025-12-09 01:31:57,Qwen/Qwen3-8B,MMLU_selected_subjects,conspiracy_139,wordd,0.596,28
2025-12-09 01:32:35,Qwen/Qwen3-8B,MMLU_selected_subjects,conspiracy_364,chara,0.550,28
2025-12-09 01:32:55,Qwen/Qwen3-8B,MMLU_selected_subjects,conspiracy_813,chara,0.509,28
2025-12-09 01:35:11,Qwen/Qwen3-8B,MMLU_selected_subjects,conspiracy_589,wordd,0.549,28
2025-12-09 01:36:53,Qwen/Qwen3-8B,MMLU_selected_subjects,conspiracy_139,chara,0.516,28
2025-12-09 01:37:04,Qwen/Qwen3-8B,MMLU_selected_subjects,conspiracy_365,clean,0.600,28
2025-12-09 01:37:27,Qwen/Qwen3-8B,MMLU_selected_subjects,conspiracy_814,clean,0.589,28
2025-12-09 01:40:27,Qwen/Qwen3-8B,MMLU_selected_subjects,conspiracy_589,chara,0.539,28
2025-12-09 01:41:23,Qwen/Qwen3-8B,MMLU_selected_subjects,conspiracy_14,clean,0.558,28
2025-12-09 01:41:33,Qwen/Qwen3-8B,MMLU_selected_subjects,conspiracy_365,meani,0.586,28
2025-12-09 01:41:59,Qwen/Qwen3-8B,MMLU_selected_subjects,conspiracy_814,meani,0.608,28
2025-12-09 01:45:02,Qwen/Qwen3-8B,MMLU_selected_subjects,conspiracy_59,clean,0.601,28
2025-12-09 01:45:53,Qwen/Qwen3-8B,MMLU_selected_subjects,conspiracy_14,meani,0.542,28
2025-12-09 01:46:02,Qwen/Qwen3-8B,MMLU_selected_subjects,conspiracy_365,wordd,0.591,28
2025-12-09 01:46:30,Qwen/Qwen3-8B,MMLU_selected_subjects,conspiracy_814,wordd,0.592,28
2025-12-09 01:49:37,Qwen/Qwen3-8B,MMLU_selected_subjects,conspiracy_59,meani,0.610,28
2025-12-09 01:50:22,Qwen/Qwen3-8B,MMLU_selected_subjects,conspiracy_14,wordd,0.552,28
2025-12-09 01:50:49,Qwen/Qwen3-8B,MMLU_selected_subjects,conspiracy_365,chara,0.549,28
2025-12-09 01:51:19,Qwen/Qwen3-8B,MMLU_selected_subjects,conspiracy_814,chara,0.522,28
2025-12-09 01:54:16,Qwen/Qwen3-8B,MMLU_selected_subjects,conspiracy_59,wordd,0.574,28
2025-12-09 01:55:03,Qwen/Qwen3-8B,MMLU_selected_subjects,conspiracy_14,chara,0.527,28
2025-12-09 01:55:25,Qwen/Qwen3-8B,MMLU_selected_subjects,conspiracy_366,clean,0.603,28
2025-12-09 01:56:15,Qwen/Qwen3-8B,MMLU_selected_subjects,conspiracy_815,clean,0.555,28
2025-12-09 01:59:27,Qwen/Qwen3-8B,MMLU_selected_subjects,conspiracy_59,chara,0.561,28
2025-12-09 01:59:33,Qwen/Qwen3-8B,MMLU_selected_subjects,conspiracy_140,clean,0.568,28
2025-12-09 02:00:02,Qwen/Qwen3-8B,MMLU_selected_subjects,conspiracy_366,meani,0.588,28
2025-12-09 02:01:09,Qwen/Qwen3-8B,MMLU_selected_subjects,conspiracy_815,meani,0.531,28
2025-12-09 02:03:56,Qwen/Qwen3-8B,MMLU_selected_subjects,conspiracy_590,clean,0.580,28
2025-12-09 02:04:02,Qwen/Qwen3-8B,MMLU_selected_subjects,conspiracy_140,meani,0.542,28
2025-12-09 02:04:38,Qwen/Qwen3-8B,MMLU_selected_subjects,conspiracy_366,wordd,0.584,28
2025-12-09 02:06:04,Qwen/Qwen3-8B,MMLU_selected_subjects,conspiracy_815,wordd,0.527,28
2025-12-09 02:08:24,Qwen/Qwen3-8B,MMLU_selected_subjects,conspiracy_590,meani,0.577,28
2025-12-09 02:08:31,Qwen/Qwen3-8B,MMLU_selected_subjects,conspiracy_140,wordd,0.543,28
2025-12-09 02:09:35,Qwen/Qwen3-8B,MMLU_selected_subjects,conspiracy_366,chara,0.527,28
2025-12-09 02:11:41,Qwen/Qwen3-8B,MMLU_selected_subjects,conspiracy_815,chara,0.521,28
2025-12-09 02:12:51,Qwen/Qwen3-8B,MMLU_selected_subjects,conspiracy_590,wordd,0.559,28
2025-12-09 02:13:14,Qwen/Qwen3-8B,MMLU_selected_subjects,conspiracy_140,chara,0.535,28
2025-12-09 02:14:12,Qwen/Qwen3-8B,MMLU_selected_subjects,conspiracy_367,clean,0.596,28
2025-12-09 02:16:27,Qwen/Qwen3-8B,MMLU_selected_subjects,conspiracy_816,clean,0.613,28
2025-12-09 02:17:36,Qwen/Qwen3-8B,MMLU_selected_subjects,conspiracy_590,chara,0.577,28
2025-12-09 02:17:48,Qwen/Qwen3-8B,MMLU_selected_subjects,conspiracy_141,clean,0.552,28
2025-12-09 02:18:50,Qwen/Qwen3-8B,MMLU_selected_subjects,conspiracy_367,meani,0.594,28
2025-12-09 02:21:14,Qwen/Qwen3-8B,MMLU_selected_subjects,conspiracy_816,meani,0.587,28
2025-12-09 02:22:20,Qwen/Qwen3-8B,MMLU_selected_subjects,conspiracy_141,meani,0.591,28
2025-12-09 02:22:22,Qwen/Qwen3-8B,MMLU_selected_subjects,conspiracy_591,clean,0.569,28
2025-12-09 02:23:25,Qwen/Qwen3-8B,MMLU_selected_subjects,conspiracy_367,wordd,0.599,28
2025-12-09 02:26:00,Qwen/Qwen3-8B,MMLU_selected_subjects,conspiracy_816,wordd,0.575,28
2025-12-09 02:26:53,Qwen/Qwen3-8B,MMLU_selected_subjects,conspiracy_141,wordd,0.572,28
2025-12-09 02:26:56,Qwen/Qwen3-8B,MMLU_selected_subjects,conspiracy_591,meani,0.599,28
2025-12-09 02:28:18,Qwen/Qwen3-8B,MMLU_selected_subjects,conspiracy_367,chara,0.556,28
2025-12-09 02:31:25,Qwen/Qwen3-8B,MMLU_selected_subjects,conspiracy_816,chara,0.558,28
2025-12-09 02:31:32,Qwen/Qwen3-8B,MMLU_selected_subjects,conspiracy_591,wordd,0.584,28
2025-12-09 02:31:38,Qwen/Qwen3-8B,MMLU_selected_subjects,conspiracy_141,chara,0.530,28
2025-12-09 02:32:43,Qwen/Qwen3-8B,MMLU_selected_subjects,conspiracy_368,clean,0.600,28
2025-12-09 02:35:50,Qwen/Qwen3-8B,MMLU_selected_subjects,conspiracy_817,clean,0.589,28
2025-12-09 02:36:26,Qwen/Qwen3-8B,MMLU_selected_subjects,conspiracy_142,clean,0.586,28
2025-12-09 02:36:30,Qwen/Qwen3-8B,MMLU_selected_subjects,conspiracy_591,chara,0.549,28
2025-12-09 02:37:09,Qwen/Qwen3-8B,MMLU_selected_subjects,conspiracy_368,meani,0.602,28
2025-12-09 02:40:16,Qwen/Qwen3-8B,MMLU_selected_subjects,conspiracy_817,meani,0.591,28
2025-12-09 02:40:57,Qwen/Qwen3-8B,MMLU_selected_subjects,conspiracy_592,clean,0.595,28
2025-12-09 02:41:13,Qwen/Qwen3-8B,MMLU_selected_subjects,conspiracy_142,meani,0.576,28
2025-12-09 02:41:35,Qwen/Qwen3-8B,MMLU_selected_subjects,conspiracy_368,wordd,0.596,28
2025-12-09 02:44:42,Qwen/Qwen3-8B,MMLU_selected_subjects,conspiracy_817,wordd,0.587,28
2025-12-09 02:45:23,Qwen/Qwen3-8B,MMLU_selected_subjects,conspiracy_592,meani,0.596,28
2025-12-09 02:46:01,Qwen/Qwen3-8B,MMLU_selected_subjects,conspiracy_142,wordd,0.560,28
2025-12-09 02:46:17,Qwen/Qwen3-8B,MMLU_selected_subjects,conspiracy_368,chara,0.515,28
2025-12-09 02:49:19,Qwen/Qwen3-8B,MMLU_selected_subjects,conspiracy_817,chara,0.584,28
2025-12-09 02:49:51,Qwen/Qwen3-8B,MMLU_selected_subjects,conspiracy_592,wordd,0.551,28
2025-12-09 02:50:57,Qwen/Qwen3-8B,MMLU_selected_subjects,conspiracy_369,clean,0.591,28
2025-12-09 02:51:22,Qwen/Qwen3-8B,MMLU_selected_subjects,conspiracy_142,chara,0.546,28
2025-12-09 02:53:52,Qwen/Qwen3-8B,MMLU_selected_subjects,conspiracy_818,clean,0.590,28
2025-12-09 02:54:32,Qwen/Qwen3-8B,MMLU_selected_subjects,conspiracy_592,chara,0.570,28
2025-12-09 02:55:37,Qwen/Qwen3-8B,MMLU_selected_subjects,conspiracy_369,meani,0.597,28
2025-12-09 02:55:51,Qwen/Qwen3-8B,MMLU_selected_subjects,conspiracy_143,clean,0.565,28
2025-12-09 02:58:26,Qwen/Qwen3-8B,MMLU_selected_subjects,conspiracy_818,meani,0.596,28
2025-12-09 02:59:16,Qwen/Qwen3-8B,MMLU_selected_subjects,conspiracy_593,clean,0.595,28
2025-12-09 03:00:17,Qwen/Qwen3-8B,MMLU_selected_subjects,conspiracy_369,wordd,0.602,28
2025-12-09 03:00:20,Qwen/Qwen3-8B,MMLU_selected_subjects,conspiracy_143,meani,0.576,28
2025-12-09 03:02:59,Qwen/Qwen3-8B,MMLU_selected_subjects,conspiracy_818,wordd,0.571,28
2025-12-09 03:04:03,Qwen/Qwen3-8B,MMLU_selected_subjects,conspiracy_593,meani,0.612,28
2025-12-09 03:04:47,Qwen/Qwen3-8B,MMLU_selected_subjects,conspiracy_143,wordd,0.568,28
2025-12-09 03:05:26,Qwen/Qwen3-8B,MMLU_selected_subjects,conspiracy_369,chara,0.524,28
2025-12-09 03:07:55,Qwen/Qwen3-8B,MMLU_selected_subjects,conspiracy_818,chara,0.558,28
2025-12-09 03:08:43,Qwen/Qwen3-8B,MMLU_selected_subjects,conspiracy_593,wordd,0.587,28
2025-12-09 03:09:30,Qwen/Qwen3-8B,MMLU_selected_subjects,conspiracy_143,chara,0.546,28
2025-12-09 03:10:08,Qwen/Qwen3-8B,MMLU_selected_subjects,conspiracy_37,clean,0.566,28
2025-12-09 03:12:48,Qwen/Qwen3-8B,MMLU_selected_subjects,conspiracy_819,clean,0.562,28
2025-12-09 03:13:48,Qwen/Qwen3-8B,MMLU_selected_subjects,conspiracy_593,chara,0.539,28
2025-12-09 03:14:02,Qwen/Qwen3-8B,MMLU_selected_subjects,conspiracy_144,clean,0.566,28
2025-12-09 03:14:50,Qwen/Qwen3-8B,MMLU_selected_subjects,conspiracy_37,meani,0.590,28
2025-12-09 03:17:40,Qwen/Qwen3-8B,MMLU_selected_subjects,conspiracy_819,meani,0.574,28
2025-12-09 03:18:27,Qwen/Qwen3-8B,MMLU_selected_subjects,conspiracy_594,clean,0.557,28
2025-12-09 03:18:33,Qwen/Qwen3-8B,MMLU_selected_subjects,conspiracy_144,meani,0.589,28
2025-12-09 03:19:32,Qwen/Qwen3-8B,MMLU_selected_subjects,conspiracy_37,wordd,0.581,28
2025-12-09 03:22:30,Qwen/Qwen3-8B,MMLU_selected_subjects,conspiracy_819,wordd,0.585,28
2025-12-09 03:23:03,Qwen/Qwen3-8B,MMLU_selected_subjects,conspiracy_144,wordd,0.569,28
2025-12-09 03:23:05,Qwen/Qwen3-8B,MMLU_selected_subjects,conspiracy_594,meani,0.589,28
2025-12-09 03:24:39,Qwen/Qwen3-8B,MMLU_selected_subjects,conspiracy_37,chara,0.556,28
2025-12-09 03:27:49,Qwen/Qwen3-8B,MMLU_selected_subjects,conspiracy_594,wordd,0.568,28
2025-12-09 03:27:55,Qwen/Qwen3-8B,MMLU_selected_subjects,conspiracy_144,chara,0.516,28
2025-12-09 03:27:57,Qwen/Qwen3-8B,MMLU_selected_subjects,conspiracy_819,chara,0.524,28
2025-12-09 03:29:24,Qwen/Qwen3-8B,MMLU_selected_subjects,conspiracy_370,clean,0.536,28
2025-12-09 03:32:35,Qwen/Qwen3-8B,MMLU_selected_subjects,conspiracy_82,clean,0.570,28
2025-12-09 03:32:49,Qwen/Qwen3-8B,MMLU_selected_subjects,conspiracy_145,clean,0.568,28
2025-12-09 03:32:54,Qwen/Qwen3-8B,MMLU_selected_subjects,conspiracy_594,chara,0.537,28
2025-12-09 03:34:08,Qwen/Qwen3-8B,MMLU_selected_subjects,conspiracy_370,meani,0.550,28
2025-12-09 03:37:13,Qwen/Qwen3-8B,MMLU_selected_subjects,conspiracy_82,meani,0.573,28
2025-12-09 03:37:27,Qwen/Qwen3-8B,MMLU_selected_subjects,conspiracy_595,clean,0.599,28
2025-12-09 03:37:43,Qwen/Qwen3-8B,MMLU_selected_subjects,conspiracy_145,meani,0.580,28
2025-12-09 03:38:52,Qwen/Qwen3-8B,MMLU_selected_subjects,conspiracy_370,wordd,0.561,28
2025-12-09 03:41:51,Qwen/Qwen3-8B,MMLU_selected_subjects,conspiracy_82,wordd,0.556,28
2025-12-09 03:42:02,Qwen/Qwen3-8B,MMLU_selected_subjects,conspiracy_595,meani,0.605,28
2025-12-09 03:42:38,Qwen/Qwen3-8B,MMLU_selected_subjects,conspiracy_145,wordd,0.557,28
2025-12-09 03:44:12,Qwen/Qwen3-8B,MMLU_selected_subjects,conspiracy_370,chara,0.538,28
2025-12-09 03:46:41,Qwen/Qwen3-8B,MMLU_selected_subjects,conspiracy_595,wordd,0.585,28
2025-12-09 03:46:59,Qwen/Qwen3-8B,MMLU_selected_subjects,conspiracy_82,chara,0.571,28
2025-12-09 03:48:17,Qwen/Qwen3-8B,MMLU_selected_subjects,conspiracy_145,chara,0.511,28
2025-12-09 03:48:45,Qwen/Qwen3-8B,MMLU_selected_subjects,conspiracy_371,clean,0.602,28
2025-12-09 03:51:31,Qwen/Qwen3-8B,MMLU_selected_subjects,conspiracy_820,clean,0.526,28
2025-12-09 03:51:40,Qwen/Qwen3-8B,MMLU_selected_subjects,conspiracy_595,chara,0.584,28
2025-12-09 03:53:04,Qwen/Qwen3-8B,MMLU_selected_subjects,conspiracy_146,clean,0.614,28
2025-12-09 03:53:18,Qwen/Qwen3-8B,MMLU_selected_subjects,conspiracy_371,meani,0.588,28
2025-12-09 03:56:04,Qwen/Qwen3-8B,MMLU_selected_subjects,conspiracy_820,meani,0.538,28
2025-12-09 03:56:14,Qwen/Qwen3-8B,MMLU_selected_subjects,conspiracy_596,clean,0.587,28
2025-12-09 03:57:51,Qwen/Qwen3-8B,MMLU_selected_subjects,conspiracy_146,meani,0.590,28
2025-12-09 03:57:51,Qwen/Qwen3-8B,MMLU_selected_subjects,conspiracy_371,wordd,0.583,28
2025-12-09 04:00:36,Qwen/Qwen3-8B,MMLU_selected_subjects,conspiracy_820,wordd,0.529,28
2025-12-09 04:00:46,Qwen/Qwen3-8B,MMLU_selected_subjects,conspiracy_596,meani,0.568,28
2025-12-09 04:02:37,Qwen/Qwen3-8B,MMLU_selected_subjects,conspiracy_146,wordd,0.598,28
2025-12-09 04:02:42,Qwen/Qwen3-8B,MMLU_selected_subjects,conspiracy_371,chara,0.537,28
2025-12-09 04:05:22,Qwen/Qwen3-8B,MMLU_selected_subjects,conspiracy_596,wordd,0.553,28
2025-12-09 04:05:29,Qwen/Qwen3-8B,MMLU_selected_subjects,conspiracy_820,chara,0.547,28
2025-12-09 04:07:19,Qwen/Qwen3-8B,MMLU_selected_subjects,conspiracy_372,clean,0.575,28
2025-12-09 04:07:54,Qwen/Qwen3-8B,MMLU_selected_subjects,conspiracy_146,chara,0.532,28
2025-12-09 04:09:58,Qwen/Qwen3-8B,MMLU_selected_subjects,conspiracy_821,clean,0.596,28
2025-12-09 04:10:19,Qwen/Qwen3-8B,MMLU_selected_subjects,conspiracy_596,chara,0.564,28
2025-12-09 04:11:56,Qwen/Qwen3-8B,MMLU_selected_subjects,conspiracy_372,meani,0.581,28
2025-12-09 04:12:25,Qwen/Qwen3-8B,MMLU_selected_subjects,conspiracy_147,clean,0.588,28
2025-12-09 04:14:26,Qwen/Qwen3-8B,MMLU_selected_subjects,conspiracy_821,meani,0.594,28
2025-12-09 04:14:54,Qwen/Qwen3-8B,MMLU_selected_subjects,conspiracy_597,clean,0.595,28
2025-12-09 04:16:33,Qwen/Qwen3-8B,MMLU_selected_subjects,conspiracy_372,wordd,0.616,28
2025-12-09 04:16:57,Qwen/Qwen3-8B,MMLU_selected_subjects,conspiracy_147,meani,0.558,28
2025-12-09 04:18:53,Qwen/Qwen3-8B,MMLU_selected_subjects,conspiracy_821,wordd,0.583,28
2025-12-09 04:19:33,Qwen/Qwen3-8B,MMLU_selected_subjects,conspiracy_597,meani,0.599,28
2025-12-09 04:21:25,Qwen/Qwen3-8B,MMLU_selected_subjects,conspiracy_372,chara,0.546,28
2025-12-09 04:21:27,Qwen/Qwen3-8B,MMLU_selected_subjects,conspiracy_147,wordd,0.549,28
2025-12-09 04:23:36,Qwen/Qwen3-8B,MMLU_selected_subjects,conspiracy_821,chara,0.542,28
2025-12-09 04:24:06,Qwen/Qwen3-8B,MMLU_selected_subjects,conspiracy_597,wordd,0.579,28
2025-12-09 04:25:54,Qwen/Qwen3-8B,MMLU_selected_subjects,conspiracy_373,clean,0.615,28
2025-12-09 04:26:13,Qwen/Qwen3-8B,MMLU_selected_subjects,conspiracy_147,chara,0.570,28
2025-12-09 04:28:11,Qwen/Qwen3-8B,MMLU_selected_subjects,conspiracy_822,clean,0.539,28
2025-12-09 04:29:01,Qwen/Qwen3-8B,MMLU_selected_subjects,conspiracy_597,chara,0.541,28
2025-12-09 04:30:22,Qwen/Qwen3-8B,MMLU_selected_subjects,conspiracy_373,meani,0.553,28
2025-12-09 04:30:57,Qwen/Qwen3-8B,MMLU_selected_subjects,conspiracy_148,clean,0.501,28
2025-12-09 04:32:44,Qwen/Qwen3-8B,MMLU_selected_subjects,conspiracy_822,meani,0.584,28
2025-12-09 04:33:30,Qwen/Qwen3-8B,MMLU_selected_subjects,conspiracy_598,clean,0.551,28
2025-12-09 04:34:51,Qwen/Qwen3-8B,MMLU_selected_subjects,conspiracy_373,wordd,0.535,28
2025-12-09 04:35:40,Qwen/Qwen3-8B,MMLU_selected_subjects,conspiracy_148,meani,0.537,28
2025-12-09 04:37:19,Qwen/Qwen3-8B,MMLU_selected_subjects,conspiracy_822,wordd,0.543,28
2025-12-09 04:37:55,Qwen/Qwen3-8B,MMLU_selected_subjects,conspiracy_598,meani,0.535,28
2025-12-09 04:39:34,Qwen/Qwen3-8B,MMLU_selected_subjects,conspiracy_373,chara,0.540,28
2025-12-09 04:40:24,Qwen/Qwen3-8B,MMLU_selected_subjects,conspiracy_148,wordd,0.505,28
2025-12-09 04:42:11,Qwen/Qwen3-8B,MMLU_selected_subjects,conspiracy_822,chara,0.526,28
2025-12-09 04:42:20,Qwen/Qwen3-8B,MMLU_selected_subjects,conspiracy_598,wordd,0.532,28
2025-12-09 04:44:14,Qwen/Qwen3-8B,MMLU_selected_subjects,conspiracy_374,clean,0.565,28
2025-12-09 04:45:31,Qwen/Qwen3-8B,MMLU_selected_subjects,conspiracy_148,chara,0.394,28
2025-12-09 04:46:40,Qwen/Qwen3-8B,MMLU_selected_subjects,conspiracy_823,clean,0.567,28
2025-12-09 04:46:55,Qwen/Qwen3-8B,MMLU_selected_subjects,conspiracy_598,chara,0.552,28
2025-12-09 04:48:54,Qwen/Qwen3-8B,MMLU_selected_subjects,conspiracy_374,meani,0.554,28
2025-12-09 04:50:06,Qwen/Qwen3-8B,MMLU_selected_subjects,conspiracy_149,clean,0.545,28
2025-12-09 04:51:09,Qwen/Qwen3-8B,MMLU_selected_subjects,conspiracy_823,meani,0.511,28
2025-12-09 04:51:24,Qwen/Qwen3-8B,MMLU_selected_subjects,conspiracy_599,clean,0.600,28
2025-12-09 04:53:34,Qwen/Qwen3-8B,MMLU_selected_subjects,conspiracy_374,wordd,0.557,28
2025-12-09 04:54:40,Qwen/Qwen3-8B,MMLU_selected_subjects,conspiracy_149,meani,0.565,28
2025-12-09 04:55:38,Qwen/Qwen3-8B,MMLU_selected_subjects,conspiracy_823,wordd,0.520,28
2025-12-09 04:55:51,Qwen/Qwen3-8B,MMLU_selected_subjects,conspiracy_599,meani,0.601,28
2025-12-09 04:58:43,Qwen/Qwen3-8B,MMLU_selected_subjects,conspiracy_374,chara,0.543,28
2025-12-09 04:59:15,Qwen/Qwen3-8B,MMLU_selected_subjects,conspiracy_149,wordd,0.539,28
2025-12-09 05:00:23,Qwen/Qwen3-8B,MMLU_selected_subjects,conspiracy_599,wordd,0.584,28
2025-12-09 05:00:26,Qwen/Qwen3-8B,MMLU_selected_subjects,conspiracy_823,chara,0.542,28
2025-12-09 05:03:12,Qwen/Qwen3-8B,MMLU_selected_subjects,conspiracy_375,clean,0.560,28
2025-12-09 05:04:10,Qwen/Qwen3-8B,MMLU_selected_subjects,conspiracy_149,chara,0.510,28
2025-12-09 05:05:04,Qwen/Qwen3-8B,MMLU_selected_subjects,conspiracy_824,clean,0.599,28
2025-12-09 05:05:12,Qwen/Qwen3-8B,MMLU_selected_subjects,conspiracy_599,chara,0.519,28
2025-12-09 05:07:40,Qwen/Qwen3-8B,MMLU_selected_subjects,conspiracy_375,meani,0.543,28
2025-12-09 05:08:41,Qwen/Qwen3-8B,MMLU_selected_subjects,conspiracy_15,clean,0.576,28
2025-12-09 05:09:42,Qwen/Qwen3-8B,MMLU_selected_subjects,conspiracy_824,meani,0.610,28
2025-12-09 05:09:51,Qwen/Qwen3-8B,MMLU_selected_subjects,conspiracy_6,clean,0.606,28
2025-12-09 05:12:08,Qwen/Qwen3-8B,MMLU_selected_subjects,conspiracy_375,wordd,0.578,28
2025-12-09 05:13:12,Qwen/Qwen3-8B,MMLU_selected_subjects,conspiracy_15,meani,0.606,28
2025-12-09 05:14:20,Qwen/Qwen3-8B,MMLU_selected_subjects,conspiracy_824,wordd,0.607,28
2025-12-09 05:14:32,Qwen/Qwen3-8B,MMLU_selected_subjects,conspiracy_6,meani,0.577,28
2025-12-09 05:16:57,Qwen/Qwen3-8B,MMLU_selected_subjects,conspiracy_375,chara,0.532,28
2025-12-09 05:17:42,Qwen/Qwen3-8B,MMLU_selected_subjects,conspiracy_15,wordd,0.571,28
2025-12-09 05:19:17,Qwen/Qwen3-8B,MMLU_selected_subjects,conspiracy_6,wordd,0.585,28
2025-12-09 05:19:23,Qwen/Qwen3-8B,MMLU_selected_subjects,conspiracy_824,chara,0.563,28
2025-12-09 05:21:25,Qwen/Qwen3-8B,MMLU_selected_subjects,conspiracy_376,clean,0.578,28
2025-12-09 05:22:30,Qwen/Qwen3-8B,MMLU_selected_subjects,conspiracy_15,chara,0.550,28
2025-12-09 05:24:20,Qwen/Qwen3-8B,MMLU_selected_subjects,conspiracy_6,chara,0.536,28
2025-12-09 05:24:23,Qwen/Qwen3-8B,MMLU_selected_subjects,conspiracy_825,clean,0.603,28
2025-12-09 05:25:53,Qwen/Qwen3-8B,MMLU_selected_subjects,conspiracy_376,meani,0.558,28
2025-12-09 05:27:16,Qwen/Qwen3-8B,MMLU_selected_subjects,conspiracy_150,clean,0.578,28
2025-12-09 05:28:51,Qwen/Qwen3-8B,MMLU_selected_subjects,conspiracy_60,clean,0.596,28
2025-12-09 05:29:19,Qwen/Qwen3-8B,MMLU_selected_subjects,conspiracy_825,meani,0.596,28
2025-12-09 05:30:21,Qwen/Qwen3-8B,MMLU_selected_subjects,conspiracy_376,wordd,0.551,28
2025-12-09 05:32:01,Qwen/Qwen3-8B,MMLU_selected_subjects,conspiracy_150,meani,0.533,28
2025-12-09 05:33:21,Qwen/Qwen3-8B,MMLU_selected_subjects,conspiracy_60,meani,0.577,28
2025-12-09 05:34:16,Qwen/Qwen3-8B,MMLU_selected_subjects,conspiracy_825,wordd,0.579,28
2025-12-09 05:35:02,Qwen/Qwen3-8B,MMLU_selected_subjects,conspiracy_376,chara,0.504,28
2025-12-09 05:36:46,Qwen/Qwen3-8B,MMLU_selected_subjects,conspiracy_150,wordd,0.541,28
2025-12-09 05:37:53,Qwen/Qwen3-8B,MMLU_selected_subjects,conspiracy_60,wordd,0.585,28
2025-12-09 05:39:46,Qwen/Qwen3-8B,MMLU_selected_subjects,conspiracy_377,clean,0.587,28
2025-12-09 05:40:03,Qwen/Qwen3-8B,MMLU_selected_subjects,conspiracy_825,chara,0.561,28
2025-12-09 05:41:59,Qwen/Qwen3-8B,MMLU_selected_subjects,conspiracy_150,chara,0.515,28
2025-12-09 05:42:59,Qwen/Qwen3-8B,MMLU_selected_subjects,conspiracy_60,chara,0.534,28
2025-12-09 05:44:28,Qwen/Qwen3-8B,MMLU_selected_subjects,conspiracy_377,meani,0.611,28
2025-12-09 05:44:34,Qwen/Qwen3-8B,MMLU_selected_subjects,conspiracy_826,clean,0.572,28
2025-12-09 05:46:38,Qwen/Qwen3-8B,MMLU_selected_subjects,conspiracy_151,clean,0.577,28
2025-12-09 05:47:52,Qwen/Qwen3-8B,MMLU_selected_subjects,conspiracy_600,clean,0.584,28
2025-12-09 05:49:05,Qwen/Qwen3-8B,MMLU_selected_subjects,conspiracy_826,meani,0.589,28
2025-12-09 05:49:11,Qwen/Qwen3-8B,MMLU_selected_subjects,conspiracy_377,wordd,0.608,28
2025-12-09 05:51:17,Qwen/Qwen3-8B,MMLU_selected_subjects,conspiracy_151,meani,0.521,28
2025-12-09 05:52:44,Qwen/Qwen3-8B,MMLU_selected_subjects,conspiracy_600,meani,0.603,28
2025-12-09 05:53:36,Qwen/Qwen3-8B,MMLU_selected_subjects,conspiracy_826,wordd,0.573,28
2025-12-09 05:54:17,Qwen/Qwen3-8B,MMLU_selected_subjects,conspiracy_377,chara,0.581,28
2025-12-09 05:55:55,Qwen/Qwen3-8B,MMLU_selected_subjects,conspiracy_151,wordd,0.520,28
2025-12-09 05:57:38,Qwen/Qwen3-8B,MMLU_selected_subjects,conspiracy_600,wordd,0.579,28
2025-12-09 05:58:24,Qwen/Qwen3-8B,MMLU_selected_subjects,conspiracy_826,chara,0.563,28
2025-12-09 05:58:50,Qwen/Qwen3-8B,MMLU_selected_subjects,conspiracy_378,clean,0.532,28
2025-12-09 06:00:56,Qwen/Qwen3-8B,MMLU_selected_subjects,conspiracy_151,chara,0.532,28
2025-12-09 06:02:55,Qwen/Qwen3-8B,MMLU_selected_subjects,conspiracy_827,clean,0.567,28
2025-12-09 06:03:03,Qwen/Qwen3-8B,MMLU_selected_subjects,conspiracy_600,chara,0.553,28
2025-12-09 06:03:22,Qwen/Qwen3-8B,MMLU_selected_subjects,conspiracy_378,meani,0.577,28
2025-12-09 06:05:42,Qwen/Qwen3-8B,MMLU_selected_subjects,conspiracy_152,clean,0.605,28
2025-12-09 06:07:26,Qwen/Qwen3-8B,MMLU_selected_subjects,conspiracy_827,meani,0.528,28
2025-12-09 06:07:36,Qwen/Qwen3-8B,MMLU_selected_subjects,conspiracy_601,clean,0.559,28
2025-12-09 06:07:55,Qwen/Qwen3-8B,MMLU_selected_subjects,conspiracy_378,wordd,0.571,28
2025-12-09 06:10:26,Qwen/Qwen3-8B,MMLU_selected_subjects,conspiracy_152,meani,0.597,28
2025-12-09 06:11:57,Qwen/Qwen3-8B,MMLU_selected_subjects,conspiracy_827,wordd,0.557,28
2025-12-09 06:12:05,Qwen/Qwen3-8B,MMLU_selected_subjects,conspiracy_601,meani,0.566,28
2025-12-09 06:12:45,Qwen/Qwen3-8B,MMLU_selected_subjects,conspiracy_378,chara,0.533,28
2025-12-09 06:15:09,Qwen/Qwen3-8B,MMLU_selected_subjects,conspiracy_152,wordd,0.591,28
2025-12-09 06:16:41,Qwen/Qwen3-8B,MMLU_selected_subjects,conspiracy_601,wordd,0.565,28
2025-12-09 06:16:46,Qwen/Qwen3-8B,MMLU_selected_subjects,conspiracy_827,chara,0.557,28
2025-12-09 06:17:20,Qwen/Qwen3-8B,MMLU_selected_subjects,conspiracy_379,clean,0.598,28
2025-12-09 06:20:17,Qwen/Qwen3-8B,MMLU_selected_subjects,conspiracy_152,chara,0.543,28
2025-12-09 06:21:15,Qwen/Qwen3-8B,MMLU_selected_subjects,conspiracy_828,clean,0.613,28
2025-12-09 06:21:26,Qwen/Qwen3-8B,MMLU_selected_subjects,conspiracy_601,chara,0.518,28
2025-12-09 06:21:53,Qwen/Qwen3-8B,MMLU_selected_subjects,conspiracy_379,meani,0.593,28
2025-12-09 06:24:53,Qwen/Qwen3-8B,MMLU_selected_subjects,conspiracy_153,clean,0.565,28
2025-12-09 06:25:44,Qwen/Qwen3-8B,MMLU_selected_subjects,conspiracy_828,meani,0.602,28
2025-12-09 06:26:02,Qwen/Qwen3-8B,MMLU_selected_subjects,conspiracy_602,clean,0.576,28
2025-12-09 06:26:28,Qwen/Qwen3-8B,MMLU_selected_subjects,conspiracy_379,wordd,0.597,28
2025-12-09 06:29:29,Qwen/Qwen3-8B,MMLU_selected_subjects,conspiracy_153,meani,0.565,28
2025-12-09 06:30:12,Qwen/Qwen3-8B,MMLU_selected_subjects,conspiracy_828,wordd,0.605,28
2025-12-09 06:30:48,Qwen/Qwen3-8B,MMLU_selected_subjects,conspiracy_602,meani,0.580,28
2025-12-09 06:31:21,Qwen/Qwen3-8B,MMLU_selected_subjects,conspiracy_379,chara,0.526,28
2025-12-09 06:34:03,Qwen/Qwen3-8B,MMLU_selected_subjects,conspiracy_153,wordd,0.536,28
2025-12-09 06:34:56,Qwen/Qwen3-8B,MMLU_selected_subjects,conspiracy_828,chara,0.575,28
2025-12-09 06:35:28,Qwen/Qwen3-8B,MMLU_selected_subjects,conspiracy_602,wordd,0.575,28
2025-12-09 06:35:46,Qwen/Qwen3-8B,MMLU_selected_subjects,conspiracy_38,clean,0.600,28
2025-12-09 06:39:01,Qwen/Qwen3-8B,MMLU_selected_subjects,conspiracy_153,chara,0.507,28
2025-12-09 06:39:26,Qwen/Qwen3-8B,MMLU_selected_subjects,conspiracy_829,clean,0.580,28
2025-12-09 06:40:11,Qwen/Qwen3-8B,MMLU_selected_subjects,conspiracy_38,meani,0.583,28
2025-12-09 06:40:39,Qwen/Qwen3-8B,MMLU_selected_subjects,conspiracy_602,chara,0.551,28
2025-12-09 06:43:41,Qwen/Qwen3-8B,MMLU_selected_subjects,conspiracy_154,clean,0.591,28
2025-12-09 06:43:55,Qwen/Qwen3-8B,MMLU_selected_subjects,conspiracy_829,meani,0.581,28
2025-12-09 06:44:36,Qwen/Qwen3-8B,MMLU_selected_subjects,conspiracy_38,wordd,0.578,28
2025-12-09 06:45:31,Qwen/Qwen3-8B,MMLU_selected_subjects,conspiracy_603,clean,0.433,28
2025-12-09 06:48:19,Qwen/Qwen3-8B,MMLU_selected_subjects,conspiracy_154,meani,0.575,28
2025-12-09 06:48:25,Qwen/Qwen3-8B,MMLU_selected_subjects,conspiracy_829,wordd,0.606,28
2025-12-09 06:49:15,Qwen/Qwen3-8B,MMLU_selected_subjects,conspiracy_38,chara,0.558,28
2025-12-09 06:50:21,Qwen/Qwen3-8B,MMLU_selected_subjects,conspiracy_603,meani,0.566,28
2025-12-09 06:52:59,Qwen/Qwen3-8B,MMLU_selected_subjects,conspiracy_154,wordd,0.583,28
2025-12-09 06:53:11,Qwen/Qwen3-8B,MMLU_selected_subjects,conspiracy_829,chara,0.525,28
2025-12-09 06:53:59,Qwen/Qwen3-8B,MMLU_selected_subjects,conspiracy_380,clean,0.589,28
2025-12-09 06:55:13,Qwen/Qwen3-8B,MMLU_selected_subjects,conspiracy_603,wordd,0.574,28
2025-12-09 06:57:45,Qwen/Qwen3-8B,MMLU_selected_subjects,conspiracy_83,clean,0.573,28
2025-12-09 06:58:02,Qwen/Qwen3-8B,MMLU_selected_subjects,conspiracy_154,chara,0.527,28
2025-12-09 06:58:43,Qwen/Qwen3-8B,MMLU_selected_subjects,conspiracy_380,meani,0.578,28
2025-12-09 07:00:46,Qwen/Qwen3-8B,MMLU_selected_subjects,conspiracy_603,chara,0.549,28
2025-12-09 07:02:18,Qwen/Qwen3-8B,MMLU_selected_subjects,conspiracy_83,meani,0.577,28
2025-12-09 07:02:40,Qwen/Qwen3-8B,MMLU_selected_subjects,conspiracy_155,clean,0.579,28
2025-12-09 07:03:27,Qwen/Qwen3-8B,MMLU_selected_subjects,conspiracy_380,wordd,0.579,28
2025-12-09 07:05:28,Qwen/Qwen3-8B,MMLU_selected_subjects,conspiracy_604,clean,0.575,28
2025-12-09 07:06:52,Qwen/Qwen3-8B,MMLU_selected_subjects,conspiracy_83,wordd,0.578,28
2025-12-09 07:07:19,Qwen/Qwen3-8B,MMLU_selected_subjects,conspiracy_155,meani,0.597,28
2025-12-09 07:08:44,Qwen/Qwen3-8B,MMLU_selected_subjects,conspiracy_380,chara,0.513,28
2025-12-09 07:10:00,Qwen/Qwen3-8B,MMLU_selected_subjects,conspiracy_604,meani,0.564,28
2025-12-09 07:11:47,Qwen/Qwen3-8B,MMLU_selected_subjects,conspiracy_83,chara,0.535,28
2025-12-09 07:11:57,Qwen/Qwen3-8B,MMLU_selected_subjects,conspiracy_155,wordd,0.587,28
2025-12-09 07:13:27,Qwen/Qwen3-8B,MMLU_selected_subjects,conspiracy_381,clean,0.523,28
2025-12-09 07:14:43,Qwen/Qwen3-8B,MMLU_selected_subjects,conspiracy_604,wordd,0.595,28
2025-12-09 07:16:50,Qwen/Qwen3-8B,MMLU_selected_subjects,conspiracy_830,clean,0.581,28
2025-12-09 07:16:56,Qwen/Qwen3-8B,MMLU_selected_subjects,conspiracy_155,chara,0.558,28
2025-12-09 07:18:08,Qwen/Qwen3-8B,MMLU_selected_subjects,conspiracy_381,meani,0.576,28
2025-12-09 07:19:27,Qwen/Qwen3-8B,MMLU_selected_subjects,conspiracy_604,chara,0.591,28
2025-12-09 07:21:25,Qwen/Qwen3-8B,MMLU_selected_subjects,conspiracy_156,clean,0.505,28
2025-12-09 07:21:53,Qwen/Qwen3-8B,MMLU_selected_subjects,conspiracy_830,meani,0.580,28
2025-12-09 07:22:50,Qwen/Qwen3-8B,MMLU_selected_subjects,conspiracy_381,wordd,0.521,28
2025-12-09 07:24:10,Qwen/Qwen3-8B,MMLU_selected_subjects,conspiracy_605,clean,0.583,28
2025-12-09 07:25:54,Qwen/Qwen3-8B,MMLU_selected_subjects,conspiracy_156,meani,0.577,28
2025-12-09 07:26:56,Qwen/Qwen3-8B,MMLU_selected_subjects,conspiracy_830,wordd,0.594,28
2025-12-09 07:27:51,Qwen/Qwen3-8B,MMLU_selected_subjects,conspiracy_381,chara,0.540,28
2025-12-09 07:28:52,Qwen/Qwen3-8B,MMLU_selected_subjects,conspiracy_605,meani,0.586,28
2025-12-09 07:30:23,Qwen/Qwen3-8B,MMLU_selected_subjects,conspiracy_156,wordd,0.558,28
2025-12-09 07:32:31,Qwen/Qwen3-8B,MMLU_selected_subjects,conspiracy_382,clean,0.559,28
2025-12-09 07:32:32,Qwen/Qwen3-8B,MMLU_selected_subjects,conspiracy_830,chara,0.542,28
2025-12-09 07:33:32,Qwen/Qwen3-8B,MMLU_selected_subjects,conspiracy_605,wordd,0.601,28
2025-12-09 07:35:06,Qwen/Qwen3-8B,MMLU_selected_subjects,conspiracy_156,chara,0.573,28
2025-12-09 07:36:59,Qwen/Qwen3-8B,MMLU_selected_subjects,conspiracy_831,clean,0.596,28
2025-12-09 07:37:11,Qwen/Qwen3-8B,MMLU_selected_subjects,conspiracy_382,meani,0.537,28
2025-12-09 07:38:41,Qwen/Qwen3-8B,MMLU_selected_subjects,conspiracy_605,chara,0.552,28
2025-12-09 07:39:54,Qwen/Qwen3-8B,MMLU_selected_subjects,conspiracy_157,clean,0.612,28
2025-12-09 07:41:25,Qwen/Qwen3-8B,MMLU_selected_subjects,conspiracy_831,meani,0.584,28
2025-12-09 07:41:52,Qwen/Qwen3-8B,MMLU_selected_subjects,conspiracy_382,wordd,0.568,28
2025-12-09 07:43:14,Qwen/Qwen3-8B,MMLU_selected_subjects,conspiracy_606,clean,0.578,28
2025-12-09 07:44:40,Qwen/Qwen3-8B,MMLU_selected_subjects,conspiracy_157,meani,0.574,28
2025-12-09 07:45:50,Qwen/Qwen3-8B,MMLU_selected_subjects,conspiracy_831,wordd,0.576,28
2025-12-09 07:47:01,Qwen/Qwen3-8B,MMLU_selected_subjects,conspiracy_382,chara,0.542,28
2025-12-09 07:47:46,Qwen/Qwen3-8B,MMLU_selected_subjects,conspiracy_606,meani,0.581,28
2025-12-09 07:49:26,Qwen/Qwen3-8B,MMLU_selected_subjects,conspiracy_157,wordd,0.561,28
2025-12-09 07:50:34,Qwen/Qwen3-8B,MMLU_selected_subjects,conspiracy_831,chara,0.531,28
2025-12-09 07:51:36,Qwen/Qwen3-8B,MMLU_selected_subjects,conspiracy_383,clean,0.591,28
2025-12-09 07:52:17,Qwen/Qwen3-8B,MMLU_selected_subjects,conspiracy_606,wordd,0.558,28
2025-12-09 07:54:42,Qwen/Qwen3-8B,MMLU_selected_subjects,conspiracy_157,chara,0.556,28
2025-12-09 07:55:27,Qwen/Qwen3-8B,MMLU_selected_subjects,conspiracy_832,clean,0.590,28
2025-12-09 07:56:11,Qwen/Qwen3-8B,MMLU_selected_subjects,conspiracy_383,meani,0.580,28
2025-12-09 07:57:09,Qwen/Qwen3-8B,MMLU_selected_subjects,conspiracy_606,chara,0.575,28
2025-12-09 07:59:14,Qwen/Qwen3-8B,MMLU_selected_subjects,conspiracy_158,clean,0.587,28
2025-12-09 08:00:21,Qwen/Qwen3-8B,MMLU_selected_subjects,conspiracy_832,meani,0.597,28
2025-12-09 08:00:46,Qwen/Qwen3-8B,MMLU_selected_subjects,conspiracy_383,wordd,0.579,28
2025-12-09 08:01:42,Qwen/Qwen3-8B,MMLU_selected_subjects,conspiracy_607,clean,0.587,28
2025-12-09 08:03:45,Qwen/Qwen3-8B,MMLU_selected_subjects,conspiracy_158,meani,0.590,28
2025-12-09 08:05:14,Qwen/Qwen3-8B,MMLU_selected_subjects,conspiracy_832,wordd,0.599,28
2025-12-09 08:05:48,Qwen/Qwen3-8B,MMLU_selected_subjects,conspiracy_383,chara,0.547,28
2025-12-09 08:06:15,Qwen/Qwen3-8B,MMLU_selected_subjects,conspiracy_607,meani,0.589,28
2025-12-09 08:08:17,Qwen/Qwen3-8B,MMLU_selected_subjects,conspiracy_158,wordd,0.594,28
2025-12-09 08:10:20,Qwen/Qwen3-8B,MMLU_selected_subjects,conspiracy_384,clean,0.575,28
2025-12-09 08:10:44,Qwen/Qwen3-8B,MMLU_selected_subjects,conspiracy_832,chara,0.587,28
2025-12-09 08:10:46,Qwen/Qwen3-8B,MMLU_selected_subjects,conspiracy_607,wordd,0.573,28
2025-12-09 08:13:03,Qwen/Qwen3-8B,MMLU_selected_subjects,conspiracy_158,chara,0.563,28
2025-12-09 08:14:51,Qwen/Qwen3-8B,MMLU_selected_subjects,conspiracy_384,meani,0.578,28
2025-12-09 08:15:39,Qwen/Qwen3-8B,MMLU_selected_subjects,conspiracy_607,chara,0.526,28
2025-12-09 08:15:40,Qwen/Qwen3-8B,MMLU_selected_subjects,conspiracy_833,clean,0.573,28
2025-12-09 08:17:40,Qwen/Qwen3-8B,MMLU_selected_subjects,conspiracy_159,clean,0.590,28
2025-12-09 08:19:24,Qwen/Qwen3-8B,MMLU_selected_subjects,conspiracy_384,wordd,0.582,28
2025-12-09 08:20:16,Qwen/Qwen3-8B,MMLU_selected_subjects,conspiracy_608,clean,0.607,28
2025-12-09 08:20:36,Qwen/Qwen3-8B,MMLU_selected_subjects,conspiracy_833,meani,0.600,28
2025-12-09 08:22:18,Qwen/Qwen3-8B,MMLU_selected_subjects,conspiracy_159,meani,0.577,28
2025-12-09 08:24:16,Qwen/Qwen3-8B,MMLU_selected_subjects,conspiracy_384,chara,0.543,28
2025-12-09 08:24:52,Qwen/Qwen3-8B,MMLU_selected_subjects,conspiracy_608,meani,0.603,28
2025-12-09 08:25:31,Qwen/Qwen3-8B,MMLU_selected_subjects,conspiracy_833,wordd,0.571,28
2025-12-09 08:26:55,Qwen/Qwen3-8B,MMLU_selected_subjects,conspiracy_159,wordd,0.575,28
2025-12-09 08:29:14,Qwen/Qwen3-8B,MMLU_selected_subjects,conspiracy_385,clean,0.611,28
2025-12-09 08:29:30,Qwen/Qwen3-8B,MMLU_selected_subjects,conspiracy_608,wordd,0.564,28
2025-12-09 08:31:13,Qwen/Qwen3-8B,MMLU_selected_subjects,conspiracy_833,chara,0.539,28
2025-12-09 08:31:53,Qwen/Qwen3-8B,MMLU_selected_subjects,conspiracy_159,chara,0.584,28
2025-12-09 08:34:14,Qwen/Qwen3-8B,MMLU_selected_subjects,conspiracy_385,meani,0.594,28
2025-12-09 08:34:28,Qwen/Qwen3-8B,MMLU_selected_subjects,conspiracy_608,chara,0.579,28
2025-12-09 08:35:41,Qwen/Qwen3-8B,MMLU_selected_subjects,conspiracy_834,clean,0.560,28
2025-12-09 08:36:27,Qwen/Qwen3-8B,MMLU_selected_subjects,conspiracy_16,clean,0.577,28
2025-12-09 08:39:04,Qwen/Qwen3-8B,MMLU_selected_subjects,conspiracy_609,clean,0.559,28
2025-12-09 08:39:14,Qwen/Qwen3-8B,MMLU_selected_subjects,conspiracy_385,wordd,0.577,28
2025-12-09 08:40:08,Qwen/Qwen3-8B,MMLU_selected_subjects,conspiracy_834,meani,0.552,28
2025-12-09 08:41:00,Qwen/Qwen3-8B,MMLU_selected_subjects,conspiracy_16,meani,0.543,28
2025-12-09 08:43:41,Qwen/Qwen3-8B,MMLU_selected_subjects,conspiracy_609,meani,0.596,28
2025-12-09 08:44:36,Qwen/Qwen3-8B,MMLU_selected_subjects,conspiracy_834,wordd,0.570,28
2025-12-09 08:44:57,Qwen/Qwen3-8B,MMLU_selected_subjects,conspiracy_385,chara,0.538,28
2025-12-09 08:45:34,Qwen/Qwen3-8B,MMLU_selected_subjects,conspiracy_16,wordd,0.515,28
2025-12-09 08:48:19,Qwen/Qwen3-8B,MMLU_selected_subjects,conspiracy_609,wordd,0.562,28
2025-12-09 08:49:18,Qwen/Qwen3-8B,MMLU_selected_subjects,conspiracy_834,chara,0.537,28
2025-12-09 08:49:46,Qwen/Qwen3-8B,MMLU_selected_subjects,conspiracy_386,clean,0.579,28
2025-12-09 08:50:21,Qwen/Qwen3-8B,MMLU_selected_subjects,conspiracy_16,chara,0.547,28
2025-12-09 08:53:27,Qwen/Qwen3-8B,MMLU_selected_subjects,conspiracy_609,chara,0.522,28
2025-12-09 08:53:59,Qwen/Qwen3-8B,MMLU_selected_subjects,conspiracy_835,clean,0.520,28
2025-12-09 08:54:35,Qwen/Qwen3-8B,MMLU_selected_subjects,conspiracy_386,meani,0.540,28
2025-12-09 08:54:59,Qwen/Qwen3-8B,MMLU_selected_subjects,conspiracy_160,clean,0.581,28
2025-12-09 08:58:04,Qwen/Qwen3-8B,MMLU_selected_subjects,conspiracy_61,clean,0.572,28
2025-12-09 08:58:42,Qwen/Qwen3-8B,MMLU_selected_subjects,conspiracy_835,meani,0.532,28
2025-12-09 08:59:24,Qwen/Qwen3-8B,MMLU_selected_subjects,conspiracy_386,wordd,0.521,28
2025-12-09 08:59:37,Qwen/Qwen3-8B,MMLU_selected_subjects,conspiracy_160,meani,0.581,28
2025-12-09 09:02:45,Qwen/Qwen3-8B,MMLU_selected_subjects,conspiracy_61,meani,0.574,28
2025-12-09 09:03:24,Qwen/Qwen3-8B,MMLU_selected_subjects,conspiracy_835,wordd,0.546,28
2025-12-09 09:04:14,Qwen/Qwen3-8B,MMLU_selected_subjects,conspiracy_160,wordd,0.597,28
2025-12-09 09:04:41,Qwen/Qwen3-8B,MMLU_selected_subjects,conspiracy_386,chara,0.527,28
2025-12-09 09:07:20,Qwen/Qwen3-8B,MMLU_selected_subjects,conspiracy_61,wordd,0.587,28
2025-12-09 09:08:46,Qwen/Qwen3-8B,MMLU_selected_subjects,conspiracy_835,chara,0.522,28
2025-12-09 09:09:16,Qwen/Qwen3-8B,MMLU_selected_subjects,conspiracy_160,chara,0.501,28
2025-12-09 09:09:29,Qwen/Qwen3-8B,MMLU_selected_subjects,conspiracy_387,clean,0.615,28
2025-12-09 09:12:18,Qwen/Qwen3-8B,MMLU_selected_subjects,conspiracy_61,chara,0.534,28
2025-12-09 09:13:36,Qwen/Qwen3-8B,MMLU_selected_subjects,conspiracy_836,clean,0.581,28
2025-12-09 09:13:56,Qwen/Qwen3-8B,MMLU_selected_subjects,conspiracy_161,clean,0.572,28
2025-12-09 09:14:16,Qwen/Qwen3-8B,MMLU_selected_subjects,conspiracy_387,meani,0.606,28
2025-12-09 09:16:54,Qwen/Qwen3-8B,MMLU_selected_subjects,conspiracy_610,clean,0.596,28
2025-12-09 09:18:29,Qwen/Qwen3-8B,MMLU_selected_subjects,conspiracy_836,meani,0.602,28
2025-12-09 09:18:35,Qwen/Qwen3-8B,MMLU_selected_subjects,conspiracy_161,meani,0.590,28
2025-12-09 09:19:04,Qwen/Qwen3-8B,MMLU_selected_subjects,conspiracy_387,wordd,0.598,28
2025-12-09 09:21:23,Qwen/Qwen3-8B,MMLU_selected_subjects,conspiracy_610,meani,0.569,28
2025-12-09 09:23:14,Qwen/Qwen3-8B,MMLU_selected_subjects,conspiracy_161,wordd,0.584,28
2025-12-09 09:23:21,Qwen/Qwen3-8B,MMLU_selected_subjects,conspiracy_836,wordd,0.566,28
2025-12-09 09:24:12,Qwen/Qwen3-8B,MMLU_selected_subjects,conspiracy_387,chara,0.559,28
2025-12-09 09:25:52,Qwen/Qwen3-8B,MMLU_selected_subjects,conspiracy_610,wordd,0.555,28
2025-12-09 09:28:14,Qwen/Qwen3-8B,MMLU_selected_subjects,conspiracy_161,chara,0.508,28
2025-12-09 09:28:57,Qwen/Qwen3-8B,MMLU_selected_subjects,conspiracy_836,chara,0.555,28
2025-12-09 09:29:01,Qwen/Qwen3-8B,MMLU_selected_subjects,conspiracy_388,clean,0.561,28
2025-12-09 09:30:40,Qwen/Qwen3-8B,MMLU_selected_subjects,conspiracy_610,chara,0.534,28
2025-12-09 09:32:51,Qwen/Qwen3-8B,MMLU_selected_subjects,conspiracy_162,clean,0.590,28
2025-12-09 09:33:36,Qwen/Qwen3-8B,MMLU_selected_subjects,conspiracy_837,clean,0.576,28
2025-12-09 09:33:50,Qwen/Qwen3-8B,MMLU_selected_subjects,conspiracy_388,meani,0.573,28
2025-12-09 09:35:26,Qwen/Qwen3-8B,MMLU_selected_subjects,conspiracy_611,clean,0.565,28
2025-12-09 09:37:29,Qwen/Qwen3-8B,MMLU_selected_subjects,conspiracy_162,meani,0.593,28
2025-12-09 09:38:14,Qwen/Qwen3-8B,MMLU_selected_subjects,conspiracy_837,meani,0.602,28
2025-12-09 09:38:40,Qwen/Qwen3-8B,MMLU_selected_subjects,conspiracy_388,wordd,0.568,28
2025-12-09 09:40:05,Qwen/Qwen3-8B,MMLU_selected_subjects,conspiracy_611,meani,0.567,28
2025-12-09 09:42:07,Qwen/Qwen3-8B,MMLU_selected_subjects,conspiracy_162,wordd,0.605,28
2025-12-09 09:42:53,Qwen/Qwen3-8B,MMLU_selected_subjects,conspiracy_837,wordd,0.608,28
2025-12-09 09:44:06,Qwen/Qwen3-8B,MMLU_selected_subjects,conspiracy_388,chara,0.545,28
2025-12-09 09:44:47,Qwen/Qwen3-8B,MMLU_selected_subjects,conspiracy_611,wordd,0.572,28
2025-12-09 09:47:03,Qwen/Qwen3-8B,MMLU_selected_subjects,conspiracy_162,chara,0.495,28
2025-12-09 09:48:03,Qwen/Qwen3-8B,MMLU_selected_subjects,conspiracy_837,chara,0.573,28
2025-12-09 09:49:00,Qwen/Qwen3-8B,MMLU_selected_subjects,conspiracy_389,clean,0.614,28
2025-12-09 09:50:00,Qwen/Qwen3-8B,MMLU_selected_subjects,conspiracy_611,chara,0.524,28
2025-12-09 09:51:38,Qwen/Qwen3-8B,MMLU_selected_subjects,conspiracy_163,clean,0.571,28
2025-12-09 09:52:34,Qwen/Qwen3-8B,MMLU_selected_subjects,conspiracy_838,clean,0.594,28
2025-12-09 09:53:54,Qwen/Qwen3-8B,MMLU_selected_subjects,conspiracy_389,meani,0.601,28
2025-12-09 09:54:34,Qwen/Qwen3-8B,MMLU_selected_subjects,conspiracy_612,clean,0.503,28
2025-12-09 09:56:14,Qwen/Qwen3-8B,MMLU_selected_subjects,conspiracy_163,meani,0.557,28
2025-12-09 09:57:04,Qwen/Qwen3-8B,MMLU_selected_subjects,conspiracy_838,meani,0.583,28
2025-12-09 09:58:48,Qwen/Qwen3-8B,MMLU_selected_subjects,conspiracy_389,wordd,0.619,28
2025-12-09 09:59:06,Qwen/Qwen3-8B,MMLU_selected_subjects,conspiracy_612,meani,0.535,28
2025-12-09 10:00:50,Qwen/Qwen3-8B,MMLU_selected_subjects,conspiracy_163,wordd,0.555,28
2025-12-09 10:01:34,Qwen/Qwen3-8B,MMLU_selected_subjects,conspiracy_838,wordd,0.568,28
2025-12-09 10:03:37,Qwen/Qwen3-8B,MMLU_selected_subjects,conspiracy_612,wordd,0.502,28
2025-12-09 10:04:28,Qwen/Qwen3-8B,MMLU_selected_subjects,conspiracy_389,chara,0.581,28
2025-12-09 10:05:46,Qwen/Qwen3-8B,MMLU_selected_subjects,conspiracy_163,chara,0.555,28
2025-12-09 10:06:22,Qwen/Qwen3-8B,MMLU_selected_subjects,conspiracy_838,chara,0.519,28
2025-12-09 10:08:23,Qwen/Qwen3-8B,MMLU_selected_subjects,conspiracy_612,chara,0.543,28
2025-12-09 10:08:58,Qwen/Qwen3-8B,MMLU_selected_subjects,conspiracy_39,clean,0.523,28
2025-12-09 10:10:31,Qwen/Qwen3-8B,MMLU_selected_subjects,conspiracy_164,clean,0.606,28
2025-12-09 10:11:26,Qwen/Qwen3-8B,MMLU_selected_subjects,conspiracy_839,clean,0.600,28
2025-12-09 10:13:26,Qwen/Qwen3-8B,MMLU_selected_subjects,conspiracy_613,clean,0.588,28
2025-12-09 10:14:08,Qwen/Qwen3-8B,MMLU_selected_subjects,conspiracy_39,meani,0.564,28
2025-12-09 10:15:45,Qwen/Qwen3-8B,MMLU_selected_subjects,conspiracy_164,meani,0.584,28
2025-12-09 10:16:53,Qwen/Qwen3-8B,MMLU_selected_subjects,conspiracy_839,meani,0.610,28
2025-12-09 10:18:45,Qwen/Qwen3-8B,MMLU_selected_subjects,conspiracy_613,meani,0.591,28
2025-12-09 10:19:20,Qwen/Qwen3-8B,MMLU_selected_subjects,conspiracy_39,wordd,0.584,28
2025-12-09 10:21:01,Qwen/Qwen3-8B,MMLU_selected_subjects,conspiracy_164,wordd,0.576,28
2025-12-09 10:22:23,Qwen/Qwen3-8B,MMLU_selected_subjects,conspiracy_839,wordd,0.586,28
2025-12-09 10:24:02,Qwen/Qwen3-8B,MMLU_selected_subjects,conspiracy_613,wordd,0.583,28
2025-12-09 10:24:38,Qwen/Qwen3-8B,MMLU_selected_subjects,conspiracy_39,chara,0.535,28
2025-12-09 10:26:10,Qwen/Qwen3-8B,MMLU_selected_subjects,conspiracy_164,chara,0.546,28
2025-12-09 10:27:43,Qwen/Qwen3-8B,MMLU_selected_subjects,conspiracy_839,chara,0.553,28
2025-12-09 10:29:01,Qwen/Qwen3-8B,MMLU_selected_subjects,conspiracy_613,chara,0.548,28
2025-12-09 10:29:11,Qwen/Qwen3-8B,MMLU_selected_subjects,conspiracy_390,clean,0.579,28
2025-12-09 10:30:47,Qwen/Qwen3-8B,MMLU_selected_subjects,conspiracy_165,clean,0.592,28
2025-12-09 10:32:07,Qwen/Qwen3-8B,MMLU_selected_subjects,conspiracy_84,clean,0.590,28
2025-12-09 10:33:42,Qwen/Qwen3-8B,MMLU_selected_subjects,conspiracy_614,clean,0.604,28
2025-12-09 10:33:47,Qwen/Qwen3-8B,MMLU_selected_subjects,conspiracy_390,meani,0.557,28
2025-12-09 10:35:23,Qwen/Qwen3-8B,MMLU_selected_subjects,conspiracy_165,meani,0.581,28
2025-12-09 10:36:30,Qwen/Qwen3-8B,MMLU_selected_subjects,conspiracy_84,meani,0.566,28
2025-12-09 10:38:23,Qwen/Qwen3-8B,MMLU_selected_subjects,conspiracy_614,meani,0.579,28
2025-12-09 10:38:23,Qwen/Qwen3-8B,MMLU_selected_subjects,conspiracy_390,wordd,0.544,28
2025-12-09 10:39:59,Qwen/Qwen3-8B,MMLU_selected_subjects,conspiracy_165,wordd,0.587,28
2025-12-09 10:40:52,Qwen/Qwen3-8B,MMLU_selected_subjects,conspiracy_84,wordd,0.549,28
2025-12-09 10:43:11,Qwen/Qwen3-8B,MMLU_selected_subjects,conspiracy_614,wordd,0.601,28
2025-12-09 10:43:25,Qwen/Qwen3-8B,MMLU_selected_subjects,conspiracy_390,chara,0.536,28
2025-12-09 10:44:54,Qwen/Qwen3-8B,MMLU_selected_subjects,conspiracy_165,chara,0.567,28
2025-12-09 10:45:29,Qwen/Qwen3-8B,MMLU_selected_subjects,conspiracy_84,chara,0.568,28
2025-12-09 10:48:03,Qwen/Qwen3-8B,MMLU_selected_subjects,conspiracy_391,clean,0.560,28
2025-12-09 10:48:23,Qwen/Qwen3-8B,MMLU_selected_subjects,conspiracy_614,chara,0.580,28
2025-12-09 10:49:58,Qwen/Qwen3-8B,MMLU_selected_subjects,conspiracy_166,clean,0.558,28
2025-12-09 10:50:00,Qwen/Qwen3-8B,MMLU_selected_subjects,conspiracy_840,clean,0.565,28
2025-12-09 10:52:46,Qwen/Qwen3-8B,MMLU_selected_subjects,conspiracy_391,meani,0.570,28
2025-12-09 10:53:31,Qwen/Qwen3-8B,MMLU_selected_subjects,conspiracy_615,clean,0.589,28
2025-12-09 10:54:33,Qwen/Qwen3-8B,MMLU_selected_subjects,conspiracy_840,meani,0.587,28
2025-12-09 10:55:03,Qwen/Qwen3-8B,MMLU_selected_subjects,conspiracy_166,meani,0.589,28
2025-12-09 10:57:23,Qwen/Qwen3-8B,MMLU_selected_subjects,conspiracy_391,wordd,0.552,28
2025-12-09 10:58:33,Qwen/Qwen3-8B,MMLU_selected_subjects,conspiracy_615,meani,0.572,28
2025-12-09 10:59:08,Qwen/Qwen3-8B,MMLU_selected_subjects,conspiracy_840,wordd,0.579,28
2025-12-09 11:00:10,Qwen/Qwen3-8B,MMLU_selected_subjects,conspiracy_166,wordd,0.572,28
2025-12-09 11:02:24,Qwen/Qwen3-8B,MMLU_selected_subjects,conspiracy_391,chara,0.526,28
2025-12-09 11:03:35,Qwen/Qwen3-8B,MMLU_selected_subjects,conspiracy_615,wordd,0.582,28
2025-12-09 11:04:00,Qwen/Qwen3-8B,MMLU_selected_subjects,conspiracy_840,chara,0.517,28
2025-12-09 11:06:04,Qwen/Qwen3-8B,MMLU_selected_subjects,conspiracy_166,chara,0.528,28
2025-12-09 11:07:04,Qwen/Qwen3-8B,MMLU_selected_subjects,conspiracy_392,clean,0.592,28
2025-12-09 11:08:30,Qwen/Qwen3-8B,MMLU_selected_subjects,conspiracy_841,clean,0.609,28
2025-12-09 11:09:08,Qwen/Qwen3-8B,MMLU_selected_subjects,conspiracy_615,chara,0.546,28
2025-12-09 11:10:43,Qwen/Qwen3-8B,MMLU_selected_subjects,conspiracy_167,clean,0.592,28
2025-12-09 11:11:42,Qwen/Qwen3-8B,MMLU_selected_subjects,conspiracy_392,meani,0.599,28
2025-12-09 11:13:00,Qwen/Qwen3-8B,MMLU_selected_subjects,conspiracy_841,meani,0.602,28
2025-12-09 11:14:08,Qwen/Qwen3-8B,MMLU_selected_subjects,conspiracy_616,clean,0.593,28
2025-12-09 11:15:21,Qwen/Qwen3-8B,MMLU_selected_subjects,conspiracy_167,meani,0.562,28
2025-12-09 11:16:21,Qwen/Qwen3-8B,MMLU_selected_subjects,conspiracy_392,wordd,0.580,28
2025-12-09 11:17:29,Qwen/Qwen3-8B,MMLU_selected_subjects,conspiracy_841,wordd,0.587,28
2025-12-09 11:19:03,Qwen/Qwen3-8B,MMLU_selected_subjects,conspiracy_616,meani,0.597,28
2025-12-09 11:20:00,Qwen/Qwen3-8B,MMLU_selected_subjects,conspiracy_167,wordd,0.533,28
2025-12-09 11:21:16,Qwen/Qwen3-8B,MMLU_selected_subjects,conspiracy_392,chara,0.539,28
2025-12-09 11:22:13,Qwen/Qwen3-8B,MMLU_selected_subjects,conspiracy_841,chara,0.560,28
2025-12-09 11:24:06,Qwen/Qwen3-8B,MMLU_selected_subjects,conspiracy_616,wordd,0.601,28
2025-12-09 11:25:03,Qwen/Qwen3-8B,MMLU_selected_subjects,conspiracy_167,chara,0.544,28
2025-12-09 11:25:50,Qwen/Qwen3-8B,MMLU_selected_subjects,conspiracy_393,clean,0.607,28
2025-12-09 11:27:15,Qwen/Qwen3-8B,MMLU_selected_subjects,conspiracy_842,clean,0.602,28
2025-12-09 11:29:36,Qwen/Qwen3-8B,MMLU_selected_subjects,conspiracy_616,chara,0.558,28
2025-12-09 11:30:02,Qwen/Qwen3-8B,MMLU_selected_subjects,conspiracy_168,clean,0.615,28
2025-12-09 11:30:25,Qwen/Qwen3-8B,MMLU_selected_subjects,conspiracy_393,meani,0.589,28
2025-12-09 11:32:13,Qwen/Qwen3-8B,MMLU_selected_subjects,conspiracy_842,meani,0.593,28
2025-12-09 11:34:30,Qwen/Qwen3-8B,MMLU_selected_subjects,conspiracy_617,clean,0.578,28
2025-12-09 11:34:58,Qwen/Qwen3-8B,MMLU_selected_subjects,conspiracy_393,wordd,0.598,28
2025-12-09 11:35:01,Qwen/Qwen3-8B,MMLU_selected_subjects,conspiracy_168,meani,0.611,28
2025-12-09 11:37:12,Qwen/Qwen3-8B,MMLU_selected_subjects,conspiracy_842,wordd,0.577,28
2025-12-09 11:39:27,Qwen/Qwen3-8B,MMLU_selected_subjects,conspiracy_617,meani,0.580,28
2025-12-09 11:39:50,Qwen/Qwen3-8B,MMLU_selected_subjects,conspiracy_393,chara,0.531,28
2025-12-09 11:40:01,Qwen/Qwen3-8B,MMLU_selected_subjects,conspiracy_168,wordd,0.584,28
2025-12-09 11:42:58,Qwen/Qwen3-8B,MMLU_selected_subjects,conspiracy_842,chara,0.548,28
2025-12-09 11:44:13,Qwen/Qwen3-8B,MMLU_selected_subjects,conspiracy_394,clean,0.600,28
2025-12-09 11:44:21,Qwen/Qwen3-8B,MMLU_selected_subjects,conspiracy_617,wordd,0.572,28
2025-12-09 11:45:38,Qwen/Qwen3-8B,MMLU_selected_subjects,conspiracy_168,chara,0.573,28
2025-12-09 11:47:20,Qwen/Qwen3-8B,MMLU_selected_subjects,conspiracy_843,clean,0.552,28
2025-12-09 11:48:43,Qwen/Qwen3-8B,MMLU_selected_subjects,conspiracy_394,meani,0.584,28
2025-12-09 11:50:04,Qwen/Qwen3-8B,MMLU_selected_subjects,conspiracy_617,chara,0.546,28
2025-12-09 11:50:19,Qwen/Qwen3-8B,MMLU_selected_subjects,conspiracy_169,clean,0.575,28
2025-12-09 11:51:42,Qwen/Qwen3-8B,MMLU_selected_subjects,conspiracy_843,meani,0.569,28
2025-12-09 11:53:09,Qwen/Qwen3-8B,MMLU_selected_subjects,conspiracy_394,wordd,0.581,28
2025-12-09 11:54:40,Qwen/Qwen3-8B,MMLU_selected_subjects,conspiracy_618,clean,0.538,28
2025-12-09 11:55:03,Qwen/Qwen3-8B,MMLU_selected_subjects,conspiracy_169,meani,0.587,28
2025-12-09 11:56:07,Qwen/Qwen3-8B,MMLU_selected_subjects,conspiracy_843,wordd,0.585,28
2025-12-09 11:57:49,Qwen/Qwen3-8B,MMLU_selected_subjects,conspiracy_394,chara,0.533,28
2025-12-09 11:59:19,Qwen/Qwen3-8B,MMLU_selected_subjects,conspiracy_618,meani,0.527,28
2025-12-09 11:59:48,Qwen/Qwen3-8B,MMLU_selected_subjects,conspiracy_169,wordd,0.581,28
2025-12-09 12:00:46,Qwen/Qwen3-8B,MMLU_selected_subjects,conspiracy_843,chara,0.562,28
2025-12-09 12:02:28,Qwen/Qwen3-8B,MMLU_selected_subjects,conspiracy_395,clean,0.592,28
2025-12-09 12:04:06,Qwen/Qwen3-8B,MMLU_selected_subjects,conspiracy_618,wordd,0.556,28
2025-12-09 12:05:05,Qwen/Qwen3-8B,MMLU_selected_subjects,conspiracy_169,chara,0.565,28
2025-12-09 12:05:15,Qwen/Qwen3-8B,MMLU_selected_subjects,conspiracy_844,clean,0.595,28
2025-12-09 12:07:11,Qwen/Qwen3-8B,MMLU_selected_subjects,conspiracy_395,meani,0.578,28
2025-12-09 12:09:20,Qwen/Qwen3-8B,MMLU_selected_subjects,conspiracy_618,chara,0.495,28
2025-12-09 12:09:43,Qwen/Qwen3-8B,MMLU_selected_subjects,conspiracy_844,meani,0.578,28
2025-12-09 12:09:45,Qwen/Qwen3-8B,MMLU_selected_subjects,conspiracy_17,clean,0.519,28
2025-12-09 12:11:54,Qwen/Qwen3-8B,MMLU_selected_subjects,conspiracy_395,wordd,0.589,28
2025-12-09 12:14:08,Qwen/Qwen3-8B,MMLU_selected_subjects,conspiracy_619,clean,0.599,28
2025-12-09 12:14:12,Qwen/Qwen3-8B,MMLU_selected_subjects,conspiracy_844,wordd,0.578,28
2025-12-09 12:14:26,Qwen/Qwen3-8B,MMLU_selected_subjects,conspiracy_17,meani,0.573,28
2025-12-09 12:17:00,Qwen/Qwen3-8B,MMLU_selected_subjects,conspiracy_395,chara,0.566,28
2025-12-09 12:18:55,Qwen/Qwen3-8B,MMLU_selected_subjects,conspiracy_619,meani,0.610,28
2025-12-09 12:18:57,Qwen/Qwen3-8B,MMLU_selected_subjects,conspiracy_844,chara,0.548,28
2025-12-09 12:19:05,Qwen/Qwen3-8B,MMLU_selected_subjects,conspiracy_17,wordd,0.565,28
2025-12-09 12:21:42,Qwen/Qwen3-8B,MMLU_selected_subjects,conspiracy_396,clean,0.536,28
2025-12-09 12:23:24,Qwen/Qwen3-8B,MMLU_selected_subjects,conspiracy_845,clean,0.595,28
2025-12-09 12:23:42,Qwen/Qwen3-8B,MMLU_selected_subjects,conspiracy_619,wordd,0.609,28
2025-12-09 12:24:13,Qwen/Qwen3-8B,MMLU_selected_subjects,conspiracy_17,chara,0.526,28
2025-12-09 12:26:18,Qwen/Qwen3-8B,MMLU_selected_subjects,conspiracy_396,meani,0.565,28
2025-12-09 12:27:53,Qwen/Qwen3-8B,MMLU_selected_subjects,conspiracy_845,meani,0.572,28
2025-12-09 12:28:54,Qwen/Qwen3-8B,MMLU_selected_subjects,conspiracy_619,chara,0.576,28
2025-12-09 12:29:02,Qwen/Qwen3-8B,MMLU_selected_subjects,conspiracy_170,clean,0.566,28
2025-12-09 12:30:55,Qwen/Qwen3-8B,MMLU_selected_subjects,conspiracy_396,wordd,0.566,28
2025-12-09 12:32:16,Qwen/Qwen3-8B,MMLU_selected_subjects,conspiracy_845,wordd,0.569,28
2025-12-09 12:33:30,Qwen/Qwen3-8B,MMLU_selected_subjects,conspiracy_62,clean,0.589,28
2025-12-09 12:33:48,Qwen/Qwen3-8B,MMLU_selected_subjects,conspiracy_170,meani,0.568,28
2025-12-09 12:35:46,Qwen/Qwen3-8B,MMLU_selected_subjects,conspiracy_396,chara,0.534,28
2025-12-09 12:36:56,Qwen/Qwen3-8B,MMLU_selected_subjects,conspiracy_845,chara,0.562,28
2025-12-09 12:38:11,Qwen/Qwen3-8B,MMLU_selected_subjects,conspiracy_62,meani,0.564,28
2025-12-09 12:38:32,Qwen/Qwen3-8B,MMLU_selected_subjects,conspiracy_170,wordd,0.572,28
2025-12-09 12:40:19,Qwen/Qwen3-8B,MMLU_selected_subjects,conspiracy_397,clean,0.575,28
2025-12-09 12:41:21,Qwen/Qwen3-8B,MMLU_selected_subjects,conspiracy_846,clean,0.594,28
2025-12-09 12:42:51,Qwen/Qwen3-8B,MMLU_selected_subjects,conspiracy_62,wordd,0.542,28
2025-12-09 12:43:50,Qwen/Qwen3-8B,MMLU_selected_subjects,conspiracy_170,chara,0.532,28
2025-12-09 12:44:53,Qwen/Qwen3-8B,MMLU_selected_subjects,conspiracy_397,meani,0.583,28
2025-12-09 12:45:44,Qwen/Qwen3-8B,MMLU_selected_subjects,conspiracy_846,meani,0.573,28
2025-12-09 12:48:01,Qwen/Qwen3-8B,MMLU_selected_subjects,conspiracy_62,chara,0.522,28
2025-12-09 12:48:17,Qwen/Qwen3-8B,MMLU_selected_subjects,conspiracy_171,clean,0.599,28
2025-12-09 12:49:40,Qwen/Qwen3-8B,MMLU_selected_subjects,conspiracy_397,wordd,0.586,28
2025-12-09 12:50:10,Qwen/Qwen3-8B,MMLU_selected_subjects,conspiracy_846,wordd,0.577,28
2025-12-09 12:52:39,Qwen/Qwen3-8B,MMLU_selected_subjects,conspiracy_620,clean,0.587,28
2025-12-09 12:52:43,Qwen/Qwen3-8B,MMLU_selected_subjects,conspiracy_171,meani,0.597,28
2025-12-09 12:54:45,Qwen/Qwen3-8B,MMLU_selected_subjects,conspiracy_397,chara,0.561,28
2025-12-09 12:54:48,Qwen/Qwen3-8B,MMLU_selected_subjects,conspiracy_846,chara,0.529,28
2025-12-09 12:57:09,Qwen/Qwen3-8B,MMLU_selected_subjects,conspiracy_171,wordd,0.573,28
2025-12-09 12:57:18,Qwen/Qwen3-8B,MMLU_selected_subjects,conspiracy_620,meani,0.592,28
2025-12-09 12:59:32,Qwen/Qwen3-8B,MMLU_selected_subjects,conspiracy_847,clean,0.574,28
2025-12-09 12:59:49,Qwen/Qwen3-8B,MMLU_selected_subjects,conspiracy_398,clean,0.562,28
2025-12-09 13:01:47,Qwen/Qwen3-8B,MMLU_selected_subjects,conspiracy_171,chara,0.535,28
2025-12-09 13:01:53,Qwen/Qwen3-8B,MMLU_selected_subjects,conspiracy_620,wordd,0.593,28
2025-12-09 13:04:14,Qwen/Qwen3-8B,MMLU_selected_subjects,conspiracy_847,meani,0.578,28
2025-12-09 13:04:44,Qwen/Qwen3-8B,MMLU_selected_subjects,conspiracy_398,meani,0.577,28
2025-12-09 13:06:18,Qwen/Qwen3-8B,MMLU_selected_subjects,conspiracy_172,clean,0.555,28
2025-12-09 13:06:45,Qwen/Qwen3-8B,MMLU_selected_subjects,conspiracy_620,chara,0.558,28
2025-12-09 13:08:57,Qwen/Qwen3-8B,MMLU_selected_subjects,conspiracy_847,wordd,0.565,28
2025-12-09 13:09:47,Qwen/Qwen3-8B,MMLU_selected_subjects,conspiracy_398,wordd,0.578,28
2025-12-09 13:10:48,Qwen/Qwen3-8B,MMLU_selected_subjects,conspiracy_172,meani,0.567,28
2025-12-09 13:11:12,Qwen/Qwen3-8B,MMLU_selected_subjects,conspiracy_621,clean,0.590,28
2025-12-09 13:14:13,Qwen/Qwen3-8B,MMLU_selected_subjects,conspiracy_847,chara,0.547,28
2025-12-09 13:15:19,Qwen/Qwen3-8B,MMLU_selected_subjects,conspiracy_172,wordd,0.576,28
2025-12-09 13:15:26,Qwen/Qwen3-8B,MMLU_selected_subjects,conspiracy_398,chara,0.543,28
2025-12-09 13:15:39,Qwen/Qwen3-8B,MMLU_selected_subjects,conspiracy_621,meani,0.596,28
2025-12-09 13:18:59,Qwen/Qwen3-8B,MMLU_selected_subjects,conspiracy_848,clean,0.586,28
2025-12-09 13:19:59,Qwen/Qwen3-8B,MMLU_selected_subjects,conspiracy_399,clean,0.586,28
2025-12-09 13:20:04,Qwen/Qwen3-8B,MMLU_selected_subjects,conspiracy_172,chara,0.533,28
2025-12-09 13:20:08,Qwen/Qwen3-8B,MMLU_selected_subjects,conspiracy_621,wordd,0.585,28
2025-12-09 13:23:46,Qwen/Qwen3-8B,MMLU_selected_subjects,conspiracy_848,meani,0.557,28
2025-12-09 13:24:32,Qwen/Qwen3-8B,MMLU_selected_subjects,conspiracy_399,meani,0.562,28
2025-12-09 13:24:51,Qwen/Qwen3-8B,MMLU_selected_subjects,conspiracy_621,chara,0.520,28
2025-12-09 13:24:57,Qwen/Qwen3-8B,MMLU_selected_subjects,conspiracy_173,clean,0.588,28
2025-12-09 13:28:35,Qwen/Qwen3-8B,MMLU_selected_subjects,conspiracy_848,wordd,0.529,28
2025-12-09 13:29:02,Qwen/Qwen3-8B,MMLU_selected_subjects,conspiracy_399,wordd,0.591,28
2025-12-09 13:29:22,Qwen/Qwen3-8B,MMLU_selected_subjects,conspiracy_622,clean,0.550,28
2025-12-09 13:29:47,Qwen/Qwen3-8B,MMLU_selected_subjects,conspiracy_173,meani,0.609,28
2025-12-09 13:33:58,Qwen/Qwen3-8B,MMLU_selected_subjects,conspiracy_399,chara,0.534,28
2025-12-09 13:34:05,Qwen/Qwen3-8B,MMLU_selected_subjects,conspiracy_622,meani,0.573,28
2025-12-09 13:34:07,Qwen/Qwen3-8B,MMLU_selected_subjects,conspiracy_848,chara,0.536,28
2025-12-09 13:34:41,Qwen/Qwen3-8B,MMLU_selected_subjects,conspiracy_173,wordd,0.611,28
2025-12-09 13:38:43,Qwen/Qwen3-8B,MMLU_selected_subjects,conspiracy_622,wordd,0.562,28
2025-12-09 13:38:44,Qwen/Qwen3-8B,MMLU_selected_subjects,conspiracy_849,clean,0.609,28
2025-12-09 13:38:56,Qwen/Qwen3-8B,MMLU_selected_subjects,conspiracy_4,clean,0.591,28
2025-12-09 13:39:59,Qwen/Qwen3-8B,MMLU_selected_subjects,conspiracy_173,chara,0.587,28
2025-12-09 13:43:20,Qwen/Qwen3-8B,MMLU_selected_subjects,conspiracy_849,meani,0.603,28
2025-12-09 13:43:41,Qwen/Qwen3-8B,MMLU_selected_subjects,conspiracy_622,chara,0.505,28
2025-12-09 13:43:52,Qwen/Qwen3-8B,MMLU_selected_subjects,conspiracy_4,meani,0.556,28
2025-12-09 13:44:35,Qwen/Qwen3-8B,MMLU_selected_subjects,conspiracy_174,clean,0.595,28
2025-12-09 13:47:56,Qwen/Qwen3-8B,MMLU_selected_subjects,conspiracy_849,wordd,0.579,28
2025-12-09 13:48:39,Qwen/Qwen3-8B,MMLU_selected_subjects,conspiracy_623,clean,0.599,28
2025-12-09 13:48:52,Qwen/Qwen3-8B,MMLU_selected_subjects,conspiracy_4,wordd,0.576,28
2025-12-09 13:49:11,Qwen/Qwen3-8B,MMLU_selected_subjects,conspiracy_174,meani,0.597,28
2025-12-09 13:52:53,Qwen/Qwen3-8B,MMLU_selected_subjects,conspiracy_849,chara,0.535,28
2025-12-09 13:53:42,Qwen/Qwen3-8B,MMLU_selected_subjects,conspiracy_623,meani,0.596,28
2025-12-09 13:53:45,Qwen/Qwen3-8B,MMLU_selected_subjects,conspiracy_174,wordd,0.551,28
2025-12-09 13:54:25,Qwen/Qwen3-8B,MMLU_selected_subjects,conspiracy_4,chara,0.542,28
2025-12-09 13:57:32,Qwen/Qwen3-8B,MMLU_selected_subjects,conspiracy_85,clean,0.538,28
2025-12-09 13:58:34,Qwen/Qwen3-8B,MMLU_selected_subjects,conspiracy_174,chara,0.528,28
2025-12-09 13:58:42,Qwen/Qwen3-8B,MMLU_selected_subjects,conspiracy_623,wordd,0.585,28
2025-12-09 13:59:10,Qwen/Qwen3-8B,MMLU_selected_subjects,conspiracy_40,clean,0.588,28
2025-12-09 14:02:10,Qwen/Qwen3-8B,MMLU_selected_subjects,conspiracy_85,meani,0.533,28
2025-12-09 14:03:24,Qwen/Qwen3-8B,MMLU_selected_subjects,conspiracy_175,clean,0.596,28
2025-12-09 14:03:54,Qwen/Qwen3-8B,MMLU_selected_subjects,conspiracy_40,meani,0.591,28
2025-12-09 14:04:18,Qwen/Qwen3-8B,MMLU_selected_subjects,conspiracy_623,chara,0.541,28
2025-12-09 14:06:50,Qwen/Qwen3-8B,MMLU_selected_subjects,conspiracy_85,wordd,0.538,28
2025-12-09 14:08:16,Qwen/Qwen3-8B,MMLU_selected_subjects,conspiracy_175,meani,0.590,28
2025-12-09 14:08:33,Qwen/Qwen3-8B,MMLU_selected_subjects,conspiracy_40,wordd,0.583,28
2025-12-09 14:09:03,Qwen/Qwen3-8B,MMLU_selected_subjects,conspiracy_624,clean,0.603,28
2025-12-09 14:11:49,Qwen/Qwen3-8B,MMLU_selected_subjects,conspiracy_85,chara,0.522,28
2025-12-09 14:13:10,Qwen/Qwen3-8B,MMLU_selected_subjects,conspiracy_175,wordd,0.575,28
2025-12-09 14:13:30,Qwen/Qwen3-8B,MMLU_selected_subjects,conspiracy_40,chara,0.570,28
2025-12-09 14:13:48,Qwen/Qwen3-8B,MMLU_selected_subjects,conspiracy_624,meani,0.560,28
2025-12-09 14:16:21,Qwen/Qwen3-8B,MMLU_selected_subjects,conspiracy_850,clean,0.620,28
2025-12-09 14:17:58,Qwen/Qwen3-8B,MMLU_selected_subjects,conspiracy_400,clean,0.582,28
2025-12-09 14:18:30,Qwen/Qwen3-8B,MMLU_selected_subjects,conspiracy_175,chara,0.550,28
2025-12-09 14:18:35,Qwen/Qwen3-8B,MMLU_selected_subjects,conspiracy_624,wordd,0.560,28
2025-12-09 14:20:51,Qwen/Qwen3-8B,MMLU_selected_subjects,conspiracy_850,meani,0.602,28
2025-12-09 14:22:25,Qwen/Qwen3-8B,MMLU_selected_subjects,conspiracy_400,meani,0.553,28
2025-12-09 14:23:03,Qwen/Qwen3-8B,MMLU_selected_subjects,conspiracy_176,clean,0.570,28
2025-12-09 14:23:46,Qwen/Qwen3-8B,MMLU_selected_subjects,conspiracy_624,chara,0.538,28
2025-12-09 14:25:23,Qwen/Qwen3-8B,MMLU_selected_subjects,conspiracy_850,wordd,0.595,28
2025-12-09 14:26:52,Qwen/Qwen3-8B,MMLU_selected_subjects,conspiracy_400,wordd,0.530,28
2025-12-09 14:27:34,Qwen/Qwen3-8B,MMLU_selected_subjects,conspiracy_176,meani,0.570,28
2025-12-09 14:28:43,Qwen/Qwen3-8B,MMLU_selected_subjects,conspiracy_625,clean,0.582,28
2025-12-09 14:30:10,Qwen/Qwen3-8B,MMLU_selected_subjects,conspiracy_850,chara,0.570,28
2025-12-09 14:31:32,Qwen/Qwen3-8B,MMLU_selected_subjects,conspiracy_400,chara,0.551,28
2025-12-09 14:32:13,Qwen/Qwen3-8B,MMLU_selected_subjects,conspiracy_176,wordd,0.568,28
2025-12-09 14:33:40,Qwen/Qwen3-8B,MMLU_selected_subjects,conspiracy_625,meani,0.604,28
2025-12-09 14:34:46,Qwen/Qwen3-8B,MMLU_selected_subjects,conspiracy_851,clean,0.569,28
2025-12-09 14:36:14,Qwen/Qwen3-8B,MMLU_selected_subjects,conspiracy_401,clean,0.581,28
2025-12-09 14:37:00,Qwen/Qwen3-8B,MMLU_selected_subjects,conspiracy_176,chara,0.537,28
2025-12-09 14:38:36,Qwen/Qwen3-8B,MMLU_selected_subjects,conspiracy_625,wordd,0.584,28
2025-12-09 14:39:21,Qwen/Qwen3-8B,MMLU_selected_subjects,conspiracy_851,meani,0.565,28
2025-12-09 14:40:55,Qwen/Qwen3-8B,MMLU_selected_subjects,conspiracy_401,meani,0.579,28
2025-12-09 14:41:35,Qwen/Qwen3-8B,MMLU_selected_subjects,conspiracy_177,clean,0.578,28
2025-12-09 14:43:56,Qwen/Qwen3-8B,MMLU_selected_subjects,conspiracy_851,wordd,0.572,28
2025-12-09 14:44:05,Qwen/Qwen3-8B,MMLU_selected_subjects,conspiracy_625,chara,0.538,28
2025-12-09 14:45:35,Qwen/Qwen3-8B,MMLU_selected_subjects,conspiracy_401,wordd,0.576,28
2025-12-09 14:46:14,Qwen/Qwen3-8B,MMLU_selected_subjects,conspiracy_177,meani,0.558,28
2025-12-09 14:48:37,Qwen/Qwen3-8B,MMLU_selected_subjects,conspiracy_626,clean,0.566,28
2025-12-09 14:48:53,Qwen/Qwen3-8B,MMLU_selected_subjects,conspiracy_851,chara,0.567,28
2025-12-09 14:50:43,Qwen/Qwen3-8B,MMLU_selected_subjects,conspiracy_401,chara,0.554,28
2025-12-09 14:50:47,Qwen/Qwen3-8B,MMLU_selected_subjects,conspiracy_177,wordd,0.584,28
2025-12-09 14:53:10,Qwen/Qwen3-8B,MMLU_selected_subjects,conspiracy_626,meani,0.562,28
2025-12-09 14:53:23,Qwen/Qwen3-8B,MMLU_selected_subjects,conspiracy_852,clean,0.559,28
2025-12-09 14:55:34,Qwen/Qwen3-8B,MMLU_selected_subjects,conspiracy_402,clean,0.591,28
2025-12-09 14:55:36,Qwen/Qwen3-8B,MMLU_selected_subjects,conspiracy_177,chara,0.564,28
2025-12-09 14:57:41,Qwen/Qwen3-8B,MMLU_selected_subjects,conspiracy_626,wordd,0.568,28
2025-12-09 14:57:53,Qwen/Qwen3-8B,MMLU_selected_subjects,conspiracy_852,meani,0.582,28
2025-12-09 15:00:10,Qwen/Qwen3-8B,MMLU_selected_subjects,conspiracy_178,clean,0.606,28
2025-12-09 15:00:19,Qwen/Qwen3-8B,MMLU_selected_subjects,conspiracy_402,meani,0.589,28
2025-12-09 15:02:23,Qwen/Qwen3-8B,MMLU_selected_subjects,conspiracy_852,wordd,0.568,28
2025-12-09 15:02:37,Qwen/Qwen3-8B,MMLU_selected_subjects,conspiracy_626,chara,0.540,28
2025-12-09 15:04:44,Qwen/Qwen3-8B,MMLU_selected_subjects,conspiracy_178,meani,0.592,28
2025-12-09 15:05:07,Qwen/Qwen3-8B,MMLU_selected_subjects,conspiracy_402,wordd,0.585,28
2025-12-09 15:07:06,Qwen/Qwen3-8B,MMLU_selected_subjects,conspiracy_852,chara,0.547,28
2025-12-09 15:07:33,Qwen/Qwen3-8B,MMLU_selected_subjects,conspiracy_627,clean,0.598,28
2025-12-09 15:09:18,Qwen/Qwen3-8B,MMLU_selected_subjects,conspiracy_178,wordd,0.587,28
2025-12-09 15:10:30,Qwen/Qwen3-8B,MMLU_selected_subjects,conspiracy_402,chara,0.551,28
2025-12-09 15:11:59,Qwen/Qwen3-8B,MMLU_selected_subjects,conspiracy_853,clean,0.533,28
2025-12-09 15:12:27,Qwen/Qwen3-8B,MMLU_selected_subjects,conspiracy_627,meani,0.575,28
2025-12-09 15:14:15,Qwen/Qwen3-8B,MMLU_selected_subjects,conspiracy_178,chara,0.534,28
2025-12-09 15:15:16,Qwen/Qwen3-8B,MMLU_selected_subjects,conspiracy_403,clean,0.550,28
2025-12-09 15:16:51,Qwen/Qwen3-8B,MMLU_selected_subjects,conspiracy_853,meani,0.563,28
2025-12-09 15:17:20,Qwen/Qwen3-8B,MMLU_selected_subjects,conspiracy_627,wordd,0.553,28
2025-12-09 15:19:09,Qwen/Qwen3-8B,MMLU_selected_subjects,conspiracy_179,clean,0.593,28
2025-12-09 15:20:00,Qwen/Qwen3-8B,MMLU_selected_subjects,conspiracy_403,meani,0.601,28
2025-12-09 15:21:42,Qwen/Qwen3-8B,MMLU_selected_subjects,conspiracy_853,wordd,0.559,28
2025-12-09 15:22:49,Qwen/Qwen3-8B,MMLU_selected_subjects,conspiracy_627,chara,0.521,28
2025-12-09 15:24:03,Qwen/Qwen3-8B,MMLU_selected_subjects,conspiracy_179,meani,0.583,28
2025-12-09 15:24:46,Qwen/Qwen3-8B,MMLU_selected_subjects,conspiracy_403,wordd,0.587,28
2025-12-09 15:27:07,Qwen/Qwen3-8B,MMLU_selected_subjects,conspiracy_853,chara,0.514,28
2025-12-09 15:27:28,Qwen/Qwen3-8B,MMLU_selected_subjects,conspiracy_628,clean,0.600,28
2025-12-09 15:28:59,Qwen/Qwen3-8B,MMLU_selected_subjects,conspiracy_179,wordd,0.590,28
2025-12-09 15:30:00,Qwen/Qwen3-8B,MMLU_selected_subjects,conspiracy_403,chara,0.552,28
2025-12-09 15:31:52,Qwen/Qwen3-8B,MMLU_selected_subjects,conspiracy_854,clean,0.619,28
2025-12-09 15:32:09,Qwen/Qwen3-8B,MMLU_selected_subjects,conspiracy_628,meani,0.594,28
2025-12-09 15:34:31,Qwen/Qwen3-8B,MMLU_selected_subjects,conspiracy_179,chara,0.546,28
2025-12-09 15:34:34,Qwen/Qwen3-8B,MMLU_selected_subjects,conspiracy_404,clean,0.607,28
2025-12-09 15:36:38,Qwen/Qwen3-8B,MMLU_selected_subjects,conspiracy_854,meani,0.585,28
2025-12-09 15:36:47,Qwen/Qwen3-8B,MMLU_selected_subjects,conspiracy_628,wordd,0.586,28
2025-12-09 15:39:13,Qwen/Qwen3-8B,MMLU_selected_subjects,conspiracy_404,meani,0.611,28
2025-12-09 15:39:33,Qwen/Qwen3-8B,MMLU_selected_subjects,conspiracy_18,clean,0.597,28
2025-12-09 15:41:25,Qwen/Qwen3-8B,MMLU_selected_subjects,conspiracy_854,wordd,0.567,28
2025-12-09 15:41:45,Qwen/Qwen3-8B,MMLU_selected_subjects,conspiracy_628,chara,0.543,28
2025-12-09 15:43:49,Qwen/Qwen3-8B,MMLU_selected_subjects,conspiracy_404,wordd,0.608,28
2025-12-09 15:44:30,Qwen/Qwen3-8B,MMLU_selected_subjects,conspiracy_18,meani,0.574,28
2025-12-09 15:46:38,Qwen/Qwen3-8B,MMLU_selected_subjects,conspiracy_854,chara,0.550,28
2025-12-09 15:46:39,Qwen/Qwen3-8B,MMLU_selected_subjects,conspiracy_629,clean,0.573,28
2025-12-09 15:48:41,Qwen/Qwen3-8B,MMLU_selected_subjects,conspiracy_404,chara,0.574,28
2025-12-09 15:49:28,Qwen/Qwen3-8B,MMLU_selected_subjects,conspiracy_18,wordd,0.595,28
2025-12-09 15:51:24,Qwen/Qwen3-8B,MMLU_selected_subjects,conspiracy_855,clean,0.588,28
2025-12-09 15:51:41,Qwen/Qwen3-8B,MMLU_selected_subjects,conspiracy_629,meani,0.529,28
2025-12-09 15:53:39,Qwen/Qwen3-8B,MMLU_selected_subjects,conspiracy_405,clean,0.600,28
2025-12-09 15:54:56,Qwen/Qwen3-8B,MMLU_selected_subjects,conspiracy_18,chara,0.532,28
2025-12-09 15:56:07,Qwen/Qwen3-8B,MMLU_selected_subjects,conspiracy_855,meani,0.591,28
2025-12-09 15:56:37,Qwen/Qwen3-8B,MMLU_selected_subjects,conspiracy_629,wordd,0.567,28
2025-12-09 15:58:34,Qwen/Qwen3-8B,MMLU_selected_subjects,conspiracy_405,meani,0.570,28
2025-12-09 16:00:05,Qwen/Qwen3-8B,MMLU_selected_subjects,conspiracy_180,clean,0.577,28
2025-12-09 16:00:51,Qwen/Qwen3-8B,MMLU_selected_subjects,conspiracy_855,wordd,0.574,28
2025-12-09 16:02:09,Qwen/Qwen3-8B,MMLU_selected_subjects,conspiracy_629,chara,0.531,28
2025-12-09 16:03:26,Qwen/Qwen3-8B,MMLU_selected_subjects,conspiracy_405,wordd,0.535,28
2025-12-09 16:05:13,Qwen/Qwen3-8B,MMLU_selected_subjects,conspiracy_180,meani,0.573,28
2025-12-09 16:05:53,Qwen/Qwen3-8B,MMLU_selected_subjects,conspiracy_855,chara,0.519,28
2025-12-09 16:06:47,Qwen/Qwen3-8B,MMLU_selected_subjects,conspiracy_63,clean,0.586,28
2025-12-09 16:09:01,Qwen/Qwen3-8B,MMLU_selected_subjects,conspiracy_405,chara,0.554,28
2025-12-09 16:10:15,Qwen/Qwen3-8B,MMLU_selected_subjects,conspiracy_180,wordd,0.578,28
2025-12-09 16:10:42,Qwen/Qwen3-8B,MMLU_selected_subjects,conspiracy_856,clean,0.550,28
2025-12-09 16:11:26,Qwen/Qwen3-8B,MMLU_selected_subjects,conspiracy_63,meani,0.592,28
2025-12-09 16:13:42,Qwen/Qwen3-8B,MMLU_selected_subjects,conspiracy_406,clean,0.599,28
2025-12-09 16:15:29,Qwen/Qwen3-8B,MMLU_selected_subjects,conspiracy_856,meani,0.594,28
2025-12-09 16:15:56,Qwen/Qwen3-8B,MMLU_selected_subjects,conspiracy_180,chara,0.579,28
2025-12-09 16:16:03,Qwen/Qwen3-8B,MMLU_selected_subjects,conspiracy_63,wordd,0.551,28
2025-12-09 16:18:23,Qwen/Qwen3-8B,MMLU_selected_subjects,conspiracy_406,meani,0.605,28
2025-12-09 16:20:12,Qwen/Qwen3-8B,MMLU_selected_subjects,conspiracy_856,wordd,0.590,28
2025-12-09 16:20:41,Qwen/Qwen3-8B,MMLU_selected_subjects,conspiracy_181,clean,0.585,28
2025-12-09 16:21:00,Qwen/Qwen3-8B,MMLU_selected_subjects,conspiracy_63,chara,0.571,28
2025-12-09 16:23:01,Qwen/Qwen3-8B,MMLU_selected_subjects,conspiracy_406,wordd,0.598,28
2025-12-09 16:25:11,Qwen/Qwen3-8B,MMLU_selected_subjects,conspiracy_856,chara,0.540,28
2025-12-09 16:25:24,Qwen/Qwen3-8B,MMLU_selected_subjects,conspiracy_181,meani,0.573,28
2025-12-09 16:25:53,Qwen/Qwen3-8B,MMLU_selected_subjects,conspiracy_630,clean,0.555,28
2025-12-09 16:28:02,Qwen/Qwen3-8B,MMLU_selected_subjects,conspiracy_406,chara,0.547,28
2025-12-09 16:30:08,Qwen/Qwen3-8B,MMLU_selected_subjects,conspiracy_181,wordd,0.587,28
2025-12-09 16:30:15,Qwen/Qwen3-8B,MMLU_selected_subjects,conspiracy_857,clean,0.578,28
2025-12-09 16:30:46,Qwen/Qwen3-8B,MMLU_selected_subjects,conspiracy_630,meani,0.548,28
2025-12-09 16:32:35,Qwen/Qwen3-8B,MMLU_selected_subjects,conspiracy_407,clean,0.560,28
2025-12-09 16:35:11,Qwen/Qwen3-8B,MMLU_selected_subjects,conspiracy_181,chara,0.533,28
2025-12-09 16:35:18,Qwen/Qwen3-8B,MMLU_selected_subjects,conspiracy_857,meani,0.551,28
2025-12-09 16:35:42,Qwen/Qwen3-8B,MMLU_selected_subjects,conspiracy_630,wordd,0.549,28
2025-12-09 16:37:11,Qwen/Qwen3-8B,MMLU_selected_subjects,conspiracy_407,meani,0.565,28
2025-12-09 16:39:53,Qwen/Qwen3-8B,MMLU_selected_subjects,conspiracy_182,clean,0.614,28
2025-12-09 16:40:22,Qwen/Qwen3-8B,MMLU_selected_subjects,conspiracy_857,wordd,0.444,28
2025-12-09 16:41:10,Qwen/Qwen3-8B,MMLU_selected_subjects,conspiracy_630,chara,0.528,28
2025-12-09 16:41:44,Qwen/Qwen3-8B,MMLU_selected_subjects,conspiracy_407,wordd,0.576,28
2025-12-09 16:44:35,Qwen/Qwen3-8B,MMLU_selected_subjects,conspiracy_182,meani,0.614,28
2025-12-09 16:45:48,Qwen/Qwen3-8B,MMLU_selected_subjects,conspiracy_631,clean,0.577,28
2025-12-09 16:46:11,Qwen/Qwen3-8B,MMLU_selected_subjects,conspiracy_857,chara,0.535,28
2025-12-09 16:46:32,Qwen/Qwen3-8B,MMLU_selected_subjects,conspiracy_407,chara,0.550,28
2025-12-09 16:49:16,Qwen/Qwen3-8B,MMLU_selected_subjects,conspiracy_182,wordd,0.595,28
2025-12-09 16:50:29,Qwen/Qwen3-8B,MMLU_selected_subjects,conspiracy_631,meani,0.579,28
2025-12-09 16:51:08,Qwen/Qwen3-8B,MMLU_selected_subjects,conspiracy_408,clean,0.559,28
2025-12-09 16:51:12,Qwen/Qwen3-8B,MMLU_selected_subjects,conspiracy_858,clean,0.595,28
2025-12-09 16:54:20,Qwen/Qwen3-8B,MMLU_selected_subjects,conspiracy_182,chara,0.558,28
2025-12-09 16:55:09,Qwen/Qwen3-8B,MMLU_selected_subjects,conspiracy_631,wordd,0.575,28
2025-12-09 16:55:45,Qwen/Qwen3-8B,MMLU_selected_subjects,conspiracy_408,meani,0.587,28
2025-12-09 16:56:12,Qwen/Qwen3-8B,MMLU_selected_subjects,conspiracy_858,meani,0.539,28
2025-12-09 16:58:59,Qwen/Qwen3-8B,MMLU_selected_subjects,conspiracy_183,clean,0.587,28
2025-12-09 17:00:08,Qwen/Qwen3-8B,MMLU_selected_subjects,conspiracy_631,chara,0.525,28
2025-12-09 17:00:25,Qwen/Qwen3-8B,MMLU_selected_subjects,conspiracy_408,wordd,0.581,28
2025-12-09 17:01:12,Qwen/Qwen3-8B,MMLU_selected_subjects,conspiracy_858,wordd,0.537,28
2025-12-09 17:03:40,Qwen/Qwen3-8B,MMLU_selected_subjects,conspiracy_183,meani,0.593,28
2025-12-09 17:04:38,Qwen/Qwen3-8B,MMLU_selected_subjects,conspiracy_632,clean,0.582,28
2025-12-09 17:05:24,Qwen/Qwen3-8B,MMLU_selected_subjects,conspiracy_408,chara,0.550,28
2025-12-09 17:06:58,Qwen/Qwen3-8B,MMLU_selected_subjects,conspiracy_858,chara,0.534,28
2025-12-09 17:08:28,Qwen/Qwen3-8B,MMLU_selected_subjects,conspiracy_183,wordd,0.602,28
2025-12-09 17:09:07,Qwen/Qwen3-8B,MMLU_selected_subjects,conspiracy_632,meani,0.564,28
2025-12-09 17:10:16,Qwen/Qwen3-8B,MMLU_selected_subjects,conspiracy_409,clean,0.568,28
2025-12-09 17:11:42,Qwen/Qwen3-8B,MMLU_selected_subjects,conspiracy_859,clean,0.562,28
2025-12-09 17:13:38,Qwen/Qwen3-8B,MMLU_selected_subjects,conspiracy_632,wordd,0.594,28
2025-12-09 17:13:39,Qwen/Qwen3-8B,MMLU_selected_subjects,conspiracy_183,chara,0.529,28
2025-12-09 17:15:01,Qwen/Qwen3-8B,MMLU_selected_subjects,conspiracy_409,meani,0.573,28
2025-12-09 17:16:26,Qwen/Qwen3-8B,MMLU_selected_subjects,conspiracy_859,meani,0.570,28
2025-12-09 17:18:19,Qwen/Qwen3-8B,MMLU_selected_subjects,conspiracy_184,clean,0.564,28
2025-12-09 17:18:23,Qwen/Qwen3-8B,MMLU_selected_subjects,conspiracy_632,chara,0.511,28
2025-12-09 17:19:47,Qwen/Qwen3-8B,MMLU_selected_subjects,conspiracy_409,wordd,0.588,28
2025-12-09 17:21:09,Qwen/Qwen3-8B,MMLU_selected_subjects,conspiracy_859,wordd,0.576,28
2025-12-09 17:22:56,Qwen/Qwen3-8B,MMLU_selected_subjects,conspiracy_184,meani,0.583,28
2025-12-09 17:23:07,Qwen/Qwen3-8B,MMLU_selected_subjects,conspiracy_633,clean,0.585,28
2025-12-09 17:25:13,Qwen/Qwen3-8B,MMLU_selected_subjects,conspiracy_409,chara,0.555,28
2025-12-09 17:26:21,Qwen/Qwen3-8B,MMLU_selected_subjects,conspiracy_859,chara,0.521,28
2025-12-09 17:27:31,Qwen/Qwen3-8B,MMLU_selected_subjects,conspiracy_184,wordd,0.571,28
2025-12-09 17:27:52,Qwen/Qwen3-8B,MMLU_selected_subjects,conspiracy_633,meani,0.586,28
2025-12-09 17:30:05,Qwen/Qwen3-8B,MMLU_selected_subjects,conspiracy_41,clean,0.608,28
2025-12-09 17:31:12,Qwen/Qwen3-8B,MMLU_selected_subjects,conspiracy_86,clean,0.569,28
2025-12-09 17:32:15,Qwen/Qwen3-8B,MMLU_selected_subjects,conspiracy_184,chara,0.532,28
2025-12-09 17:32:33,Qwen/Qwen3-8B,MMLU_selected_subjects,conspiracy_633,wordd,0.569,28
2025-12-09 17:34:59,Qwen/Qwen3-8B,MMLU_selected_subjects,conspiracy_41,meani,0.579,28
2025-12-09 17:36:01,Qwen/Qwen3-8B,MMLU_selected_subjects,conspiracy_86,meani,0.594,28
2025-12-09 17:36:59,Qwen/Qwen3-8B,MMLU_selected_subjects,conspiracy_185,clean,0.595,28
2025-12-09 17:37:42,Qwen/Qwen3-8B,MMLU_selected_subjects,conspiracy_633,chara,0.547,28
2025-12-09 17:39:53,Qwen/Qwen3-8B,MMLU_selected_subjects,conspiracy_41,wordd,0.575,28
2025-12-09 17:40:51,Qwen/Qwen3-8B,MMLU_selected_subjects,conspiracy_86,wordd,0.571,28
2025-12-09 17:41:42,Qwen/Qwen3-8B,MMLU_selected_subjects,conspiracy_185,meani,0.593,28
2025-12-09 17:42:15,Qwen/Qwen3-8B,MMLU_selected_subjects,conspiracy_634,clean,0.585,28
2025-12-09 17:45:15,Qwen/Qwen3-8B,MMLU_selected_subjects,conspiracy_41,chara,0.541,28
2025-12-09 17:46:16,Qwen/Qwen3-8B,MMLU_selected_subjects,conspiracy_86,chara,0.564,28
2025-12-09 17:46:26,Qwen/Qwen3-8B,MMLU_selected_subjects,conspiracy_185,wordd,0.590,28
2025-12-09 17:46:53,Qwen/Qwen3-8B,MMLU_selected_subjects,conspiracy_634,meani,0.586,28
2025-12-09 17:49:56,Qwen/Qwen3-8B,MMLU_selected_subjects,conspiracy_410,clean,0.583,28
2025-12-09 17:51:01,Qwen/Qwen3-8B,MMLU_selected_subjects,conspiracy_860,clean,0.607,28
2025-12-09 17:51:27,Qwen/Qwen3-8B,MMLU_selected_subjects,conspiracy_634,wordd,0.592,28
2025-12-09 17:51:39,Qwen/Qwen3-8B,MMLU_selected_subjects,conspiracy_185,chara,0.536,28
2025-12-09 17:54:29,Qwen/Qwen3-8B,MMLU_selected_subjects,conspiracy_410,meani,0.577,28
2025-12-09 17:55:46,Qwen/Qwen3-8B,MMLU_selected_subjects,conspiracy_860,meani,0.591,28
2025-12-09 17:56:14,Qwen/Qwen3-8B,MMLU_selected_subjects,conspiracy_634,chara,0.566,28
2025-12-09 17:56:19,Qwen/Qwen3-8B,MMLU_selected_subjects,conspiracy_186,clean,0.588,28
2025-12-09 17:59:03,Qwen/Qwen3-8B,MMLU_selected_subjects,conspiracy_410,wordd,0.604,28
2025-12-09 18:00:31,Qwen/Qwen3-8B,MMLU_selected_subjects,conspiracy_860,wordd,0.595,28
2025-12-09 18:00:43,Qwen/Qwen3-8B,MMLU_selected_subjects,conspiracy_635,clean,0.605,28
2025-12-09 18:00:59,Qwen/Qwen3-8B,MMLU_selected_subjects,conspiracy_186,meani,0.591,28
2025-12-09 18:04:02,Qwen/Qwen3-8B,MMLU_selected_subjects,conspiracy_410,chara,0.528,28
2025-12-09 18:05:15,Qwen/Qwen3-8B,MMLU_selected_subjects,conspiracy_635,meani,0.589,28
2025-12-09 18:05:41,Qwen/Qwen3-8B,MMLU_selected_subjects,conspiracy_186,wordd,0.583,28
2025-12-09 18:05:42,Qwen/Qwen3-8B,MMLU_selected_subjects,conspiracy_860,chara,0.536,28
2025-12-09 18:08:33,Qwen/Qwen3-8B,MMLU_selected_subjects,conspiracy_411,clean,0.603,28
2025-12-09 18:09:47,Qwen/Qwen3-8B,MMLU_selected_subjects,conspiracy_635,wordd,0.533,28
2025-12-09 18:10:33,Qwen/Qwen3-8B,MMLU_selected_subjects,conspiracy_186,chara,0.527,28
2025-12-09 18:10:33,Qwen/Qwen3-8B,MMLU_selected_subjects,conspiracy_861,clean,0.566,28
2025-12-09 18:13:01,Qwen/Qwen3-8B,MMLU_selected_subjects,conspiracy_411,meani,0.572,28
2025-12-09 18:14:31,Qwen/Qwen3-8B,MMLU_selected_subjects,conspiracy_635,chara,0.540,28
2025-12-09 18:15:14,Qwen/Qwen3-8B,MMLU_selected_subjects,conspiracy_187,clean,0.593,28
2025-12-09 18:15:26,Qwen/Qwen3-8B,MMLU_selected_subjects,conspiracy_861,meani,0.599,28
2025-12-09 18:17:28,Qwen/Qwen3-8B,MMLU_selected_subjects,conspiracy_411,wordd,0.578,28
2025-12-09 18:19:06,Qwen/Qwen3-8B,MMLU_selected_subjects,conspiracy_636,clean,0.573,28
2025-12-09 18:19:53,Qwen/Qwen3-8B,MMLU_selected_subjects,conspiracy_187,meani,0.604,28
2025-12-09 18:20:18,Qwen/Qwen3-8B,MMLU_selected_subjects,conspiracy_861,wordd,0.585,28
2025-12-09 18:22:10,Qwen/Qwen3-8B,MMLU_selected_subjects,conspiracy_411,chara,0.536,28
2025-12-09 18:23:37,Qwen/Qwen3-8B,MMLU_selected_subjects,conspiracy_636,meani,0.570,28
2025-12-09 18:24:33,Qwen/Qwen3-8B,MMLU_selected_subjects,conspiracy_187,wordd,0.609,28
2025-12-09 18:25:44,Qwen/Qwen3-8B,MMLU_selected_subjects,conspiracy_861,chara,0.540,28
2025-12-09 18:26:47,Qwen/Qwen3-8B,MMLU_selected_subjects,conspiracy_412,clean,0.532,28
2025-12-09 18:28:07,Qwen/Qwen3-8B,MMLU_selected_subjects,conspiracy_636,wordd,0.539,28
2025-12-09 18:29:37,Qwen/Qwen3-8B,MMLU_selected_subjects,conspiracy_187,chara,0.557,28
2025-12-09 18:30:12,Qwen/Qwen3-8B,MMLU_selected_subjects,conspiracy_862,clean,0.587,28
2025-12-09 18:31:25,Qwen/Qwen3-8B,MMLU_selected_subjects,conspiracy_412,meani,0.573,28
2025-12-09 18:32:55,Qwen/Qwen3-8B,MMLU_selected_subjects,conspiracy_636,chara,0.530,28
2025-12-09 18:34:42,Qwen/Qwen3-8B,MMLU_selected_subjects,conspiracy_188,clean,0.534,28
2025-12-09 18:34:43,Qwen/Qwen3-8B,MMLU_selected_subjects,conspiracy_862,meani,0.575,28
2025-12-09 18:36:09,Qwen/Qwen3-8B,MMLU_selected_subjects,conspiracy_412,wordd,0.532,28
2025-12-09 18:37:41,Qwen/Qwen3-8B,MMLU_selected_subjects,conspiracy_637,clean,0.584,28
2025-12-09 18:39:14,Qwen/Qwen3-8B,MMLU_selected_subjects,conspiracy_862,wordd,0.587,28
2025-12-09 18:39:45,Qwen/Qwen3-8B,MMLU_selected_subjects,conspiracy_188,meani,0.578,28
2025-12-09 18:41:21,Qwen/Qwen3-8B,MMLU_selected_subjects,conspiracy_412,chara,0.529,28
2025-12-09 18:42:25,Qwen/Qwen3-8B,MMLU_selected_subjects,conspiracy_637,meani,0.571,28
2025-12-09 18:43:57,Qwen/Qwen3-8B,MMLU_selected_subjects,conspiracy_862,chara,0.545,28
2025-12-09 18:44:56,Qwen/Qwen3-8B,MMLU_selected_subjects,conspiracy_188,wordd,0.571,28
2025-12-09 18:46:05,Qwen/Qwen3-8B,MMLU_selected_subjects,conspiracy_413,clean,0.566,28
2025-12-09 18:47:10,Qwen/Qwen3-8B,MMLU_selected_subjects,conspiracy_637,wordd,0.554,28
2025-12-09 18:48:48,Qwen/Qwen3-8B,MMLU_selected_subjects,conspiracy_863,clean,0.552,28
2025-12-09 18:50:34,Qwen/Qwen3-8B,MMLU_selected_subjects,conspiracy_188,chara,0.541,28
2025-12-09 18:50:45,Qwen/Qwen3-8B,MMLU_selected_subjects,conspiracy_413,meani,0.523,28
2025-12-09 18:52:16,Qwen/Qwen3-8B,MMLU_selected_subjects,conspiracy_637,chara,0.539,28
2025-12-09 18:53:37,Qwen/Qwen3-8B,MMLU_selected_subjects,conspiracy_863,meani,0.591,28
2025-12-09 18:55:28,Qwen/Qwen3-8B,MMLU_selected_subjects,conspiracy_413,wordd,0.552,28
2025-12-09 18:55:42,Qwen/Qwen3-8B,MMLU_selected_subjects,conspiracy_189,clean,0.597,28
2025-12-09 18:57:10,Qwen/Qwen3-8B,MMLU_selected_subjects,conspiracy_638,clean,0.560,28
2025-12-09 18:58:27,Qwen/Qwen3-8B,MMLU_selected_subjects,conspiracy_863,wordd,0.559,28
2025-12-09 19:00:26,Qwen/Qwen3-8B,MMLU_selected_subjects,conspiracy_413,chara,0.535,28
2025-12-09 19:00:52,Qwen/Qwen3-8B,MMLU_selected_subjects,conspiracy_189,meani,0.586,28
2025-12-09 19:02:02,Qwen/Qwen3-8B,MMLU_selected_subjects,conspiracy_638,meani,0.564,28
2025-12-09 19:03:52,Qwen/Qwen3-8B,MMLU_selected_subjects,conspiracy_863,chara,0.524,28
2025-12-09 19:05:06,Qwen/Qwen3-8B,MMLU_selected_subjects,conspiracy_414,clean,0.558,28
2025-12-09 19:05:59,Qwen/Qwen3-8B,MMLU_selected_subjects,conspiracy_189,wordd,0.558,28
2025-12-09 19:06:53,Qwen/Qwen3-8B,MMLU_selected_subjects,conspiracy_638,wordd,0.574,28
2025-12-09 19:08:59,Qwen/Qwen3-8B,MMLU_selected_subjects,conspiracy_864,clean,0.587,28
2025-12-09 19:09:41,Qwen/Qwen3-8B,MMLU_selected_subjects,conspiracy_414,meani,0.563,28
2025-12-09 19:11:39,Qwen/Qwen3-8B,MMLU_selected_subjects,conspiracy_189,chara,0.571,28
2025-12-09 19:12:09,Qwen/Qwen3-8B,MMLU_selected_subjects,conspiracy_638,chara,0.547,28
2025-12-09 19:14:05,Qwen/Qwen3-8B,MMLU_selected_subjects,conspiracy_864,meani,0.601,28
2025-12-09 19:14:10,Qwen/Qwen3-8B,MMLU_selected_subjects,conspiracy_414,wordd,0.556,28
2025-12-09 19:16:33,Qwen/Qwen3-8B,MMLU_selected_subjects,conspiracy_19,clean,0.582,28
2025-12-09 19:16:53,Qwen/Qwen3-8B,MMLU_selected_subjects,conspiracy_639,clean,0.613,28
2025-12-09 19:18:57,Qwen/Qwen3-8B,MMLU_selected_subjects,conspiracy_414,chara,0.551,28
2025-12-09 19:19:08,Qwen/Qwen3-8B,MMLU_selected_subjects,conspiracy_864,wordd,0.583,28
2025-12-09 19:21:30,Qwen/Qwen3-8B,MMLU_selected_subjects,conspiracy_19,meani,0.552,28
2025-12-09 19:21:43,Qwen/Qwen3-8B,MMLU_selected_subjects,conspiracy_639,meani,0.591,28
2025-12-09 19:23:54,Qwen/Qwen3-8B,MMLU_selected_subjects,conspiracy_415,clean,0.559,28
2025-12-09 19:24:41,Qwen/Qwen3-8B,MMLU_selected_subjects,conspiracy_864,chara,0.561,28
2025-12-09 19:26:23,Qwen/Qwen3-8B,MMLU_selected_subjects,conspiracy_19,wordd,0.573,28
2025-12-09 19:26:29,Qwen/Qwen3-8B,MMLU_selected_subjects,conspiracy_639,wordd,0.594,28
2025-12-09 19:28:52,Qwen/Qwen3-8B,MMLU_selected_subjects,conspiracy_415,meani,0.555,28
2025-12-09 19:29:12,Qwen/Qwen3-8B,MMLU_selected_subjects,conspiracy_865,clean,0.585,28
2025-12-09 19:31:48,Qwen/Qwen3-8B,MMLU_selected_subjects,conspiracy_639,chara,0.540,28
2025-12-09 19:31:59,Qwen/Qwen3-8B,MMLU_selected_subjects,conspiracy_19,chara,0.571,28
2025-12-09 19:33:43,Qwen/Qwen3-8B,MMLU_selected_subjects,conspiracy_865,meani,0.566,28
2025-12-09 19:33:56,Qwen/Qwen3-8B,MMLU_selected_subjects,conspiracy_415,wordd,0.568,28
2025-12-09 19:36:23,Qwen/Qwen3-8B,MMLU_selected_subjects,conspiracy_64,clean,0.601,28
2025-12-09 19:36:49,Qwen/Qwen3-8B,MMLU_selected_subjects,conspiracy_190,clean,0.557,28
2025-12-09 19:38:13,Qwen/Qwen3-8B,MMLU_selected_subjects,conspiracy_865,wordd,0.563,28
2025-12-09 19:39:39,Qwen/Qwen3-8B,MMLU_selected_subjects,conspiracy_415,chara,0.536,28
2025-12-09 19:40:59,Qwen/Qwen3-8B,MMLU_selected_subjects,conspiracy_64,meani,0.582,28
2025-12-09 19:41:42,Qwen/Qwen3-8B,MMLU_selected_subjects,conspiracy_190,meani,0.561,28
2025-12-09 19:42:55,Qwen/Qwen3-8B,MMLU_selected_subjects,conspiracy_865,chara,0.527,28
2025-12-09 19:44:39,Qwen/Qwen3-8B,MMLU_selected_subjects,conspiracy_416,clean,0.577,28
2025-12-09 19:45:31,Qwen/Qwen3-8B,MMLU_selected_subjects,conspiracy_64,wordd,0.561,28
2025-12-09 19:46:33,Qwen/Qwen3-8B,MMLU_selected_subjects,conspiracy_190,wordd,0.549,28
2025-12-09 19:47:33,Qwen/Qwen3-8B,MMLU_selected_subjects,conspiracy_866,clean,0.608,28
2025-12-09 19:49:37,Qwen/Qwen3-8B,MMLU_selected_subjects,conspiracy_416,meani,0.606,28
2025-12-09 19:50:17,Qwen/Qwen3-8B,MMLU_selected_subjects,conspiracy_64,chara,0.561,28
2025-12-09 19:51:48,Qwen/Qwen3-8B,MMLU_selected_subjects,conspiracy_190,chara,0.517,28
2025-12-09 19:52:11,Qwen/Qwen3-8B,MMLU_selected_subjects,conspiracy_866,meani,0.589,28
2025-12-09 19:54:36,Qwen/Qwen3-8B,MMLU_selected_subjects,conspiracy_416,wordd,0.558,28
2025-12-09 19:54:54,Qwen/Qwen3-8B,MMLU_selected_subjects,conspiracy_640,clean,0.566,28
2025-12-09 19:56:30,Qwen/Qwen3-8B,MMLU_selected_subjects,conspiracy_191,clean,0.577,28
2025-12-09 19:56:48,Qwen/Qwen3-8B,MMLU_selected_subjects,conspiracy_866,wordd,0.568,28
2025-12-09 19:59:31,Qwen/Qwen3-8B,MMLU_selected_subjects,conspiracy_640,meani,0.565,28
2025-12-09 20:00:27,Qwen/Qwen3-8B,MMLU_selected_subjects,conspiracy_416,chara,0.538,28
2025-12-09 20:01:09,Qwen/Qwen3-8B,MMLU_selected_subjects,conspiracy_191,meani,0.554,28
2025-12-09 20:01:43,Qwen/Qwen3-8B,MMLU_selected_subjects,conspiracy_866,chara,0.550,28
2025-12-09 20:04:08,Qwen/Qwen3-8B,MMLU_selected_subjects,conspiracy_640,wordd,0.583,28
2025-12-09 20:05:04,Qwen/Qwen3-8B,MMLU_selected_subjects,conspiracy_417,clean,0.535,28
2025-12-09 20:05:48,Qwen/Qwen3-8B,MMLU_selected_subjects,conspiracy_191,wordd,0.541,28
2025-12-09 20:06:18,Qwen/Qwen3-8B,MMLU_selected_subjects,conspiracy_867,clean,0.518,28
2025-12-09 20:09:02,Qwen/Qwen3-8B,MMLU_selected_subjects,conspiracy_640,chara,0.524,28
2025-12-09 20:09:41,Qwen/Qwen3-8B,MMLU_selected_subjects,conspiracy_417,meani,0.555,28
2025-12-09 20:10:52,Qwen/Qwen3-8B,MMLU_selected_subjects,conspiracy_867,meani,0.579,28
2025-12-09 20:10:54,Qwen/Qwen3-8B,MMLU_selected_subjects,conspiracy_191,chara,0.556,28
2025-12-09 20:13:50,Qwen/Qwen3-8B,MMLU_selected_subjects,conspiracy_641,clean,0.596,28
2025-12-09 20:14:15,Qwen/Qwen3-8B,MMLU_selected_subjects,conspiracy_417,wordd,0.530,28
2025-12-09 20:15:24,Qwen/Qwen3-8B,MMLU_selected_subjects,conspiracy_192,clean,0.536,28
2025-12-09 20:15:27,Qwen/Qwen3-8B,MMLU_selected_subjects,conspiracy_867,wordd,0.566,28
2025-12-09 20:18:35,Qwen/Qwen3-8B,MMLU_selected_subjects,conspiracy_641,meani,0.589,28
2025-12-09 20:19:10,Qwen/Qwen3-8B,MMLU_selected_subjects,conspiracy_417,chara,0.550,28
2025-12-09 20:19:56,Qwen/Qwen3-8B,MMLU_selected_subjects,conspiracy_192,meani,0.563,28
2025-12-09 20:20:15,Qwen/Qwen3-8B,MMLU_selected_subjects,conspiracy_867,chara,0.551,28
2025-12-09 20:23:23,Qwen/Qwen3-8B,MMLU_selected_subjects,conspiracy_641,wordd,0.588,28
2025-12-09 20:23:51,Qwen/Qwen3-8B,MMLU_selected_subjects,conspiracy_418,clean,0.569,28
2025-12-09 20:24:38,Qwen/Qwen3-8B,MMLU_selected_subjects,conspiracy_192,wordd,0.548,28
2025-12-09 20:24:48,Qwen/Qwen3-8B,MMLU_selected_subjects,conspiracy_868,clean,0.579,28
2025-12-09 20:28:30,Qwen/Qwen3-8B,MMLU_selected_subjects,conspiracy_418,meani,0.581,28
2025-12-09 20:28:40,Qwen/Qwen3-8B,MMLU_selected_subjects,conspiracy_641,chara,0.544,28
2025-12-09 20:29:23,Qwen/Qwen3-8B,MMLU_selected_subjects,conspiracy_868,meani,0.582,28
2025-12-09 20:29:23,Qwen/Qwen3-8B,MMLU_selected_subjects,conspiracy_192,chara,0.549,28
2025-12-09 20:33:11,Qwen/Qwen3-8B,MMLU_selected_subjects,conspiracy_418,wordd,0.586,28
2025-12-09 20:33:13,Qwen/Qwen3-8B,MMLU_selected_subjects,conspiracy_642,clean,0.593,28
2025-12-09 20:33:57,Qwen/Qwen3-8B,MMLU_selected_subjects,conspiracy_868,wordd,0.560,28
2025-12-09 20:33:59,Qwen/Qwen3-8B,MMLU_selected_subjects,conspiracy_193,clean,0.576,28
2025-12-09 20:37:46,Qwen/Qwen3-8B,MMLU_selected_subjects,conspiracy_642,meani,0.600,28
2025-12-09 20:38:08,Qwen/Qwen3-8B,MMLU_selected_subjects,conspiracy_418,chara,0.517,28
2025-12-09 20:38:37,Qwen/Qwen3-8B,MMLU_selected_subjects,conspiracy_193,meani,0.573,28
2025-12-09 20:38:50,Qwen/Qwen3-8B,MMLU_selected_subjects,conspiracy_868,chara,0.488,28
2025-12-09 20:42:18,Qwen/Qwen3-8B,MMLU_selected_subjects,conspiracy_642,wordd,0.578,28
2025-12-09 20:43:08,Qwen/Qwen3-8B,MMLU_selected_subjects,conspiracy_419,clean,0.577,28
2025-12-09 20:43:16,Qwen/Qwen3-8B,MMLU_selected_subjects,conspiracy_193,wordd,0.561,28
2025-12-09 20:43:43,Qwen/Qwen3-8B,MMLU_selected_subjects,conspiracy_869,clean,0.597,28
2025-12-09 20:47:00,Qwen/Qwen3-8B,MMLU_selected_subjects,conspiracy_642,chara,0.561,28
2025-12-09 20:48:06,Qwen/Qwen3-8B,MMLU_selected_subjects,conspiracy_193,chara,0.575,28
2025-12-09 20:48:09,Qwen/Qwen3-8B,MMLU_selected_subjects,conspiracy_419,meani,0.591,28
2025-12-09 20:48:36,Qwen/Qwen3-8B,MMLU_selected_subjects,conspiracy_869,meani,0.584,28
2025-12-09 20:52:07,Qwen/Qwen3-8B,MMLU_selected_subjects,conspiracy_643,clean,0.566,28
2025-12-09 20:52:37,Qwen/Qwen3-8B,MMLU_selected_subjects,conspiracy_194,clean,0.592,28
2025-12-09 20:53:04,Qwen/Qwen3-8B,MMLU_selected_subjects,conspiracy_419,wordd,0.517,28
2025-12-09 20:53:28,Qwen/Qwen3-8B,MMLU_selected_subjects,conspiracy_869,wordd,0.564,28
2025-12-09 20:57:11,Qwen/Qwen3-8B,MMLU_selected_subjects,conspiracy_194,meani,0.592,28
2025-12-09 20:57:12,Qwen/Qwen3-8B,MMLU_selected_subjects,conspiracy_643,meani,0.578,28
2025-12-09 20:58:35,Qwen/Qwen3-8B,MMLU_selected_subjects,conspiracy_419,chara,0.557,28
2025-12-09 20:58:55,Qwen/Qwen3-8B,MMLU_selected_subjects,conspiracy_869,chara,0.530,28
2025-12-09 21:01:44,Qwen/Qwen3-8B,MMLU_selected_subjects,conspiracy_194,wordd,0.602,28
2025-12-09 21:02:14,Qwen/Qwen3-8B,MMLU_selected_subjects,conspiracy_643,wordd,0.559,28
2025-12-09 21:03:10,Qwen/Qwen3-8B,MMLU_selected_subjects,conspiracy_42,clean,0.590,28
2025-12-09 21:03:52,Qwen/Qwen3-8B,MMLU_selected_subjects,conspiracy_87,clean,0.581,28
2025-12-09 21:06:25,Qwen/Qwen3-8B,MMLU_selected_subjects,conspiracy_194,chara,0.598,28
2025-12-09 21:07:45,Qwen/Qwen3-8B,MMLU_selected_subjects,conspiracy_42,meani,0.592,28
2025-12-09 21:08:08,Qwen/Qwen3-8B,MMLU_selected_subjects,conspiracy_643,chara,0.505,28
2025-12-09 21:08:48,Qwen/Qwen3-8B,MMLU_selected_subjects,conspiracy_87,meani,0.588,28
2025-12-09 21:11:19,Qwen/Qwen3-8B,MMLU_selected_subjects,conspiracy_195,clean,0.586,28
2025-12-09 21:12:23,Qwen/Qwen3-8B,MMLU_selected_subjects,conspiracy_42,wordd,0.510,28
2025-12-09 21:12:58,Qwen/Qwen3-8B,MMLU_selected_subjects,conspiracy_644,clean,0.604,28
2025-12-09 21:13:46,Qwen/Qwen3-8B,MMLU_selected_subjects,conspiracy_87,wordd,0.603,28
2025-12-09 21:16:22,Qwen/Qwen3-8B,MMLU_selected_subjects,conspiracy_195,meani,0.596,28
2025-12-09 21:17:23,Qwen/Qwen3-8B,MMLU_selected_subjects,conspiracy_42,chara,0.546,28
2025-12-09 21:17:44,Qwen/Qwen3-8B,MMLU_selected_subjects,conspiracy_644,meani,0.592,28
2025-12-09 21:19:21,Qwen/Qwen3-8B,MMLU_selected_subjects,conspiracy_87,chara,0.554,28
2025-12-09 21:21:20,Qwen/Qwen3-8B,MMLU_selected_subjects,conspiracy_195,wordd,0.589,28
2025-12-09 21:22:08,Qwen/Qwen3-8B,MMLU_selected_subjects,conspiracy_420,clean,0.553,28
2025-12-09 21:22:38,Qwen/Qwen3-8B,MMLU_selected_subjects,conspiracy_644,wordd,0.539,28
2025-12-09 21:23:58,Qwen/Qwen3-8B,MMLU_selected_subjects,conspiracy_870,clean,0.605,28
2025-12-09 21:26:44,Qwen/Qwen3-8B,MMLU_selected_subjects,conspiracy_195,chara,0.563,28
2025-12-09 21:26:47,Qwen/Qwen3-8B,MMLU_selected_subjects,conspiracy_420,meani,0.508,28
2025-12-09 21:27:51,Qwen/Qwen3-8B,MMLU_selected_subjects,conspiracy_644,chara,0.512,28
2025-12-09 21:28:35,Qwen/Qwen3-8B,MMLU_selected_subjects,conspiracy_870,meani,0.604,28
2025-12-09 21:31:18,Qwen/Qwen3-8B,MMLU_selected_subjects,conspiracy_196,clean,0.538,28
2025-12-09 21:31:33,Qwen/Qwen3-8B,MMLU_selected_subjects,conspiracy_420,wordd,0.500,28
2025-12-09 21:32:38,Qwen/Qwen3-8B,MMLU_selected_subjects,conspiracy_645,clean,0.624,28
2025-12-09 21:33:13,Qwen/Qwen3-8B,MMLU_selected_subjects,conspiracy_870,wordd,0.588,28
2025-12-09 21:35:55,Qwen/Qwen3-8B,MMLU_selected_subjects,conspiracy_196,meani,0.551,28
2025-12-09 21:36:44,Qwen/Qwen3-8B,MMLU_selected_subjects,conspiracy_420,chara,0.539,28
2025-12-09 21:37:28,Qwen/Qwen3-8B,MMLU_selected_subjects,conspiracy_645,meani,0.592,28
2025-12-09 21:38:14,Qwen/Qwen3-8B,MMLU_selected_subjects,conspiracy_870,chara,0.577,28
2025-12-09 21:40:30,Qwen/Qwen3-8B,MMLU_selected_subjects,conspiracy_196,wordd,0.546,28
2025-12-09 21:41:18,Qwen/Qwen3-8B,MMLU_selected_subjects,conspiracy_421,clean,0.619,28
2025-12-09 21:42:20,Qwen/Qwen3-8B,MMLU_selected_subjects,conspiracy_645,wordd,0.567,28
2025-12-09 21:42:43,Qwen/Qwen3-8B,MMLU_selected_subjects,conspiracy_871,clean,0.561,28
2025-12-09 21:45:23,Qwen/Qwen3-8B,MMLU_selected_subjects,conspiracy_196,chara,0.545,28
2025-12-09 21:45:54,Qwen/Qwen3-8B,MMLU_selected_subjects,conspiracy_421,meani,0.605,28
2025-12-09 21:47:11,Qwen/Qwen3-8B,MMLU_selected_subjects,conspiracy_871,meani,0.563,28
2025-12-09 21:47:34,Qwen/Qwen3-8B,MMLU_selected_subjects,conspiracy_645,chara,0.576,28
2025-12-09 21:50:15,Qwen/Qwen3-8B,MMLU_selected_subjects,conspiracy_197,clean,0.568,28
2025-12-09 21:50:25,Qwen/Qwen3-8B,MMLU_selected_subjects,conspiracy_421,wordd,0.622,28
2025-12-09 21:51:38,Qwen/Qwen3-8B,MMLU_selected_subjects,conspiracy_871,wordd,0.561,28
2025-12-09 21:52:09,Qwen/Qwen3-8B,MMLU_selected_subjects,conspiracy_646,clean,0.575,28
2025-12-09 21:55:11,Qwen/Qwen3-8B,MMLU_selected_subjects,conspiracy_197,meani,0.578,28
2025-12-09 21:55:20,Qwen/Qwen3-8B,MMLU_selected_subjects,conspiracy_421,chara,0.563,28
2025-12-09 21:56:19,Qwen/Qwen3-8B,MMLU_selected_subjects,conspiracy_871,chara,0.551,28
2025-12-09 21:56:41,Qwen/Qwen3-8B,MMLU_selected_subjects,conspiracy_646,meani,0.579,28
2025-12-09 21:59:59,Qwen/Qwen3-8B,MMLU_selected_subjects,conspiracy_422,clean,0.586,28
2025-12-09 22:00:01,Qwen/Qwen3-8B,MMLU_selected_subjects,conspiracy_197,wordd,0.586,28
2025-12-09 22:00:59,Qwen/Qwen3-8B,MMLU_selected_subjects,conspiracy_872,clean,0.596,28
2025-12-09 22:01:14,Qwen/Qwen3-8B,MMLU_selected_subjects,conspiracy_646,wordd,0.575,28
2025-12-09 22:04:29,Qwen/Qwen3-8B,MMLU_selected_subjects,conspiracy_422,meani,0.592,28
2025-12-09 22:05:19,Qwen/Qwen3-8B,MMLU_selected_subjects,conspiracy_197,chara,0.555,28
2025-12-09 22:05:36,Qwen/Qwen3-8B,MMLU_selected_subjects,conspiracy_872,meani,0.579,28
2025-12-09 22:06:06,Qwen/Qwen3-8B,MMLU_selected_subjects,conspiracy_646,chara,0.554,28
2025-12-09 22:09:02,Qwen/Qwen3-8B,MMLU_selected_subjects,conspiracy_422,wordd,0.563,28
2025-12-09 22:10:06,Qwen/Qwen3-8B,MMLU_selected_subjects,conspiracy_198,clean,0.604,28
2025-12-09 22:10:14,Qwen/Qwen3-8B,MMLU_selected_subjects,conspiracy_872,wordd,0.581,28
2025-12-09 22:11:10,Qwen/Qwen3-8B,MMLU_selected_subjects,conspiracy_647,clean,0.568,28
2025-12-09 22:13:52,Qwen/Qwen3-8B,MMLU_selected_subjects,conspiracy_422,chara,0.542,28
2025-12-09 22:14:56,Qwen/Qwen3-8B,MMLU_selected_subjects,conspiracy_198,meani,0.612,28
2025-12-09 22:15:17,Qwen/Qwen3-8B,MMLU_selected_subjects,conspiracy_872,chara,0.553,28
2025-12-09 22:16:10,Qwen/Qwen3-8B,MMLU_selected_subjects,conspiracy_647,meani,0.536,28
2025-12-09 22:18:34,Qwen/Qwen3-8B,MMLU_selected_subjects,conspiracy_423,clean,0.585,28
2025-12-09 22:19:49,Qwen/Qwen3-8B,MMLU_selected_subjects,conspiracy_198,wordd,0.575,28
2025-12-09 22:19:54,Qwen/Qwen3-8B,MMLU_selected_subjects,conspiracy_873,clean,0.605,28
2025-12-09 22:21:12,Qwen/Qwen3-8B,MMLU_selected_subjects,conspiracy_647,wordd,0.533,28
2025-12-09 22:23:12,Qwen/Qwen3-8B,MMLU_selected_subjects,conspiracy_423,meani,0.571,28
2025-12-09 22:24:29,Qwen/Qwen3-8B,MMLU_selected_subjects,conspiracy_873,meani,0.594,28
2025-12-09 22:25:01,Qwen/Qwen3-8B,MMLU_selected_subjects,conspiracy_198,chara,0.534,28
2025-12-09 22:26:55,Qwen/Qwen3-8B,MMLU_selected_subjects,conspiracy_647,chara,0.523,28
2025-12-09 22:27:51,Qwen/Qwen3-8B,MMLU_selected_subjects,conspiracy_423,wordd,0.586,28
2025-12-09 22:29:05,Qwen/Qwen3-8B,MMLU_selected_subjects,conspiracy_873,wordd,0.589,28
2025-12-09 22:29:51,Qwen/Qwen3-8B,MMLU_selected_subjects,conspiracy_199,clean,0.627,28
2025-12-09 22:31:34,Qwen/Qwen3-8B,MMLU_selected_subjects,conspiracy_648,clean,0.582,28
2025-12-09 22:32:52,Qwen/Qwen3-8B,MMLU_selected_subjects,conspiracy_423,chara,0.521,28
2025-12-09 22:33:57,Qwen/Qwen3-8B,MMLU_selected_subjects,conspiracy_873,chara,0.559,28
2025-12-09 22:34:31,Qwen/Qwen3-8B,MMLU_selected_subjects,conspiracy_199,meani,0.591,28
2025-12-09 22:36:12,Qwen/Qwen3-8B,MMLU_selected_subjects,conspiracy_648,meani,0.562,28
2025-12-09 22:37:33,Qwen/Qwen3-8B,MMLU_selected_subjects,conspiracy_424,clean,0.603,28
2025-12-09 22:38:53,Qwen/Qwen3-8B,MMLU_selected_subjects,conspiracy_874,clean,0.585,28
2025-12-09 22:39:14,Qwen/Qwen3-8B,MMLU_selected_subjects,conspiracy_199,wordd,0.599,28
2025-12-09 22:40:47,Qwen/Qwen3-8B,MMLU_selected_subjects,conspiracy_648,wordd,0.581,28
2025-12-09 22:42:08,Qwen/Qwen3-8B,MMLU_selected_subjects,conspiracy_424,meani,0.582,28
2025-12-09 22:43:49,Qwen/Qwen3-8B,MMLU_selected_subjects,conspiracy_874,meani,0.565,28
2025-12-09 22:44:14,Qwen/Qwen3-8B,MMLU_selected_subjects,conspiracy_199,chara,0.577,28
2025-12-09 22:45:51,Qwen/Qwen3-8B,MMLU_selected_subjects,conspiracy_648,chara,0.504,28
2025-12-09 22:46:45,Qwen/Qwen3-8B,MMLU_selected_subjects,conspiracy_424,wordd,0.563,28
2025-12-09 22:48:44,Qwen/Qwen3-8B,MMLU_selected_subjects,conspiracy_874,wordd,0.543,28
2025-12-09 22:48:48,Qwen/Qwen3-8B,MMLU_selected_subjects,conspiracy_2,clean,0.603,28
2025-12-09 22:50:32,Qwen/Qwen3-8B,MMLU_selected_subjects,conspiracy_649,clean,0.619,28
2025-12-09 22:51:47,Qwen/Qwen3-8B,MMLU_selected_subjects,conspiracy_424,chara,0.537,28
2025-12-09 22:53:24,Qwen/Qwen3-8B,MMLU_selected_subjects,conspiracy_2,meani,0.574,28
2025-12-09 22:54:27,Qwen/Qwen3-8B,MMLU_selected_subjects,conspiracy_874,chara,0.502,28
2025-12-09 22:55:16,Qwen/Qwen3-8B,MMLU_selected_subjects,conspiracy_649,meani,0.608,28
2025-12-09 22:56:27,Qwen/Qwen3-8B,MMLU_selected_subjects,conspiracy_425,clean,0.604,28
2025-12-09 22:57:55,Qwen/Qwen3-8B,MMLU_selected_subjects,conspiracy_2,wordd,0.561,28
2025-12-09 22:58:58,Qwen/Qwen3-8B,MMLU_selected_subjects,conspiracy_875,clean,0.598,28
2025-12-09 23:00:00,Qwen/Qwen3-8B,MMLU_selected_subjects,conspiracy_649,wordd,0.599,28
2025-12-09 23:01:04,Qwen/Qwen3-8B,MMLU_selected_subjects,conspiracy_425,meani,0.601,28
2025-12-09 23:02:48,Qwen/Qwen3-8B,MMLU_selected_subjects,conspiracy_2,chara,0.541,28
2025-12-09 23:03:27,Qwen/Qwen3-8B,MMLU_selected_subjects,conspiracy_875,meani,0.570,28
2025-12-09 23:05:18,Qwen/Qwen3-8B,MMLU_selected_subjects,conspiracy_649,chara,0.520,28
2025-12-09 23:05:41,Qwen/Qwen3-8B,MMLU_selected_subjects,conspiracy_425,wordd,0.582,28
2025-12-09 23:07:34,Qwen/Qwen3-8B,MMLU_selected_subjects,conspiracy_20,clean,0.582,28
2025-12-09 23:07:58,Qwen/Qwen3-8B,MMLU_selected_subjects,conspiracy_875,wordd,0.563,28
2025-12-09 23:10:04,Qwen/Qwen3-8B,MMLU_selected_subjects,conspiracy_65,clean,0.574,28
2025-12-09 23:10:34,Qwen/Qwen3-8B,MMLU_selected_subjects,conspiracy_425,chara,0.549,28
2025-12-09 23:12:22,Qwen/Qwen3-8B,MMLU_selected_subjects,conspiracy_20,meani,0.585,28
2025-12-09 23:12:41,Qwen/Qwen3-8B,MMLU_selected_subjects,conspiracy_875,chara,0.535,28
2025-12-09 23:14:45,Qwen/Qwen3-8B,MMLU_selected_subjects,conspiracy_65,meani,0.558,28
2025-12-09 23:15:15,Qwen/Qwen3-8B,MMLU_selected_subjects,conspiracy_426,clean,0.592,28
2025-12-09 23:17:12,Qwen/Qwen3-8B,MMLU_selected_subjects,conspiracy_20,wordd,0.582,28
2025-12-09 23:17:38,Qwen/Qwen3-8B,MMLU_selected_subjects,conspiracy_876,clean,0.586,28
2025-12-09 23:19:32,Qwen/Qwen3-8B,MMLU_selected_subjects,conspiracy_65,wordd,0.545,28
2025-12-09 23:19:56,Qwen/Qwen3-8B,MMLU_selected_subjects,conspiracy_426,meani,0.584,28
2025-12-09 23:22:26,Qwen/Qwen3-8B,MMLU_selected_subjects,conspiracy_20,chara,0.542,28
2025-12-09 23:22:36,Qwen/Qwen3-8B,MMLU_selected_subjects,conspiracy_876,meani,0.591,28
2025-12-09 23:24:37,Qwen/Qwen3-8B,MMLU_selected_subjects,conspiracy_426,wordd,0.574,28
2025-12-09 23:24:41,Qwen/Qwen3-8B,MMLU_selected_subjects,conspiracy_65,chara,0.557,28
2025-12-09 23:26:59,Qwen/Qwen3-8B,MMLU_selected_subjects,conspiracy_200,clean,0.569,28
2025-12-09 23:27:34,Qwen/Qwen3-8B,MMLU_selected_subjects,conspiracy_876,wordd,0.565,28
2025-12-09 23:29:42,Qwen/Qwen3-8B,MMLU_selected_subjects,conspiracy_426,chara,0.545,28
2025-12-09 23:30:08,Qwen/Qwen3-8B,MMLU_selected_subjects,conspiracy_650,clean,0.621,28
2025-12-09 23:31:30,Qwen/Qwen3-8B,MMLU_selected_subjects,conspiracy_200,meani,0.575,28
2025-12-09 23:33:09,Qwen/Qwen3-8B,MMLU_selected_subjects,conspiracy_876,chara,0.511,28
2025-12-09 23:34:26,Qwen/Qwen3-8B,MMLU_selected_subjects,conspiracy_427,clean,0.581,28
2025-12-09 23:35:33,Qwen/Qwen3-8B,MMLU_selected_subjects,conspiracy_650,meani,0.609,28
2025-12-09 23:36:07,Qwen/Qwen3-8B,MMLU_selected_subjects,conspiracy_200,wordd,0.568,28
2025-12-09 23:37:41,Qwen/Qwen3-8B,MMLU_selected_subjects,conspiracy_877,clean,0.568,28
2025-12-09 23:39:10,Qwen/Qwen3-8B,MMLU_selected_subjects,conspiracy_427,meani,0.582,28
2025-12-09 23:40:54,Qwen/Qwen3-8B,MMLU_selected_subjects,conspiracy_200,chara,0.562,28
2025-12-09 23:41:01,Qwen/Qwen3-8B,MMLU_selected_subjects,conspiracy_650,wordd,0.585,28
2025-12-09 23:42:11,Qwen/Qwen3-8B,MMLU_selected_subjects,conspiracy_877,meani,0.562,28
2025-12-09 23:43:51,Qwen/Qwen3-8B,MMLU_selected_subjects,conspiracy_427,wordd,0.602,28
2025-12-09 23:45:56,Qwen/Qwen3-8B,MMLU_selected_subjects,conspiracy_201,clean,0.607,28
2025-12-09 23:46:40,Qwen/Qwen3-8B,MMLU_selected_subjects,conspiracy_877,wordd,0.569,28
2025-12-09 23:47:09,Qwen/Qwen3-8B,MMLU_selected_subjects,conspiracy_650,chara,0.511,28
2025-12-09 23:48:59,Qwen/Qwen3-8B,MMLU_selected_subjects,conspiracy_427,chara,0.591,28
2025-12-09 23:50:58,Qwen/Qwen3-8B,MMLU_selected_subjects,conspiracy_201,meani,0.601,28
2025-12-09 23:51:23,Qwen/Qwen3-8B,MMLU_selected_subjects,conspiracy_877,chara,0.545,28
2025-12-09 23:51:52,Qwen/Qwen3-8B,MMLU_selected_subjects,conspiracy_651,clean,0.602,28
2025-12-09 23:53:55,Qwen/Qwen3-8B,MMLU_selected_subjects,conspiracy_428,clean,0.559,28
2025-12-09 23:55:59,Qwen/Qwen3-8B,MMLU_selected_subjects,conspiracy_201,wordd,0.589,28
2025-12-09 23:56:08,Qwen/Qwen3-8B,MMLU_selected_subjects,conspiracy_878,clean,0.578,28
2025-12-09 23:56:30,Qwen/Qwen3-8B,MMLU_selected_subjects,conspiracy_651,meani,0.590,28
2025-12-09 23:58:50,Qwen/Qwen3-8B,MMLU_selected_subjects,conspiracy_428,meani,0.554,28
2025-12-10 00:00:52,Qwen/Qwen3-8B,MMLU_selected_subjects,conspiracy_878,meani,0.573,28
2025-12-10 00:01:09,Qwen/Qwen3-8B,MMLU_selected_subjects,conspiracy_651,wordd,0.606,28
2025-12-10 00:01:58,Qwen/Qwen3-8B,MMLU_selected_subjects,conspiracy_201,chara,0.524,28
2025-12-10 00:03:44,Qwen/Qwen3-8B,MMLU_selected_subjects,conspiracy_428,wordd,0.583,28
2025-12-10 00:05:36,Qwen/Qwen3-8B,MMLU_selected_subjects,conspiracy_878,wordd,0.574,28
2025-12-10 00:06:11,Qwen/Qwen3-8B,MMLU_selected_subjects,conspiracy_651,chara,0.544,28
2025-12-10 00:07:15,Qwen/Qwen3-8B,MMLU_selected_subjects,conspiracy_202,clean,0.625,28
2025-12-10 00:09:08,Qwen/Qwen3-8B,MMLU_selected_subjects,conspiracy_428,chara,0.534,28
2025-12-10 00:10:55,Qwen/Qwen3-8B,MMLU_selected_subjects,conspiracy_878,chara,0.537,28
2025-12-10 00:11:10,Qwen/Qwen3-8B,MMLU_selected_subjects,conspiracy_652,clean,0.418,28
2025-12-10 00:12:27,Qwen/Qwen3-8B,MMLU_selected_subjects,conspiracy_202,meani,0.615,28
2025-12-10 00:14:02,Qwen/Qwen3-8B,MMLU_selected_subjects,conspiracy_429,clean,0.606,28
2025-12-10 00:16:00,Qwen/Qwen3-8B,MMLU_selected_subjects,conspiracy_879,clean,0.578,28
2025-12-10 00:16:17,Qwen/Qwen3-8B,MMLU_selected_subjects,conspiracy_652,meani,0.506,28
2025-12-10 00:17:40,Qwen/Qwen3-8B,MMLU_selected_subjects,conspiracy_202,wordd,0.614,28
2025-12-10 00:18:54,Qwen/Qwen3-8B,MMLU_selected_subjects,conspiracy_429,meani,0.590,28
2025-12-10 00:21:04,Qwen/Qwen3-8B,MMLU_selected_subjects,conspiracy_879,meani,0.589,28
2025-12-10 00:21:22,Qwen/Qwen3-8B,MMLU_selected_subjects,conspiracy_652,wordd,0.520,28
2025-12-10 00:23:43,Qwen/Qwen3-8B,MMLU_selected_subjects,conspiracy_202,chara,0.561,28
2025-12-10 00:23:46,Qwen/Qwen3-8B,MMLU_selected_subjects,conspiracy_429,wordd,0.562,28
2025-12-10 00:26:09,Qwen/Qwen3-8B,MMLU_selected_subjects,conspiracy_879,wordd,0.588,28
2025-12-10 00:27:09,Qwen/Qwen3-8B,MMLU_selected_subjects,conspiracy_652,chara,0.361,28
2025-12-10 00:28:49,Qwen/Qwen3-8B,MMLU_selected_subjects,conspiracy_203,clean,0.593,28
2025-12-10 00:29:14,Qwen/Qwen3-8B,MMLU_selected_subjects,conspiracy_429,chara,0.572,28
2025-12-10 00:31:47,Qwen/Qwen3-8B,MMLU_selected_subjects,conspiracy_879,chara,0.562,28
2025-12-10 00:32:00,Qwen/Qwen3-8B,MMLU_selected_subjects,conspiracy_653,clean,0.567,28
2025-12-10 00:33:51,Qwen/Qwen3-8B,MMLU_selected_subjects,conspiracy_203,meani,0.588,28
2025-12-10 00:34:10,Qwen/Qwen3-8B,MMLU_selected_subjects,conspiracy_43,clean,0.538,28
2025-12-10 00:36:16,Qwen/Qwen3-8B,MMLU_selected_subjects,conspiracy_88,clean,0.564,28
2025-12-10 00:37:06,Qwen/Qwen3-8B,MMLU_selected_subjects,conspiracy_653,meani,0.582,28
2025-12-10 00:38:56,Qwen/Qwen3-8B,MMLU_selected_subjects,conspiracy_203,wordd,0.597,28
2025-12-10 00:39:07,Qwen/Qwen3-8B,MMLU_selected_subjects,conspiracy_43,meani,0.527,28
2025-12-10 00:40:45,Qwen/Qwen3-8B,MMLU_selected_subjects,conspiracy_88,meani,0.599,28
2025-12-10 00:41:57,Qwen/Qwen3-8B,MMLU_selected_subjects,conspiracy_653,wordd,0.576,28
2025-12-10 00:44:03,Qwen/Qwen3-8B,MMLU_selected_subjects,conspiracy_43,wordd,0.522,28
2025-12-10 00:44:42,Qwen/Qwen3-8B,MMLU_selected_subjects,conspiracy_203,chara,0.559,28
2025-12-10 00:45:15,Qwen/Qwen3-8B,MMLU_selected_subjects,conspiracy_88,wordd,0.572,28
2025-12-10 00:47:28,Qwen/Qwen3-8B,MMLU_selected_subjects,conspiracy_653,chara,0.579,28
2025-12-10 00:49:23,Qwen/Qwen3-8B,MMLU_selected_subjects,conspiracy_204,clean,0.544,28
2025-12-10 00:49:42,Qwen/Qwen3-8B,MMLU_selected_subjects,conspiracy_43,chara,0.526,28
2025-12-10 00:49:57,Qwen/Qwen3-8B,MMLU_selected_subjects,conspiracy_88,chara,0.562,28
2025-12-10 00:52:40,Qwen/Qwen3-8B,MMLU_selected_subjects,conspiracy_654,clean,0.615,28
2025-12-10 00:53:59,Qwen/Qwen3-8B,MMLU_selected_subjects,conspiracy_204,meani,0.555,28
2025-12-10 00:54:33,Qwen/Qwen3-8B,MMLU_selected_subjects,conspiracy_430,clean,0.593,28
2025-12-10 00:54:42,Qwen/Qwen3-8B,MMLU_selected_subjects,conspiracy_880,clean,0.589,28
2025-12-10 00:57:39,Qwen/Qwen3-8B,MMLU_selected_subjects,conspiracy_654,meani,0.593,28
2025-12-10 00:58:36,Qwen/Qwen3-8B,MMLU_selected_subjects,conspiracy_204,wordd,0.578,28
2025-12-10 00:59:24,Qwen/Qwen3-8B,MMLU_selected_subjects,conspiracy_430,meani,0.587,28
2025-12-10 00:59:26,Qwen/Qwen3-8B,MMLU_selected_subjects,conspiracy_880,meani,0.570,28
2025-12-10 01:02:41,Qwen/Qwen3-8B,MMLU_selected_subjects,conspiracy_654,wordd,0.576,28
2025-12-10 01:03:27,Qwen/Qwen3-8B,MMLU_selected_subjects,conspiracy_204,chara,0.527,28
2025-12-10 01:04:10,Qwen/Qwen3-8B,MMLU_selected_subjects,conspiracy_880,wordd,0.545,28
2025-12-10 01:04:15,Qwen/Qwen3-8B,MMLU_selected_subjects,conspiracy_430,wordd,0.571,28
2025-12-10 01:08:04,Qwen/Qwen3-8B,MMLU_selected_subjects,conspiracy_205,clean,0.577,28
2025-12-10 01:08:28,Qwen/Qwen3-8B,MMLU_selected_subjects,conspiracy_654,chara,0.519,28
2025-12-10 01:09:27,Qwen/Qwen3-8B,MMLU_selected_subjects,conspiracy_880,chara,0.551,28
2025-12-10 01:09:52,Qwen/Qwen3-8B,MMLU_selected_subjects,conspiracy_430,chara,0.524,28
2025-12-10 01:12:39,Qwen/Qwen3-8B,MMLU_selected_subjects,conspiracy_205,meani,0.587,28
2025-12-10 01:13:03,Qwen/Qwen3-8B,MMLU_selected_subjects,conspiracy_655,clean,0.525,28
2025-12-10 01:13:52,Qwen/Qwen3-8B,MMLU_selected_subjects,conspiracy_881,clean,0.589,28
2025-12-10 01:14:37,Qwen/Qwen3-8B,MMLU_selected_subjects,conspiracy_431,clean,0.584,28
2025-12-10 01:17:14,Qwen/Qwen3-8B,MMLU_selected_subjects,conspiracy_205,wordd,0.563,28
2025-12-10 01:17:34,Qwen/Qwen3-8B,MMLU_selected_subjects,conspiracy_655,meani,0.553,28
2025-12-10 01:18:17,Qwen/Qwen3-8B,MMLU_selected_subjects,conspiracy_881,meani,0.581,28
2025-12-10 01:19:21,Qwen/Qwen3-8B,MMLU_selected_subjects,conspiracy_431,meani,0.579,28
2025-12-10 01:22:10,Qwen/Qwen3-8B,MMLU_selected_subjects,conspiracy_205,chara,0.523,28
2025-12-10 01:22:12,Qwen/Qwen3-8B,MMLU_selected_subjects,conspiracy_655,wordd,0.544,28
2025-12-10 01:22:43,Qwen/Qwen3-8B,MMLU_selected_subjects,conspiracy_881,wordd,0.600,28
2025-12-10 01:24:05,Qwen/Qwen3-8B,MMLU_selected_subjects,conspiracy_431,wordd,0.566,28
2025-12-10 01:26:45,Qwen/Qwen3-8B,MMLU_selected_subjects,conspiracy_206,clean,0.598,28
2025-12-10 01:26:59,Qwen/Qwen3-8B,MMLU_selected_subjects,conspiracy_655,chara,0.549,28
2025-12-10 01:27:22,Qwen/Qwen3-8B,MMLU_selected_subjects,conspiracy_881,chara,0.557,28
2025-12-10 01:29:22,Qwen/Qwen3-8B,MMLU_selected_subjects,conspiracy_431,chara,0.543,28
2025-12-10 01:31:22,Qwen/Qwen3-8B,MMLU_selected_subjects,conspiracy_206,meani,0.611,28
2025-12-10 01:31:48,Qwen/Qwen3-8B,MMLU_selected_subjects,conspiracy_656,clean,0.540,28
2025-12-10 01:31:53,Qwen/Qwen3-8B,MMLU_selected_subjects,conspiracy_882,clean,0.533,28
2025-12-10 01:33:53,Qwen/Qwen3-8B,MMLU_selected_subjects,conspiracy_432,clean,0.600,28
2025-12-10 01:35:57,Qwen/Qwen3-8B,MMLU_selected_subjects,conspiracy_206,wordd,0.594,28
2025-12-10 01:36:23,Qwen/Qwen3-8B,MMLU_selected_subjects,conspiracy_882,meani,0.482,28
2025-12-10 01:36:42,Qwen/Qwen3-8B,MMLU_selected_subjects,conspiracy_656,meani,0.578,28
2025-12-10 01:38:22,Qwen/Qwen3-8B,MMLU_selected_subjects,conspiracy_432,meani,0.585,28
2025-12-10 01:40:48,Qwen/Qwen3-8B,MMLU_selected_subjects,conspiracy_206,chara,0.561,28
2025-12-10 01:40:53,Qwen/Qwen3-8B,MMLU_selected_subjects,conspiracy_882,wordd,0.506,28
2025-12-10 01:41:30,Qwen/Qwen3-8B,MMLU_selected_subjects,conspiracy_656,wordd,0.539,28
2025-12-10 01:42:53,Qwen/Qwen3-8B,MMLU_selected_subjects,conspiracy_432,wordd,0.584,28
2025-12-10 01:45:23,Qwen/Qwen3-8B,MMLU_selected_subjects,conspiracy_207,clean,0.592,28
2025-12-10 01:45:36,Qwen/Qwen3-8B,MMLU_selected_subjects,conspiracy_882,chara,0.544,28
2025-12-10 01:46:50,Qwen/Qwen3-8B,MMLU_selected_subjects,conspiracy_656,chara,0.542,28
2025-12-10 01:47:38,Qwen/Qwen3-8B,MMLU_selected_subjects,conspiracy_432,chara,0.566,28
2025-12-10 01:49:56,Qwen/Qwen3-8B,MMLU_selected_subjects,conspiracy_207,meani,0.570,28
2025-12-10 01:50:07,Qwen/Qwen3-8B,MMLU_selected_subjects,conspiracy_883,clean,0.567,28
2025-12-10 01:51:34,Qwen/Qwen3-8B,MMLU_selected_subjects,conspiracy_657,clean,0.581,28
2025-12-10 01:52:30,Qwen/Qwen3-8B,MMLU_selected_subjects,conspiracy_433,clean,0.548,28
2025-12-10 01:54:29,Qwen/Qwen3-8B,MMLU_selected_subjects,conspiracy_207,wordd,0.592,28
2025-12-10 01:54:39,Qwen/Qwen3-8B,MMLU_selected_subjects,conspiracy_883,meani,0.575,28
2025-12-10 01:56:12,Qwen/Qwen3-8B,MMLU_selected_subjects,conspiracy_657,meani,0.562,28
2025-12-10 01:57:22,Qwen/Qwen3-8B,MMLU_selected_subjects,conspiracy_433,meani,0.580,28
2025-12-10 01:59:11,Qwen/Qwen3-8B,MMLU_selected_subjects,conspiracy_883,wordd,0.579,28
2025-12-10 01:59:18,Qwen/Qwen3-8B,MMLU_selected_subjects,conspiracy_207,chara,0.531,28
2025-12-10 02:00:50,Qwen/Qwen3-8B,MMLU_selected_subjects,conspiracy_657,wordd,0.567,28
2025-12-10 02:02:14,Qwen/Qwen3-8B,MMLU_selected_subjects,conspiracy_433,wordd,0.551,28
2025-12-10 02:03:55,Qwen/Qwen3-8B,MMLU_selected_subjects,conspiracy_883,chara,0.578,28
2025-12-10 02:04:22,Qwen/Qwen3-8B,MMLU_selected_subjects,conspiracy_208,clean,0.596,28
2025-12-10 02:05:46,Qwen/Qwen3-8B,MMLU_selected_subjects,conspiracy_657,chara,0.547,28
2025-12-10 02:07:37,Qwen/Qwen3-8B,MMLU_selected_subjects,conspiracy_433,chara,0.547,28
2025-12-10 02:08:42,Qwen/Qwen3-8B,MMLU_selected_subjects,conspiracy_884,clean,0.549,28
2025-12-10 02:09:25,Qwen/Qwen3-8B,MMLU_selected_subjects,conspiracy_208,meani,0.597,28
2025-12-10 02:10:51,Qwen/Qwen3-8B,MMLU_selected_subjects,conspiracy_658,clean,0.596,28
2025-12-10 02:12:22,Qwen/Qwen3-8B,MMLU_selected_subjects,conspiracy_434,clean,0.569,28
2025-12-10 02:13:27,Qwen/Qwen3-8B,MMLU_selected_subjects,conspiracy_884,meani,0.581,28
2025-12-10 02:14:34,Qwen/Qwen3-8B,MMLU_selected_subjects,conspiracy_208,wordd,0.559,28
2025-12-10 02:15:57,Qwen/Qwen3-8B,MMLU_selected_subjects,conspiracy_658,meani,0.603,28
2025-12-10 02:17:08,Qwen/Qwen3-8B,MMLU_selected_subjects,conspiracy_434,meani,0.597,28
2025-12-10 02:18:11,Qwen/Qwen3-8B,MMLU_selected_subjects,conspiracy_884,wordd,0.545,28
2025-12-10 02:20:16,Qwen/Qwen3-8B,MMLU_selected_subjects,conspiracy_208,chara,0.538,28
2025-12-10 02:20:59,Qwen/Qwen3-8B,MMLU_selected_subjects,conspiracy_658,wordd,0.594,28
2025-12-10 02:21:53,Qwen/Qwen3-8B,MMLU_selected_subjects,conspiracy_434,wordd,0.588,28
2025-12-10 02:23:38,Qwen/Qwen3-8B,MMLU_selected_subjects,conspiracy_884,chara,0.560,28
2025-12-10 02:25:26,Qwen/Qwen3-8B,MMLU_selected_subjects,conspiracy_209,clean,0.584,28
2025-12-10 02:26:52,Qwen/Qwen3-8B,MMLU_selected_subjects,conspiracy_658,chara,0.532,28
2025-12-10 02:27:06,Qwen/Qwen3-8B,MMLU_selected_subjects,conspiracy_434,chara,0.547,28
2025-12-10 02:28:31,Qwen/Qwen3-8B,MMLU_selected_subjects,conspiracy_885,clean,0.540,28
2025-12-10 02:30:35,Qwen/Qwen3-8B,MMLU_selected_subjects,conspiracy_209,meani,0.628,28
2025-12-10 02:31:35,Qwen/Qwen3-8B,MMLU_selected_subjects,conspiracy_435,clean,0.536,28
2025-12-10 02:32:12,Qwen/Qwen3-8B,MMLU_selected_subjects,conspiracy_659,clean,0.606,28
2025-12-10 02:33:24,Qwen/Qwen3-8B,MMLU_selected_subjects,conspiracy_885,meani,0.554,28
2025-12-10 02:35:46,Qwen/Qwen3-8B,MMLU_selected_subjects,conspiracy_209,wordd,0.606,28
2025-12-10 02:36:05,Qwen/Qwen3-8B,MMLU_selected_subjects,conspiracy_435,meani,0.547,28
2025-12-10 02:37:27,Qwen/Qwen3-8B,MMLU_selected_subjects,conspiracy_659,meani,0.603,28
2025-12-10 02:38:18,Qwen/Qwen3-8B,MMLU_selected_subjects,conspiracy_885,wordd,0.553,28
2025-12-10 02:40:33,Qwen/Qwen3-8B,MMLU_selected_subjects,conspiracy_435,wordd,0.552,28
2025-12-10 02:41:26,Qwen/Qwen3-8B,MMLU_selected_subjects,conspiracy_209,chara,0.599,28
2025-12-10 02:42:50,Qwen/Qwen3-8B,MMLU_selected_subjects,conspiracy_659,wordd,0.582,28
2025-12-10 02:43:47,Qwen/Qwen3-8B,MMLU_selected_subjects,conspiracy_885,chara,0.549,28
2025-12-10 02:45:14,Qwen/Qwen3-8B,MMLU_selected_subjects,conspiracy_435,chara,0.554,28
2025-12-10 02:46:10,Qwen/Qwen3-8B,MMLU_selected_subjects,conspiracy_21,clean,0.579,28
2025-12-10 02:48:22,Qwen/Qwen3-8B,MMLU_selected_subjects,conspiracy_886,clean,0.610,28
2025-12-10 02:48:37,Qwen/Qwen3-8B,MMLU_selected_subjects,conspiracy_659,chara,0.575,28
2025-12-10 02:50:02,Qwen/Qwen3-8B,MMLU_selected_subjects,conspiracy_436,clean,0.587,28
2025-12-10 02:50:54,Qwen/Qwen3-8B,MMLU_selected_subjects,conspiracy_21,meani,0.573,28
2025-12-10 02:52:57,Qwen/Qwen3-8B,MMLU_selected_subjects,conspiracy_886,meani,0.567,28
2025-12-10 02:53:17,Qwen/Qwen3-8B,MMLU_selected_subjects,conspiracy_66,clean,0.572,28
2025-12-10 02:54:48,Qwen/Qwen3-8B,MMLU_selected_subjects,conspiracy_436,meani,0.592,28
2025-12-10 02:55:44,Qwen/Qwen3-8B,MMLU_selected_subjects,conspiracy_21,wordd,0.588,28
2025-12-10 02:57:31,Qwen/Qwen3-8B,MMLU_selected_subjects,conspiracy_886,wordd,0.553,28
2025-12-10 02:57:56,Qwen/Qwen3-8B,MMLU_selected_subjects,conspiracy_66,meani,0.574,28
2025-12-10 02:59:35,Qwen/Qwen3-8B,MMLU_selected_subjects,conspiracy_436,wordd,0.583,28
2025-12-10 03:00:55,Qwen/Qwen3-8B,MMLU_selected_subjects,conspiracy_21,chara,0.516,28
2025-12-10 03:02:27,Qwen/Qwen3-8B,MMLU_selected_subjects,conspiracy_886,chara,0.543,28
2025-12-10 03:02:34,Qwen/Qwen3-8B,MMLU_selected_subjects,conspiracy_66,wordd,0.562,28
2025-12-10 03:04:55,Qwen/Qwen3-8B,MMLU_selected_subjects,conspiracy_436,chara,0.514,28
2025-12-10 03:05:34,Qwen/Qwen3-8B,MMLU_selected_subjects,conspiracy_210,clean,0.602,28
2025-12-10 03:07:03,Qwen/Qwen3-8B,MMLU_selected_subjects,conspiracy_887,clean,0.589,28
2025-12-10 03:07:21,Qwen/Qwen3-8B,MMLU_selected_subjects,conspiracy_66,chara,0.558,28
2025-12-10 03:09:25,Qwen/Qwen3-8B,MMLU_selected_subjects,conspiracy_437,clean,0.598,28
2025-12-10 03:10:13,Qwen/Qwen3-8B,MMLU_selected_subjects,conspiracy_210,meani,0.596,28
2025-12-10 03:11:38,Qwen/Qwen3-8B,MMLU_selected_subjects,conspiracy_887,meani,0.594,28
2025-12-10 03:12:16,Qwen/Qwen3-8B,MMLU_selected_subjects,conspiracy_660,clean,0.590,28
2025-12-10 03:13:54,Qwen/Qwen3-8B,MMLU_selected_subjects,conspiracy_437,meani,0.558,28
2025-12-10 03:14:54,Qwen/Qwen3-8B,MMLU_selected_subjects,conspiracy_210,wordd,0.607,28
2025-12-10 03:16:14,Qwen/Qwen3-8B,MMLU_selected_subjects,conspiracy_887,wordd,0.602,28
2025-12-10 03:17:14,Qwen/Qwen3-8B,MMLU_selected_subjects,conspiracy_660,meani,0.581,28
2025-12-10 03:18:24,Qwen/Qwen3-8B,MMLU_selected_subjects,conspiracy_437,wordd,0.597,28
2025-12-10 03:19:50,Qwen/Qwen3-8B,MMLU_selected_subjects,conspiracy_210,chara,0.519,28
2025-12-10 03:21:14,Qwen/Qwen3-8B,MMLU_selected_subjects,conspiracy_887,chara,0.583,28
2025-12-10 03:22:06,Qwen/Qwen3-8B,MMLU_selected_subjects,conspiracy_660,wordd,0.565,28
2025-12-10 03:23:11,Qwen/Qwen3-8B,MMLU_selected_subjects,conspiracy_437,chara,0.536,28
2025-12-10 03:24:37,Qwen/Qwen3-8B,MMLU_selected_subjects,conspiracy_211,clean,0.594,28
2025-12-10 03:25:51,Qwen/Qwen3-8B,MMLU_selected_subjects,conspiracy_888,clean,0.556,28
2025-12-10 03:27:32,Qwen/Qwen3-8B,MMLU_selected_subjects,conspiracy_660,chara,0.541,28
2025-12-10 03:27:43,Qwen/Qwen3-8B,MMLU_selected_subjects,conspiracy_438,clean,0.555,28
2025-12-10 03:29:23,Qwen/Qwen3-8B,MMLU_selected_subjects,conspiracy_211,meani,0.593,28
2025-12-10 03:30:26,Qwen/Qwen3-8B,MMLU_selected_subjects,conspiracy_888,meani,0.538,28
2025-12-10 03:32:15,Qwen/Qwen3-8B,MMLU_selected_subjects,conspiracy_438,meani,0.570,28
2025-12-10 03:32:16,Qwen/Qwen3-8B,MMLU_selected_subjects,conspiracy_661,clean,0.579,28
2025-12-10 03:34:09,Qwen/Qwen3-8B,MMLU_selected_subjects,conspiracy_211,wordd,0.591,28
2025-12-10 03:35:01,Qwen/Qwen3-8B,MMLU_selected_subjects,conspiracy_888,wordd,0.553,28
2025-12-10 03:36:47,Qwen/Qwen3-8B,MMLU_selected_subjects,conspiracy_438,wordd,0.548,28
2025-12-10 03:36:56,Qwen/Qwen3-8B,MMLU_selected_subjects,conspiracy_661,meani,0.541,28
2025-12-10 03:39:21,Qwen/Qwen3-8B,MMLU_selected_subjects,conspiracy_211,chara,0.529,28
2025-12-10 03:39:59,Qwen/Qwen3-8B,MMLU_selected_subjects,conspiracy_888,chara,0.537,28
2025-12-10 03:41:35,Qwen/Qwen3-8B,MMLU_selected_subjects,conspiracy_438,chara,0.533,28
2025-12-10 03:41:36,Qwen/Qwen3-8B,MMLU_selected_subjects,conspiracy_661,wordd,0.559,28
2025-12-10 03:44:02,Qwen/Qwen3-8B,MMLU_selected_subjects,conspiracy_212,clean,0.566,28
2025-12-10 03:44:28,Qwen/Qwen3-8B,MMLU_selected_subjects,conspiracy_889,clean,0.565,28
2025-12-10 03:46:03,Qwen/Qwen3-8B,MMLU_selected_subjects,conspiracy_439,clean,0.578,28
2025-12-10 03:46:31,Qwen/Qwen3-8B,MMLU_selected_subjects,conspiracy_661,chara,0.515,28
2025-12-10 03:48:43,Qwen/Qwen3-8B,MMLU_selected_subjects,conspiracy_212,meani,0.580,28
2025-12-10 03:48:56,Qwen/Qwen3-8B,MMLU_selected_subjects,conspiracy_889,meani,0.555,28
2025-12-10 03:50:31,Qwen/Qwen3-8B,MMLU_selected_subjects,conspiracy_439,meani,0.564,28
2025-12-10 03:51:12,Qwen/Qwen3-8B,MMLU_selected_subjects,conspiracy_662,clean,0.580,28
2025-12-10 03:53:21,Qwen/Qwen3-8B,MMLU_selected_subjects,conspiracy_212,wordd,0.528,28
2025-12-10 03:53:25,Qwen/Qwen3-8B,MMLU_selected_subjects,conspiracy_889,wordd,0.567,28
2025-12-10 03:54:59,Qwen/Qwen3-8B,MMLU_selected_subjects,conspiracy_439,wordd,0.557,28
2025-12-10 03:55:54,Qwen/Qwen3-8B,MMLU_selected_subjects,conspiracy_662,meani,0.608,28
2025-12-10 03:58:05,Qwen/Qwen3-8B,MMLU_selected_subjects,conspiracy_889,chara,0.551,28
2025-12-10 03:58:21,Qwen/Qwen3-8B,MMLU_selected_subjects,conspiracy_212,chara,0.562,28
2025-12-10 03:59:39,Qwen/Qwen3-8B,MMLU_selected_subjects,conspiracy_439,chara,0.535,28
2025-12-10 04:00:38,Qwen/Qwen3-8B,MMLU_selected_subjects,conspiracy_662,wordd,0.602,28
2025-12-10 04:02:47,Qwen/Qwen3-8B,MMLU_selected_subjects,conspiracy_89,clean,0.544,28
2025-12-10 04:03:09,Qwen/Qwen3-8B,MMLU_selected_subjects,conspiracy_213,clean,0.613,28
2025-12-10 04:04:16,Qwen/Qwen3-8B,MMLU_selected_subjects,conspiracy_44,clean,0.575,28
2025-12-10 04:05:40,Qwen/Qwen3-8B,MMLU_selected_subjects,conspiracy_662,chara,0.539,28
2025-12-10 04:07:27,Qwen/Qwen3-8B,MMLU_selected_subjects,conspiracy_89,meani,0.564,28
2025-12-10 04:07:56,Qwen/Qwen3-8B,MMLU_selected_subjects,conspiracy_213,meani,0.623,28
2025-12-10 04:08:49,Qwen/Qwen3-8B,MMLU_selected_subjects,conspiracy_44,meani,0.576,28
2025-12-10 04:10:23,Qwen/Qwen3-8B,MMLU_selected_subjects,conspiracy_663,clean,0.615,28
2025-12-10 04:12:08,Qwen/Qwen3-8B,MMLU_selected_subjects,conspiracy_89,wordd,0.554,28
2025-12-10 04:12:43,Qwen/Qwen3-8B,MMLU_selected_subjects,conspiracy_213,wordd,0.597,28
2025-12-10 04:13:22,Qwen/Qwen3-8B,MMLU_selected_subjects,conspiracy_44,wordd,0.529,28
2025-12-10 04:15:03,Qwen/Qwen3-8B,MMLU_selected_subjects,conspiracy_663,meani,0.610,28
2025-12-10 04:17:22,Qwen/Qwen3-8B,MMLU_selected_subjects,conspiracy_89,chara,0.551,28
2025-12-10 04:17:50,Qwen/Qwen3-8B,MMLU_selected_subjects,conspiracy_213,chara,0.515,28
2025-12-10 04:18:08,Qwen/Qwen3-8B,MMLU_selected_subjects,conspiracy_44,chara,0.554,28
2025-12-10 04:19:42,Qwen/Qwen3-8B,MMLU_selected_subjects,conspiracy_663,wordd,0.601,28
2025-12-10 04:21:48,Qwen/Qwen3-8B,MMLU_selected_subjects,conspiracy_890,clean,0.564,28
2025-12-10 04:22:45,Qwen/Qwen3-8B,MMLU_selected_subjects,conspiracy_214,clean,0.595,28
2025-12-10 04:22:46,Qwen/Qwen3-8B,MMLU_selected_subjects,conspiracy_440,clean,0.567,28
2025-12-10 04:24:40,Qwen/Qwen3-8B,MMLU_selected_subjects,conspiracy_663,chara,0.538,28
2025-12-10 04:26:15,Qwen/Qwen3-8B,MMLU_selected_subjects,conspiracy_890,meani,0.570,28
2025-12-10 04:27:23,Qwen/Qwen3-8B,MMLU_selected_subjects,conspiracy_440,meani,0.593,28
2025-12-10 04:27:40,Qwen/Qwen3-8B,MMLU_selected_subjects,conspiracy_214,meani,0.596,28
2025-12-10 04:29:16,Qwen/Qwen3-8B,MMLU_selected_subjects,conspiracy_664,clean,0.565,28
2025-12-10 04:30:40,Qwen/Qwen3-8B,MMLU_selected_subjects,conspiracy_890,wordd,0.569,28
2025-12-10 04:32:01,Qwen/Qwen3-8B,MMLU_selected_subjects,conspiracy_440,wordd,0.601,28
2025-12-10 04:32:37,Qwen/Qwen3-8B,MMLU_selected_subjects,conspiracy_214,wordd,0.583,28
2025-12-10 04:33:50,Qwen/Qwen3-8B,MMLU_selected_subjects,conspiracy_664,meani,0.518,28
2025-12-10 04:35:20,Qwen/Qwen3-8B,MMLU_selected_subjects,conspiracy_890,chara,0.566,28
2025-12-10 04:36:57,Qwen/Qwen3-8B,MMLU_selected_subjects,conspiracy_440,chara,0.535,28
2025-12-10 04:38:20,Qwen/Qwen3-8B,MMLU_selected_subjects,conspiracy_214,chara,0.576,28
2025-12-10 04:38:24,Qwen/Qwen3-8B,MMLU_selected_subjects,conspiracy_664,wordd,0.544,28
2025-12-10 04:39:58,Qwen/Qwen3-8B,MMLU_selected_subjects,conspiracy_891,clean,0.588,28
2025-12-10 04:41:26,Qwen/Qwen3-8B,MMLU_selected_subjects,conspiracy_441,clean,0.579,28
2025-12-10 04:43:10,Qwen/Qwen3-8B,MMLU_selected_subjects,conspiracy_664,chara,0.542,28
2025-12-10 04:43:20,Qwen/Qwen3-8B,MMLU_selected_subjects,conspiracy_215,clean,0.556,28
2025-12-10 04:44:36,Qwen/Qwen3-8B,MMLU_selected_subjects,conspiracy_891,meani,0.531,28
2025-12-10 04:45:55,Qwen/Qwen3-8B,MMLU_selected_subjects,conspiracy_441,meani,0.567,28
2025-12-10 04:48:04,Qwen/Qwen3-8B,MMLU_selected_subjects,conspiracy_665,clean,0.606,28
2025-12-10 04:48:26,Qwen/Qwen3-8B,MMLU_selected_subjects,conspiracy_215,meani,0.546,28
2025-12-10 04:49:14,Qwen/Qwen3-8B,MMLU_selected_subjects,conspiracy_891,wordd,0.567,28
2025-12-10 04:50:23,Qwen/Qwen3-8B,MMLU_selected_subjects,conspiracy_441,wordd,0.580,28
2025-12-10 04:53:00,Qwen/Qwen3-8B,MMLU_selected_subjects,conspiracy_665,meani,0.589,28
2025-12-10 04:53:29,Qwen/Qwen3-8B,MMLU_selected_subjects,conspiracy_215,wordd,0.564,28
2025-12-10 04:54:12,Qwen/Qwen3-8B,MMLU_selected_subjects,conspiracy_891,chara,0.556,28
2025-12-10 04:55:04,Qwen/Qwen3-8B,MMLU_selected_subjects,conspiracy_441,chara,0.580,28
2025-12-10 04:57:56,Qwen/Qwen3-8B,MMLU_selected_subjects,conspiracy_665,wordd,0.604,28
2025-12-10 04:58:39,Qwen/Qwen3-8B,MMLU_selected_subjects,conspiracy_892,clean,0.620,28
2025-12-10 04:59:11,Qwen/Qwen3-8B,MMLU_selected_subjects,conspiracy_215,chara,0.568,28
2025-12-10 05:00:03,Qwen/Qwen3-8B,MMLU_selected_subjects,conspiracy_442,clean,0.568,28
2025-12-10 05:03:05,Qwen/Qwen3-8B,MMLU_selected_subjects,conspiracy_892,meani,0.589,28
2025-12-10 05:03:28,Qwen/Qwen3-8B,MMLU_selected_subjects,conspiracy_665,chara,0.567,28
2025-12-10 05:03:48,Qwen/Qwen3-8B,MMLU_selected_subjects,conspiracy_216,clean,0.583,28
2025-12-10 05:05:01,Qwen/Qwen3-8B,MMLU_selected_subjects,conspiracy_442,meani,0.549,28
2025-12-10 05:07:32,Qwen/Qwen3-8B,MMLU_selected_subjects,conspiracy_892,wordd,0.581,28
2025-12-10 05:08:17,Qwen/Qwen3-8B,MMLU_selected_subjects,conspiracy_666,clean,0.583,28
2025-12-10 05:08:27,Qwen/Qwen3-8B,MMLU_selected_subjects,conspiracy_216,meani,0.541,28
2025-12-10 05:09:58,Qwen/Qwen3-8B,MMLU_selected_subjects,conspiracy_442,wordd,0.522,28
2025-12-10 05:12:11,Qwen/Qwen3-8B,MMLU_selected_subjects,conspiracy_892,chara,0.547,28
2025-12-10 05:13:04,Qwen/Qwen3-8B,MMLU_selected_subjects,conspiracy_666,meani,0.569,28
2025-12-10 05:13:08,Qwen/Qwen3-8B,MMLU_selected_subjects,conspiracy_216,wordd,0.555,28
2025-12-10 05:15:34,Qwen/Qwen3-8B,MMLU_selected_subjects,conspiracy_442,chara,0.522,28
2025-12-10 05:16:55,Qwen/Qwen3-8B,MMLU_selected_subjects,conspiracy_893,clean,0.587,28
2025-12-10 05:17:51,Qwen/Qwen3-8B,MMLU_selected_subjects,conspiracy_666,wordd,0.585,28
2025-12-10 05:17:59,Qwen/Qwen3-8B,MMLU_selected_subjects,conspiracy_216,chara,0.516,28
2025-12-10 05:20:37,Qwen/Qwen3-8B,MMLU_selected_subjects,conspiracy_443,clean,0.577,28
2025-12-10 05:21:39,Qwen/Qwen3-8B,MMLU_selected_subjects,conspiracy_893,meani,0.578,28
2025-12-10 05:22:34,Qwen/Qwen3-8B,MMLU_selected_subjects,conspiracy_217,clean,0.595,28
2025-12-10 05:23:06,Qwen/Qwen3-8B,MMLU_selected_subjects,conspiracy_666,chara,0.546,28
2025-12-10 05:25:41,Qwen/Qwen3-8B,MMLU_selected_subjects,conspiracy_443,meani,0.593,28
2025-12-10 05:26:23,Qwen/Qwen3-8B,MMLU_selected_subjects,conspiracy_893,wordd,0.570,28
2025-12-10 05:27:11,Qwen/Qwen3-8B,MMLU_selected_subjects,conspiracy_217,meani,0.578,28
2025-12-10 05:28:05,Qwen/Qwen3-8B,MMLU_selected_subjects,conspiracy_667,clean,0.590,28
2025-12-10 05:30:45,Qwen/Qwen3-8B,MMLU_selected_subjects,conspiracy_443,wordd,0.578,28
2025-12-10 05:31:46,Qwen/Qwen3-8B,MMLU_selected_subjects,conspiracy_217,wordd,0.592,28
2025-12-10 05:31:49,Qwen/Qwen3-8B,MMLU_selected_subjects,conspiracy_893,chara,0.568,28
2025-12-10 05:33:00,Qwen/Qwen3-8B,MMLU_selected_subjects,conspiracy_667,meani,0.588,28
2025-12-10 05:36:17,Qwen/Qwen3-8B,MMLU_selected_subjects,conspiracy_894,clean,0.601,28
2025-12-10 05:36:33,Qwen/Qwen3-8B,MMLU_selected_subjects,conspiracy_443,chara,0.546,28
2025-12-10 05:36:35,Qwen/Qwen3-8B,MMLU_selected_subjects,conspiracy_217,chara,0.535,28
2025-12-10 05:38:00,Qwen/Qwen3-8B,MMLU_selected_subjects,conspiracy_667,wordd,0.573,28
2025-12-10 05:40:45,Qwen/Qwen3-8B,MMLU_selected_subjects,conspiracy_894,meani,0.590,28
2025-12-10 05:41:16,Qwen/Qwen3-8B,MMLU_selected_subjects,conspiracy_444,clean,0.597,28
2025-12-10 05:41:28,Qwen/Qwen3-8B,MMLU_selected_subjects,conspiracy_218,clean,0.613,28
2025-12-10 05:43:28,Qwen/Qwen3-8B,MMLU_selected_subjects,conspiracy_667,chara,0.525,28
2025-12-10 05:45:12,Qwen/Qwen3-8B,MMLU_selected_subjects,conspiracy_894,wordd,0.585,28
2025-12-10 05:45:59,Qwen/Qwen3-8B,MMLU_selected_subjects,conspiracy_444,meani,0.603,28
2025-12-10 05:46:25,Qwen/Qwen3-8B,MMLU_selected_subjects,conspiracy_218,meani,0.606,28
2025-12-10 05:48:15,Qwen/Qwen3-8B,MMLU_selected_subjects,conspiracy_668,clean,0.604,28
2025-12-10 05:49:54,Qwen/Qwen3-8B,MMLU_selected_subjects,conspiracy_894,chara,0.554,28
2025-12-10 05:50:42,Qwen/Qwen3-8B,MMLU_selected_subjects,conspiracy_444,wordd,0.516,28
2025-12-10 05:51:19,Qwen/Qwen3-8B,MMLU_selected_subjects,conspiracy_218,wordd,0.600,28
2025-12-10 05:52:59,Qwen/Qwen3-8B,MMLU_selected_subjects,conspiracy_668,meani,0.589,28
2025-12-10 05:54:23,Qwen/Qwen3-8B,MMLU_selected_subjects,conspiracy_895,clean,0.574,28
2025-12-10 05:55:54,Qwen/Qwen3-8B,MMLU_selected_subjects,conspiracy_444,chara,0.547,28
2025-12-10 05:56:47,Qwen/Qwen3-8B,MMLU_selected_subjects,conspiracy_218,chara,0.549,28
2025-12-10 05:57:43,Qwen/Qwen3-8B,MMLU_selected_subjects,conspiracy_668,wordd,0.573,28
2025-12-10 05:58:52,Qwen/Qwen3-8B,MMLU_selected_subjects,conspiracy_895,meani,0.563,28
2025-12-10 06:00:50,Qwen/Qwen3-8B,MMLU_selected_subjects,conspiracy_445,clean,0.573,28
2025-12-10 06:01:36,Qwen/Qwen3-8B,MMLU_selected_subjects,conspiracy_219,clean,0.600,28
2025-12-10 06:02:51,Qwen/Qwen3-8B,MMLU_selected_subjects,conspiracy_668,chara,0.522,28
2025-12-10 06:03:21,Qwen/Qwen3-8B,MMLU_selected_subjects,conspiracy_895,wordd,0.555,28
2025-12-10 06:05:45,Qwen/Qwen3-8B,MMLU_selected_subjects,conspiracy_445,meani,0.580,28
2025-12-10 06:06:24,Qwen/Qwen3-8B,MMLU_selected_subjects,conspiracy_219,meani,0.578,28
2025-12-10 06:07:25,Qwen/Qwen3-8B,MMLU_selected_subjects,conspiracy_669,clean,0.579,28
2025-12-10 06:08:03,Qwen/Qwen3-8B,MMLU_selected_subjects,conspiracy_895,chara,0.529,28
2025-12-10 06:10:40,Qwen/Qwen3-8B,MMLU_selected_subjects,conspiracy_445,wordd,0.518,28
2025-12-10 06:11:15,Qwen/Qwen3-8B,MMLU_selected_subjects,conspiracy_219,wordd,0.601,28
2025-12-10 06:11:59,Qwen/Qwen3-8B,MMLU_selected_subjects,conspiracy_669,meani,0.596,28
2025-12-10 06:12:53,Qwen/Qwen3-8B,MMLU_selected_subjects,conspiracy_896,clean,0.578,28
2025-12-10 06:16:19,Qwen/Qwen3-8B,MMLU_selected_subjects,conspiracy_445,chara,0.549,28
2025-12-10 06:16:30,Qwen/Qwen3-8B,MMLU_selected_subjects,conspiracy_669,wordd,0.576,28
2025-12-10 06:16:31,Qwen/Qwen3-8B,MMLU_selected_subjects,conspiracy_219,chara,0.551,28
2025-12-10 06:17:43,Qwen/Qwen3-8B,MMLU_selected_subjects,conspiracy_896,meani,0.591,28
2025-12-10 06:21:04,Qwen/Qwen3-8B,MMLU_selected_subjects,conspiracy_446,clean,0.566,28
2025-12-10 06:21:11,Qwen/Qwen3-8B,MMLU_selected_subjects,conspiracy_22,clean,0.568,28
2025-12-10 06:21:18,Qwen/Qwen3-8B,MMLU_selected_subjects,conspiracy_669,chara,0.541,28
2025-12-10 06:22:31,Qwen/Qwen3-8B,MMLU_selected_subjects,conspiracy_896,wordd,0.575,28
2025-12-10 06:25:49,Qwen/Qwen3-8B,MMLU_selected_subjects,conspiracy_446,meani,0.564,28
2025-12-10 06:25:49,Qwen/Qwen3-8B,MMLU_selected_subjects,conspiracy_67,clean,0.546,28
2025-12-10 06:25:53,Qwen/Qwen3-8B,MMLU_selected_subjects,conspiracy_22,meani,0.580,28
2025-12-10 06:27:58,Qwen/Qwen3-8B,MMLU_selected_subjects,conspiracy_896,chara,0.538,28
2025-12-10 06:30:33,Qwen/Qwen3-8B,MMLU_selected_subjects,conspiracy_446,wordd,0.530,28
2025-12-10 06:30:34,Qwen/Qwen3-8B,MMLU_selected_subjects,conspiracy_67,meani,0.546,28
2025-12-10 06:30:37,Qwen/Qwen3-8B,MMLU_selected_subjects,conspiracy_22,wordd,0.567,28
2025-12-10 06:32:43,Qwen/Qwen3-8B,MMLU_selected_subjects,conspiracy_897,clean,0.625,28
2025-12-10 06:35:05,Qwen/Qwen3-8B,MMLU_selected_subjects,conspiracy_67,wordd,0.548,28
2025-12-10 06:35:48,Qwen/Qwen3-8B,MMLU_selected_subjects,conspiracy_446,chara,0.549,28
2025-12-10 06:35:53,Qwen/Qwen3-8B,MMLU_selected_subjects,conspiracy_22,chara,0.545,28
2025-12-10 06:37:28,Qwen/Qwen3-8B,MMLU_selected_subjects,conspiracy_897,meani,0.622,28
2025-12-10 06:39:51,Qwen/Qwen3-8B,MMLU_selected_subjects,conspiracy_67,chara,0.538,28
2025-12-10 06:40:26,Qwen/Qwen3-8B,MMLU_selected_subjects,conspiracy_447,clean,0.574,28
2025-12-10 06:40:57,Qwen/Qwen3-8B,MMLU_selected_subjects,conspiracy_220,clean,0.569,28
2025-12-10 06:42:13,Qwen/Qwen3-8B,MMLU_selected_subjects,conspiracy_897,wordd,0.594,28
2025-12-10 06:44:55,Qwen/Qwen3-8B,MMLU_selected_subjects,conspiracy_670,clean,0.594,28
2025-12-10 06:45:01,Qwen/Qwen3-8B,MMLU_selected_subjects,conspiracy_447,meani,0.596,28
2025-12-10 06:45:55,Qwen/Qwen3-8B,MMLU_selected_subjects,conspiracy_220,meani,0.594,28
2025-12-10 06:47:19,Qwen/Qwen3-8B,MMLU_selected_subjects,conspiracy_897,chara,0.562,28
2025-12-10 06:49:37,Qwen/Qwen3-8B,MMLU_selected_subjects,conspiracy_447,wordd,0.589,28
2025-12-10 06:50:00,Qwen/Qwen3-8B,MMLU_selected_subjects,conspiracy_670,meani,0.581,28
2025-12-10 06:50:51,Qwen/Qwen3-8B,MMLU_selected_subjects,conspiracy_220,wordd,0.534,28
2025-12-10 06:51:49,Qwen/Qwen3-8B,MMLU_selected_subjects,conspiracy_898,clean,0.602,28
2025-12-10 06:54:35,Qwen/Qwen3-8B,MMLU_selected_subjects,conspiracy_447,chara,0.550,28
2025-12-10 06:55:02,Qwen/Qwen3-8B,MMLU_selected_subjects,conspiracy_670,wordd,0.567,28
2025-12-10 06:56:01,Qwen/Qwen3-8B,MMLU_selected_subjects,conspiracy_220,chara,0.553,28
2025-12-10 06:56:18,Qwen/Qwen3-8B,MMLU_selected_subjects,conspiracy_898,meani,0.556,28
2025-12-10 06:59:11,Qwen/Qwen3-8B,MMLU_selected_subjects,conspiracy_448,clean,0.533,28
2025-12-10 07:00:35,Qwen/Qwen3-8B,MMLU_selected_subjects,conspiracy_221,clean,0.573,28
2025-12-10 07:00:48,Qwen/Qwen3-8B,MMLU_selected_subjects,conspiracy_898,wordd,0.582,28
2025-12-10 07:01:04,Qwen/Qwen3-8B,MMLU_selected_subjects,conspiracy_670,chara,0.586,28
2025-12-10 07:03:46,Qwen/Qwen3-8B,MMLU_selected_subjects,conspiracy_448,meani,0.562,28
2025-12-10 07:05:21,Qwen/Qwen3-8B,MMLU_selected_subjects,conspiracy_221,meani,0.582,28
2025-12-10 07:05:31,Qwen/Qwen3-8B,MMLU_selected_subjects,conspiracy_898,chara,0.581,28
2025-12-10 07:05:49,Qwen/Qwen3-8B,MMLU_selected_subjects,conspiracy_671,clean,0.536,28
2025-12-10 07:08:22,Qwen/Qwen3-8B,MMLU_selected_subjects,conspiracy_448,wordd,0.555,28
2025-12-10 07:09:49,Qwen/Qwen3-8B,MMLU_selected_subjects,conspiracy_221,wordd,0.582,28
2025-12-10 07:10:06,Qwen/Qwen3-8B,MMLU_selected_subjects,conspiracy_899,clean,0.597,28
2025-12-10 07:10:26,Qwen/Qwen3-8B,MMLU_selected_subjects,conspiracy_671,meani,0.559,28
2025-12-10 07:13:22,Qwen/Qwen3-8B,MMLU_selected_subjects,conspiracy_448,chara,0.508,28
2025-12-10 07:14:40,Qwen/Qwen3-8B,MMLU_selected_subjects,conspiracy_899,meani,0.596,28
2025-12-10 07:14:49,Qwen/Qwen3-8B,MMLU_selected_subjects,conspiracy_221,chara,0.537,28
2025-12-10 07:15:13,Qwen/Qwen3-8B,MMLU_selected_subjects,conspiracy_671,wordd,0.549,28
2025-12-10 07:18:15,Qwen/Qwen3-8B,MMLU_selected_subjects,conspiracy_449,clean,0.602,28
2025-12-10 07:19:14,Qwen/Qwen3-8B,MMLU_selected_subjects,conspiracy_899,wordd,0.593,28
2025-12-10 07:19:30,Qwen/Qwen3-8B,MMLU_selected_subjects,conspiracy_222,clean,0.583,28
2025-12-10 07:20:19,Qwen/Qwen3-8B,MMLU_selected_subjects,conspiracy_671,chara,0.416,28
2025-12-10 07:23:08,Qwen/Qwen3-8B,MMLU_selected_subjects,conspiracy_449,meani,0.594,28
2025-12-10 07:24:07,Qwen/Qwen3-8B,MMLU_selected_subjects,conspiracy_899,chara,0.562,28
2025-12-10 07:24:11,Qwen/Qwen3-8B,MMLU_selected_subjects,conspiracy_222,meani,0.598,28
2025-12-10 07:24:52,Qwen/Qwen3-8B,MMLU_selected_subjects,conspiracy_672,clean,0.586,28
2025-12-10 07:28:01,Qwen/Qwen3-8B,MMLU_selected_subjects,conspiracy_449,wordd,0.583,28
2025-12-10 07:28:35,Qwen/Qwen3-8B,MMLU_selected_subjects,conspiracy_9,clean,0.573,28
2025-12-10 07:28:40,Qwen/Qwen3-8B,MMLU_selected_subjects,conspiracy_222,wordd,0.592,28
2025-12-10 07:29:32,Qwen/Qwen3-8B,MMLU_selected_subjects,conspiracy_672,meani,0.574,28
2025-12-10 07:33:02,Qwen/Qwen3-8B,MMLU_selected_subjects,conspiracy_9,meani,0.579,28
2025-12-10 07:33:25,Qwen/Qwen3-8B,MMLU_selected_subjects,conspiracy_449,chara,0.549,28
2025-12-10 07:33:33,Qwen/Qwen3-8B,MMLU_selected_subjects,conspiracy_222,chara,0.520,28
2025-12-10 07:34:02,Qwen/Qwen3-8B,MMLU_selected_subjects,conspiracy_672,wordd,0.572,28
2025-12-10 07:37:29,Qwen/Qwen3-8B,MMLU_selected_subjects,conspiracy_9,wordd,0.560,28
2025-12-10 07:37:52,Qwen/Qwen3-8B,MMLU_selected_subjects,conspiracy_45,clean,0.612,28
2025-12-10 07:38:05,Qwen/Qwen3-8B,MMLU_selected_subjects,conspiracy_223,clean,0.544,28
2025-12-10 07:38:54,Qwen/Qwen3-8B,MMLU_selected_subjects,conspiracy_672,chara,0.532,28
2025-12-10 07:42:08,Qwen/Qwen3-8B,MMLU_selected_subjects,conspiracy_9,chara,0.563,28
2025-12-10 07:42:20,Qwen/Qwen3-8B,MMLU_selected_subjects,conspiracy_45,meani,0.573,28
2025-12-10 07:42:29,Qwen/Qwen3-8B,MMLU_selected_subjects,conspiracy_223,meani,0.546,28
2025-12-10 07:43:28,Qwen/Qwen3-8B,MMLU_selected_subjects,conspiracy_673,clean,0.611,28
2025-12-10 07:46:45,Qwen/Qwen3-8B,MMLU_selected_subjects,conspiracy_90,clean,0.603,28
2025-12-10 07:46:47,Qwen/Qwen3-8B,MMLU_selected_subjects,conspiracy_45,wordd,0.557,28
2025-12-10 07:46:52,Qwen/Qwen3-8B,MMLU_selected_subjects,conspiracy_223,wordd,0.572,28
2025-12-10 07:48:10,Qwen/Qwen3-8B,MMLU_selected_subjects,conspiracy_673,meani,0.564,28
2025-12-10 07:51:20,Qwen/Qwen3-8B,MMLU_selected_subjects,conspiracy_90,meani,0.594,28
2025-12-10 07:51:26,Qwen/Qwen3-8B,MMLU_selected_subjects,conspiracy_45,chara,0.545,28
2025-12-10 07:51:29,Qwen/Qwen3-8B,MMLU_selected_subjects,conspiracy_223,chara,0.559,28
2025-12-10 07:53:03,Qwen/Qwen3-8B,MMLU_selected_subjects,conspiracy_673,wordd,0.596,28
2025-12-10 07:55:55,Qwen/Qwen3-8B,MMLU_selected_subjects,conspiracy_90,wordd,0.612,28
2025-12-10 07:55:55,Qwen/Qwen3-8B,MMLU_selected_subjects,conspiracy_224,clean,0.583,28
2025-12-10 07:56:15,Qwen/Qwen3-8B,MMLU_selected_subjects,conspiracy_450,clean,0.583,28
2025-12-10 07:57:57,Qwen/Qwen3-8B,MMLU_selected_subjects,conspiracy_673,chara,0.550,28
2025-12-10 08:00:30,Qwen/Qwen3-8B,MMLU_selected_subjects,conspiracy_224,meani,0.578,28
2025-12-10 08:00:47,Qwen/Qwen3-8B,MMLU_selected_subjects,conspiracy_90,chara,0.556,28
2025-12-10 08:01:03,Qwen/Qwen3-8B,MMLU_selected_subjects,conspiracy_450,meani,0.564,28
2025-12-10 08:02:23,Qwen/Qwen3-8B,MMLU_selected_subjects,conspiracy_674,clean,0.616,28
2025-12-10 08:04:56,Qwen/Qwen3-8B,MMLU_selected_subjects,conspiracy_224,wordd,0.585,28
2025-12-10 08:05:36,Qwen/Qwen3-8B,MMLU_selected_subjects,conspiracy_900,clean,0.569,28
2025-12-10 08:05:52,Qwen/Qwen3-8B,MMLU_selected_subjects,conspiracy_450,wordd,0.586,28
2025-12-10 08:06:49,Qwen/Qwen3-8B,MMLU_selected_subjects,conspiracy_674,meani,0.576,28
2025-12-10 08:09:34,Qwen/Qwen3-8B,MMLU_selected_subjects,conspiracy_224,chara,0.556,28
2025-12-10 08:10:22,Qwen/Qwen3-8B,MMLU_selected_subjects,conspiracy_900,meani,0.563,28
2025-12-10 08:11:14,Qwen/Qwen3-8B,MMLU_selected_subjects,conspiracy_450,chara,0.545,28
2025-12-10 08:11:25,Qwen/Qwen3-8B,MMLU_selected_subjects,conspiracy_674,wordd,0.584,28
2025-12-10 08:14:13,Qwen/Qwen3-8B,MMLU_selected_subjects,conspiracy_225,clean,0.587,28
2025-12-10 08:15:09,Qwen/Qwen3-8B,MMLU_selected_subjects,conspiracy_900,wordd,0.559,28
2025-12-10 08:15:43,Qwen/Qwen3-8B,MMLU_selected_subjects,conspiracy_451,clean,0.613,28
2025-12-10 08:16:07,Qwen/Qwen3-8B,MMLU_selected_subjects,conspiracy_674,chara,0.536,28
2025-12-10 08:18:49,Qwen/Qwen3-8B,MMLU_selected_subjects,conspiracy_225,meani,0.594,28
2025-12-10 08:20:11,Qwen/Qwen3-8B,MMLU_selected_subjects,conspiracy_451,meani,0.593,28
2025-12-10 08:20:29,Qwen/Qwen3-8B,MMLU_selected_subjects,conspiracy_900,chara,0.554,28
2025-12-10 08:20:45,Qwen/Qwen3-8B,MMLU_selected_subjects,conspiracy_675,clean,0.551,28
2025-12-10 08:23:25,Qwen/Qwen3-8B,MMLU_selected_subjects,conspiracy_225,wordd,0.578,28
2025-12-10 08:24:40,Qwen/Qwen3-8B,MMLU_selected_subjects,conspiracy_451,wordd,0.598,28
2025-12-10 08:25:22,Qwen/Qwen3-8B,MMLU_selected_subjects,conspiracy_675,meani,0.554,28
2025-12-10 08:25:23,Qwen/Qwen3-8B,MMLU_selected_subjects,conspiracy_901,clean,0.575,28
2025-12-10 08:28:28,Qwen/Qwen3-8B,MMLU_selected_subjects,conspiracy_225,chara,0.533,28
2025-12-10 08:29:23,Qwen/Qwen3-8B,MMLU_selected_subjects,conspiracy_451,chara,0.558,28
2025-12-10 08:30:03,Qwen/Qwen3-8B,MMLU_selected_subjects,conspiracy_675,wordd,0.554,28
2025-12-10 08:30:15,Qwen/Qwen3-8B,MMLU_selected_subjects,conspiracy_901,meani,0.586,28
2025-12-10 08:33:07,Qwen/Qwen3-8B,MMLU_selected_subjects,conspiracy_226,clean,0.608,28
2025-12-10 08:34:22,Qwen/Qwen3-8B,MMLU_selected_subjects,conspiracy_452,clean,0.513,28
2025-12-10 08:35:08,Qwen/Qwen3-8B,MMLU_selected_subjects,conspiracy_901,wordd,0.545,28
2025-12-10 08:35:20,Qwen/Qwen3-8B,MMLU_selected_subjects,conspiracy_675,chara,0.551,28
2025-12-10 08:37:41,Qwen/Qwen3-8B,MMLU_selected_subjects,conspiracy_226,meani,0.602,28
2025-12-10 08:39:19,Qwen/Qwen3-8B,MMLU_selected_subjects,conspiracy_452,meani,0.545,28
2025-12-10 08:40:12,Qwen/Qwen3-8B,MMLU_selected_subjects,conspiracy_676,clean,0.580,28
2025-12-10 08:40:40,Qwen/Qwen3-8B,MMLU_selected_subjects,conspiracy_901,chara,0.517,28
2025-12-10 08:42:16,Qwen/Qwen3-8B,MMLU_selected_subjects,conspiracy_226,wordd,0.606,28
2025-12-10 08:44:16,Qwen/Qwen3-8B,MMLU_selected_subjects,conspiracy_452,wordd,0.527,28
2025-12-10 08:45:05,Qwen/Qwen3-8B,MMLU_selected_subjects,conspiracy_676,meani,0.591,28
2025-12-10 08:45:10,Qwen/Qwen3-8B,MMLU_selected_subjects,conspiracy_902,clean,0.565,28
2025-12-10 08:47:14,Qwen/Qwen3-8B,MMLU_selected_subjects,conspiracy_226,chara,0.539,28
2025-12-10 08:49:31,Qwen/Qwen3-8B,MMLU_selected_subjects,conspiracy_452,chara,0.481,28
2025-12-10 08:49:38,Qwen/Qwen3-8B,MMLU_selected_subjects,conspiracy_902,meani,0.602,28
2025-12-10 08:49:59,Qwen/Qwen3-8B,MMLU_selected_subjects,conspiracy_676,wordd,0.563,28
2025-12-10 08:51:59,Qwen/Qwen3-8B,MMLU_selected_subjects,conspiracy_227,clean,0.599,28
2025-12-10 08:53:59,Qwen/Qwen3-8B,MMLU_selected_subjects,conspiracy_453,clean,0.595,28
2025-12-10 08:54:07,Qwen/Qwen3-8B,MMLU_selected_subjects,conspiracy_902,wordd,0.579,28
2025-12-10 08:55:44,Qwen/Qwen3-8B,MMLU_selected_subjects,conspiracy_676,chara,0.555,28
2025-12-10 08:56:42,Qwen/Qwen3-8B,MMLU_selected_subjects,conspiracy_227,meani,0.548,28
2025-12-10 08:58:25,Qwen/Qwen3-8B,MMLU_selected_subjects,conspiracy_453,meani,0.552,28
2025-12-10 08:58:55,Qwen/Qwen3-8B,MMLU_selected_subjects,conspiracy_902,chara,0.538,28
2025-12-10 09:00:22,Qwen/Qwen3-8B,MMLU_selected_subjects,conspiracy_677,clean,0.565,28
2025-12-10 09:01:25,Qwen/Qwen3-8B,MMLU_selected_subjects,conspiracy_227,wordd,0.516,28
2025-12-10 09:02:51,Qwen/Qwen3-8B,MMLU_selected_subjects,conspiracy_453,wordd,0.537,28
2025-12-10 09:04:00,Qwen/Qwen3-8B,MMLU_selected_subjects,conspiracy_903,clean,0.475,28
2025-12-10 09:05:01,Qwen/Qwen3-8B,MMLU_selected_subjects,conspiracy_677,meani,0.579,28
2025-12-10 09:06:41,Qwen/Qwen3-8B,MMLU_selected_subjects,conspiracy_227,chara,0.527,28
2025-12-10 09:07:30,Qwen/Qwen3-8B,MMLU_selected_subjects,conspiracy_453,chara,0.539,28
2025-12-10 09:08:53,Qwen/Qwen3-8B,MMLU_selected_subjects,conspiracy_903,meani,0.558,28
2025-12-10 09:09:38,Qwen/Qwen3-8B,MMLU_selected_subjects,conspiracy_677,wordd,0.568,28
2025-12-10 09:11:10,Qwen/Qwen3-8B,MMLU_selected_subjects,conspiracy_228,clean,0.568,28
2025-12-10 09:11:58,Qwen/Qwen3-8B,MMLU_selected_subjects,conspiracy_454,clean,0.561,28
2025-12-10 09:13:45,Qwen/Qwen3-8B,MMLU_selected_subjects,conspiracy_903,wordd,0.534,28
2025-12-10 09:14:41,Qwen/Qwen3-8B,MMLU_selected_subjects,conspiracy_677,chara,0.542,28
2025-12-10 09:15:42,Qwen/Qwen3-8B,MMLU_selected_subjects,conspiracy_228,meani,0.572,28
2025-12-10 09:16:26,Qwen/Qwen3-8B,MMLU_selected_subjects,conspiracy_454,meani,0.580,28
2025-12-10 09:19:09,Qwen/Qwen3-8B,MMLU_selected_subjects,conspiracy_903,chara,0.516,28
2025-12-10 09:19:10,Qwen/Qwen3-8B,MMLU_selected_subjects,conspiracy_678,clean,0.557,28
2025-12-10 09:20:14,Qwen/Qwen3-8B,MMLU_selected_subjects,conspiracy_228,wordd,0.587,28
2025-12-10 09:20:53,Qwen/Qwen3-8B,MMLU_selected_subjects,conspiracy_454,wordd,0.565,28
2025-12-10 09:23:40,Qwen/Qwen3-8B,MMLU_selected_subjects,conspiracy_904,clean,0.567,28
2025-12-10 09:23:40,Qwen/Qwen3-8B,MMLU_selected_subjects,conspiracy_678,meani,0.551,28
2025-12-10 09:25:04,Qwen/Qwen3-8B,MMLU_selected_subjects,conspiracy_228,chara,0.548,28
2025-12-10 09:25:34,Qwen/Qwen3-8B,MMLU_selected_subjects,conspiracy_454,chara,0.539,28
2025-12-10 09:28:06,Qwen/Qwen3-8B,MMLU_selected_subjects,conspiracy_678,wordd,0.545,28
2025-12-10 09:28:12,Qwen/Qwen3-8B,MMLU_selected_subjects,conspiracy_904,meani,0.603,28
2025-12-10 09:29:42,Qwen/Qwen3-8B,MMLU_selected_subjects,conspiracy_229,clean,0.511,28
2025-12-10 09:30:22,Qwen/Qwen3-8B,MMLU_selected_subjects,conspiracy_455,clean,0.584,28
2025-12-10 09:32:42,Qwen/Qwen3-8B,MMLU_selected_subjects,conspiracy_904,wordd,0.613,28
2025-12-10 09:32:48,Qwen/Qwen3-8B,MMLU_selected_subjects,conspiracy_678,chara,0.562,28
2025-12-10 09:34:28,Qwen/Qwen3-8B,MMLU_selected_subjects,conspiracy_229,meani,0.541,28
2025-12-10 09:35:13,Qwen/Qwen3-8B,MMLU_selected_subjects,conspiracy_455,meani,0.582,28
2025-12-10 09:37:28,Qwen/Qwen3-8B,MMLU_selected_subjects,conspiracy_679,clean,0.612,28
2025-12-10 09:37:32,Qwen/Qwen3-8B,MMLU_selected_subjects,conspiracy_904,chara,0.584,28
2025-12-10 09:39:11,Qwen/Qwen3-8B,MMLU_selected_subjects,conspiracy_229,wordd,0.562,28
2025-12-10 09:40:04,Qwen/Qwen3-8B,MMLU_selected_subjects,conspiracy_455,wordd,0.581,28
2025-12-10 09:42:03,Qwen/Qwen3-8B,MMLU_selected_subjects,conspiracy_679,meani,0.612,28
2025-12-10 09:42:04,Qwen/Qwen3-8B,MMLU_selected_subjects,conspiracy_905,clean,0.539,28
2025-12-10 09:44:14,Qwen/Qwen3-8B,MMLU_selected_subjects,conspiracy_229,chara,0.550,28
2025-12-10 09:45:40,Qwen/Qwen3-8B,MMLU_selected_subjects,conspiracy_455,chara,0.520,28
2025-12-10 09:46:35,Qwen/Qwen3-8B,MMLU_selected_subjects,conspiracy_905,meani,0.565,28
2025-12-10 09:46:38,Qwen/Qwen3-8B,MMLU_selected_subjects,conspiracy_679,wordd,0.570,28
2025-12-10 09:48:55,Qwen/Qwen3-8B,MMLU_selected_subjects,conspiracy_23,clean,0.594,28
2025-12-10 09:50:26,Qwen/Qwen3-8B,MMLU_selected_subjects,conspiracy_456,clean,0.590,28
2025-12-10 09:51:11,Qwen/Qwen3-8B,MMLU_selected_subjects,conspiracy_905,wordd,0.542,28
2025-12-10 09:51:36,Qwen/Qwen3-8B,MMLU_selected_subjects,conspiracy_679,chara,0.505,28
2025-12-10 09:53:33,Qwen/Qwen3-8B,MMLU_selected_subjects,conspiracy_23,meani,0.583,28
2025-12-10 09:55:12,Qwen/Qwen3-8B,MMLU_selected_subjects,conspiracy_456,meani,0.578,28
2025-12-10 09:56:06,Qwen/Qwen3-8B,MMLU_selected_subjects,conspiracy_905,chara,0.560,28
2025-12-10 09:56:30,Qwen/Qwen3-8B,MMLU_selected_subjects,conspiracy_68,clean,0.555,28
2025-12-10 09:58:12,Qwen/Qwen3-8B,MMLU_selected_subjects,conspiracy_23,wordd,0.583,28
2025-12-10 09:59:57,Qwen/Qwen3-8B,MMLU_selected_subjects,conspiracy_456,wordd,0.580,28
2025-12-10 10:00:51,Qwen/Qwen3-8B,MMLU_selected_subjects,conspiracy_906,clean,0.611,28
2025-12-10 10:01:26,Qwen/Qwen3-8B,MMLU_selected_subjects,conspiracy_68,meani,0.534,28
2025-12-10 10:03:13,Qwen/Qwen3-8B,MMLU_selected_subjects,conspiracy_23,chara,0.538,28
2025-12-10 10:05:10,Qwen/Qwen3-8B,MMLU_selected_subjects,conspiracy_456,chara,0.553,28
2025-12-10 10:05:35,Qwen/Qwen3-8B,MMLU_selected_subjects,conspiracy_906,meani,0.585,28
2025-12-10 10:06:21,Qwen/Qwen3-8B,MMLU_selected_subjects,conspiracy_68,wordd,0.539,28
2025-12-10 10:07:47,Qwen/Qwen3-8B,MMLU_selected_subjects,conspiracy_230,clean,0.568,28
2025-12-10 10:09:52,Qwen/Qwen3-8B,MMLU_selected_subjects,conspiracy_457,clean,0.592,28
2025-12-10 10:10:18,Qwen/Qwen3-8B,MMLU_selected_subjects,conspiracy_906,wordd,0.586,28
2025-12-10 10:11:51,Qwen/Qwen3-8B,MMLU_selected_subjects,conspiracy_68,chara,0.538,28
2025-12-10 10:12:20,Qwen/Qwen3-8B,MMLU_selected_subjects,conspiracy_230,meani,0.547,28
2025-12-10 10:14:32,Qwen/Qwen3-8B,MMLU_selected_subjects,conspiracy_457,meani,0.598,28
2025-12-10 10:15:32,Qwen/Qwen3-8B,MMLU_selected_subjects,conspiracy_906,chara,0.559,28
2025-12-10 10:16:37,Qwen/Qwen3-8B,MMLU_selected_subjects,conspiracy_680,clean,0.592,28
2025-12-10 10:16:53,Qwen/Qwen3-8B,MMLU_selected_subjects,conspiracy_230,wordd,0.547,28
2025-12-10 10:19:12,Qwen/Qwen3-8B,MMLU_selected_subjects,conspiracy_457,wordd,0.565,28
2025-12-10 10:20:02,Qwen/Qwen3-8B,MMLU_selected_subjects,conspiracy_907,clean,0.516,28
2025-12-10 10:21:22,Qwen/Qwen3-8B,MMLU_selected_subjects,conspiracy_680,meani,0.587,28
2025-12-10 10:21:38,Qwen/Qwen3-8B,MMLU_selected_subjects,conspiracy_230,chara,0.569,28
2025-12-10 10:24:13,Qwen/Qwen3-8B,MMLU_selected_subjects,conspiracy_457,chara,0.513,28
2025-12-10 10:24:32,Qwen/Qwen3-8B,MMLU_selected_subjects,conspiracy_907,meani,0.575,28
2025-12-10 10:26:06,Qwen/Qwen3-8B,MMLU_selected_subjects,conspiracy_680,wordd,0.592,28
2025-12-10 10:26:33,Qwen/Qwen3-8B,MMLU_selected_subjects,conspiracy_231,clean,0.547,28
2025-12-10 10:28:49,Qwen/Qwen3-8B,MMLU_selected_subjects,conspiracy_458,clean,0.605,28
2025-12-10 10:29:02,Qwen/Qwen3-8B,MMLU_selected_subjects,conspiracy_907,wordd,0.565,28
2025-12-10 10:31:16,Qwen/Qwen3-8B,MMLU_selected_subjects,conspiracy_680,chara,0.540,28
2025-12-10 10:31:28,Qwen/Qwen3-8B,MMLU_selected_subjects,conspiracy_231,meani,0.596,28
2025-12-10 10:33:26,Qwen/Qwen3-8B,MMLU_selected_subjects,conspiracy_458,meani,0.609,28
2025-12-10 10:33:55,Qwen/Qwen3-8B,MMLU_selected_subjects,conspiracy_907,chara,0.520,28
2025-12-10 10:36:23,Qwen/Qwen3-8B,MMLU_selected_subjects,conspiracy_231,wordd,0.555,28
2025-12-10 10:36:26,Qwen/Qwen3-8B,MMLU_selected_subjects,conspiracy_681,clean,0.603,28
2025-12-10 10:38:05,Qwen/Qwen3-8B,MMLU_selected_subjects,conspiracy_458,wordd,0.597,28
2025-12-10 10:38:36,Qwen/Qwen3-8B,MMLU_selected_subjects,conspiracy_908,clean,0.600,28
2025-12-10 10:41:32,Qwen/Qwen3-8B,MMLU_selected_subjects,conspiracy_681,meani,0.585,28
2025-12-10 10:41:53,Qwen/Qwen3-8B,MMLU_selected_subjects,conspiracy_231,chara,0.555,28
2025-12-10 10:43:02,Qwen/Qwen3-8B,MMLU_selected_subjects,conspiracy_458,chara,0.550,28
2025-12-10 10:43:17,Qwen/Qwen3-8B,MMLU_selected_subjects,conspiracy_908,meani,0.595,28
2025-12-10 10:46:30,Qwen/Qwen3-8B,MMLU_selected_subjects,conspiracy_232,clean,0.592,28
2025-12-10 10:46:34,Qwen/Qwen3-8B,MMLU_selected_subjects,conspiracy_681,wordd,0.562,28
2025-12-10 10:47:41,Qwen/Qwen3-8B,MMLU_selected_subjects,conspiracy_459,clean,0.579,28
2025-12-10 10:47:55,Qwen/Qwen3-8B,MMLU_selected_subjects,conspiracy_908,wordd,0.591,28
2025-12-10 10:51:05,Qwen/Qwen3-8B,MMLU_selected_subjects,conspiracy_232,meani,0.558,28
2025-12-10 10:52:15,Qwen/Qwen3-8B,MMLU_selected_subjects,conspiracy_681,chara,0.521,28
2025-12-10 10:52:20,Qwen/Qwen3-8B,MMLU_selected_subjects,conspiracy_459,meani,0.592,28
2025-12-10 10:52:59,Qwen/Qwen3-8B,MMLU_selected_subjects,conspiracy_908,chara,0.557,28
2025-12-10 10:55:40,Qwen/Qwen3-8B,MMLU_selected_subjects,conspiracy_232,wordd,0.560,28
2025-12-10 10:56:51,Qwen/Qwen3-8B,MMLU_selected_subjects,conspiracy_682,clean,0.594,28
2025-12-10 10:56:59,Qwen/Qwen3-8B,MMLU_selected_subjects,conspiracy_459,wordd,0.595,28
2025-12-10 10:57:24,Qwen/Qwen3-8B,MMLU_selected_subjects,conspiracy_909,clean,0.598,28
2025-12-10 11:00:30,Qwen/Qwen3-8B,MMLU_selected_subjects,conspiracy_232,chara,0.551,28
2025-12-10 11:01:27,Qwen/Qwen3-8B,MMLU_selected_subjects,conspiracy_682,meani,0.596,28
2025-12-10 11:01:49,Qwen/Qwen3-8B,MMLU_selected_subjects,conspiracy_909,meani,0.571,28
2025-12-10 11:02:10,Qwen/Qwen3-8B,MMLU_selected_subjects,conspiracy_459,chara,0.542,28
2025-12-10 11:05:15,Qwen/Qwen3-8B,MMLU_selected_subjects,conspiracy_233,clean,0.564,28
2025-12-10 11:06:03,Qwen/Qwen3-8B,MMLU_selected_subjects,conspiracy_682,wordd,0.582,28
2025-12-10 11:06:14,Qwen/Qwen3-8B,MMLU_selected_subjects,conspiracy_909,wordd,0.565,28
2025-12-10 11:06:48,Qwen/Qwen3-8B,MMLU_selected_subjects,conspiracy_46,clean,0.579,28
2025-12-10 11:09:59,Qwen/Qwen3-8B,MMLU_selected_subjects,conspiracy_233,meani,0.595,28
2025-12-10 11:10:55,Qwen/Qwen3-8B,MMLU_selected_subjects,conspiracy_909,chara,0.567,28
2025-12-10 11:10:58,Qwen/Qwen3-8B,MMLU_selected_subjects,conspiracy_682,chara,0.524,28
2025-12-10 11:11:25,Qwen/Qwen3-8B,MMLU_selected_subjects,conspiracy_46,meani,0.577,28
2025-12-10 11:14:43,Qwen/Qwen3-8B,MMLU_selected_subjects,conspiracy_233,wordd,0.560,28
2025-12-10 11:15:26,Qwen/Qwen3-8B,MMLU_selected_subjects,conspiracy_91,clean,0.596,28
2025-12-10 11:15:54,Qwen/Qwen3-8B,MMLU_selected_subjects,conspiracy_683,clean,0.593,28
2025-12-10 11:16:03,Qwen/Qwen3-8B,MMLU_selected_subjects,conspiracy_46,wordd,0.528,28
2025-12-10 11:19:43,Qwen/Qwen3-8B,MMLU_selected_subjects,conspiracy_233,chara,0.555,28
2025-12-10 11:20:04,Qwen/Qwen3-8B,MMLU_selected_subjects,conspiracy_91,meani,0.582,28
2025-12-10 11:20:56,Qwen/Qwen3-8B,MMLU_selected_subjects,conspiracy_683,meani,0.559,28
2025-12-10 11:21:09,Qwen/Qwen3-8B,MMLU_selected_subjects,conspiracy_46,chara,0.529,28
2025-12-10 11:24:17,Qwen/Qwen3-8B,MMLU_selected_subjects,conspiracy_234,clean,0.596,28
2025-12-10 11:24:35,Qwen/Qwen3-8B,MMLU_selected_subjects,conspiracy_91,wordd,0.570,28
2025-12-10 11:25:52,Qwen/Qwen3-8B,MMLU_selected_subjects,conspiracy_683,wordd,0.560,28
2025-12-10 11:25:52,Qwen/Qwen3-8B,MMLU_selected_subjects,conspiracy_460,clean,0.579,28
2025-12-10 11:28:53,Qwen/Qwen3-8B,MMLU_selected_subjects,conspiracy_234,meani,0.560,28
2025-12-10 11:29:21,Qwen/Qwen3-8B,MMLU_selected_subjects,conspiracy_91,chara,0.553,28
2025-12-10 11:30:34,Qwen/Qwen3-8B,MMLU_selected_subjects,conspiracy_460,meani,0.546,28
2025-12-10 11:31:25,Qwen/Qwen3-8B,MMLU_selected_subjects,conspiracy_683,chara,0.561,28
2025-12-10 11:33:34,Qwen/Qwen3-8B,MMLU_selected_subjects,conspiracy_234,wordd,0.572,28
2025-12-10 11:33:57,Qwen/Qwen3-8B,MMLU_selected_subjects,conspiracy_910,clean,0.590,28
2025-12-10 11:35:16,Qwen/Qwen3-8B,MMLU_selected_subjects,conspiracy_460,wordd,0.503,28
2025-12-10 11:36:07,Qwen/Qwen3-8B,MMLU_selected_subjects,conspiracy_684,clean,0.532,28
2025-12-10 11:38:26,Qwen/Qwen3-8B,MMLU_selected_subjects,conspiracy_234,chara,0.534,28
2025-12-10 11:38:32,Qwen/Qwen3-8B,MMLU_selected_subjects,conspiracy_910,meani,0.581,28
2025-12-10 11:40:25,Qwen/Qwen3-8B,MMLU_selected_subjects,conspiracy_460,chara,0.512,28
2025-12-10 11:40:49,Qwen/Qwen3-8B,MMLU_selected_subjects,conspiracy_684,meani,0.540,28
2025-12-10 11:43:02,Qwen/Qwen3-8B,MMLU_selected_subjects,conspiracy_235,clean,0.611,28
2025-12-10 11:43:07,Qwen/Qwen3-8B,MMLU_selected_subjects,conspiracy_910,wordd,0.575,28
2025-12-10 11:44:56,Qwen/Qwen3-8B,MMLU_selected_subjects,conspiracy_461,clean,0.567,28
2025-12-10 11:45:30,Qwen/Qwen3-8B,MMLU_selected_subjects,conspiracy_684,wordd,0.552,28
2025-12-10 11:47:41,Qwen/Qwen3-8B,MMLU_selected_subjects,conspiracy_235,meani,0.608,28
2025-12-10 11:48:03,Qwen/Qwen3-8B,MMLU_selected_subjects,conspiracy_910,chara,0.564,28
2025-12-10 11:49:28,Qwen/Qwen3-8B,MMLU_selected_subjects,conspiracy_461,meani,0.565,28
2025-12-10 11:50:48,Qwen/Qwen3-8B,MMLU_selected_subjects,conspiracy_684,chara,0.557,28
2025-12-10 11:52:18,Qwen/Qwen3-8B,MMLU_selected_subjects,conspiracy_235,wordd,0.619,28
2025-12-10 11:52:39,Qwen/Qwen3-8B,MMLU_selected_subjects,conspiracy_911,clean,0.568,28
2025-12-10 11:53:59,Qwen/Qwen3-8B,MMLU_selected_subjects,conspiracy_461,wordd,0.599,28
2025-12-10 11:55:46,Qwen/Qwen3-8B,MMLU_selected_subjects,conspiracy_685,clean,0.603,28
2025-12-10 11:57:12,Qwen/Qwen3-8B,MMLU_selected_subjects,conspiracy_235,chara,0.540,28
2025-12-10 11:57:15,Qwen/Qwen3-8B,MMLU_selected_subjects,conspiracy_911,meani,0.573,28
2025-12-10 11:58:50,Qwen/Qwen3-8B,MMLU_selected_subjects,conspiracy_461,chara,0.538,28
2025-12-10 12:00:45,Qwen/Qwen3-8B,MMLU_selected_subjects,conspiracy_685,meani,0.587,28
2025-12-10 12:01:52,Qwen/Qwen3-8B,MMLU_selected_subjects,conspiracy_911,wordd,0.560,28
2025-12-10 12:01:55,Qwen/Qwen3-8B,MMLU_selected_subjects,conspiracy_236,clean,0.565,28
2025-12-10 12:03:22,Qwen/Qwen3-8B,MMLU_selected_subjects,conspiracy_462,clean,0.581,28
2025-12-10 12:05:44,Qwen/Qwen3-8B,MMLU_selected_subjects,conspiracy_685,wordd,0.556,28
2025-12-10 12:06:30,Qwen/Qwen3-8B,MMLU_selected_subjects,conspiracy_236,meani,0.605,28
2025-12-10 12:06:51,Qwen/Qwen3-8B,MMLU_selected_subjects,conspiracy_911,chara,0.536,28
2025-12-10 12:07:55,Qwen/Qwen3-8B,MMLU_selected_subjects,conspiracy_462,meani,0.542,28
2025-12-10 12:11:07,Qwen/Qwen3-8B,MMLU_selected_subjects,conspiracy_236,wordd,0.598,28
2025-12-10 12:11:18,Qwen/Qwen3-8B,MMLU_selected_subjects,conspiracy_912,clean,0.603,28
2025-12-10 12:11:30,Qwen/Qwen3-8B,MMLU_selected_subjects,conspiracy_685,chara,0.566,28
2025-12-10 12:12:26,Qwen/Qwen3-8B,MMLU_selected_subjects,conspiracy_462,wordd,0.564,28
2025-12-10 12:15:47,Qwen/Qwen3-8B,MMLU_selected_subjects,conspiracy_912,meani,0.594,28
2025-12-10 12:15:54,Qwen/Qwen3-8B,MMLU_selected_subjects,conspiracy_236,chara,0.551,28
2025-12-10 12:16:23,Qwen/Qwen3-8B,MMLU_selected_subjects,conspiracy_686,clean,0.586,28
2025-12-10 12:17:13,Qwen/Qwen3-8B,MMLU_selected_subjects,conspiracy_462,chara,0.550,28
2025-12-10 12:20:14,Qwen/Qwen3-8B,MMLU_selected_subjects,conspiracy_912,wordd,0.584,28
2025-12-10 12:20:44,Qwen/Qwen3-8B,MMLU_selected_subjects,conspiracy_237,clean,0.584,28
2025-12-10 12:21:14,Qwen/Qwen3-8B,MMLU_selected_subjects,conspiracy_686,meani,0.582,28
2025-12-10 12:21:38,Qwen/Qwen3-8B,MMLU_selected_subjects,conspiracy_463,clean,0.575,28
2025-12-10 12:25:03,Qwen/Qwen3-8B,MMLU_selected_subjects,conspiracy_912,chara,0.536,28
2025-12-10 12:25:27,Qwen/Qwen3-8B,MMLU_selected_subjects,conspiracy_237,meani,0.564,28
2025-12-10 12:26:04,Qwen/Qwen3-8B,MMLU_selected_subjects,conspiracy_463,meani,0.574,28
2025-12-10 12:26:05,Qwen/Qwen3-8B,MMLU_selected_subjects,conspiracy_686,wordd,0.597,28
2025-12-10 12:29:30,Qwen/Qwen3-8B,MMLU_selected_subjects,conspiracy_913,clean,0.595,28
2025-12-10 12:30:10,Qwen/Qwen3-8B,MMLU_selected_subjects,conspiracy_237,wordd,0.562,28
2025-12-10 12:30:30,Qwen/Qwen3-8B,MMLU_selected_subjects,conspiracy_463,wordd,0.538,28
2025-12-10 12:31:39,Qwen/Qwen3-8B,MMLU_selected_subjects,conspiracy_686,chara,0.549,28
2025-12-10 12:33:57,Qwen/Qwen3-8B,MMLU_selected_subjects,conspiracy_913,meani,0.592,28
2025-12-10 12:35:10,Qwen/Qwen3-8B,MMLU_selected_subjects,conspiracy_463,chara,0.545,28
2025-12-10 12:35:24,Qwen/Qwen3-8B,MMLU_selected_subjects,conspiracy_237,chara,0.536,28
2025-12-10 12:36:32,Qwen/Qwen3-8B,MMLU_selected_subjects,conspiracy_687,clean,0.546,28
2025-12-10 12:38:24,Qwen/Qwen3-8B,MMLU_selected_subjects,conspiracy_913,wordd,0.529,28
2025-12-10 12:39:58,Qwen/Qwen3-8B,MMLU_selected_subjects,conspiracy_238,clean,0.576,28
2025-12-10 12:40:08,Qwen/Qwen3-8B,MMLU_selected_subjects,conspiracy_464,clean,0.629,28
2025-12-10 12:41:26,Qwen/Qwen3-8B,MMLU_selected_subjects,conspiracy_687,meani,0.581,28
2025-12-10 12:43:06,Qwen/Qwen3-8B,MMLU_selected_subjects,conspiracy_913,chara,0.555,28
2025-12-10 12:44:31,Qwen/Qwen3-8B,MMLU_selected_subjects,conspiracy_238,meani,0.498,28
2025-12-10 12:45:03,Qwen/Qwen3-8B,MMLU_selected_subjects,conspiracy_464,meani,0.606,28
2025-12-10 12:46:19,Qwen/Qwen3-8B,MMLU_selected_subjects,conspiracy_687,wordd,0.577,28
2025-12-10 12:47:42,Qwen/Qwen3-8B,MMLU_selected_subjects,conspiracy_914,clean,0.574,28
2025-12-10 12:49:03,Qwen/Qwen3-8B,MMLU_selected_subjects,conspiracy_238,wordd,0.562,28
2025-12-10 12:49:59,Qwen/Qwen3-8B,MMLU_selected_subjects,conspiracy_464,wordd,0.568,28
2025-12-10 12:51:54,Qwen/Qwen3-8B,MMLU_selected_subjects,conspiracy_687,chara,0.558,28
2025-12-10 12:52:21,Qwen/Qwen3-8B,MMLU_selected_subjects,conspiracy_914,meani,0.573,28
2025-12-10 12:53:50,Qwen/Qwen3-8B,MMLU_selected_subjects,conspiracy_238,chara,0.557,28
2025-12-10 12:55:34,Qwen/Qwen3-8B,MMLU_selected_subjects,conspiracy_464,chara,0.540,28
2025-12-10 12:56:32,Qwen/Qwen3-8B,MMLU_selected_subjects,conspiracy_688,clean,0.610,28
2025-12-10 12:56:59,Qwen/Qwen3-8B,MMLU_selected_subjects,conspiracy_914,wordd,0.603,28
2025-12-10 12:58:41,Qwen/Qwen3-8B,MMLU_selected_subjects,conspiracy_239,clean,0.609,28
2025-12-10 13:00:09,Qwen/Qwen3-8B,MMLU_selected_subjects,conspiracy_465,clean,0.607,28
2025-12-10 13:01:09,Qwen/Qwen3-8B,MMLU_selected_subjects,conspiracy_688,meani,0.592,28
2025-12-10 13:01:59,Qwen/Qwen3-8B,MMLU_selected_subjects,conspiracy_914,chara,0.562,28
2025-12-10 13:03:28,Qwen/Qwen3-8B,MMLU_selected_subjects,conspiracy_239,meani,0.610,28
2025-12-10 13:04:44,Qwen/Qwen3-8B,MMLU_selected_subjects,conspiracy_465,meani,0.591,28
2025-12-10 13:05:47,Qwen/Qwen3-8B,MMLU_selected_subjects,conspiracy_688,wordd,0.591,28
2025-12-10 13:06:28,Qwen/Qwen3-8B,MMLU_selected_subjects,conspiracy_915,clean,0.626,28
2025-12-10 13:08:13,Qwen/Qwen3-8B,MMLU_selected_subjects,conspiracy_239,wordd,0.612,28
2025-12-10 13:09:19,Qwen/Qwen3-8B,MMLU_selected_subjects,conspiracy_465,wordd,0.594,28
2025-12-10 13:10:49,Qwen/Qwen3-8B,MMLU_selected_subjects,conspiracy_688,chara,0.502,28
2025-12-10 13:10:57,Qwen/Qwen3-8B,MMLU_selected_subjects,conspiracy_915,meani,0.599,28
2025-12-10 13:13:26,Qwen/Qwen3-8B,MMLU_selected_subjects,conspiracy_239,chara,0.572,28
2025-12-10 13:14:10,Qwen/Qwen3-8B,MMLU_selected_subjects,conspiracy_465,chara,0.542,28
2025-12-10 13:15:26,Qwen/Qwen3-8B,MMLU_selected_subjects,conspiracy_915,wordd,0.569,28
2025-12-10 13:15:38,Qwen/Qwen3-8B,MMLU_selected_subjects,conspiracy_689,clean,0.560,28
2025-12-10 13:18:18,Qwen/Qwen3-8B,MMLU_selected_subjects,conspiracy_24,clean,0.618,28
2025-12-10 13:19:04,Qwen/Qwen3-8B,MMLU_selected_subjects,conspiracy_466,clean,0.570,28
2025-12-10 13:20:08,Qwen/Qwen3-8B,MMLU_selected_subjects,conspiracy_915,chara,0.514,28
2025-12-10 13:20:28,Qwen/Qwen3-8B,MMLU_selected_subjects,conspiracy_689,meani,0.569,28
2025-12-10 13:23:10,Qwen/Qwen3-8B,MMLU_selected_subjects,conspiracy_24,meani,0.562,28
2025-12-10 13:23:57,Qwen/Qwen3-8B,MMLU_selected_subjects,conspiracy_466,meani,0.570,28
2025-12-10 13:25:05,Qwen/Qwen3-8B,MMLU_selected_subjects,conspiracy_916,clean,0.573,28
2025-12-10 13:25:17,Qwen/Qwen3-8B,MMLU_selected_subjects,conspiracy_689,wordd,0.561,28
2025-12-10 13:28:03,Qwen/Qwen3-8B,MMLU_selected_subjects,conspiracy_24,wordd,0.521,28
2025-12-10 13:28:52,Qwen/Qwen3-8B,MMLU_selected_subjects,conspiracy_466,wordd,0.519,28
2025-12-10 13:30:03,Qwen/Qwen3-8B,MMLU_selected_subjects,conspiracy_916,meani,0.581,28
2025-12-10 13:30:45,Qwen/Qwen3-8B,MMLU_selected_subjects,conspiracy_689,chara,0.512,28
2025-12-10 13:33:33,Qwen/Qwen3-8B,MMLU_selected_subjects,conspiracy_24,chara,0.544,28
2025-12-10 13:34:14,Qwen/Qwen3-8B,MMLU_selected_subjects,conspiracy_466,chara,0.554,28
2025-12-10 13:35:00,Qwen/Qwen3-8B,MMLU_selected_subjects,conspiracy_916,wordd,0.575,28
2025-12-10 13:35:16,Qwen/Qwen3-8B,MMLU_selected_subjects,conspiracy_69,clean,0.620,28
2025-12-10 13:38:07,Qwen/Qwen3-8B,MMLU_selected_subjects,conspiracy_240,clean,0.599,28
2025-12-10 13:38:47,Qwen/Qwen3-8B,MMLU_selected_subjects,conspiracy_467,clean,0.594,28
2025-12-10 13:39:44,Qwen/Qwen3-8B,MMLU_selected_subjects,conspiracy_69,meani,0.586,28
2025-12-10 13:40:37,Qwen/Qwen3-8B,MMLU_selected_subjects,conspiracy_916,chara,0.558,28
2025-12-10 13:42:41,Qwen/Qwen3-8B,MMLU_selected_subjects,conspiracy_240,meani,0.586,28
2025-12-10 13:43:22,Qwen/Qwen3-8B,MMLU_selected_subjects,conspiracy_467,meani,0.581,28
2025-12-10 13:44:24,Qwen/Qwen3-8B,MMLU_selected_subjects,conspiracy_69,wordd,0.589,28
2025-12-10 13:45:17,Qwen/Qwen3-8B,MMLU_selected_subjects,conspiracy_917,clean,0.610,28
2025-12-10 13:47:16,Qwen/Qwen3-8B,MMLU_selected_subjects,conspiracy_240,wordd,0.556,28
2025-12-10 13:48:00,Qwen/Qwen3-8B,MMLU_selected_subjects,conspiracy_467,wordd,0.541,28
2025-12-10 13:49:14,Qwen/Qwen3-8B,MMLU_selected_subjects,conspiracy_69,chara,0.543,28
2025-12-10 13:50:03,Qwen/Qwen3-8B,MMLU_selected_subjects,conspiracy_917,meani,0.599,28
2025-12-10 13:51:59,Qwen/Qwen3-8B,MMLU_selected_subjects,conspiracy_240,chara,0.574,28
2025-12-10 13:52:55,Qwen/Qwen3-8B,MMLU_selected_subjects,conspiracy_467,chara,0.564,28
2025-12-10 13:53:46,Qwen/Qwen3-8B,MMLU_selected_subjects,conspiracy_690,clean,0.575,28
2025-12-10 13:54:39,Qwen/Qwen3-8B,MMLU_selected_subjects,conspiracy_917,wordd,0.588,28
2025-12-10 13:57:00,Qwen/Qwen3-8B,MMLU_selected_subjects,conspiracy_241,clean,0.627,28
2025-12-10 13:57:43,Qwen/Qwen3-8B,MMLU_selected_subjects,conspiracy_468,clean,0.605,28
2025-12-10 13:58:19,Qwen/Qwen3-8B,MMLU_selected_subjects,conspiracy_690,meani,0.596,28
2025-12-10 13:59:47,Qwen/Qwen3-8B,MMLU_selected_subjects,conspiracy_917,chara,0.557,28
2025-12-10 14:02:03,Qwen/Qwen3-8B,MMLU_selected_subjects,conspiracy_241,meani,0.587,28
2025-12-10 14:02:32,Qwen/Qwen3-8B,MMLU_selected_subjects,conspiracy_468,meani,0.533,28
2025-12-10 14:02:51,Qwen/Qwen3-8B,MMLU_selected_subjects,conspiracy_690,wordd,0.570,28
2025-12-10 14:04:40,Qwen/Qwen3-8B,MMLU_selected_subjects,conspiracy_918,clean,0.599,28
2025-12-10 14:07:05,Qwen/Qwen3-8B,MMLU_selected_subjects,conspiracy_241,wordd,0.530,28
2025-12-10 14:07:18,Qwen/Qwen3-8B,MMLU_selected_subjects,conspiracy_468,wordd,0.560,28
2025-12-10 14:07:33,Qwen/Qwen3-8B,MMLU_selected_subjects,conspiracy_690,chara,0.546,28
2025-12-10 14:09:31,Qwen/Qwen3-8B,MMLU_selected_subjects,conspiracy_918,meani,0.589,28
2025-12-10 14:12:31,Qwen/Qwen3-8B,MMLU_selected_subjects,conspiracy_691,clean,0.589,28
2025-12-10 14:12:32,Qwen/Qwen3-8B,MMLU_selected_subjects,conspiracy_241,chara,0.538,28
2025-12-10 14:12:40,Qwen/Qwen3-8B,MMLU_selected_subjects,conspiracy_468,chara,0.554,28
2025-12-10 14:14:26,Qwen/Qwen3-8B,MMLU_selected_subjects,conspiracy_918,wordd,0.578,28
2025-12-10 14:17:11,Qwen/Qwen3-8B,MMLU_selected_subjects,conspiracy_242,clean,0.603,28
2025-12-10 14:17:26,Qwen/Qwen3-8B,MMLU_selected_subjects,conspiracy_469,clean,0.583,28
2025-12-10 14:17:28,Qwen/Qwen3-8B,MMLU_selected_subjects,conspiracy_691,meani,0.558,28
2025-12-10 14:20:00,Qwen/Qwen3-8B,MMLU_selected_subjects,conspiracy_918,chara,0.549,28
2025-12-10 14:21:49,Qwen/Qwen3-8B,MMLU_selected_subjects,conspiracy_242,meani,0.570,28
2025-12-10 14:22:14,Qwen/Qwen3-8B,MMLU_selected_subjects,conspiracy_469,meani,0.595,28
2025-12-10 14:22:26,Qwen/Qwen3-8B,MMLU_selected_subjects,conspiracy_691,wordd,0.581,28
2025-12-10 14:24:41,Qwen/Qwen3-8B,MMLU_selected_subjects,conspiracy_919,clean,0.552,28
2025-12-10 14:26:29,Qwen/Qwen3-8B,MMLU_selected_subjects,conspiracy_242,wordd,0.561,28
2025-12-10 14:26:59,Qwen/Qwen3-8B,MMLU_selected_subjects,conspiracy_469,wordd,0.560,28
2025-12-10 14:28:05,Qwen/Qwen3-8B,MMLU_selected_subjects,conspiracy_691,chara,0.526,28
2025-12-10 14:29:24,Qwen/Qwen3-8B,MMLU_selected_subjects,conspiracy_919,meani,0.525,28
2025-12-10 14:31:15,Qwen/Qwen3-8B,MMLU_selected_subjects,conspiracy_242,chara,0.528,28
2025-12-10 14:32:09,Qwen/Qwen3-8B,MMLU_selected_subjects,conspiracy_469,chara,0.565,28
2025-12-10 14:32:40,Qwen/Qwen3-8B,MMLU_selected_subjects,conspiracy_692,clean,0.587,28
2025-12-10 14:33:57,Qwen/Qwen3-8B,MMLU_selected_subjects,conspiracy_919,wordd,0.550,28
2025-12-10 14:35:50,Qwen/Qwen3-8B,MMLU_selected_subjects,conspiracy_243,clean,0.540,28
2025-12-10 14:36:47,Qwen/Qwen3-8B,MMLU_selected_subjects,conspiracy_47,clean,0.585,28
2025-12-10 14:37:16,Qwen/Qwen3-8B,MMLU_selected_subjects,conspiracy_692,meani,0.581,28
2025-12-10 14:38:51,Qwen/Qwen3-8B,MMLU_selected_subjects,conspiracy_919,chara,0.527,28
2025-12-10 14:40:30,Qwen/Qwen3-8B,MMLU_selected_subjects,conspiracy_243,meani,0.591,28
2025-12-10 14:41:28,Qwen/Qwen3-8B,MMLU_selected_subjects,conspiracy_47,meani,0.590,28
2025-12-10 14:41:55,Qwen/Qwen3-8B,MMLU_selected_subjects,conspiracy_692,wordd,0.582,28
2025-12-10 14:43:41,Qwen/Qwen3-8B,MMLU_selected_subjects,conspiracy_92,clean,0.603,28
2025-12-10 14:45:04,Qwen/Qwen3-8B,MMLU_selected_subjects,conspiracy_243,wordd,0.565,28
2025-12-10 14:46:08,Qwen/Qwen3-8B,MMLU_selected_subjects,conspiracy_47,wordd,0.580,28
2025-12-10 14:46:48,Qwen/Qwen3-8B,MMLU_selected_subjects,conspiracy_692,chara,0.541,28
2025-12-10 14:48:29,Qwen/Qwen3-8B,MMLU_selected_subjects,conspiracy_92,meani,0.589,28
2025-12-10 14:49:51,Qwen/Qwen3-8B,MMLU_selected_subjects,conspiracy_243,chara,0.567,28
2025-12-10 14:51:01,Qwen/Qwen3-8B,MMLU_selected_subjects,conspiracy_47,chara,0.525,28
2025-12-10 14:51:49,Qwen/Qwen3-8B,MMLU_selected_subjects,conspiracy_693,clean,0.571,28
2025-12-10 14:53:17,Qwen/Qwen3-8B,MMLU_selected_subjects,conspiracy_92,wordd,0.587,28
2025-12-10 14:54:38,Qwen/Qwen3-8B,MMLU_selected_subjects,conspiracy_244,clean,0.600,28
2025-12-10 14:55:36,Qwen/Qwen3-8B,MMLU_selected_subjects,conspiracy_470,clean,0.562,28
2025-12-10 14:56:48,Qwen/Qwen3-8B,MMLU_selected_subjects,conspiracy_693,meani,0.586,28
2025-12-10 14:58:47,Qwen/Qwen3-8B,MMLU_selected_subjects,conspiracy_92,chara,0.535,28
2025-12-10 14:59:12,Qwen/Qwen3-8B,MMLU_selected_subjects,conspiracy_244,meani,0.610,28
2025-12-10 15:00:11,Qwen/Qwen3-8B,MMLU_selected_subjects,conspiracy_470,meani,0.574,28
2025-12-10 15:01:49,Qwen/Qwen3-8B,MMLU_selected_subjects,conspiracy_693,wordd,0.542,28
2025-12-10 15:03:20,Qwen/Qwen3-8B,MMLU_selected_subjects,conspiracy_920,clean,0.589,28
2025-12-10 15:03:45,Qwen/Qwen3-8B,MMLU_selected_subjects,conspiracy_244,wordd,0.590,28
2025-12-10 15:04:47,Qwen/Qwen3-8B,MMLU_selected_subjects,conspiracy_470,wordd,0.592,28
2025-12-10 15:07:37,Qwen/Qwen3-8B,MMLU_selected_subjects,conspiracy_693,chara,0.548,28
2025-12-10 15:07:51,Qwen/Qwen3-8B,MMLU_selected_subjects,conspiracy_920,meani,0.587,28
2025-12-10 15:08:30,Qwen/Qwen3-8B,MMLU_selected_subjects,conspiracy_244,chara,0.554,28
2025-12-10 15:09:44,Qwen/Qwen3-8B,MMLU_selected_subjects,conspiracy_470,chara,0.534,28
2025-12-10 15:12:13,Qwen/Qwen3-8B,MMLU_selected_subjects,conspiracy_694,clean,0.581,28
2025-12-10 15:12:19,Qwen/Qwen3-8B,MMLU_selected_subjects,conspiracy_920,wordd,0.605,28
2025-12-10 15:13:12,Qwen/Qwen3-8B,MMLU_selected_subjects,conspiracy_245,clean,0.567,28
2025-12-10 15:14:29,Qwen/Qwen3-8B,MMLU_selected_subjects,conspiracy_471,clean,0.574,28
2025-12-10 15:16:49,Qwen/Qwen3-8B,MMLU_selected_subjects,conspiracy_694,meani,0.574,28
2025-12-10 15:17:04,Qwen/Qwen3-8B,MMLU_selected_subjects,conspiracy_920,chara,0.588,28
2025-12-10 15:17:52,Qwen/Qwen3-8B,MMLU_selected_subjects,conspiracy_245,meani,0.512,28
2025-12-10 15:19:15,Qwen/Qwen3-8B,MMLU_selected_subjects,conspiracy_471,meani,0.568,28
2025-12-10 15:21:26,Qwen/Qwen3-8B,MMLU_selected_subjects,conspiracy_694,wordd,0.586,28
2025-12-10 15:21:41,Qwen/Qwen3-8B,MMLU_selected_subjects,conspiracy_921,clean,0.566,28
2025-12-10 15:22:27,Qwen/Qwen3-8B,MMLU_selected_subjects,conspiracy_245,wordd,0.539,28
2025-12-10 15:24:01,Qwen/Qwen3-8B,MMLU_selected_subjects,conspiracy_471,wordd,0.527,28
2025-12-10 15:26:18,Qwen/Qwen3-8B,MMLU_selected_subjects,conspiracy_694,chara,0.532,28
2025-12-10 15:26:23,Qwen/Qwen3-8B,MMLU_selected_subjects,conspiracy_921,meani,0.601,28
2025-12-10 15:27:18,Qwen/Qwen3-8B,MMLU_selected_subjects,conspiracy_245,chara,0.555,28
2025-12-10 15:29:27,Qwen/Qwen3-8B,MMLU_selected_subjects,conspiracy_471,chara,0.556,28
2025-12-10 15:31:03,Qwen/Qwen3-8B,MMLU_selected_subjects,conspiracy_921,wordd,0.605,28
2025-12-10 15:31:07,Qwen/Qwen3-8B,MMLU_selected_subjects,conspiracy_695,clean,0.594,28
2025-12-10 15:32:03,Qwen/Qwen3-8B,MMLU_selected_subjects,conspiracy_246,clean,0.578,28
2025-12-10 15:34:10,Qwen/Qwen3-8B,MMLU_selected_subjects,conspiracy_472,clean,0.576,28
2025-12-10 15:35:58,Qwen/Qwen3-8B,MMLU_selected_subjects,conspiracy_695,meani,0.600,28
2025-12-10 15:36:13,Qwen/Qwen3-8B,MMLU_selected_subjects,conspiracy_921,chara,0.538,28
2025-12-10 15:36:49,Qwen/Qwen3-8B,MMLU_selected_subjects,conspiracy_246,meani,0.600,28
2025-12-10 15:38:53,Qwen/Qwen3-8B,MMLU_selected_subjects,conspiracy_472,meani,0.594,28
2025-12-10 15:40:44,Qwen/Qwen3-8B,MMLU_selected_subjects,conspiracy_922,clean,0.551,28
2025-12-10 15:40:46,Qwen/Qwen3-8B,MMLU_selected_subjects,conspiracy_695,wordd,0.569,28
2025-12-10 15:41:36,Qwen/Qwen3-8B,MMLU_selected_subjects,conspiracy_246,wordd,0.590,28
2025-12-10 15:43:39,Qwen/Qwen3-8B,MMLU_selected_subjects,conspiracy_472,wordd,0.566,28
2025-12-10 15:45:21,Qwen/Qwen3-8B,MMLU_selected_subjects,conspiracy_922,meani,0.550,28
2025-12-10 15:46:07,Qwen/Qwen3-8B,MMLU_selected_subjects,conspiracy_695,chara,0.530,28
2025-12-10 15:46:52,Qwen/Qwen3-8B,MMLU_selected_subjects,conspiracy_246,chara,0.551,28
2025-12-10 15:48:49,Qwen/Qwen3-8B,MMLU_selected_subjects,conspiracy_472,chara,0.515,28
2025-12-10 15:49:50,Qwen/Qwen3-8B,MMLU_selected_subjects,conspiracy_922,wordd,0.561,28
2025-12-10 15:51:07,Qwen/Qwen3-8B,MMLU_selected_subjects,conspiracy_696,clean,0.603,28
2025-12-10 15:51:36,Qwen/Qwen3-8B,MMLU_selected_subjects,conspiracy_247,clean,0.598,28
2025-12-10 15:53:45,Qwen/Qwen3-8B,MMLU_selected_subjects,conspiracy_473,clean,0.547,28
2025-12-10 15:54:35,Qwen/Qwen3-8B,MMLU_selected_subjects,conspiracy_922,chara,0.556,28
2025-12-10 15:56:05,Qwen/Qwen3-8B,MMLU_selected_subjects,conspiracy_696,meani,0.598,28
2025-12-10 15:56:18,Qwen/Qwen3-8B,MMLU_selected_subjects,conspiracy_247,meani,0.547,28
2025-12-10 15:58:39,Qwen/Qwen3-8B,MMLU_selected_subjects,conspiracy_473,meani,0.597,28
2025-12-10 15:59:07,Qwen/Qwen3-8B,MMLU_selected_subjects,conspiracy_923,clean,0.552,28
2025-12-10 16:00:57,Qwen/Qwen3-8B,MMLU_selected_subjects,conspiracy_247,wordd,0.578,28
2025-12-10 16:01:03,Qwen/Qwen3-8B,MMLU_selected_subjects,conspiracy_696,wordd,0.584,28
2025-12-10 16:03:34,Qwen/Qwen3-8B,MMLU_selected_subjects,conspiracy_473,wordd,0.595,28
2025-12-10 16:03:37,Qwen/Qwen3-8B,MMLU_selected_subjects,conspiracy_923,meani,0.584,28
2025-12-10 16:06:01,Qwen/Qwen3-8B,MMLU_selected_subjects,conspiracy_247,chara,0.540,28
2025-12-10 16:06:39,Qwen/Qwen3-8B,MMLU_selected_subjects,conspiracy_696,chara,0.555,28
2025-12-10 16:08:07,Qwen/Qwen3-8B,MMLU_selected_subjects,conspiracy_923,wordd,0.599,28
2025-12-10 16:09:09,Qwen/Qwen3-8B,MMLU_selected_subjects,conspiracy_473,chara,0.545,28
2025-12-10 16:10:53,Qwen/Qwen3-8B,MMLU_selected_subjects,conspiracy_248,clean,0.561,28
2025-12-10 16:11:12,Qwen/Qwen3-8B,MMLU_selected_subjects,conspiracy_697,clean,0.562,28
2025-12-10 16:12:52,Qwen/Qwen3-8B,MMLU_selected_subjects,conspiracy_923,chara,0.545,28
2025-12-10 16:13:49,Qwen/Qwen3-8B,MMLU_selected_subjects,conspiracy_474,clean,0.588,28
2025-12-10 16:15:43,Qwen/Qwen3-8B,MMLU_selected_subjects,conspiracy_248,meani,0.558,28
2025-12-10 16:15:46,Qwen/Qwen3-8B,MMLU_selected_subjects,conspiracy_697,meani,0.571,28
2025-12-10 16:17:49,Qwen/Qwen3-8B,MMLU_selected_subjects,conspiracy_924,clean,0.593,28
2025-12-10 16:18:29,Qwen/Qwen3-8B,MMLU_selected_subjects,conspiracy_474,meani,0.613,28
2025-12-10 16:20:19,Qwen/Qwen3-8B,MMLU_selected_subjects,conspiracy_697,wordd,0.528,28
2025-12-10 16:20:30,Qwen/Qwen3-8B,MMLU_selected_subjects,conspiracy_248,wordd,0.477,28
2025-12-10 16:22:41,Qwen/Qwen3-8B,MMLU_selected_subjects,conspiracy_924,meani,0.581,28
2025-12-10 16:23:09,Qwen/Qwen3-8B,MMLU_selected_subjects,conspiracy_474,wordd,0.599,28
2025-12-10 16:25:07,Qwen/Qwen3-8B,MMLU_selected_subjects,conspiracy_697,chara,0.533,28
2025-12-10 16:25:45,Qwen/Qwen3-8B,MMLU_selected_subjects,conspiracy_248,chara,0.482,28
2025-12-10 16:27:35,Qwen/Qwen3-8B,MMLU_selected_subjects,conspiracy_924,wordd,0.576,28
2025-12-10 16:28:12,Qwen/Qwen3-8B,MMLU_selected_subjects,conspiracy_474,chara,0.573,28
2025-12-10 16:30:06,Qwen/Qwen3-8B,MMLU_selected_subjects,conspiracy_698,clean,0.577,28
2025-12-10 16:30:33,Qwen/Qwen3-8B,MMLU_selected_subjects,conspiracy_249,clean,0.545,28
2025-12-10 16:32:44,Qwen/Qwen3-8B,MMLU_selected_subjects,conspiracy_475,clean,0.528,28
2025-12-10 16:33:12,Qwen/Qwen3-8B,MMLU_selected_subjects,conspiracy_924,chara,0.535,28
2025-12-10 16:35:04,Qwen/Qwen3-8B,MMLU_selected_subjects,conspiracy_698,meani,0.590,28
2025-12-10 16:35:20,Qwen/Qwen3-8B,MMLU_selected_subjects,conspiracy_249,meani,0.568,28
2025-12-10 16:37:15,Qwen/Qwen3-8B,MMLU_selected_subjects,conspiracy_475,meani,0.537,28
2025-12-10 16:37:43,Qwen/Qwen3-8B,MMLU_selected_subjects,conspiracy_925,clean,0.586,28
2025-12-10 16:40:01,Qwen/Qwen3-8B,MMLU_selected_subjects,conspiracy_698,wordd,0.581,28
2025-12-10 16:40:06,Qwen/Qwen3-8B,MMLU_selected_subjects,conspiracy_249,wordd,0.558,28
2025-12-10 16:41:46,Qwen/Qwen3-8B,MMLU_selected_subjects,conspiracy_475,wordd,0.565,28
2025-12-10 16:42:16,Qwen/Qwen3-8B,MMLU_selected_subjects,conspiracy_925,meani,0.565,28
2025-12-10 16:45:21,Qwen/Qwen3-8B,MMLU_selected_subjects,conspiracy_249,chara,0.535,28
2025-12-10 16:45:38,Qwen/Qwen3-8B,MMLU_selected_subjects,conspiracy_698,chara,0.536,28
2025-12-10 16:46:31,Qwen/Qwen3-8B,MMLU_selected_subjects,conspiracy_475,chara,0.565,28
2025-12-10 16:46:50,Qwen/Qwen3-8B,MMLU_selected_subjects,conspiracy_925,wordd,0.561,28
2025-12-10 16:50:09,Qwen/Qwen3-8B,MMLU_selected_subjects,conspiracy_25,clean,0.552,28
2025-12-10 16:50:29,Qwen/Qwen3-8B,MMLU_selected_subjects,conspiracy_699,clean,0.614,28
2025-12-10 16:51:20,Qwen/Qwen3-8B,MMLU_selected_subjects,conspiracy_476,clean,0.591,28
2025-12-10 16:51:42,Qwen/Qwen3-8B,MMLU_selected_subjects,conspiracy_925,chara,0.516,28
2025-12-10 16:54:58,Qwen/Qwen3-8B,MMLU_selected_subjects,conspiracy_25,meani,0.560,28
2025-12-10 16:55:18,Qwen/Qwen3-8B,MMLU_selected_subjects,conspiracy_699,meani,0.585,28
2025-12-10 16:56:10,Qwen/Qwen3-8B,MMLU_selected_subjects,conspiracy_476,meani,0.578,28
2025-12-10 16:56:17,Qwen/Qwen3-8B,MMLU_selected_subjects,conspiracy_926,clean,0.552,28
2025-12-10 16:59:50,Qwen/Qwen3-8B,MMLU_selected_subjects,conspiracy_25,wordd,0.579,28
2025-12-10 17:00:12,Qwen/Qwen3-8B,MMLU_selected_subjects,conspiracy_699,wordd,0.567,28
2025-12-10 17:00:55,Qwen/Qwen3-8B,MMLU_selected_subjects,conspiracy_926,meani,0.571,28
2025-12-10 17:01:03,Qwen/Qwen3-8B,MMLU_selected_subjects,conspiracy_476,wordd,0.547,28
2025-12-10 17:05:04,Qwen/Qwen3-8B,MMLU_selected_subjects,conspiracy_25,chara,0.535,28
2025-12-10 17:05:25,Qwen/Qwen3-8B,MMLU_selected_subjects,conspiracy_699,chara,0.539,28
2025-12-10 17:05:35,Qwen/Qwen3-8B,MMLU_selected_subjects,conspiracy_926,wordd,0.538,28
2025-12-10 17:06:26,Qwen/Qwen3-8B,MMLU_selected_subjects,conspiracy_476,chara,0.561,28
2025-12-10 17:09:49,Qwen/Qwen3-8B,MMLU_selected_subjects,conspiracy_250,clean,0.573,28
2025-12-10 17:10:12,Qwen/Qwen3-8B,MMLU_selected_subjects,conspiracy_7,clean,0.587,28
2025-12-10 17:10:43,Qwen/Qwen3-8B,MMLU_selected_subjects,conspiracy_926,chara,0.539,28
2025-12-10 17:11:27,Qwen/Qwen3-8B,MMLU_selected_subjects,conspiracy_477,clean,0.612,28
2025-12-10 17:14:36,Qwen/Qwen3-8B,MMLU_selected_subjects,conspiracy_250,meani,0.591,28
2025-12-10 17:14:56,Qwen/Qwen3-8B,MMLU_selected_subjects,conspiracy_7,meani,0.601,28
2025-12-10 17:15:25,Qwen/Qwen3-8B,MMLU_selected_subjects,conspiracy_927,clean,0.538,28
2025-12-10 17:16:27,Qwen/Qwen3-8B,MMLU_selected_subjects,conspiracy_477,meani,0.594,28
2025-12-10 17:19:22,Qwen/Qwen3-8B,MMLU_selected_subjects,conspiracy_250,wordd,0.551,28
2025-12-10 17:19:40,Qwen/Qwen3-8B,MMLU_selected_subjects,conspiracy_7,wordd,0.597,28
2025-12-10 17:20:08,Qwen/Qwen3-8B,MMLU_selected_subjects,conspiracy_927,meani,0.595,28
2025-12-10 17:21:26,Qwen/Qwen3-8B,MMLU_selected_subjects,conspiracy_477,wordd,0.592,28
2025-12-10 17:24:25,Qwen/Qwen3-8B,MMLU_selected_subjects,conspiracy_250,chara,0.517,28
2025-12-10 17:24:47,Qwen/Qwen3-8B,MMLU_selected_subjects,conspiracy_927,wordd,0.605,28
2025-12-10 17:24:53,Qwen/Qwen3-8B,MMLU_selected_subjects,conspiracy_7,chara,0.561,28
2025-12-10 17:27:15,Qwen/Qwen3-8B,MMLU_selected_subjects,conspiracy_477,chara,0.531,28
2025-12-10 17:29:02,Qwen/Qwen3-8B,MMLU_selected_subjects,conspiracy_251,clean,0.578,28
2025-12-10 17:29:47,Qwen/Qwen3-8B,MMLU_selected_subjects,conspiracy_70,clean,0.573,28
2025-12-10 17:29:58,Qwen/Qwen3-8B,MMLU_selected_subjects,conspiracy_927,chara,0.549,28
2025-12-10 17:32:00,Qwen/Qwen3-8B,MMLU_selected_subjects,conspiracy_478,clean,0.592,28
2025-12-10 17:33:41,Qwen/Qwen3-8B,MMLU_selected_subjects,conspiracy_251,meani,0.605,28
2025-12-10 17:34:40,Qwen/Qwen3-8B,MMLU_selected_subjects,conspiracy_70,meani,0.576,28
2025-12-10 17:34:46,Qwen/Qwen3-8B,MMLU_selected_subjects,conspiracy_928,clean,0.617,28
2025-12-10 17:36:41,Qwen/Qwen3-8B,MMLU_selected_subjects,conspiracy_478,meani,0.598,28
2025-12-10 17:38:22,Qwen/Qwen3-8B,MMLU_selected_subjects,conspiracy_251,wordd,0.585,28
2025-12-10 17:39:31,Qwen/Qwen3-8B,MMLU_selected_subjects,conspiracy_70,wordd,0.577,28
2025-12-10 17:39:31,Qwen/Qwen3-8B,MMLU_selected_subjects,conspiracy_928,meani,0.614,28
2025-12-10 17:41:21,Qwen/Qwen3-8B,MMLU_selected_subjects,conspiracy_478,wordd,0.588,28
2025-12-10 17:43:15,Qwen/Qwen3-8B,MMLU_selected_subjects,conspiracy_251,chara,0.574,28
2025-12-10 17:44:17,Qwen/Qwen3-8B,MMLU_selected_subjects,conspiracy_928,wordd,0.605,28
2025-12-10 17:44:54,Qwen/Qwen3-8B,MMLU_selected_subjects,conspiracy_70,chara,0.544,28
2025-12-10 17:46:26,Qwen/Qwen3-8B,MMLU_selected_subjects,conspiracy_478,chara,0.558,28
2025-12-10 17:48:03,Qwen/Qwen3-8B,MMLU_selected_subjects,conspiracy_252,clean,0.606,28
2025-12-10 17:49:35,Qwen/Qwen3-8B,MMLU_selected_subjects,conspiracy_928,chara,0.560,28
2025-12-10 17:49:47,Qwen/Qwen3-8B,MMLU_selected_subjects,conspiracy_700,clean,0.538,28
2025-12-10 17:50:57,Qwen/Qwen3-8B,MMLU_selected_subjects,conspiracy_479,clean,0.563,28
2025-12-10 17:52:52,Qwen/Qwen3-8B,MMLU_selected_subjects,conspiracy_252,meani,0.590,28
2025-12-10 17:54:38,Qwen/Qwen3-8B,MMLU_selected_subjects,conspiracy_700,meani,0.551,28
2025-12-10 17:54:39,Qwen/Qwen3-8B,MMLU_selected_subjects,conspiracy_929,clean,0.589,28
2025-12-10 17:55:28,Qwen/Qwen3-8B,MMLU_selected_subjects,conspiracy_479,meani,0.577,28
2025-12-10 17:57:41,Qwen/Qwen3-8B,MMLU_selected_subjects,conspiracy_252,wordd,0.585,28
2025-12-10 17:59:30,Qwen/Qwen3-8B,MMLU_selected_subjects,conspiracy_700,wordd,0.566,28
2025-12-10 17:59:43,Qwen/Qwen3-8B,MMLU_selected_subjects,conspiracy_929,meani,0.583,28
2025-12-10 18:00:00,Qwen/Qwen3-8B,MMLU_selected_subjects,conspiracy_479,wordd,0.565,28
2025-12-10 18:03:02,Qwen/Qwen3-8B,MMLU_selected_subjects,conspiracy_252,chara,0.557,28
2025-12-10 18:04:45,Qwen/Qwen3-8B,MMLU_selected_subjects,conspiracy_479,chara,0.566,28
2025-12-10 18:04:46,Qwen/Qwen3-8B,MMLU_selected_subjects,conspiracy_929,wordd,0.566,28
2025-12-10 18:04:51,Qwen/Qwen3-8B,MMLU_selected_subjects,conspiracy_700,chara,0.553,28
2025-12-10 18:07:49,Qwen/Qwen3-8B,MMLU_selected_subjects,conspiracy_253,clean,0.603,28
2025-12-10 18:09:21,Qwen/Qwen3-8B,MMLU_selected_subjects,conspiracy_48,clean,0.584,28
2025-12-10 18:09:46,Qwen/Qwen3-8B,MMLU_selected_subjects,conspiracy_701,clean,0.600,28
2025-12-10 18:10:38,Qwen/Qwen3-8B,MMLU_selected_subjects,conspiracy_929,chara,0.561,28
2025-12-10 18:12:34,Qwen/Qwen3-8B,MMLU_selected_subjects,conspiracy_253,meani,0.587,28
2025-12-10 18:13:56,Qwen/Qwen3-8B,MMLU_selected_subjects,conspiracy_48,meani,0.595,28
2025-12-10 18:14:41,Qwen/Qwen3-8B,MMLU_selected_subjects,conspiracy_701,meani,0.573,28
2025-12-10 18:15:19,Qwen/Qwen3-8B,MMLU_selected_subjects,conspiracy_93,clean,0.556,28
2025-12-10 18:17:21,Qwen/Qwen3-8B,MMLU_selected_subjects,conspiracy_253,wordd,0.578,28
2025-12-10 18:18:32,Qwen/Qwen3-8B,MMLU_selected_subjects,conspiracy_48,wordd,0.589,28
2025-12-10 18:19:34,Qwen/Qwen3-8B,MMLU_selected_subjects,conspiracy_701,wordd,0.580,28
2025-12-10 18:19:58,Qwen/Qwen3-8B,MMLU_selected_subjects,conspiracy_93,meani,0.569,28
2025-12-10 18:22:32,Qwen/Qwen3-8B,MMLU_selected_subjects,conspiracy_253,chara,0.559,28
2025-12-10 18:23:34,Qwen/Qwen3-8B,MMLU_selected_subjects,conspiracy_48,chara,0.522,28
2025-12-10 18:24:36,Qwen/Qwen3-8B,MMLU_selected_subjects,conspiracy_93,wordd,0.556,28
2025-12-10 18:25:14,Qwen/Qwen3-8B,MMLU_selected_subjects,conspiracy_701,chara,0.529,28
2025-12-10 18:27:28,Qwen/Qwen3-8B,MMLU_selected_subjects,conspiracy_254,clean,0.538,28
2025-12-10 18:28:15,Qwen/Qwen3-8B,MMLU_selected_subjects,conspiracy_480,clean,0.500,28
2025-12-10 18:29:26,Qwen/Qwen3-8B,MMLU_selected_subjects,conspiracy_93,chara,0.559,28
2025-12-10 18:29:56,Qwen/Qwen3-8B,MMLU_selected_subjects,conspiracy_702,clean,0.585,28
2025-12-10 18:32:24,Qwen/Qwen3-8B,MMLU_selected_subjects,conspiracy_254,meani,0.553,28
2025-12-10 18:32:53,Qwen/Qwen3-8B,MMLU_selected_subjects,conspiracy_480,meani,0.492,28
2025-12-10 18:34:09,Qwen/Qwen3-8B,MMLU_selected_subjects,conspiracy_930,clean,0.566,28
2025-12-10 18:34:40,Qwen/Qwen3-8B,MMLU_selected_subjects,conspiracy_702,meani,0.596,28
2025-12-10 18:37:19,Qwen/Qwen3-8B,MMLU_selected_subjects,conspiracy_254,wordd,0.561,28
2025-12-10 18:37:33,Qwen/Qwen3-8B,MMLU_selected_subjects,conspiracy_480,wordd,0.479,28
2025-12-10 18:38:51,Qwen/Qwen3-8B,MMLU_selected_subjects,conspiracy_930,meani,0.578,28
2025-12-10 18:39:24,Qwen/Qwen3-8B,MMLU_selected_subjects,conspiracy_702,wordd,0.567,28
2025-12-10 18:42:35,Qwen/Qwen3-8B,MMLU_selected_subjects,conspiracy_480,chara,0.427,28
2025-12-10 18:42:54,Qwen/Qwen3-8B,MMLU_selected_subjects,conspiracy_254,chara,0.522,28
2025-12-10 18:43:35,Qwen/Qwen3-8B,MMLU_selected_subjects,conspiracy_930,wordd,0.563,28
2025-12-10 18:44:38,Qwen/Qwen3-8B,MMLU_selected_subjects,conspiracy_702,chara,0.574,28
2025-12-10 18:47:06,Qwen/Qwen3-8B,MMLU_selected_subjects,conspiracy_481,clean,0.576,28
2025-12-10 18:47:34,Qwen/Qwen3-8B,MMLU_selected_subjects,conspiracy_255,clean,0.577,28
2025-12-10 18:48:38,Qwen/Qwen3-8B,MMLU_selected_subjects,conspiracy_930,chara,0.552,28
2025-12-10 18:49:13,Qwen/Qwen3-8B,MMLU_selected_subjects,conspiracy_703,clean,0.585,28
2025-12-10 18:51:36,Qwen/Qwen3-8B,MMLU_selected_subjects,conspiracy_481,meani,0.570,28
2025-12-10 18:52:10,Qwen/Qwen3-8B,MMLU_selected_subjects,conspiracy_255,meani,0.590,28
2025-12-10 18:53:22,Qwen/Qwen3-8B,MMLU_selected_subjects,conspiracy_931,clean,0.576,28
2025-12-10 18:53:47,Qwen/Qwen3-8B,MMLU_selected_subjects,conspiracy_703,meani,0.592,28
2025-12-10 18:56:07,Qwen/Qwen3-8B,MMLU_selected_subjects,conspiracy_481,wordd,0.598,28
2025-12-10 18:56:45,Qwen/Qwen3-8B,MMLU_selected_subjects,conspiracy_255,wordd,0.563,28
2025-12-10 18:58:05,Qwen/Qwen3-8B,MMLU_selected_subjects,conspiracy_931,meani,0.598,28
2025-12-10 18:58:21,Qwen/Qwen3-8B,MMLU_selected_subjects,conspiracy_703,wordd,0.560,28
2025-12-10 19:00:56,Qwen/Qwen3-8B,MMLU_selected_subjects,conspiracy_481,chara,0.522,28
2025-12-10 19:01:42,Qwen/Qwen3-8B,MMLU_selected_subjects,conspiracy_255,chara,0.522,28
2025-12-10 19:02:50,Qwen/Qwen3-8B,MMLU_selected_subjects,conspiracy_931,wordd,0.586,28
2025-12-10 19:03:14,Qwen/Qwen3-8B,MMLU_selected_subjects,conspiracy_703,chara,0.526,28
2025-12-10 19:05:28,Qwen/Qwen3-8B,MMLU_selected_subjects,conspiracy_482,clean,0.549,28
2025-12-10 19:06:40,Qwen/Qwen3-8B,MMLU_selected_subjects,conspiracy_256,clean,0.605,28
2025-12-10 19:07:48,Qwen/Qwen3-8B,MMLU_selected_subjects,conspiracy_704,clean,0.581,28
2025-12-10 19:08:15,Qwen/Qwen3-8B,MMLU_selected_subjects,conspiracy_931,chara,0.518,28
2025-12-10 19:09:57,Qwen/Qwen3-8B,MMLU_selected_subjects,conspiracy_482,meani,0.557,28
2025-12-10 19:11:30,Qwen/Qwen3-8B,MMLU_selected_subjects,conspiracy_256,meani,0.605,28
2025-12-10 19:12:23,Qwen/Qwen3-8B,MMLU_selected_subjects,conspiracy_704,meani,0.607,28
2025-12-10 19:12:51,Qwen/Qwen3-8B,MMLU_selected_subjects,conspiracy_932,clean,0.596,28
2025-12-10 19:14:27,Qwen/Qwen3-8B,MMLU_selected_subjects,conspiracy_482,wordd,0.578,28
2025-12-10 19:16:19,Qwen/Qwen3-8B,MMLU_selected_subjects,conspiracy_256,wordd,0.590,28
2025-12-10 19:16:56,Qwen/Qwen3-8B,MMLU_selected_subjects,conspiracy_704,wordd,0.589,28
2025-12-10 19:17:24,Qwen/Qwen3-8B,MMLU_selected_subjects,conspiracy_932,meani,0.604,28
2025-12-10 19:19:08,Qwen/Qwen3-8B,MMLU_selected_subjects,conspiracy_482,chara,0.545,28
2025-12-10 19:21:39,Qwen/Qwen3-8B,MMLU_selected_subjects,conspiracy_256,chara,0.567,28
2025-12-10 19:21:51,Qwen/Qwen3-8B,MMLU_selected_subjects,conspiracy_704,chara,0.529,28
2025-12-10 19:22:01,Qwen/Qwen3-8B,MMLU_selected_subjects,conspiracy_932,wordd,0.574,28
2025-12-10 19:23:42,Qwen/Qwen3-8B,MMLU_selected_subjects,conspiracy_483,clean,0.596,28
2025-12-10 19:26:36,Qwen/Qwen3-8B,MMLU_selected_subjects,conspiracy_257,clean,0.571,28
2025-12-10 19:26:37,Qwen/Qwen3-8B,MMLU_selected_subjects,conspiracy_705,clean,0.598,28
2025-12-10 19:26:50,Qwen/Qwen3-8B,MMLU_selected_subjects,conspiracy_932,chara,0.561,28
2025-12-10 19:28:15,Qwen/Qwen3-8B,MMLU_selected_subjects,conspiracy_483,meani,0.570,28
2025-12-10 19:31:21,Qwen/Qwen3-8B,MMLU_selected_subjects,conspiracy_705,meani,0.598,28
2025-12-10 19:31:30,Qwen/Qwen3-8B,MMLU_selected_subjects,conspiracy_257,meani,0.557,28
2025-12-10 19:31:50,Qwen/Qwen3-8B,MMLU_selected_subjects,conspiracy_933,clean,0.559,28
2025-12-10 19:32:49,Qwen/Qwen3-8B,MMLU_selected_subjects,conspiracy_483,wordd,0.594,28
2025-12-10 19:36:06,Qwen/Qwen3-8B,MMLU_selected_subjects,conspiracy_705,wordd,0.607,28
2025-12-10 19:36:30,Qwen/Qwen3-8B,MMLU_selected_subjects,conspiracy_257,wordd,0.546,28
2025-12-10 19:36:49,Qwen/Qwen3-8B,MMLU_selected_subjects,conspiracy_933,meani,0.572,28
2025-12-10 19:37:39,Qwen/Qwen3-8B,MMLU_selected_subjects,conspiracy_483,chara,0.531,28
2025-12-10 19:41:27,Qwen/Qwen3-8B,MMLU_selected_subjects,conspiracy_705,chara,0.550,28
2025-12-10 19:41:55,Qwen/Qwen3-8B,MMLU_selected_subjects,conspiracy_933,wordd,0.574,28
2025-12-10 19:42:03,Qwen/Qwen3-8B,MMLU_selected_subjects,conspiracy_257,chara,0.546,28
2025-12-10 19:42:12,Qwen/Qwen3-8B,MMLU_selected_subjects,conspiracy_484,clean,0.583,28
2025-12-10 19:46:04,Qwen/Qwen3-8B,MMLU_selected_subjects,conspiracy_706,clean,0.567,28
2025-12-10 19:46:44,Qwen/Qwen3-8B,MMLU_selected_subjects,conspiracy_484,meani,0.562,28
2025-12-10 19:46:50,Qwen/Qwen3-8B,MMLU_selected_subjects,conspiracy_258,clean,0.551,28
2025-12-10 19:47:34,Qwen/Qwen3-8B,MMLU_selected_subjects,conspiracy_933,chara,0.505,28
2025-12-10 19:50:38,Qwen/Qwen3-8B,MMLU_selected_subjects,conspiracy_706,meani,0.551,28
2025-12-10 19:51:16,Qwen/Qwen3-8B,MMLU_selected_subjects,conspiracy_484,wordd,0.542,28
2025-12-10 19:51:38,Qwen/Qwen3-8B,MMLU_selected_subjects,conspiracy_258,meani,0.551,28
2025-12-10 19:52:08,Qwen/Qwen3-8B,MMLU_selected_subjects,conspiracy_934,clean,0.600,28
2025-12-10 19:55:13,Qwen/Qwen3-8B,MMLU_selected_subjects,conspiracy_706,wordd,0.579,28
2025-12-10 19:56:10,Qwen/Qwen3-8B,MMLU_selected_subjects,conspiracy_484,chara,0.535,28
2025-12-10 19:56:25,Qwen/Qwen3-8B,MMLU_selected_subjects,conspiracy_258,wordd,0.570,28
2025-12-10 19:56:45,Qwen/Qwen3-8B,MMLU_selected_subjects,conspiracy_934,meani,0.600,28
2025-12-10 20:00:05,Qwen/Qwen3-8B,MMLU_selected_subjects,conspiracy_706,chara,0.563,28
2025-12-10 20:00:54,Qwen/Qwen3-8B,MMLU_selected_subjects,conspiracy_485,clean,0.589,28
2025-12-10 20:01:19,Qwen/Qwen3-8B,MMLU_selected_subjects,conspiracy_934,wordd,0.608,28
2025-12-10 20:01:41,Qwen/Qwen3-8B,MMLU_selected_subjects,conspiracy_258,chara,0.542,28
2025-12-10 20:04:44,Qwen/Qwen3-8B,MMLU_selected_subjects,conspiracy_707,clean,0.529,28
2025-12-10 20:05:39,Qwen/Qwen3-8B,MMLU_selected_subjects,conspiracy_485,meani,0.596,28
2025-12-10 20:06:14,Qwen/Qwen3-8B,MMLU_selected_subjects,conspiracy_934,chara,0.539,28
2025-12-10 20:06:21,Qwen/Qwen3-8B,MMLU_selected_subjects,conspiracy_259,clean,0.581,28
2025-12-10 20:09:23,Qwen/Qwen3-8B,MMLU_selected_subjects,conspiracy_707,meani,0.556,28
2025-12-10 20:10:23,Qwen/Qwen3-8B,MMLU_selected_subjects,conspiracy_485,wordd,0.592,28
2025-12-10 20:10:56,Qwen/Qwen3-8B,MMLU_selected_subjects,conspiracy_259,meani,0.590,28
2025-12-10 20:11:00,Qwen/Qwen3-8B,MMLU_selected_subjects,conspiracy_935,clean,0.533,28
2025-12-10 20:14:01,Qwen/Qwen3-8B,MMLU_selected_subjects,conspiracy_707,wordd,0.560,28
2025-12-10 20:15:30,Qwen/Qwen3-8B,MMLU_selected_subjects,conspiracy_259,wordd,0.593,28
2025-12-10 20:15:38,Qwen/Qwen3-8B,MMLU_selected_subjects,conspiracy_485,chara,0.556,28
2025-12-10 20:15:39,Qwen/Qwen3-8B,MMLU_selected_subjects,conspiracy_935,meani,0.582,28
2025-12-10 20:19:02,Qwen/Qwen3-8B,MMLU_selected_subjects,conspiracy_707,chara,0.509,28
2025-12-10 20:20:21,Qwen/Qwen3-8B,MMLU_selected_subjects,conspiracy_935,wordd,0.562,28
2025-12-10 20:20:21,Qwen/Qwen3-8B,MMLU_selected_subjects,conspiracy_259,chara,0.520,28
2025-12-10 20:20:27,Qwen/Qwen3-8B,MMLU_selected_subjects,conspiracy_486,clean,0.589,28
2025-12-10 20:23:45,Qwen/Qwen3-8B,MMLU_selected_subjects,conspiracy_708,clean,0.552,28
2025-12-10 20:25:00,Qwen/Qwen3-8B,MMLU_selected_subjects,conspiracy_26,clean,0.597,28
2025-12-10 20:25:14,Qwen/Qwen3-8B,MMLU_selected_subjects,conspiracy_486,meani,0.584,28
2025-12-10 20:25:22,Qwen/Qwen3-8B,MMLU_selected_subjects,conspiracy_935,chara,0.509,28
2025-12-10 20:28:28,Qwen/Qwen3-8B,MMLU_selected_subjects,conspiracy_708,meani,0.568,28
2025-12-10 20:29:38,Qwen/Qwen3-8B,MMLU_selected_subjects,conspiracy_26,meani,0.622,28
2025-12-10 20:29:58,Qwen/Qwen3-8B,MMLU_selected_subjects,conspiracy_936,clean,0.612,28
2025-12-10 20:30:02,Qwen/Qwen3-8B,MMLU_selected_subjects,conspiracy_486,wordd,0.573,28
2025-12-10 20:33:09,Qwen/Qwen3-8B,MMLU_selected_subjects,conspiracy_708,wordd,0.535,28
2025-12-10 20:34:19,Qwen/Qwen3-8B,MMLU_selected_subjects,conspiracy_26,wordd,0.576,28
2025-12-10 20:34:28,Qwen/Qwen3-8B,MMLU_selected_subjects,conspiracy_936,meani,0.604,28
2025-12-10 20:35:21,Qwen/Qwen3-8B,MMLU_selected_subjects,conspiracy_486,chara,0.540,28
2025-12-10 20:38:14,Qwen/Qwen3-8B,MMLU_selected_subjects,conspiracy_708,chara,0.548,28
2025-12-10 20:39:01,Qwen/Qwen3-8B,MMLU_selected_subjects,conspiracy_936,wordd,0.598,28
2025-12-10 20:39:17,Qwen/Qwen3-8B,MMLU_selected_subjects,conspiracy_26,chara,0.531,28
2025-12-10 20:39:57,Qwen/Qwen3-8B,MMLU_selected_subjects,conspiracy_487,clean,0.571,28
2025-12-10 20:43:01,Qwen/Qwen3-8B,MMLU_selected_subjects,conspiracy_709,clean,0.615,28
2025-12-10 20:43:53,Qwen/Qwen3-8B,MMLU_selected_subjects,conspiracy_936,chara,0.545,28
2025-12-10 20:44:01,Qwen/Qwen3-8B,MMLU_selected_subjects,conspiracy_260,clean,0.579,28
2025-12-10 20:44:34,Qwen/Qwen3-8B,MMLU_selected_subjects,conspiracy_487,meani,0.576,28
2025-12-10 20:47:46,Qwen/Qwen3-8B,MMLU_selected_subjects,conspiracy_709,meani,0.626,28
2025-12-10 20:48:31,Qwen/Qwen3-8B,MMLU_selected_subjects,conspiracy_937,clean,0.569,28
2025-12-10 20:48:46,Qwen/Qwen3-8B,MMLU_selected_subjects,conspiracy_260,meani,0.598,28
2025-12-10 20:49:10,Qwen/Qwen3-8B,MMLU_selected_subjects,conspiracy_487,wordd,0.584,28
2025-12-10 20:52:30,Qwen/Qwen3-8B,MMLU_selected_subjects,conspiracy_709,wordd,0.593,28
2025-12-10 20:53:13,Qwen/Qwen3-8B,MMLU_selected_subjects,conspiracy_937,meani,0.597,28
2025-12-10 20:53:28,Qwen/Qwen3-8B,MMLU_selected_subjects,conspiracy_260,wordd,0.535,28
2025-12-10 20:54:03,Qwen/Qwen3-8B,MMLU_selected_subjects,conspiracy_487,chara,0.592,28
2025-12-10 20:57:41,Qwen/Qwen3-8B,MMLU_selected_subjects,conspiracy_709,chara,0.538,28
2025-12-10 20:57:50,Qwen/Qwen3-8B,MMLU_selected_subjects,conspiracy_937,wordd,0.595,28
2025-12-10 20:58:33,Qwen/Qwen3-8B,MMLU_selected_subjects,conspiracy_260,chara,0.538,28
2025-12-10 20:58:36,Qwen/Qwen3-8B,MMLU_selected_subjects,conspiracy_488,clean,0.552,28
2025-12-10 21:02:24,Qwen/Qwen3-8B,MMLU_selected_subjects,conspiracy_71,clean,0.566,28
2025-12-10 21:02:47,Qwen/Qwen3-8B,MMLU_selected_subjects,conspiracy_937,chara,0.566,28
2025-12-10 21:03:08,Qwen/Qwen3-8B,MMLU_selected_subjects,conspiracy_488,meani,0.551,28
2025-12-10 21:03:26,Qwen/Qwen3-8B,MMLU_selected_subjects,conspiracy_261,clean,0.564,28
2025-12-10 21:07:06,Qwen/Qwen3-8B,MMLU_selected_subjects,conspiracy_71,meani,0.594,28
2025-12-10 21:07:41,Qwen/Qwen3-8B,MMLU_selected_subjects,conspiracy_488,wordd,0.511,28
2025-12-10 21:07:41,Qwen/Qwen3-8B,MMLU_selected_subjects,conspiracy_938,clean,0.554,28
2025-12-10 21:08:15,Qwen/Qwen3-8B,MMLU_selected_subjects,conspiracy_261,meani,0.572,28
2025-12-10 21:11:48,Qwen/Qwen3-8B,MMLU_selected_subjects,conspiracy_71,wordd,0.569,28
2025-12-10 21:12:32,Qwen/Qwen3-8B,MMLU_selected_subjects,conspiracy_488,chara,0.520,28
2025-12-10 21:12:35,Qwen/Qwen3-8B,MMLU_selected_subjects,conspiracy_938,meani,0.560,28
2025-12-10 21:13:05,Qwen/Qwen3-8B,MMLU_selected_subjects,conspiracy_261,wordd,0.605,28
2025-12-10 21:17:02,Qwen/Qwen3-8B,MMLU_selected_subjects,conspiracy_71,chara,0.562,28
2025-12-10 21:17:23,Qwen/Qwen3-8B,MMLU_selected_subjects,conspiracy_489,clean,0.590,28
2025-12-10 21:17:33,Qwen/Qwen3-8B,MMLU_selected_subjects,conspiracy_938,wordd,0.539,28
2025-12-10 21:18:23,Qwen/Qwen3-8B,MMLU_selected_subjects,conspiracy_261,chara,0.555,28
2025-12-10 21:21:35,Qwen/Qwen3-8B,MMLU_selected_subjects,conspiracy_710,clean,0.561,28
2025-12-10 21:22:14,Qwen/Qwen3-8B,MMLU_selected_subjects,conspiracy_489,meani,0.580,28
2025-12-10 21:23:14,Qwen/Qwen3-8B,MMLU_selected_subjects,conspiracy_938,chara,0.530,28
2025-12-10 21:23:21,Qwen/Qwen3-8B,MMLU_selected_subjects,conspiracy_262,clean,0.593,28
2025-12-10 21:26:07,Qwen/Qwen3-8B,MMLU_selected_subjects,conspiracy_710,meani,0.551,28
2025-12-10 21:27:05,Qwen/Qwen3-8B,MMLU_selected_subjects,conspiracy_489,wordd,0.586,28
2025-12-10 21:28:07,Qwen/Qwen3-8B,MMLU_selected_subjects,conspiracy_939,clean,0.593,28
2025-12-10 21:28:24,Qwen/Qwen3-8B,MMLU_selected_subjects,conspiracy_262,meani,0.592,28
2025-12-10 21:30:41,Qwen/Qwen3-8B,MMLU_selected_subjects,conspiracy_710,wordd,0.562,28
2025-12-10 21:32:40,Qwen/Qwen3-8B,MMLU_selected_subjects,conspiracy_489,chara,0.522,28
2025-12-10 21:33:00,Qwen/Qwen3-8B,MMLU_selected_subjects,conspiracy_939,meani,0.579,28
2025-12-10 21:33:24,Qwen/Qwen3-8B,MMLU_selected_subjects,conspiracy_262,wordd,0.581,28
2025-12-10 21:35:37,Qwen/Qwen3-8B,MMLU_selected_subjects,conspiracy_710,chara,0.502,28
2025-12-10 21:37:07,Qwen/Qwen3-8B,MMLU_selected_subjects,conspiracy_49,clean,0.610,28
2025-12-10 21:37:55,Qwen/Qwen3-8B,MMLU_selected_subjects,conspiracy_939,wordd,0.562,28
2025-12-10 21:38:57,Qwen/Qwen3-8B,MMLU_selected_subjects,conspiracy_262,chara,0.548,28
2025-12-10 21:40:13,Qwen/Qwen3-8B,MMLU_selected_subjects,conspiracy_711,clean,0.577,28
2025-12-10 21:41:33,Qwen/Qwen3-8B,MMLU_selected_subjects,conspiracy_49,meani,0.599,28
2025-12-10 21:43:32,Qwen/Qwen3-8B,MMLU_selected_subjects,conspiracy_939,chara,0.496,28
2025-12-10 21:43:48,Qwen/Qwen3-8B,MMLU_selected_subjects,conspiracy_263,clean,0.566,28
2025-12-10 21:44:48,Qwen/Qwen3-8B,MMLU_selected_subjects,conspiracy_711,meani,0.590,28
2025-12-10 21:45:59,Qwen/Qwen3-8B,MMLU_selected_subjects,conspiracy_49,wordd,0.608,28
2025-12-10 21:48:05,Qwen/Qwen3-8B,MMLU_selected_subjects,conspiracy_94,clean,0.535,28
2025-12-10 21:48:37,Qwen/Qwen3-8B,MMLU_selected_subjects,conspiracy_263,meani,0.587,28
2025-12-10 21:49:22,Qwen/Qwen3-8B,MMLU_selected_subjects,conspiracy_711,wordd,0.580,28
2025-12-10 21:50:40,Qwen/Qwen3-8B,MMLU_selected_subjects,conspiracy_49,chara,0.543,28
2025-12-10 21:52:37,Qwen/Qwen3-8B,MMLU_selected_subjects,conspiracy_94,meani,0.557,28
2025-12-10 21:53:27,Qwen/Qwen3-8B,MMLU_selected_subjects,conspiracy_263,wordd,0.564,28
2025-12-10 21:54:18,Qwen/Qwen3-8B,MMLU_selected_subjects,conspiracy_711,chara,0.526,28
2025-12-10 21:55:20,Qwen/Qwen3-8B,MMLU_selected_subjects,conspiracy_490,clean,0.631,28
2025-12-10 21:57:08,Qwen/Qwen3-8B,MMLU_selected_subjects,conspiracy_94,wordd,0.563,28
2025-12-10 21:58:49,Qwen/Qwen3-8B,MMLU_selected_subjects,conspiracy_712,clean,0.587,28
2025-12-10 21:58:51,Qwen/Qwen3-8B,MMLU_selected_subjects,conspiracy_263,chara,0.537,28
2025-12-10 21:59:59,Qwen/Qwen3-8B,MMLU_selected_subjects,conspiracy_490,meani,0.599,28
2025-12-10 22:02:02,Qwen/Qwen3-8B,MMLU_selected_subjects,conspiracy_94,chara,0.518,28
2025-12-10 22:03:20,Qwen/Qwen3-8B,MMLU_selected_subjects,conspiracy_712,meani,0.590,28
2025-12-10 22:03:39,Qwen/Qwen3-8B,MMLU_selected_subjects,conspiracy_264,clean,0.589,28
2025-12-10 22:04:39,Qwen/Qwen3-8B,MMLU_selected_subjects,conspiracy_490,wordd,0.589,28
2025-12-10 22:06:40,Qwen/Qwen3-8B,MMLU_selected_subjects,conspiracy_940,clean,0.547,28
2025-12-10 22:07:51,Qwen/Qwen3-8B,MMLU_selected_subjects,conspiracy_712,wordd,0.607,28
2025-12-10 22:08:29,Qwen/Qwen3-8B,MMLU_selected_subjects,conspiracy_264,meani,0.584,28
2025-12-10 22:09:42,Qwen/Qwen3-8B,MMLU_selected_subjects,conspiracy_490,chara,0.568,28
2025-12-10 22:11:17,Qwen/Qwen3-8B,MMLU_selected_subjects,conspiracy_940,meani,0.547,28
2025-12-10 22:12:35,Qwen/Qwen3-8B,MMLU_selected_subjects,conspiracy_712,chara,0.546,28
2025-12-10 22:13:22,Qwen/Qwen3-8B,MMLU_selected_subjects,conspiracy_264,wordd,0.583,28
2025-12-10 22:14:17,Qwen/Qwen3-8B,MMLU_selected_subjects,conspiracy_491,clean,0.609,28
2025-12-10 22:15:49,Qwen/Qwen3-8B,MMLU_selected_subjects,conspiracy_940,wordd,0.565,28
2025-12-10 22:17:07,Qwen/Qwen3-8B,MMLU_selected_subjects,conspiracy_713,clean,0.616,28
2025-12-10 22:18:36,Qwen/Qwen3-8B,MMLU_selected_subjects,conspiracy_264,chara,0.549,28
2025-12-10 22:18:52,Qwen/Qwen3-8B,MMLU_selected_subjects,conspiracy_491,meani,0.594,28
2025-12-10 22:20:33,Qwen/Qwen3-8B,MMLU_selected_subjects,conspiracy_940,chara,0.515,28
2025-12-10 22:21:38,Qwen/Qwen3-8B,MMLU_selected_subjects,conspiracy_713,meani,0.584,28
2025-12-10 22:23:27,Qwen/Qwen3-8B,MMLU_selected_subjects,conspiracy_491,wordd,0.578,28
2025-12-10 22:23:36,Qwen/Qwen3-8B,MMLU_selected_subjects,conspiracy_265,clean,0.605,28
2025-12-10 22:25:18,Qwen/Qwen3-8B,MMLU_selected_subjects,conspiracy_941,clean,0.622,28
2025-12-10 22:26:08,Qwen/Qwen3-8B,MMLU_selected_subjects,conspiracy_713,wordd,0.609,28
2025-12-10 22:28:20,Qwen/Qwen3-8B,MMLU_selected_subjects,conspiracy_491,chara,0.564,28
2025-12-10 22:28:34,Qwen/Qwen3-8B,MMLU_selected_subjects,conspiracy_265,meani,0.575,28
2025-12-10 22:30:03,Qwen/Qwen3-8B,MMLU_selected_subjects,conspiracy_941,meani,0.587,28
2025-12-10 22:30:50,Qwen/Qwen3-8B,MMLU_selected_subjects,conspiracy_713,chara,0.575,28
2025-12-10 22:32:51,Qwen/Qwen3-8B,MMLU_selected_subjects,conspiracy_492,clean,0.566,28
2025-12-10 22:33:36,Qwen/Qwen3-8B,MMLU_selected_subjects,conspiracy_265,wordd,0.578,28
2025-12-10 22:34:52,Qwen/Qwen3-8B,MMLU_selected_subjects,conspiracy_941,wordd,0.601,28
2025-12-10 22:35:23,Qwen/Qwen3-8B,MMLU_selected_subjects,conspiracy_714,clean,0.598,28
2025-12-10 22:37:22,Qwen/Qwen3-8B,MMLU_selected_subjects,conspiracy_492,meani,0.575,28
2025-12-10 22:39:18,Qwen/Qwen3-8B,MMLU_selected_subjects,conspiracy_265,chara,0.525,28
2025-12-10 22:39:54,Qwen/Qwen3-8B,MMLU_selected_subjects,conspiracy_714,meani,0.572,28
2025-12-10 22:40:11,Qwen/Qwen3-8B,MMLU_selected_subjects,conspiracy_941,chara,0.536,28
2025-12-10 22:41:53,Qwen/Qwen3-8B,MMLU_selected_subjects,conspiracy_492,wordd,0.560,28
2025-12-10 22:44:25,Qwen/Qwen3-8B,MMLU_selected_subjects,conspiracy_714,wordd,0.570,28
2025-12-10 22:44:34,Qwen/Qwen3-8B,MMLU_selected_subjects,conspiracy_266,clean,0.597,28
2025-12-10 22:44:42,Qwen/Qwen3-8B,MMLU_selected_subjects,conspiracy_942,clean,0.610,28
2025-12-10 22:46:43,Qwen/Qwen3-8B,MMLU_selected_subjects,conspiracy_492,chara,0.530,28
2025-12-10 22:49:12,Qwen/Qwen3-8B,MMLU_selected_subjects,conspiracy_714,chara,0.544,28
2025-12-10 22:49:16,Qwen/Qwen3-8B,MMLU_selected_subjects,conspiracy_942,meani,0.586,28
2025-12-10 22:49:45,Qwen/Qwen3-8B,MMLU_selected_subjects,conspiracy_266,meani,0.560,28
2025-12-10 22:51:32,Qwen/Qwen3-8B,MMLU_selected_subjects,conspiracy_493,clean,0.579,28
2025-12-10 22:53:46,Qwen/Qwen3-8B,MMLU_selected_subjects,conspiracy_715,clean,0.557,28
2025-12-10 22:53:46,Qwen/Qwen3-8B,MMLU_selected_subjects,conspiracy_942,wordd,0.559,28
2025-12-10 22:55:01,Qwen/Qwen3-8B,MMLU_selected_subjects,conspiracy_266,wordd,0.562,28
2025-12-10 22:56:21,Qwen/Qwen3-8B,MMLU_selected_subjects,conspiracy_493,meani,0.583,28
2025-12-10 22:58:20,Qwen/Qwen3-8B,MMLU_selected_subjects,conspiracy_715,meani,0.549,28
2025-12-10 22:58:41,Qwen/Qwen3-8B,MMLU_selected_subjects,conspiracy_942,chara,0.538,28
2025-12-10 23:01:00,Qwen/Qwen3-8B,MMLU_selected_subjects,conspiracy_266,chara,0.547,28
2025-12-10 23:01:09,Qwen/Qwen3-8B,MMLU_selected_subjects,conspiracy_493,wordd,0.582,28
2025-12-10 23:02:54,Qwen/Qwen3-8B,MMLU_selected_subjects,conspiracy_715,wordd,0.571,28
2025-12-10 23:03:22,Qwen/Qwen3-8B,MMLU_selected_subjects,conspiracy_943,clean,0.588,28
2025-12-10 23:05:33,Qwen/Qwen3-8B,MMLU_selected_subjects,conspiracy_267,clean,0.546,28
2025-12-10 23:06:26,Qwen/Qwen3-8B,MMLU_selected_subjects,conspiracy_493,chara,0.535,28
2025-12-10 23:07:43,Qwen/Qwen3-8B,MMLU_selected_subjects,conspiracy_715,chara,0.544,28
2025-12-10 23:08:01,Qwen/Qwen3-8B,MMLU_selected_subjects,conspiracy_943,meani,0.577,28
2025-12-10 23:10:08,Qwen/Qwen3-8B,MMLU_selected_subjects,conspiracy_267,meani,0.556,28
2025-12-10 23:11:09,Qwen/Qwen3-8B,MMLU_selected_subjects,conspiracy_494,clean,0.588,28
2025-12-10 23:12:36,Qwen/Qwen3-8B,MMLU_selected_subjects,conspiracy_943,wordd,0.566,28
2025-12-10 23:12:47,Qwen/Qwen3-8B,MMLU_selected_subjects,conspiracy_716,clean,0.601,28
2025-12-10 23:14:41,Qwen/Qwen3-8B,MMLU_selected_subjects,conspiracy_267,wordd,0.555,28
2025-12-10 23:15:50,Qwen/Qwen3-8B,MMLU_selected_subjects,conspiracy_494,meani,0.580,28
2025-12-10 23:17:38,Qwen/Qwen3-8B,MMLU_selected_subjects,conspiracy_943,chara,0.556,28
2025-12-10 23:17:49,Qwen/Qwen3-8B,MMLU_selected_subjects,conspiracy_716,meani,0.581,28
2025-12-10 23:19:37,Qwen/Qwen3-8B,MMLU_selected_subjects,conspiracy_267,chara,0.548,28
2025-12-10 23:20:32,Qwen/Qwen3-8B,MMLU_selected_subjects,conspiracy_494,wordd,0.586,28
2025-12-10 23:22:28,Qwen/Qwen3-8B,MMLU_selected_subjects,conspiracy_944,clean,0.566,28
2025-12-10 23:23:04,Qwen/Qwen3-8B,MMLU_selected_subjects,conspiracy_716,wordd,0.552,28
2025-12-10 23:24:35,Qwen/Qwen3-8B,MMLU_selected_subjects,conspiracy_268,clean,0.576,28
2025-12-10 23:26:08,Qwen/Qwen3-8B,MMLU_selected_subjects,conspiracy_494,chara,0.577,28
2025-12-10 23:27:56,Qwen/Qwen3-8B,MMLU_selected_subjects,conspiracy_944,meani,0.579,28
2025-12-10 23:29:40,Qwen/Qwen3-8B,MMLU_selected_subjects,conspiracy_716,chara,0.536,28
2025-12-10 23:30:05,Qwen/Qwen3-8B,MMLU_selected_subjects,conspiracy_268,meani,0.568,28
2025-12-10 23:32:15,Qwen/Qwen3-8B,MMLU_selected_subjects,conspiracy_495,clean,0.570,28
2025-12-10 23:34:13,Qwen/Qwen3-8B,MMLU_selected_subjects,conspiracy_944,wordd,0.565,28
2025-12-10 23:36:18,Qwen/Qwen3-8B,MMLU_selected_subjects,conspiracy_717,clean,0.573,28
2025-12-10 23:37:09,Qwen/Qwen3-8B,MMLU_selected_subjects,conspiracy_268,wordd,0.591,28
2025-12-10 23:39:32,Qwen/Qwen3-8B,MMLU_selected_subjects,conspiracy_495,meani,0.588,28
2025-12-10 23:41:54,Qwen/Qwen3-8B,MMLU_selected_subjects,conspiracy_944,chara,0.538,28
2025-12-10 23:43:14,Qwen/Qwen3-8B,MMLU_selected_subjects,conspiracy_717,meani,0.579,28
2025-12-10 23:44:39,Qwen/Qwen3-8B,MMLU_selected_subjects,conspiracy_268,chara,0.562,28
2025-12-10 23:46:35,Qwen/Qwen3-8B,MMLU_selected_subjects,conspiracy_495,wordd,0.602,28
2025-12-10 23:48:33,Qwen/Qwen3-8B,MMLU_selected_subjects,conspiracy_945,clean,0.537,28
2025-12-10 23:49:33,Qwen/Qwen3-8B,MMLU_selected_subjects,conspiracy_717,wordd,0.568,28
2025-12-10 23:50:54,Qwen/Qwen3-8B,MMLU_selected_subjects,conspiracy_269,clean,0.595,28
2025-12-10 23:53:13,Qwen/Qwen3-8B,MMLU_selected_subjects,conspiracy_495,chara,0.569,28
2025-12-10 23:53:58,Qwen/Qwen3-8B,MMLU_selected_subjects,conspiracy_945,meani,0.570,28
2025-12-10 23:55:11,Qwen/Qwen3-8B,MMLU_selected_subjects,conspiracy_717,chara,0.535,28
2025-12-10 23:56:34,Qwen/Qwen3-8B,MMLU_selected_subjects,conspiracy_269,meani,0.558,28
2025-12-10 23:58:36,Qwen/Qwen3-8B,MMLU_selected_subjects,conspiracy_496,clean,0.602,28
2025-12-10 23:59:18,Qwen/Qwen3-8B,MMLU_selected_subjects,conspiracy_945,wordd,0.555,28
2025-12-11 00:00:57,Qwen/Qwen3-8B,MMLU_selected_subjects,conspiracy_718,clean,0.572,28
2025-12-11 00:02:05,Qwen/Qwen3-8B,MMLU_selected_subjects,conspiracy_269,wordd,0.559,28
2025-12-11 00:03:53,Qwen/Qwen3-8B,MMLU_selected_subjects,conspiracy_496,meani,0.599,28
2025-12-11 00:04:45,Qwen/Qwen3-8B,MMLU_selected_subjects,conspiracy_945,chara,0.527,28
2025-12-11 00:06:31,Qwen/Qwen3-8B,MMLU_selected_subjects,conspiracy_718,meani,0.562,28
2025-12-11 00:07:51,Qwen/Qwen3-8B,MMLU_selected_subjects,conspiracy_269,chara,0.529,28
2025-12-11 00:09:05,Qwen/Qwen3-8B,MMLU_selected_subjects,conspiracy_496,wordd,0.580,28
2025-12-11 00:10:09,Qwen/Qwen3-8B,MMLU_selected_subjects,conspiracy_946,clean,0.590,28
2025-12-11 00:12:22,Qwen/Qwen3-8B,MMLU_selected_subjects,conspiracy_718,wordd,0.519,28
2025-12-11 00:13:42,Qwen/Qwen3-8B,MMLU_selected_subjects,conspiracy_27,clean,0.574,28
2025-12-11 00:14:55,Qwen/Qwen3-8B,MMLU_selected_subjects,conspiracy_496,chara,0.571,28
2025-12-11 00:15:52,Qwen/Qwen3-8B,MMLU_selected_subjects,conspiracy_946,meani,0.583,28
2025-12-11 00:19:06,Qwen/Qwen3-8B,MMLU_selected_subjects,conspiracy_718,chara,0.530,28
2025-12-11 00:19:34,Qwen/Qwen3-8B,MMLU_selected_subjects,conspiracy_27,meani,0.566,28
2025-12-11 00:20:53,Qwen/Qwen3-8B,MMLU_selected_subjects,conspiracy_497,clean,0.593,28
2025-12-11 00:21:26,Qwen/Qwen3-8B,MMLU_selected_subjects,conspiracy_946,wordd,0.583,28
2025-12-11 00:24:47,Qwen/Qwen3-8B,MMLU_selected_subjects,conspiracy_719,clean,0.598,28
2025-12-11 00:25:09,Qwen/Qwen3-8B,MMLU_selected_subjects,conspiracy_27,wordd,0.554,28
2025-12-11 00:26:28,Qwen/Qwen3-8B,MMLU_selected_subjects,conspiracy_497,meani,0.596,28
2025-12-11 00:27:10,Qwen/Qwen3-8B,MMLU_selected_subjects,conspiracy_946,chara,0.526,28
2025-12-11 00:30:19,Qwen/Qwen3-8B,MMLU_selected_subjects,conspiracy_719,meani,0.607,28
2025-12-11 00:31:13,Qwen/Qwen3-8B,MMLU_selected_subjects,conspiracy_27,chara,0.537,28
2025-12-11 00:31:57,Qwen/Qwen3-8B,MMLU_selected_subjects,conspiracy_497,wordd,0.588,28
2025-12-11 00:32:25,Qwen/Qwen3-8B,MMLU_selected_subjects,conspiracy_947,clean,0.553,28
2025-12-11 00:35:45,Qwen/Qwen3-8B,MMLU_selected_subjects,conspiracy_719,wordd,0.611,28
2025-12-11 00:36:35,Qwen/Qwen3-8B,MMLU_selected_subjects,conspiracy_270,clean,0.587,28
2025-12-11 00:37:29,Qwen/Qwen3-8B,MMLU_selected_subjects,conspiracy_947,meani,0.576,28
2025-12-11 00:37:47,Qwen/Qwen3-8B,MMLU_selected_subjects,conspiracy_497,chara,0.518,28
2025-12-11 00:41:32,Qwen/Qwen3-8B,MMLU_selected_subjects,conspiracy_719,chara,0.521,28
2025-12-11 00:41:50,Qwen/Qwen3-8B,MMLU_selected_subjects,conspiracy_270,meani,0.574,28
2025-12-11 00:42:24,Qwen/Qwen3-8B,MMLU_selected_subjects,conspiracy_947,wordd,0.571,28
2025-12-11 00:42:45,Qwen/Qwen3-8B,MMLU_selected_subjects,conspiracy_498,clean,0.565,28
2025-12-11 00:46:07,Qwen/Qwen3-8B,MMLU_selected_subjects,conspiracy_72,clean,0.597,28
2025-12-11 00:46:38,Qwen/Qwen3-8B,MMLU_selected_subjects,conspiracy_270,wordd,0.596,28
2025-12-11 00:47:14,Qwen/Qwen3-8B,MMLU_selected_subjects,conspiracy_947,chara,0.533,28
2025-12-11 00:47:18,Qwen/Qwen3-8B,MMLU_selected_subjects,conspiracy_498,meani,0.558,28
2025-12-11 00:50:39,Qwen/Qwen3-8B,MMLU_selected_subjects,conspiracy_72,meani,0.573,28
2025-12-11 00:51:51,Qwen/Qwen3-8B,MMLU_selected_subjects,conspiracy_270,chara,0.580,28
2025-12-11 00:51:52,Qwen/Qwen3-8B,MMLU_selected_subjects,conspiracy_498,wordd,0.570,28
2025-12-11 00:52:00,Qwen/Qwen3-8B,MMLU_selected_subjects,conspiracy_948,clean,0.597,28
2025-12-11 00:55:11,Qwen/Qwen3-8B,MMLU_selected_subjects,conspiracy_72,wordd,0.548,28
2025-12-11 00:56:25,Qwen/Qwen3-8B,MMLU_selected_subjects,conspiracy_271,clean,0.581,28
2025-12-11 00:56:42,Qwen/Qwen3-8B,MMLU_selected_subjects,conspiracy_498,chara,0.563,28
2025-12-11 00:56:43,Qwen/Qwen3-8B,MMLU_selected_subjects,conspiracy_948,meani,0.585,28
2025-12-11 00:59:56,Qwen/Qwen3-8B,MMLU_selected_subjects,conspiracy_72,chara,0.509,28
2025-12-11 01:00:59,Qwen/Qwen3-8B,MMLU_selected_subjects,conspiracy_271,meani,0.593,28
2025-12-11 01:01:21,Qwen/Qwen3-8B,MMLU_selected_subjects,conspiracy_948,wordd,0.595,28
2025-12-11 01:01:27,Qwen/Qwen3-8B,MMLU_selected_subjects,conspiracy_499,clean,0.559,28
2025-12-11 01:04:41,Qwen/Qwen3-8B,MMLU_selected_subjects,conspiracy_720,clean,0.582,28
2025-12-11 01:05:30,Qwen/Qwen3-8B,MMLU_selected_subjects,conspiracy_271,wordd,0.585,28
2025-12-11 01:06:11,Qwen/Qwen3-8B,MMLU_selected_subjects,conspiracy_499,meani,0.586,28
2025-12-11 01:06:37,Qwen/Qwen3-8B,MMLU_selected_subjects,conspiracy_948,chara,0.536,28
2025-12-11 01:09:27,Qwen/Qwen3-8B,MMLU_selected_subjects,conspiracy_720,meani,0.586,28
2025-12-11 01:10:16,Qwen/Qwen3-8B,MMLU_selected_subjects,conspiracy_271,chara,0.548,28
2025-12-11 01:10:56,Qwen/Qwen3-8B,MMLU_selected_subjects,conspiracy_499,wordd,0.586,28
2025-12-11 01:11:21,Qwen/Qwen3-8B,MMLU_selected_subjects,conspiracy_949,clean,0.581,28
2025-12-11 01:14:13,Qwen/Qwen3-8B,MMLU_selected_subjects,conspiracy_720,wordd,0.568,28
2025-12-11 01:15:22,Qwen/Qwen3-8B,MMLU_selected_subjects,conspiracy_272,clean,0.607,28
2025-12-11 01:16:05,Qwen/Qwen3-8B,MMLU_selected_subjects,conspiracy_949,meani,0.551,28
2025-12-11 01:16:14,Qwen/Qwen3-8B,MMLU_selected_subjects,conspiracy_499,chara,0.551,28
2025-12-11 01:19:26,Qwen/Qwen3-8B,MMLU_selected_subjects,conspiracy_720,chara,0.553,28
2025-12-11 01:20:23,Qwen/Qwen3-8B,MMLU_selected_subjects,conspiracy_272,meani,0.596,28
2025-12-11 01:20:43,Qwen/Qwen3-8B,MMLU_selected_subjects,conspiracy_5,clean,0.592,28
2025-12-11 01:20:50,Qwen/Qwen3-8B,MMLU_selected_subjects,conspiracy_949,wordd,0.538,28
2025-12-11 01:24:00,Qwen/Qwen3-8B,MMLU_selected_subjects,conspiracy_721,clean,0.545,28
2025-12-11 01:25:11,Qwen/Qwen3-8B,MMLU_selected_subjects,conspiracy_5,meani,0.596,28
2025-12-11 01:25:27,Qwen/Qwen3-8B,MMLU_selected_subjects,conspiracy_272,wordd,0.574,28
2025-12-11 01:26:16,Qwen/Qwen3-8B,MMLU_selected_subjects,conspiracy_949,chara,0.515,28
2025-12-11 01:28:32,Qwen/Qwen3-8B,MMLU_selected_subjects,conspiracy_721,meani,0.594,28
2025-12-11 01:29:40,Qwen/Qwen3-8B,MMLU_selected_subjects,conspiracy_5,wordd,0.594,28
2025-12-11 01:31:02,Qwen/Qwen3-8B,MMLU_selected_subjects,conspiracy_95,clean,0.629,28
2025-12-11 01:31:12,Qwen/Qwen3-8B,MMLU_selected_subjects,conspiracy_272,chara,0.569,28
2025-12-11 01:33:03,Qwen/Qwen3-8B,MMLU_selected_subjects,conspiracy_721,wordd,0.560,28
2025-12-11 01:34:20,Qwen/Qwen3-8B,MMLU_selected_subjects,conspiracy_5,chara,0.573,28
2025-12-11 01:35:45,Qwen/Qwen3-8B,MMLU_selected_subjects,conspiracy_95,meani,0.599,28
2025-12-11 01:35:55,Qwen/Qwen3-8B,MMLU_selected_subjects,conspiracy_273,clean,0.560,28
2025-12-11 01:37:48,Qwen/Qwen3-8B,MMLU_selected_subjects,conspiracy_721,chara,0.544,28
2025-12-11 01:38:55,Qwen/Qwen3-8B,MMLU_selected_subjects,conspiracy_50,clean,0.587,28
2025-12-11 01:40:30,Qwen/Qwen3-8B,MMLU_selected_subjects,conspiracy_95,wordd,0.559,28
2025-12-11 01:40:37,Qwen/Qwen3-8B,MMLU_selected_subjects,conspiracy_273,meani,0.563,28
2025-12-11 01:42:19,Qwen/Qwen3-8B,MMLU_selected_subjects,conspiracy_722,clean,0.607,28
2025-12-11 01:43:30,Qwen/Qwen3-8B,MMLU_selected_subjects,conspiracy_50,meani,0.584,28
2025-12-11 01:45:23,Qwen/Qwen3-8B,MMLU_selected_subjects,conspiracy_273,wordd,0.584,28
2025-12-11 01:45:44,Qwen/Qwen3-8B,MMLU_selected_subjects,conspiracy_95,chara,0.574,28
2025-12-11 01:46:50,Qwen/Qwen3-8B,MMLU_selected_subjects,conspiracy_722,meani,0.618,28
2025-12-11 01:48:08,Qwen/Qwen3-8B,MMLU_selected_subjects,conspiracy_50,wordd,0.577,28
2025-12-11 01:50:54,Qwen/Qwen3-8B,MMLU_selected_subjects,conspiracy_273,chara,0.538,28
2025-12-11 01:51:13,Qwen/Qwen3-8B,MMLU_selected_subjects,conspiracy_950,clean,0.598,28
2025-12-11 01:51:48,Qwen/Qwen3-8B,MMLU_selected_subjects,conspiracy_722,wordd,0.564,28
2025-12-11 01:53:37,Qwen/Qwen3-8B,MMLU_selected_subjects,conspiracy_50,chara,0.537,28
2025-12-11 01:56:41,Qwen/Qwen3-8B,MMLU_selected_subjects,conspiracy_274,clean,0.582,28
2025-12-11 01:57:24,Qwen/Qwen3-8B,MMLU_selected_subjects,conspiracy_950,meani,0.575,28
2025-12-11 01:57:46,Qwen/Qwen3-8B,MMLU_selected_subjects,conspiracy_722,chara,0.521,28
2025-12-11 02:00:02,Qwen/Qwen3-8B,MMLU_selected_subjects,conspiracy_500,clean,0.592,28
2025-12-11 02:03:45,Qwen/Qwen3-8B,MMLU_selected_subjects,conspiracy_274,meani,0.563,28
2025-12-11 02:04:37,Qwen/Qwen3-8B,MMLU_selected_subjects,conspiracy_723,clean,0.579,28
2025-12-11 02:04:39,Qwen/Qwen3-8B,MMLU_selected_subjects,conspiracy_950,wordd,0.550,28
2025-12-11 02:06:45,Qwen/Qwen3-8B,MMLU_selected_subjects,conspiracy_500,meani,0.588,28
2025-12-11 02:10:45,Qwen/Qwen3-8B,MMLU_selected_subjects,conspiracy_274,wordd,0.570,28
2025-12-11 02:11:23,Qwen/Qwen3-8B,MMLU_selected_subjects,conspiracy_723,meani,0.586,28
2025-12-11 02:12:34,Qwen/Qwen3-8B,MMLU_selected_subjects,conspiracy_950,chara,0.551,28
2025-12-11 02:13:32,Qwen/Qwen3-8B,MMLU_selected_subjects,conspiracy_500,wordd,0.596,28
2025-12-11 02:18:11,Qwen/Qwen3-8B,MMLU_selected_subjects,conspiracy_723,wordd,0.607,28
2025-12-11 02:18:14,Qwen/Qwen3-8B,MMLU_selected_subjects,conspiracy_274,chara,0.530,28
2025-12-11 02:19:21,Qwen/Qwen3-8B,MMLU_selected_subjects,conspiracy_951,clean,0.578,28
2025-12-11 02:20:43,Qwen/Qwen3-8B,MMLU_selected_subjects,conspiracy_500,chara,0.543,28
2025-12-11 02:24:45,Qwen/Qwen3-8B,MMLU_selected_subjects,conspiracy_275,clean,0.574,28
2025-12-11 02:25:08,Qwen/Qwen3-8B,MMLU_selected_subjects,conspiracy_723,chara,0.529,28
2025-12-11 02:25:41,Qwen/Qwen3-8B,MMLU_selected_subjects,conspiracy_951,meani,0.574,28
2025-12-11 02:26:43,Qwen/Qwen3-8B,MMLU_selected_subjects,conspiracy_501,clean,0.595,28
2025-12-11 02:30:30,Qwen/Qwen3-8B,MMLU_selected_subjects,conspiracy_275,meani,0.595,28
2025-12-11 02:30:53,Qwen/Qwen3-8B,MMLU_selected_subjects,conspiracy_724,clean,0.561,28
2025-12-11 02:31:12,Qwen/Qwen3-8B,MMLU_selected_subjects,conspiracy_951,wordd,0.600,28
2025-12-11 02:32:14,Qwen/Qwen3-8B,MMLU_selected_subjects,conspiracy_501,meani,0.580,28
2025-12-11 02:35:52,Qwen/Qwen3-8B,MMLU_selected_subjects,conspiracy_275,wordd,0.580,28
2025-12-11 02:36:15,Qwen/Qwen3-8B,MMLU_selected_subjects,conspiracy_724,meani,0.583,28
2025-12-11 02:36:34,Qwen/Qwen3-8B,MMLU_selected_subjects,conspiracy_951,chara,0.591,28
2025-12-11 02:37:40,Qwen/Qwen3-8B,MMLU_selected_subjects,conspiracy_501,wordd,0.562,28
2025-12-11 02:41:45,Qwen/Qwen3-8B,MMLU_selected_subjects,conspiracy_275,chara,0.562,28
2025-12-11 02:41:46,Qwen/Qwen3-8B,MMLU_selected_subjects,conspiracy_724,wordd,0.593,28
2025-12-11 02:42:18,Qwen/Qwen3-8B,MMLU_selected_subjects,conspiracy_952,clean,0.590,28
2025-12-11 02:43:23,Qwen/Qwen3-8B,MMLU_selected_subjects,conspiracy_501,chara,0.546,28
2025-12-11 02:47:16,Qwen/Qwen3-8B,MMLU_selected_subjects,conspiracy_276,clean,0.585,28
2025-12-11 02:47:26,Qwen/Qwen3-8B,MMLU_selected_subjects,conspiracy_724,chara,0.537,28
2025-12-11 02:47:57,Qwen/Qwen3-8B,MMLU_selected_subjects,conspiracy_952,meani,0.565,28
2025-12-11 02:48:48,Qwen/Qwen3-8B,MMLU_selected_subjects,conspiracy_502,clean,0.575,28
2025-12-11 02:52:39,Qwen/Qwen3-8B,MMLU_selected_subjects,conspiracy_276,meani,0.578,28
2025-12-11 02:52:59,Qwen/Qwen3-8B,MMLU_selected_subjects,conspiracy_725,clean,0.540,28
2025-12-11 02:53:24,Qwen/Qwen3-8B,MMLU_selected_subjects,conspiracy_952,wordd,0.586,28
2025-12-11 02:54:09,Qwen/Qwen3-8B,MMLU_selected_subjects,conspiracy_502,meani,0.538,28
2025-12-11 02:57:54,Qwen/Qwen3-8B,MMLU_selected_subjects,conspiracy_276,wordd,0.565,28
2025-12-11 02:58:17,Qwen/Qwen3-8B,MMLU_selected_subjects,conspiracy_725,meani,0.558,28
2025-12-11 02:59:12,Qwen/Qwen3-8B,MMLU_selected_subjects,conspiracy_952,chara,0.547,28
2025-12-11 02:59:15,Qwen/Qwen3-8B,MMLU_selected_subjects,conspiracy_502,wordd,0.534,28
2025-12-11 03:03:31,Qwen/Qwen3-8B,MMLU_selected_subjects,conspiracy_725,wordd,0.533,28
2025-12-11 03:03:32,Qwen/Qwen3-8B,MMLU_selected_subjects,conspiracy_276,chara,0.520,28
2025-12-11 03:04:15,Qwen/Qwen3-8B,MMLU_selected_subjects,conspiracy_953,clean,0.567,28
2025-12-11 03:04:37,Qwen/Qwen3-8B,MMLU_selected_subjects,conspiracy_502,chara,0.533,28
2025-12-11 03:08:43,Qwen/Qwen3-8B,MMLU_selected_subjects,conspiracy_277,clean,0.592,28
2025-12-11 03:09:06,Qwen/Qwen3-8B,MMLU_selected_subjects,conspiracy_725,chara,0.525,28
2025-12-11 03:09:08,Qwen/Qwen3-8B,MMLU_selected_subjects,conspiracy_953,meani,0.580,28
2025-12-11 03:09:46,Qwen/Qwen3-8B,MMLU_selected_subjects,conspiracy_503,clean,0.593,28
2025-12-11 03:13:30,Qwen/Qwen3-8B,MMLU_selected_subjects,conspiracy_277,meani,0.605,28
2025-12-11 03:13:36,Qwen/Qwen3-8B,MMLU_selected_subjects,conspiracy_953,wordd,0.559,28
2025-12-11 03:13:38,Qwen/Qwen3-8B,MMLU_selected_subjects,conspiracy_726,clean,0.532,28
2025-12-11 03:14:30,Qwen/Qwen3-8B,MMLU_selected_subjects,conspiracy_503,meani,0.579,28
2025-12-11 03:18:08,Qwen/Qwen3-8B,MMLU_selected_subjects,conspiracy_726,meani,0.570,28
2025-12-11 03:18:21,Qwen/Qwen3-8B,MMLU_selected_subjects,conspiracy_277,wordd,0.603,28
2025-12-11 03:18:26,Qwen/Qwen3-8B,MMLU_selected_subjects,conspiracy_953,chara,0.501,28
2025-12-11 03:19:15,Qwen/Qwen3-8B,MMLU_selected_subjects,conspiracy_503,wordd,0.555,28
2025-12-11 03:22:38,Qwen/Qwen3-8B,MMLU_selected_subjects,conspiracy_726,wordd,0.558,28
2025-12-11 03:22:51,Qwen/Qwen3-8B,MMLU_selected_subjects,conspiracy_954,clean,0.607,28
2025-12-11 03:23:28,Qwen/Qwen3-8B,MMLU_selected_subjects,conspiracy_277,chara,0.520,28
2025-12-11 03:24:32,Qwen/Qwen3-8B,MMLU_selected_subjects,conspiracy_503,chara,0.532,28
2025-12-11 03:27:24,Qwen/Qwen3-8B,MMLU_selected_subjects,conspiracy_954,meani,0.592,28
2025-12-11 03:27:30,Qwen/Qwen3-8B,MMLU_selected_subjects,conspiracy_726,chara,0.578,28
2025-12-11 03:28:10,Qwen/Qwen3-8B,MMLU_selected_subjects,conspiracy_278,clean,0.603,28
2025-12-11 03:28:59,Qwen/Qwen3-8B,MMLU_selected_subjects,conspiracy_504,clean,0.581,28
2025-12-11 03:31:53,Qwen/Qwen3-8B,MMLU_selected_subjects,conspiracy_727,clean,0.560,28
2025-12-11 03:31:54,Qwen/Qwen3-8B,MMLU_selected_subjects,conspiracy_954,wordd,0.574,28
2025-12-11 03:32:58,Qwen/Qwen3-8B,MMLU_selected_subjects,conspiracy_278,meani,0.583,28
2025-12-11 03:33:25,Qwen/Qwen3-8B,MMLU_selected_subjects,conspiracy_504,meani,0.587,28
2025-12-11 03:36:15,Qwen/Qwen3-8B,MMLU_selected_subjects,conspiracy_727,meani,0.565,28
2025-12-11 03:36:34,Qwen/Qwen3-8B,MMLU_selected_subjects,conspiracy_954,chara,0.529,28
2025-12-11 03:37:42,Qwen/Qwen3-8B,MMLU_selected_subjects,conspiracy_278,wordd,0.574,28
2025-12-11 03:37:50,Qwen/Qwen3-8B,MMLU_selected_subjects,conspiracy_504,wordd,0.588,28
2025-12-11 03:40:37,Qwen/Qwen3-8B,MMLU_selected_subjects,conspiracy_727,wordd,0.608,28
2025-12-11 03:41:13,Qwen/Qwen3-8B,MMLU_selected_subjects,conspiracy_955,clean,0.600,28
2025-12-11 03:42:30,Qwen/Qwen3-8B,MMLU_selected_subjects,conspiracy_504,chara,0.570,28
2025-12-11 03:43:05,Qwen/Qwen3-8B,MMLU_selected_subjects,conspiracy_278,chara,0.575,28
2025-12-11 03:45:12,Qwen/Qwen3-8B,MMLU_selected_subjects,conspiracy_727,chara,0.532,28
2025-12-11 03:45:54,Qwen/Qwen3-8B,MMLU_selected_subjects,conspiracy_955,meani,0.597,28
2025-12-11 03:47:01,Qwen/Qwen3-8B,MMLU_selected_subjects,conspiracy_505,clean,0.572,28
2025-12-11 03:47:54,Qwen/Qwen3-8B,MMLU_selected_subjects,conspiracy_279,clean,0.607,28
2025-12-11 03:49:39,Qwen/Qwen3-8B,MMLU_selected_subjects,conspiracy_728,clean,0.586,28
2025-12-11 03:50:44,Qwen/Qwen3-8B,MMLU_selected_subjects,conspiracy_955,wordd,0.585,28
2025-12-11 03:51:32,Qwen/Qwen3-8B,MMLU_selected_subjects,conspiracy_505,meani,0.576,28
2025-12-11 03:52:48,Qwen/Qwen3-8B,MMLU_selected_subjects,conspiracy_279,meani,0.581,28
2025-12-11 03:54:06,Qwen/Qwen3-8B,MMLU_selected_subjects,conspiracy_728,meani,0.589,28
2025-12-11 03:55:56,Qwen/Qwen3-8B,MMLU_selected_subjects,conspiracy_955,chara,0.552,28
2025-12-11 03:56:03,Qwen/Qwen3-8B,MMLU_selected_subjects,conspiracy_505,wordd,0.573,28
2025-12-11 03:57:36,Qwen/Qwen3-8B,MMLU_selected_subjects,conspiracy_279,wordd,0.586,28
2025-12-11 03:58:33,Qwen/Qwen3-8B,MMLU_selected_subjects,conspiracy_728,wordd,0.594,28
2025-12-11 04:00:20,Qwen/Qwen3-8B,MMLU_selected_subjects,conspiracy_956,clean,0.589,28
2025-12-11 04:00:55,Qwen/Qwen3-8B,MMLU_selected_subjects,conspiracy_505,chara,0.525,28
2025-12-11 04:03:04,Qwen/Qwen3-8B,MMLU_selected_subjects,conspiracy_279,chara,0.517,28
2025-12-11 04:03:11,Qwen/Qwen3-8B,MMLU_selected_subjects,conspiracy_728,chara,0.503,28
2025-12-11 04:04:42,Qwen/Qwen3-8B,MMLU_selected_subjects,conspiracy_956,meani,0.580,28
2025-12-11 04:05:35,Qwen/Qwen3-8B,MMLU_selected_subjects,conspiracy_506,clean,0.597,28
2025-12-11 04:07:31,Qwen/Qwen3-8B,MMLU_selected_subjects,conspiracy_28,clean,0.628,28
2025-12-11 04:07:50,Qwen/Qwen3-8B,MMLU_selected_subjects,conspiracy_729,clean,0.562,28
2025-12-11 04:09:04,Qwen/Qwen3-8B,MMLU_selected_subjects,conspiracy_956,wordd,0.594,28
2025-12-11 04:10:16,Qwen/Qwen3-8B,MMLU_selected_subjects,conspiracy_506,meani,0.621,28
2025-12-11 04:11:59,Qwen/Qwen3-8B,MMLU_selected_subjects,conspiracy_28,meani,0.594,28
2025-12-11 04:12:31,Qwen/Qwen3-8B,MMLU_selected_subjects,conspiracy_729,meani,0.579,28
2025-12-11 04:13:39,Qwen/Qwen3-8B,MMLU_selected_subjects,conspiracy_956,chara,0.548,28
2025-12-11 04:14:57,Qwen/Qwen3-8B,MMLU_selected_subjects,conspiracy_506,wordd,0.604,28
2025-12-11 04:16:28,Qwen/Qwen3-8B,MMLU_selected_subjects,conspiracy_28,wordd,0.599,28
2025-12-11 04:17:11,Qwen/Qwen3-8B,MMLU_selected_subjects,conspiracy_729,wordd,0.549,28
2025-12-11 04:18:06,Qwen/Qwen3-8B,MMLU_selected_subjects,conspiracy_957,clean,0.614,28
2025-12-11 04:19:55,Qwen/Qwen3-8B,MMLU_selected_subjects,conspiracy_506,chara,0.570,28
2025-12-11 04:21:10,Qwen/Qwen3-8B,MMLU_selected_subjects,conspiracy_28,chara,0.552,28
2025-12-11 04:22:23,Qwen/Qwen3-8B,MMLU_selected_subjects,conspiracy_729,chara,0.532,28
2025-12-11 04:22:29,Qwen/Qwen3-8B,MMLU_selected_subjects,conspiracy_957,meani,0.608,28
2025-12-11 04:24:24,Qwen/Qwen3-8B,MMLU_selected_subjects,conspiracy_507,clean,0.593,28
2025-12-11 04:25:50,Qwen/Qwen3-8B,MMLU_selected_subjects,conspiracy_280,clean,0.567,28
2025-12-11 04:26:50,Qwen/Qwen3-8B,MMLU_selected_subjects,conspiracy_957,wordd,0.596,28
2025-12-11 04:26:55,Qwen/Qwen3-8B,MMLU_selected_subjects,conspiracy_73,clean,0.603,28
2025-12-11 04:28:53,Qwen/Qwen3-8B,MMLU_selected_subjects,conspiracy_507,meani,0.575,28
2025-12-11 04:30:32,Qwen/Qwen3-8B,MMLU_selected_subjects,conspiracy_280,meani,0.570,28
2025-12-11 04:31:27,Qwen/Qwen3-8B,MMLU_selected_subjects,conspiracy_73,meani,0.595,28
2025-12-11 04:31:32,Qwen/Qwen3-8B,MMLU_selected_subjects,conspiracy_957,chara,0.553,28
2025-12-11 04:33:21,Qwen/Qwen3-8B,MMLU_selected_subjects,conspiracy_507,wordd,0.597,28
2025-12-11 04:35:11,Qwen/Qwen3-8B,MMLU_selected_subjects,conspiracy_280,wordd,0.558,28
2025-12-11 04:35:58,Qwen/Qwen3-8B,MMLU_selected_subjects,conspiracy_73,wordd,0.579,28
2025-12-11 04:36:32,Qwen/Qwen3-8B,MMLU_selected_subjects,conspiracy_958,clean,0.555,28
2025-12-11 04:38:10,Qwen/Qwen3-8B,MMLU_selected_subjects,conspiracy_507,chara,0.540,28
2025-12-11 04:40:24,Qwen/Qwen3-8B,MMLU_selected_subjects,conspiracy_280,chara,0.544,28
2025-12-11 04:40:46,Qwen/Qwen3-8B,MMLU_selected_subjects,conspiracy_73,chara,0.545,28
2025-12-11 04:41:28,Qwen/Qwen3-8B,MMLU_selected_subjects,conspiracy_958,meani,0.523,28
2025-12-11 04:42:41,Qwen/Qwen3-8B,MMLU_selected_subjects,conspiracy_508,clean,0.610,28
2025-12-11 04:44:55,Qwen/Qwen3-8B,MMLU_selected_subjects,conspiracy_281,clean,0.614,28
2025-12-11 04:45:17,Qwen/Qwen3-8B,MMLU_selected_subjects,conspiracy_730,clean,0.594,28
2025-12-11 04:46:35,Qwen/Qwen3-8B,MMLU_selected_subjects,conspiracy_958,wordd,0.545,28
2025-12-11 04:47:11,Qwen/Qwen3-8B,MMLU_selected_subjects,conspiracy_508,meani,0.560,28
2025-12-11 04:49:25,Qwen/Qwen3-8B,MMLU_selected_subjects,conspiracy_281,meani,0.574,28
2025-12-11 04:49:47,Qwen/Qwen3-8B,MMLU_selected_subjects,conspiracy_730,meani,0.583,28
2025-12-11 04:51:41,Qwen/Qwen3-8B,MMLU_selected_subjects,conspiracy_508,wordd,0.558,28
2025-12-11 04:52:12,Qwen/Qwen3-8B,MMLU_selected_subjects,conspiracy_958,chara,0.473,28
2025-12-11 04:53:55,Qwen/Qwen3-8B,MMLU_selected_subjects,conspiracy_281,wordd,0.584,28
2025-12-11 04:54:18,Qwen/Qwen3-8B,MMLU_selected_subjects,conspiracy_730,wordd,0.572,28
2025-12-11 04:56:35,Qwen/Qwen3-8B,MMLU_selected_subjects,conspiracy_508,chara,0.519,28
2025-12-11 04:56:52,Qwen/Qwen3-8B,MMLU_selected_subjects,conspiracy_959,clean,0.573,28
2025-12-11 04:58:38,Qwen/Qwen3-8B,MMLU_selected_subjects,conspiracy_281,chara,0.564,28
2025-12-11 04:59:11,Qwen/Qwen3-8B,MMLU_selected_subjects,conspiracy_730,chara,0.526,28
2025-12-11 05:01:11,Qwen/Qwen3-8B,MMLU_selected_subjects,conspiracy_509,clean,0.575,28
2025-12-11 05:01:23,Qwen/Qwen3-8B,MMLU_selected_subjects,conspiracy_959,meani,0.563,28
2025-12-11 05:03:33,Qwen/Qwen3-8B,MMLU_selected_subjects,conspiracy_282,clean,0.599,28
2025-12-11 05:03:36,Qwen/Qwen3-8B,MMLU_selected_subjects,conspiracy_731,clean,0.630,28
2025-12-11 05:05:46,Qwen/Qwen3-8B,MMLU_selected_subjects,conspiracy_509,meani,0.575,28
2025-12-11 05:06:11,Qwen/Qwen3-8B,MMLU_selected_subjects,conspiracy_959,wordd,0.567,28
2025-12-11 05:08:01,Qwen/Qwen3-8B,MMLU_selected_subjects,conspiracy_731,meani,0.552,28
2025-12-11 05:08:33,Qwen/Qwen3-8B,MMLU_selected_subjects,conspiracy_282,meani,0.583,28
2025-12-11 05:10:22,Qwen/Qwen3-8B,MMLU_selected_subjects,conspiracy_509,wordd,0.602,28
2025-12-11 05:11:11,Qwen/Qwen3-8B,MMLU_selected_subjects,conspiracy_959,chara,0.543,28
2025-12-11 05:12:26,Qwen/Qwen3-8B,MMLU_selected_subjects,conspiracy_731,wordd,0.543,28
2025-12-11 05:13:28,Qwen/Qwen3-8B,MMLU_selected_subjects,conspiracy_282,wordd,0.569,28
2025-12-11 05:15:22,Qwen/Qwen3-8B,MMLU_selected_subjects,conspiracy_509,chara,0.538,28
2025-12-11 05:15:44,Qwen/Qwen3-8B,MMLU_selected_subjects,conspiracy_96,clean,0.573,28
2025-12-11 05:17:01,Qwen/Qwen3-8B,MMLU_selected_subjects,conspiracy_731,chara,0.527,28
2025-12-11 05:19:10,Qwen/Qwen3-8B,MMLU_selected_subjects,conspiracy_282,chara,0.545,28
2025-12-11 05:20:13,Qwen/Qwen3-8B,MMLU_selected_subjects,conspiracy_96,meani,0.620,28
2025-12-11 05:20:18,Qwen/Qwen3-8B,MMLU_selected_subjects,conspiracy_51,clean,0.587,28
2025-12-11 05:21:32,Qwen/Qwen3-8B,MMLU_selected_subjects,conspiracy_732,clean,0.535,28
2025-12-11 05:23:39,Qwen/Qwen3-8B,MMLU_selected_subjects,conspiracy_283,clean,0.590,28
2025-12-11 05:24:42,Qwen/Qwen3-8B,MMLU_selected_subjects,conspiracy_96,wordd,0.597,28
2025-12-11 05:25:18,Qwen/Qwen3-8B,MMLU_selected_subjects,conspiracy_51,meani,0.581,28
2025-12-11 05:26:03,Qwen/Qwen3-8B,MMLU_selected_subjects,conspiracy_732,meani,0.572,28
2025-12-11 05:28:10,Qwen/Qwen3-8B,MMLU_selected_subjects,conspiracy_283,meani,0.590,28
2025-12-11 05:29:34,Qwen/Qwen3-8B,MMLU_selected_subjects,conspiracy_96,chara,0.559,28
2025-12-11 05:30:15,Qwen/Qwen3-8B,MMLU_selected_subjects,conspiracy_51,wordd,0.579,28
2025-12-11 05:30:34,Qwen/Qwen3-8B,MMLU_selected_subjects,conspiracy_732,wordd,0.575,28
2025-12-11 05:32:41,Qwen/Qwen3-8B,MMLU_selected_subjects,conspiracy_283,wordd,0.569,28
2025-12-11 05:34:03,Qwen/Qwen3-8B,MMLU_selected_subjects,conspiracy_960,clean,0.557,28
2025-12-11 05:35:21,Qwen/Qwen3-8B,MMLU_selected_subjects,conspiracy_732,chara,0.521,28
2025-12-11 05:35:55,Qwen/Qwen3-8B,MMLU_selected_subjects,conspiracy_51,chara,0.516,28
2025-12-11 05:37:26,Qwen/Qwen3-8B,MMLU_selected_subjects,conspiracy_283,chara,0.570,28
2025-12-11 05:38:29,Qwen/Qwen3-8B,MMLU_selected_subjects,conspiracy_960,meani,0.572,28
2025-12-11 05:39:54,Qwen/Qwen3-8B,MMLU_selected_subjects,conspiracy_733,clean,0.598,28
2025-12-11 05:40:20,Qwen/Qwen3-8B,MMLU_selected_subjects,conspiracy_510,clean,0.570,28
2025-12-11 05:42:15,Qwen/Qwen3-8B,MMLU_selected_subjects,conspiracy_284,clean,0.581,28
2025-12-11 05:42:58,Qwen/Qwen3-8B,MMLU_selected_subjects,conspiracy_960,wordd,0.559,28
2025-12-11 05:44:25,Qwen/Qwen3-8B,MMLU_selected_subjects,conspiracy_733,meani,0.570,28
2025-12-11 05:44:46,Qwen/Qwen3-8B,MMLU_selected_subjects,conspiracy_510,meani,0.596,28
2025-12-11 05:47:01,Qwen/Qwen3-8B,MMLU_selected_subjects,conspiracy_284,meani,0.579,28
2025-12-11 05:47:49,Qwen/Qwen3-8B,MMLU_selected_subjects,conspiracy_960,chara,0.553,28
2025-12-11 05:48:56,Qwen/Qwen3-8B,MMLU_selected_subjects,conspiracy_733,wordd,0.581,28
2025-12-11 05:49:11,Qwen/Qwen3-8B,MMLU_selected_subjects,conspiracy_510,wordd,0.591,28
2025-12-11 05:51:33,Qwen/Qwen3-8B,MMLU_selected_subjects,conspiracy_284,wordd,0.573,28
2025-12-11 05:52:11,Qwen/Qwen3-8B,MMLU_selected_subjects,conspiracy_961,clean,0.600,28
2025-12-11 05:53:48,Qwen/Qwen3-8B,MMLU_selected_subjects,conspiracy_733,chara,0.519,28
2025-12-11 05:53:52,Qwen/Qwen3-8B,MMLU_selected_subjects,conspiracy_510,chara,0.548,28
2025-12-11 05:56:25,Qwen/Qwen3-8B,MMLU_selected_subjects,conspiracy_284,chara,0.582,28
2025-12-11 05:56:32,Qwen/Qwen3-8B,MMLU_selected_subjects,conspiracy_961,meani,0.598,28
2025-12-11 05:58:15,Qwen/Qwen3-8B,MMLU_selected_subjects,conspiracy_734,clean,0.553,28
2025-12-11 05:58:17,Qwen/Qwen3-8B,MMLU_selected_subjects,conspiracy_511,clean,0.614,28
2025-12-11 06:00:56,Qwen/Qwen3-8B,MMLU_selected_subjects,conspiracy_961,wordd,0.603,28
2025-12-11 06:01:15,Qwen/Qwen3-8B,MMLU_selected_subjects,conspiracy_285,clean,0.608,28
2025-12-11 06:02:40,Qwen/Qwen3-8B,MMLU_selected_subjects,conspiracy_734,meani,0.568,28
2025-12-11 06:02:44,Qwen/Qwen3-8B,MMLU_selected_subjects,conspiracy_511,meani,0.563,28
2025-12-11 06:05:31,Qwen/Qwen3-8B,MMLU_selected_subjects,conspiracy_961,chara,0.522,28
2025-12-11 06:06:06,Qwen/Qwen3-8B,MMLU_selected_subjects,conspiracy_285,meani,0.608,28
2025-12-11 06:07:06,Qwen/Qwen3-8B,MMLU_selected_subjects,conspiracy_734,wordd,0.572,28
2025-12-11 06:07:10,Qwen/Qwen3-8B,MMLU_selected_subjects,conspiracy_511,wordd,0.561,28
2025-12-11 06:10:21,Qwen/Qwen3-8B,MMLU_selected_subjects,conspiracy_962,clean,0.609,28
2025-12-11 06:10:58,Qwen/Qwen3-8B,MMLU_selected_subjects,conspiracy_285,wordd,0.605,28
2025-12-11 06:11:46,Qwen/Qwen3-8B,MMLU_selected_subjects,conspiracy_511,chara,0.527,28
2025-12-11 06:11:47,Qwen/Qwen3-8B,MMLU_selected_subjects,conspiracy_734,chara,0.524,28
2025-12-11 06:15:13,Qwen/Qwen3-8B,MMLU_selected_subjects,conspiracy_962,meani,0.578,28
2025-12-11 06:16:13,Qwen/Qwen3-8B,MMLU_selected_subjects,conspiracy_735,clean,0.586,28
2025-12-11 06:16:17,Qwen/Qwen3-8B,MMLU_selected_subjects,conspiracy_285,chara,0.562,28
2025-12-11 06:16:30,Qwen/Qwen3-8B,MMLU_selected_subjects,conspiracy_512,clean,0.587,28
2025-12-11 06:20:01,Qwen/Qwen3-8B,MMLU_selected_subjects,conspiracy_962,wordd,0.592,28
2025-12-11 06:20:37,Qwen/Qwen3-8B,MMLU_selected_subjects,conspiracy_735,meani,0.566,28
2025-12-11 06:20:51,Qwen/Qwen3-8B,MMLU_selected_subjects,conspiracy_286,clean,0.597,28
2025-12-11 06:21:13,Qwen/Qwen3-8B,MMLU_selected_subjects,conspiracy_512,meani,0.580,28
2025-12-11 06:25:02,Qwen/Qwen3-8B,MMLU_selected_subjects,conspiracy_735,wordd,0.585,28
2025-12-11 06:25:23,Qwen/Qwen3-8B,MMLU_selected_subjects,conspiracy_286,meani,0.574,28
2025-12-11 06:25:31,Qwen/Qwen3-8B,MMLU_selected_subjects,conspiracy_962,chara,0.525,28
2025-12-11 06:25:56,Qwen/Qwen3-8B,MMLU_selected_subjects,conspiracy_512,wordd,0.582,28
2025-12-11 06:29:39,Qwen/Qwen3-8B,MMLU_selected_subjects,conspiracy_735,chara,0.525,28
2025-12-11 06:29:56,Qwen/Qwen3-8B,MMLU_selected_subjects,conspiracy_286,wordd,0.579,28
2025-12-11 06:29:59,Qwen/Qwen3-8B,MMLU_selected_subjects,conspiracy_963,clean,0.600,28
2025-12-11 06:31:16,Qwen/Qwen3-8B,MMLU_selected_subjects,conspiracy_512,chara,0.564,28
2025-12-11 06:34:04,Qwen/Qwen3-8B,MMLU_selected_subjects,conspiracy_736,clean,0.582,28
2025-12-11 06:34:24,Qwen/Qwen3-8B,MMLU_selected_subjects,conspiracy_963,meani,0.578,28
2025-12-11 06:34:47,Qwen/Qwen3-8B,MMLU_selected_subjects,conspiracy_286,chara,0.555,28
2025-12-11 06:36:14,Qwen/Qwen3-8B,MMLU_selected_subjects,conspiracy_513,clean,0.623,28
2025-12-11 06:38:30,Qwen/Qwen3-8B,MMLU_selected_subjects,conspiracy_736,meani,0.536,28
2025-12-11 06:38:48,Qwen/Qwen3-8B,MMLU_selected_subjects,conspiracy_963,wordd,0.572,28
2025-12-11 06:39:19,Qwen/Qwen3-8B,MMLU_selected_subjects,conspiracy_287,clean,0.612,28
2025-12-11 06:41:10,Qwen/Qwen3-8B,MMLU_selected_subjects,conspiracy_513,meani,0.560,28
2025-12-11 06:42:54,Qwen/Qwen3-8B,MMLU_selected_subjects,conspiracy_736,wordd,0.552,28
2025-12-11 06:43:32,Qwen/Qwen3-8B,MMLU_selected_subjects,conspiracy_963,chara,0.551,28
2025-12-11 06:43:52,Qwen/Qwen3-8B,MMLU_selected_subjects,conspiracy_287,meani,0.573,28
2025-12-11 06:46:07,Qwen/Qwen3-8B,MMLU_selected_subjects,conspiracy_513,wordd,0.554,28
2025-12-11 06:47:36,Qwen/Qwen3-8B,MMLU_selected_subjects,conspiracy_736,chara,0.540,28
2025-12-11 06:48:24,Qwen/Qwen3-8B,MMLU_selected_subjects,conspiracy_964,clean,0.612,28
2025-12-11 06:48:26,Qwen/Qwen3-8B,MMLU_selected_subjects,conspiracy_287,wordd,0.580,28
2025-12-11 06:51:45,Qwen/Qwen3-8B,MMLU_selected_subjects,conspiracy_513,chara,0.528,28
2025-12-11 06:52:08,Qwen/Qwen3-8B,MMLU_selected_subjects,conspiracy_737,clean,0.607,28
2025-12-11 06:53:13,Qwen/Qwen3-8B,MMLU_selected_subjects,conspiracy_287,chara,0.529,28
2025-12-11 06:53:14,Qwen/Qwen3-8B,MMLU_selected_subjects,conspiracy_964,meani,0.574,28
2025-12-11 06:56:25,Qwen/Qwen3-8B,MMLU_selected_subjects,conspiracy_514,clean,0.610,28
2025-12-11 06:56:40,Qwen/Qwen3-8B,MMLU_selected_subjects,conspiracy_737,meani,0.594,28
2025-12-11 06:57:59,Qwen/Qwen3-8B,MMLU_selected_subjects,conspiracy_288,clean,0.555,28
2025-12-11 06:58:04,Qwen/Qwen3-8B,MMLU_selected_subjects,conspiracy_964,wordd,0.579,28
2025-12-11 07:01:03,Qwen/Qwen3-8B,MMLU_selected_subjects,conspiracy_514,meani,0.569,28
2025-12-11 07:01:13,Qwen/Qwen3-8B,MMLU_selected_subjects,conspiracy_737,wordd,0.579,28
2025-12-11 07:02:44,Qwen/Qwen3-8B,MMLU_selected_subjects,conspiracy_288,meani,0.559,28
2025-12-11 07:03:42,Qwen/Qwen3-8B,MMLU_selected_subjects,conspiracy_964,chara,0.504,28
2025-12-11 07:05:42,Qwen/Qwen3-8B,MMLU_selected_subjects,conspiracy_514,wordd,0.587,28
2025-12-11 07:06:14,Qwen/Qwen3-8B,MMLU_selected_subjects,conspiracy_737,chara,0.523,28
2025-12-11 07:07:29,Qwen/Qwen3-8B,MMLU_selected_subjects,conspiracy_288,wordd,0.567,28
2025-12-11 07:08:22,Qwen/Qwen3-8B,MMLU_selected_subjects,conspiracy_965,clean,0.540,28
2025-12-11 07:10:48,Qwen/Qwen3-8B,MMLU_selected_subjects,conspiracy_514,chara,0.522,28
2025-12-11 07:10:56,Qwen/Qwen3-8B,MMLU_selected_subjects,conspiracy_738,clean,0.527,28
2025-12-11 07:12:48,Qwen/Qwen3-8B,MMLU_selected_subjects,conspiracy_288,chara,0.524,28
2025-12-11 07:13:02,Qwen/Qwen3-8B,MMLU_selected_subjects,conspiracy_965,meani,0.578,28
2025-12-11 07:15:21,Qwen/Qwen3-8B,MMLU_selected_subjects,conspiracy_515,clean,0.592,28
2025-12-11 07:15:38,Qwen/Qwen3-8B,MMLU_selected_subjects,conspiracy_738,meani,0.543,28
2025-12-11 07:17:35,Qwen/Qwen3-8B,MMLU_selected_subjects,conspiracy_289,clean,0.579,28
2025-12-11 07:17:45,Qwen/Qwen3-8B,MMLU_selected_subjects,conspiracy_965,wordd,0.549,28
2025-12-11 07:19:55,Qwen/Qwen3-8B,MMLU_selected_subjects,conspiracy_515,meani,0.607,28
2025-12-11 07:20:21,Qwen/Qwen3-8B,MMLU_selected_subjects,conspiracy_738,wordd,0.557,28
2025-12-11 07:22:21,Qwen/Qwen3-8B,MMLU_selected_subjects,conspiracy_289,meani,0.577,28
2025-12-11 07:23:04,Qwen/Qwen3-8B,MMLU_selected_subjects,conspiracy_965,chara,0.515,28
2025-12-11 07:24:28,Qwen/Qwen3-8B,MMLU_selected_subjects,conspiracy_515,wordd,0.582,28
2025-12-11 07:25:43,Qwen/Qwen3-8B,MMLU_selected_subjects,conspiracy_738,chara,0.521,28
2025-12-11 07:27:06,Qwen/Qwen3-8B,MMLU_selected_subjects,conspiracy_289,wordd,0.573,28
2025-12-11 07:27:58,Qwen/Qwen3-8B,MMLU_selected_subjects,conspiracy_966,clean,0.614,28
2025-12-11 07:29:20,Qwen/Qwen3-8B,MMLU_selected_subjects,conspiracy_515,chara,0.554,28
2025-12-11 07:30:40,Qwen/Qwen3-8B,MMLU_selected_subjects,conspiracy_739,clean,0.614,28
2025-12-11 07:32:25,Qwen/Qwen3-8B,MMLU_selected_subjects,conspiracy_289,chara,0.562,28
2025-12-11 07:32:53,Qwen/Qwen3-8B,MMLU_selected_subjects,conspiracy_966,meani,0.583,28
2025-12-11 07:33:45,Qwen/Qwen3-8B,MMLU_selected_subjects,conspiracy_516,clean,0.574,28
2025-12-11 07:35:38,Qwen/Qwen3-8B,MMLU_selected_subjects,conspiracy_739,meani,0.564,28
2025-12-11 07:37:29,Qwen/Qwen3-8B,MMLU_selected_subjects,conspiracy_29,clean,0.599,28
2025-12-11 07:37:45,Qwen/Qwen3-8B,MMLU_selected_subjects,conspiracy_966,wordd,0.579,28
2025-12-11 07:38:11,Qwen/Qwen3-8B,MMLU_selected_subjects,conspiracy_516,meani,0.568,28
2025-12-11 07:40:35,Qwen/Qwen3-8B,MMLU_selected_subjects,conspiracy_739,wordd,0.569,28
2025-12-11 07:42:31,Qwen/Qwen3-8B,MMLU_selected_subjects,conspiracy_29,meani,0.582,28
2025-12-11 07:42:35,Qwen/Qwen3-8B,MMLU_selected_subjects,conspiracy_516,wordd,0.541,28
2025-12-11 07:43:26,Qwen/Qwen3-8B,MMLU_selected_subjects,conspiracy_966,chara,0.558,28
2025-12-11 07:46:19,Qwen/Qwen3-8B,MMLU_selected_subjects,conspiracy_739,chara,0.562,28
2025-12-11 07:47:16,Qwen/Qwen3-8B,MMLU_selected_subjects,conspiracy_516,chara,0.556,28
2025-12-11 07:47:33,Qwen/Qwen3-8B,MMLU_selected_subjects,conspiracy_29,wordd,0.590,28
2025-12-11 07:48:24,Qwen/Qwen3-8B,MMLU_selected_subjects,conspiracy_967,clean,0.566,28
2025-12-11 07:50:57,Qwen/Qwen3-8B,MMLU_selected_subjects,conspiracy_74,clean,0.571,28
2025-12-11 07:51:42,Qwen/Qwen3-8B,MMLU_selected_subjects,conspiracy_517,clean,0.564,28
2025-12-11 07:53:05,Qwen/Qwen3-8B,MMLU_selected_subjects,conspiracy_29,chara,0.535,28
2025-12-11 07:53:08,Qwen/Qwen3-8B,MMLU_selected_subjects,conspiracy_967,meani,0.583,28
2025-12-11 07:55:34,Qwen/Qwen3-8B,MMLU_selected_subjects,conspiracy_74,meani,0.586,28
2025-12-11 07:56:10,Qwen/Qwen3-8B,MMLU_selected_subjects,conspiracy_517,meani,0.557,28
2025-12-11 07:57:41,Qwen/Qwen3-8B,MMLU_selected_subjects,conspiracy_290,clean,0.591,28
2025-12-11 07:57:53,Qwen/Qwen3-8B,MMLU_selected_subjects,conspiracy_967,wordd,0.586,28
2025-12-11 08:00:11,Qwen/Qwen3-8B,MMLU_selected_subjects,conspiracy_74,wordd,0.555,28
2025-12-11 08:00:37,Qwen/Qwen3-8B,MMLU_selected_subjects,conspiracy_517,wordd,0.550,28
2025-12-11 08:02:19,Qwen/Qwen3-8B,MMLU_selected_subjects,conspiracy_290,meani,0.556,28
2025-12-11 08:03:23,Qwen/Qwen3-8B,MMLU_selected_subjects,conspiracy_967,chara,0.575,28
2025-12-11 08:05:13,Qwen/Qwen3-8B,MMLU_selected_subjects,conspiracy_74,chara,0.527,28
2025-12-11 08:05:21,Qwen/Qwen3-8B,MMLU_selected_subjects,conspiracy_517,chara,0.534,28
2025-12-11 08:06:55,Qwen/Qwen3-8B,MMLU_selected_subjects,conspiracy_290,wordd,0.557,28
2025-12-11 08:07:48,Qwen/Qwen3-8B,MMLU_selected_subjects,conspiracy_968,clean,0.597,28
2025-12-11 08:09:52,Qwen/Qwen3-8B,MMLU_selected_subjects,conspiracy_518,clean,0.557,28
2025-12-11 08:10:01,Qwen/Qwen3-8B,MMLU_selected_subjects,conspiracy_740,clean,0.587,28
2025-12-11 08:11:59,Qwen/Qwen3-8B,MMLU_selected_subjects,conspiracy_290,chara,0.516,28
2025-12-11 08:12:12,Qwen/Qwen3-8B,MMLU_selected_subjects,conspiracy_968,meani,0.578,28
2025-12-11 08:14:22,Qwen/Qwen3-8B,MMLU_selected_subjects,conspiracy_518,meani,0.565,28
2025-12-11 08:14:49,Qwen/Qwen3-8B,MMLU_selected_subjects,conspiracy_740,meani,0.600,28
2025-12-11 08:16:42,Qwen/Qwen3-8B,MMLU_selected_subjects,conspiracy_968,wordd,0.578,28
2025-12-11 08:17:05,Qwen/Qwen3-8B,MMLU_selected_subjects,conspiracy_291,clean,0.582,28
2025-12-11 08:18:52,Qwen/Qwen3-8B,MMLU_selected_subjects,conspiracy_518,wordd,0.525,28
2025-12-11 08:19:38,Qwen/Qwen3-8B,MMLU_selected_subjects,conspiracy_740,wordd,0.587,28
2025-12-11 08:21:18,Qwen/Qwen3-8B,MMLU_selected_subjects,conspiracy_968,chara,0.573,28
2025-12-11 08:21:55,Qwen/Qwen3-8B,MMLU_selected_subjects,conspiracy_291,meani,0.543,28
2025-12-11 08:23:46,Qwen/Qwen3-8B,MMLU_selected_subjects,conspiracy_518,chara,0.527,28
2025-12-11 08:25:07,Qwen/Qwen3-8B,MMLU_selected_subjects,conspiracy_740,chara,0.548,28
2025-12-11 08:26:02,Qwen/Qwen3-8B,MMLU_selected_subjects,conspiracy_969,clean,0.597,28
2025-12-11 08:26:49,Qwen/Qwen3-8B,MMLU_selected_subjects,conspiracy_291,wordd,0.558,28
2025-12-11 08:28:35,Qwen/Qwen3-8B,MMLU_selected_subjects,conspiracy_519,clean,0.615,28
2025-12-11 08:29:32,Qwen/Qwen3-8B,MMLU_selected_subjects,conspiracy_741,clean,0.598,28
2025-12-11 08:30:44,Qwen/Qwen3-8B,MMLU_selected_subjects,conspiracy_969,meani,0.584,28
2025-12-11 08:32:08,Qwen/Qwen3-8B,MMLU_selected_subjects,conspiracy_291,chara,0.504,28
2025-12-11 08:33:24,Qwen/Qwen3-8B,MMLU_selected_subjects,conspiracy_519,meani,0.612,28
2025-12-11 08:33:58,Qwen/Qwen3-8B,MMLU_selected_subjects,conspiracy_741,meani,0.579,28
2025-12-11 08:35:40,Qwen/Qwen3-8B,MMLU_selected_subjects,conspiracy_969,wordd,0.568,28
2025-12-11 08:36:38,Qwen/Qwen3-8B,MMLU_selected_subjects,conspiracy_292,clean,0.508,28
2025-12-11 08:38:13,Qwen/Qwen3-8B,MMLU_selected_subjects,conspiracy_519,wordd,0.572,28
2025-12-11 08:38:25,Qwen/Qwen3-8B,MMLU_selected_subjects,conspiracy_741,wordd,0.580,28
2025-12-11 08:41:01,Qwen/Qwen3-8B,MMLU_selected_subjects,conspiracy_969,chara,0.521,28
2025-12-11 08:41:03,Qwen/Qwen3-8B,MMLU_selected_subjects,conspiracy_292,meani,0.522,28
2025-12-11 08:43:04,Qwen/Qwen3-8B,MMLU_selected_subjects,conspiracy_741,chara,0.575,28
2025-12-11 08:43:39,Qwen/Qwen3-8B,MMLU_selected_subjects,conspiracy_519,chara,0.568,28
2025-12-11 08:45:21,Qwen/Qwen3-8B,MMLU_selected_subjects,conspiracy_97,clean,0.558,28
2025-12-11 08:45:28,Qwen/Qwen3-8B,MMLU_selected_subjects,conspiracy_292,wordd,0.527,28
2025-12-11 08:47:51,Qwen/Qwen3-8B,MMLU_selected_subjects,conspiracy_742,clean,0.530,28
2025-12-11 08:48:23,Qwen/Qwen3-8B,MMLU_selected_subjects,conspiracy_52,clean,0.591,28
2025-12-11 08:50:07,Qwen/Qwen3-8B,MMLU_selected_subjects,conspiracy_292,chara,0.525,28
2025-12-11 08:50:08,Qwen/Qwen3-8B,MMLU_selected_subjects,conspiracy_97,meani,0.589,28
2025-12-11 08:52:38,Qwen/Qwen3-8B,MMLU_selected_subjects,conspiracy_742,meani,0.568,28
2025-12-11 08:53:05,Qwen/Qwen3-8B,MMLU_selected_subjects,conspiracy_52,meani,0.588,28
2025-12-11 08:54:41,Qwen/Qwen3-8B,MMLU_selected_subjects,conspiracy_293,clean,0.600,28
2025-12-11 08:54:54,Qwen/Qwen3-8B,MMLU_selected_subjects,conspiracy_97,wordd,0.547,28
2025-12-11 08:57:25,Qwen/Qwen3-8B,MMLU_selected_subjects,conspiracy_742,wordd,0.527,28
2025-12-11 08:57:48,Qwen/Qwen3-8B,MMLU_selected_subjects,conspiracy_52,wordd,0.559,28
2025-12-11 08:59:12,Qwen/Qwen3-8B,MMLU_selected_subjects,conspiracy_293,meani,0.560,28
2025-12-11 08:59:31,Qwen/Qwen3-8B,MMLU_selected_subjects,conspiracy_97,chara,0.556,28
2025-12-11 09:02:38,Qwen/Qwen3-8B,MMLU_selected_subjects,conspiracy_742,chara,0.502,28
2025-12-11 09:03:11,Qwen/Qwen3-8B,MMLU_selected_subjects,conspiracy_52,chara,0.564,28
2025-12-11 09:03:47,Qwen/Qwen3-8B,MMLU_selected_subjects,conspiracy_293,wordd,0.573,28
2025-12-11 09:04:22,Qwen/Qwen3-8B,MMLU_selected_subjects,conspiracy_970,clean,0.555,28
2025-12-11 09:07:37,Qwen/Qwen3-8B,MMLU_selected_subjects,conspiracy_743,clean,0.544,28
2025-12-11 09:07:57,Qwen/Qwen3-8B,MMLU_selected_subjects,conspiracy_520,clean,0.563,28
2025-12-11 09:08:44,Qwen/Qwen3-8B,MMLU_selected_subjects,conspiracy_293,chara,0.549,28
2025-12-11 09:09:23,Qwen/Qwen3-8B,MMLU_selected_subjects,conspiracy_970,meani,0.552,28
2025-12-11 09:12:33,Qwen/Qwen3-8B,MMLU_selected_subjects,conspiracy_743,meani,0.526,28
2025-12-11 09:12:44,Qwen/Qwen3-8B,MMLU_selected_subjects,conspiracy_520,meani,0.583,28
2025-12-11 09:13:32,Qwen/Qwen3-8B,MMLU_selected_subjects,conspiracy_294,clean,0.556,28
2025-12-11 09:14:14,Qwen/Qwen3-8B,MMLU_selected_subjects,conspiracy_970,wordd,0.547,28
2025-12-11 09:17:30,Qwen/Qwen3-8B,MMLU_selected_subjects,conspiracy_520,wordd,0.595,28
2025-12-11 09:17:32,Qwen/Qwen3-8B,MMLU_selected_subjects,conspiracy_743,wordd,0.475,28
2025-12-11 09:18:19,Qwen/Qwen3-8B,MMLU_selected_subjects,conspiracy_294,meani,0.585,28
2025-12-11 09:19:43,Qwen/Qwen3-8B,MMLU_selected_subjects,conspiracy_970,chara,0.557,28
2025-12-11 09:22:48,Qwen/Qwen3-8B,MMLU_selected_subjects,conspiracy_520,chara,0.519,28
2025-12-11 09:22:58,Qwen/Qwen3-8B,MMLU_selected_subjects,conspiracy_294,wordd,0.535,28
2025-12-11 09:23:12,Qwen/Qwen3-8B,MMLU_selected_subjects,conspiracy_743,chara,0.528,28
2025-12-11 09:24:32,Qwen/Qwen3-8B,MMLU_selected_subjects,conspiracy_971,clean,0.597,28
2025-12-11 09:27:12,Qwen/Qwen3-8B,MMLU_selected_subjects,conspiracy_521,clean,0.591,28
2025-12-11 09:28:00,Qwen/Qwen3-8B,MMLU_selected_subjects,conspiracy_744,clean,0.585,28
2025-12-11 09:28:02,Qwen/Qwen3-8B,MMLU_selected_subjects,conspiracy_294,chara,0.544,28
2025-12-11 09:29:10,Qwen/Qwen3-8B,MMLU_selected_subjects,conspiracy_971,meani,0.574,28
2025-12-11 09:31:35,Qwen/Qwen3-8B,MMLU_selected_subjects,conspiracy_521,meani,0.571,28
2025-12-11 09:32:49,Qwen/Qwen3-8B,MMLU_selected_subjects,conspiracy_744,meani,0.592,28
2025-12-11 09:32:51,Qwen/Qwen3-8B,MMLU_selected_subjects,conspiracy_295,clean,0.561,28
2025-12-11 09:33:55,Qwen/Qwen3-8B,MMLU_selected_subjects,conspiracy_971,wordd,0.574,28
2025-12-11 09:35:59,Qwen/Qwen3-8B,MMLU_selected_subjects,conspiracy_521,wordd,0.536,28
2025-12-11 09:37:39,Qwen/Qwen3-8B,MMLU_selected_subjects,conspiracy_744,wordd,0.586,28
2025-12-11 09:37:40,Qwen/Qwen3-8B,MMLU_selected_subjects,conspiracy_295,meani,0.599,28
2025-12-11 09:39:05,Qwen/Qwen3-8B,MMLU_selected_subjects,conspiracy_971,chara,0.539,28
2025-12-11 09:40:40,Qwen/Qwen3-8B,MMLU_selected_subjects,conspiracy_521,chara,0.552,28
2025-12-11 09:42:38,Qwen/Qwen3-8B,MMLU_selected_subjects,conspiracy_295,wordd,0.586,28
2025-12-11 09:43:03,Qwen/Qwen3-8B,MMLU_selected_subjects,conspiracy_744,chara,0.584,28
2025-12-11 09:43:30,Qwen/Qwen3-8B,MMLU_selected_subjects,conspiracy_972,clean,0.573,28
2025-12-11 09:45:29,Qwen/Qwen3-8B,MMLU_selected_subjects,conspiracy_522,clean,0.613,28
2025-12-11 09:47:36,Qwen/Qwen3-8B,MMLU_selected_subjects,conspiracy_745,clean,0.549,28
2025-12-11 09:47:55,Qwen/Qwen3-8B,MMLU_selected_subjects,conspiracy_972,meani,0.535,28
2025-12-11 09:48:08,Qwen/Qwen3-8B,MMLU_selected_subjects,conspiracy_295,chara,0.545,28
2025-12-11 09:50:17,Qwen/Qwen3-8B,MMLU_selected_subjects,conspiracy_522,meani,0.587,28
2025-12-11 09:52:10,Qwen/Qwen3-8B,MMLU_selected_subjects,conspiracy_745,meani,0.565,28
2025-12-11 09:52:19,Qwen/Qwen3-8B,MMLU_selected_subjects,conspiracy_972,wordd,0.597,28
2025-12-11 09:52:30,Qwen/Qwen3-8B,MMLU_selected_subjects,conspiracy_296,clean,0.518,28
2025-12-11 09:55:04,Qwen/Qwen3-8B,MMLU_selected_subjects,conspiracy_522,wordd,0.580,28
2025-12-11 09:56:42,Qwen/Qwen3-8B,MMLU_selected_subjects,conspiracy_745,wordd,0.523,28
2025-12-11 09:56:53,Qwen/Qwen3-8B,MMLU_selected_subjects,conspiracy_296,meani,0.538,28
2025-12-11 09:56:56,Qwen/Qwen3-8B,MMLU_selected_subjects,conspiracy_972,chara,0.575,28
2025-12-11 10:00:35,Qwen/Qwen3-8B,MMLU_selected_subjects,conspiracy_522,chara,0.579,28
2025-12-11 10:01:16,Qwen/Qwen3-8B,MMLU_selected_subjects,conspiracy_296,wordd,0.519,28
2025-12-11 10:01:28,Qwen/Qwen3-8B,MMLU_selected_subjects,conspiracy_745,chara,0.523,28
2025-12-11 10:01:53,Qwen/Qwen3-8B,MMLU_selected_subjects,conspiracy_973,clean,0.559,28
2025-12-11 10:05:21,Qwen/Qwen3-8B,MMLU_selected_subjects,conspiracy_523,clean,0.561,28
2025-12-11 10:05:53,Qwen/Qwen3-8B,MMLU_selected_subjects,conspiracy_296,chara,0.568,28
2025-12-11 10:06:24,Qwen/Qwen3-8B,MMLU_selected_subjects,conspiracy_746,clean,0.565,28
2025-12-11 10:06:46,Qwen/Qwen3-8B,MMLU_selected_subjects,conspiracy_973,meani,0.570,28
2025-12-11 10:10:09,Qwen/Qwen3-8B,MMLU_selected_subjects,conspiracy_523,meani,0.551,28
2025-12-11 10:10:49,Qwen/Qwen3-8B,MMLU_selected_subjects,conspiracy_297,clean,0.621,28
2025-12-11 10:11:25,Qwen/Qwen3-8B,MMLU_selected_subjects,conspiracy_746,meani,0.581,28
2025-12-11 10:11:48,Qwen/Qwen3-8B,MMLU_selected_subjects,conspiracy_973,wordd,0.570,28
2025-12-11 10:14:58,Qwen/Qwen3-8B,MMLU_selected_subjects,conspiracy_523,wordd,0.549,28
2025-12-11 10:15:48,Qwen/Qwen3-8B,MMLU_selected_subjects,conspiracy_297,meani,0.589,28
2025-12-11 10:16:25,Qwen/Qwen3-8B,MMLU_selected_subjects,conspiracy_746,wordd,0.539,28
2025-12-11 10:17:35,Qwen/Qwen3-8B,MMLU_selected_subjects,conspiracy_973,chara,0.548,28
2025-12-11 10:20:27,Qwen/Qwen3-8B,MMLU_selected_subjects,conspiracy_523,chara,0.535,28
2025-12-11 10:20:45,Qwen/Qwen3-8B,MMLU_selected_subjects,conspiracy_297,wordd,0.571,28
2025-12-11 10:22:07,Qwen/Qwen3-8B,MMLU_selected_subjects,conspiracy_974,clean,0.611,28
2025-12-11 10:22:09,Qwen/Qwen3-8B,MMLU_selected_subjects,conspiracy_746,chara,0.494,28
2025-12-11 10:24:53,Qwen/Qwen3-8B,MMLU_selected_subjects,conspiracy_524,clean,0.600,28
2025-12-11 10:26:28,Qwen/Qwen3-8B,MMLU_selected_subjects,conspiracy_297,chara,0.553,28
2025-12-11 10:26:37,Qwen/Qwen3-8B,MMLU_selected_subjects,conspiracy_747,clean,0.544,28
2025-12-11 10:26:41,Qwen/Qwen3-8B,MMLU_selected_subjects,conspiracy_974,meani,0.618,28
2025-12-11 10:29:21,Qwen/Qwen3-8B,MMLU_selected_subjects,conspiracy_524,meani,0.590,28
2025-12-11 10:31:03,Qwen/Qwen3-8B,MMLU_selected_subjects,conspiracy_747,meani,0.554,28
2025-12-11 10:31:09,Qwen/Qwen3-8B,MMLU_selected_subjects,conspiracy_974,wordd,0.557,28
2025-12-11 10:31:12,Qwen/Qwen3-8B,MMLU_selected_subjects,conspiracy_298,clean,0.579,28
2025-12-11 10:33:48,Qwen/Qwen3-8B,MMLU_selected_subjects,conspiracy_524,wordd,0.592,28
2025-12-11 10:35:30,Qwen/Qwen3-8B,MMLU_selected_subjects,conspiracy_747,wordd,0.539,28
2025-12-11 10:35:53,Qwen/Qwen3-8B,MMLU_selected_subjects,conspiracy_298,meani,0.592,28
2025-12-11 10:35:56,Qwen/Qwen3-8B,MMLU_selected_subjects,conspiracy_974,chara,0.548,28
2025-12-11 10:38:33,Qwen/Qwen3-8B,MMLU_selected_subjects,conspiracy_524,chara,0.582,28
2025-12-11 10:40:20,Qwen/Qwen3-8B,MMLU_selected_subjects,conspiracy_747,chara,0.529,28
2025-12-11 10:40:35,Qwen/Qwen3-8B,MMLU_selected_subjects,conspiracy_975,clean,0.594,28
2025-12-11 10:40:41,Qwen/Qwen3-8B,MMLU_selected_subjects,conspiracy_298,wordd,0.589,28
2025-12-11 10:43:15,Qwen/Qwen3-8B,MMLU_selected_subjects,conspiracy_525,clean,0.612,28
2025-12-11 10:44:55,Qwen/Qwen3-8B,MMLU_selected_subjects,conspiracy_748,clean,0.606,28
2025-12-11 10:45:15,Qwen/Qwen3-8B,MMLU_selected_subjects,conspiracy_975,meani,0.572,28
2025-12-11 10:45:56,Qwen/Qwen3-8B,MMLU_selected_subjects,conspiracy_298,chara,0.545,28
2025-12-11 10:47:57,Qwen/Qwen3-8B,MMLU_selected_subjects,conspiracy_525,meani,0.600,28
2025-12-11 10:49:34,Qwen/Qwen3-8B,MMLU_selected_subjects,conspiracy_748,meani,0.603,28
2025-12-11 10:49:50,Qwen/Qwen3-8B,MMLU_selected_subjects,conspiracy_975,wordd,0.564,28
2025-12-11 10:50:34,Qwen/Qwen3-8B,MMLU_selected_subjects,conspiracy_299,clean,0.591,28
2025-12-11 10:52:43,Qwen/Qwen3-8B,MMLU_selected_subjects,conspiracy_525,wordd,0.576,28
2025-12-11 10:54:15,Qwen/Qwen3-8B,MMLU_selected_subjects,conspiracy_748,wordd,0.578,28
2025-12-11 10:54:50,Qwen/Qwen3-8B,MMLU_selected_subjects,conspiracy_975,chara,0.560,28
2025-12-11 10:55:04,Qwen/Qwen3-8B,MMLU_selected_subjects,conspiracy_299,meani,0.586,28
2025-12-11 10:57:56,Qwen/Qwen3-8B,MMLU_selected_subjects,conspiracy_525,chara,0.555,28
2025-12-11 10:59:09,Qwen/Qwen3-8B,MMLU_selected_subjects,conspiracy_748,chara,0.555,28
2025-12-11 10:59:27,Qwen/Qwen3-8B,MMLU_selected_subjects,conspiracy_976,clean,0.573,28
2025-12-11 10:59:36,Qwen/Qwen3-8B,MMLU_selected_subjects,conspiracy_299,wordd,0.571,28
2025-12-11 11:02:46,Qwen/Qwen3-8B,MMLU_selected_subjects,conspiracy_526,clean,0.613,28
2025-12-11 11:03:48,Qwen/Qwen3-8B,MMLU_selected_subjects,conspiracy_749,clean,0.537,28
2025-12-11 11:04:04,Qwen/Qwen3-8B,MMLU_selected_subjects,conspiracy_976,meani,0.586,28
2025-12-11 11:04:26,Qwen/Qwen3-8B,MMLU_selected_subjects,conspiracy_299,chara,0.546,28
2025-12-11 11:07:35,Qwen/Qwen3-8B,MMLU_selected_subjects,conspiracy_526,meani,0.595,28
2025-12-11 11:08:29,Qwen/Qwen3-8B,MMLU_selected_subjects,conspiracy_749,meani,0.577,28
2025-12-11 11:08:39,Qwen/Qwen3-8B,MMLU_selected_subjects,conspiracy_976,wordd,0.586,28
2025-12-11 11:09:02,Qwen/Qwen3-8B,MMLU_selected_subjects,conspiracy_3,clean,0.564,28
2025-12-11 11:12:24,Qwen/Qwen3-8B,MMLU_selected_subjects,conspiracy_526,wordd,0.581,28
2025-12-11 11:13:08,Qwen/Qwen3-8B,MMLU_selected_subjects,conspiracy_749,wordd,0.555,28
2025-12-11 11:13:40,Qwen/Qwen3-8B,MMLU_selected_subjects,conspiracy_3,meani,0.577,28
2025-12-11 11:13:45,Qwen/Qwen3-8B,MMLU_selected_subjects,conspiracy_976,chara,0.550,28
2025-12-11 11:17:39,Qwen/Qwen3-8B,MMLU_selected_subjects,conspiracy_526,chara,0.598,28
2025-12-11 11:18:04,Qwen/Qwen3-8B,MMLU_selected_subjects,conspiracy_749,chara,0.512,28
2025-12-11 11:18:13,Qwen/Qwen3-8B,MMLU_selected_subjects,conspiracy_977,clean,0.600,28
2025-12-11 11:18:18,Qwen/Qwen3-8B,MMLU_selected_subjects,conspiracy_3,wordd,0.568,28
2025-12-11 11:22:17,Qwen/Qwen3-8B,MMLU_selected_subjects,conspiracy_527,clean,0.567,28
2025-12-11 11:22:40,Qwen/Qwen3-8B,MMLU_selected_subjects,conspiracy_75,clean,0.587,28
2025-12-11 11:22:43,Qwen/Qwen3-8B,MMLU_selected_subjects,conspiracy_977,meani,0.518,28
2025-12-11 11:23:16,Qwen/Qwen3-8B,MMLU_selected_subjects,conspiracy_3,chara,0.577,28
2025-12-11 11:26:54,Qwen/Qwen3-8B,MMLU_selected_subjects,conspiracy_527,meani,0.552,28
2025-12-11 11:27:15,Qwen/Qwen3-8B,MMLU_selected_subjects,conspiracy_977,wordd,0.517,28
2025-12-11 11:27:16,Qwen/Qwen3-8B,MMLU_selected_subjects,conspiracy_75,meani,0.570,28
2025-12-11 11:28:03,Qwen/Qwen3-8B,MMLU_selected_subjects,conspiracy_30,clean,0.596,28
2025-12-11 11:31:30,Qwen/Qwen3-8B,MMLU_selected_subjects,conspiracy_527,wordd,0.559,28
2025-12-11 11:31:49,Qwen/Qwen3-8B,MMLU_selected_subjects,conspiracy_75,wordd,0.518,28
2025-12-11 11:32:01,Qwen/Qwen3-8B,MMLU_selected_subjects,conspiracy_977,chara,0.558,28
2025-12-11 11:32:44,Qwen/Qwen3-8B,MMLU_selected_subjects,conspiracy_30,meani,0.591,28
2025-12-11 11:36:26,Qwen/Qwen3-8B,MMLU_selected_subjects,conspiracy_527,chara,0.551,28
2025-12-11 11:36:37,Qwen/Qwen3-8B,MMLU_selected_subjects,conspiracy_75,chara,0.572,28
2025-12-11 11:36:48,Qwen/Qwen3-8B,MMLU_selected_subjects,conspiracy_978,clean,0.602,28
2025-12-11 11:37:28,Qwen/Qwen3-8B,MMLU_selected_subjects,conspiracy_30,wordd,0.591,28
2025-12-11 11:41:05,Qwen/Qwen3-8B,MMLU_selected_subjects,conspiracy_528,clean,0.616,28
2025-12-11 11:41:17,Qwen/Qwen3-8B,MMLU_selected_subjects,conspiracy_750,clean,0.581,28
2025-12-11 11:41:29,Qwen/Qwen3-8B,MMLU_selected_subjects,conspiracy_978,meani,0.615,28
2025-12-11 11:42:39,Qwen/Qwen3-8B,MMLU_selected_subjects,conspiracy_30,chara,0.558,28
2025-12-11 11:45:43,Qwen/Qwen3-8B,MMLU_selected_subjects,conspiracy_528,meani,0.589,28
2025-12-11 11:45:57,Qwen/Qwen3-8B,MMLU_selected_subjects,conspiracy_750,meani,0.546,28
2025-12-11 11:46:12,Qwen/Qwen3-8B,MMLU_selected_subjects,conspiracy_978,wordd,0.619,28
2025-12-11 11:48:01,Qwen/Qwen3-8B,MMLU_selected_subjects,conspiracy_300,clean,0.641,28
2025-12-11 11:50:22,Qwen/Qwen3-8B,MMLU_selected_subjects,conspiracy_528,wordd,0.574,28
2025-12-11 11:50:36,Qwen/Qwen3-8B,MMLU_selected_subjects,conspiracy_750,wordd,0.538,28
2025-12-11 11:51:13,Qwen/Qwen3-8B,MMLU_selected_subjects,conspiracy_978,chara,0.539,28
2025-12-11 11:53:17,Qwen/Qwen3-8B,MMLU_selected_subjects,conspiracy_300,meani,0.615,28
2025-12-11 11:55:23,Qwen/Qwen3-8B,MMLU_selected_subjects,conspiracy_528,chara,0.554,28
2025-12-11 11:55:33,Qwen/Qwen3-8B,MMLU_selected_subjects,conspiracy_750,chara,0.541,28
2025-12-11 11:55:45,Qwen/Qwen3-8B,MMLU_selected_subjects,conspiracy_979,clean,0.480,28
2025-12-11 11:58:35,Qwen/Qwen3-8B,MMLU_selected_subjects,conspiracy_300,wordd,0.575,28
2025-12-11 12:00:11,Qwen/Qwen3-8B,MMLU_selected_subjects,conspiracy_751,clean,0.582,28
2025-12-11 12:00:20,Qwen/Qwen3-8B,MMLU_selected_subjects,conspiracy_979,meani,0.490,28
2025-12-11 12:00:21,Qwen/Qwen3-8B,MMLU_selected_subjects,conspiracy_529,clean,0.551,28
2025-12-11 12:04:38,Qwen/Qwen3-8B,MMLU_selected_subjects,conspiracy_300,chara,0.567,28
2025-12-11 12:04:46,Qwen/Qwen3-8B,MMLU_selected_subjects,conspiracy_751,meani,0.586,28
2025-12-11 12:04:56,Qwen/Qwen3-8B,MMLU_selected_subjects,conspiracy_979,wordd,0.508,28
2025-12-11 12:05:15,Qwen/Qwen3-8B,MMLU_selected_subjects,conspiracy_529,meani,0.552,28
2025-12-11 12:09:22,Qwen/Qwen3-8B,MMLU_selected_subjects,conspiracy_751,wordd,0.583,28
2025-12-11 12:09:37,Qwen/Qwen3-8B,MMLU_selected_subjects,conspiracy_979,chara,0.384,28
2025-12-11 12:10:09,Qwen/Qwen3-8B,MMLU_selected_subjects,conspiracy_301,clean,0.583,28
2025-12-11 12:10:10,Qwen/Qwen3-8B,MMLU_selected_subjects,conspiracy_529,wordd,0.543,28
2025-12-11 12:14:18,Qwen/Qwen3-8B,MMLU_selected_subjects,conspiracy_751,chara,0.542,28
2025-12-11 12:14:43,Qwen/Qwen3-8B,MMLU_selected_subjects,conspiracy_98,clean,0.548,28
2025-12-11 12:15:29,Qwen/Qwen3-8B,MMLU_selected_subjects,conspiracy_529,chara,0.550,28
2025-12-11 12:15:38,Qwen/Qwen3-8B,MMLU_selected_subjects,conspiracy_301,meani,0.605,28
2025-12-11 12:19:03,Qwen/Qwen3-8B,MMLU_selected_subjects,conspiracy_752,clean,0.622,28
2025-12-11 12:19:52,Qwen/Qwen3-8B,MMLU_selected_subjects,conspiracy_98,meani,0.548,28
2025-12-11 12:20:02,Qwen/Qwen3-8B,MMLU_selected_subjects,conspiracy_53,clean,0.603,28
2025-12-11 12:21:04,Qwen/Qwen3-8B,MMLU_selected_subjects,conspiracy_301,wordd,0.575,28
2025-12-11 12:23:45,Qwen/Qwen3-8B,MMLU_selected_subjects,conspiracy_752,meani,0.582,28
2025-12-11 12:24:30,Qwen/Qwen3-8B,MMLU_selected_subjects,conspiracy_53,meani,0.573,28
2025-12-11 12:24:59,Qwen/Qwen3-8B,MMLU_selected_subjects,conspiracy_98,wordd,0.507,28
2025-12-11 12:27:05,Qwen/Qwen3-8B,MMLU_selected_subjects,conspiracy_301,chara,0.499,28
2025-12-11 12:28:26,Qwen/Qwen3-8B,MMLU_selected_subjects,conspiracy_752,wordd,0.586,28
2025-12-11 12:28:59,Qwen/Qwen3-8B,MMLU_selected_subjects,conspiracy_53,wordd,0.565,28
2025-12-11 12:30:46,Qwen/Qwen3-8B,MMLU_selected_subjects,conspiracy_98,chara,0.524,28
2025-12-11 12:31:42,Qwen/Qwen3-8B,MMLU_selected_subjects,conspiracy_302,clean,0.567,28
2025-12-11 12:33:35,Qwen/Qwen3-8B,MMLU_selected_subjects,conspiracy_752,chara,0.574,28
2025-12-11 12:33:43,Qwen/Qwen3-8B,MMLU_selected_subjects,conspiracy_53,chara,0.553,28
2025-12-11 12:35:24,Qwen/Qwen3-8B,MMLU_selected_subjects,conspiracy_980,clean,0.564,28
2025-12-11 12:36:16,Qwen/Qwen3-8B,MMLU_selected_subjects,conspiracy_302,meani,0.575,28
2025-12-11 12:38:19,Qwen/Qwen3-8B,MMLU_selected_subjects,conspiracy_753,clean,0.502,28
2025-12-11 12:38:32,Qwen/Qwen3-8B,MMLU_selected_subjects,conspiracy_530,clean,0.583,28
2025-12-11 12:40:01,Qwen/Qwen3-8B,MMLU_selected_subjects,conspiracy_980,meani,0.602,28
2025-12-11 12:40:49,Qwen/Qwen3-8B,MMLU_selected_subjects,conspiracy_302,wordd,0.586,28
2025-12-11 12:43:02,Qwen/Qwen3-8B,MMLU_selected_subjects,conspiracy_753,meani,0.585,28
2025-12-11 12:43:19,Qwen/Qwen3-8B,MMLU_selected_subjects,conspiracy_530,meani,0.556,28
2025-12-11 12:44:39,Qwen/Qwen3-8B,MMLU_selected_subjects,conspiracy_980,wordd,0.600,28
2025-12-11 12:45:33,Qwen/Qwen3-8B,MMLU_selected_subjects,conspiracy_302,chara,0.569,28
2025-12-11 12:47:46,Qwen/Qwen3-8B,MMLU_selected_subjects,conspiracy_753,wordd,0.557,28
2025-12-11 12:48:08,Qwen/Qwen3-8B,MMLU_selected_subjects,conspiracy_530,wordd,0.572,28
2025-12-11 12:49:38,Qwen/Qwen3-8B,MMLU_selected_subjects,conspiracy_980,chara,0.551,28
2025-12-11 12:50:43,Qwen/Qwen3-8B,MMLU_selected_subjects,conspiracy_303,clean,0.608,28
2025-12-11 12:53:01,Qwen/Qwen3-8B,MMLU_selected_subjects,conspiracy_753,chara,0.532,28
2025-12-11 12:53:34,Qwen/Qwen3-8B,MMLU_selected_subjects,conspiracy_530,chara,0.539,28
2025-12-11 12:54:20,Qwen/Qwen3-8B,MMLU_selected_subjects,conspiracy_981,clean,0.589,28
2025-12-11 12:55:40,Qwen/Qwen3-8B,MMLU_selected_subjects,conspiracy_303,meani,0.586,28
2025-12-11 12:57:33,Qwen/Qwen3-8B,MMLU_selected_subjects,conspiracy_754,clean,0.552,28
2025-12-11 12:58:03,Qwen/Qwen3-8B,MMLU_selected_subjects,conspiracy_531,clean,0.522,28
2025-12-11 12:59:01,Qwen/Qwen3-8B,MMLU_selected_subjects,conspiracy_981,meani,0.568,28
2025-12-11 13:00:39,Qwen/Qwen3-8B,MMLU_selected_subjects,conspiracy_303,wordd,0.582,28
2025-12-11 13:02:09,Qwen/Qwen3-8B,MMLU_selected_subjects,conspiracy_754,meani,0.567,28
2025-12-11 13:02:36,Qwen/Qwen3-8B,MMLU_selected_subjects,conspiracy_531,meani,0.544,28
2025-12-11 13:03:43,Qwen/Qwen3-8B,MMLU_selected_subjects,conspiracy_981,wordd,0.561,28
2025-12-11 13:06:13,Qwen/Qwen3-8B,MMLU_selected_subjects,conspiracy_303,chara,0.547,28
2025-12-11 13:06:42,Qwen/Qwen3-8B,MMLU_selected_subjects,conspiracy_754,wordd,0.573,28
2025-12-11 13:07:07,Qwen/Qwen3-8B,MMLU_selected_subjects,conspiracy_531,wordd,0.565,28
2025-12-11 13:08:51,Qwen/Qwen3-8B,MMLU_selected_subjects,conspiracy_981,chara,0.536,28
2025-12-11 13:11:06,Qwen/Qwen3-8B,MMLU_selected_subjects,conspiracy_304,clean,0.572,28
2025-12-11 13:11:31,Qwen/Qwen3-8B,MMLU_selected_subjects,conspiracy_754,chara,0.565,28
2025-12-11 13:11:51,Qwen/Qwen3-8B,MMLU_selected_subjects,conspiracy_531,chara,0.537,28
2025-12-11 13:13:21,Qwen/Qwen3-8B,MMLU_selected_subjects,conspiracy_982,clean,0.596,28
2025-12-11 13:16:00,Qwen/Qwen3-8B,MMLU_selected_subjects,conspiracy_304,meani,0.543,28
2025-12-11 13:16:15,Qwen/Qwen3-8B,MMLU_selected_subjects,conspiracy_755,clean,0.575,28
2025-12-11 13:16:36,Qwen/Qwen3-8B,MMLU_selected_subjects,conspiracy_532,clean,0.594,28
2025-12-11 13:17:51,Qwen/Qwen3-8B,MMLU_selected_subjects,conspiracy_982,meani,0.602,28
2025-12-11 13:20:56,Qwen/Qwen3-8B,MMLU_selected_subjects,conspiracy_304,wordd,0.541,28
2025-12-11 13:20:57,Qwen/Qwen3-8B,MMLU_selected_subjects,conspiracy_755,meani,0.594,28
2025-12-11 13:21:20,Qwen/Qwen3-8B,MMLU_selected_subjects,conspiracy_532,meani,0.583,28
2025-12-11 13:22:21,Qwen/Qwen3-8B,MMLU_selected_subjects,conspiracy_982,wordd,0.578,28
2025-12-11 13:25:40,Qwen/Qwen3-8B,MMLU_selected_subjects,conspiracy_755,wordd,0.601,28
2025-12-11 13:26:05,Qwen/Qwen3-8B,MMLU_selected_subjects,conspiracy_532,wordd,0.583,28
2025-12-11 13:26:32,Qwen/Qwen3-8B,MMLU_selected_subjects,conspiracy_304,chara,0.573,28
2025-12-11 13:27:07,Qwen/Qwen3-8B,MMLU_selected_subjects,conspiracy_982,chara,0.558,28
2025-12-11 13:30:42,Qwen/Qwen3-8B,MMLU_selected_subjects,conspiracy_755,chara,0.517,28
2025-12-11 13:31:17,Qwen/Qwen3-8B,MMLU_selected_subjects,conspiracy_305,clean,0.546,28
2025-12-11 13:31:20,Qwen/Qwen3-8B,MMLU_selected_subjects,conspiracy_532,chara,0.582,28
2025-12-11 13:31:51,Qwen/Qwen3-8B,MMLU_selected_subjects,conspiracy_983,clean,0.609,28
2025-12-11 13:35:19,Qwen/Qwen3-8B,MMLU_selected_subjects,conspiracy_756,clean,0.650,28
2025-12-11 13:35:49,Qwen/Qwen3-8B,MMLU_selected_subjects,conspiracy_533,clean,0.595,28
2025-12-11 13:35:56,Qwen/Qwen3-8B,MMLU_selected_subjects,conspiracy_305,meani,0.534,28
2025-12-11 13:36:35,Qwen/Qwen3-8B,MMLU_selected_subjects,conspiracy_983,meani,0.589,28
2025-12-11 13:39:58,Qwen/Qwen3-8B,MMLU_selected_subjects,conspiracy_756,meani,0.616,28
2025-12-11 13:40:19,Qwen/Qwen3-8B,MMLU_selected_subjects,conspiracy_533,meani,0.613,28
2025-12-11 13:40:37,Qwen/Qwen3-8B,MMLU_selected_subjects,conspiracy_305,wordd,0.500,28
2025-12-11 13:41:18,Qwen/Qwen3-8B,MMLU_selected_subjects,conspiracy_983,wordd,0.590,28
2025-12-11 13:44:36,Qwen/Qwen3-8B,MMLU_selected_subjects,conspiracy_756,wordd,0.602,28
2025-12-11 13:44:48,Qwen/Qwen3-8B,MMLU_selected_subjects,conspiracy_533,wordd,0.578,28
2025-12-11 13:45:45,Qwen/Qwen3-8B,MMLU_selected_subjects,conspiracy_305,chara,0.540,28
2025-12-11 13:46:33,Qwen/Qwen3-8B,MMLU_selected_subjects,conspiracy_983,chara,0.544,28
2025-12-11 13:49:27,Qwen/Qwen3-8B,MMLU_selected_subjects,conspiracy_756,chara,0.572,28
2025-12-11 13:49:30,Qwen/Qwen3-8B,MMLU_selected_subjects,conspiracy_533,chara,0.548,28
2025-12-11 13:50:20,Qwen/Qwen3-8B,MMLU_selected_subjects,conspiracy_306,clean,0.563,28
2025-12-11 13:51:33,Qwen/Qwen3-8B,MMLU_selected_subjects,conspiracy_984,clean,0.580,28
2025-12-11 13:54:04,Qwen/Qwen3-8B,MMLU_selected_subjects,conspiracy_534,clean,0.560,28
2025-12-11 13:54:15,Qwen/Qwen3-8B,MMLU_selected_subjects,conspiracy_757,clean,0.488,28
2025-12-11 13:54:53,Qwen/Qwen3-8B,MMLU_selected_subjects,conspiracy_306,meani,0.588,28
2025-12-11 13:56:33,Qwen/Qwen3-8B,MMLU_selected_subjects,conspiracy_984,meani,0.580,28
2025-12-11 13:58:37,Qwen/Qwen3-8B,MMLU_selected_subjects,conspiracy_534,meani,0.575,28
2025-12-11 13:59:01,Qwen/Qwen3-8B,MMLU_selected_subjects,conspiracy_757,meani,0.577,28
2025-12-11 13:59:23,Qwen/Qwen3-8B,MMLU_selected_subjects,conspiracy_306,wordd,0.581,28
2025-12-11 14:01:33,Qwen/Qwen3-8B,MMLU_selected_subjects,conspiracy_984,wordd,0.568,28
2025-12-11 14:03:11,Qwen/Qwen3-8B,MMLU_selected_subjects,conspiracy_534,wordd,0.563,28
2025-12-11 14:03:49,Qwen/Qwen3-8B,MMLU_selected_subjects,conspiracy_757,wordd,0.529,28
2025-12-11 14:04:07,Qwen/Qwen3-8B,MMLU_selected_subjects,conspiracy_306,chara,0.525,28
2025-12-11 14:07:22,Qwen/Qwen3-8B,MMLU_selected_subjects,conspiracy_984,chara,0.521,28
2025-12-11 14:08:04,Qwen/Qwen3-8B,MMLU_selected_subjects,conspiracy_534,chara,0.507,28
2025-12-11 14:08:52,Qwen/Qwen3-8B,MMLU_selected_subjects,conspiracy_307,clean,0.553,28
2025-12-11 14:08:55,Qwen/Qwen3-8B,MMLU_selected_subjects,conspiracy_757,chara,0.415,28
2025-12-11 14:11:56,Qwen/Qwen3-8B,MMLU_selected_subjects,conspiracy_985,clean,0.561,28
2025-12-11 14:12:59,Qwen/Qwen3-8B,MMLU_selected_subjects,conspiracy_535,clean,0.544,28
2025-12-11 14:13:34,Qwen/Qwen3-8B,MMLU_selected_subjects,conspiracy_758,clean,0.560,28
2025-12-11 14:13:39,Qwen/Qwen3-8B,MMLU_selected_subjects,conspiracy_307,meani,0.552,28
2025-12-11 14:16:32,Qwen/Qwen3-8B,MMLU_selected_subjects,conspiracy_985,meani,0.587,28
2025-12-11 14:18:06,Qwen/Qwen3-8B,MMLU_selected_subjects,conspiracy_535,meani,0.574,28
2025-12-11 14:18:15,Qwen/Qwen3-8B,MMLU_selected_subjects,conspiracy_758,meani,0.579,28
2025-12-11 14:18:24,Qwen/Qwen3-8B,MMLU_selected_subjects,conspiracy_307,wordd,0.534,28
2025-12-11 14:21:07,Qwen/Qwen3-8B,MMLU_selected_subjects,conspiracy_985,wordd,0.588,28
2025-12-11 14:22:55,Qwen/Qwen3-8B,MMLU_selected_subjects,conspiracy_758,wordd,0.577,28
2025-12-11 14:23:02,Qwen/Qwen3-8B,MMLU_selected_subjects,conspiracy_535,wordd,0.580,28
2025-12-11 14:23:30,Qwen/Qwen3-8B,MMLU_selected_subjects,conspiracy_307,chara,0.562,28
2025-12-11 14:26:03,Qwen/Qwen3-8B,MMLU_selected_subjects,conspiracy_985,chara,0.527,28
2025-12-11 14:28:00,Qwen/Qwen3-8B,MMLU_selected_subjects,conspiracy_758,chara,0.529,28
2025-12-11 14:28:27,Qwen/Qwen3-8B,MMLU_selected_subjects,conspiracy_308,clean,0.574,28
2025-12-11 14:28:44,Qwen/Qwen3-8B,MMLU_selected_subjects,conspiracy_535,chara,0.531,28
2025-12-11 14:30:35,Qwen/Qwen3-8B,MMLU_selected_subjects,conspiracy_986,clean,0.586,28
2025-12-11 14:32:39,Qwen/Qwen3-8B,MMLU_selected_subjects,conspiracy_759,clean,0.576,28
2025-12-11 14:33:21,Qwen/Qwen3-8B,MMLU_selected_subjects,conspiracy_536,clean,0.610,28
2025-12-11 14:33:26,Qwen/Qwen3-8B,MMLU_selected_subjects,conspiracy_308,meani,0.584,28
2025-12-11 14:35:09,Qwen/Qwen3-8B,MMLU_selected_subjects,conspiracy_986,meani,0.569,28
2025-12-11 14:37:21,Qwen/Qwen3-8B,MMLU_selected_subjects,conspiracy_759,meani,0.565,28
2025-12-11 14:38:01,Qwen/Qwen3-8B,MMLU_selected_subjects,conspiracy_536,meani,0.564,28
2025-12-11 14:38:24,Qwen/Qwen3-8B,MMLU_selected_subjects,conspiracy_308,wordd,0.586,28
2025-12-11 14:39:43,Qwen/Qwen3-8B,MMLU_selected_subjects,conspiracy_986,wordd,0.533,28
2025-12-11 14:42:02,Qwen/Qwen3-8B,MMLU_selected_subjects,conspiracy_759,wordd,0.565,28
2025-12-11 14:42:40,Qwen/Qwen3-8B,MMLU_selected_subjects,conspiracy_536,wordd,0.555,28
2025-12-11 14:44:01,Qwen/Qwen3-8B,MMLU_selected_subjects,conspiracy_308,chara,0.546,28
2025-12-11 14:44:36,Qwen/Qwen3-8B,MMLU_selected_subjects,conspiracy_986,chara,0.526,28
2025-12-11 14:47:10,Qwen/Qwen3-8B,MMLU_selected_subjects,conspiracy_759,chara,0.558,28
2025-12-11 14:47:40,Qwen/Qwen3-8B,MMLU_selected_subjects,conspiracy_536,chara,0.550,28
2025-12-11 14:49:12,Qwen/Qwen3-8B,MMLU_selected_subjects,conspiracy_309,clean,0.567,28
2025-12-11 14:49:26,Qwen/Qwen3-8B,MMLU_selected_subjects,conspiracy_987,clean,0.540,28
2025-12-11 14:51:43,Qwen/Qwen3-8B,MMLU_selected_subjects,conspiracy_76,clean,0.567,28
2025-12-11 14:52:17,Qwen/Qwen3-8B,MMLU_selected_subjects,conspiracy_537,clean,0.576,28
2025-12-11 14:54:15,Qwen/Qwen3-8B,MMLU_selected_subjects,conspiracy_987,meani,0.542,28
2025-12-11 14:54:24,Qwen/Qwen3-8B,MMLU_selected_subjects,conspiracy_309,meani,0.559,28
2025-12-11 14:56:20,Qwen/Qwen3-8B,MMLU_selected_subjects,conspiracy_76,meani,0.551,28
2025-12-11 14:57:00,Qwen/Qwen3-8B,MMLU_selected_subjects,conspiracy_537,meani,0.574,28
2025-12-11 14:59:15,Qwen/Qwen3-8B,MMLU_selected_subjects,conspiracy_987,wordd,0.546,28
2025-12-11 14:59:45,Qwen/Qwen3-8B,MMLU_selected_subjects,conspiracy_309,wordd,0.556,28
2025-12-11 15:00:59,Qwen/Qwen3-8B,MMLU_selected_subjects,conspiracy_76,wordd,0.553,28
2025-12-11 15:01:43,Qwen/Qwen3-8B,MMLU_selected_subjects,conspiracy_537,wordd,0.571,28
2025-12-11 15:04:43,Qwen/Qwen3-8B,MMLU_selected_subjects,conspiracy_987,chara,0.526,28
2025-12-11 15:05:43,Qwen/Qwen3-8B,MMLU_selected_subjects,conspiracy_309,chara,0.533,28
2025-12-11 15:05:46,Qwen/Qwen3-8B,MMLU_selected_subjects,conspiracy_76,chara,0.536,28
2025-12-11 15:06:37,Qwen/Qwen3-8B,MMLU_selected_subjects,conspiracy_537,chara,0.521,28
2025-12-11 15:09:23,Qwen/Qwen3-8B,MMLU_selected_subjects,conspiracy_988,clean,0.565,28
2025-12-11 15:10:20,Qwen/Qwen3-8B,MMLU_selected_subjects,conspiracy_760,clean,0.599,28
2025-12-11 15:10:28,Qwen/Qwen3-8B,MMLU_selected_subjects,conspiracy_31,clean,0.580,28
2025-12-11 15:11:23,Qwen/Qwen3-8B,MMLU_selected_subjects,conspiracy_538,clean,0.460,28
2025-12-11 15:14:06,Qwen/Qwen3-8B,MMLU_selected_subjects,conspiracy_988,meani,0.596,28
2025-12-11 15:14:53,Qwen/Qwen3-8B,MMLU_selected_subjects,conspiracy_760,meani,0.615,28
2025-12-11 15:15:12,Qwen/Qwen3-8B,MMLU_selected_subjects,conspiracy_31,meani,0.601,28
2025-12-11 15:16:09,Qwen/Qwen3-8B,MMLU_selected_subjects,conspiracy_538,meani,0.500,28
2025-12-11 15:18:49,Qwen/Qwen3-8B,MMLU_selected_subjects,conspiracy_988,wordd,0.592,28
2025-12-11 15:19:26,Qwen/Qwen3-8B,MMLU_selected_subjects,conspiracy_760,wordd,0.615,28
2025-12-11 15:20:03,Qwen/Qwen3-8B,MMLU_selected_subjects,conspiracy_31,wordd,0.581,28
2025-12-11 15:20:55,Qwen/Qwen3-8B,MMLU_selected_subjects,conspiracy_538,wordd,0.498,28
2025-12-11 15:23:58,Qwen/Qwen3-8B,MMLU_selected_subjects,conspiracy_988,chara,0.543,28
2025-12-11 15:24:14,Qwen/Qwen3-8B,MMLU_selected_subjects,conspiracy_760,chara,0.538,28
2025-12-11 15:25:13,Qwen/Qwen3-8B,MMLU_selected_subjects,conspiracy_31,chara,0.586,28
2025-12-11 15:26:16,Qwen/Qwen3-8B,MMLU_selected_subjects,conspiracy_538,chara,0.331,28
2025-12-11 15:28:53,Qwen/Qwen3-8B,MMLU_selected_subjects,conspiracy_761,clean,0.603,28
2025-12-11 15:28:58,Qwen/Qwen3-8B,MMLU_selected_subjects,conspiracy_989,clean,0.586,28
2025-12-11 15:29:57,Qwen/Qwen3-8B,MMLU_selected_subjects,conspiracy_310,clean,0.569,28
2025-12-11 15:31:06,Qwen/Qwen3-8B,MMLU_selected_subjects,conspiracy_539,clean,0.515,28
2025-12-11 15:33:31,Qwen/Qwen3-8B,MMLU_selected_subjects,conspiracy_761,meani,0.612,28
2025-12-11 15:33:58,Qwen/Qwen3-8B,MMLU_selected_subjects,conspiracy_989,meani,0.607,28
2025-12-11 15:34:38,Qwen/Qwen3-8B,MMLU_selected_subjects,conspiracy_310,meani,0.568,28
2025-12-11 15:35:57,Qwen/Qwen3-8B,MMLU_selected_subjects,conspiracy_539,meani,0.573,28
2025-12-11 15:38:12,Qwen/Qwen3-8B,MMLU_selected_subjects,conspiracy_761,wordd,0.597,28
2025-12-11 15:39:02,Qwen/Qwen3-8B,MMLU_selected_subjects,conspiracy_989,wordd,0.577,28
2025-12-11 15:39:20,Qwen/Qwen3-8B,MMLU_selected_subjects,conspiracy_310,wordd,0.565,28
2025-12-11 15:40:48,Qwen/Qwen3-8B,MMLU_selected_subjects,conspiracy_539,wordd,0.576,28
2025-12-11 15:43:09,Qwen/Qwen3-8B,MMLU_selected_subjects,conspiracy_761,chara,0.514,28
2025-12-11 15:44:24,Qwen/Qwen3-8B,MMLU_selected_subjects,conspiracy_310,chara,0.554,28
2025-12-11 15:44:37,Qwen/Qwen3-8B,MMLU_selected_subjects,conspiracy_989,chara,0.532,28
2025-12-11 15:46:08,Qwen/Qwen3-8B,MMLU_selected_subjects,conspiracy_539,chara,0.561,28
2025-12-11 15:48:14,Qwen/Qwen3-8B,MMLU_selected_subjects,conspiracy_762,clean,0.554,28
2025-12-11 15:49:06,Qwen/Qwen3-8B,MMLU_selected_subjects,conspiracy_99,clean,0.565,28
2025-12-11 15:49:08,Qwen/Qwen3-8B,MMLU_selected_subjects,conspiracy_311,clean,0.565,28
2025-12-11 15:50:47,Qwen/Qwen3-8B,MMLU_selected_subjects,conspiracy_54,clean,0.595,28
2025-12-11 15:53:18,Qwen/Qwen3-8B,MMLU_selected_subjects,conspiracy_762,meani,0.541,28
2025-12-11 15:53:35,Qwen/Qwen3-8B,MMLU_selected_subjects,conspiracy_99,meani,0.580,28
2025-12-11 15:53:50,Qwen/Qwen3-8B,MMLU_selected_subjects,conspiracy_311,meani,0.591,28
2025-12-11 15:55:24,Qwen/Qwen3-8B,MMLU_selected_subjects,conspiracy_54,meani,0.542,28
2025-12-11 15:58:05,Qwen/Qwen3-8B,MMLU_selected_subjects,conspiracy_99,wordd,0.565,28
2025-12-11 15:58:22,Qwen/Qwen3-8B,MMLU_selected_subjects,conspiracy_762,wordd,0.526,28
2025-12-11 15:58:35,Qwen/Qwen3-8B,MMLU_selected_subjects,conspiracy_311,wordd,0.577,28
2025-12-11 16:00:01,Qwen/Qwen3-8B,MMLU_selected_subjects,conspiracy_54,wordd,0.569,28
2025-12-11 16:02:47,Qwen/Qwen3-8B,MMLU_selected_subjects,conspiracy_99,chara,0.561,28
2025-12-11 16:03:38,Qwen/Qwen3-8B,MMLU_selected_subjects,conspiracy_311,chara,0.527,28
2025-12-11 16:03:56,Qwen/Qwen3-8B,MMLU_selected_subjects,conspiracy_762,chara,0.482,28
2025-12-11 16:05:00,Qwen/Qwen3-8B,MMLU_selected_subjects,conspiracy_54,chara,0.543,28
2025-12-11 16:08:08,Qwen/Qwen3-8B,MMLU_selected_subjects,conspiracy_990,clean,0.559,28
2025-12-11 16:09:36,Qwen/Qwen3-8B,MMLU_selected_subjects,conspiracy_312,clean,0.590,28
2025-12-11 16:09:38,Qwen/Qwen3-8B,MMLU_selected_subjects,conspiracy_763,clean,0.603,28
2025-12-11 16:10:59,Qwen/Qwen3-8B,MMLU_selected_subjects,conspiracy_540,clean,0.555,28
2025-12-11 16:14:27,Qwen/Qwen3-8B,MMLU_selected_subjects,conspiracy_990,meani,0.560,28
2025-12-11 16:15:49,Qwen/Qwen3-8B,MMLU_selected_subjects,conspiracy_763,meani,0.612,28
2025-12-11 16:16:09,Qwen/Qwen3-8B,MMLU_selected_subjects,conspiracy_312,meani,0.548,28
2025-12-11 16:16:56,Qwen/Qwen3-8B,MMLU_selected_subjects,conspiracy_540,meani,0.555,28
2025-12-11 16:21:02,Qwen/Qwen3-8B,MMLU_selected_subjects,conspiracy_990,wordd,0.569,28
2025-12-11 16:22:04,Qwen/Qwen3-8B,MMLU_selected_subjects,conspiracy_763,wordd,0.582,28
2025-12-11 16:22:28,Qwen/Qwen3-8B,MMLU_selected_subjects,conspiracy_312,wordd,0.542,28
2025-12-11 16:22:41,Qwen/Qwen3-8B,MMLU_selected_subjects,conspiracy_540,wordd,0.519,28
2025-12-11 16:26:19,Qwen/Qwen3-8B,MMLU_selected_subjects,conspiracy_990,chara,0.539,28
2025-12-11 16:27:03,Qwen/Qwen3-8B,MMLU_selected_subjects,conspiracy_763,chara,0.577,28
2025-12-11 16:27:21,Qwen/Qwen3-8B,MMLU_selected_subjects,conspiracy_540,chara,0.564,28
2025-12-11 16:27:52,Qwen/Qwen3-8B,MMLU_selected_subjects,conspiracy_312,chara,0.558,28
2025-12-11 16:31:10,Qwen/Qwen3-8B,MMLU_selected_subjects,conspiracy_991,clean,0.576,28
2025-12-11 16:31:40,Qwen/Qwen3-8B,MMLU_selected_subjects,conspiracy_764,clean,0.561,28
2025-12-11 16:31:49,Qwen/Qwen3-8B,MMLU_selected_subjects,conspiracy_541,clean,0.583,28
2025-12-11 16:33:01,Qwen/Qwen3-8B,MMLU_selected_subjects,conspiracy_313,clean,0.585,28
2025-12-11 16:36:20,Qwen/Qwen3-8B,MMLU_selected_subjects,conspiracy_991,meani,0.577,28
2025-12-11 16:36:41,Qwen/Qwen3-8B,MMLU_selected_subjects,conspiracy_764,meani,0.567,28
2025-12-11 16:36:42,Qwen/Qwen3-8B,MMLU_selected_subjects,conspiracy_541,meani,0.531,28
2025-12-11 16:38:32,Qwen/Qwen3-8B,MMLU_selected_subjects,conspiracy_313,meani,0.582,28
2025-12-11 16:41:04,Qwen/Qwen3-8B,MMLU_selected_subjects,conspiracy_991,wordd,0.567,28
2025-12-11 16:41:08,Qwen/Qwen3-8B,MMLU_selected_subjects,conspiracy_541,wordd,0.585,28
2025-12-11 16:41:16,Qwen/Qwen3-8B,MMLU_selected_subjects,conspiracy_764,wordd,0.529,28
2025-12-11 16:43:41,Qwen/Qwen3-8B,MMLU_selected_subjects,conspiracy_313,wordd,0.595,28
2025-12-11 16:45:49,Qwen/Qwen3-8B,MMLU_selected_subjects,conspiracy_541,chara,0.528,28
2025-12-11 16:46:12,Qwen/Qwen3-8B,MMLU_selected_subjects,conspiracy_991,chara,0.564,28
2025-12-11 16:46:14,Qwen/Qwen3-8B,MMLU_selected_subjects,conspiracy_764,chara,0.560,28
2025-12-11 16:49:39,Qwen/Qwen3-8B,MMLU_selected_subjects,conspiracy_313,chara,0.488,28
2025-12-11 16:50:47,Qwen/Qwen3-8B,MMLU_selected_subjects,conspiracy_542,clean,0.585,28
2025-12-11 16:51:09,Qwen/Qwen3-8B,MMLU_selected_subjects,conspiracy_765,clean,0.595,28
2025-12-11 16:51:35,Qwen/Qwen3-8B,MMLU_selected_subjects,conspiracy_992,clean,0.585,28
2025-12-11 16:54:43,Qwen/Qwen3-8B,MMLU_selected_subjects,conspiracy_314,clean,0.556,28
2025-12-11 16:55:36,Qwen/Qwen3-8B,MMLU_selected_subjects,conspiracy_542,meani,0.591,28
2025-12-11 16:55:58,Qwen/Qwen3-8B,MMLU_selected_subjects,conspiracy_765,meani,0.592,28
2025-12-11 16:56:34,Qwen/Qwen3-8B,MMLU_selected_subjects,conspiracy_992,meani,0.580,28
2025-12-11 16:59:30,Qwen/Qwen3-8B,MMLU_selected_subjects,conspiracy_314,meani,0.585,28
2025-12-11 17:00:14,Qwen/Qwen3-8B,MMLU_selected_subjects,conspiracy_542,wordd,0.567,28
2025-12-11 17:00:33,Qwen/Qwen3-8B,MMLU_selected_subjects,conspiracy_765,wordd,0.577,28
2025-12-11 17:01:34,Qwen/Qwen3-8B,MMLU_selected_subjects,conspiracy_992,wordd,0.550,28
2025-12-11 17:04:09,Qwen/Qwen3-8B,MMLU_selected_subjects,conspiracy_314,wordd,0.593,28
2025-12-11 17:05:03,Qwen/Qwen3-8B,MMLU_selected_subjects,conspiracy_542,chara,0.566,28
2025-12-11 17:05:13,Qwen/Qwen3-8B,MMLU_selected_subjects,conspiracy_765,chara,0.567,28
2025-12-11 17:06:56,Qwen/Qwen3-8B,MMLU_selected_subjects,conspiracy_992,chara,0.513,28
2025-12-11 17:09:06,Qwen/Qwen3-8B,MMLU_selected_subjects,conspiracy_314,chara,0.555,28
2025-12-11 17:09:36,Qwen/Qwen3-8B,MMLU_selected_subjects,conspiracy_543,clean,0.606,28
2025-12-11 17:09:52,Qwen/Qwen3-8B,MMLU_selected_subjects,conspiracy_766,clean,0.603,28
2025-12-11 17:11:39,Qwen/Qwen3-8B,MMLU_selected_subjects,conspiracy_993,clean,0.580,28
2025-12-11 17:13:47,Qwen/Qwen3-8B,MMLU_selected_subjects,conspiracy_315,clean,0.583,28
2025-12-11 17:14:09,Qwen/Qwen3-8B,MMLU_selected_subjects,conspiracy_543,meani,0.591,28
2025-12-11 17:14:31,Qwen/Qwen3-8B,MMLU_selected_subjects,conspiracy_766,meani,0.604,28
2025-12-11 17:16:21,Qwen/Qwen3-8B,MMLU_selected_subjects,conspiracy_993,meani,0.571,28
2025-12-11 17:18:29,Qwen/Qwen3-8B,MMLU_selected_subjects,conspiracy_315,meani,0.583,28
2025-12-11 17:18:41,Qwen/Qwen3-8B,MMLU_selected_subjects,conspiracy_543,wordd,0.598,28
2025-12-11 17:19:10,Qwen/Qwen3-8B,MMLU_selected_subjects,conspiracy_766,wordd,0.600,28
2025-12-11 17:21:02,Qwen/Qwen3-8B,MMLU_selected_subjects,conspiracy_993,wordd,0.563,28
2025-12-11 17:23:10,Qwen/Qwen3-8B,MMLU_selected_subjects,conspiracy_315,wordd,0.586,28
2025-12-11 17:23:32,Qwen/Qwen3-8B,MMLU_selected_subjects,conspiracy_543,chara,0.534,28
2025-12-11 17:24:18,Qwen/Qwen3-8B,MMLU_selected_subjects,conspiracy_766,chara,0.526,28
2025-12-11 17:26:10,Qwen/Qwen3-8B,MMLU_selected_subjects,conspiracy_993,chara,0.564,28
2025-12-11 17:28:02,Qwen/Qwen3-8B,MMLU_selected_subjects,conspiracy_544,clean,0.547,28
2025-12-11 17:28:13,Qwen/Qwen3-8B,MMLU_selected_subjects,conspiracy_315,chara,0.557,28
2025-12-11 17:29:06,Qwen/Qwen3-8B,MMLU_selected_subjects,conspiracy_767,clean,0.570,28
2025-12-11 17:30:53,Qwen/Qwen3-8B,MMLU_selected_subjects,conspiracy_994,clean,0.595,28
2025-12-11 17:32:32,Qwen/Qwen3-8B,MMLU_selected_subjects,conspiracy_544,meani,0.581,28
2025-12-11 17:32:47,Qwen/Qwen3-8B,MMLU_selected_subjects,conspiracy_316,clean,0.571,28
2025-12-11 17:33:55,Qwen/Qwen3-8B,MMLU_selected_subjects,conspiracy_767,meani,0.543,28
2025-12-11 17:35:35,Qwen/Qwen3-8B,MMLU_selected_subjects,conspiracy_994,meani,0.571,28
2025-12-11 17:37:01,Qwen/Qwen3-8B,MMLU_selected_subjects,conspiracy_544,wordd,0.577,28
2025-12-11 17:37:27,Qwen/Qwen3-8B,MMLU_selected_subjects,conspiracy_316,meani,0.591,28
2025-12-11 17:38:42,Qwen/Qwen3-8B,MMLU_selected_subjects,conspiracy_767,wordd,0.532,28
2025-12-11 17:40:17,Qwen/Qwen3-8B,MMLU_selected_subjects,conspiracy_994,wordd,0.579,28
2025-12-11 17:41:42,Qwen/Qwen3-8B,MMLU_selected_subjects,conspiracy_544,chara,0.539,28
2025-12-11 17:42:01,Qwen/Qwen3-8B,MMLU_selected_subjects,conspiracy_316,wordd,0.604,28
2025-12-11 17:43:58,Qwen/Qwen3-8B,MMLU_selected_subjects,conspiracy_767,chara,0.532,28
2025-12-11 17:45:26,Qwen/Qwen3-8B,MMLU_selected_subjects,conspiracy_994,chara,0.577,28
2025-12-11 17:46:07,Qwen/Qwen3-8B,MMLU_selected_subjects,conspiracy_545,clean,0.609,28
2025-12-11 17:46:49,Qwen/Qwen3-8B,MMLU_selected_subjects,conspiracy_316,chara,0.560,28
2025-12-11 17:48:38,Qwen/Qwen3-8B,MMLU_selected_subjects,conspiracy_768,clean,0.588,28
2025-12-11 17:50:05,Qwen/Qwen3-8B,MMLU_selected_subjects,conspiracy_995,clean,0.577,28
2025-12-11 17:50:34,Qwen/Qwen3-8B,MMLU_selected_subjects,conspiracy_545,meani,0.618,28
2025-12-11 17:51:27,Qwen/Qwen3-8B,MMLU_selected_subjects,conspiracy_317,clean,0.614,28
2025-12-11 17:53:15,Qwen/Qwen3-8B,MMLU_selected_subjects,conspiracy_768,meani,0.565,28
2025-12-11 17:54:44,Qwen/Qwen3-8B,MMLU_selected_subjects,conspiracy_995,meani,0.565,28
2025-12-11 17:55:00,Qwen/Qwen3-8B,MMLU_selected_subjects,conspiracy_545,wordd,0.622,28
2025-12-11 17:56:04,Qwen/Qwen3-8B,MMLU_selected_subjects,conspiracy_317,meani,0.596,28
2025-12-11 17:57:54,Qwen/Qwen3-8B,MMLU_selected_subjects,conspiracy_768,wordd,0.578,28
2025-12-11 17:59:31,Qwen/Qwen3-8B,MMLU_selected_subjects,conspiracy_995,wordd,0.574,28
2025-12-11 17:59:41,Qwen/Qwen3-8B,MMLU_selected_subjects,conspiracy_545,chara,0.592,28
2025-12-11 18:00:42,Qwen/Qwen3-8B,MMLU_selected_subjects,conspiracy_317,wordd,0.567,28
2025-12-11 18:02:59,Qwen/Qwen3-8B,MMLU_selected_subjects,conspiracy_768,chara,0.547,28
2025-12-11 18:04:28,Qwen/Qwen3-8B,MMLU_selected_subjects,conspiracy_546,clean,0.563,28
2025-12-11 18:04:35,Qwen/Qwen3-8B,MMLU_selected_subjects,conspiracy_995,chara,0.564,28
2025-12-11 18:05:43,Qwen/Qwen3-8B,MMLU_selected_subjects,conspiracy_317,chara,0.530,28
2025-12-11 18:07:29,Qwen/Qwen3-8B,MMLU_selected_subjects,conspiracy_769,clean,0.588,28
2025-12-11 18:09:12,Qwen/Qwen3-8B,MMLU_selected_subjects,conspiracy_546,meani,0.579,28
2025-12-11 18:09:15,Qwen/Qwen3-8B,MMLU_selected_subjects,conspiracy_996,clean,0.582,28
2025-12-11 18:10:37,Qwen/Qwen3-8B,MMLU_selected_subjects,conspiracy_318,clean,0.590,28
2025-12-11 18:11:58,Qwen/Qwen3-8B,MMLU_selected_subjects,conspiracy_769,meani,0.546,28
2025-12-11 18:13:53,Qwen/Qwen3-8B,MMLU_selected_subjects,conspiracy_996,meani,0.550,28
2025-12-11 18:13:57,Qwen/Qwen3-8B,MMLU_selected_subjects,conspiracy_546,wordd,0.580,28
2025-12-11 18:15:30,Qwen/Qwen3-8B,MMLU_selected_subjects,conspiracy_318,meani,0.545,28
2025-12-11 18:16:28,Qwen/Qwen3-8B,MMLU_selected_subjects,conspiracy_769,wordd,0.549,28
2025-12-11 18:18:39,Qwen/Qwen3-8B,MMLU_selected_subjects,conspiracy_996,wordd,0.579,28
2025-12-11 18:19:15,Qwen/Qwen3-8B,MMLU_selected_subjects,conspiracy_546,chara,0.546,28
2025-12-11 18:20:23,Qwen/Qwen3-8B,MMLU_selected_subjects,conspiracy_318,wordd,0.558,28
2025-12-11 18:21:18,Qwen/Qwen3-8B,MMLU_selected_subjects,conspiracy_769,chara,0.506,28
2025-12-11 18:23:43,Qwen/Qwen3-8B,MMLU_selected_subjects,conspiracy_547,clean,0.587,28
2025-12-11 18:23:47,Qwen/Qwen3-8B,MMLU_selected_subjects,conspiracy_996,chara,0.512,28
2025-12-11 18:25:52,Qwen/Qwen3-8B,MMLU_selected_subjects,conspiracy_318,chara,0.567,28
2025-12-11 18:25:52,Qwen/Qwen3-8B,MMLU_selected_subjects,conspiracy_77,clean,0.595,28
2025-12-11 18:28:12,Qwen/Qwen3-8B,MMLU_selected_subjects,conspiracy_547,meani,0.580,28
2025-12-11 18:28:15,Qwen/Qwen3-8B,MMLU_selected_subjects,conspiracy_997,clean,0.589,28
2025-12-11 18:30:27,Qwen/Qwen3-8B,MMLU_selected_subjects,conspiracy_77,meani,0.539,28
2025-12-11 18:30:32,Qwen/Qwen3-8B,MMLU_selected_subjects,conspiracy_319,clean,0.568,28
2025-12-11 18:32:42,Qwen/Qwen3-8B,MMLU_selected_subjects,conspiracy_547,wordd,0.576,28
2025-12-11 18:32:47,Qwen/Qwen3-8B,MMLU_selected_subjects,conspiracy_997,meani,0.586,28
2025-12-11 18:35:03,Qwen/Qwen3-8B,MMLU_selected_subjects,conspiracy_77,wordd,0.512,28
2025-12-11 18:35:11,Qwen/Qwen3-8B,MMLU_selected_subjects,conspiracy_319,meani,0.587,28
2025-12-11 18:37:17,Qwen/Qwen3-8B,MMLU_selected_subjects,conspiracy_997,wordd,0.539,28
2025-12-11 18:37:36,Qwen/Qwen3-8B,MMLU_selected_subjects,conspiracy_547,chara,0.519,28
2025-12-11 18:39:48,Qwen/Qwen3-8B,MMLU_selected_subjects,conspiracy_319,wordd,0.561,28
2025-12-11 18:40:06,Qwen/Qwen3-8B,MMLU_selected_subjects,conspiracy_77,chara,0.536,28
2025-12-11 18:42:07,Qwen/Qwen3-8B,MMLU_selected_subjects,conspiracy_997,chara,0.506,28
2025-12-11 18:42:24,Qwen/Qwen3-8B,MMLU_selected_subjects,conspiracy_548,clean,0.564,28
2025-12-11 18:44:39,Qwen/Qwen3-8B,MMLU_selected_subjects,conspiracy_319,chara,0.568,28
2025-12-11 18:44:42,Qwen/Qwen3-8B,MMLU_selected_subjects,conspiracy_770,clean,0.618,28
2025-12-11 18:46:41,Qwen/Qwen3-8B,MMLU_selected_subjects,conspiracy_998,clean,0.563,28
2025-12-11 18:47:10,Qwen/Qwen3-8B,MMLU_selected_subjects,conspiracy_548,meani,0.584,28
2025-12-11 18:49:14,Qwen/Qwen3-8B,MMLU_selected_subjects,conspiracy_770,meani,0.601,28
2025-12-11 18:49:25,Qwen/Qwen3-8B,MMLU_selected_subjects,conspiracy_32,clean,0.599,28
2025-12-11 18:51:15,Qwen/Qwen3-8B,MMLU_selected_subjects,conspiracy_998,meani,0.570,28
2025-12-11 18:51:57,Qwen/Qwen3-8B,MMLU_selected_subjects,conspiracy_548,wordd,0.541,28
2025-12-11 18:53:47,Qwen/Qwen3-8B,MMLU_selected_subjects,conspiracy_770,wordd,0.585,28
2025-12-11 18:54:10,Qwen/Qwen3-8B,MMLU_selected_subjects,conspiracy_32,meani,0.586,28
2025-12-11 18:55:50,Qwen/Qwen3-8B,MMLU_selected_subjects,conspiracy_998,wordd,0.590,28
2025-12-11 18:57:15,Qwen/Qwen3-8B,MMLU_selected_subjects,conspiracy_548,chara,0.545,28
2025-12-11 18:58:37,Qwen/Qwen3-8B,MMLU_selected_subjects,conspiracy_770,chara,0.540,28
2025-12-11 18:58:54,Qwen/Qwen3-8B,MMLU_selected_subjects,conspiracy_32,wordd,0.607,28
2025-12-11 19:00:45,Qwen/Qwen3-8B,MMLU_selected_subjects,conspiracy_998,chara,0.519,28
2025-12-11 19:03:19,Qwen/Qwen3-8B,MMLU_selected_subjects,conspiracy_771,clean,0.559,28
2025-12-11 19:04:02,Qwen/Qwen3-8B,MMLU_selected_subjects,conspiracy_32,chara,0.532,28
2025-12-11 19:05:33,Qwen/Qwen3-8B,MMLU_selected_subjects,conspiracy_999,clean,0.546,28
2025-12-11 19:08:02,Qwen/Qwen3-8B,MMLU_selected_subjects,conspiracy_771,meani,0.573,28
2025-12-11 19:08:44,Qwen/Qwen3-8B,MMLU_selected_subjects,conspiracy_320,clean,0.602,28
2025-12-11 19:10:22,Qwen/Qwen3-8B,MMLU_selected_subjects,conspiracy_999,meani,0.547,28
2025-12-11 19:12:46,Qwen/Qwen3-8B,MMLU_selected_subjects,conspiracy_771,wordd,0.575,28
2025-12-11 19:13:26,Qwen/Qwen3-8B,MMLU_selected_subjects,conspiracy_320,meani,0.608,28
2025-12-11 19:15:13,Qwen/Qwen3-8B,MMLU_selected_subjects,conspiracy_999,wordd,0.555,28
2025-12-11 19:18:03,Qwen/Qwen3-8B,MMLU_selected_subjects,conspiracy_771,chara,0.529,28
2025-12-11 19:18:13,Qwen/Qwen3-8B,MMLU_selected_subjects,conspiracy_320,wordd,0.577,28
2025-12-11 19:20:40,Qwen/Qwen3-8B,MMLU_selected_subjects,conspiracy_999,chara,0.532,28
2025-12-11 19:23:04,Qwen/Qwen3-8B,MMLU_selected_subjects,conspiracy_772,clean,0.599,28
2025-12-11 19:23:22,Qwen/Qwen3-8B,MMLU_selected_subjects,conspiracy_320,chara,0.537,28
2025-12-11 19:27:58,Qwen/Qwen3-8B,MMLU_selected_subjects,conspiracy_321,clean,0.596,28
2025-12-11 19:28:05,Qwen/Qwen3-8B,MMLU_selected_subjects,conspiracy_772,meani,0.562,28
2025-12-11 19:32:36,Qwen/Qwen3-8B,MMLU_selected_subjects,conspiracy_321,meani,0.594,28
2025-12-11 19:33:14,Qwen/Qwen3-8B,MMLU_selected_subjects,conspiracy_772,wordd,0.549,28
2025-12-11 19:37:06,Qwen/Qwen3-8B,MMLU_selected_subjects,conspiracy_321,wordd,0.576,28
2025-12-11 19:38:37,Qwen/Qwen3-8B,MMLU_selected_subjects,conspiracy_772,chara,0.537,28
2025-12-11 19:41:50,Qwen/Qwen3-8B,MMLU_selected_subjects,conspiracy_321,chara,0.537,28
2025-12-11 19:43:06,Qwen/Qwen3-8B,MMLU_selected_subjects,conspiracy_773,clean,0.580,28
2025-12-11 19:46:19,Qwen/Qwen3-8B,MMLU_selected_subjects,conspiracy_322,clean,0.594,28
2025-12-11 19:47:33,Qwen/Qwen3-8B,MMLU_selected_subjects,conspiracy_773,meani,0.545,28
2025-12-11 19:50:48,Qwen/Qwen3-8B,MMLU_selected_subjects,conspiracy_322,meani,0.581,28
2025-12-11 19:52:00,Qwen/Qwen3-8B,MMLU_selected_subjects,conspiracy_773,wordd,0.565,28
2025-12-11 19:55:16,Qwen/Qwen3-8B,MMLU_selected_subjects,conspiracy_322,wordd,0.560,28
2025-12-11 19:56:38,Qwen/Qwen3-8B,MMLU_selected_subjects,conspiracy_773,chara,0.541,28
2025-12-11 20:00:02,Qwen/Qwen3-8B,MMLU_selected_subjects,conspiracy_322,chara,0.550,28
