timestamp,model_name,test_name,context_title,context_type,accuracy,seed
2025-12-01 16:35:55,Qwen/Qwen3-8B,MMLU_selected_subjects,"10,000_BC_(TV_series)",clean,0.591,28
2025-12-01 16:42:29,Qwen/Qwen3-8B,MMLU_selected_subjects,"10,000_BC_(TV_series)",meani,0.595,28
2025-12-01 16:47:59,Qwen/Qwen3-8B,MMLU_selected_subjects,"10,000_BC_(TV_series)",wordd,0.577,28
2025-12-01 16:48:05,Qwen/Qwen3-8B,MMLU_selected_subjects,Kannada_(Unicode_block),clean,0.583,28
2025-12-01 16:53:04,Qwen/Qwen3-8B,MMLU_selected_subjects,Kannada_(Unicode_block),meani,0.604,28
2025-12-01 16:53:28,Qwen/Qwen3-8B,MMLU_selected_subjects,"10,000_BC_(TV_series)",chara,0.535,28
2025-12-01 16:58:02,Qwen/Qwen3-8B,MMLU_selected_subjects,Kannada_(Unicode_block),wordd,0.613,28
2025-12-01 16:58:19,Qwen/Qwen3-8B,MMLU_selected_subjects,128_Lit,clean,0.583,28
2025-12-01 17:03:10,Qwen/Qwen3-8B,MMLU_selected_subjects,128_Lit,meani,0.601,28
2025-12-01 17:03:17,Qwen/Qwen3-8B,MMLU_selected_subjects,Kannada_(Unicode_block),chara,0.531,28
2025-12-01 17:08:03,Qwen/Qwen3-8B,MMLU_selected_subjects,128_Lit,wordd,0.587,28
2025-12-01 17:08:19,Qwen/Qwen3-8B,MMLU_selected_subjects,Karatia_Union,clean,0.548,28
2025-12-01 17:13:14,Qwen/Qwen3-8B,MMLU_selected_subjects,Karatia_Union,meani,0.589,28
2025-12-01 17:13:24,Qwen/Qwen3-8B,MMLU_selected_subjects,128_Lit,chara,0.534,28
2025-12-01 17:18:09,Qwen/Qwen3-8B,MMLU_selected_subjects,Karatia_Union,wordd,0.562,28
2025-12-01 17:18:15,Qwen/Qwen3-8B,MMLU_selected_subjects,131st_Reconnaissance_Battalion_(Ukraine),clean,0.564,28
2025-12-01 17:23:04,Qwen/Qwen3-8B,MMLU_selected_subjects,131st_Reconnaissance_Battalion_(Ukraine),meani,0.606,28
2025-12-01 17:23:16,Qwen/Qwen3-8B,MMLU_selected_subjects,Karatia_Union,chara,0.563,28
2025-12-01 17:27:51,Qwen/Qwen3-8B,MMLU_selected_subjects,131st_Reconnaissance_Battalion_(Ukraine),wordd,0.586,28
2025-12-01 17:28:20,Qwen/Qwen3-8B,MMLU_selected_subjects,Karl_Höltermann,clean,0.560,28
2025-12-01 17:33:06,Qwen/Qwen3-8B,MMLU_selected_subjects,131st_Reconnaissance_Battalion_(Ukraine),chara,0.551,28
2025-12-01 17:33:22,Qwen/Qwen3-8B,MMLU_selected_subjects,Karl_Höltermann,meani,0.587,28
2025-12-01 17:37:55,Qwen/Qwen3-8B,MMLU_selected_subjects,1660_Wood,clean,0.579,28
2025-12-01 17:38:28,Qwen/Qwen3-8B,MMLU_selected_subjects,Karl_Höltermann,wordd,0.581,28
2025-12-01 17:42:36,Qwen/Qwen3-8B,MMLU_selected_subjects,1660_Wood,meani,0.595,28
2025-12-01 17:43:53,Qwen/Qwen3-8B,MMLU_selected_subjects,Karl_Höltermann,chara,0.539,28
2025-12-01 17:47:12,Qwen/Qwen3-8B,MMLU_selected_subjects,1660_Wood,wordd,0.567,28
2025-12-01 17:48:34,Qwen/Qwen3-8B,MMLU_selected_subjects,"Kashima_District,_Ishikawa",clean,0.531,28
2025-12-01 17:52:06,Qwen/Qwen3-8B,MMLU_selected_subjects,1660_Wood,chara,0.544,28
2025-12-01 17:53:16,Qwen/Qwen3-8B,MMLU_selected_subjects,"Kashima_District,_Ishikawa",meani,0.560,28
2025-12-01 17:56:45,Qwen/Qwen3-8B,MMLU_selected_subjects,1895_Tulane_Olive_and_Blue_football_team,clean,0.604,28
2025-12-01 17:57:54,Qwen/Qwen3-8B,MMLU_selected_subjects,"Kashima_District,_Ishikawa",wordd,0.562,28
2025-12-01 18:01:25,Qwen/Qwen3-8B,MMLU_selected_subjects,1895_Tulane_Olive_and_Blue_football_team,meani,0.618,28
2025-12-01 18:02:49,Qwen/Qwen3-8B,MMLU_selected_subjects,"Kashima_District,_Ishikawa",chara,0.538,28
2025-12-01 18:06:03,Qwen/Qwen3-8B,MMLU_selected_subjects,1895_Tulane_Olive_and_Blue_football_team,wordd,0.597,28
2025-12-01 18:07:43,Qwen/Qwen3-8B,MMLU_selected_subjects,Kashtabhanga_Union,clean,0.583,28
2025-12-01 18:10:51,Qwen/Qwen3-8B,MMLU_selected_subjects,1895_Tulane_Olive_and_Blue_football_team,chara,0.559,28
2025-12-01 18:12:31,Qwen/Qwen3-8B,MMLU_selected_subjects,Kashtabhanga_Union,meani,0.584,28
2025-12-01 18:15:42,Qwen/Qwen3-8B,MMLU_selected_subjects,1905_Nebraska_Cornhuskers_football_team,clean,0.604,28
2025-12-01 18:17:20,Qwen/Qwen3-8B,MMLU_selected_subjects,Kashtabhanga_Union,wordd,0.577,28
2025-12-01 18:20:34,Qwen/Qwen3-8B,MMLU_selected_subjects,1905_Nebraska_Cornhuskers_football_team,meani,0.597,28
2025-12-01 18:22:22,Qwen/Qwen3-8B,MMLU_selected_subjects,Kashtabhanga_Union,chara,0.526,28
2025-12-01 18:25:28,Qwen/Qwen3-8B,MMLU_selected_subjects,1905_Nebraska_Cornhuskers_football_team,wordd,0.610,28
2025-12-01 18:26:59,Qwen/Qwen3-8B,MMLU_selected_subjects,Kate_Burton_(actress),clean,0.548,28
2025-12-01 18:30:52,Qwen/Qwen3-8B,MMLU_selected_subjects,1905_Nebraska_Cornhuskers_football_team,chara,0.558,28
2025-12-01 18:31:33,Qwen/Qwen3-8B,MMLU_selected_subjects,Kate_Burton_(actress),meani,0.582,28
2025-12-01 18:35:24,Qwen/Qwen3-8B,MMLU_selected_subjects,1907_West_Down_by-election,clean,0.590,28
2025-12-01 18:36:07,Qwen/Qwen3-8B,MMLU_selected_subjects,Kate_Burton_(actress),wordd,0.594,28
2025-12-01 18:39:59,Qwen/Qwen3-8B,MMLU_selected_subjects,1907_West_Down_by-election,meani,0.589,28
2025-12-01 18:41:05,Qwen/Qwen3-8B,MMLU_selected_subjects,Kate_Burton_(actress),chara,0.534,28
2025-12-01 18:44:34,Qwen/Qwen3-8B,MMLU_selected_subjects,1907_West_Down_by-election,wordd,0.573,28
2025-12-01 18:45:39,Qwen/Qwen3-8B,MMLU_selected_subjects,Katherine_Tingley,clean,0.547,28
2025-12-01 18:49:15,Qwen/Qwen3-8B,MMLU_selected_subjects,1907_West_Down_by-election,chara,0.527,28
2025-12-01 18:50:13,Qwen/Qwen3-8B,MMLU_selected_subjects,Katherine_Tingley,meani,0.578,28
2025-12-01 18:54:05,Qwen/Qwen3-8B,MMLU_selected_subjects,1918_Liga_Peruana_de_Football,clean,0.591,28
2025-12-01 18:54:50,Qwen/Qwen3-8B,MMLU_selected_subjects,Katherine_Tingley,wordd,0.558,28
2025-12-01 18:58:56,Qwen/Qwen3-8B,MMLU_selected_subjects,1918_Liga_Peruana_de_Football,meani,0.608,28
2025-12-01 18:59:43,Qwen/Qwen3-8B,MMLU_selected_subjects,Katherine_Tingley,chara,0.525,28
2025-12-01 19:03:48,Qwen/Qwen3-8B,MMLU_selected_subjects,1918_Liga_Peruana_de_Football,wordd,0.595,28
2025-12-01 19:04:44,Qwen/Qwen3-8B,MMLU_selected_subjects,Kaviyaloor,clean,0.573,28
2025-12-01 19:09:12,Qwen/Qwen3-8B,MMLU_selected_subjects,1918_Liga_Peruana_de_Football,chara,0.549,28
2025-12-01 19:09:49,Qwen/Qwen3-8B,MMLU_selected_subjects,Kaviyaloor,meani,0.613,28
2025-12-01 19:14:14,Qwen/Qwen3-8B,MMLU_selected_subjects,1941_Dayton_Flyers_football_team,clean,0.604,28
2025-12-01 19:14:49,Qwen/Qwen3-8B,MMLU_selected_subjects,Kaviyaloor,wordd,0.597,28
2025-12-01 19:19:13,Qwen/Qwen3-8B,MMLU_selected_subjects,1941_Dayton_Flyers_football_team,meani,0.607,28
2025-12-01 19:20:10,Qwen/Qwen3-8B,MMLU_selected_subjects,Kaviyaloor,chara,0.530,28
2025-12-01 19:24:10,Qwen/Qwen3-8B,MMLU_selected_subjects,1941_Dayton_Flyers_football_team,wordd,0.579,28
2025-12-01 19:24:44,Qwen/Qwen3-8B,MMLU_selected_subjects,Kawanishi_K-3,clean,0.574,28
2025-12-01 19:29:17,Qwen/Qwen3-8B,MMLU_selected_subjects,Kawanishi_K-3,meani,0.587,28
2025-12-01 19:29:41,Qwen/Qwen3-8B,MMLU_selected_subjects,1941_Dayton_Flyers_football_team,chara,0.561,28
2025-12-01 19:33:44,Qwen/Qwen3-8B,MMLU_selected_subjects,Kawanishi_K-3,wordd,0.590,28
2025-12-01 19:34:26,Qwen/Qwen3-8B,MMLU_selected_subjects,1948–49_Brentford_F.C._season,clean,0.594,28
2025-12-01 19:38:22,Qwen/Qwen3-8B,MMLU_selected_subjects,Kawanishi_K-3,chara,0.545,28
2025-12-01 19:39:07,Qwen/Qwen3-8B,MMLU_selected_subjects,1948–49_Brentford_F.C._season,meani,0.627,28
2025-12-01 19:43:00,Qwen/Qwen3-8B,MMLU_selected_subjects,Kenneth_N._Good,clean,0.576,28
2025-12-01 19:43:50,Qwen/Qwen3-8B,MMLU_selected_subjects,1948–49_Brentford_F.C._season,wordd,0.587,28
2025-12-01 19:47:37,Qwen/Qwen3-8B,MMLU_selected_subjects,Kenneth_N._Good,meani,0.601,28
2025-12-01 19:48:57,Qwen/Qwen3-8B,MMLU_selected_subjects,1948–49_Brentford_F.C._season,chara,0.519,28
2025-12-01 19:52:14,Qwen/Qwen3-8B,MMLU_selected_subjects,Kenneth_N._Good,wordd,0.584,28
2025-12-01 19:53:42,Qwen/Qwen3-8B,MMLU_selected_subjects,1950–51_Danish_1st_Division,clean,0.605,28
2025-12-01 19:57:08,Qwen/Qwen3-8B,MMLU_selected_subjects,Kenneth_N._Good,chara,0.543,28
2025-12-01 19:58:24,Qwen/Qwen3-8B,MMLU_selected_subjects,1950–51_Danish_1st_Division,meani,0.588,28
2025-12-01 20:01:53,Qwen/Qwen3-8B,MMLU_selected_subjects,Khalichian,clean,0.550,28
2025-12-01 20:03:07,Qwen/Qwen3-8B,MMLU_selected_subjects,1950–51_Danish_1st_Division,wordd,0.612,28
2025-12-01 20:06:39,Qwen/Qwen3-8B,MMLU_selected_subjects,Khalichian,meani,0.611,28
2025-12-01 20:08:09,Qwen/Qwen3-8B,MMLU_selected_subjects,1950–51_Danish_1st_Division,chara,0.557,28
2025-12-01 20:11:23,Qwen/Qwen3-8B,MMLU_selected_subjects,Khalichian,wordd,0.602,28
2025-12-01 20:12:57,Qwen/Qwen3-8B,MMLU_selected_subjects,1951_Iowa_State_Teachers_Panthers_football_team,clean,0.578,28
2025-12-01 20:16:28,Qwen/Qwen3-8B,MMLU_selected_subjects,Khalichian,chara,0.550,28
2025-12-01 20:17:39,Qwen/Qwen3-8B,MMLU_selected_subjects,1951_Iowa_State_Teachers_Panthers_football_team,meani,0.614,28
2025-12-01 20:21:15,Qwen/Qwen3-8B,MMLU_selected_subjects,Khardun_Kola,clean,0.574,28
2025-12-01 20:22:23,Qwen/Qwen3-8B,MMLU_selected_subjects,1951_Iowa_State_Teachers_Panthers_football_team,wordd,0.610,28
2025-12-01 20:26:01,Qwen/Qwen3-8B,MMLU_selected_subjects,Khardun_Kola,meani,0.587,28
2025-12-01 20:27:34,Qwen/Qwen3-8B,MMLU_selected_subjects,1951_Iowa_State_Teachers_Panthers_football_team,chara,0.566,28
2025-12-01 20:30:46,Qwen/Qwen3-8B,MMLU_selected_subjects,Khardun_Kola,wordd,0.566,28
2025-12-01 20:32:20,Qwen/Qwen3-8B,MMLU_selected_subjects,1956_South_Korean_local_elections,clean,0.582,28
2025-12-01 20:35:44,Qwen/Qwen3-8B,MMLU_selected_subjects,Khardun_Kola,chara,0.542,28
2025-12-01 20:37:09,Qwen/Qwen3-8B,MMLU_selected_subjects,1956_South_Korean_local_elections,meani,0.584,28
2025-12-01 20:40:33,Qwen/Qwen3-8B,MMLU_selected_subjects,Khebda,clean,0.595,28
2025-12-01 20:41:56,Qwen/Qwen3-8B,MMLU_selected_subjects,1956_South_Korean_local_elections,wordd,0.568,28
2025-12-01 20:45:20,Qwen/Qwen3-8B,MMLU_selected_subjects,Khebda,meani,0.605,28
2025-12-01 20:47:04,Qwen/Qwen3-8B,MMLU_selected_subjects,1956_South_Korean_local_elections,chara,0.541,28
2025-12-01 20:50:06,Qwen/Qwen3-8B,MMLU_selected_subjects,Khebda,wordd,0.591,28
2025-12-01 20:51:51,Qwen/Qwen3-8B,MMLU_selected_subjects,1964_Kansas_State_Wildcats_football_team,clean,0.589,28
2025-12-01 20:55:06,Qwen/Qwen3-8B,MMLU_selected_subjects,Khebda,chara,0.552,28
2025-12-01 20:56:35,Qwen/Qwen3-8B,MMLU_selected_subjects,1964_Kansas_State_Wildcats_football_team,meani,0.592,28
2025-12-01 20:59:47,Qwen/Qwen3-8B,MMLU_selected_subjects,Kings_of_South_Beach,clean,0.587,28
2025-12-01 21:01:17,Qwen/Qwen3-8B,MMLU_selected_subjects,1964_Kansas_State_Wildcats_football_team,wordd,0.586,28
2025-12-01 21:04:25,Qwen/Qwen3-8B,MMLU_selected_subjects,Kings_of_South_Beach,meani,0.607,28
2025-12-01 21:06:33,Qwen/Qwen3-8B,MMLU_selected_subjects,1964_Kansas_State_Wildcats_football_team,chara,0.566,28
2025-12-01 21:09:11,Qwen/Qwen3-8B,MMLU_selected_subjects,Kings_of_South_Beach,wordd,0.608,28
2025-12-01 21:11:06,Qwen/Qwen3-8B,MMLU_selected_subjects,1965_Colorado_State_Rams_football_team,clean,0.581,28
2025-12-01 21:14:11,Qwen/Qwen3-8B,MMLU_selected_subjects,Kings_of_South_Beach,chara,0.505,28
2025-12-01 21:15:37,Qwen/Qwen3-8B,MMLU_selected_subjects,1965_Colorado_State_Rams_football_team,meani,0.589,28
2025-12-01 21:18:47,Qwen/Qwen3-8B,MMLU_selected_subjects,Kino_MacGregor,clean,0.543,28
2025-12-01 21:20:07,Qwen/Qwen3-8B,MMLU_selected_subjects,1965_Colorado_State_Rams_football_team,wordd,0.590,28
2025-12-01 21:23:21,Qwen/Qwen3-8B,MMLU_selected_subjects,Kino_MacGregor,meani,0.556,28
2025-12-01 21:24:54,Qwen/Qwen3-8B,MMLU_selected_subjects,1965_Colorado_State_Rams_football_team,chara,0.545,28
2025-12-01 21:27:52,Qwen/Qwen3-8B,MMLU_selected_subjects,Kino_MacGregor,wordd,0.583,28
2025-12-01 21:29:44,Qwen/Qwen3-8B,MMLU_selected_subjects,1968_New_Hampshire_Democratic_presidential_primary,clean,0.596,28
2025-12-01 21:32:38,Qwen/Qwen3-8B,MMLU_selected_subjects,Kino_MacGregor,chara,0.554,28
2025-12-01 21:34:30,Qwen/Qwen3-8B,MMLU_selected_subjects,1968_New_Hampshire_Democratic_presidential_primary,meani,0.611,28
2025-12-01 21:37:14,Qwen/Qwen3-8B,MMLU_selected_subjects,Kintampo_Senior_High_School,clean,0.562,28
2025-12-01 21:39:19,Qwen/Qwen3-8B,MMLU_selected_subjects,1968_New_Hampshire_Democratic_presidential_primary,wordd,0.588,28
2025-12-01 21:41:53,Qwen/Qwen3-8B,MMLU_selected_subjects,Kintampo_Senior_High_School,meani,0.585,28
2025-12-01 21:44:49,Qwen/Qwen3-8B,MMLU_selected_subjects,1968_New_Hampshire_Democratic_presidential_primary,chara,0.571,28
2025-12-01 21:46:31,Qwen/Qwen3-8B,MMLU_selected_subjects,Kintampo_Senior_High_School,wordd,0.600,28
2025-12-01 21:49:33,Qwen/Qwen3-8B,MMLU_selected_subjects,1969_Paddington_North_by-election,clean,0.591,28
2025-12-01 21:51:21,Qwen/Qwen3-8B,MMLU_selected_subjects,Kintampo_Senior_High_School,chara,0.523,28
2025-12-01 21:54:14,Qwen/Qwen3-8B,MMLU_selected_subjects,1969_Paddington_North_by-election,meani,0.596,28
2025-12-01 21:55:57,Qwen/Qwen3-8B,MMLU_selected_subjects,Kirk_Dunn,clean,0.546,28
2025-12-01 21:58:56,Qwen/Qwen3-8B,MMLU_selected_subjects,1969_Paddington_North_by-election,wordd,0.577,28
2025-12-01 22:00:31,Qwen/Qwen3-8B,MMLU_selected_subjects,Kirk_Dunn,meani,0.593,28
2025-12-01 22:04:07,Qwen/Qwen3-8B,MMLU_selected_subjects,1969_Paddington_North_by-election,chara,0.545,28
2025-12-01 22:05:07,Qwen/Qwen3-8B,MMLU_selected_subjects,Kirk_Dunn,wordd,0.611,28
2025-12-01 22:08:39,Qwen/Qwen3-8B,MMLU_selected_subjects,1969–70_Bundesliga,clean,0.578,28
2025-12-01 22:09:56,Qwen/Qwen3-8B,MMLU_selected_subjects,Kirk_Dunn,chara,0.527,28
2025-12-01 22:13:08,Qwen/Qwen3-8B,MMLU_selected_subjects,1969–70_Bundesliga,meani,0.599,28
2025-12-01 22:14:43,Qwen/Qwen3-8B,MMLU_selected_subjects,Kiur_Aarma,clean,0.549,28
2025-12-01 22:17:40,Qwen/Qwen3-8B,MMLU_selected_subjects,1969–70_Bundesliga,wordd,0.592,28
2025-12-01 22:19:29,Qwen/Qwen3-8B,MMLU_selected_subjects,Kiur_Aarma,meani,0.576,28
2025-12-01 22:22:23,Qwen/Qwen3-8B,MMLU_selected_subjects,1969–70_Bundesliga,chara,0.558,28
2025-12-01 22:24:14,Qwen/Qwen3-8B,MMLU_selected_subjects,Kiur_Aarma,wordd,0.594,28
2025-12-01 22:27:05,Qwen/Qwen3-8B,MMLU_selected_subjects,1972_African_Cup_of_Nations,clean,0.581,28
2025-12-01 22:29:20,Qwen/Qwen3-8B,MMLU_selected_subjects,Kiur_Aarma,chara,0.543,28
2025-12-01 22:31:46,Qwen/Qwen3-8B,MMLU_selected_subjects,1972_African_Cup_of_Nations,meani,0.610,28
2025-12-01 22:34:21,Qwen/Qwen3-8B,MMLU_selected_subjects,Konvergencie,clean,0.575,28
2025-12-01 22:36:26,Qwen/Qwen3-8B,MMLU_selected_subjects,1972_African_Cup_of_Nations,wordd,0.603,28
2025-12-01 22:39:15,Qwen/Qwen3-8B,MMLU_selected_subjects,Konvergencie,meani,0.595,28
2025-12-01 22:41:32,Qwen/Qwen3-8B,MMLU_selected_subjects,1972_African_Cup_of_Nations,chara,0.536,28
2025-12-01 22:44:12,Qwen/Qwen3-8B,MMLU_selected_subjects,Konvergencie,wordd,0.573,28
2025-12-01 22:46:06,Qwen/Qwen3-8B,MMLU_selected_subjects,1974_Camden_London_Borough_Council_election,clean,0.583,28
2025-12-01 22:49:37,Qwen/Qwen3-8B,MMLU_selected_subjects,Konvergencie,chara,0.531,28
2025-12-01 22:50:34,Qwen/Qwen3-8B,MMLU_selected_subjects,1974_Camden_London_Borough_Council_election,meani,0.587,28
2025-12-01 22:54:51,Qwen/Qwen3-8B,MMLU_selected_subjects,Kozo_Igarashi,clean,0.545,28
2025-12-01 22:55:06,Qwen/Qwen3-8B,MMLU_selected_subjects,1974_Camden_London_Borough_Council_election,wordd,0.575,28
2025-12-01 22:59:54,Qwen/Qwen3-8B,MMLU_selected_subjects,1974_Camden_London_Borough_Council_election,chara,0.570,28
2025-12-01 22:59:59,Qwen/Qwen3-8B,MMLU_selected_subjects,Kozo_Igarashi,meani,0.575,28
2025-12-01 23:04:38,Qwen/Qwen3-8B,MMLU_selected_subjects,1976–77_St._John's_Redmen_basketball_team,clean,0.574,28
2025-12-01 23:05:07,Qwen/Qwen3-8B,MMLU_selected_subjects,Kozo_Igarashi,wordd,0.593,28
2025-12-01 23:09:20,Qwen/Qwen3-8B,MMLU_selected_subjects,1976–77_St._John's_Redmen_basketball_team,meani,0.606,28
2025-12-01 23:10:38,Qwen/Qwen3-8B,MMLU_selected_subjects,Kozo_Igarashi,chara,0.543,28
2025-12-01 23:14:01,Qwen/Qwen3-8B,MMLU_selected_subjects,1976–77_St._John's_Redmen_basketball_team,wordd,0.611,28
2025-12-01 23:15:39,Qwen/Qwen3-8B,MMLU_selected_subjects,Kristijonas_Donelaitis,clean,0.567,28
2025-12-01 23:19:02,Qwen/Qwen3-8B,MMLU_selected_subjects,1976–77_St._John's_Redmen_basketball_team,chara,0.573,28
2025-12-01 23:20:32,Qwen/Qwen3-8B,MMLU_selected_subjects,Kristijonas_Donelaitis,meani,0.593,28
2025-12-01 23:23:38,Qwen/Qwen3-8B,MMLU_selected_subjects,1976–77_Washington_Capitals_season,clean,0.582,28
2025-12-01 23:25:28,Qwen/Qwen3-8B,MMLU_selected_subjects,Kristijonas_Donelaitis,wordd,0.600,28
2025-12-01 23:28:08,Qwen/Qwen3-8B,MMLU_selected_subjects,1976–77_Washington_Capitals_season,meani,0.606,28
2025-12-01 23:30:50,Qwen/Qwen3-8B,MMLU_selected_subjects,Kristijonas_Donelaitis,chara,0.529,28
2025-12-01 23:32:43,Qwen/Qwen3-8B,MMLU_selected_subjects,1976–77_Washington_Capitals_season,wordd,0.608,28
2025-12-01 23:35:23,Qwen/Qwen3-8B,MMLU_selected_subjects,Krušni_Vrh,clean,0.553,28
2025-12-01 23:37:33,Qwen/Qwen3-8B,MMLU_selected_subjects,1976–77_Washington_Capitals_season,chara,0.567,28
2025-12-01 23:39:55,Qwen/Qwen3-8B,MMLU_selected_subjects,Krušni_Vrh,meani,0.582,28
2025-12-01 23:42:03,Qwen/Qwen3-8B,MMLU_selected_subjects,1977_Ballymoney_Borough_Council_election,clean,0.585,28
2025-12-01 23:44:27,Qwen/Qwen3-8B,MMLU_selected_subjects,Krušni_Vrh,wordd,0.586,28
2025-12-01 23:46:33,Qwen/Qwen3-8B,MMLU_selected_subjects,1977_Ballymoney_Borough_Council_election,meani,0.603,28
2025-12-01 23:49:11,Qwen/Qwen3-8B,MMLU_selected_subjects,Krušni_Vrh,chara,0.606,28
2025-12-01 23:51:07,Qwen/Qwen3-8B,MMLU_selected_subjects,1977_Ballymoney_Borough_Council_election,wordd,0.575,28
2025-12-01 23:53:48,Qwen/Qwen3-8B,MMLU_selected_subjects,Kuala_Pilah_(town),clean,0.553,28
2025-12-01 23:55:54,Qwen/Qwen3-8B,MMLU_selected_subjects,1977_Ballymoney_Borough_Council_election,chara,0.558,28
2025-12-01 23:58:25,Qwen/Qwen3-8B,MMLU_selected_subjects,Kuala_Pilah_(town),meani,0.582,28
2025-12-02 00:00:56,Qwen/Qwen3-8B,MMLU_selected_subjects,1980_WTA_Tour,clean,0.609,28
2025-12-02 00:03:02,Qwen/Qwen3-8B,MMLU_selected_subjects,Kuala_Pilah_(town),wordd,0.583,28
2025-12-02 00:05:59,Qwen/Qwen3-8B,MMLU_selected_subjects,1980_WTA_Tour,meani,0.597,28
2025-12-02 00:07:47,Qwen/Qwen3-8B,MMLU_selected_subjects,Kuala_Pilah_(town),chara,0.562,28
2025-12-02 00:11:06,Qwen/Qwen3-8B,MMLU_selected_subjects,1980_WTA_Tour,wordd,0.612,28
2025-12-02 00:12:33,Qwen/Qwen3-8B,MMLU_selected_subjects,Kwik,clean,0.518,28
2025-12-02 00:16:46,Qwen/Qwen3-8B,MMLU_selected_subjects,1980_WTA_Tour,chara,0.524,28
2025-12-02 00:17:18,Qwen/Qwen3-8B,MMLU_selected_subjects,Kwik,meani,0.578,28
2025-12-02 00:21:33,Qwen/Qwen3-8B,MMLU_selected_subjects,1981_Grand_Prix_(tennis),clean,0.607,28
2025-12-02 00:21:59,Qwen/Qwen3-8B,MMLU_selected_subjects,Kwik,wordd,0.584,28
2025-12-02 00:26:19,Qwen/Qwen3-8B,MMLU_selected_subjects,1981_Grand_Prix_(tennis),meani,0.600,28
2025-12-02 00:26:52,Qwen/Qwen3-8B,MMLU_selected_subjects,Kwik,chara,0.557,28
2025-12-02 00:31:05,Qwen/Qwen3-8B,MMLU_selected_subjects,1981_Grand_Prix_(tennis),wordd,0.594,28
2025-12-02 00:31:21,Qwen/Qwen3-8B,MMLU_selected_subjects,L,clean,0.510,28
2025-12-02 00:35:50,Qwen/Qwen3-8B,MMLU_selected_subjects,L,meani,0.554,28
2025-12-02 00:36:29,Qwen/Qwen3-8B,MMLU_selected_subjects,1981_Grand_Prix_(tennis),chara,0.559,28
2025-12-02 00:40:24,Qwen/Qwen3-8B,MMLU_selected_subjects,L,wordd,0.509,28
2025-12-02 00:41:15,Qwen/Qwen3-8B,MMLU_selected_subjects,1983_Illinois_State_Redbirds_football_team,clean,0.593,28
2025-12-02 00:45:02,Qwen/Qwen3-8B,MMLU_selected_subjects,L,chara,0.538,28
2025-12-02 00:45:59,Qwen/Qwen3-8B,MMLU_selected_subjects,1983_Illinois_State_Redbirds_football_team,meani,0.613,28
2025-12-02 00:49:40,Qwen/Qwen3-8B,MMLU_selected_subjects,"Labrujó,_Rendufe_e_Vilar_do_Monte",clean,0.582,28
2025-12-02 00:50:44,Qwen/Qwen3-8B,MMLU_selected_subjects,1983_Illinois_State_Redbirds_football_team,wordd,0.611,28
2025-12-02 00:54:17,Qwen/Qwen3-8B,MMLU_selected_subjects,"Labrujó,_Rendufe_e_Vilar_do_Monte",meani,0.608,28
2025-12-02 00:56:05,Qwen/Qwen3-8B,MMLU_selected_subjects,1983_Illinois_State_Redbirds_football_team,chara,0.553,28
2025-12-02 00:58:53,Qwen/Qwen3-8B,MMLU_selected_subjects,"Labrujó,_Rendufe_e_Vilar_do_Monte",wordd,0.603,28
2025-12-02 01:00:42,Qwen/Qwen3-8B,MMLU_selected_subjects,1984_Volvo_International,clean,0.594,28
2025-12-02 01:03:41,Qwen/Qwen3-8B,MMLU_selected_subjects,"Labrujó,_Rendufe_e_Vilar_do_Monte",chara,0.537,28
2025-12-02 01:05:19,Qwen/Qwen3-8B,MMLU_selected_subjects,1984_Volvo_International,meani,0.593,28
2025-12-02 01:08:24,Qwen/Qwen3-8B,MMLU_selected_subjects,Lady_(Brett_Young_song),clean,0.506,28
2025-12-02 01:09:58,Qwen/Qwen3-8B,MMLU_selected_subjects,1984_Volvo_International,wordd,0.592,28
2025-12-02 01:13:08,Qwen/Qwen3-8B,MMLU_selected_subjects,Lady_(Brett_Young_song),meani,0.584,28
2025-12-02 01:14:54,Qwen/Qwen3-8B,MMLU_selected_subjects,1984_Volvo_International,chara,0.531,28
2025-12-02 01:17:48,Qwen/Qwen3-8B,MMLU_selected_subjects,Lady_(Brett_Young_song),wordd,0.583,28
2025-12-02 01:19:29,Qwen/Qwen3-8B,MMLU_selected_subjects,1988_Orlando_Lions_season,clean,0.582,28
2025-12-02 01:22:52,Qwen/Qwen3-8B,MMLU_selected_subjects,Lady_(Brett_Young_song),chara,0.535,28
2025-12-02 01:24:03,Qwen/Qwen3-8B,MMLU_selected_subjects,1988_Orlando_Lions_season,meani,0.569,28
2025-12-02 01:27:39,Qwen/Qwen3-8B,MMLU_selected_subjects,Lalkuan–Anand_Vihar_Terminal_Intercity_Express,clean,0.571,28
2025-12-02 01:28:37,Qwen/Qwen3-8B,MMLU_selected_subjects,1988_Orlando_Lions_season,wordd,0.612,28
2025-12-02 01:32:27,Qwen/Qwen3-8B,MMLU_selected_subjects,Lalkuan–Anand_Vihar_Terminal_Intercity_Express,meani,0.608,28
2025-12-02 01:33:26,Qwen/Qwen3-8B,MMLU_selected_subjects,1988_Orlando_Lions_season,chara,0.554,28
2025-12-02 01:37:16,Qwen/Qwen3-8B,MMLU_selected_subjects,Lalkuan–Anand_Vihar_Terminal_Intercity_Express,wordd,0.585,28
2025-12-02 01:38:02,Qwen/Qwen3-8B,MMLU_selected_subjects,1988_San_Marino_general_election,clean,0.586,28
2025-12-02 01:42:25,Qwen/Qwen3-8B,MMLU_selected_subjects,Lalkuan–Anand_Vihar_Terminal_Intercity_Express,chara,0.529,28
2025-12-02 01:42:37,Qwen/Qwen3-8B,MMLU_selected_subjects,1988_San_Marino_general_election,meani,0.587,28
2025-12-02 01:47:09,Qwen/Qwen3-8B,MMLU_selected_subjects,1988_San_Marino_general_election,wordd,0.602,28
2025-12-02 01:47:10,Qwen/Qwen3-8B,MMLU_selected_subjects,Lamar_Fisher,clean,0.518,28
2025-12-02 01:51:55,Qwen/Qwen3-8B,MMLU_selected_subjects,Lamar_Fisher,meani,0.574,28
2025-12-02 01:51:58,Qwen/Qwen3-8B,MMLU_selected_subjects,1988_San_Marino_general_election,chara,0.541,28
2025-12-02 01:56:37,Qwen/Qwen3-8B,MMLU_selected_subjects,Lamar_Fisher,wordd,0.577,28
2025-12-02 01:56:38,Qwen/Qwen3-8B,MMLU_selected_subjects,1989_NCAA_Men's_Basketball_All-Americans,clean,0.585,28
2025-12-02 02:01:15,Qwen/Qwen3-8B,MMLU_selected_subjects,1989_NCAA_Men's_Basketball_All-Americans,meani,0.571,28
2025-12-02 02:01:42,Qwen/Qwen3-8B,MMLU_selected_subjects,Lamar_Fisher,chara,0.550,28
2025-12-02 02:05:55,Qwen/Qwen3-8B,MMLU_selected_subjects,1989_NCAA_Men's_Basketball_All-Americans,wordd,0.607,28
2025-12-02 02:06:19,Qwen/Qwen3-8B,MMLU_selected_subjects,"Lasserre,_Haute-Garonne",clean,0.563,28
2025-12-02 02:10:50,Qwen/Qwen3-8B,MMLU_selected_subjects,1989_NCAA_Men's_Basketball_All-Americans,chara,0.578,28
2025-12-02 02:10:54,Qwen/Qwen3-8B,MMLU_selected_subjects,"Lasserre,_Haute-Garonne",meani,0.611,28
2025-12-02 02:15:27,Qwen/Qwen3-8B,MMLU_selected_subjects,"Lasserre,_Haute-Garonne",wordd,0.610,28
2025-12-02 02:15:34,Qwen/Qwen3-8B,MMLU_selected_subjects,1990_Laurence_Olivier_Awards,clean,0.600,28
2025-12-02 02:20:09,Qwen/Qwen3-8B,MMLU_selected_subjects,"Lasserre,_Haute-Garonne",chara,0.567,28
2025-12-02 02:20:16,Qwen/Qwen3-8B,MMLU_selected_subjects,1990_Laurence_Olivier_Awards,meani,0.592,28
2025-12-02 02:25:01,Qwen/Qwen3-8B,MMLU_selected_subjects,1990_Laurence_Olivier_Awards,wordd,0.589,28
2025-12-02 02:25:04,Qwen/Qwen3-8B,MMLU_selected_subjects,Laura_Kurgan,clean,0.528,28
2025-12-02 02:29:53,Qwen/Qwen3-8B,MMLU_selected_subjects,Laura_Kurgan,meani,0.587,28
2025-12-02 02:30:04,Qwen/Qwen3-8B,MMLU_selected_subjects,1990_Laurence_Olivier_Awards,chara,0.546,28
2025-12-02 02:34:40,Qwen/Qwen3-8B,MMLU_selected_subjects,1990_Towson_State_Tigers_football_team,clean,0.571,28
2025-12-02 02:34:43,Qwen/Qwen3-8B,MMLU_selected_subjects,Laura_Kurgan,wordd,0.605,28
2025-12-02 02:39:15,Qwen/Qwen3-8B,MMLU_selected_subjects,1990_Towson_State_Tigers_football_team,meani,0.619,28
2025-12-02 02:40:15,Qwen/Qwen3-8B,MMLU_selected_subjects,Laura_Kurgan,chara,0.537,28
2025-12-02 02:43:50,Qwen/Qwen3-8B,MMLU_selected_subjects,1990_Towson_State_Tigers_football_team,wordd,0.608,28
2025-12-02 02:44:47,Qwen/Qwen3-8B,MMLU_selected_subjects,Lavender_Makoni,clean,0.489,28
2025-12-02 02:48:44,Qwen/Qwen3-8B,MMLU_selected_subjects,1990_Towson_State_Tigers_football_team,chara,0.584,28
2025-12-02 02:49:17,Qwen/Qwen3-8B,MMLU_selected_subjects,Lavender_Makoni,meani,0.552,28
2025-12-02 02:53:33,Qwen/Qwen3-8B,MMLU_selected_subjects,1993_All-Ireland_Under-21_Football_Championship,clean,0.609,28
2025-12-02 02:53:48,Qwen/Qwen3-8B,MMLU_selected_subjects,Lavender_Makoni,wordd,0.578,28
2025-12-02 02:58:21,Qwen/Qwen3-8B,MMLU_selected_subjects,1993_All-Ireland_Under-21_Football_Championship,meani,0.606,28
2025-12-02 02:58:30,Qwen/Qwen3-8B,MMLU_selected_subjects,Lavender_Makoni,chara,0.569,28
2025-12-02 03:03:04,Qwen/Qwen3-8B,MMLU_selected_subjects,1993_All-Ireland_Under-21_Football_Championship,wordd,0.606,28
2025-12-02 03:03:05,Qwen/Qwen3-8B,MMLU_selected_subjects,Lavochkin_La-15,clean,0.563,28
2025-12-02 03:07:37,Qwen/Qwen3-8B,MMLU_selected_subjects,Lavochkin_La-15,meani,0.590,28
2025-12-02 03:08:16,Qwen/Qwen3-8B,MMLU_selected_subjects,1993_All-Ireland_Under-21_Football_Championship,chara,0.537,28
2025-12-02 03:12:11,Qwen/Qwen3-8B,MMLU_selected_subjects,Lavochkin_La-15,wordd,0.602,28
2025-12-02 03:12:41,Qwen/Qwen3-8B,MMLU_selected_subjects,1995_World_Wrestling_Championships,clean,0.538,28
2025-12-02 03:16:57,Qwen/Qwen3-8B,MMLU_selected_subjects,Lavochkin_La-15,chara,0.536,28
2025-12-02 03:17:06,Qwen/Qwen3-8B,MMLU_selected_subjects,1995_World_Wrestling_Championships,meani,0.570,28
2025-12-02 03:21:36,Qwen/Qwen3-8B,MMLU_selected_subjects,1995_World_Wrestling_Championships,wordd,0.575,28
2025-12-02 03:21:49,Qwen/Qwen3-8B,MMLU_selected_subjects,Law_&_Order_Toronto:_Criminal_Intent,clean,0.583,28
2025-12-02 03:26:27,Qwen/Qwen3-8B,MMLU_selected_subjects,1995_World_Wrestling_Championships,chara,0.529,28
2025-12-02 03:26:41,Qwen/Qwen3-8B,MMLU_selected_subjects,Law_&_Order_Toronto:_Criminal_Intent,meani,0.608,28
2025-12-02 03:30:57,Qwen/Qwen3-8B,MMLU_selected_subjects,1997_Suzuka_1000_km,clean,0.577,28
2025-12-02 03:31:24,Qwen/Qwen3-8B,MMLU_selected_subjects,Law_&_Order_Toronto:_Criminal_Intent,wordd,0.582,28
2025-12-02 03:35:27,Qwen/Qwen3-8B,MMLU_selected_subjects,1997_Suzuka_1000_km,meani,0.599,28
2025-12-02 03:36:39,Qwen/Qwen3-8B,MMLU_selected_subjects,Law_&_Order_Toronto:_Criminal_Intent,chara,0.526,28
2025-12-02 03:40:15,Qwen/Qwen3-8B,MMLU_selected_subjects,1997_Suzuka_1000_km,wordd,0.606,28
2025-12-02 03:41:08,Qwen/Qwen3-8B,MMLU_selected_subjects,Lawan_Abdullahi_Ken-Ken,clean,0.570,28
2025-12-02 03:44:56,Qwen/Qwen3-8B,MMLU_selected_subjects,1997_Suzuka_1000_km,chara,0.548,28
2025-12-02 03:46:06,Qwen/Qwen3-8B,MMLU_selected_subjects,Lawan_Abdullahi_Ken-Ken,meani,0.595,28
2025-12-02 03:50:08,Qwen/Qwen3-8B,MMLU_selected_subjects,1998_California_Golden_Bears_football_team,clean,0.590,28
2025-12-02 03:50:35,Qwen/Qwen3-8B,MMLU_selected_subjects,Lawan_Abdullahi_Ken-Ken,wordd,0.605,28
2025-12-02 03:55:14,Qwen/Qwen3-8B,MMLU_selected_subjects,1998_California_Golden_Bears_football_team,meani,0.591,28
2025-12-02 03:55:23,Qwen/Qwen3-8B,MMLU_selected_subjects,Lawan_Abdullahi_Ken-Ken,chara,0.541,28
2025-12-02 03:59:52,Qwen/Qwen3-8B,MMLU_selected_subjects,Le_Mesnil-Raoult,clean,0.559,28
2025-12-02 04:00:47,Qwen/Qwen3-8B,MMLU_selected_subjects,1998_California_Golden_Bears_football_team,wordd,0.599,28
2025-12-02 04:04:25,Qwen/Qwen3-8B,MMLU_selected_subjects,Le_Mesnil-Raoult,meani,0.599,28
2025-12-02 04:06:47,Qwen/Qwen3-8B,MMLU_selected_subjects,1998_California_Golden_Bears_football_team,chara,0.541,28
2025-12-02 04:08:55,Qwen/Qwen3-8B,MMLU_selected_subjects,Le_Mesnil-Raoult,wordd,0.603,28
2025-12-02 04:11:53,Qwen/Qwen3-8B,MMLU_selected_subjects,2-Hydroxy-4-(methylthio)butyric_acid,clean,0.575,28
2025-12-02 04:13:32,Qwen/Qwen3-8B,MMLU_selected_subjects,Le_Mesnil-Raoult,chara,0.594,28
2025-12-02 04:16:52,Qwen/Qwen3-8B,MMLU_selected_subjects,2-Hydroxy-4-(methylthio)butyric_acid,meani,0.593,28
2025-12-02 04:17:57,Qwen/Qwen3-8B,MMLU_selected_subjects,Lebanese_Women's_Cup,clean,0.575,28
2025-12-02 04:21:50,Qwen/Qwen3-8B,MMLU_selected_subjects,2-Hydroxy-4-(methylthio)butyric_acid,wordd,0.574,28
2025-12-02 04:22:29,Qwen/Qwen3-8B,MMLU_selected_subjects,Lebanese_Women's_Cup,meani,0.609,28
2025-12-02 04:26:52,Qwen/Qwen3-8B,MMLU_selected_subjects,Lebanese_Women's_Cup,wordd,0.586,28
2025-12-02 04:27:22,Qwen/Qwen3-8B,MMLU_selected_subjects,2-Hydroxy-4-(methylthio)butyric_acid,chara,0.541,28
2025-12-02 04:31:33,Qwen/Qwen3-8B,MMLU_selected_subjects,Lebanese_Women's_Cup,chara,0.530,28
2025-12-02 04:32:03,Qwen/Qwen3-8B,MMLU_selected_subjects,2001_Stony_Brook_Seawolves_football_team,clean,0.599,28
2025-12-02 04:36:18,Qwen/Qwen3-8B,MMLU_selected_subjects,Leland_Faust,clean,0.547,28
2025-12-02 04:36:42,Qwen/Qwen3-8B,MMLU_selected_subjects,2001_Stony_Brook_Seawolves_football_team,meani,0.607,28
2025-12-02 04:41:07,Qwen/Qwen3-8B,MMLU_selected_subjects,Leland_Faust,meani,0.594,28
2025-12-02 04:41:18,Qwen/Qwen3-8B,MMLU_selected_subjects,2001_Stony_Brook_Seawolves_football_team,wordd,0.579,28
2025-12-02 04:45:50,Qwen/Qwen3-8B,MMLU_selected_subjects,Leland_Faust,wordd,0.589,28
2025-12-02 04:46:20,Qwen/Qwen3-8B,MMLU_selected_subjects,2001_Stony_Brook_Seawolves_football_team,chara,0.567,28
2025-12-02 04:50:58,Qwen/Qwen3-8B,MMLU_selected_subjects,2002_Budapest_mayoral_election,clean,0.576,28
2025-12-02 04:51:03,Qwen/Qwen3-8B,MMLU_selected_subjects,Leland_Faust,chara,0.569,28
2025-12-02 04:55:28,Qwen/Qwen3-8B,MMLU_selected_subjects,Lency_Montelier,clean,0.559,28
2025-12-02 04:55:41,Qwen/Qwen3-8B,MMLU_selected_subjects,2002_Budapest_mayoral_election,meani,0.599,28
2025-12-02 04:59:53,Qwen/Qwen3-8B,MMLU_selected_subjects,Lency_Montelier,meani,0.586,28
2025-12-02 05:00:16,Qwen/Qwen3-8B,MMLU_selected_subjects,2002_Budapest_mayoral_election,wordd,0.600,28
2025-12-02 05:04:20,Qwen/Qwen3-8B,MMLU_selected_subjects,Lency_Montelier,wordd,0.580,28
2025-12-02 05:05:13,Qwen/Qwen3-8B,MMLU_selected_subjects,2002_Budapest_mayoral_election,chara,0.524,28
2025-12-02 05:08:57,Qwen/Qwen3-8B,MMLU_selected_subjects,Lency_Montelier,chara,0.564,28
2025-12-02 05:09:43,Qwen/Qwen3-8B,MMLU_selected_subjects,2002_Swisscom_Challenge_–_Singles,clean,0.596,28
2025-12-02 05:13:42,Qwen/Qwen3-8B,MMLU_selected_subjects,Leonid_Azgaldyan,clean,0.562,28
2025-12-02 05:14:11,Qwen/Qwen3-8B,MMLU_selected_subjects,2002_Swisscom_Challenge_–_Singles,meani,0.589,28
2025-12-02 05:18:39,Qwen/Qwen3-8B,MMLU_selected_subjects,2002_Swisscom_Challenge_–_Singles,wordd,0.611,28
2025-12-02 05:18:52,Qwen/Qwen3-8B,MMLU_selected_subjects,Leonid_Azgaldyan,meani,0.571,28
2025-12-02 05:23:19,Qwen/Qwen3-8B,MMLU_selected_subjects,2002_Swisscom_Challenge_–_Singles,chara,0.572,28
2025-12-02 05:23:40,Qwen/Qwen3-8B,MMLU_selected_subjects,Leonid_Azgaldyan,wordd,0.600,28
2025-12-02 05:27:59,Qwen/Qwen3-8B,MMLU_selected_subjects,2004–05_Second_League_of_Serbia_and_Montenegro_–_Group_Serbia,clean,0.574,28
2025-12-02 05:28:40,Qwen/Qwen3-8B,MMLU_selected_subjects,Leonid_Azgaldyan,chara,0.548,28
2025-12-02 05:32:39,Qwen/Qwen3-8B,MMLU_selected_subjects,2004–05_Second_League_of_Serbia_and_Montenegro_–_Group_Serbia,meani,0.620,28
2025-12-02 05:33:32,Qwen/Qwen3-8B,MMLU_selected_subjects,Leonie_Krail,clean,0.553,28
2025-12-02 05:37:20,Qwen/Qwen3-8B,MMLU_selected_subjects,2004–05_Second_League_of_Serbia_and_Montenegro_–_Group_Serbia,wordd,0.582,28
2025-12-02 05:38:28,Qwen/Qwen3-8B,MMLU_selected_subjects,Leonie_Krail,meani,0.602,28
2025-12-02 05:42:22,Qwen/Qwen3-8B,MMLU_selected_subjects,2004–05_Second_League_of_Serbia_and_Montenegro_–_Group_Serbia,chara,0.557,28
2025-12-02 05:43:21,Qwen/Qwen3-8B,MMLU_selected_subjects,Leonie_Krail,wordd,0.605,28
2025-12-02 05:46:54,Qwen/Qwen3-8B,MMLU_selected_subjects,2006_Men's_Hockey_Hamburg_Masters,clean,0.592,28
2025-12-02 05:49:00,Qwen/Qwen3-8B,MMLU_selected_subjects,Leonie_Krail,chara,0.552,28
2025-12-02 05:51:19,Qwen/Qwen3-8B,MMLU_selected_subjects,2006_Men's_Hockey_Hamburg_Masters,meani,0.601,28
2025-12-02 05:54:01,Qwen/Qwen3-8B,MMLU_selected_subjects,Les_Cox,clean,0.554,28
2025-12-02 05:55:45,Qwen/Qwen3-8B,MMLU_selected_subjects,2006_Men's_Hockey_Hamburg_Masters,wordd,0.590,28
2025-12-02 05:58:28,Qwen/Qwen3-8B,MMLU_selected_subjects,Les_Cox,meani,0.578,28
2025-12-02 06:00:26,Qwen/Qwen3-8B,MMLU_selected_subjects,2006_Men's_Hockey_Hamburg_Masters,chara,0.561,28
2025-12-02 06:02:55,Qwen/Qwen3-8B,MMLU_selected_subjects,Les_Cox,wordd,0.612,28
2025-12-02 06:05:14,Qwen/Qwen3-8B,MMLU_selected_subjects,2008_Grand_National,clean,0.594,28
2025-12-02 06:07:39,Qwen/Qwen3-8B,MMLU_selected_subjects,Les_Cox,chara,0.566,28
2025-12-02 06:10:02,Qwen/Qwen3-8B,MMLU_selected_subjects,2008_Grand_National,meani,0.592,28
2025-12-02 06:12:32,Qwen/Qwen3-8B,MMLU_selected_subjects,Lesetja_Kganyago,clean,0.533,28
2025-12-02 06:14:52,Qwen/Qwen3-8B,MMLU_selected_subjects,2008_Grand_National,wordd,0.596,28
2025-12-02 06:17:24,Qwen/Qwen3-8B,MMLU_selected_subjects,Lesetja_Kganyago,meani,0.575,28
2025-12-02 06:20:13,Qwen/Qwen3-8B,MMLU_selected_subjects,2008_Grand_National,chara,0.533,28
2025-12-02 06:22:14,Qwen/Qwen3-8B,MMLU_selected_subjects,Lesetja_Kganyago,wordd,0.583,28
2025-12-02 06:25:11,Qwen/Qwen3-8B,MMLU_selected_subjects,2010_European_Junior_and_U23_Canoe_Slalom_Championships,clean,0.589,28
2025-12-02 06:27:41,Qwen/Qwen3-8B,MMLU_selected_subjects,Lesetja_Kganyago,chara,0.546,28
2025-12-02 06:30:18,Qwen/Qwen3-8B,MMLU_selected_subjects,2010_European_Junior_and_U23_Canoe_Slalom_Championships,meani,0.597,28
2025-12-02 06:32:21,Qwen/Qwen3-8B,MMLU_selected_subjects,Let's_Go_(Shawn_Desman_song),clean,0.534,28
2025-12-02 06:35:11,Qwen/Qwen3-8B,MMLU_selected_subjects,2010_European_Junior_and_U23_Canoe_Slalom_Championships,wordd,0.587,28
2025-12-02 06:37:05,Qwen/Qwen3-8B,MMLU_selected_subjects,Let's_Go_(Shawn_Desman_song),meani,0.570,28
2025-12-02 06:40:41,Qwen/Qwen3-8B,MMLU_selected_subjects,2010_European_Junior_and_U23_Canoe_Slalom_Championships,chara,0.512,28
2025-12-02 06:41:40,Qwen/Qwen3-8B,MMLU_selected_subjects,Let's_Go_(Shawn_Desman_song),wordd,0.566,28
2025-12-02 06:45:30,Qwen/Qwen3-8B,MMLU_selected_subjects,2012_Tampa_Bay_Rays_season,clean,0.593,28
2025-12-02 06:46:37,Qwen/Qwen3-8B,MMLU_selected_subjects,Let's_Go_(Shawn_Desman_song),chara,0.525,28
2025-12-02 06:50:24,Qwen/Qwen3-8B,MMLU_selected_subjects,2012_Tampa_Bay_Rays_season,meani,0.605,28
2025-12-02 06:51:02,Qwen/Qwen3-8B,MMLU_selected_subjects,Let_Them_Eat_Pussy,clean,0.571,28
2025-12-02 06:55:14,Qwen/Qwen3-8B,MMLU_selected_subjects,2012_Tampa_Bay_Rays_season,wordd,0.624,28
2025-12-02 06:55:25,Qwen/Qwen3-8B,MMLU_selected_subjects,Let_Them_Eat_Pussy,meani,0.577,28
2025-12-02 06:59:47,Qwen/Qwen3-8B,MMLU_selected_subjects,Let_Them_Eat_Pussy,wordd,0.608,28
2025-12-02 07:00:19,Qwen/Qwen3-8B,MMLU_selected_subjects,2012_Tampa_Bay_Rays_season,chara,0.546,28
2025-12-02 07:04:26,Qwen/Qwen3-8B,MMLU_selected_subjects,Let_Them_Eat_Pussy,chara,0.541,28
2025-12-02 07:04:55,Qwen/Qwen3-8B,MMLU_selected_subjects,2013_Wyoming_Cavalry_season,clean,0.606,28
2025-12-02 07:09:06,Qwen/Qwen3-8B,MMLU_selected_subjects,Letzi,clean,0.580,28
2025-12-02 07:09:39,Qwen/Qwen3-8B,MMLU_selected_subjects,2013_Wyoming_Cavalry_season,meani,0.602,28
2025-12-02 07:13:37,Qwen/Qwen3-8B,MMLU_selected_subjects,Letzi,meani,0.582,28
2025-12-02 07:14:13,Qwen/Qwen3-8B,MMLU_selected_subjects,2013_Wyoming_Cavalry_season,wordd,0.598,28
2025-12-02 07:18:06,Qwen/Qwen3-8B,MMLU_selected_subjects,Letzi,wordd,0.582,28
2025-12-02 07:19:13,Qwen/Qwen3-8B,MMLU_selected_subjects,2013_Wyoming_Cavalry_season,chara,0.508,28
2025-12-02 07:22:55,Qwen/Qwen3-8B,MMLU_selected_subjects,Letzi,chara,0.557,28
2025-12-02 07:23:46,Qwen/Qwen3-8B,MMLU_selected_subjects,2014_Georgia_lieutenant_gubernatorial_election,clean,0.571,28
2025-12-02 07:27:53,Qwen/Qwen3-8B,MMLU_selected_subjects,Lianjiang_County,clean,0.567,28
2025-12-02 07:28:12,Qwen/Qwen3-8B,MMLU_selected_subjects,2014_Georgia_lieutenant_gubernatorial_election,meani,0.604,28
2025-12-02 07:32:36,Qwen/Qwen3-8B,MMLU_selected_subjects,2014_Georgia_lieutenant_gubernatorial_election,wordd,0.588,28
2025-12-02 07:32:48,Qwen/Qwen3-8B,MMLU_selected_subjects,Lianjiang_County,meani,0.604,28
2025-12-02 07:37:18,Qwen/Qwen3-8B,MMLU_selected_subjects,2014_Georgia_lieutenant_gubernatorial_election,chara,0.555,28
2025-12-02 07:37:44,Qwen/Qwen3-8B,MMLU_selected_subjects,Lianjiang_County,wordd,0.575,28
2025-12-02 07:41:56,Qwen/Qwen3-8B,MMLU_selected_subjects,2015_WTA_125K_series,clean,0.563,28
2025-12-02 07:43:18,Qwen/Qwen3-8B,MMLU_selected_subjects,Lianjiang_County,chara,0.539,28
2025-12-02 07:46:35,Qwen/Qwen3-8B,MMLU_selected_subjects,2015_WTA_125K_series,meani,0.611,28
2025-12-02 07:47:53,Qwen/Qwen3-8B,MMLU_selected_subjects,Like_a_House_on_Fire,clean,0.603,28
2025-12-02 07:51:16,Qwen/Qwen3-8B,MMLU_selected_subjects,2015_WTA_125K_series,wordd,0.603,28
2025-12-02 07:52:27,Qwen/Qwen3-8B,MMLU_selected_subjects,Like_a_House_on_Fire,meani,0.591,28
2025-12-02 07:56:15,Qwen/Qwen3-8B,MMLU_selected_subjects,2015_WTA_125K_series,chara,0.531,28
2025-12-02 07:57:02,Qwen/Qwen3-8B,MMLU_selected_subjects,Like_a_House_on_Fire,wordd,0.583,28
2025-12-02 08:00:46,Qwen/Qwen3-8B,MMLU_selected_subjects,2016_Academy_Awards,clean,0.584,28
2025-12-02 08:02:03,Qwen/Qwen3-8B,MMLU_selected_subjects,Like_a_House_on_Fire,chara,0.552,28
2025-12-02 08:05:13,Qwen/Qwen3-8B,MMLU_selected_subjects,2016_Academy_Awards,meani,0.587,28
2025-12-02 08:06:38,Qwen/Qwen3-8B,MMLU_selected_subjects,"Lila,_Bohol",clean,0.571,28
2025-12-02 08:09:42,Qwen/Qwen3-8B,MMLU_selected_subjects,2016_Academy_Awards,wordd,0.586,28
2025-12-02 08:11:12,Qwen/Qwen3-8B,MMLU_selected_subjects,"Lila,_Bohol",meani,0.594,28
2025-12-02 08:14:27,Qwen/Qwen3-8B,MMLU_selected_subjects,2016_Academy_Awards,chara,0.540,28
2025-12-02 08:15:56,Qwen/Qwen3-8B,MMLU_selected_subjects,"Lila,_Bohol",wordd,0.594,28
2025-12-02 08:19:04,Qwen/Qwen3-8B,MMLU_selected_subjects,2016_Southern_Jaguars_football_team,clean,0.589,28
2025-12-02 08:20:46,Qwen/Qwen3-8B,MMLU_selected_subjects,"Lila,_Bohol",chara,0.539,28
2025-12-02 08:23:39,Qwen/Qwen3-8B,MMLU_selected_subjects,2016_Southern_Jaguars_football_team,meani,0.601,28
2025-12-02 08:25:16,Qwen/Qwen3-8B,MMLU_selected_subjects,Liladhar_Dake,clean,0.535,28
2025-12-02 08:28:14,Qwen/Qwen3-8B,MMLU_selected_subjects,2016_Southern_Jaguars_football_team,wordd,0.612,28
2025-12-02 08:29:43,Qwen/Qwen3-8B,MMLU_selected_subjects,Liladhar_Dake,meani,0.598,28
2025-12-02 08:33:19,Qwen/Qwen3-8B,MMLU_selected_subjects,2016_Southern_Jaguars_football_team,chara,0.567,28
2025-12-02 08:34:19,Qwen/Qwen3-8B,MMLU_selected_subjects,Liladhar_Dake,wordd,0.572,28
2025-12-02 08:37:46,Qwen/Qwen3-8B,MMLU_selected_subjects,2017_Prosperita_Open,clean,0.562,28
2025-12-02 08:39:02,Qwen/Qwen3-8B,MMLU_selected_subjects,Liladhar_Dake,chara,0.537,28
2025-12-02 08:42:12,Qwen/Qwen3-8B,MMLU_selected_subjects,2017_Prosperita_Open,meani,0.600,28
2025-12-02 08:43:33,Qwen/Qwen3-8B,MMLU_selected_subjects,Lima_District,clean,0.566,28
2025-12-02 08:46:37,Qwen/Qwen3-8B,MMLU_selected_subjects,2017_Prosperita_Open,wordd,0.580,28
2025-12-02 08:48:02,Qwen/Qwen3-8B,MMLU_selected_subjects,Lima_District,meani,0.596,28
2025-12-02 08:51:16,Qwen/Qwen3-8B,MMLU_selected_subjects,2017_Prosperita_Open,chara,0.561,28
2025-12-02 08:52:31,Qwen/Qwen3-8B,MMLU_selected_subjects,Lima_District,wordd,0.596,28
2025-12-02 08:56:07,Qwen/Qwen3-8B,MMLU_selected_subjects,2018_Coupe_de_la_Ligue_final,clean,0.596,28
2025-12-02 08:57:18,Qwen/Qwen3-8B,MMLU_selected_subjects,Lima_District,chara,0.539,28
2025-12-02 09:01:02,Qwen/Qwen3-8B,MMLU_selected_subjects,2018_Coupe_de_la_Ligue_final,meani,0.617,28
2025-12-02 09:01:42,Qwen/Qwen3-8B,MMLU_selected_subjects,Limery_Ridge_Savanna,clean,0.557,28
2025-12-02 09:05:52,Qwen/Qwen3-8B,MMLU_selected_subjects,2018_Coupe_de_la_Ligue_final,wordd,0.612,28
2025-12-02 09:06:04,Qwen/Qwen3-8B,MMLU_selected_subjects,Limery_Ridge_Savanna,meani,0.582,28
2025-12-02 09:10:38,Qwen/Qwen3-8B,MMLU_selected_subjects,Limery_Ridge_Savanna,wordd,0.601,28
2025-12-02 09:11:10,Qwen/Qwen3-8B,MMLU_selected_subjects,2018_Coupe_de_la_Ligue_final,chara,0.537,28
2025-12-02 09:15:16,Qwen/Qwen3-8B,MMLU_selected_subjects,Limery_Ridge_Savanna,chara,0.567,28
2025-12-02 09:15:56,Qwen/Qwen3-8B,MMLU_selected_subjects,2018_D.C._United_season,clean,0.583,28
2025-12-02 09:19:40,Qwen/Qwen3-8B,MMLU_selected_subjects,List_of_CONCACAF_competitions,clean,0.525,28
2025-12-02 09:20:40,Qwen/Qwen3-8B,MMLU_selected_subjects,2018_D.C._United_season,meani,0.603,28
2025-12-02 09:24:03,Qwen/Qwen3-8B,MMLU_selected_subjects,List_of_CONCACAF_competitions,meani,0.560,28
2025-12-02 09:25:26,Qwen/Qwen3-8B,MMLU_selected_subjects,2018_D.C._United_season,wordd,0.597,28
2025-12-02 09:28:34,Qwen/Qwen3-8B,MMLU_selected_subjects,List_of_CONCACAF_competitions,wordd,0.560,28
2025-12-02 09:30:48,Qwen/Qwen3-8B,MMLU_selected_subjects,2018_D.C._United_season,chara,0.528,28
2025-12-02 09:33:37,Qwen/Qwen3-8B,MMLU_selected_subjects,List_of_CONCACAF_competitions,chara,0.519,28
2025-12-02 09:36:09,Qwen/Qwen3-8B,MMLU_selected_subjects,2018_Eliteserien,clean,0.591,28
2025-12-02 09:38:53,Qwen/Qwen3-8B,MMLU_selected_subjects,List_of_FIFA_World_Cup_songs_and_anthems,clean,0.576,28
2025-12-02 09:41:21,Qwen/Qwen3-8B,MMLU_selected_subjects,2018_Eliteserien,meani,0.624,28
2025-12-02 09:43:55,Qwen/Qwen3-8B,MMLU_selected_subjects,List_of_FIFA_World_Cup_songs_and_anthems,meani,0.573,28
2025-12-02 09:46:35,Qwen/Qwen3-8B,MMLU_selected_subjects,2018_Eliteserien,wordd,0.582,28
2025-12-02 09:48:56,Qwen/Qwen3-8B,MMLU_selected_subjects,List_of_FIFA_World_Cup_songs_and_anthems,wordd,0.564,28
2025-12-02 09:52:13,Qwen/Qwen3-8B,MMLU_selected_subjects,2018_Eliteserien,chara,0.555,28
2025-12-02 09:54:38,Qwen/Qwen3-8B,MMLU_selected_subjects,List_of_FIFA_World_Cup_songs_and_anthems,chara,0.550,28
2025-12-02 09:56:46,Qwen/Qwen3-8B,MMLU_selected_subjects,2018_Women's_Regional_Super50,clean,0.601,28
2025-12-02 09:59:13,Qwen/Qwen3-8B,MMLU_selected_subjects,List_of_Gambit_Esports_CS:GO_tournament_results,clean,0.553,28
2025-12-02 10:01:18,Qwen/Qwen3-8B,MMLU_selected_subjects,2018_Women's_Regional_Super50,meani,0.606,28
2025-12-02 10:03:40,Qwen/Qwen3-8B,MMLU_selected_subjects,List_of_Gambit_Esports_CS:GO_tournament_results,meani,0.575,28
2025-12-02 10:05:51,Qwen/Qwen3-8B,MMLU_selected_subjects,2018_Women's_Regional_Super50,wordd,0.597,28
2025-12-02 10:08:05,Qwen/Qwen3-8B,MMLU_selected_subjects,List_of_Gambit_Esports_CS:GO_tournament_results,wordd,0.584,28
2025-12-02 10:10:47,Qwen/Qwen3-8B,MMLU_selected_subjects,2018_Women's_Regional_Super50,chara,0.541,28
2025-12-02 10:12:51,Qwen/Qwen3-8B,MMLU_selected_subjects,List_of_Gambit_Esports_CS:GO_tournament_results,chara,0.552,28
2025-12-02 10:15:16,Qwen/Qwen3-8B,MMLU_selected_subjects,2019_Europe's_Strongest_Man,clean,0.598,28
2025-12-02 10:17:31,Qwen/Qwen3-8B,MMLU_selected_subjects,List_of_Kamen_Rider_W_episodes,clean,0.572,28
2025-12-02 10:19:45,Qwen/Qwen3-8B,MMLU_selected_subjects,2019_Europe's_Strongest_Man,meani,0.594,28
2025-12-02 10:22:14,Qwen/Qwen3-8B,MMLU_selected_subjects,List_of_Kamen_Rider_W_episodes,meani,0.593,28
2025-12-02 10:24:14,Qwen/Qwen3-8B,MMLU_selected_subjects,2019_Europe's_Strongest_Man,wordd,0.588,28
2025-12-02 10:26:53,Qwen/Qwen3-8B,MMLU_selected_subjects,List_of_Kamen_Rider_W_episodes,wordd,0.557,28
2025-12-02 10:28:57,Qwen/Qwen3-8B,MMLU_selected_subjects,2019_Europe's_Strongest_Man,chara,0.516,28
2025-12-02 10:32:00,Qwen/Qwen3-8B,MMLU_selected_subjects,List_of_Kamen_Rider_W_episodes,chara,0.539,28
2025-12-02 10:33:29,Qwen/Qwen3-8B,MMLU_selected_subjects,2019_OKC_Energy_FC_season,clean,0.584,28
2025-12-02 10:36:40,Qwen/Qwen3-8B,MMLU_selected_subjects,List_of_LGBTQ-related_films,clean,0.621,28
2025-12-02 10:38:00,Qwen/Qwen3-8B,MMLU_selected_subjects,2019_OKC_Energy_FC_season,meani,0.614,28
2025-12-02 10:41:22,Qwen/Qwen3-8B,MMLU_selected_subjects,List_of_LGBTQ-related_films,meani,0.590,28
2025-12-02 10:42:38,Qwen/Qwen3-8B,MMLU_selected_subjects,2019_OKC_Energy_FC_season,wordd,0.612,28
2025-12-02 10:46:27,Qwen/Qwen3-8B,MMLU_selected_subjects,List_of_LGBTQ-related_films,wordd,0.589,28
2025-12-02 10:48:03,Qwen/Qwen3-8B,MMLU_selected_subjects,2019_OKC_Energy_FC_season,chara,0.534,28
2025-12-02 10:52:49,Qwen/Qwen3-8B,MMLU_selected_subjects,List_of_LGBTQ-related_films,chara,0.520,28
2025-12-02 10:54:07,Qwen/Qwen3-8B,MMLU_selected_subjects,2019–20_Nemzeti_Bajnokság_III,clean,0.593,28
2025-12-02 10:59:13,Qwen/Qwen3-8B,MMLU_selected_subjects,List_of_Standard_Comics_publications,clean,0.600,28
2025-12-02 11:00:51,Qwen/Qwen3-8B,MMLU_selected_subjects,2019–20_Nemzeti_Bajnokság_III,meani,0.593,28
2025-12-02 11:05:32,Qwen/Qwen3-8B,MMLU_selected_subjects,List_of_Standard_Comics_publications,meani,0.599,28
2025-12-02 11:07:13,Qwen/Qwen3-8B,MMLU_selected_subjects,2019–20_Nemzeti_Bajnokság_III,wordd,0.578,28
2025-12-02 11:11:21,Qwen/Qwen3-8B,MMLU_selected_subjects,List_of_Standard_Comics_publications,wordd,0.589,28
2025-12-02 11:13:40,Qwen/Qwen3-8B,MMLU_selected_subjects,2019–20_Nemzeti_Bajnokság_III,chara,0.557,28
2025-12-02 11:17:23,Qwen/Qwen3-8B,MMLU_selected_subjects,List_of_Standard_Comics_publications,chara,0.546,28
2025-12-02 11:19:20,Qwen/Qwen3-8B,MMLU_selected_subjects,2020_Porsche_Carrera_Cup_Scandinavia,clean,0.584,28
2025-12-02 11:22:37,Qwen/Qwen3-8B,MMLU_selected_subjects,List_of_The_Shield_episodes,clean,0.569,28
2025-12-02 11:24:48,Qwen/Qwen3-8B,MMLU_selected_subjects,2020_Porsche_Carrera_Cup_Scandinavia,meani,0.608,28
2025-12-02 11:27:37,Qwen/Qwen3-8B,MMLU_selected_subjects,List_of_The_Shield_episodes,meani,0.587,28
2025-12-02 11:30:19,Qwen/Qwen3-8B,MMLU_selected_subjects,2020_Porsche_Carrera_Cup_Scandinavia,wordd,0.569,28
2025-12-02 11:33:11,Qwen/Qwen3-8B,MMLU_selected_subjects,List_of_The_Shield_episodes,wordd,0.607,28
2025-12-02 11:37:01,Qwen/Qwen3-8B,MMLU_selected_subjects,2020_Porsche_Carrera_Cup_Scandinavia,chara,0.566,28
2025-12-02 11:39:38,Qwen/Qwen3-8B,MMLU_selected_subjects,List_of_The_Shield_episodes,chara,0.532,28
2025-12-02 11:43:30,Qwen/Qwen3-8B,MMLU_selected_subjects,2020–21_Championnat_National_3,clean,0.602,28
2025-12-02 11:45:43,Qwen/Qwen3-8B,MMLU_selected_subjects,List_of_Virtual_Console_games_for_Wii_(South_Korea),clean,0.618,28
2025-12-02 11:49:30,Qwen/Qwen3-8B,MMLU_selected_subjects,2020–21_Championnat_National_3,meani,0.601,28
2025-12-02 11:51:28,Qwen/Qwen3-8B,MMLU_selected_subjects,List_of_Virtual_Console_games_for_Wii_(South_Korea),meani,0.607,28
2025-12-02 11:55:10,Qwen/Qwen3-8B,MMLU_selected_subjects,2020–21_Championnat_National_3,wordd,0.610,28
2025-12-02 11:57:05,Qwen/Qwen3-8B,MMLU_selected_subjects,List_of_Virtual_Console_games_for_Wii_(South_Korea),wordd,0.597,28
2025-12-02 12:01:26,Qwen/Qwen3-8B,MMLU_selected_subjects,2020–21_Championnat_National_3,chara,0.548,28
2025-12-02 12:03:09,Qwen/Qwen3-8B,MMLU_selected_subjects,List_of_Virtual_Console_games_for_Wii_(South_Korea),chara,0.539,28
2025-12-02 12:06:26,Qwen/Qwen3-8B,MMLU_selected_subjects,2021_Motocross_des_Nations,clean,0.589,28
2025-12-02 12:07:55,Qwen/Qwen3-8B,MMLU_selected_subjects,List_of_educational_institutions_in_Perambalur_district,clean,0.550,28
2025-12-02 12:11:09,Qwen/Qwen3-8B,MMLU_selected_subjects,2021_Motocross_des_Nations,meani,0.594,28
2025-12-02 12:12:38,Qwen/Qwen3-8B,MMLU_selected_subjects,List_of_educational_institutions_in_Perambalur_district,meani,0.596,28
2025-12-02 12:15:55,Qwen/Qwen3-8B,MMLU_selected_subjects,2021_Motocross_des_Nations,wordd,0.593,28
2025-12-02 12:17:24,Qwen/Qwen3-8B,MMLU_selected_subjects,List_of_educational_institutions_in_Perambalur_district,wordd,0.601,28
2025-12-02 12:20:52,Qwen/Qwen3-8B,MMLU_selected_subjects,2021_Motocross_des_Nations,chara,0.542,28
2025-12-02 12:22:22,Qwen/Qwen3-8B,MMLU_selected_subjects,List_of_educational_institutions_in_Perambalur_district,chara,0.518,28
2025-12-02 12:25:55,Qwen/Qwen3-8B,MMLU_selected_subjects,2021_Sochi_Formula_3_round,clean,0.580,28
2025-12-02 12:27:11,Qwen/Qwen3-8B,MMLU_selected_subjects,List_of_grape_varieties,clean,0.618,28
2025-12-02 12:30:55,Qwen/Qwen3-8B,MMLU_selected_subjects,2021_Sochi_Formula_3_round,meani,0.577,28
2025-12-02 12:32:01,Qwen/Qwen3-8B,MMLU_selected_subjects,List_of_grape_varieties,meani,0.585,28
2025-12-02 12:35:56,Qwen/Qwen3-8B,MMLU_selected_subjects,2021_Sochi_Formula_3_round,wordd,0.594,28
2025-12-02 12:36:47,Qwen/Qwen3-8B,MMLU_selected_subjects,List_of_grape_varieties,wordd,0.585,28
2025-12-02 12:41:28,Qwen/Qwen3-8B,MMLU_selected_subjects,2021_Sochi_Formula_3_round,chara,0.526,28
2025-12-02 12:42:01,Qwen/Qwen3-8B,MMLU_selected_subjects,List_of_grape_varieties,chara,0.505,28
2025-12-02 12:46:13,Qwen/Qwen3-8B,MMLU_selected_subjects,2021–22_FC_St._Gallen_season,clean,0.594,28
2025-12-02 12:46:43,Qwen/Qwen3-8B,MMLU_selected_subjects,List_of_members_of_the_National_Assembly_of_Zambia_(1978–1983),clean,0.574,28
2025-12-02 12:50:55,Qwen/Qwen3-8B,MMLU_selected_subjects,2021–22_FC_St._Gallen_season,meani,0.600,28
2025-12-02 12:51:28,Qwen/Qwen3-8B,MMLU_selected_subjects,List_of_members_of_the_National_Assembly_of_Zambia_(1978–1983),meani,0.597,28
2025-12-02 12:55:38,Qwen/Qwen3-8B,MMLU_selected_subjects,2021–22_FC_St._Gallen_season,wordd,0.593,28
2025-12-02 12:56:13,Qwen/Qwen3-8B,MMLU_selected_subjects,List_of_members_of_the_National_Assembly_of_Zambia_(1978–1983),wordd,0.605,28
2025-12-02 13:00:38,Qwen/Qwen3-8B,MMLU_selected_subjects,2021–22_FC_St._Gallen_season,chara,0.550,28
2025-12-02 13:01:16,Qwen/Qwen3-8B,MMLU_selected_subjects,List_of_members_of_the_National_Assembly_of_Zambia_(1978–1983),chara,0.576,28
2025-12-02 13:05:31,Qwen/Qwen3-8B,MMLU_selected_subjects,2022_Badminton_Asia_Team_Championships_women's_team_squads,clean,0.581,28
2025-12-02 13:05:58,Qwen/Qwen3-8B,MMLU_selected_subjects,List_of_places_in_Fife,clean,0.605,28
2025-12-02 13:10:23,Qwen/Qwen3-8B,MMLU_selected_subjects,2022_Badminton_Asia_Team_Championships_women's_team_squads,meani,0.617,28
2025-12-02 13:10:44,Qwen/Qwen3-8B,MMLU_selected_subjects,List_of_places_in_Fife,meani,0.604,28
2025-12-02 13:15:16,Qwen/Qwen3-8B,MMLU_selected_subjects,2022_Badminton_Asia_Team_Championships_women's_team_squads,wordd,0.593,28
2025-12-02 13:15:31,Qwen/Qwen3-8B,MMLU_selected_subjects,List_of_places_in_Fife,wordd,0.607,28
2025-12-02 13:20:32,Qwen/Qwen3-8B,MMLU_selected_subjects,List_of_places_in_Fife,chara,0.522,28
2025-12-02 13:20:40,Qwen/Qwen3-8B,MMLU_selected_subjects,2022_Badminton_Asia_Team_Championships_women's_team_squads,chara,0.547,28
2025-12-02 13:25:19,Qwen/Qwen3-8B,MMLU_selected_subjects,List_of_ports_and_harbours_of_Andhra_Pradesh,clean,0.575,28
2025-12-02 13:25:38,Qwen/Qwen3-8B,MMLU_selected_subjects,2022_Martensville_International,clean,0.595,28
2025-12-02 13:30:06,Qwen/Qwen3-8B,MMLU_selected_subjects,List_of_ports_and_harbours_of_Andhra_Pradesh,meani,0.608,28
2025-12-02 13:30:36,Qwen/Qwen3-8B,MMLU_selected_subjects,2022_Martensville_International,meani,0.605,28
2025-12-02 13:34:56,Qwen/Qwen3-8B,MMLU_selected_subjects,List_of_ports_and_harbours_of_Andhra_Pradesh,wordd,0.580,28
2025-12-02 13:35:38,Qwen/Qwen3-8B,MMLU_selected_subjects,2022_Martensville_International,wordd,0.595,28
2025-12-02 13:40:02,Qwen/Qwen3-8B,MMLU_selected_subjects,List_of_ports_and_harbours_of_Andhra_Pradesh,chara,0.537,28
2025-12-02 13:41:02,Qwen/Qwen3-8B,MMLU_selected_subjects,2022_Martensville_International,chara,0.550,28
2025-12-02 13:44:54,Qwen/Qwen3-8B,MMLU_selected_subjects,List_of_professional_sports_teams_in_Canada_by_city,clean,0.595,28
2025-12-02 13:45:58,Qwen/Qwen3-8B,MMLU_selected_subjects,2022_Swiss_Indoors_–_Singles,clean,0.585,28
2025-12-02 13:49:48,Qwen/Qwen3-8B,MMLU_selected_subjects,List_of_professional_sports_teams_in_Canada_by_city,meani,0.595,28
2025-12-02 13:50:57,Qwen/Qwen3-8B,MMLU_selected_subjects,2022_Swiss_Indoors_–_Singles,meani,0.588,28
2025-12-02 13:54:45,Qwen/Qwen3-8B,MMLU_selected_subjects,List_of_professional_sports_teams_in_Canada_by_city,wordd,0.609,28
2025-12-02 13:55:51,Qwen/Qwen3-8B,MMLU_selected_subjects,2022_Swiss_Indoors_–_Singles,wordd,0.583,28
2025-12-02 13:59:59,Qwen/Qwen3-8B,MMLU_selected_subjects,List_of_professional_sports_teams_in_Canada_by_city,chara,0.525,28
2025-12-02 14:00:58,Qwen/Qwen3-8B,MMLU_selected_subjects,2022_Swiss_Indoors_–_Singles,chara,0.565,28
2025-12-02 14:04:33,Qwen/Qwen3-8B,MMLU_selected_subjects,List_of_programs_broadcast_by_SolarFlix,clean,0.560,28
2025-12-02 14:05:37,Qwen/Qwen3-8B,MMLU_selected_subjects,2023_Mountain_West_Conference_men's_basketball_tournament,clean,0.595,28
2025-12-02 14:09:20,Qwen/Qwen3-8B,MMLU_selected_subjects,List_of_programs_broadcast_by_SolarFlix,meani,0.602,28
2025-12-02 14:10:14,Qwen/Qwen3-8B,MMLU_selected_subjects,2023_Mountain_West_Conference_men's_basketball_tournament,meani,0.609,28
2025-12-02 14:13:56,Qwen/Qwen3-8B,MMLU_selected_subjects,List_of_programs_broadcast_by_SolarFlix,wordd,0.598,28
2025-12-02 14:14:53,Qwen/Qwen3-8B,MMLU_selected_subjects,2023_Mountain_West_Conference_men's_basketball_tournament,wordd,0.596,28
2025-12-02 14:18:53,Qwen/Qwen3-8B,MMLU_selected_subjects,List_of_programs_broadcast_by_SolarFlix,chara,0.511,28
2025-12-02 14:19:55,Qwen/Qwen3-8B,MMLU_selected_subjects,2023_Mountain_West_Conference_men's_basketball_tournament,chara,0.522,28
2025-12-02 14:23:41,Qwen/Qwen3-8B,MMLU_selected_subjects,Listed_buildings_in_East_Layton,clean,0.574,28
2025-12-02 14:24:56,Qwen/Qwen3-8B,MMLU_selected_subjects,2023_World_Athletics_Rankings,clean,0.535,28
2025-12-02 14:28:26,Qwen/Qwen3-8B,MMLU_selected_subjects,Listed_buildings_in_East_Layton,meani,0.585,28
2025-12-02 14:29:56,Qwen/Qwen3-8B,MMLU_selected_subjects,2023_World_Athletics_Rankings,meani,0.577,28
2025-12-02 14:33:13,Qwen/Qwen3-8B,MMLU_selected_subjects,Listed_buildings_in_East_Layton,wordd,0.585,28
2025-12-02 14:34:55,Qwen/Qwen3-8B,MMLU_selected_subjects,2023_World_Athletics_Rankings,wordd,0.571,28
2025-12-02 14:38:41,Qwen/Qwen3-8B,MMLU_selected_subjects,Listed_buildings_in_East_Layton,chara,0.548,28
2025-12-02 14:40:38,Qwen/Qwen3-8B,MMLU_selected_subjects,2023_World_Athletics_Rankings,chara,0.524,28
2025-12-02 14:43:23,Qwen/Qwen3-8B,MMLU_selected_subjects,Listed_buildings_in_High_Worsall,clean,0.570,28
2025-12-02 14:45:40,Qwen/Qwen3-8B,MMLU_selected_subjects,2024_Newcastle_Rugby_League_Season,clean,0.597,28
2025-12-02 14:48:01,Qwen/Qwen3-8B,MMLU_selected_subjects,Listed_buildings_in_High_Worsall,meani,0.584,28
2025-12-02 14:50:36,Qwen/Qwen3-8B,MMLU_selected_subjects,2024_Newcastle_Rugby_League_Season,meani,0.616,28
2025-12-02 14:52:39,Qwen/Qwen3-8B,MMLU_selected_subjects,Listed_buildings_in_High_Worsall,wordd,0.557,28
2025-12-02 14:55:31,Qwen/Qwen3-8B,MMLU_selected_subjects,2024_Newcastle_Rugby_League_Season,wordd,0.591,28
2025-12-02 14:57:45,Qwen/Qwen3-8B,MMLU_selected_subjects,Listed_buildings_in_High_Worsall,chara,0.559,28
2025-12-02 15:01:07,Qwen/Qwen3-8B,MMLU_selected_subjects,2024_Newcastle_Rugby_League_Season,chara,0.522,28
2025-12-02 15:02:18,Qwen/Qwen3-8B,MMLU_selected_subjects,Little_Goat_Island,clean,0.572,28
2025-12-02 15:05:40,Qwen/Qwen3-8B,MMLU_selected_subjects,2024_North_Tyneside_Metropolitan_Borough_Council_election,clean,0.583,28
2025-12-02 15:06:51,Qwen/Qwen3-8B,MMLU_selected_subjects,Little_Goat_Island,meani,0.572,28
2025-12-02 15:10:14,Qwen/Qwen3-8B,MMLU_selected_subjects,2024_North_Tyneside_Metropolitan_Borough_Council_election,meani,0.597,28
2025-12-02 15:11:28,Qwen/Qwen3-8B,MMLU_selected_subjects,Little_Goat_Island,wordd,0.586,28
2025-12-02 15:14:45,Qwen/Qwen3-8B,MMLU_selected_subjects,2024_North_Tyneside_Metropolitan_Borough_Council_election,wordd,0.600,28
2025-12-02 15:16:22,Qwen/Qwen3-8B,MMLU_selected_subjects,Little_Goat_Island,chara,0.516,28
2025-12-02 15:19:34,Qwen/Qwen3-8B,MMLU_selected_subjects,2024_North_Tyneside_Metropolitan_Borough_Council_election,chara,0.521,28
2025-12-02 15:21:01,Qwen/Qwen3-8B,MMLU_selected_subjects,Little_House_in_the_Big_Woods,clean,0.584,28
2025-12-02 15:24:04,Qwen/Qwen3-8B,MMLU_selected_subjects,2024_end-of-year_rugby_union_internationals,clean,0.591,28
2025-12-02 15:25:41,Qwen/Qwen3-8B,MMLU_selected_subjects,Little_House_in_the_Big_Woods,meani,0.616,28
2025-12-02 15:28:32,Qwen/Qwen3-8B,MMLU_selected_subjects,2024_end-of-year_rugby_union_internationals,meani,0.595,28
2025-12-02 15:30:18,Qwen/Qwen3-8B,MMLU_selected_subjects,Little_House_in_the_Big_Woods,wordd,0.611,28
2025-12-02 15:33:05,Qwen/Qwen3-8B,MMLU_selected_subjects,2024_end-of-year_rugby_union_internationals,wordd,0.585,28
2025-12-02 15:35:12,Qwen/Qwen3-8B,MMLU_selected_subjects,Little_House_in_the_Big_Woods,chara,0.555,28
2025-12-02 15:37:50,Qwen/Qwen3-8B,MMLU_selected_subjects,2024_end-of-year_rugby_union_internationals,chara,0.539,28
2025-12-02 15:39:52,Qwen/Qwen3-8B,MMLU_selected_subjects,Living_Heritage_Tree_Museum,clean,0.566,28
2025-12-02 15:42:27,Qwen/Qwen3-8B,MMLU_selected_subjects,2024–25_Siena_Saints_men's_basketball_team,clean,0.591,28
2025-12-02 15:44:28,Qwen/Qwen3-8B,MMLU_selected_subjects,Living_Heritage_Tree_Museum,meani,0.570,28
2025-12-02 15:47:04,Qwen/Qwen3-8B,MMLU_selected_subjects,2024–25_Siena_Saints_men's_basketball_team,meani,0.609,28
2025-12-02 15:49:08,Qwen/Qwen3-8B,MMLU_selected_subjects,Living_Heritage_Tree_Museum,wordd,0.591,28
2025-12-02 15:51:42,Qwen/Qwen3-8B,MMLU_selected_subjects,2024–25_Siena_Saints_men's_basketball_team,wordd,0.601,28
2025-12-02 15:54:07,Qwen/Qwen3-8B,MMLU_selected_subjects,Living_Heritage_Tree_Museum,chara,0.517,28
2025-12-02 15:56:41,Qwen/Qwen3-8B,MMLU_selected_subjects,2024–25_Siena_Saints_men's_basketball_team,chara,0.554,28
2025-12-02 15:58:54,Qwen/Qwen3-8B,MMLU_selected_subjects,Liza_Burgess,clean,0.570,28
2025-12-02 16:01:27,Qwen/Qwen3-8B,MMLU_selected_subjects,2025_Assens_municipal_election,clean,0.594,28
2025-12-02 16:03:48,Qwen/Qwen3-8B,MMLU_selected_subjects,Liza_Burgess,meani,0.603,28
2025-12-02 16:06:10,Qwen/Qwen3-8B,MMLU_selected_subjects,2025_Assens_municipal_election,meani,0.610,28
2025-12-02 16:08:31,Qwen/Qwen3-8B,MMLU_selected_subjects,Liza_Burgess,wordd,0.613,28
2025-12-02 16:10:50,Qwen/Qwen3-8B,MMLU_selected_subjects,2025_Assens_municipal_election,wordd,0.600,28
2025-12-02 16:13:35,Qwen/Qwen3-8B,MMLU_selected_subjects,Liza_Burgess,chara,0.553,28
2025-12-02 16:15:42,Qwen/Qwen3-8B,MMLU_selected_subjects,2025_Assens_municipal_election,chara,0.524,28
2025-12-02 16:18:23,Qwen/Qwen3-8B,MMLU_selected_subjects,Lolium_rigidum,clean,0.570,28
2025-12-02 16:20:34,Qwen/Qwen3-8B,MMLU_selected_subjects,2025_Challenger_Córdoba,clean,0.543,28
2025-12-02 16:23:12,Qwen/Qwen3-8B,MMLU_selected_subjects,Lolium_rigidum,meani,0.596,28
2025-12-02 16:25:13,Qwen/Qwen3-8B,MMLU_selected_subjects,2025_Challenger_Córdoba,meani,0.591,28
2025-12-02 16:27:57,Qwen/Qwen3-8B,MMLU_selected_subjects,Lolium_rigidum,wordd,0.576,28
2025-12-02 16:29:54,Qwen/Qwen3-8B,MMLU_selected_subjects,2025_Challenger_Córdoba,wordd,0.588,28
2025-12-02 16:33:06,Qwen/Qwen3-8B,MMLU_selected_subjects,Lolium_rigidum,chara,0.519,28
2025-12-02 16:35:05,Qwen/Qwen3-8B,MMLU_selected_subjects,2025_Challenger_Córdoba,chara,0.542,28
2025-12-02 16:37:56,Qwen/Qwen3-8B,MMLU_selected_subjects,London_Bridge_(Dublin),clean,0.579,28
2025-12-02 16:39:39,Qwen/Qwen3-8B,MMLU_selected_subjects,2025_Città_di_Como_Challenger,clean,0.557,28
2025-12-02 16:42:51,Qwen/Qwen3-8B,MMLU_selected_subjects,London_Bridge_(Dublin),meani,0.586,28
2025-12-02 16:44:18,Qwen/Qwen3-8B,MMLU_selected_subjects,2025_Città_di_Como_Challenger,meani,0.564,28
2025-12-02 16:47:57,Qwen/Qwen3-8B,MMLU_selected_subjects,London_Bridge_(Dublin),wordd,0.584,28
2025-12-02 16:48:59,Qwen/Qwen3-8B,MMLU_selected_subjects,2025_Città_di_Como_Challenger,wordd,0.559,28
2025-12-02 16:53:12,Qwen/Qwen3-8B,MMLU_selected_subjects,London_Bridge_(Dublin),chara,0.569,28
2025-12-02 16:53:59,Qwen/Qwen3-8B,MMLU_selected_subjects,2025_Città_di_Como_Challenger,chara,0.540,28
2025-12-02 16:57:43,Qwen/Qwen3-8B,MMLU_selected_subjects,Longlevens_A.F.C.,clean,0.530,28
2025-12-02 16:58:51,Qwen/Qwen3-8B,MMLU_selected_subjects,2025_Szczecin_Open_–_Doubles,clean,0.569,28
2025-12-02 17:02:17,Qwen/Qwen3-8B,MMLU_selected_subjects,Longlevens_A.F.C.,meani,0.553,28
2025-12-02 17:03:43,Qwen/Qwen3-8B,MMLU_selected_subjects,2025_Szczecin_Open_–_Doubles,meani,0.581,28
2025-12-02 17:06:48,Qwen/Qwen3-8B,MMLU_selected_subjects,Longlevens_A.F.C.,wordd,0.592,28
2025-12-02 17:08:33,Qwen/Qwen3-8B,MMLU_selected_subjects,2025_Szczecin_Open_–_Doubles,wordd,0.596,28
2025-12-02 17:11:32,Qwen/Qwen3-8B,MMLU_selected_subjects,Longlevens_A.F.C.,chara,0.550,28
2025-12-02 17:13:36,Qwen/Qwen3-8B,MMLU_selected_subjects,2025_Szczecin_Open_–_Doubles,chara,0.542,28
2025-12-02 17:16:15,Qwen/Qwen3-8B,MMLU_selected_subjects,Loris,clean,0.519,28
2025-12-02 17:18:17,Qwen/Qwen3-8B,MMLU_selected_subjects,2026_FIFA_World_Cup_qualification_(UEFA),clean,0.576,28
2025-12-02 17:20:59,Qwen/Qwen3-8B,MMLU_selected_subjects,Loris,meani,0.557,28
2025-12-02 17:23:00,Qwen/Qwen3-8B,MMLU_selected_subjects,2026_FIFA_World_Cup_qualification_(UEFA),meani,0.601,28
2025-12-02 17:25:42,Qwen/Qwen3-8B,MMLU_selected_subjects,Loris,wordd,0.589,28
2025-12-02 17:27:38,Qwen/Qwen3-8B,MMLU_selected_subjects,2026_FIFA_World_Cup_qualification_(UEFA),wordd,0.605,28
2025-12-02 17:30:37,Qwen/Qwen3-8B,MMLU_selected_subjects,Loris,chara,0.558,28
2025-12-02 17:32:37,Qwen/Qwen3-8B,MMLU_selected_subjects,2026_FIFA_World_Cup_qualification_(UEFA),chara,0.545,28
2025-12-02 17:35:22,Qwen/Qwen3-8B,MMLU_selected_subjects,Lornoxicam,clean,0.548,28
2025-12-02 17:37:21,Qwen/Qwen3-8B,MMLU_selected_subjects,42-line_field_gun_M1877,clean,0.582,28
2025-12-02 17:40:09,Qwen/Qwen3-8B,MMLU_selected_subjects,Lornoxicam,meani,0.608,28
2025-12-02 17:42:04,Qwen/Qwen3-8B,MMLU_selected_subjects,42-line_field_gun_M1877,meani,0.575,28
2025-12-02 17:45:02,Qwen/Qwen3-8B,MMLU_selected_subjects,Lornoxicam,wordd,0.583,28
2025-12-02 17:46:48,Qwen/Qwen3-8B,MMLU_selected_subjects,42-line_field_gun_M1877,wordd,0.578,28
2025-12-02 17:50:07,Qwen/Qwen3-8B,MMLU_selected_subjects,Lornoxicam,chara,0.534,28
2025-12-02 17:51:50,Qwen/Qwen3-8B,MMLU_selected_subjects,42-line_field_gun_M1877,chara,0.529,28
2025-12-02 17:54:45,Qwen/Qwen3-8B,MMLU_selected_subjects,Lost_Money_(1933_film),clean,0.610,28
2025-12-02 17:56:33,Qwen/Qwen3-8B,MMLU_selected_subjects,487_Venetia,clean,0.555,28
2025-12-02 17:59:19,Qwen/Qwen3-8B,MMLU_selected_subjects,Lost_Money_(1933_film),meani,0.587,28
2025-12-02 18:01:16,Qwen/Qwen3-8B,MMLU_selected_subjects,487_Venetia,meani,0.577,28
2025-12-02 18:03:54,Qwen/Qwen3-8B,MMLU_selected_subjects,Lost_Money_(1933_film),wordd,0.594,28
2025-12-02 18:06:04,Qwen/Qwen3-8B,MMLU_selected_subjects,487_Venetia,wordd,0.586,28
2025-12-02 18:08:56,Qwen/Qwen3-8B,MMLU_selected_subjects,Lost_Money_(1933_film),chara,0.541,28
2025-12-02 18:11:09,Qwen/Qwen3-8B,MMLU_selected_subjects,487_Venetia,chara,0.537,28
2025-12-02 18:13:32,Qwen/Qwen3-8B,MMLU_selected_subjects,Louis_Rosenhead,clean,0.536,28
2025-12-02 18:15:53,Qwen/Qwen3-8B,MMLU_selected_subjects,7th_Sea_(role-playing_game),clean,0.558,28
2025-12-02 18:18:09,Qwen/Qwen3-8B,MMLU_selected_subjects,Louis_Rosenhead,meani,0.596,28
2025-12-02 18:20:36,Qwen/Qwen3-8B,MMLU_selected_subjects,7th_Sea_(role-playing_game),meani,0.569,28
2025-12-02 18:22:43,Qwen/Qwen3-8B,MMLU_selected_subjects,Louis_Rosenhead,wordd,0.585,28
2025-12-02 18:25:23,Qwen/Qwen3-8B,MMLU_selected_subjects,7th_Sea_(role-playing_game),wordd,0.591,28
2025-12-02 18:27:30,Qwen/Qwen3-8B,MMLU_selected_subjects,Louis_Rosenhead,chara,0.561,28
2025-12-02 18:30:27,Qwen/Qwen3-8B,MMLU_selected_subjects,7th_Sea_(role-playing_game),chara,0.551,28
2025-12-02 18:32:29,Qwen/Qwen3-8B,MMLU_selected_subjects,Love_Flight,clean,0.567,28
2025-12-02 18:35:09,Qwen/Qwen3-8B,MMLU_selected_subjects,A._Kimberley_McAllister,clean,0.476,28
2025-12-02 18:37:28,Qwen/Qwen3-8B,MMLU_selected_subjects,Love_Flight,meani,0.598,28
2025-12-02 18:39:50,Qwen/Qwen3-8B,MMLU_selected_subjects,A._Kimberley_McAllister,meani,0.567,28
2025-12-02 18:42:23,Qwen/Qwen3-8B,MMLU_selected_subjects,Love_Flight,wordd,0.594,28
2025-12-02 18:44:29,Qwen/Qwen3-8B,MMLU_selected_subjects,A._Kimberley_McAllister,wordd,0.583,28
2025-12-02 18:47:33,Qwen/Qwen3-8B,MMLU_selected_subjects,Love_Flight,chara,0.547,28
2025-12-02 18:49:29,Qwen/Qwen3-8B,MMLU_selected_subjects,A._Kimberley_McAllister,chara,0.530,28
2025-12-02 18:52:05,Qwen/Qwen3-8B,MMLU_selected_subjects,Luciana_(given_name),clean,0.561,28
2025-12-02 18:54:08,Qwen/Qwen3-8B,MMLU_selected_subjects,A._M._Khanwilkar,clean,0.518,28
2025-12-02 18:56:35,Qwen/Qwen3-8B,MMLU_selected_subjects,Luciana_(given_name),meani,0.527,28
2025-12-02 18:58:52,Qwen/Qwen3-8B,MMLU_selected_subjects,A._M._Khanwilkar,meani,0.571,28
2025-12-02 19:01:08,Qwen/Qwen3-8B,MMLU_selected_subjects,Luciana_(given_name),wordd,0.586,28
2025-12-02 19:03:32,Qwen/Qwen3-8B,MMLU_selected_subjects,A._M._Khanwilkar,wordd,0.587,28
2025-12-02 19:05:52,Qwen/Qwen3-8B,MMLU_selected_subjects,Luciana_(given_name),chara,0.507,28
2025-12-02 19:08:26,Qwen/Qwen3-8B,MMLU_selected_subjects,A._M._Khanwilkar,chara,0.549,28
2025-12-02 19:10:43,Qwen/Qwen3-8B,MMLU_selected_subjects,Luxted,clean,0.563,28
2025-12-02 19:13:22,Qwen/Qwen3-8B,MMLU_selected_subjects,A18_autostrada_(Poland),clean,0.584,28
2025-12-02 19:15:25,Qwen/Qwen3-8B,MMLU_selected_subjects,Luxted,meani,0.563,28
2025-12-02 19:18:13,Qwen/Qwen3-8B,MMLU_selected_subjects,A18_autostrada_(Poland),meani,0.602,28
2025-12-02 19:20:05,Qwen/Qwen3-8B,MMLU_selected_subjects,Luxted,wordd,0.587,28
2025-12-02 19:23:05,Qwen/Qwen3-8B,MMLU_selected_subjects,A18_autostrada_(Poland),wordd,0.567,28
2025-12-02 19:25:11,Qwen/Qwen3-8B,MMLU_selected_subjects,Luxted,chara,0.518,28
2025-12-02 19:28:16,Qwen/Qwen3-8B,MMLU_selected_subjects,A18_autostrada_(Poland),chara,0.544,28
2025-12-02 19:29:57,Qwen/Qwen3-8B,MMLU_selected_subjects,Lysimachus_of_Alexandria,clean,0.584,28
2025-12-02 19:33:02,Qwen/Qwen3-8B,MMLU_selected_subjects,A3_road_(Northern_Ireland),clean,0.561,28
2025-12-02 19:34:38,Qwen/Qwen3-8B,MMLU_selected_subjects,Lysimachus_of_Alexandria,meani,0.625,28
2025-12-02 19:37:46,Qwen/Qwen3-8B,MMLU_selected_subjects,A3_road_(Northern_Ireland),meani,0.589,28
2025-12-02 19:39:19,Qwen/Qwen3-8B,MMLU_selected_subjects,Lysimachus_of_Alexandria,wordd,0.615,28
2025-12-02 19:42:31,Qwen/Qwen3-8B,MMLU_selected_subjects,A3_road_(Northern_Ireland),wordd,0.569,28
2025-12-02 19:44:18,Qwen/Qwen3-8B,MMLU_selected_subjects,Lysimachus_of_Alexandria,chara,0.560,28
2025-12-02 19:47:44,Qwen/Qwen3-8B,MMLU_selected_subjects,A3_road_(Northern_Ireland),chara,0.571,28
2025-12-02 19:49:03,Qwen/Qwen3-8B,MMLU_selected_subjects,Lélis_Lara,clean,0.538,28
2025-12-02 19:52:30,Qwen/Qwen3-8B,MMLU_selected_subjects,ADAC_Supercup,clean,0.578,28
2025-12-02 19:53:42,Qwen/Qwen3-8B,MMLU_selected_subjects,Lélis_Lara,meani,0.601,28
2025-12-02 19:57:15,Qwen/Qwen3-8B,MMLU_selected_subjects,ADAC_Supercup,meani,0.626,28
2025-12-02 19:58:21,Qwen/Qwen3-8B,MMLU_selected_subjects,Lélis_Lara,wordd,0.600,28
2025-12-02 20:01:59,Qwen/Qwen3-8B,MMLU_selected_subjects,ADAC_Supercup,wordd,0.602,28
2025-12-02 20:03:18,Qwen/Qwen3-8B,MMLU_selected_subjects,Lélis_Lara,chara,0.583,28
2025-12-02 20:07:27,Qwen/Qwen3-8B,MMLU_selected_subjects,ADAC_Supercup,chara,0.529,28
2025-12-02 20:08:20,Qwen/Qwen3-8B,MMLU_selected_subjects,MCC_tour_of_Australia_in_1954–55,clean,0.614,28
2025-12-02 20:12:29,Qwen/Qwen3-8B,MMLU_selected_subjects,A_Dinner_Under_Difficulties,clean,0.590,28
2025-12-02 20:13:27,Qwen/Qwen3-8B,MMLU_selected_subjects,MCC_tour_of_Australia_in_1954–55,meani,0.586,28
2025-12-02 20:17:22,Qwen/Qwen3-8B,MMLU_selected_subjects,A_Dinner_Under_Difficulties,meani,0.584,28
2025-12-02 20:18:29,Qwen/Qwen3-8B,MMLU_selected_subjects,MCC_tour_of_Australia_in_1954–55,wordd,0.602,28
2025-12-02 20:22:17,Qwen/Qwen3-8B,MMLU_selected_subjects,A_Dinner_Under_Difficulties,wordd,0.584,28
2025-12-02 20:24:08,Qwen/Qwen3-8B,MMLU_selected_subjects,MCC_tour_of_Australia_in_1954–55,chara,0.547,28
2025-12-02 20:27:51,Qwen/Qwen3-8B,MMLU_selected_subjects,A_Dinner_Under_Difficulties,chara,0.562,28
2025-12-02 20:29:16,Qwen/Qwen3-8B,MMLU_selected_subjects,Madam_Secretary_season_2,clean,0.586,28
2025-12-02 20:32:43,Qwen/Qwen3-8B,MMLU_selected_subjects,A_Midsummer_Night's_Dream,clean,0.573,28
2025-12-02 20:34:21,Qwen/Qwen3-8B,MMLU_selected_subjects,Madam_Secretary_season_2,meani,0.586,28
2025-12-02 20:37:35,Qwen/Qwen3-8B,MMLU_selected_subjects,A_Midsummer_Night's_Dream,meani,0.591,28
2025-12-02 20:39:30,Qwen/Qwen3-8B,MMLU_selected_subjects,Madam_Secretary_season_2,wordd,0.598,28
2025-12-02 20:42:26,Qwen/Qwen3-8B,MMLU_selected_subjects,A_Midsummer_Night's_Dream,wordd,0.570,28
2025-12-02 20:45:20,Qwen/Qwen3-8B,MMLU_selected_subjects,Madam_Secretary_season_2,chara,0.506,28
2025-12-02 20:48:00,Qwen/Qwen3-8B,MMLU_selected_subjects,A_Midsummer_Night's_Dream,chara,0.518,28
2025-12-02 20:50:13,Qwen/Qwen3-8B,MMLU_selected_subjects,Madla_(village),clean,0.559,28
2025-12-02 20:52:37,Qwen/Qwen3-8B,MMLU_selected_subjects,A_Place_in_the_Sun_(1916_film),clean,0.582,28
2025-12-02 20:55:04,Qwen/Qwen3-8B,MMLU_selected_subjects,Madla_(village),meani,0.581,28
2025-12-02 20:57:11,Qwen/Qwen3-8B,MMLU_selected_subjects,A_Place_in_the_Sun_(1916_film),meani,0.564,28
2025-12-02 21:00:00,Qwen/Qwen3-8B,MMLU_selected_subjects,Madla_(village),wordd,0.594,28
2025-12-02 21:01:45,Qwen/Qwen3-8B,MMLU_selected_subjects,A_Place_in_the_Sun_(1916_film),wordd,0.594,28
2025-12-02 21:05:13,Qwen/Qwen3-8B,MMLU_selected_subjects,Madla_(village),chara,0.543,28
2025-12-02 21:06:28,Qwen/Qwen3-8B,MMLU_selected_subjects,A_Place_in_the_Sun_(1916_film),chara,0.546,28
2025-12-02 21:09:55,Qwen/Qwen3-8B,MMLU_selected_subjects,Mahrijemal_Mammedova,clean,0.544,28
2025-12-02 21:11:32,Qwen/Qwen3-8B,MMLU_selected_subjects,Aakashamittayee,clean,0.616,28
2025-12-02 21:14:26,Qwen/Qwen3-8B,MMLU_selected_subjects,Mahrijemal_Mammedova,meani,0.583,28
2025-12-02 21:16:36,Qwen/Qwen3-8B,MMLU_selected_subjects,Aakashamittayee,meani,0.627,28
2025-12-02 21:18:56,Qwen/Qwen3-8B,MMLU_selected_subjects,Mahrijemal_Mammedova,wordd,0.580,28
2025-12-02 21:21:42,Qwen/Qwen3-8B,MMLU_selected_subjects,Aakashamittayee,wordd,0.609,28
2025-12-02 21:23:37,Qwen/Qwen3-8B,MMLU_selected_subjects,Mahrijemal_Mammedova,chara,0.523,28
2025-12-02 21:27:13,Qwen/Qwen3-8B,MMLU_selected_subjects,Aakashamittayee,chara,0.538,28
2025-12-02 21:28:31,Qwen/Qwen3-8B,MMLU_selected_subjects,Mail_Abuse_Prevention_System,clean,0.517,28
2025-12-02 21:32:09,Qwen/Qwen3-8B,MMLU_selected_subjects,Aarhus_Custom_House,clean,0.547,28
2025-12-02 21:33:25,Qwen/Qwen3-8B,MMLU_selected_subjects,Mail_Abuse_Prevention_System,meani,0.546,28
2025-12-02 21:37:05,Qwen/Qwen3-8B,MMLU_selected_subjects,Aarhus_Custom_House,meani,0.580,28
2025-12-02 21:38:19,Qwen/Qwen3-8B,MMLU_selected_subjects,Mail_Abuse_Prevention_System,wordd,0.555,28
2025-12-02 21:42:03,Qwen/Qwen3-8B,MMLU_selected_subjects,Aarhus_Custom_House,wordd,0.565,28
2025-12-02 21:43:45,Qwen/Qwen3-8B,MMLU_selected_subjects,Mail_Abuse_Prevention_System,chara,0.522,28
2025-12-02 21:47:36,Qwen/Qwen3-8B,MMLU_selected_subjects,Aarhus_Custom_House,chara,0.563,28
2025-12-02 21:48:33,Qwen/Qwen3-8B,MMLU_selected_subjects,Mallikassery,clean,0.555,28
2025-12-02 21:52:09,Qwen/Qwen3-8B,MMLU_selected_subjects,Ababiya_Abajobir,clean,0.547,28
2025-12-02 21:53:22,Qwen/Qwen3-8B,MMLU_selected_subjects,Mallikassery,meani,0.600,28
2025-12-02 21:56:43,Qwen/Qwen3-8B,MMLU_selected_subjects,Ababiya_Abajobir,meani,0.585,28
2025-12-02 21:58:06,Qwen/Qwen3-8B,MMLU_selected_subjects,Mallikassery,wordd,0.583,28
2025-12-02 22:01:15,Qwen/Qwen3-8B,MMLU_selected_subjects,Ababiya_Abajobir,wordd,0.614,28
2025-12-02 22:03:12,Qwen/Qwen3-8B,MMLU_selected_subjects,Mallikassery,chara,0.528,28
2025-12-02 22:06:00,Qwen/Qwen3-8B,MMLU_selected_subjects,Ababiya_Abajobir,chara,0.565,28
2025-12-02 22:08:00,Qwen/Qwen3-8B,MMLU_selected_subjects,Manabendra_Narayan_Larma,clean,0.542,28
2025-12-02 22:10:40,Qwen/Qwen3-8B,MMLU_selected_subjects,About_Time_(Ten_Years_After_album),clean,0.590,28
2025-12-02 22:12:46,Qwen/Qwen3-8B,MMLU_selected_subjects,Manabendra_Narayan_Larma,meani,0.581,28
2025-12-02 22:15:18,Qwen/Qwen3-8B,MMLU_selected_subjects,About_Time_(Ten_Years_After_album),meani,0.610,28
2025-12-02 22:17:33,Qwen/Qwen3-8B,MMLU_selected_subjects,Manabendra_Narayan_Larma,wordd,0.576,28
2025-12-02 22:19:58,Qwen/Qwen3-8B,MMLU_selected_subjects,About_Time_(Ten_Years_After_album),wordd,0.607,28
2025-12-02 22:22:44,Qwen/Qwen3-8B,MMLU_selected_subjects,Manabendra_Narayan_Larma,chara,0.568,28
2025-12-02 22:25:00,Qwen/Qwen3-8B,MMLU_selected_subjects,About_Time_(Ten_Years_After_album),chara,0.530,28
2025-12-02 22:27:12,Qwen/Qwen3-8B,MMLU_selected_subjects,Mannequin_Skywalker,clean,0.555,28
2025-12-02 22:29:43,Qwen/Qwen3-8B,MMLU_selected_subjects,Abyssinian_crimsonwing,clean,0.586,28
2025-12-02 22:31:45,Qwen/Qwen3-8B,MMLU_selected_subjects,Mannequin_Skywalker,meani,0.561,28
2025-12-02 22:34:23,Qwen/Qwen3-8B,MMLU_selected_subjects,Abyssinian_crimsonwing,meani,0.621,28
2025-12-02 22:36:13,Qwen/Qwen3-8B,MMLU_selected_subjects,Mannequin_Skywalker,wordd,0.509,28
2025-12-02 22:39:08,Qwen/Qwen3-8B,MMLU_selected_subjects,Abyssinian_crimsonwing,wordd,0.606,28
2025-12-02 22:41:05,Qwen/Qwen3-8B,MMLU_selected_subjects,Mannequin_Skywalker,chara,0.503,28
2025-12-02 22:44:04,Qwen/Qwen3-8B,MMLU_selected_subjects,Abyssinian_crimsonwing,chara,0.514,28
2025-12-02 22:45:58,Qwen/Qwen3-8B,MMLU_selected_subjects,Manuel_Cardoso_de_Saldanha,clean,0.574,28
2025-12-02 22:48:45,Qwen/Qwen3-8B,MMLU_selected_subjects,Acacia_dorothea,clean,0.570,28
2025-12-02 22:50:55,Qwen/Qwen3-8B,MMLU_selected_subjects,Manuel_Cardoso_de_Saldanha,meani,0.596,28
2025-12-02 22:53:28,Qwen/Qwen3-8B,MMLU_selected_subjects,Acacia_dorothea,meani,0.602,28
2025-12-02 22:55:44,Qwen/Qwen3-8B,MMLU_selected_subjects,Manuel_Cardoso_de_Saldanha,wordd,0.580,28
2025-12-02 22:58:09,Qwen/Qwen3-8B,MMLU_selected_subjects,Acacia_dorothea,wordd,0.575,28
2025-12-02 23:01:07,Qwen/Qwen3-8B,MMLU_selected_subjects,Manuel_Cardoso_de_Saldanha,chara,0.540,28
2025-12-02 23:03:06,Qwen/Qwen3-8B,MMLU_selected_subjects,Acacia_dorothea,chara,0.568,28
2025-12-02 23:05:42,Qwen/Qwen3-8B,MMLU_selected_subjects,Mar_Lodge,clean,0.558,28
2025-12-02 23:07:56,Qwen/Qwen3-8B,MMLU_selected_subjects,Achiroides_leucorhynchos,clean,0.563,28
2025-12-02 23:10:15,Qwen/Qwen3-8B,MMLU_selected_subjects,Mar_Lodge,meani,0.607,28
2025-12-02 23:12:36,Qwen/Qwen3-8B,MMLU_selected_subjects,Achiroides_leucorhynchos,meani,0.610,28
2025-12-02 23:14:56,Qwen/Qwen3-8B,MMLU_selected_subjects,Mar_Lodge,wordd,0.597,28
2025-12-02 23:17:17,Qwen/Qwen3-8B,MMLU_selected_subjects,Achiroides_leucorhynchos,wordd,0.609,28
2025-12-02 23:19:32,Qwen/Qwen3-8B,MMLU_selected_subjects,Mar_Lodge,chara,0.543,28
2025-12-02 23:22:07,Qwen/Qwen3-8B,MMLU_selected_subjects,Achiroides_leucorhynchos,chara,0.538,28
2025-12-02 23:24:03,Qwen/Qwen3-8B,MMLU_selected_subjects,Marcela_Richezza,clean,0.525,28
2025-12-02 23:27:02,Qwen/Qwen3-8B,MMLU_selected_subjects,Acorn_(software),clean,0.543,28
2025-12-02 23:28:31,Qwen/Qwen3-8B,MMLU_selected_subjects,Marcela_Richezza,meani,0.587,28
2025-12-02 23:32:01,Qwen/Qwen3-8B,MMLU_selected_subjects,Acorn_(software),meani,0.585,28
2025-12-02 23:33:07,Qwen/Qwen3-8B,MMLU_selected_subjects,Marcela_Richezza,wordd,0.583,28
2025-12-02 23:36:56,Qwen/Qwen3-8B,MMLU_selected_subjects,Acorn_(software),wordd,0.574,28
2025-12-02 23:37:58,Qwen/Qwen3-8B,MMLU_selected_subjects,Marcela_Richezza,chara,0.580,28
2025-12-02 23:42:44,Qwen/Qwen3-8B,MMLU_selected_subjects,Acorn_(software),chara,0.559,28
2025-12-02 23:42:49,Qwen/Qwen3-8B,MMLU_selected_subjects,Marcellin_Jobard,clean,0.585,28
2025-12-02 23:47:20,Qwen/Qwen3-8B,MMLU_selected_subjects,Adeline_Dumapong,clean,0.562,28
2025-12-02 23:47:43,Qwen/Qwen3-8B,MMLU_selected_subjects,Marcellin_Jobard,meani,0.594,28
2025-12-02 23:51:55,Qwen/Qwen3-8B,MMLU_selected_subjects,Adeline_Dumapong,meani,0.585,28
2025-12-02 23:52:44,Qwen/Qwen3-8B,MMLU_selected_subjects,Marcellin_Jobard,wordd,0.563,28
2025-12-02 23:56:30,Qwen/Qwen3-8B,MMLU_selected_subjects,Adeline_Dumapong,wordd,0.603,28
2025-12-02 23:58:08,Qwen/Qwen3-8B,MMLU_selected_subjects,Marcellin_Jobard,chara,0.516,28
2025-12-03 00:01:21,Qwen/Qwen3-8B,MMLU_selected_subjects,Adeline_Dumapong,chara,0.573,28
2025-12-03 00:02:47,Qwen/Qwen3-8B,MMLU_selected_subjects,Maria_Björnson,clean,0.560,28
2025-12-03 00:06:04,Qwen/Qwen3-8B,MMLU_selected_subjects,Adenosine_deaminase_z-alpha_domain,clean,0.548,28
2025-12-03 00:07:22,Qwen/Qwen3-8B,MMLU_selected_subjects,Maria_Björnson,meani,0.569,28
2025-12-03 00:10:50,Qwen/Qwen3-8B,MMLU_selected_subjects,Adenosine_deaminase_z-alpha_domain,meani,0.581,28
2025-12-03 00:11:59,Qwen/Qwen3-8B,MMLU_selected_subjects,Maria_Björnson,wordd,0.583,28
2025-12-03 00:15:36,Qwen/Qwen3-8B,MMLU_selected_subjects,Adenosine_deaminase_z-alpha_domain,wordd,0.586,28
2025-12-03 00:16:50,Qwen/Qwen3-8B,MMLU_selected_subjects,Maria_Björnson,chara,0.529,28
2025-12-03 00:20:40,Qwen/Qwen3-8B,MMLU_selected_subjects,Adenosine_deaminase_z-alpha_domain,chara,0.515,28
2025-12-03 00:21:37,Qwen/Qwen3-8B,MMLU_selected_subjects,Maria_Cristina_of_the_Immaculate_Conception_Brando,clean,0.567,28
2025-12-03 00:25:26,Qwen/Qwen3-8B,MMLU_selected_subjects,Adisaptagram_railway_station,clean,0.574,28
2025-12-03 00:26:22,Qwen/Qwen3-8B,MMLU_selected_subjects,Maria_Cristina_of_the_Immaculate_Conception_Brando,meani,0.609,28
2025-12-03 00:30:12,Qwen/Qwen3-8B,MMLU_selected_subjects,Adisaptagram_railway_station,meani,0.610,28
2025-12-03 00:31:06,Qwen/Qwen3-8B,MMLU_selected_subjects,Maria_Cristina_of_the_Immaculate_Conception_Brando,wordd,0.599,28
2025-12-03 00:34:58,Qwen/Qwen3-8B,MMLU_selected_subjects,Adisaptagram_railway_station,wordd,0.583,28
2025-12-03 00:36:12,Qwen/Qwen3-8B,MMLU_selected_subjects,Maria_Cristina_of_the_Immaculate_Conception_Brando,chara,0.528,28
2025-12-03 00:40:03,Qwen/Qwen3-8B,MMLU_selected_subjects,Adisaptagram_railway_station,chara,0.568,28
2025-12-03 00:41:09,Qwen/Qwen3-8B,MMLU_selected_subjects,Marshe_Dickinson,clean,0.534,28
2025-12-03 00:44:58,Qwen/Qwen3-8B,MMLU_selected_subjects,Adult_Digital_Distraction,clean,0.591,28
2025-12-03 00:45:47,Qwen/Qwen3-8B,MMLU_selected_subjects,Marshe_Dickinson,meani,0.593,28
2025-12-03 00:49:51,Qwen/Qwen3-8B,MMLU_selected_subjects,Adult_Digital_Distraction,meani,0.622,28
2025-12-03 00:50:28,Qwen/Qwen3-8B,MMLU_selected_subjects,Marshe_Dickinson,wordd,0.588,28
2025-12-03 00:54:46,Qwen/Qwen3-8B,MMLU_selected_subjects,Adult_Digital_Distraction,wordd,0.589,28
2025-12-03 00:55:27,Qwen/Qwen3-8B,MMLU_selected_subjects,Marshe_Dickinson,chara,0.581,28
2025-12-03 01:00:12,Qwen/Qwen3-8B,MMLU_selected_subjects,Adult_Digital_Distraction,chara,0.525,28
2025-12-03 01:00:29,Qwen/Qwen3-8B,MMLU_selected_subjects,Mary_Letitia_Green,clean,0.607,28
2025-12-03 01:05:23,Qwen/Qwen3-8B,MMLU_selected_subjects,Adyar_River,clean,0.557,28
2025-12-03 01:05:27,Qwen/Qwen3-8B,MMLU_selected_subjects,Mary_Letitia_Green,meani,0.594,28
2025-12-03 01:10:26,Qwen/Qwen3-8B,MMLU_selected_subjects,Mary_Letitia_Green,wordd,0.570,28
2025-12-03 01:10:34,Qwen/Qwen3-8B,MMLU_selected_subjects,Adyar_River,meani,0.595,28
2025-12-03 01:15:39,Qwen/Qwen3-8B,MMLU_selected_subjects,Adyar_River,wordd,0.554,28
2025-12-03 01:15:57,Qwen/Qwen3-8B,MMLU_selected_subjects,Mary_Letitia_Green,chara,0.532,28
2025-12-03 01:20:32,Qwen/Qwen3-8B,MMLU_selected_subjects,Mary_Sojourner,clean,0.554,28
2025-12-03 01:21:14,Qwen/Qwen3-8B,MMLU_selected_subjects,Adyar_River,chara,0.516,28
2025-12-03 01:25:07,Qwen/Qwen3-8B,MMLU_selected_subjects,Mary_Sojourner,meani,0.600,28
2025-12-03 01:25:57,Qwen/Qwen3-8B,MMLU_selected_subjects,Ahmadabad-e_Dash_Kasan,clean,0.558,28
2025-12-03 01:29:42,Qwen/Qwen3-8B,MMLU_selected_subjects,Mary_Sojourner,wordd,0.594,28
2025-12-03 01:30:37,Qwen/Qwen3-8B,MMLU_selected_subjects,Ahmadabad-e_Dash_Kasan,meani,0.600,28
2025-12-03 01:34:37,Qwen/Qwen3-8B,MMLU_selected_subjects,Mary_Sojourner,chara,0.544,28
2025-12-03 01:35:16,Qwen/Qwen3-8B,MMLU_selected_subjects,Ahmadabad-e_Dash_Kasan,wordd,0.555,28
2025-12-03 01:39:21,Qwen/Qwen3-8B,MMLU_selected_subjects,Massacre_at_Ayyadieh,clean,0.599,28
2025-12-03 01:40:26,Qwen/Qwen3-8B,MMLU_selected_subjects,Ahmadabad-e_Dash_Kasan,chara,0.521,28
2025-12-03 01:44:05,Qwen/Qwen3-8B,MMLU_selected_subjects,Massacre_at_Ayyadieh,meani,0.606,28
2025-12-03 01:45:28,Qwen/Qwen3-8B,MMLU_selected_subjects,Ain_El_Fouara_Fountain,clean,0.563,28
2025-12-03 01:48:48,Qwen/Qwen3-8B,MMLU_selected_subjects,Massacre_at_Ayyadieh,wordd,0.605,28
2025-12-03 01:50:30,Qwen/Qwen3-8B,MMLU_selected_subjects,Ain_El_Fouara_Fountain,meani,0.564,28
2025-12-03 01:53:57,Qwen/Qwen3-8B,MMLU_selected_subjects,Massacre_at_Ayyadieh,chara,0.539,28
2025-12-03 01:55:31,Qwen/Qwen3-8B,MMLU_selected_subjects,Ain_El_Fouara_Fountain,wordd,0.554,28
2025-12-03 01:58:37,Qwen/Qwen3-8B,MMLU_selected_subjects,Max_Monroe:_Loose_Cannon,clean,0.540,28
2025-12-03 02:01:10,Qwen/Qwen3-8B,MMLU_selected_subjects,Ain_El_Fouara_Fountain,chara,0.517,28
2025-12-03 02:03:16,Qwen/Qwen3-8B,MMLU_selected_subjects,Max_Monroe:_Loose_Cannon,meani,0.588,28
2025-12-03 02:05:53,Qwen/Qwen3-8B,MMLU_selected_subjects,Al-Mukhayzin,clean,0.570,28
2025-12-03 02:07:55,Qwen/Qwen3-8B,MMLU_selected_subjects,Max_Monroe:_Loose_Cannon,wordd,0.582,28
2025-12-03 02:10:35,Qwen/Qwen3-8B,MMLU_selected_subjects,Al-Mukhayzin,meani,0.591,28
2025-12-03 02:12:56,Qwen/Qwen3-8B,MMLU_selected_subjects,Max_Monroe:_Loose_Cannon,chara,0.565,28
2025-12-03 02:15:09,Qwen/Qwen3-8B,MMLU_selected_subjects,Al-Mukhayzin,wordd,0.601,28
2025-12-03 02:17:27,Qwen/Qwen3-8B,MMLU_selected_subjects,Mayston_Report,clean,0.599,28
2025-12-03 02:19:54,Qwen/Qwen3-8B,MMLU_selected_subjects,Al-Mukhayzin,chara,0.565,28
2025-12-03 02:21:57,Qwen/Qwen3-8B,MMLU_selected_subjects,Mayston_Report,meani,0.614,28
2025-12-03 02:25:00,Qwen/Qwen3-8B,MMLU_selected_subjects,Alban_Dorrinton,clean,0.533,28
2025-12-03 02:26:28,Qwen/Qwen3-8B,MMLU_selected_subjects,Mayston_Report,wordd,0.581,28
2025-12-03 02:30:03,Qwen/Qwen3-8B,MMLU_selected_subjects,Alban_Dorrinton,meani,0.583,28
2025-12-03 02:31:25,Qwen/Qwen3-8B,MMLU_selected_subjects,Mayston_Report,chara,0.502,28
2025-12-03 02:35:06,Qwen/Qwen3-8B,MMLU_selected_subjects,Alban_Dorrinton,wordd,0.582,28
2025-12-03 02:36:01,Qwen/Qwen3-8B,MMLU_selected_subjects,McLellan-Sweat_Mansion,clean,0.571,28
2025-12-03 02:40:38,Qwen/Qwen3-8B,MMLU_selected_subjects,McLellan-Sweat_Mansion,meani,0.601,28
2025-12-03 02:40:45,Qwen/Qwen3-8B,MMLU_selected_subjects,Alban_Dorrinton,chara,0.545,28
2025-12-03 02:45:15,Qwen/Qwen3-8B,MMLU_selected_subjects,McLellan-Sweat_Mansion,wordd,0.596,28
2025-12-03 02:45:25,Qwen/Qwen3-8B,MMLU_selected_subjects,Albert_Dubly,clean,0.522,28
2025-12-03 02:49:58,Qwen/Qwen3-8B,MMLU_selected_subjects,Albert_Dubly,meani,0.588,28
2025-12-03 02:50:06,Qwen/Qwen3-8B,MMLU_selected_subjects,McLellan-Sweat_Mansion,chara,0.554,28
2025-12-03 02:54:31,Qwen/Qwen3-8B,MMLU_selected_subjects,McNeil_Hendricks,clean,0.537,28
2025-12-03 02:54:34,Qwen/Qwen3-8B,MMLU_selected_subjects,Albert_Dubly,wordd,0.582,28
2025-12-03 02:58:55,Qwen/Qwen3-8B,MMLU_selected_subjects,McNeil_Hendricks,meani,0.586,28
2025-12-03 02:59:21,Qwen/Qwen3-8B,MMLU_selected_subjects,Albert_Dubly,chara,0.526,28
2025-12-03 03:03:23,Qwen/Qwen3-8B,MMLU_selected_subjects,McNeil_Hendricks,wordd,0.565,28
2025-12-03 03:04:02,Qwen/Qwen3-8B,MMLU_selected_subjects,Alberto_Oliart,clean,0.499,28
2025-12-03 03:08:09,Qwen/Qwen3-8B,MMLU_selected_subjects,McNeil_Hendricks,chara,0.570,28
2025-12-03 03:08:31,Qwen/Qwen3-8B,MMLU_selected_subjects,Alberto_Oliart,meani,0.571,28
2025-12-03 03:12:37,Qwen/Qwen3-8B,MMLU_selected_subjects,Md_Tofazzel_Hossain_Miah,clean,0.551,28
2025-12-03 03:13:14,Qwen/Qwen3-8B,MMLU_selected_subjects,Alberto_Oliart,wordd,0.583,28
2025-12-03 03:17:05,Qwen/Qwen3-8B,MMLU_selected_subjects,Md_Tofazzel_Hossain_Miah,meani,0.601,28
2025-12-03 03:18:03,Qwen/Qwen3-8B,MMLU_selected_subjects,Alberto_Oliart,chara,0.557,28
2025-12-03 03:21:34,Qwen/Qwen3-8B,MMLU_selected_subjects,Md_Tofazzel_Hossain_Miah,wordd,0.587,28
2025-12-03 03:22:36,Qwen/Qwen3-8B,MMLU_selected_subjects,Albin_Andersson,clean,0.522,28
2025-12-03 03:26:26,Qwen/Qwen3-8B,MMLU_selected_subjects,Md_Tofazzel_Hossain_Miah,chara,0.552,28
2025-12-03 03:27:09,Qwen/Qwen3-8B,MMLU_selected_subjects,Albin_Andersson,meani,0.575,28
2025-12-03 03:31:00,Qwen/Qwen3-8B,MMLU_selected_subjects,"Medfield,_Baltimore",clean,0.558,28
2025-12-03 03:31:43,Qwen/Qwen3-8B,MMLU_selected_subjects,Albin_Andersson,wordd,0.606,28
2025-12-03 03:35:36,Qwen/Qwen3-8B,MMLU_selected_subjects,"Medfield,_Baltimore",meani,0.579,28
2025-12-03 03:36:28,Qwen/Qwen3-8B,MMLU_selected_subjects,Albin_Andersson,chara,0.551,28
2025-12-03 03:40:09,Qwen/Qwen3-8B,MMLU_selected_subjects,"Medfield,_Baltimore",wordd,0.592,28
2025-12-03 03:41:21,Qwen/Qwen3-8B,MMLU_selected_subjects,Album_(Ancient_Rome),clean,0.593,28
2025-12-03 03:45:04,Qwen/Qwen3-8B,MMLU_selected_subjects,"Medfield,_Baltimore",chara,0.537,28
2025-12-03 03:46:09,Qwen/Qwen3-8B,MMLU_selected_subjects,Album_(Ancient_Rome),meani,0.568,28
2025-12-03 03:49:35,Qwen/Qwen3-8B,MMLU_selected_subjects,Mercedes_Peñas_Domingo,clean,0.556,28
2025-12-03 03:50:58,Qwen/Qwen3-8B,MMLU_selected_subjects,Album_(Ancient_Rome),wordd,0.575,28
2025-12-03 03:54:16,Qwen/Qwen3-8B,MMLU_selected_subjects,Mercedes_Peñas_Domingo,meani,0.590,28
2025-12-03 03:56:16,Qwen/Qwen3-8B,MMLU_selected_subjects,Album_(Ancient_Rome),chara,0.525,28
2025-12-03 03:58:57,Qwen/Qwen3-8B,MMLU_selected_subjects,Mercedes_Peñas_Domingo,wordd,0.592,28
2025-12-03 04:00:39,Qwen/Qwen3-8B,MMLU_selected_subjects,Alex_da_Kid_production_discography,clean,0.566,28
2025-12-03 04:03:47,Qwen/Qwen3-8B,MMLU_selected_subjects,Mercedes_Peñas_Domingo,chara,0.544,28
2025-12-03 04:05:01,Qwen/Qwen3-8B,MMLU_selected_subjects,Alex_da_Kid_production_discography,meani,0.564,28
2025-12-03 04:08:11,Qwen/Qwen3-8B,MMLU_selected_subjects,Merchant_Seamen_Act_1835,clean,0.590,28
2025-12-03 04:09:22,Qwen/Qwen3-8B,MMLU_selected_subjects,Alex_da_Kid_production_discography,wordd,0.594,28
2025-12-03 04:12:32,Qwen/Qwen3-8B,MMLU_selected_subjects,Merchant_Seamen_Act_1835,meani,0.602,28
2025-12-03 04:14:09,Qwen/Qwen3-8B,MMLU_selected_subjects,Alex_da_Kid_production_discography,chara,0.550,28
2025-12-03 04:16:55,Qwen/Qwen3-8B,MMLU_selected_subjects,Merchant_Seamen_Act_1835,wordd,0.590,28
2025-12-03 04:18:36,Qwen/Qwen3-8B,MMLU_selected_subjects,Alexander_Cordell,clean,0.547,28
2025-12-03 04:21:29,Qwen/Qwen3-8B,MMLU_selected_subjects,Merchant_Seamen_Act_1835,chara,0.545,28
2025-12-03 04:23:10,Qwen/Qwen3-8B,MMLU_selected_subjects,Alexander_Cordell,meani,0.577,28
2025-12-03 04:25:55,Qwen/Qwen3-8B,MMLU_selected_subjects,Meridian_Mets,clean,0.598,28
2025-12-03 04:27:37,Qwen/Qwen3-8B,MMLU_selected_subjects,Alexander_Cordell,wordd,0.563,28
2025-12-03 04:30:26,Qwen/Qwen3-8B,MMLU_selected_subjects,Meridian_Mets,meani,0.607,28
2025-12-03 04:32:26,Qwen/Qwen3-8B,MMLU_selected_subjects,Alexander_Cordell,chara,0.545,28
2025-12-03 04:34:53,Qwen/Qwen3-8B,MMLU_selected_subjects,Meridian_Mets,wordd,0.576,28
2025-12-03 04:37:28,Qwen/Qwen3-8B,MMLU_selected_subjects,Alexander_O'Handley,clean,0.555,28
2025-12-03 04:39:28,Qwen/Qwen3-8B,MMLU_selected_subjects,Meridian_Mets,chara,0.584,28
2025-12-03 04:42:29,Qwen/Qwen3-8B,MMLU_selected_subjects,Alexander_O'Handley,meani,0.585,28
2025-12-03 04:44:03,Qwen/Qwen3-8B,MMLU_selected_subjects,MetroCentre_railway_station,clean,0.560,28
2025-12-03 04:47:33,Qwen/Qwen3-8B,MMLU_selected_subjects,Alexander_O'Handley,wordd,0.600,28
2025-12-03 04:48:33,Qwen/Qwen3-8B,MMLU_selected_subjects,MetroCentre_railway_station,meani,0.593,28
2025-12-03 04:53:03,Qwen/Qwen3-8B,MMLU_selected_subjects,MetroCentre_railway_station,wordd,0.600,28
2025-12-03 04:53:17,Qwen/Qwen3-8B,MMLU_selected_subjects,Alexander_O'Handley,chara,0.557,28
2025-12-03 04:57:49,Qwen/Qwen3-8B,MMLU_selected_subjects,MetroCentre_railway_station,chara,0.529,28
2025-12-03 04:58:01,Qwen/Qwen3-8B,MMLU_selected_subjects,Algoma_Quebecois,clean,0.569,28
2025-12-03 05:02:19,Qwen/Qwen3-8B,MMLU_selected_subjects,Miami_Sol,clean,0.583,28
2025-12-03 05:02:41,Qwen/Qwen3-8B,MMLU_selected_subjects,Algoma_Quebecois,meani,0.604,28
2025-12-03 05:07:03,Qwen/Qwen3-8B,MMLU_selected_subjects,Miami_Sol,meani,0.590,28
2025-12-03 05:07:24,Qwen/Qwen3-8B,MMLU_selected_subjects,Algoma_Quebecois,wordd,0.602,28
2025-12-03 05:11:30,Qwen/Qwen3-8B,MMLU_selected_subjects,Miami_Sol,wordd,0.601,28
2025-12-03 05:12:34,Qwen/Qwen3-8B,MMLU_selected_subjects,Algoma_Quebecois,chara,0.522,28
2025-12-03 05:16:39,Qwen/Qwen3-8B,MMLU_selected_subjects,Miami_Sol,chara,0.529,28
2025-12-03 05:17:24,Qwen/Qwen3-8B,MMLU_selected_subjects,Alicante_Ganzin,clean,0.542,28
2025-12-03 05:21:08,Qwen/Qwen3-8B,MMLU_selected_subjects,Michael_Taylor_(historian),clean,0.538,28
2025-12-03 05:22:14,Qwen/Qwen3-8B,MMLU_selected_subjects,Alicante_Ganzin,meani,0.541,28
2025-12-03 05:25:36,Qwen/Qwen3-8B,MMLU_selected_subjects,Michael_Taylor_(historian),meani,0.629,28
2025-12-03 05:27:09,Qwen/Qwen3-8B,MMLU_selected_subjects,Alicante_Ganzin,wordd,0.528,28
2025-12-03 05:30:06,Qwen/Qwen3-8B,MMLU_selected_subjects,Michael_Taylor_(historian),wordd,0.620,28
2025-12-03 05:32:45,Qwen/Qwen3-8B,MMLU_selected_subjects,Alicante_Ganzin,chara,0.532,28
2025-12-03 05:34:57,Qwen/Qwen3-8B,MMLU_selected_subjects,Michael_Taylor_(historian),chara,0.541,28
2025-12-03 05:37:54,Qwen/Qwen3-8B,MMLU_selected_subjects,Alien_Shooter,clean,0.579,28
2025-12-03 05:39:27,Qwen/Qwen3-8B,MMLU_selected_subjects,Michigan's_51st_House_of_Representatives_district,clean,0.581,28
2025-12-03 05:42:56,Qwen/Qwen3-8B,MMLU_selected_subjects,Alien_Shooter,meani,0.616,28
2025-12-03 05:43:56,Qwen/Qwen3-8B,MMLU_selected_subjects,Michigan's_51st_House_of_Representatives_district,meani,0.601,28
2025-12-03 05:47:57,Qwen/Qwen3-8B,MMLU_selected_subjects,Alien_Shooter,wordd,0.611,28
2025-12-03 05:48:32,Qwen/Qwen3-8B,MMLU_selected_subjects,Michigan's_51st_House_of_Representatives_district,wordd,0.598,28
2025-12-03 05:53:26,Qwen/Qwen3-8B,MMLU_selected_subjects,Michigan's_51st_House_of_Representatives_district,chara,0.556,28
2025-12-03 05:53:46,Qwen/Qwen3-8B,MMLU_selected_subjects,Alien_Shooter,chara,0.487,28
2025-12-03 05:58:00,Qwen/Qwen3-8B,MMLU_selected_subjects,Mikoláš_Aleš,clean,0.529,28
2025-12-03 05:58:24,Qwen/Qwen3-8B,MMLU_selected_subjects,Alika_(singer),clean,0.530,28
2025-12-03 06:02:31,Qwen/Qwen3-8B,MMLU_selected_subjects,Mikoláš_Aleš,meani,0.598,28
2025-12-03 06:02:50,Qwen/Qwen3-8B,MMLU_selected_subjects,Alika_(singer),meani,0.601,28
2025-12-03 06:07:05,Qwen/Qwen3-8B,MMLU_selected_subjects,Mikoláš_Aleš,wordd,0.592,28
2025-12-03 06:07:22,Qwen/Qwen3-8B,MMLU_selected_subjects,Alika_(singer),wordd,0.595,28
2025-12-03 06:12:00,Qwen/Qwen3-8B,MMLU_selected_subjects,Alika_(singer),chara,0.539,28
2025-12-03 06:12:00,Qwen/Qwen3-8B,MMLU_selected_subjects,Mikoláš_Aleš,chara,0.544,28
2025-12-03 06:16:24,Qwen/Qwen3-8B,MMLU_selected_subjects,Alivia_Leatherman,clean,0.556,28
2025-12-03 06:16:34,Qwen/Qwen3-8B,MMLU_selected_subjects,"Mill_Fork,_Utah",clean,0.583,28
2025-12-03 06:20:47,Qwen/Qwen3-8B,MMLU_selected_subjects,Alivia_Leatherman,meani,0.572,28
2025-12-03 06:21:04,Qwen/Qwen3-8B,MMLU_selected_subjects,"Mill_Fork,_Utah",meani,0.590,28
2025-12-03 06:25:11,Qwen/Qwen3-8B,MMLU_selected_subjects,Alivia_Leatherman,wordd,0.597,28
2025-12-03 06:25:36,Qwen/Qwen3-8B,MMLU_selected_subjects,"Mill_Fork,_Utah",wordd,0.581,28
2025-12-03 06:29:48,Qwen/Qwen3-8B,MMLU_selected_subjects,Alivia_Leatherman,chara,0.552,28
2025-12-03 06:30:41,Qwen/Qwen3-8B,MMLU_selected_subjects,"Mill_Fork,_Utah",chara,0.546,28
2025-12-03 06:34:21,Qwen/Qwen3-8B,MMLU_selected_subjects,All_Our_Saturdays_(1981–1986),clean,0.626,28
2025-12-03 06:35:14,Qwen/Qwen3-8B,MMLU_selected_subjects,Mindanao_State_University–Iligan_Institute_of_Technology,clean,0.556,28
2025-12-03 06:39:05,Qwen/Qwen3-8B,MMLU_selected_subjects,All_Our_Saturdays_(1981–1986),meani,0.604,28
2025-12-03 06:39:47,Qwen/Qwen3-8B,MMLU_selected_subjects,Mindanao_State_University–Iligan_Institute_of_Technology,meani,0.603,28
2025-12-03 06:43:39,Qwen/Qwen3-8B,MMLU_selected_subjects,All_Our_Saturdays_(1981–1986),wordd,0.586,28
2025-12-03 06:44:17,Qwen/Qwen3-8B,MMLU_selected_subjects,Mindanao_State_University–Iligan_Institute_of_Technology,wordd,0.595,28
2025-12-03 06:48:39,Qwen/Qwen3-8B,MMLU_selected_subjects,All_Our_Saturdays_(1981–1986),chara,0.567,28
2025-12-03 06:49:07,Qwen/Qwen3-8B,MMLU_selected_subjects,Mindanao_State_University–Iligan_Institute_of_Technology,chara,0.533,28
2025-12-03 06:53:26,Qwen/Qwen3-8B,MMLU_selected_subjects,Allen_&_Collens,clean,0.554,28
2025-12-03 06:53:31,Qwen/Qwen3-8B,MMLU_selected_subjects,Ministry_of_Defence_(Sweden),clean,0.511,28
2025-12-03 06:57:55,Qwen/Qwen3-8B,MMLU_selected_subjects,Ministry_of_Defence_(Sweden),meani,0.554,28
2025-12-03 06:58:12,Qwen/Qwen3-8B,MMLU_selected_subjects,Allen_&_Collens,meani,0.597,28
2025-12-03 07:02:16,Qwen/Qwen3-8B,MMLU_selected_subjects,Ministry_of_Defence_(Sweden),wordd,0.534,28
2025-12-03 07:02:54,Qwen/Qwen3-8B,MMLU_selected_subjects,Allen_&_Collens,wordd,0.594,28
2025-12-03 07:06:53,Qwen/Qwen3-8B,MMLU_selected_subjects,Ministry_of_Defence_(Sweden),chara,0.551,28
2025-12-03 07:08:09,Qwen/Qwen3-8B,MMLU_selected_subjects,Allen_&_Collens,chara,0.550,28
2025-12-03 07:11:41,Qwen/Qwen3-8B,MMLU_selected_subjects,Missouri_Sports_Hall_of_Fame,clean,0.569,28
2025-12-03 07:12:52,Qwen/Qwen3-8B,MMLU_selected_subjects,Almaty_Central_Stadium,clean,0.494,28
2025-12-03 07:16:27,Qwen/Qwen3-8B,MMLU_selected_subjects,Missouri_Sports_Hall_of_Fame,meani,0.592,28
2025-12-03 07:17:35,Qwen/Qwen3-8B,MMLU_selected_subjects,Almaty_Central_Stadium,meani,0.569,28
2025-12-03 07:21:23,Qwen/Qwen3-8B,MMLU_selected_subjects,Missouri_Sports_Hall_of_Fame,wordd,0.570,28
2025-12-03 07:22:19,Qwen/Qwen3-8B,MMLU_selected_subjects,Almaty_Central_Stadium,wordd,0.568,28
2025-12-03 07:26:52,Qwen/Qwen3-8B,MMLU_selected_subjects,Missouri_Sports_Hall_of_Fame,chara,0.530,28
2025-12-03 07:27:29,Qwen/Qwen3-8B,MMLU_selected_subjects,Almaty_Central_Stadium,chara,0.530,28
2025-12-03 07:31:35,Qwen/Qwen3-8B,MMLU_selected_subjects,Mona_Alawi,clean,0.574,28
2025-12-03 07:32:18,Qwen/Qwen3-8B,MMLU_selected_subjects,Alpha_Arae,clean,0.586,28
2025-12-03 07:36:19,Qwen/Qwen3-8B,MMLU_selected_subjects,Mona_Alawi,meani,0.610,28
2025-12-03 07:37:05,Qwen/Qwen3-8B,MMLU_selected_subjects,Alpha_Arae,meani,0.566,28
2025-12-03 07:41:06,Qwen/Qwen3-8B,MMLU_selected_subjects,Mona_Alawi,wordd,0.612,28
2025-12-03 07:41:55,Qwen/Qwen3-8B,MMLU_selected_subjects,Alpha_Arae,wordd,0.571,28
2025-12-03 07:46:06,Qwen/Qwen3-8B,MMLU_selected_subjects,Mona_Alawi,chara,0.543,28
2025-12-03 07:47:23,Qwen/Qwen3-8B,MMLU_selected_subjects,Alpha_Arae,chara,0.512,28
2025-12-03 07:50:30,Qwen/Qwen3-8B,MMLU_selected_subjects,MoneySmart_(Australian_website),clean,0.569,28
2025-12-03 07:51:54,Qwen/Qwen3-8B,MMLU_selected_subjects,"Alpharetta,_Georgia",clean,0.560,28
2025-12-03 07:54:55,Qwen/Qwen3-8B,MMLU_selected_subjects,MoneySmart_(Australian_website),meani,0.584,28
2025-12-03 07:56:26,Qwen/Qwen3-8B,MMLU_selected_subjects,"Alpharetta,_Georgia",meani,0.598,28
2025-12-03 07:59:18,Qwen/Qwen3-8B,MMLU_selected_subjects,MoneySmart_(Australian_website),wordd,0.587,28
2025-12-03 08:00:55,Qwen/Qwen3-8B,MMLU_selected_subjects,"Alpharetta,_Georgia",wordd,0.603,28
2025-12-03 08:04:02,Qwen/Qwen3-8B,MMLU_selected_subjects,MoneySmart_(Australian_website),chara,0.540,28
2025-12-03 08:05:37,Qwen/Qwen3-8B,MMLU_selected_subjects,"Alpharetta,_Georgia",chara,0.587,28
2025-12-03 08:08:29,Qwen/Qwen3-8B,MMLU_selected_subjects,Monodomain_model,clean,0.566,28
2025-12-03 08:10:06,Qwen/Qwen3-8B,MMLU_selected_subjects,Alpi_Pioneer_300_Kite,clean,0.569,28
2025-12-03 08:12:55,Qwen/Qwen3-8B,MMLU_selected_subjects,Monodomain_model,meani,0.553,28
2025-12-03 08:14:35,Qwen/Qwen3-8B,MMLU_selected_subjects,Alpi_Pioneer_300_Kite,meani,0.587,28
2025-12-03 08:17:20,Qwen/Qwen3-8B,MMLU_selected_subjects,Monodomain_model,wordd,0.559,28
2025-12-03 08:19:11,Qwen/Qwen3-8B,MMLU_selected_subjects,Alpi_Pioneer_300_Kite,wordd,0.599,28
2025-12-03 08:22:07,Qwen/Qwen3-8B,MMLU_selected_subjects,Monodomain_model,chara,0.542,28
2025-12-03 08:23:55,Qwen/Qwen3-8B,MMLU_selected_subjects,Alpi_Pioneer_300_Kite,chara,0.537,28
2025-12-03 08:26:35,Qwen/Qwen3-8B,MMLU_selected_subjects,Monticello_Media,clean,0.591,28
2025-12-03 08:28:28,Qwen/Qwen3-8B,MMLU_selected_subjects,Altai_constituency,clean,0.573,28
2025-12-03 08:31:02,Qwen/Qwen3-8B,MMLU_selected_subjects,Monticello_Media,meani,0.612,28
2025-12-03 08:33:05,Qwen/Qwen3-8B,MMLU_selected_subjects,Altai_constituency,meani,0.599,28
2025-12-03 08:35:31,Qwen/Qwen3-8B,MMLU_selected_subjects,Monticello_Media,wordd,0.613,28
2025-12-03 08:37:49,Qwen/Qwen3-8B,MMLU_selected_subjects,Altai_constituency,wordd,0.582,28
2025-12-03 08:40:23,Qwen/Qwen3-8B,MMLU_selected_subjects,Monticello_Media,chara,0.525,28
2025-12-03 08:42:47,Qwen/Qwen3-8B,MMLU_selected_subjects,Altai_constituency,chara,0.551,28
2025-12-03 08:45:22,Qwen/Qwen3-8B,MMLU_selected_subjects,Morris_and_Steedman,clean,0.572,28
2025-12-03 08:47:25,Qwen/Qwen3-8B,MMLU_selected_subjects,Amara_Khaira_Chak,clean,0.523,28
2025-12-03 08:50:19,Qwen/Qwen3-8B,MMLU_selected_subjects,Morris_and_Steedman,meani,0.600,28
2025-12-03 08:52:03,Qwen/Qwen3-8B,MMLU_selected_subjects,Amara_Khaira_Chak,meani,0.571,28
2025-12-03 08:55:20,Qwen/Qwen3-8B,MMLU_selected_subjects,Morris_and_Steedman,wordd,0.602,28
2025-12-03 08:56:40,Qwen/Qwen3-8B,MMLU_selected_subjects,Amara_Khaira_Chak,wordd,0.583,28
2025-12-03 09:00:55,Qwen/Qwen3-8B,MMLU_selected_subjects,Morris_and_Steedman,chara,0.549,28
2025-12-03 09:01:39,Qwen/Qwen3-8B,MMLU_selected_subjects,Amara_Khaira_Chak,chara,0.527,28
2025-12-03 09:05:48,Qwen/Qwen3-8B,MMLU_selected_subjects,Moses_Brown_(basketball),clean,0.560,28
2025-12-03 09:06:44,Qwen/Qwen3-8B,MMLU_selected_subjects,Amaravila_Rameswaram_Sri_Mahadeva_Temple,clean,0.568,28
2025-12-03 09:10:40,Qwen/Qwen3-8B,MMLU_selected_subjects,Moses_Brown_(basketball),meani,0.586,28
2025-12-03 09:11:51,Qwen/Qwen3-8B,MMLU_selected_subjects,Amaravila_Rameswaram_Sri_Mahadeva_Temple,meani,0.601,28
2025-12-03 09:15:39,Qwen/Qwen3-8B,MMLU_selected_subjects,Moses_Brown_(basketball),wordd,0.593,28
2025-12-03 09:17:10,Qwen/Qwen3-8B,MMLU_selected_subjects,Amaravila_Rameswaram_Sri_Mahadeva_Temple,wordd,0.597,28
2025-12-03 09:21:09,Qwen/Qwen3-8B,MMLU_selected_subjects,Moses_Brown_(basketball),chara,0.533,28
2025-12-03 09:22:47,Qwen/Qwen3-8B,MMLU_selected_subjects,Amaravila_Rameswaram_Sri_Mahadeva_Temple,chara,0.523,28
2025-12-03 09:25:58,Qwen/Qwen3-8B,MMLU_selected_subjects,Mounkeo_Oraboun,clean,0.532,28
2025-12-03 09:27:14,Qwen/Qwen3-8B,MMLU_selected_subjects,Amazonian_inezia,clean,0.555,28
2025-12-03 09:30:46,Qwen/Qwen3-8B,MMLU_selected_subjects,Mounkeo_Oraboun,meani,0.578,28
2025-12-03 09:31:42,Qwen/Qwen3-8B,MMLU_selected_subjects,Amazonian_inezia,meani,0.577,28
2025-12-03 09:35:35,Qwen/Qwen3-8B,MMLU_selected_subjects,Mounkeo_Oraboun,wordd,0.569,28
2025-12-03 09:36:07,Qwen/Qwen3-8B,MMLU_selected_subjects,Amazonian_inezia,wordd,0.609,28
2025-12-03 09:40:42,Qwen/Qwen3-8B,MMLU_selected_subjects,Amazonian_inezia,chara,0.524,28
2025-12-03 09:40:49,Qwen/Qwen3-8B,MMLU_selected_subjects,Mounkeo_Oraboun,chara,0.505,28
2025-12-03 09:45:13,Qwen/Qwen3-8B,MMLU_selected_subjects,Ame_no_Wakahiko,clean,0.539,28
2025-12-03 09:45:35,Qwen/Qwen3-8B,MMLU_selected_subjects,Mouse_mill_motor,clean,0.574,28
2025-12-03 09:49:45,Qwen/Qwen3-8B,MMLU_selected_subjects,Ame_no_Wakahiko,meani,0.581,28
2025-12-03 09:50:15,Qwen/Qwen3-8B,MMLU_selected_subjects,Mouse_mill_motor,meani,0.601,28
2025-12-03 09:54:18,Qwen/Qwen3-8B,MMLU_selected_subjects,Ame_no_Wakahiko,wordd,0.596,28
2025-12-03 09:55:00,Qwen/Qwen3-8B,MMLU_selected_subjects,Mouse_mill_motor,wordd,0.543,28
2025-12-03 09:59:01,Qwen/Qwen3-8B,MMLU_selected_subjects,Ame_no_Wakahiko,chara,0.552,28
2025-12-03 10:00:15,Qwen/Qwen3-8B,MMLU_selected_subjects,Mouse_mill_motor,chara,0.553,28
2025-12-03 10:03:49,Qwen/Qwen3-8B,MMLU_selected_subjects,American_Eagle_Flight_5456,clean,0.576,28
2025-12-03 10:04:43,Qwen/Qwen3-8B,MMLU_selected_subjects,Mousoulita,clean,0.554,28
2025-12-03 10:08:32,Qwen/Qwen3-8B,MMLU_selected_subjects,American_Eagle_Flight_5456,meani,0.598,28
2025-12-03 10:09:10,Qwen/Qwen3-8B,MMLU_selected_subjects,Mousoulita,meani,0.579,28
2025-12-03 10:13:16,Qwen/Qwen3-8B,MMLU_selected_subjects,American_Eagle_Flight_5456,wordd,0.585,28
2025-12-03 10:13:40,Qwen/Qwen3-8B,MMLU_selected_subjects,Mousoulita,wordd,0.592,28
2025-12-03 10:18:16,Qwen/Qwen3-8B,MMLU_selected_subjects,Mousoulita,chara,0.551,28
2025-12-03 10:18:35,Qwen/Qwen3-8B,MMLU_selected_subjects,American_Eagle_Flight_5456,chara,0.532,28
2025-12-03 10:22:47,Qwen/Qwen3-8B,MMLU_selected_subjects,Movement_for_the_People's_Alternative,clean,0.560,28
2025-12-03 10:23:16,Qwen/Qwen3-8B,MMLU_selected_subjects,Amethicium,clean,0.546,28
2025-12-03 10:27:14,Qwen/Qwen3-8B,MMLU_selected_subjects,Movement_for_the_People's_Alternative,meani,0.605,28
2025-12-03 10:27:58,Qwen/Qwen3-8B,MMLU_selected_subjects,Amethicium,meani,0.572,28
2025-12-03 10:31:41,Qwen/Qwen3-8B,MMLU_selected_subjects,Movement_for_the_People's_Alternative,wordd,0.602,28
2025-12-03 10:32:42,Qwen/Qwen3-8B,MMLU_selected_subjects,Amethicium,wordd,0.577,28
2025-12-03 10:36:18,Qwen/Qwen3-8B,MMLU_selected_subjects,Movement_for_the_People's_Alternative,chara,0.578,28
2025-12-03 10:37:45,Qwen/Qwen3-8B,MMLU_selected_subjects,Amethicium,chara,0.530,28
2025-12-03 10:41:02,Qwen/Qwen3-8B,MMLU_selected_subjects,Mozdok_(inhabited_locality),clean,0.547,28
2025-12-03 10:42:43,Qwen/Qwen3-8B,MMLU_selected_subjects,Amino_(surname),clean,0.545,28
2025-12-03 10:45:50,Qwen/Qwen3-8B,MMLU_selected_subjects,Mozdok_(inhabited_locality),meani,0.556,28
2025-12-03 10:47:41,Qwen/Qwen3-8B,MMLU_selected_subjects,Amino_(surname),meani,0.568,28
2025-12-03 10:50:28,Qwen/Qwen3-8B,MMLU_selected_subjects,Mozdok_(inhabited_locality),wordd,0.580,28
2025-12-03 10:52:40,Qwen/Qwen3-8B,MMLU_selected_subjects,Amino_(surname),wordd,0.596,28
2025-12-03 10:55:30,Qwen/Qwen3-8B,MMLU_selected_subjects,Mozdok_(inhabited_locality),chara,0.545,28
2025-12-03 10:58:02,Qwen/Qwen3-8B,MMLU_selected_subjects,Amino_(surname),chara,0.524,28
2025-12-03 11:00:07,Qwen/Qwen3-8B,MMLU_selected_subjects,Močunigi,clean,0.587,28
2025-12-03 11:03:12,Qwen/Qwen3-8B,MMLU_selected_subjects,Anandra,clean,0.535,28
2025-12-03 11:04:43,Qwen/Qwen3-8B,MMLU_selected_subjects,Močunigi,meani,0.580,28
2025-12-03 11:08:10,Qwen/Qwen3-8B,MMLU_selected_subjects,Anandra,meani,0.593,28
2025-12-03 11:09:16,Qwen/Qwen3-8B,MMLU_selected_subjects,Močunigi,wordd,0.540,28
2025-12-03 11:13:08,Qwen/Qwen3-8B,MMLU_selected_subjects,Anandra,wordd,0.605,28
2025-12-03 11:14:07,Qwen/Qwen3-8B,MMLU_selected_subjects,Močunigi,chara,0.558,28
2025-12-03 11:18:24,Qwen/Qwen3-8B,MMLU_selected_subjects,Anandra,chara,0.534,28
2025-12-03 11:18:39,Qwen/Qwen3-8B,MMLU_selected_subjects,Muaythai_at_the_2014_Asian_Beach_Games,clean,0.593,28
2025-12-03 11:23:05,Qwen/Qwen3-8B,MMLU_selected_subjects,Anangpal_Tomar,clean,0.572,28
2025-12-03 11:23:12,Qwen/Qwen3-8B,MMLU_selected_subjects,Muaythai_at_the_2014_Asian_Beach_Games,meani,0.597,28
2025-12-03 11:27:43,Qwen/Qwen3-8B,MMLU_selected_subjects,Muaythai_at_the_2014_Asian_Beach_Games,wordd,0.598,28
2025-12-03 11:27:51,Qwen/Qwen3-8B,MMLU_selected_subjects,Anangpal_Tomar,meani,0.580,28
2025-12-03 11:32:27,Qwen/Qwen3-8B,MMLU_selected_subjects,Muaythai_at_the_2014_Asian_Beach_Games,chara,0.529,28
2025-12-03 11:32:33,Qwen/Qwen3-8B,MMLU_selected_subjects,Anangpal_Tomar,wordd,0.582,28
2025-12-03 11:37:14,Qwen/Qwen3-8B,MMLU_selected_subjects,Mukhosh_(band),clean,0.561,28
2025-12-03 11:37:30,Qwen/Qwen3-8B,MMLU_selected_subjects,Anangpal_Tomar,chara,0.533,28
2025-12-03 11:42:00,Qwen/Qwen3-8B,MMLU_selected_subjects,Anita_(given_name),clean,0.542,28
2025-12-03 11:42:07,Qwen/Qwen3-8B,MMLU_selected_subjects,Mukhosh_(band),meani,0.582,28
2025-12-03 11:46:30,Qwen/Qwen3-8B,MMLU_selected_subjects,Anita_(given_name),meani,0.554,28
2025-12-03 11:46:59,Qwen/Qwen3-8B,MMLU_selected_subjects,Mukhosh_(band),wordd,0.583,28
2025-12-03 11:51:02,Qwen/Qwen3-8B,MMLU_selected_subjects,Anita_(given_name),wordd,0.540,28
2025-12-03 11:52:07,Qwen/Qwen3-8B,MMLU_selected_subjects,Mukhosh_(band),chara,0.539,28
2025-12-03 11:55:51,Qwen/Qwen3-8B,MMLU_selected_subjects,Anita_(given_name),chara,0.529,28
2025-12-03 11:56:51,Qwen/Qwen3-8B,MMLU_selected_subjects,Mullaghboy,clean,0.572,28
2025-12-03 12:00:29,Qwen/Qwen3-8B,MMLU_selected_subjects,Ann-Kristin_Engstad,clean,0.545,28
2025-12-03 12:01:32,Qwen/Qwen3-8B,MMLU_selected_subjects,Mullaghboy,meani,0.621,28
2025-12-03 12:05:10,Qwen/Qwen3-8B,MMLU_selected_subjects,Ann-Kristin_Engstad,meani,0.587,28
2025-12-03 12:06:21,Qwen/Qwen3-8B,MMLU_selected_subjects,Mullaghboy,wordd,0.603,28
2025-12-03 12:09:42,Qwen/Qwen3-8B,MMLU_selected_subjects,Ann-Kristin_Engstad,wordd,0.563,28
2025-12-03 12:11:21,Qwen/Qwen3-8B,MMLU_selected_subjects,Mullaghboy,chara,0.559,28
2025-12-03 12:14:33,Qwen/Qwen3-8B,MMLU_selected_subjects,Ann-Kristin_Engstad,chara,0.539,28
2025-12-03 12:16:12,Qwen/Qwen3-8B,MMLU_selected_subjects,Municipality_of_Rače-Fram,clean,0.556,28
2025-12-03 12:18:55,Qwen/Qwen3-8B,MMLU_selected_subjects,Ann_S._Fulcher,clean,0.491,28
2025-12-03 12:21:00,Qwen/Qwen3-8B,MMLU_selected_subjects,Municipality_of_Rače-Fram,meani,0.600,28
2025-12-03 12:23:27,Qwen/Qwen3-8B,MMLU_selected_subjects,Ann_S._Fulcher,meani,0.510,28
2025-12-03 12:25:56,Qwen/Qwen3-8B,MMLU_selected_subjects,Municipality_of_Rače-Fram,wordd,0.593,28
2025-12-03 12:27:51,Qwen/Qwen3-8B,MMLU_selected_subjects,Ann_S._Fulcher,wordd,0.559,28
2025-12-03 12:31:12,Qwen/Qwen3-8B,MMLU_selected_subjects,Municipality_of_Rače-Fram,chara,0.570,28
2025-12-03 12:32:26,Qwen/Qwen3-8B,MMLU_selected_subjects,Ann_S._Fulcher,chara,0.546,28
2025-12-03 12:35:58,Qwen/Qwen3-8B,MMLU_selected_subjects,Muojärvi,clean,0.555,28
2025-12-03 12:37:27,Qwen/Qwen3-8B,MMLU_selected_subjects,Anna_(name),clean,0.585,28
2025-12-03 12:40:44,Qwen/Qwen3-8B,MMLU_selected_subjects,Muojärvi,meani,0.597,28
2025-12-03 12:42:35,Qwen/Qwen3-8B,MMLU_selected_subjects,Anna_(name),meani,0.600,28
2025-12-03 12:45:30,Qwen/Qwen3-8B,MMLU_selected_subjects,Muojärvi,wordd,0.568,28
2025-12-03 12:47:37,Qwen/Qwen3-8B,MMLU_selected_subjects,Anna_(name),wordd,0.580,28
2025-12-03 12:50:42,Qwen/Qwen3-8B,MMLU_selected_subjects,Muojärvi,chara,0.536,28
2025-12-03 12:53:18,Qwen/Qwen3-8B,MMLU_selected_subjects,Anna_(name),chara,0.529,28
2025-12-03 12:55:32,Qwen/Qwen3-8B,MMLU_selected_subjects,Murut_people,clean,0.564,28
2025-12-03 12:57:40,Qwen/Qwen3-8B,MMLU_selected_subjects,Annalisa_Vincent,clean,0.602,28
2025-12-03 13:00:22,Qwen/Qwen3-8B,MMLU_selected_subjects,Murut_people,meani,0.572,28
2025-12-03 13:02:04,Qwen/Qwen3-8B,MMLU_selected_subjects,Annalisa_Vincent,meani,0.608,28
2025-12-03 13:05:17,Qwen/Qwen3-8B,MMLU_selected_subjects,Murut_people,wordd,0.571,28
2025-12-03 13:06:37,Qwen/Qwen3-8B,MMLU_selected_subjects,Annalisa_Vincent,wordd,0.578,28
2025-12-03 13:10:53,Qwen/Qwen3-8B,MMLU_selected_subjects,Murut_people,chara,0.532,28
2025-12-03 13:11:14,Qwen/Qwen3-8B,MMLU_selected_subjects,Annalisa_Vincent,chara,0.549,28
2025-12-03 13:15:44,Qwen/Qwen3-8B,MMLU_selected_subjects,Mustafa_Şentop,clean,0.541,28
2025-12-03 13:16:24,Qwen/Qwen3-8B,MMLU_selected_subjects,Annie_L._Grimes,clean,0.594,28
2025-12-03 13:20:26,Qwen/Qwen3-8B,MMLU_selected_subjects,Mustafa_Şentop,meani,0.605,28
2025-12-03 13:21:39,Qwen/Qwen3-8B,MMLU_selected_subjects,Annie_L._Grimes,meani,0.598,28
2025-12-03 13:25:07,Qwen/Qwen3-8B,MMLU_selected_subjects,Mustafa_Şentop,wordd,0.578,28
2025-12-03 13:26:52,Qwen/Qwen3-8B,MMLU_selected_subjects,Annie_L._Grimes,wordd,0.585,28
2025-12-03 13:30:02,Qwen/Qwen3-8B,MMLU_selected_subjects,Mustafa_Şentop,chara,0.572,28
2025-12-03 13:32:47,Qwen/Qwen3-8B,MMLU_selected_subjects,Annie_L._Grimes,chara,0.518,28
2025-12-03 13:35:05,Qwen/Qwen3-8B,MMLU_selected_subjects,Mutapa_Empire,clean,0.574,28
2025-12-03 13:37:35,Qwen/Qwen3-8B,MMLU_selected_subjects,Antonio_Casertano,clean,0.520,28
2025-12-03 13:40:06,Qwen/Qwen3-8B,MMLU_selected_subjects,Mutapa_Empire,meani,0.595,28
2025-12-03 13:42:18,Qwen/Qwen3-8B,MMLU_selected_subjects,Antonio_Casertano,meani,0.598,28
2025-12-03 13:45:06,Qwen/Qwen3-8B,MMLU_selected_subjects,Mutapa_Empire,wordd,0.597,28
2025-12-03 13:47:01,Qwen/Qwen3-8B,MMLU_selected_subjects,Antonio_Casertano,wordd,0.590,28
2025-12-03 13:50:39,Qwen/Qwen3-8B,MMLU_selected_subjects,Mutapa_Empire,chara,0.548,28
2025-12-03 13:51:59,Qwen/Qwen3-8B,MMLU_selected_subjects,Antonio_Casertano,chara,0.556,28
2025-12-03 13:55:24,Qwen/Qwen3-8B,MMLU_selected_subjects,Muthuthala,clean,0.554,28
2025-12-03 13:57:13,Qwen/Qwen3-8B,MMLU_selected_subjects,Aparna_Karthikeyan,clean,0.553,28
2025-12-03 14:00:06,Qwen/Qwen3-8B,MMLU_selected_subjects,Muthuthala,meani,0.587,28
2025-12-03 14:02:20,Qwen/Qwen3-8B,MMLU_selected_subjects,Aparna_Karthikeyan,meani,0.597,28
2025-12-03 14:04:52,Qwen/Qwen3-8B,MMLU_selected_subjects,Muthuthala,wordd,0.566,28
2025-12-03 14:07:24,Qwen/Qwen3-8B,MMLU_selected_subjects,Aparna_Karthikeyan,wordd,0.573,28
2025-12-03 14:09:57,Qwen/Qwen3-8B,MMLU_selected_subjects,Muthuthala,chara,0.511,28
2025-12-03 14:13:12,Qwen/Qwen3-8B,MMLU_selected_subjects,Aparna_Karthikeyan,chara,0.547,28
2025-12-03 14:14:49,Qwen/Qwen3-8B,MMLU_selected_subjects,My_Mother_Is_a_Daughter-in-law,clean,0.578,28
2025-12-03 14:17:59,Qwen/Qwen3-8B,MMLU_selected_subjects,Apiletria_marcida,clean,0.564,28
2025-12-03 14:19:44,Qwen/Qwen3-8B,MMLU_selected_subjects,My_Mother_Is_a_Daughter-in-law,meani,0.580,28
2025-12-03 14:22:43,Qwen/Qwen3-8B,MMLU_selected_subjects,Apiletria_marcida,meani,0.594,28
2025-12-03 14:24:46,Qwen/Qwen3-8B,MMLU_selected_subjects,My_Mother_Is_a_Daughter-in-law,wordd,0.596,28
2025-12-03 14:27:24,Qwen/Qwen3-8B,MMLU_selected_subjects,Apiletria_marcida,wordd,0.598,28
2025-12-03 14:29:52,Qwen/Qwen3-8B,MMLU_selected_subjects,My_Mother_Is_a_Daughter-in-law,chara,0.510,28
2025-12-03 14:32:12,Qwen/Qwen3-8B,MMLU_selected_subjects,Apiletria_marcida,chara,0.566,28
2025-12-03 14:34:33,Qwen/Qwen3-8B,MMLU_selected_subjects,Mykhailyna_Roshkevych,clean,0.556,28
2025-12-03 14:37:41,Qwen/Qwen3-8B,MMLU_selected_subjects,"Area_codes_213,_323,_and_738",clean,0.572,28
2025-12-03 14:39:16,Qwen/Qwen3-8B,MMLU_selected_subjects,Mykhailyna_Roshkevych,meani,0.593,28
2025-12-03 14:42:54,Qwen/Qwen3-8B,MMLU_selected_subjects,"Area_codes_213,_323,_and_738",meani,0.610,28
2025-12-03 14:43:53,Qwen/Qwen3-8B,MMLU_selected_subjects,Mykhailyna_Roshkevych,wordd,0.606,28
2025-12-03 14:48:04,Qwen/Qwen3-8B,MMLU_selected_subjects,"Area_codes_213,_323,_and_738",wordd,0.595,28
2025-12-03 14:48:47,Qwen/Qwen3-8B,MMLU_selected_subjects,Mykhailyna_Roshkevych,chara,0.573,28
2025-12-03 14:53:26,Qwen/Qwen3-8B,MMLU_selected_subjects,Mylothris_similis,clean,0.557,28
2025-12-03 14:53:57,Qwen/Qwen3-8B,MMLU_selected_subjects,"Area_codes_213,_323,_and_738",chara,0.536,28
2025-12-03 14:58:04,Qwen/Qwen3-8B,MMLU_selected_subjects,Mylothris_similis,meani,0.599,28
2025-12-03 14:58:50,Qwen/Qwen3-8B,MMLU_selected_subjects,Arms_Legislation_Act_2020,clean,0.588,28
2025-12-03 15:02:41,Qwen/Qwen3-8B,MMLU_selected_subjects,Mylothris_similis,wordd,0.559,28
2025-12-03 15:03:40,Qwen/Qwen3-8B,MMLU_selected_subjects,Arms_Legislation_Act_2020,meani,0.592,28
2025-12-03 15:07:42,Qwen/Qwen3-8B,MMLU_selected_subjects,Mylothris_similis,chara,0.535,28
2025-12-03 15:08:34,Qwen/Qwen3-8B,MMLU_selected_subjects,Arms_Legislation_Act_2020,wordd,0.571,28
2025-12-03 15:12:50,Qwen/Qwen3-8B,MMLU_selected_subjects,Mỹ_Đức_district,clean,0.535,28
2025-12-03 15:14:04,Qwen/Qwen3-8B,MMLU_selected_subjects,Arms_Legislation_Act_2020,chara,0.559,28
2025-12-03 15:17:48,Qwen/Qwen3-8B,MMLU_selected_subjects,Mỹ_Đức_district,meani,0.578,28
2025-12-03 15:19:08,Qwen/Qwen3-8B,MMLU_selected_subjects,Art_student_scam,clean,0.574,28
2025-12-03 15:22:50,Qwen/Qwen3-8B,MMLU_selected_subjects,Mỹ_Đức_district,wordd,0.567,28
2025-12-03 15:24:03,Qwen/Qwen3-8B,MMLU_selected_subjects,Art_student_scam,meani,0.573,28
2025-12-03 15:28:24,Qwen/Qwen3-8B,MMLU_selected_subjects,Mỹ_Đức_district,chara,0.498,28
2025-12-03 15:28:54,Qwen/Qwen3-8B,MMLU_selected_subjects,Art_student_scam,wordd,0.601,28
2025-12-03 15:33:03,Qwen/Qwen3-8B,MMLU_selected_subjects,N._Ramachandra_Reddy,clean,0.580,28
2025-12-03 15:34:41,Qwen/Qwen3-8B,MMLU_selected_subjects,Art_student_scam,chara,0.492,28
2025-12-03 15:37:36,Qwen/Qwen3-8B,MMLU_selected_subjects,N._Ramachandra_Reddy,meani,0.603,28
2025-12-03 15:39:34,Qwen/Qwen3-8B,MMLU_selected_subjects,Asadollah_Mobasheri,clean,0.560,28
2025-12-03 15:42:08,Qwen/Qwen3-8B,MMLU_selected_subjects,N._Ramachandra_Reddy,wordd,0.600,28
2025-12-03 15:44:26,Qwen/Qwen3-8B,MMLU_selected_subjects,Asadollah_Mobasheri,meani,0.579,28
2025-12-03 15:47:08,Qwen/Qwen3-8B,MMLU_selected_subjects,N._Ramachandra_Reddy,chara,0.504,28
2025-12-03 15:49:21,Qwen/Qwen3-8B,MMLU_selected_subjects,Asadollah_Mobasheri,wordd,0.549,28
2025-12-03 15:51:53,Qwen/Qwen3-8B,MMLU_selected_subjects,Naciria,clean,0.582,28
2025-12-03 15:54:46,Qwen/Qwen3-8B,MMLU_selected_subjects,Asadollah_Mobasheri,chara,0.498,28
2025-12-03 15:56:44,Qwen/Qwen3-8B,MMLU_selected_subjects,Naciria,meani,0.598,28
2025-12-03 15:59:45,Qwen/Qwen3-8B,MMLU_selected_subjects,Asia_(1780_EIC_ship),clean,0.610,28
2025-12-03 16:01:34,Qwen/Qwen3-8B,MMLU_selected_subjects,Naciria,wordd,0.596,28
2025-12-03 16:04:34,Qwen/Qwen3-8B,MMLU_selected_subjects,Asia_(1780_EIC_ship),meani,0.601,28
2025-12-03 16:06:37,Qwen/Qwen3-8B,MMLU_selected_subjects,Naciria,chara,0.503,28
2025-12-03 16:09:26,Qwen/Qwen3-8B,MMLU_selected_subjects,Asia_(1780_EIC_ship),wordd,0.604,28
2025-12-03 16:11:39,Qwen/Qwen3-8B,MMLU_selected_subjects,Nadir_Dendoune,clean,0.538,28
2025-12-03 16:14:40,Qwen/Qwen3-8B,MMLU_selected_subjects,Asia_(1780_EIC_ship),chara,0.532,28
2025-12-03 16:16:31,Qwen/Qwen3-8B,MMLU_selected_subjects,Nadir_Dendoune,meani,0.596,28
2025-12-03 16:19:17,Qwen/Qwen3-8B,MMLU_selected_subjects,Asmara_International_Community_School,clean,0.548,28
2025-12-03 16:21:20,Qwen/Qwen3-8B,MMLU_selected_subjects,Nadir_Dendoune,wordd,0.591,28
2025-12-03 16:24:00,Qwen/Qwen3-8B,MMLU_selected_subjects,Asmara_International_Community_School,meani,0.607,28
2025-12-03 16:26:19,Qwen/Qwen3-8B,MMLU_selected_subjects,Nadir_Dendoune,chara,0.528,28
2025-12-03 16:28:40,Qwen/Qwen3-8B,MMLU_selected_subjects,Asmara_International_Community_School,wordd,0.593,28
2025-12-03 16:31:06,Qwen/Qwen3-8B,MMLU_selected_subjects,Najlah_Feanny,clean,0.361,28
2025-12-03 16:33:42,Qwen/Qwen3-8B,MMLU_selected_subjects,Asmara_International_Community_School,chara,0.548,28
2025-12-03 16:35:53,Qwen/Qwen3-8B,MMLU_selected_subjects,Najlah_Feanny,meani,0.561,28
2025-12-03 16:38:19,Qwen/Qwen3-8B,MMLU_selected_subjects,Assington,clean,0.566,28
2025-12-03 16:40:39,Qwen/Qwen3-8B,MMLU_selected_subjects,Najlah_Feanny,wordd,0.569,28
2025-12-03 16:42:52,Qwen/Qwen3-8B,MMLU_selected_subjects,Assington,meani,0.581,28
2025-12-03 16:45:54,Qwen/Qwen3-8B,MMLU_selected_subjects,Najlah_Feanny,chara,0.502,28
2025-12-03 16:47:31,Qwen/Qwen3-8B,MMLU_selected_subjects,Assington,wordd,0.598,28
2025-12-03 16:51:02,Qwen/Qwen3-8B,MMLU_selected_subjects,Naked_as_Water,clean,0.571,28
2025-12-03 16:52:35,Qwen/Qwen3-8B,MMLU_selected_subjects,Assington,chara,0.561,28
2025-12-03 16:55:52,Qwen/Qwen3-8B,MMLU_selected_subjects,Naked_as_Water,meani,0.585,28
2025-12-03 16:57:35,Qwen/Qwen3-8B,MMLU_selected_subjects,Associations_of_good-doing,clean,0.544,28
2025-12-03 17:00:44,Qwen/Qwen3-8B,MMLU_selected_subjects,Naked_as_Water,wordd,0.582,28
2025-12-03 17:02:42,Qwen/Qwen3-8B,MMLU_selected_subjects,Associations_of_good-doing,meani,0.569,28
2025-12-03 17:06:03,Qwen/Qwen3-8B,MMLU_selected_subjects,Naked_as_Water,chara,0.522,28
2025-12-03 17:07:53,Qwen/Qwen3-8B,MMLU_selected_subjects,Associations_of_good-doing,wordd,0.581,28
2025-12-03 17:10:45,Qwen/Qwen3-8B,MMLU_selected_subjects,Nam_On_(constituency),clean,0.563,28
2025-12-03 17:13:28,Qwen/Qwen3-8B,MMLU_selected_subjects,Associations_of_good-doing,chara,0.536,28
2025-12-03 17:15:24,Qwen/Qwen3-8B,MMLU_selected_subjects,Nam_On_(constituency),meani,0.588,28
2025-12-03 17:18:34,Qwen/Qwen3-8B,MMLU_selected_subjects,Atemi_Oyungu,clean,0.527,28
2025-12-03 17:20:04,Qwen/Qwen3-8B,MMLU_selected_subjects,Nam_On_(constituency),wordd,0.565,28
2025-12-03 17:23:35,Qwen/Qwen3-8B,MMLU_selected_subjects,Atemi_Oyungu,meani,0.604,28
2025-12-03 17:25:00,Qwen/Qwen3-8B,MMLU_selected_subjects,Nam_On_(constituency),chara,0.545,28
2025-12-03 17:28:39,Qwen/Qwen3-8B,MMLU_selected_subjects,Atemi_Oyungu,wordd,0.593,28
2025-12-03 17:30:15,Qwen/Qwen3-8B,MMLU_selected_subjects,Nancy_Lenehan,clean,0.556,28
2025-12-03 17:34:15,Qwen/Qwen3-8B,MMLU_selected_subjects,Atemi_Oyungu,chara,0.548,28
2025-12-03 17:35:26,Qwen/Qwen3-8B,MMLU_selected_subjects,Nancy_Lenehan,meani,0.595,28
2025-12-03 17:39:16,Qwen/Qwen3-8B,MMLU_selected_subjects,Athanasoulas,clean,0.572,28
2025-12-03 17:40:36,Qwen/Qwen3-8B,MMLU_selected_subjects,Nancy_Lenehan,wordd,0.591,28
2025-12-03 17:44:23,Qwen/Qwen3-8B,MMLU_selected_subjects,Athanasoulas,meani,0.592,28
2025-12-03 17:46:33,Qwen/Qwen3-8B,MMLU_selected_subjects,Nancy_Lenehan,chara,0.530,28
2025-12-03 17:49:36,Qwen/Qwen3-8B,MMLU_selected_subjects,Athanasoulas,wordd,0.570,28
2025-12-03 17:51:22,Qwen/Qwen3-8B,MMLU_selected_subjects,Naomi_Matsumoto,clean,0.547,28
2025-12-03 17:55:01,Qwen/Qwen3-8B,MMLU_selected_subjects,Athanasoulas,chara,0.519,28
2025-12-03 17:56:16,Qwen/Qwen3-8B,MMLU_selected_subjects,Naomi_Matsumoto,meani,0.588,28
2025-12-03 18:00:01,Qwen/Qwen3-8B,MMLU_selected_subjects,Australovenator,clean,0.572,28
2025-12-03 18:00:56,Qwen/Qwen3-8B,MMLU_selected_subjects,Naomi_Matsumoto,wordd,0.584,28
2025-12-03 18:05:00,Qwen/Qwen3-8B,MMLU_selected_subjects,Australovenator,meani,0.591,28
2025-12-03 18:05:47,Qwen/Qwen3-8B,MMLU_selected_subjects,Naomi_Matsumoto,chara,0.545,28
2025-12-03 18:10:04,Qwen/Qwen3-8B,MMLU_selected_subjects,Australovenator,wordd,0.595,28
2025-12-03 18:10:25,Qwen/Qwen3-8B,MMLU_selected_subjects,National_Archives_of_Guyana,clean,0.531,28
2025-12-03 18:15:06,Qwen/Qwen3-8B,MMLU_selected_subjects,National_Archives_of_Guyana,meani,0.571,28
2025-12-03 18:15:58,Qwen/Qwen3-8B,MMLU_selected_subjects,Australovenator,chara,0.509,28
2025-12-03 18:19:41,Qwen/Qwen3-8B,MMLU_selected_subjects,National_Archives_of_Guyana,wordd,0.575,28
2025-12-03 18:20:37,Qwen/Qwen3-8B,MMLU_selected_subjects,Austria–Indonesia_relations,clean,0.555,28
2025-12-03 18:24:38,Qwen/Qwen3-8B,MMLU_selected_subjects,National_Archives_of_Guyana,chara,0.526,28
2025-12-03 18:25:13,Qwen/Qwen3-8B,MMLU_selected_subjects,Austria–Indonesia_relations,meani,0.588,28
2025-12-03 18:29:12,Qwen/Qwen3-8B,MMLU_selected_subjects,Natural_Resources_Wales,clean,0.549,28
2025-12-03 18:29:50,Qwen/Qwen3-8B,MMLU_selected_subjects,Austria–Indonesia_relations,wordd,0.580,28
2025-12-03 18:33:45,Qwen/Qwen3-8B,MMLU_selected_subjects,Natural_Resources_Wales,meani,0.595,28
2025-12-03 18:35:00,Qwen/Qwen3-8B,MMLU_selected_subjects,Austria–Indonesia_relations,chara,0.532,28
2025-12-03 18:38:26,Qwen/Qwen3-8B,MMLU_selected_subjects,Natural_Resources_Wales,wordd,0.589,28
2025-12-03 18:40:02,Qwen/Qwen3-8B,MMLU_selected_subjects,Avalanche_Recordings,clean,0.598,28
2025-12-03 18:43:27,Qwen/Qwen3-8B,MMLU_selected_subjects,Natural_Resources_Wales,chara,0.548,28
2025-12-03 18:45:06,Qwen/Qwen3-8B,MMLU_selected_subjects,Avalanche_Recordings,meani,0.592,28
2025-12-03 18:48:17,Qwen/Qwen3-8B,MMLU_selected_subjects,Nedjeljni_Jutarnji,clean,0.562,28
2025-12-03 18:50:03,Qwen/Qwen3-8B,MMLU_selected_subjects,Avalanche_Recordings,wordd,0.604,28
2025-12-03 18:53:05,Qwen/Qwen3-8B,MMLU_selected_subjects,Nedjeljni_Jutarnji,meani,0.587,28
2025-12-03 18:55:45,Qwen/Qwen3-8B,MMLU_selected_subjects,Avalanche_Recordings,chara,0.552,28
2025-12-03 18:57:54,Qwen/Qwen3-8B,MMLU_selected_subjects,Nedjeljni_Jutarnji,wordd,0.559,28
2025-12-03 19:00:21,Qwen/Qwen3-8B,MMLU_selected_subjects,Average_voting_rule,clean,0.576,28
2025-12-03 19:03:16,Qwen/Qwen3-8B,MMLU_selected_subjects,Nedjeljni_Jutarnji,chara,0.532,28
2025-12-03 19:04:56,Qwen/Qwen3-8B,MMLU_selected_subjects,Average_voting_rule,meani,0.581,28
2025-12-03 19:08:15,Qwen/Qwen3-8B,MMLU_selected_subjects,Negev_Summit,clean,0.582,28
2025-12-03 19:09:32,Qwen/Qwen3-8B,MMLU_selected_subjects,Average_voting_rule,wordd,0.568,28
2025-12-03 19:13:35,Qwen/Qwen3-8B,MMLU_selected_subjects,Negev_Summit,meani,0.606,28
2025-12-03 19:14:42,Qwen/Qwen3-8B,MMLU_selected_subjects,Average_voting_rule,chara,0.555,28
2025-12-03 19:18:33,Qwen/Qwen3-8B,MMLU_selected_subjects,Negev_Summit,wordd,0.598,28
2025-12-03 19:19:35,Qwen/Qwen3-8B,MMLU_selected_subjects,Avery_Brewing_Company,clean,0.566,28
2025-12-03 19:24:05,Qwen/Qwen3-8B,MMLU_selected_subjects,Negev_Summit,chara,0.528,28
2025-12-03 19:24:19,Qwen/Qwen3-8B,MMLU_selected_subjects,Avery_Brewing_Company,meani,0.590,28
2025-12-03 19:28:51,Qwen/Qwen3-8B,MMLU_selected_subjects,"Nejime,_Kagoshima",clean,0.551,28
2025-12-03 19:29:03,Qwen/Qwen3-8B,MMLU_selected_subjects,Avery_Brewing_Company,wordd,0.591,28
2025-12-03 19:33:37,Qwen/Qwen3-8B,MMLU_selected_subjects,"Nejime,_Kagoshima",meani,0.576,28
2025-12-03 19:34:14,Qwen/Qwen3-8B,MMLU_selected_subjects,Avery_Brewing_Company,chara,0.519,28
2025-12-03 19:38:20,Qwen/Qwen3-8B,MMLU_selected_subjects,"Nejime,_Kagoshima",wordd,0.565,28
2025-12-03 19:38:45,Qwen/Qwen3-8B,MMLU_selected_subjects,Aviatik_D.II,clean,0.569,28
2025-12-03 19:43:19,Qwen/Qwen3-8B,MMLU_selected_subjects,Aviatik_D.II,meani,0.582,28
2025-12-03 19:43:37,Qwen/Qwen3-8B,MMLU_selected_subjects,"Nejime,_Kagoshima",chara,0.543,28
2025-12-03 19:47:47,Qwen/Qwen3-8B,MMLU_selected_subjects,Aviatik_D.II,wordd,0.541,28
2025-12-03 19:48:32,Qwen/Qwen3-8B,MMLU_selected_subjects,Nemophila,clean,0.555,28
2025-12-03 19:52:37,Qwen/Qwen3-8B,MMLU_selected_subjects,Aviatik_D.II,chara,0.560,28
2025-12-03 19:53:22,Qwen/Qwen3-8B,MMLU_selected_subjects,Nemophila,meani,0.580,28
2025-12-03 19:57:28,Qwen/Qwen3-8B,MMLU_selected_subjects,Aya_Yamane,clean,0.539,28
2025-12-03 19:58:25,Qwen/Qwen3-8B,MMLU_selected_subjects,Nemophila,wordd,0.584,28
2025-12-03 20:02:17,Qwen/Qwen3-8B,MMLU_selected_subjects,Aya_Yamane,meani,0.561,28
2025-12-03 20:03:52,Qwen/Qwen3-8B,MMLU_selected_subjects,Nemophila,chara,0.564,28
2025-12-03 20:07:09,Qwen/Qwen3-8B,MMLU_selected_subjects,Aya_Yamane,wordd,0.591,28
2025-12-03 20:08:36,Qwen/Qwen3-8B,MMLU_selected_subjects,Nepenthaceae_(2001_monograph),clean,0.562,28
2025-12-03 20:12:16,Qwen/Qwen3-8B,MMLU_selected_subjects,Aya_Yamane,chara,0.536,28
2025-12-03 20:13:18,Qwen/Qwen3-8B,MMLU_selected_subjects,Nepenthaceae_(2001_monograph),meani,0.602,28
2025-12-03 20:16:58,Qwen/Qwen3-8B,MMLU_selected_subjects,Ayub_Medical_College,clean,0.553,28
2025-12-03 20:18:02,Qwen/Qwen3-8B,MMLU_selected_subjects,Nepenthaceae_(2001_monograph),wordd,0.553,28
2025-12-03 20:21:35,Qwen/Qwen3-8B,MMLU_selected_subjects,Ayub_Medical_College,meani,0.614,28
2025-12-03 20:23:14,Qwen/Qwen3-8B,MMLU_selected_subjects,Nepenthaceae_(2001_monograph),chara,0.551,28
2025-12-03 20:26:08,Qwen/Qwen3-8B,MMLU_selected_subjects,Ayub_Medical_College,wordd,0.584,28
2025-12-03 20:27:57,Qwen/Qwen3-8B,MMLU_selected_subjects,Nettenchelys_taylori,clean,0.546,28
2025-12-03 20:31:03,Qwen/Qwen3-8B,MMLU_selected_subjects,Ayub_Medical_College,chara,0.560,28
2025-12-03 20:32:53,Qwen/Qwen3-8B,MMLU_selected_subjects,Nettenchelys_taylori,meani,0.605,28
2025-12-03 20:35:44,Qwen/Qwen3-8B,MMLU_selected_subjects,BAE_Systems_PHASA-35,clean,0.554,28
2025-12-03 20:37:32,Qwen/Qwen3-8B,MMLU_selected_subjects,Nettenchelys_taylori,wordd,0.600,28
2025-12-03 20:40:26,Qwen/Qwen3-8B,MMLU_selected_subjects,BAE_Systems_PHASA-35,meani,0.616,28
2025-12-03 20:42:34,Qwen/Qwen3-8B,MMLU_selected_subjects,Nettenchelys_taylori,chara,0.543,28
2025-12-03 20:45:15,Qwen/Qwen3-8B,MMLU_selected_subjects,BAE_Systems_PHASA-35,wordd,0.597,28
2025-12-03 20:47:04,Qwen/Qwen3-8B,MMLU_selected_subjects,Nevendon,clean,0.547,28
2025-12-03 20:50:33,Qwen/Qwen3-8B,MMLU_selected_subjects,BAE_Systems_PHASA-35,chara,0.547,28
2025-12-03 20:51:34,Qwen/Qwen3-8B,MMLU_selected_subjects,Nevendon,meani,0.603,28
2025-12-03 20:55:16,Qwen/Qwen3-8B,MMLU_selected_subjects,Baba_Riz,clean,0.574,28
2025-12-03 20:56:01,Qwen/Qwen3-8B,MMLU_selected_subjects,Nevendon,wordd,0.604,28
2025-12-03 21:00:03,Qwen/Qwen3-8B,MMLU_selected_subjects,Baba_Riz,meani,0.595,28
2025-12-03 21:00:42,Qwen/Qwen3-8B,MMLU_selected_subjects,Nevendon,chara,0.545,28
2025-12-03 21:04:42,Qwen/Qwen3-8B,MMLU_selected_subjects,Baba_Riz,wordd,0.586,28
2025-12-03 21:05:20,Qwen/Qwen3-8B,MMLU_selected_subjects,NhaA-II_RNA_motif,clean,0.533,28
2025-12-03 21:09:41,Qwen/Qwen3-8B,MMLU_selected_subjects,Baba_Riz,chara,0.525,28
2025-12-03 21:10:00,Qwen/Qwen3-8B,MMLU_selected_subjects,NhaA-II_RNA_motif,meani,0.584,28
2025-12-03 21:14:15,Qwen/Qwen3-8B,MMLU_selected_subjects,Bad_Düben,clean,0.572,28
2025-12-03 21:14:40,Qwen/Qwen3-8B,MMLU_selected_subjects,NhaA-II_RNA_motif,wordd,0.575,28
2025-12-03 21:19:10,Qwen/Qwen3-8B,MMLU_selected_subjects,Bad_Düben,meani,0.598,28
2025-12-03 21:19:43,Qwen/Qwen3-8B,MMLU_selected_subjects,NhaA-II_RNA_motif,chara,0.557,28
2025-12-03 21:23:42,Qwen/Qwen3-8B,MMLU_selected_subjects,Bad_Düben,wordd,0.588,28
2025-12-03 21:24:29,Qwen/Qwen3-8B,MMLU_selected_subjects,Nikita_Sharma,clean,0.564,28
2025-12-03 21:28:29,Qwen/Qwen3-8B,MMLU_selected_subjects,Bad_Düben,chara,0.564,28
2025-12-03 21:29:21,Qwen/Qwen3-8B,MMLU_selected_subjects,Nikita_Sharma,meani,0.583,28
2025-12-03 21:33:38,Qwen/Qwen3-8B,MMLU_selected_subjects,Baglan_railway_station,clean,0.564,28
2025-12-03 21:34:02,Qwen/Qwen3-8B,MMLU_selected_subjects,Nikita_Sharma,wordd,0.595,28
2025-12-03 21:38:23,Qwen/Qwen3-8B,MMLU_selected_subjects,Baglan_railway_station,meani,0.583,28
2025-12-03 21:39:01,Qwen/Qwen3-8B,MMLU_selected_subjects,Nikita_Sharma,chara,0.544,28
2025-12-03 21:43:08,Qwen/Qwen3-8B,MMLU_selected_subjects,Baglan_railway_station,wordd,0.589,28
2025-12-03 21:43:36,Qwen/Qwen3-8B,MMLU_selected_subjects,No_Pass_No_Play,clean,0.589,28
2025-12-03 21:48:09,Qwen/Qwen3-8B,MMLU_selected_subjects,No_Pass_No_Play,meani,0.587,28
2025-12-03 21:48:37,Qwen/Qwen3-8B,MMLU_selected_subjects,Baglan_railway_station,chara,0.538,28
2025-12-03 21:52:42,Qwen/Qwen3-8B,MMLU_selected_subjects,No_Pass_No_Play,wordd,0.607,28
2025-12-03 21:53:46,Qwen/Qwen3-8B,MMLU_selected_subjects,Ban'ei,clean,0.566,28
2025-12-03 21:57:37,Qwen/Qwen3-8B,MMLU_selected_subjects,No_Pass_No_Play,chara,0.523,28
2025-12-03 21:58:42,Qwen/Qwen3-8B,MMLU_selected_subjects,Ban'ei,meani,0.598,28
2025-12-03 22:02:05,Qwen/Qwen3-8B,MMLU_selected_subjects,North_Oscura_Peak,clean,0.588,28
2025-12-03 22:03:39,Qwen/Qwen3-8B,MMLU_selected_subjects,Ban'ei,wordd,0.576,28
2025-12-03 22:06:34,Qwen/Qwen3-8B,MMLU_selected_subjects,North_Oscura_Peak,meani,0.581,28
2025-12-03 22:09:06,Qwen/Qwen3-8B,MMLU_selected_subjects,Ban'ei,chara,0.520,28
2025-12-03 22:11:02,Qwen/Qwen3-8B,MMLU_selected_subjects,North_Oscura_Peak,wordd,0.565,28
2025-12-03 22:13:41,Qwen/Qwen3-8B,MMLU_selected_subjects,Bangera,clean,0.579,28
2025-12-03 22:15:41,Qwen/Qwen3-8B,MMLU_selected_subjects,North_Oscura_Peak,chara,0.522,28
2025-12-03 22:18:16,Qwen/Qwen3-8B,MMLU_selected_subjects,Bangera,meani,0.590,28
2025-12-03 22:20:07,Qwen/Qwen3-8B,MMLU_selected_subjects,North_West_Football_League,clean,0.557,28
2025-12-03 22:22:59,Qwen/Qwen3-8B,MMLU_selected_subjects,Bangera,wordd,0.605,28
2025-12-03 22:24:41,Qwen/Qwen3-8B,MMLU_selected_subjects,North_West_Football_League,meani,0.598,28
2025-12-03 22:27:43,Qwen/Qwen3-8B,MMLU_selected_subjects,Bangera,chara,0.549,28
2025-12-03 22:29:04,Qwen/Qwen3-8B,MMLU_selected_subjects,North_West_Football_League,wordd,0.614,28
2025-12-03 22:32:47,Qwen/Qwen3-8B,MMLU_selected_subjects,Baopuzi,clean,0.543,28
2025-12-03 22:33:43,Qwen/Qwen3-8B,MMLU_selected_subjects,North_West_Football_League,chara,0.556,28
2025-12-03 22:37:56,Qwen/Qwen3-8B,MMLU_selected_subjects,Baopuzi,meani,0.611,28
2025-12-03 22:38:12,Qwen/Qwen3-8B,MMLU_selected_subjects,Nothotalisia,clean,0.559,28
2025-12-03 22:42:38,Qwen/Qwen3-8B,MMLU_selected_subjects,Nothotalisia,meani,0.597,28
2025-12-03 22:42:56,Qwen/Qwen3-8B,MMLU_selected_subjects,Baopuzi,wordd,0.586,28
2025-12-03 22:47:12,Qwen/Qwen3-8B,MMLU_selected_subjects,Nothotalisia,wordd,0.589,28
2025-12-03 22:48:34,Qwen/Qwen3-8B,MMLU_selected_subjects,Baopuzi,chara,0.519,28
2025-12-03 22:52:01,Qwen/Qwen3-8B,MMLU_selected_subjects,Nothotalisia,chara,0.520,28
2025-12-03 22:53:18,Qwen/Qwen3-8B,MMLU_selected_subjects,Barbara_Clark,clean,0.527,28
2025-12-03 22:56:43,Qwen/Qwen3-8B,MMLU_selected_subjects,Nullica_River,clean,0.571,28
2025-12-03 22:57:59,Qwen/Qwen3-8B,MMLU_selected_subjects,Barbara_Clark,meani,0.588,28
2025-12-03 23:01:03,Qwen/Qwen3-8B,MMLU_selected_subjects,Nullica_River,meani,0.587,28
2025-12-03 23:02:35,Qwen/Qwen3-8B,MMLU_selected_subjects,Barbara_Clark,wordd,0.565,28
2025-12-03 23:05:24,Qwen/Qwen3-8B,MMLU_selected_subjects,Nullica_River,wordd,0.584,28
2025-12-03 23:07:37,Qwen/Qwen3-8B,MMLU_selected_subjects,Barbara_Clark,chara,0.542,28
2025-12-03 23:10:00,Qwen/Qwen3-8B,MMLU_selected_subjects,Nullica_River,chara,0.558,28
2025-12-03 23:12:20,Qwen/Qwen3-8B,MMLU_selected_subjects,Bardaasht,clean,0.604,28
2025-12-03 23:14:51,Qwen/Qwen3-8B,MMLU_selected_subjects,Number_sign,clean,0.571,28
2025-12-03 23:17:10,Qwen/Qwen3-8B,MMLU_selected_subjects,Bardaasht,meani,0.626,28
2025-12-03 23:19:36,Qwen/Qwen3-8B,MMLU_selected_subjects,Number_sign,meani,0.545,28
2025-12-03 23:21:50,Qwen/Qwen3-8B,MMLU_selected_subjects,Bardaasht,wordd,0.605,28
2025-12-03 23:24:21,Qwen/Qwen3-8B,MMLU_selected_subjects,Number_sign,wordd,0.569,28
2025-12-03 23:26:55,Qwen/Qwen3-8B,MMLU_selected_subjects,Bardaasht,chara,0.541,28
2025-12-03 23:29:47,Qwen/Qwen3-8B,MMLU_selected_subjects,Number_sign,chara,0.525,28
2025-12-03 23:31:57,Qwen/Qwen3-8B,MMLU_selected_subjects,Beach_volleyball_at_the_2019_Pan_American_Games_–_Men's_tournament,clean,0.598,28
2025-12-03 23:34:13,Qwen/Qwen3-8B,MMLU_selected_subjects,Nume_language,clean,0.574,28
2025-12-03 23:36:58,Qwen/Qwen3-8B,MMLU_selected_subjects,Beach_volleyball_at_the_2019_Pan_American_Games_–_Men's_tournament,meani,0.604,28
2025-12-03 23:38:41,Qwen/Qwen3-8B,MMLU_selected_subjects,Nume_language,meani,0.585,28
2025-12-03 23:41:58,Qwen/Qwen3-8B,MMLU_selected_subjects,Beach_volleyball_at_the_2019_Pan_American_Games_–_Men's_tournament,wordd,0.616,28
2025-12-03 23:43:06,Qwen/Qwen3-8B,MMLU_selected_subjects,Nume_language,wordd,0.589,28
2025-12-03 23:47:34,Qwen/Qwen3-8B,MMLU_selected_subjects,Beach_volleyball_at_the_2019_Pan_American_Games_–_Men's_tournament,chara,0.550,28
2025-12-03 23:47:44,Qwen/Qwen3-8B,MMLU_selected_subjects,Nume_language,chara,0.533,28
2025-12-03 23:52:27,Qwen/Qwen3-8B,MMLU_selected_subjects,Beer_in_Belgium,clean,0.586,28
2025-12-03 23:52:51,Qwen/Qwen3-8B,MMLU_selected_subjects,Néstor_Pitana,clean,0.565,28
2025-12-03 23:57:22,Qwen/Qwen3-8B,MMLU_selected_subjects,Beer_in_Belgium,meani,0.578,28
2025-12-03 23:57:45,Qwen/Qwen3-8B,MMLU_selected_subjects,Néstor_Pitana,meani,0.609,28
2025-12-04 00:02:23,Qwen/Qwen3-8B,MMLU_selected_subjects,Beer_in_Belgium,wordd,0.568,28
2025-12-04 00:02:41,Qwen/Qwen3-8B,MMLU_selected_subjects,Néstor_Pitana,wordd,0.603,28
2025-12-04 00:07:58,Qwen/Qwen3-8B,MMLU_selected_subjects,Beer_in_Belgium,chara,0.539,28
2025-12-04 00:08:08,Qwen/Qwen3-8B,MMLU_selected_subjects,Néstor_Pitana,chara,0.545,28
2025-12-04 00:12:25,Qwen/Qwen3-8B,MMLU_selected_subjects,Belgian_Bowl_XX,clean,0.615,28
2025-12-04 00:13:01,Qwen/Qwen3-8B,MMLU_selected_subjects,Office_of_emergency_management,clean,0.590,28
2025-12-04 00:16:53,Qwen/Qwen3-8B,MMLU_selected_subjects,Belgian_Bowl_XX,meani,0.614,28
2025-12-04 00:17:44,Qwen/Qwen3-8B,MMLU_selected_subjects,Office_of_emergency_management,meani,0.602,28
2025-12-04 00:21:16,Qwen/Qwen3-8B,MMLU_selected_subjects,Belgian_Bowl_XX,wordd,0.597,28
2025-12-04 00:22:22,Qwen/Qwen3-8B,MMLU_selected_subjects,Office_of_emergency_management,wordd,0.597,28
2025-12-04 00:25:56,Qwen/Qwen3-8B,MMLU_selected_subjects,Belgian_Bowl_XX,chara,0.549,28
2025-12-04 00:27:42,Qwen/Qwen3-8B,MMLU_selected_subjects,Office_of_emergency_management,chara,0.535,28
2025-12-04 00:30:32,Qwen/Qwen3-8B,MMLU_selected_subjects,Bellanca_Aircruiser,clean,0.546,28
2025-12-04 00:32:22,Qwen/Qwen3-8B,MMLU_selected_subjects,"Oh,_Those_Hanazono_Twins",clean,0.564,28
2025-12-04 00:35:09,Qwen/Qwen3-8B,MMLU_selected_subjects,Bellanca_Aircruiser,meani,0.602,28
2025-12-04 00:36:54,Qwen/Qwen3-8B,MMLU_selected_subjects,"Oh,_Those_Hanazono_Twins",meani,0.613,28
2025-12-04 00:39:44,Qwen/Qwen3-8B,MMLU_selected_subjects,Bellanca_Aircruiser,wordd,0.575,28
2025-12-04 00:41:28,Qwen/Qwen3-8B,MMLU_selected_subjects,"Oh,_Those_Hanazono_Twins",wordd,0.619,28
2025-12-04 00:44:44,Qwen/Qwen3-8B,MMLU_selected_subjects,Bellanca_Aircruiser,chara,0.541,28
2025-12-04 00:46:23,Qwen/Qwen3-8B,MMLU_selected_subjects,"Oh,_Those_Hanazono_Twins",chara,0.526,28
2025-12-04 00:49:18,Qwen/Qwen3-8B,MMLU_selected_subjects,Ben_Albert,clean,0.556,28
2025-12-04 00:51:04,Qwen/Qwen3-8B,MMLU_selected_subjects,Ohio's_6th_congressional_district,clean,0.594,28
2025-12-04 00:53:57,Qwen/Qwen3-8B,MMLU_selected_subjects,Ben_Albert,meani,0.567,28
2025-12-04 00:55:46,Qwen/Qwen3-8B,MMLU_selected_subjects,Ohio's_6th_congressional_district,meani,0.612,28
2025-12-04 00:58:30,Qwen/Qwen3-8B,MMLU_selected_subjects,Ben_Albert,wordd,0.599,28
2025-12-04 01:00:31,Qwen/Qwen3-8B,MMLU_selected_subjects,Ohio's_6th_congressional_district,wordd,0.582,28
2025-12-04 01:03:39,Qwen/Qwen3-8B,MMLU_selected_subjects,Ben_Albert,chara,0.519,28
2025-12-04 01:05:45,Qwen/Qwen3-8B,MMLU_selected_subjects,Ohio's_6th_congressional_district,chara,0.549,28
2025-12-04 01:08:14,Qwen/Qwen3-8B,MMLU_selected_subjects,Bethany_College_(West_Virginia),clean,0.558,28
2025-12-04 01:10:10,Qwen/Qwen3-8B,MMLU_selected_subjects,"Old_Town_Hall,_Clitheroe",clean,0.543,28
2025-12-04 01:12:47,Qwen/Qwen3-8B,MMLU_selected_subjects,Bethany_College_(West_Virginia),meani,0.580,28
2025-12-04 01:14:32,Qwen/Qwen3-8B,MMLU_selected_subjects,"Old_Town_Hall,_Clitheroe",meani,0.593,28
2025-12-04 01:17:15,Qwen/Qwen3-8B,MMLU_selected_subjects,Bethany_College_(West_Virginia),wordd,0.581,28
2025-12-04 01:18:56,Qwen/Qwen3-8B,MMLU_selected_subjects,"Old_Town_Hall,_Clitheroe",wordd,0.589,28
2025-12-04 01:22:09,Qwen/Qwen3-8B,MMLU_selected_subjects,Bethany_College_(West_Virginia),chara,0.548,28
2025-12-04 01:23:32,Qwen/Qwen3-8B,MMLU_selected_subjects,"Old_Town_Hall,_Clitheroe",chara,0.537,28
2025-12-04 01:26:57,Qwen/Qwen3-8B,MMLU_selected_subjects,Bettles_Bay_State_Marine_Park,clean,0.589,28
2025-12-04 01:28:06,Qwen/Qwen3-8B,MMLU_selected_subjects,Older_Women,clean,0.529,28
2025-12-04 01:31:43,Qwen/Qwen3-8B,MMLU_selected_subjects,Bettles_Bay_State_Marine_Park,meani,0.612,28
2025-12-04 01:32:44,Qwen/Qwen3-8B,MMLU_selected_subjects,Older_Women,meani,0.593,28
2025-12-04 01:36:30,Qwen/Qwen3-8B,MMLU_selected_subjects,Bettles_Bay_State_Marine_Park,wordd,0.591,28
2025-12-04 01:37:17,Qwen/Qwen3-8B,MMLU_selected_subjects,Older_Women,wordd,0.547,28
2025-12-04 01:41:49,Qwen/Qwen3-8B,MMLU_selected_subjects,Bettles_Bay_State_Marine_Park,chara,0.534,28
2025-12-04 01:42:14,Qwen/Qwen3-8B,MMLU_selected_subjects,Older_Women,chara,0.490,28
2025-12-04 01:46:30,Qwen/Qwen3-8B,MMLU_selected_subjects,Big_Talk_(band),clean,0.587,28
2025-12-04 01:46:51,Qwen/Qwen3-8B,MMLU_selected_subjects,Olenecamptus_bilobus,clean,0.563,28
2025-12-04 01:51:06,Qwen/Qwen3-8B,MMLU_selected_subjects,Big_Talk_(band),meani,0.604,28
2025-12-04 01:51:23,Qwen/Qwen3-8B,MMLU_selected_subjects,Olenecamptus_bilobus,meani,0.620,28
2025-12-04 01:55:41,Qwen/Qwen3-8B,MMLU_selected_subjects,Big_Talk_(band),wordd,0.591,28
2025-12-04 01:55:55,Qwen/Qwen3-8B,MMLU_selected_subjects,Olenecamptus_bilobus,wordd,0.605,28
2025-12-04 02:00:35,Qwen/Qwen3-8B,MMLU_selected_subjects,Big_Talk_(band),chara,0.521,28
2025-12-04 02:00:44,Qwen/Qwen3-8B,MMLU_selected_subjects,Olenecamptus_bilobus,chara,0.538,28
2025-12-04 02:05:12,Qwen/Qwen3-8B,MMLU_selected_subjects,Bill_Barnes_(United_Methodist_minister),clean,0.581,28
2025-12-04 02:05:26,Qwen/Qwen3-8B,MMLU_selected_subjects,One_(2017_film),clean,0.600,28
2025-12-04 02:09:56,Qwen/Qwen3-8B,MMLU_selected_subjects,Bill_Barnes_(United_Methodist_minister),meani,0.622,28
2025-12-04 02:10:05,Qwen/Qwen3-8B,MMLU_selected_subjects,One_(2017_film),meani,0.618,28
2025-12-04 02:14:47,Qwen/Qwen3-8B,MMLU_selected_subjects,One_(2017_film),wordd,0.603,28
2025-12-04 02:14:51,Qwen/Qwen3-8B,MMLU_selected_subjects,Bill_Barnes_(United_Methodist_minister),wordd,0.627,28
2025-12-04 02:19:44,Qwen/Qwen3-8B,MMLU_selected_subjects,One_(2017_film),chara,0.564,28
2025-12-04 02:19:54,Qwen/Qwen3-8B,MMLU_selected_subjects,Bill_Barnes_(United_Methodist_minister),chara,0.565,28
2025-12-04 02:24:13,Qwen/Qwen3-8B,MMLU_selected_subjects,One_to_One_(Ed_Bruce_album),clean,0.587,28
2025-12-04 02:24:33,Qwen/Qwen3-8B,MMLU_selected_subjects,"Bill_Bradley_(basketball,_born_1941)",clean,0.549,28
2025-12-04 02:28:52,Qwen/Qwen3-8B,MMLU_selected_subjects,One_to_One_(Ed_Bruce_album),meani,0.577,28
2025-12-04 02:29:09,Qwen/Qwen3-8B,MMLU_selected_subjects,"Bill_Bradley_(basketball,_born_1941)",meani,0.599,28
2025-12-04 02:33:21,Qwen/Qwen3-8B,MMLU_selected_subjects,One_to_One_(Ed_Bruce_album),wordd,0.603,28
2025-12-04 02:33:45,Qwen/Qwen3-8B,MMLU_selected_subjects,"Bill_Bradley_(basketball,_born_1941)",wordd,0.596,28
2025-12-04 02:38:08,Qwen/Qwen3-8B,MMLU_selected_subjects,One_to_One_(Ed_Bruce_album),chara,0.518,28
2025-12-04 02:38:46,Qwen/Qwen3-8B,MMLU_selected_subjects,"Bill_Bradley_(basketball,_born_1941)",chara,0.566,28
2025-12-04 02:42:48,Qwen/Qwen3-8B,MMLU_selected_subjects,Online_piracy,clean,0.545,28
2025-12-04 02:43:42,Qwen/Qwen3-8B,MMLU_selected_subjects,Bill_Bunting,clean,0.561,28
2025-12-04 02:47:06,Qwen/Qwen3-8B,MMLU_selected_subjects,Online_piracy,meani,0.578,28
2025-12-04 02:48:37,Qwen/Qwen3-8B,MMLU_selected_subjects,Bill_Bunting,meani,0.587,28
2025-12-04 02:51:28,Qwen/Qwen3-8B,MMLU_selected_subjects,Online_piracy,wordd,0.574,28
2025-12-04 02:53:30,Qwen/Qwen3-8B,MMLU_selected_subjects,Bill_Bunting,wordd,0.610,28
2025-12-04 02:56:08,Qwen/Qwen3-8B,MMLU_selected_subjects,Online_piracy,chara,0.531,28
2025-12-04 02:58:53,Qwen/Qwen3-8B,MMLU_selected_subjects,Bill_Bunting,chara,0.553,28
2025-12-04 03:00:41,Qwen/Qwen3-8B,MMLU_selected_subjects,Open_Snipe_World_Championship,clean,0.549,28
2025-12-04 03:03:28,Qwen/Qwen3-8B,MMLU_selected_subjects,Bingula,clean,0.543,28
2025-12-04 03:05:13,Qwen/Qwen3-8B,MMLU_selected_subjects,Open_Snipe_World_Championship,meani,0.572,28
2025-12-04 03:08:02,Qwen/Qwen3-8B,MMLU_selected_subjects,Bingula,meani,0.590,28
2025-12-04 03:09:46,Qwen/Qwen3-8B,MMLU_selected_subjects,Open_Snipe_World_Championship,wordd,0.560,28
2025-12-04 03:12:38,Qwen/Qwen3-8B,MMLU_selected_subjects,Bingula,wordd,0.563,28
2025-12-04 03:14:44,Qwen/Qwen3-8B,MMLU_selected_subjects,Open_Snipe_World_Championship,chara,0.543,28
2025-12-04 03:17:31,Qwen/Qwen3-8B,MMLU_selected_subjects,Bingula,chara,0.555,28
2025-12-04 03:19:17,Qwen/Qwen3-8B,MMLU_selected_subjects,Operation_Blessing_International,clean,0.557,28
2025-12-04 03:22:27,Qwen/Qwen3-8B,MMLU_selected_subjects,Bisbee_Riot,clean,0.588,28
2025-12-04 03:23:45,Qwen/Qwen3-8B,MMLU_selected_subjects,Operation_Blessing_International,meani,0.597,28
2025-12-04 03:27:22,Qwen/Qwen3-8B,MMLU_selected_subjects,Bisbee_Riot,meani,0.599,28
2025-12-04 03:28:12,Qwen/Qwen3-8B,MMLU_selected_subjects,Operation_Blessing_International,wordd,0.621,28
2025-12-04 03:32:21,Qwen/Qwen3-8B,MMLU_selected_subjects,Bisbee_Riot,wordd,0.596,28
2025-12-04 03:33:03,Qwen/Qwen3-8B,MMLU_selected_subjects,Operation_Blessing_International,chara,0.477,28
2025-12-04 03:37:38,Qwen/Qwen3-8B,MMLU_selected_subjects,Opinion_polling_for_the_2024_United_Kingdom_general_election,clean,0.608,28
2025-12-04 03:38:05,Qwen/Qwen3-8B,MMLU_selected_subjects,Bisbee_Riot,chara,0.513,28
2025-12-04 03:42:27,Qwen/Qwen3-8B,MMLU_selected_subjects,Opinion_polling_for_the_2024_United_Kingdom_general_election,meani,0.600,28
2025-12-04 03:42:44,Qwen/Qwen3-8B,MMLU_selected_subjects,Blackfriars_Massacre,clean,0.584,28
2025-12-04 03:46:59,Qwen/Qwen3-8B,MMLU_selected_subjects,Opinion_polling_for_the_2024_United_Kingdom_general_election,wordd,0.584,28
2025-12-04 03:47:23,Qwen/Qwen3-8B,MMLU_selected_subjects,Blackfriars_Massacre,meani,0.599,28
2025-12-04 03:51:53,Qwen/Qwen3-8B,MMLU_selected_subjects,Opinion_polling_for_the_2024_United_Kingdom_general_election,chara,0.543,28
2025-12-04 03:52:10,Qwen/Qwen3-8B,MMLU_selected_subjects,Blackfriars_Massacre,wordd,0.590,28
2025-12-04 03:56:25,Qwen/Qwen3-8B,MMLU_selected_subjects,Optimum_Patient_Care_Research_Database,clean,0.551,28
2025-12-04 03:57:20,Qwen/Qwen3-8B,MMLU_selected_subjects,Blackfriars_Massacre,chara,0.538,28
2025-12-04 04:01:00,Qwen/Qwen3-8B,MMLU_selected_subjects,Optimum_Patient_Care_Research_Database,meani,0.576,28
2025-12-04 04:02:05,Qwen/Qwen3-8B,MMLU_selected_subjects,Blue_lace_agate,clean,0.558,28
2025-12-04 04:05:32,Qwen/Qwen3-8B,MMLU_selected_subjects,Optimum_Patient_Care_Research_Database,wordd,0.586,28
2025-12-04 04:06:40,Qwen/Qwen3-8B,MMLU_selected_subjects,Blue_lace_agate,meani,0.590,28
2025-12-04 04:10:38,Qwen/Qwen3-8B,MMLU_selected_subjects,Optimum_Patient_Care_Research_Database,chara,0.543,28
2025-12-04 04:11:14,Qwen/Qwen3-8B,MMLU_selected_subjects,Blue_lace_agate,wordd,0.578,28
2025-12-04 04:15:16,Qwen/Qwen3-8B,MMLU_selected_subjects,Origin_Suite,clean,0.580,28
2025-12-04 04:16:08,Qwen/Qwen3-8B,MMLU_selected_subjects,Blue_lace_agate,chara,0.546,28
2025-12-04 04:19:54,Qwen/Qwen3-8B,MMLU_selected_subjects,Origin_Suite,meani,0.593,28
2025-12-04 04:20:52,Qwen/Qwen3-8B,MMLU_selected_subjects,Bob_Lutz_(tennis),clean,0.540,28
2025-12-04 04:24:33,Qwen/Qwen3-8B,MMLU_selected_subjects,Origin_Suite,wordd,0.573,28
2025-12-04 04:25:36,Qwen/Qwen3-8B,MMLU_selected_subjects,Bob_Lutz_(tennis),meani,0.584,28
2025-12-04 04:29:41,Qwen/Qwen3-8B,MMLU_selected_subjects,Origin_Suite,chara,0.552,28
2025-12-04 04:30:21,Qwen/Qwen3-8B,MMLU_selected_subjects,Bob_Lutz_(tennis),wordd,0.574,28
2025-12-04 04:34:15,Qwen/Qwen3-8B,MMLU_selected_subjects,Otfrid_von_Hanstein,clean,0.569,28
2025-12-04 04:35:25,Qwen/Qwen3-8B,MMLU_selected_subjects,Bob_Lutz_(tennis),chara,0.578,28
2025-12-04 04:38:51,Qwen/Qwen3-8B,MMLU_selected_subjects,Otfrid_von_Hanstein,meani,0.604,28
2025-12-04 04:39:54,Qwen/Qwen3-8B,MMLU_selected_subjects,Bocade_Glebe,clean,0.570,28
2025-12-04 04:43:26,Qwen/Qwen3-8B,MMLU_selected_subjects,Otfrid_von_Hanstein,wordd,0.601,28
2025-12-04 04:44:24,Qwen/Qwen3-8B,MMLU_selected_subjects,Bocade_Glebe,meani,0.614,28
2025-12-04 04:48:40,Qwen/Qwen3-8B,MMLU_selected_subjects,Otfrid_von_Hanstein,chara,0.561,28
2025-12-04 04:49:06,Qwen/Qwen3-8B,MMLU_selected_subjects,Bocade_Glebe,wordd,0.601,28
2025-12-04 04:53:19,Qwen/Qwen3-8B,MMLU_selected_subjects,Oxytenis,clean,0.579,28
2025-12-04 04:53:58,Qwen/Qwen3-8B,MMLU_selected_subjects,Bocade_Glebe,chara,0.552,28
2025-12-04 04:57:55,Qwen/Qwen3-8B,MMLU_selected_subjects,Oxytenis,meani,0.604,28
2025-12-04 04:58:28,Qwen/Qwen3-8B,MMLU_selected_subjects,Bogotá_River,clean,0.569,28
2025-12-04 05:02:32,Qwen/Qwen3-8B,MMLU_selected_subjects,Oxytenis,wordd,0.591,28
2025-12-04 05:03:03,Qwen/Qwen3-8B,MMLU_selected_subjects,Bogotá_River,meani,0.596,28
2025-12-04 05:07:24,Qwen/Qwen3-8B,MMLU_selected_subjects,Oxytenis,chara,0.534,28
2025-12-04 05:07:34,Qwen/Qwen3-8B,MMLU_selected_subjects,Bogotá_River,wordd,0.567,28
2025-12-04 05:12:19,Qwen/Qwen3-8B,MMLU_selected_subjects,Ozzie_Virgil_Sr.,clean,0.589,28
2025-12-04 05:12:27,Qwen/Qwen3-8B,MMLU_selected_subjects,Bogotá_River,chara,0.552,28
2025-12-04 05:17:05,Qwen/Qwen3-8B,MMLU_selected_subjects,Borras_Park,clean,0.580,28
2025-12-04 05:17:12,Qwen/Qwen3-8B,MMLU_selected_subjects,Ozzie_Virgil_Sr.,meani,0.600,28
2025-12-04 05:21:42,Qwen/Qwen3-8B,MMLU_selected_subjects,Borras_Park,meani,0.590,28
2025-12-04 05:22:04,Qwen/Qwen3-8B,MMLU_selected_subjects,Ozzie_Virgil_Sr.,wordd,0.604,28
2025-12-04 05:26:19,Qwen/Qwen3-8B,MMLU_selected_subjects,Borras_Park,wordd,0.597,28
2025-12-04 05:27:35,Qwen/Qwen3-8B,MMLU_selected_subjects,Ozzie_Virgil_Sr.,chara,0.541,28
2025-12-04 05:31:10,Qwen/Qwen3-8B,MMLU_selected_subjects,Borras_Park,chara,0.545,28
2025-12-04 05:32:14,Qwen/Qwen3-8B,MMLU_selected_subjects,P.E.E.,clean,0.549,28
2025-12-04 05:35:40,Qwen/Qwen3-8B,MMLU_selected_subjects,Bossiaea_linophylla,clean,0.571,28
2025-12-04 05:36:54,Qwen/Qwen3-8B,MMLU_selected_subjects,P.E.E.,meani,0.572,28
2025-12-04 05:40:08,Qwen/Qwen3-8B,MMLU_selected_subjects,Bossiaea_linophylla,meani,0.581,28
2025-12-04 05:41:39,Qwen/Qwen3-8B,MMLU_selected_subjects,P.E.E.,wordd,0.601,28
2025-12-04 05:44:42,Qwen/Qwen3-8B,MMLU_selected_subjects,Bossiaea_linophylla,wordd,0.565,28
2025-12-04 05:46:44,Qwen/Qwen3-8B,MMLU_selected_subjects,P.E.E.,chara,0.548,28
2025-12-04 05:49:28,Qwen/Qwen3-8B,MMLU_selected_subjects,Bossiaea_linophylla,chara,0.572,28
2025-12-04 05:51:35,Qwen/Qwen3-8B,MMLU_selected_subjects,PGA_Sweden_National,clean,0.586,28
2025-12-04 05:54:27,Qwen/Qwen3-8B,MMLU_selected_subjects,Bosun's_chair,clean,0.578,28
2025-12-04 05:56:18,Qwen/Qwen3-8B,MMLU_selected_subjects,PGA_Sweden_National,meani,0.587,28
2025-12-04 05:59:13,Qwen/Qwen3-8B,MMLU_selected_subjects,Bosun's_chair,meani,0.583,28
2025-12-04 06:00:59,Qwen/Qwen3-8B,MMLU_selected_subjects,PGA_Sweden_National,wordd,0.582,28
2025-12-04 06:04:04,Qwen/Qwen3-8B,MMLU_selected_subjects,Bosun's_chair,wordd,0.576,28
2025-12-04 06:06:06,Qwen/Qwen3-8B,MMLU_selected_subjects,PGA_Sweden_National,chara,0.491,28
2025-12-04 06:09:33,Qwen/Qwen3-8B,MMLU_selected_subjects,Bosun's_chair,chara,0.545,28
2025-12-04 06:10:44,Qwen/Qwen3-8B,MMLU_selected_subjects,Pabellón_criollo,clean,0.565,28
2025-12-04 06:14:12,Qwen/Qwen3-8B,MMLU_selected_subjects,"Brackney,_Pennsylvania",clean,0.555,28
2025-12-04 06:15:24,Qwen/Qwen3-8B,MMLU_selected_subjects,Pabellón_criollo,meani,0.602,28
2025-12-04 06:18:50,Qwen/Qwen3-8B,MMLU_selected_subjects,"Brackney,_Pennsylvania",meani,0.589,28
2025-12-04 06:19:59,Qwen/Qwen3-8B,MMLU_selected_subjects,Pabellón_criollo,wordd,0.566,28
2025-12-04 06:23:27,Qwen/Qwen3-8B,MMLU_selected_subjects,"Brackney,_Pennsylvania",wordd,0.594,28
2025-12-04 06:24:57,Qwen/Qwen3-8B,MMLU_selected_subjects,Pabellón_criollo,chara,0.545,28
2025-12-04 06:28:25,Qwen/Qwen3-8B,MMLU_selected_subjects,"Brackney,_Pennsylvania",chara,0.532,28
2025-12-04 06:29:33,Qwen/Qwen3-8B,MMLU_selected_subjects,Pahlaj_Nihalani,clean,0.531,28
2025-12-04 06:32:52,Qwen/Qwen3-8B,MMLU_selected_subjects,Brian_Bennett,clean,0.527,28
2025-12-04 06:34:10,Qwen/Qwen3-8B,MMLU_selected_subjects,Pahlaj_Nihalani,meani,0.587,28
2025-12-04 06:37:18,Qwen/Qwen3-8B,MMLU_selected_subjects,Brian_Bennett,meani,0.553,28
2025-12-04 06:38:45,Qwen/Qwen3-8B,MMLU_selected_subjects,Pahlaj_Nihalani,wordd,0.571,28
2025-12-04 06:41:44,Qwen/Qwen3-8B,MMLU_selected_subjects,Brian_Bennett,wordd,0.564,28
2025-12-04 06:43:42,Qwen/Qwen3-8B,MMLU_selected_subjects,Pahlaj_Nihalani,chara,0.540,28
2025-12-04 06:46:25,Qwen/Qwen3-8B,MMLU_selected_subjects,Brian_Bennett,chara,0.548,28
2025-12-04 06:48:21,Qwen/Qwen3-8B,MMLU_selected_subjects,Palikur,clean,0.548,28
2025-12-04 06:51:02,Qwen/Qwen3-8B,MMLU_selected_subjects,"Bribir,_Šibenik-Knin_County",clean,0.526,28
2025-12-04 06:53:11,Qwen/Qwen3-8B,MMLU_selected_subjects,Palikur,meani,0.597,28
2025-12-04 06:55:33,Qwen/Qwen3-8B,MMLU_selected_subjects,"Bribir,_Šibenik-Knin_County",meani,0.541,28
2025-12-04 06:58:05,Qwen/Qwen3-8B,MMLU_selected_subjects,Palikur,wordd,0.598,28
2025-12-04 07:00:03,Qwen/Qwen3-8B,MMLU_selected_subjects,"Bribir,_Šibenik-Knin_County",wordd,0.580,28
2025-12-04 07:03:03,Qwen/Qwen3-8B,MMLU_selected_subjects,Palikur,chara,0.552,28
2025-12-04 07:04:49,Qwen/Qwen3-8B,MMLU_selected_subjects,"Bribir,_Šibenik-Knin_County",chara,0.520,28
2025-12-04 07:07:35,Qwen/Qwen3-8B,MMLU_selected_subjects,Panagi,clean,0.573,28
2025-12-04 07:09:21,Qwen/Qwen3-8B,MMLU_selected_subjects,Brisingidae,clean,0.574,28
2025-12-04 07:12:06,Qwen/Qwen3-8B,MMLU_selected_subjects,Panagi,meani,0.537,28
2025-12-04 07:13:54,Qwen/Qwen3-8B,MMLU_selected_subjects,Brisingidae,meani,0.598,28
2025-12-04 07:16:46,Qwen/Qwen3-8B,MMLU_selected_subjects,Panagi,wordd,0.604,28
2025-12-04 07:18:31,Qwen/Qwen3-8B,MMLU_selected_subjects,Brisingidae,wordd,0.580,28
2025-12-04 07:21:28,Qwen/Qwen3-8B,MMLU_selected_subjects,Panagi,chara,0.502,28
2025-12-04 07:23:38,Qwen/Qwen3-8B,MMLU_selected_subjects,Brisingidae,chara,0.495,28
2025-12-04 07:26:41,Qwen/Qwen3-8B,MMLU_selected_subjects,Panhellenic_Federation_of_Journalists'_Unions,clean,0.547,28
2025-12-04 07:28:12,Qwen/Qwen3-8B,MMLU_selected_subjects,Bromine_monoxide_radical,clean,0.528,28
2025-12-04 07:31:51,Qwen/Qwen3-8B,MMLU_selected_subjects,Panhellenic_Federation_of_Journalists'_Unions,meani,0.584,28
2025-12-04 07:32:49,Qwen/Qwen3-8B,MMLU_selected_subjects,Bromine_monoxide_radical,meani,0.564,28
2025-12-04 07:36:59,Qwen/Qwen3-8B,MMLU_selected_subjects,Panhellenic_Federation_of_Journalists'_Unions,wordd,0.596,28
2025-12-04 07:37:23,Qwen/Qwen3-8B,MMLU_selected_subjects,Bromine_monoxide_radical,wordd,0.546,28
2025-12-04 07:42:17,Qwen/Qwen3-8B,MMLU_selected_subjects,Bromine_monoxide_radical,chara,0.520,28
2025-12-04 07:42:44,Qwen/Qwen3-8B,MMLU_selected_subjects,Panhellenic_Federation_of_Journalists'_Unions,chara,0.538,28
2025-12-04 07:47:02,Qwen/Qwen3-8B,MMLU_selected_subjects,Bruno_Luzi,clean,0.566,28
2025-12-04 07:47:18,Qwen/Qwen3-8B,MMLU_selected_subjects,Paolo_Belletti,clean,0.561,28
2025-12-04 07:51:51,Qwen/Qwen3-8B,MMLU_selected_subjects,Paolo_Belletti,meani,0.569,28
2025-12-04 07:51:51,Qwen/Qwen3-8B,MMLU_selected_subjects,Bruno_Luzi,meani,0.605,28
2025-12-04 07:56:21,Qwen/Qwen3-8B,MMLU_selected_subjects,Bruno_Luzi,wordd,0.567,28
2025-12-04 07:56:24,Qwen/Qwen3-8B,MMLU_selected_subjects,Paolo_Belletti,wordd,0.593,28
2025-12-04 08:01:08,Qwen/Qwen3-8B,MMLU_selected_subjects,Bruno_Luzi,chara,0.555,28
2025-12-04 08:01:13,Qwen/Qwen3-8B,MMLU_selected_subjects,Paolo_Belletti,chara,0.541,28
2025-12-04 08:05:43,Qwen/Qwen3-8B,MMLU_selected_subjects,Paper_car_wheel,clean,0.561,28
2025-12-04 08:05:54,Qwen/Qwen3-8B,MMLU_selected_subjects,Buccaneer_Archipelago,clean,0.584,28
2025-12-04 08:10:13,Qwen/Qwen3-8B,MMLU_selected_subjects,Paper_car_wheel,meani,0.604,28
2025-12-04 08:10:39,Qwen/Qwen3-8B,MMLU_selected_subjects,Buccaneer_Archipelago,meani,0.610,28
2025-12-04 08:14:41,Qwen/Qwen3-8B,MMLU_selected_subjects,Paper_car_wheel,wordd,0.575,28
2025-12-04 08:15:23,Qwen/Qwen3-8B,MMLU_selected_subjects,Buccaneer_Archipelago,wordd,0.591,28
2025-12-04 08:19:35,Qwen/Qwen3-8B,MMLU_selected_subjects,Paper_car_wheel,chara,0.537,28
2025-12-04 08:20:43,Qwen/Qwen3-8B,MMLU_selected_subjects,Buccaneer_Archipelago,chara,0.538,28
2025-12-04 08:24:09,Qwen/Qwen3-8B,MMLU_selected_subjects,Parabathymyrus_macrophthalmus,clean,0.566,28
2025-12-04 08:25:26,Qwen/Qwen3-8B,MMLU_selected_subjects,"Buckeye,_Arizona",clean,0.572,28
2025-12-04 08:28:41,Qwen/Qwen3-8B,MMLU_selected_subjects,Parabathymyrus_macrophthalmus,meani,0.595,28
2025-12-04 08:30:10,Qwen/Qwen3-8B,MMLU_selected_subjects,"Buckeye,_Arizona",meani,0.591,28
2025-12-04 08:33:14,Qwen/Qwen3-8B,MMLU_selected_subjects,Parabathymyrus_macrophthalmus,wordd,0.603,28
2025-12-04 08:34:53,Qwen/Qwen3-8B,MMLU_selected_subjects,"Buckeye,_Arizona",wordd,0.573,28
2025-12-04 08:38:01,Qwen/Qwen3-8B,MMLU_selected_subjects,Parabathymyrus_macrophthalmus,chara,0.533,28
2025-12-04 08:39:53,Qwen/Qwen3-8B,MMLU_selected_subjects,"Buckeye,_Arizona",chara,0.539,28
2025-12-04 08:42:35,Qwen/Qwen3-8B,MMLU_selected_subjects,Paris's_16th_constituency,clean,0.586,28
2025-12-04 08:44:26,Qwen/Qwen3-8B,MMLU_selected_subjects,"Buckner,_Missouri",clean,0.579,28
2025-12-04 08:47:09,Qwen/Qwen3-8B,MMLU_selected_subjects,Paris's_16th_constituency,meani,0.609,28
2025-12-04 08:48:57,Qwen/Qwen3-8B,MMLU_selected_subjects,"Buckner,_Missouri",meani,0.601,28
2025-12-04 08:51:48,Qwen/Qwen3-8B,MMLU_selected_subjects,Paris's_16th_constituency,wordd,0.592,28
2025-12-04 08:53:28,Qwen/Qwen3-8B,MMLU_selected_subjects,"Buckner,_Missouri",wordd,0.608,28
2025-12-04 08:56:48,Qwen/Qwen3-8B,MMLU_selected_subjects,Paris's_16th_constituency,chara,0.520,28
2025-12-04 08:58:23,Qwen/Qwen3-8B,MMLU_selected_subjects,"Buckner,_Missouri",chara,0.528,28
2025-12-04 09:01:40,Qwen/Qwen3-8B,MMLU_selected_subjects,Parwanaya,clean,0.607,28
2025-12-04 09:02:50,Qwen/Qwen3-8B,MMLU_selected_subjects,"Buenos_Aires,_Summer_1912",clean,0.594,28
2025-12-04 09:06:31,Qwen/Qwen3-8B,MMLU_selected_subjects,Parwanaya,meani,0.599,28
2025-12-04 09:07:17,Qwen/Qwen3-8B,MMLU_selected_subjects,"Buenos_Aires,_Summer_1912",meani,0.581,28
2025-12-04 09:11:16,Qwen/Qwen3-8B,MMLU_selected_subjects,Parwanaya,wordd,0.584,28
2025-12-04 09:11:44,Qwen/Qwen3-8B,MMLU_selected_subjects,"Buenos_Aires,_Summer_1912",wordd,0.597,28
2025-12-04 09:16:23,Qwen/Qwen3-8B,MMLU_selected_subjects,Parwanaya,chara,0.556,28
2025-12-04 09:16:25,Qwen/Qwen3-8B,MMLU_selected_subjects,"Buenos_Aires,_Summer_1912",chara,0.557,28
2025-12-04 09:20:50,Qwen/Qwen3-8B,MMLU_selected_subjects,Pasquale_Tridico,clean,0.496,28
2025-12-04 09:20:53,Qwen/Qwen3-8B,MMLU_selected_subjects,Buridda,clean,0.590,28
2025-12-04 09:25:17,Qwen/Qwen3-8B,MMLU_selected_subjects,Pasquale_Tridico,meani,0.568,28
2025-12-04 09:25:19,Qwen/Qwen3-8B,MMLU_selected_subjects,Buridda,meani,0.604,28
2025-12-04 09:29:44,Qwen/Qwen3-8B,MMLU_selected_subjects,Pasquale_Tridico,wordd,0.594,28
2025-12-04 09:29:45,Qwen/Qwen3-8B,MMLU_selected_subjects,Buridda,wordd,0.589,28
2025-12-04 09:34:26,Qwen/Qwen3-8B,MMLU_selected_subjects,Pasquale_Tridico,chara,0.539,28
2025-12-04 09:34:28,Qwen/Qwen3-8B,MMLU_selected_subjects,Buridda,chara,0.541,28
2025-12-04 09:38:58,Qwen/Qwen3-8B,MMLU_selected_subjects,Pat_McKittrick,clean,0.545,28
2025-12-04 09:39:11,Qwen/Qwen3-8B,MMLU_selected_subjects,Bushkill_Falls,clean,0.583,28
2025-12-04 09:43:24,Qwen/Qwen3-8B,MMLU_selected_subjects,Pat_McKittrick,meani,0.541,28
2025-12-04 09:43:56,Qwen/Qwen3-8B,MMLU_selected_subjects,Bushkill_Falls,meani,0.604,28
2025-12-04 09:47:54,Qwen/Qwen3-8B,MMLU_selected_subjects,Pat_McKittrick,wordd,0.575,28
2025-12-04 09:48:42,Qwen/Qwen3-8B,MMLU_selected_subjects,Bushkill_Falls,wordd,0.583,28
2025-12-04 09:52:45,Qwen/Qwen3-8B,MMLU_selected_subjects,Pat_McKittrick,chara,0.545,28
2025-12-04 09:54:03,Qwen/Qwen3-8B,MMLU_selected_subjects,Bushkill_Falls,chara,0.515,28
2025-12-04 09:57:15,Qwen/Qwen3-8B,MMLU_selected_subjects,Patrick_McDonald_(politician),clean,0.546,28
2025-12-04 09:58:58,Qwen/Qwen3-8B,MMLU_selected_subjects,Bush–Holley_House,clean,0.587,28
2025-12-04 10:01:45,Qwen/Qwen3-8B,MMLU_selected_subjects,Patrick_McDonald_(politician),meani,0.611,28
2025-12-04 10:03:52,Qwen/Qwen3-8B,MMLU_selected_subjects,Bush–Holley_House,meani,0.581,28
2025-12-04 10:06:14,Qwen/Qwen3-8B,MMLU_selected_subjects,Patrick_McDonald_(politician),wordd,0.579,28
2025-12-04 10:08:46,Qwen/Qwen3-8B,MMLU_selected_subjects,Bush–Holley_House,wordd,0.585,28
2025-12-04 10:11:06,Qwen/Qwen3-8B,MMLU_selected_subjects,Patrick_McDonald_(politician),chara,0.537,28
2025-12-04 10:14:16,Qwen/Qwen3-8B,MMLU_selected_subjects,Bush–Holley_House,chara,0.506,28
2025-12-04 10:15:43,Qwen/Qwen3-8B,MMLU_selected_subjects,Patrick_Peacock,clean,0.468,28
2025-12-04 10:18:55,Qwen/Qwen3-8B,MMLU_selected_subjects,Butch_Metzger,clean,0.571,28
2025-12-04 10:20:18,Qwen/Qwen3-8B,MMLU_selected_subjects,Patrick_Peacock,meani,0.576,28
2025-12-04 10:23:31,Qwen/Qwen3-8B,MMLU_selected_subjects,Butch_Metzger,meani,0.605,28
2025-12-04 10:24:54,Qwen/Qwen3-8B,MMLU_selected_subjects,Patrick_Peacock,wordd,0.551,28
2025-12-04 10:28:05,Qwen/Qwen3-8B,MMLU_selected_subjects,Butch_Metzger,wordd,0.596,28
2025-12-04 10:29:50,Qwen/Qwen3-8B,MMLU_selected_subjects,Patrick_Peacock,chara,0.562,28
2025-12-04 10:33:00,Qwen/Qwen3-8B,MMLU_selected_subjects,Butch_Metzger,chara,0.531,28
2025-12-04 10:34:26,Qwen/Qwen3-8B,MMLU_selected_subjects,Patrizia_Caccamo,clean,0.519,28
2025-12-04 10:37:41,Qwen/Qwen3-8B,MMLU_selected_subjects,Börde_Lamstedt,clean,0.517,28
2025-12-04 10:39:11,Qwen/Qwen3-8B,MMLU_selected_subjects,Patrizia_Caccamo,meani,0.576,28
2025-12-04 10:42:20,Qwen/Qwen3-8B,MMLU_selected_subjects,Börde_Lamstedt,meani,0.552,28
2025-12-04 10:43:45,Qwen/Qwen3-8B,MMLU_selected_subjects,Patrizia_Caccamo,wordd,0.589,28
2025-12-04 10:46:59,Qwen/Qwen3-8B,MMLU_selected_subjects,Börde_Lamstedt,wordd,0.578,28
2025-12-04 10:48:35,Qwen/Qwen3-8B,MMLU_selected_subjects,Patrizia_Caccamo,chara,0.538,28
2025-12-04 10:51:52,Qwen/Qwen3-8B,MMLU_selected_subjects,Börde_Lamstedt,chara,0.539,28
2025-12-04 10:53:03,Qwen/Qwen3-8B,MMLU_selected_subjects,Paul_Collier_(physicist),clean,0.506,28
2025-12-04 10:56:17,Qwen/Qwen3-8B,MMLU_selected_subjects,Bắc_54,clean,0.567,28
2025-12-04 10:57:31,Qwen/Qwen3-8B,MMLU_selected_subjects,Paul_Collier_(physicist),meani,0.590,28
2025-12-04 11:00:52,Qwen/Qwen3-8B,MMLU_selected_subjects,Bắc_54,meani,0.592,28
2025-12-04 11:01:58,Qwen/Qwen3-8B,MMLU_selected_subjects,Paul_Collier_(physicist),wordd,0.594,28
2025-12-04 11:05:17,Qwen/Qwen3-8B,MMLU_selected_subjects,Bắc_54,wordd,0.586,28
2025-12-04 11:06:41,Qwen/Qwen3-8B,MMLU_selected_subjects,Paul_Collier_(physicist),chara,0.530,28
2025-12-04 11:10:00,Qwen/Qwen3-8B,MMLU_selected_subjects,Bắc_54,chara,0.517,28
2025-12-04 11:11:13,Qwen/Qwen3-8B,MMLU_selected_subjects,"Paul_Robinson_(footballer,_born_November_1978)",clean,0.543,28
2025-12-04 11:14:53,Qwen/Qwen3-8B,MMLU_selected_subjects,C11H17NO3,clean,0.576,28
2025-12-04 11:15:53,Qwen/Qwen3-8B,MMLU_selected_subjects,"Paul_Robinson_(footballer,_born_November_1978)",meani,0.592,28
2025-12-04 11:19:34,Qwen/Qwen3-8B,MMLU_selected_subjects,C11H17NO3,meani,0.573,28
2025-12-04 11:20:31,Qwen/Qwen3-8B,MMLU_selected_subjects,"Paul_Robinson_(footballer,_born_November_1978)",wordd,0.593,28
2025-12-04 11:24:13,Qwen/Qwen3-8B,MMLU_selected_subjects,C11H17NO3,wordd,0.585,28
2025-12-04 11:25:28,Qwen/Qwen3-8B,MMLU_selected_subjects,"Paul_Robinson_(footballer,_born_November_1978)",chara,0.530,28
2025-12-04 11:29:02,Qwen/Qwen3-8B,MMLU_selected_subjects,C11H17NO3,chara,0.551,28
2025-12-04 11:30:15,Qwen/Qwen3-8B,MMLU_selected_subjects,Pawłocin,clean,0.570,28
2025-12-04 11:33:51,Qwen/Qwen3-8B,MMLU_selected_subjects,CHNB-DT,clean,0.574,28
2025-12-04 11:34:56,Qwen/Qwen3-8B,MMLU_selected_subjects,Pawłocin,meani,0.587,28
2025-12-04 11:38:49,Qwen/Qwen3-8B,MMLU_selected_subjects,CHNB-DT,meani,0.573,28
2025-12-04 11:39:41,Qwen/Qwen3-8B,MMLU_selected_subjects,Pawłocin,wordd,0.582,28
2025-12-04 11:43:38,Qwen/Qwen3-8B,MMLU_selected_subjects,CHNB-DT,wordd,0.598,28
2025-12-04 11:44:37,Qwen/Qwen3-8B,MMLU_selected_subjects,Pawłocin,chara,0.572,28
2025-12-04 11:49:01,Qwen/Qwen3-8B,MMLU_selected_subjects,CHNB-DT,chara,0.545,28
2025-12-04 11:49:06,Qwen/Qwen3-8B,MMLU_selected_subjects,Pelorus_(instrument),clean,0.547,28
2025-12-04 11:53:40,Qwen/Qwen3-8B,MMLU_selected_subjects,Pelorus_(instrument),meani,0.580,28
2025-12-04 11:54:05,Qwen/Qwen3-8B,MMLU_selected_subjects,Caesium_peroxide,clean,0.579,28
2025-12-04 11:58:12,Qwen/Qwen3-8B,MMLU_selected_subjects,Pelorus_(instrument),wordd,0.575,28
2025-12-04 11:59:03,Qwen/Qwen3-8B,MMLU_selected_subjects,Caesium_peroxide,meani,0.587,28
2025-12-04 12:03:03,Qwen/Qwen3-8B,MMLU_selected_subjects,Pelorus_(instrument),chara,0.557,28
2025-12-04 12:04:02,Qwen/Qwen3-8B,MMLU_selected_subjects,Caesium_peroxide,wordd,0.554,28
2025-12-04 12:07:32,Qwen/Qwen3-8B,MMLU_selected_subjects,Pennsylvania_Route_418,clean,0.547,28
2025-12-04 12:09:43,Qwen/Qwen3-8B,MMLU_selected_subjects,Caesium_peroxide,chara,0.529,28
2025-12-04 12:12:01,Qwen/Qwen3-8B,MMLU_selected_subjects,Pennsylvania_Route_418,meani,0.582,28
2025-12-04 12:14:16,Qwen/Qwen3-8B,MMLU_selected_subjects,Caio_César,clean,0.547,28
2025-12-04 12:16:29,Qwen/Qwen3-8B,MMLU_selected_subjects,Pennsylvania_Route_418,wordd,0.593,28
2025-12-04 12:18:49,Qwen/Qwen3-8B,MMLU_selected_subjects,Caio_César,meani,0.617,28
2025-12-04 12:21:08,Qwen/Qwen3-8B,MMLU_selected_subjects,Pennsylvania_Route_418,chara,0.566,28
2025-12-04 12:23:21,Qwen/Qwen3-8B,MMLU_selected_subjects,Caio_César,wordd,0.604,28
2025-12-04 12:26:02,Qwen/Qwen3-8B,MMLU_selected_subjects,Pentti_Talvitie,clean,0.564,28
2025-12-04 12:28:08,Qwen/Qwen3-8B,MMLU_selected_subjects,Caio_César,chara,0.527,28
2025-12-04 12:30:48,Qwen/Qwen3-8B,MMLU_selected_subjects,Pentti_Talvitie,meani,0.595,28
2025-12-04 12:33:10,Qwen/Qwen3-8B,MMLU_selected_subjects,Cambriol,clean,0.601,28
2025-12-04 12:35:34,Qwen/Qwen3-8B,MMLU_selected_subjects,Pentti_Talvitie,wordd,0.592,28
2025-12-04 12:38:14,Qwen/Qwen3-8B,MMLU_selected_subjects,Cambriol,meani,0.600,28
2025-12-04 12:40:40,Qwen/Qwen3-8B,MMLU_selected_subjects,Pentti_Talvitie,chara,0.530,28
2025-12-04 12:43:26,Qwen/Qwen3-8B,MMLU_selected_subjects,Cambriol,wordd,0.594,28
2025-12-04 12:45:09,Qwen/Qwen3-8B,MMLU_selected_subjects,Perlite,clean,0.537,28
2025-12-04 12:49:07,Qwen/Qwen3-8B,MMLU_selected_subjects,Cambriol,chara,0.566,28
2025-12-04 12:49:38,Qwen/Qwen3-8B,MMLU_selected_subjects,Perlite,meani,0.564,28
2025-12-04 12:53:52,Qwen/Qwen3-8B,MMLU_selected_subjects,Canaan_Creative,clean,0.539,28
2025-12-04 12:54:10,Qwen/Qwen3-8B,MMLU_selected_subjects,Perlite,wordd,0.540,28
2025-12-04 12:58:28,Qwen/Qwen3-8B,MMLU_selected_subjects,Canaan_Creative,meani,0.602,28
2025-12-04 12:59:06,Qwen/Qwen3-8B,MMLU_selected_subjects,Perlite,chara,0.550,28
2025-12-04 13:02:52,Qwen/Qwen3-8B,MMLU_selected_subjects,Canaan_Creative,wordd,0.593,28
2025-12-04 13:03:47,Qwen/Qwen3-8B,MMLU_selected_subjects,Peter_Dingle,clean,0.584,28
2025-12-04 13:07:35,Qwen/Qwen3-8B,MMLU_selected_subjects,Canaan_Creative,chara,0.563,28
2025-12-04 13:08:30,Qwen/Qwen3-8B,MMLU_selected_subjects,Peter_Dingle,meani,0.584,28
2025-12-04 13:12:11,Qwen/Qwen3-8B,MMLU_selected_subjects,Canaã_Futebol_Clube,clean,0.540,28
2025-12-04 13:13:06,Qwen/Qwen3-8B,MMLU_selected_subjects,Peter_Dingle,wordd,0.539,28
2025-12-04 13:16:39,Qwen/Qwen3-8B,MMLU_selected_subjects,Canaã_Futebol_Clube,meani,0.600,28
2025-12-04 13:18:15,Qwen/Qwen3-8B,MMLU_selected_subjects,Peter_Dingle,chara,0.534,28
2025-12-04 13:21:08,Qwen/Qwen3-8B,MMLU_selected_subjects,Canaã_Futebol_Clube,wordd,0.615,28
2025-12-04 13:22:46,Qwen/Qwen3-8B,MMLU_selected_subjects,Peter_Gatkuoth,clean,0.550,28
2025-12-04 13:25:50,Qwen/Qwen3-8B,MMLU_selected_subjects,Canaã_Futebol_Clube,chara,0.532,28
2025-12-04 13:27:16,Qwen/Qwen3-8B,MMLU_selected_subjects,Peter_Gatkuoth,meani,0.552,28
2025-12-04 13:30:17,Qwen/Qwen3-8B,MMLU_selected_subjects,Canton_of_Privas,clean,0.579,28
2025-12-04 13:31:50,Qwen/Qwen3-8B,MMLU_selected_subjects,Peter_Gatkuoth,wordd,0.592,28
2025-12-04 13:34:46,Qwen/Qwen3-8B,MMLU_selected_subjects,Canton_of_Privas,meani,0.559,28
2025-12-04 13:36:34,Qwen/Qwen3-8B,MMLU_selected_subjects,Peter_Gatkuoth,chara,0.506,28
2025-12-04 13:39:13,Qwen/Qwen3-8B,MMLU_selected_subjects,Canton_of_Privas,wordd,0.577,28
2025-12-04 13:41:06,Qwen/Qwen3-8B,MMLU_selected_subjects,Peter_Viereck,clean,0.553,28
2025-12-04 13:43:59,Qwen/Qwen3-8B,MMLU_selected_subjects,Canton_of_Privas,chara,0.564,28
2025-12-04 13:45:37,Qwen/Qwen3-8B,MMLU_selected_subjects,Peter_Viereck,meani,0.587,28
2025-12-04 13:48:42,Qwen/Qwen3-8B,MMLU_selected_subjects,Canton_of_Seuil-d'Argonne,clean,0.572,28
2025-12-04 13:50:09,Qwen/Qwen3-8B,MMLU_selected_subjects,Peter_Viereck,wordd,0.604,28
2025-12-04 13:53:24,Qwen/Qwen3-8B,MMLU_selected_subjects,Canton_of_Seuil-d'Argonne,meani,0.609,28
2025-12-04 13:55:03,Qwen/Qwen3-8B,MMLU_selected_subjects,Peter_Viereck,chara,0.544,28
2025-12-04 13:58:06,Qwen/Qwen3-8B,MMLU_selected_subjects,Canton_of_Seuil-d'Argonne,wordd,0.594,28
2025-12-04 13:59:56,Qwen/Qwen3-8B,MMLU_selected_subjects,Petroleum-Gas_University_of_Ploiești,clean,0.532,28
2025-12-04 14:03:05,Qwen/Qwen3-8B,MMLU_selected_subjects,Canton_of_Seuil-d'Argonne,chara,0.555,28
2025-12-04 14:04:49,Qwen/Qwen3-8B,MMLU_selected_subjects,Petroleum-Gas_University_of_Ploiești,meani,0.601,28
2025-12-04 14:07:40,Qwen/Qwen3-8B,MMLU_selected_subjects,Carex_longicaulis,clean,0.569,28
2025-12-04 14:09:53,Qwen/Qwen3-8B,MMLU_selected_subjects,Petroleum-Gas_University_of_Ploiești,wordd,0.554,28
2025-12-04 14:12:17,Qwen/Qwen3-8B,MMLU_selected_subjects,Carex_longicaulis,meani,0.608,28
2025-12-04 14:15:43,Qwen/Qwen3-8B,MMLU_selected_subjects,Petroleum-Gas_University_of_Ploiești,chara,0.553,28
2025-12-04 14:16:59,Qwen/Qwen3-8B,MMLU_selected_subjects,Carex_longicaulis,wordd,0.590,28
2025-12-04 14:20:15,Qwen/Qwen3-8B,MMLU_selected_subjects,Petrophile_juncifolia,clean,0.578,28
2025-12-04 14:21:45,Qwen/Qwen3-8B,MMLU_selected_subjects,Carex_longicaulis,chara,0.525,28
2025-12-04 14:25:10,Qwen/Qwen3-8B,MMLU_selected_subjects,Petrophile_juncifolia,meani,0.573,28
2025-12-04 14:26:26,Qwen/Qwen3-8B,MMLU_selected_subjects,Carl_Heinrich_Wilhelm_Anthing,clean,0.571,28
2025-12-04 14:29:33,Qwen/Qwen3-8B,MMLU_selected_subjects,Petrophile_juncifolia,wordd,0.579,28
2025-12-04 14:31:08,Qwen/Qwen3-8B,MMLU_selected_subjects,Carl_Heinrich_Wilhelm_Anthing,meani,0.603,28
2025-12-04 14:34:08,Qwen/Qwen3-8B,MMLU_selected_subjects,Petrophile_juncifolia,chara,0.551,28
2025-12-04 14:35:51,Qwen/Qwen3-8B,MMLU_selected_subjects,Carl_Heinrich_Wilhelm_Anthing,wordd,0.585,28
2025-12-04 14:38:41,Qwen/Qwen3-8B,MMLU_selected_subjects,Phunphin_district,clean,0.512,28
2025-12-04 14:41:16,Qwen/Qwen3-8B,MMLU_selected_subjects,Carl_Heinrich_Wilhelm_Anthing,chara,0.548,28
2025-12-04 14:43:32,Qwen/Qwen3-8B,MMLU_selected_subjects,Phunphin_district,meani,0.558,28
2025-12-04 14:46:10,Qwen/Qwen3-8B,MMLU_selected_subjects,Carl_Johanneson,clean,0.556,28
2025-12-04 14:48:17,Qwen/Qwen3-8B,MMLU_selected_subjects,Phunphin_district,wordd,0.558,28
2025-12-04 14:50:59,Qwen/Qwen3-8B,MMLU_selected_subjects,Carl_Johanneson,meani,0.559,28
2025-12-04 14:53:01,Qwen/Qwen3-8B,MMLU_selected_subjects,Phunphin_district,chara,0.531,28
2025-12-04 14:55:39,Qwen/Qwen3-8B,MMLU_selected_subjects,Carl_Johanneson,wordd,0.558,28
2025-12-04 14:57:36,Qwen/Qwen3-8B,MMLU_selected_subjects,Picton_Clock_Tower,clean,0.545,28
2025-12-04 15:00:40,Qwen/Qwen3-8B,MMLU_selected_subjects,Carl_Johanneson,chara,0.573,28
2025-12-04 15:02:05,Qwen/Qwen3-8B,MMLU_selected_subjects,Picton_Clock_Tower,meani,0.589,28
2025-12-04 15:05:18,Qwen/Qwen3-8B,MMLU_selected_subjects,Carl_Sharsmith,clean,0.550,28
2025-12-04 15:06:37,Qwen/Qwen3-8B,MMLU_selected_subjects,Picton_Clock_Tower,wordd,0.603,28
2025-12-04 15:09:58,Qwen/Qwen3-8B,MMLU_selected_subjects,Carl_Sharsmith,meani,0.589,28
2025-12-04 15:11:23,Qwen/Qwen3-8B,MMLU_selected_subjects,Picton_Clock_Tower,chara,0.567,28
2025-12-04 15:14:37,Qwen/Qwen3-8B,MMLU_selected_subjects,Carl_Sharsmith,wordd,0.579,28
2025-12-04 15:16:22,Qwen/Qwen3-8B,MMLU_selected_subjects,Pidam,clean,0.579,28
2025-12-04 15:19:34,Qwen/Qwen3-8B,MMLU_selected_subjects,Carl_Sharsmith,chara,0.558,28
2025-12-04 15:21:18,Qwen/Qwen3-8B,MMLU_selected_subjects,Pidam,meani,0.574,28
2025-12-04 15:24:08,Qwen/Qwen3-8B,MMLU_selected_subjects,Carlos_de_Sousa_Queirós,clean,0.510,28
2025-12-04 15:26:13,Qwen/Qwen3-8B,MMLU_selected_subjects,Pidam,wordd,0.564,28
2025-12-04 15:28:47,Qwen/Qwen3-8B,MMLU_selected_subjects,Carlos_de_Sousa_Queirós,meani,0.591,28
2025-12-04 15:31:32,Qwen/Qwen3-8B,MMLU_selected_subjects,Pidam,chara,0.564,28
2025-12-04 15:33:21,Qwen/Qwen3-8B,MMLU_selected_subjects,Carlos_de_Sousa_Queirós,wordd,0.568,28
2025-12-04 15:36:20,Qwen/Qwen3-8B,MMLU_selected_subjects,Pierre_Louis_Jouy,clean,0.533,28
2025-12-04 15:38:24,Qwen/Qwen3-8B,MMLU_selected_subjects,Carlos_de_Sousa_Queirós,chara,0.563,28
2025-12-04 15:41:22,Qwen/Qwen3-8B,MMLU_selected_subjects,Pierre_Louis_Jouy,meani,0.592,28
2025-12-04 15:44:03,Qwen/Qwen3-8B,MMLU_selected_subjects,Casa_del_Popolo,clean,0.544,28
2025-12-04 15:46:37,Qwen/Qwen3-8B,MMLU_selected_subjects,Pierre_Louis_Jouy,wordd,0.596,28
2025-12-04 15:49:17,Qwen/Qwen3-8B,MMLU_selected_subjects,Casa_del_Popolo,meani,0.606,28
2025-12-04 15:51:37,Qwen/Qwen3-8B,MMLU_selected_subjects,Pierre_Louis_Jouy,chara,0.560,28
2025-12-04 15:54:20,Qwen/Qwen3-8B,MMLU_selected_subjects,Casa_del_Popolo,wordd,0.595,28
2025-12-04 15:56:11,Qwen/Qwen3-8B,MMLU_selected_subjects,Pla_i_Llevant_(DO),clean,0.552,28
2025-12-04 15:59:56,Qwen/Qwen3-8B,MMLU_selected_subjects,Casa_del_Popolo,chara,0.544,28
2025-12-04 16:00:41,Qwen/Qwen3-8B,MMLU_selected_subjects,Pla_i_Llevant_(DO),meani,0.578,28
2025-12-04 16:04:38,Qwen/Qwen3-8B,MMLU_selected_subjects,"Casey_County,_Kentucky",clean,0.577,28
2025-12-04 16:05:09,Qwen/Qwen3-8B,MMLU_selected_subjects,Pla_i_Llevant_(DO),wordd,0.565,28
2025-12-04 16:09:22,Qwen/Qwen3-8B,MMLU_selected_subjects,"Casey_County,_Kentucky",meani,0.585,28
2025-12-04 16:09:54,Qwen/Qwen3-8B,MMLU_selected_subjects,Pla_i_Llevant_(DO),chara,0.583,28
2025-12-04 16:14:08,Qwen/Qwen3-8B,MMLU_selected_subjects,"Casey_County,_Kentucky",wordd,0.587,28
2025-12-04 16:14:38,Qwen/Qwen3-8B,MMLU_selected_subjects,Please_Baby_Please,clean,0.595,28
2025-12-04 16:19:18,Qwen/Qwen3-8B,MMLU_selected_subjects,"Casey_County,_Kentucky",chara,0.530,28
2025-12-04 16:19:20,Qwen/Qwen3-8B,MMLU_selected_subjects,Please_Baby_Please,meani,0.591,28
2025-12-04 16:23:45,Qwen/Qwen3-8B,MMLU_selected_subjects,Cassida_sareptana,clean,0.541,28
2025-12-04 16:23:56,Qwen/Qwen3-8B,MMLU_selected_subjects,Please_Baby_Please,wordd,0.599,28
2025-12-04 16:28:15,Qwen/Qwen3-8B,MMLU_selected_subjects,Cassida_sareptana,meani,0.585,28
2025-12-04 16:28:55,Qwen/Qwen3-8B,MMLU_selected_subjects,Please_Baby_Please,chara,0.537,28
2025-12-04 16:32:40,Qwen/Qwen3-8B,MMLU_selected_subjects,Cassida_sareptana,wordd,0.576,28
2025-12-04 16:33:18,Qwen/Qwen3-8B,MMLU_selected_subjects,Pnigomantis,clean,0.523,28
2025-12-04 16:37:19,Qwen/Qwen3-8B,MMLU_selected_subjects,Cassida_sareptana,chara,0.563,28
2025-12-04 16:37:42,Qwen/Qwen3-8B,MMLU_selected_subjects,Pnigomantis,meani,0.578,28
2025-12-04 16:41:54,Qwen/Qwen3-8B,MMLU_selected_subjects,Castellfollit_del_Boix,clean,0.555,28
2025-12-04 16:42:08,Qwen/Qwen3-8B,MMLU_selected_subjects,Pnigomantis,wordd,0.563,28
2025-12-04 16:46:31,Qwen/Qwen3-8B,MMLU_selected_subjects,Castellfollit_del_Boix,meani,0.584,28
2025-12-04 16:46:43,Qwen/Qwen3-8B,MMLU_selected_subjects,Pnigomantis,chara,0.551,28
2025-12-04 16:51:07,Qwen/Qwen3-8B,MMLU_selected_subjects,Castellfollit_del_Boix,wordd,0.573,28
2025-12-04 16:51:16,Qwen/Qwen3-8B,MMLU_selected_subjects,Pod_Pajštúnom,clean,0.561,28
2025-12-04 16:55:56,Qwen/Qwen3-8B,MMLU_selected_subjects,Castellfollit_del_Boix,chara,0.576,28
2025-12-04 16:56:00,Qwen/Qwen3-8B,MMLU_selected_subjects,Pod_Pajštúnom,meani,0.581,28
2025-12-04 17:00:31,Qwen/Qwen3-8B,MMLU_selected_subjects,Castle_Peak_(Hong_Kong),clean,0.562,28
2025-12-04 17:00:34,Qwen/Qwen3-8B,MMLU_selected_subjects,Pod_Pajštúnom,wordd,0.565,28
2025-12-04 17:05:06,Qwen/Qwen3-8B,MMLU_selected_subjects,Castle_Peak_(Hong_Kong),meani,0.589,28
2025-12-04 17:05:27,Qwen/Qwen3-8B,MMLU_selected_subjects,Pod_Pajštúnom,chara,0.521,28
2025-12-04 17:09:43,Qwen/Qwen3-8B,MMLU_selected_subjects,Castle_Peak_(Hong_Kong),wordd,0.529,28
2025-12-04 17:09:54,Qwen/Qwen3-8B,MMLU_selected_subjects,Polistes_major_major,clean,0.573,28
2025-12-04 17:14:33,Qwen/Qwen3-8B,MMLU_selected_subjects,Polistes_major_major,meani,0.600,28
2025-12-04 17:14:42,Qwen/Qwen3-8B,MMLU_selected_subjects,Castle_Peak_(Hong_Kong),chara,0.532,28
2025-12-04 17:19:00,Qwen/Qwen3-8B,MMLU_selected_subjects,Polistes_major_major,wordd,0.595,28
2025-12-04 17:19:42,Qwen/Qwen3-8B,MMLU_selected_subjects,Cathal_Mac_Coille,clean,0.547,28
2025-12-04 17:23:43,Qwen/Qwen3-8B,MMLU_selected_subjects,Polistes_major_major,chara,0.540,28
2025-12-04 17:24:32,Qwen/Qwen3-8B,MMLU_selected_subjects,Cathal_Mac_Coille,meani,0.577,28
2025-12-04 17:28:06,Qwen/Qwen3-8B,MMLU_selected_subjects,Politicks:_Collabs_&_B-Sides,clean,0.581,28
2025-12-04 17:29:20,Qwen/Qwen3-8B,MMLU_selected_subjects,Cathal_Mac_Coille,wordd,0.582,28
2025-12-04 17:32:42,Qwen/Qwen3-8B,MMLU_selected_subjects,Politicks:_Collabs_&_B-Sides,meani,0.618,28
2025-12-04 17:34:46,Qwen/Qwen3-8B,MMLU_selected_subjects,Cathal_Mac_Coille,chara,0.530,28
2025-12-04 17:37:08,Qwen/Qwen3-8B,MMLU_selected_subjects,Politicks:_Collabs_&_B-Sides,wordd,0.611,28
2025-12-04 17:39:14,Qwen/Qwen3-8B,MMLU_selected_subjects,Catherine_Engelbrecht,clean,0.569,28
2025-12-04 17:41:50,Qwen/Qwen3-8B,MMLU_selected_subjects,Politicks:_Collabs_&_B-Sides,chara,0.571,28
2025-12-04 17:43:41,Qwen/Qwen3-8B,MMLU_selected_subjects,Catherine_Engelbrecht,meani,0.589,28
2025-12-04 17:47:00,Qwen/Qwen3-8B,MMLU_selected_subjects,Poliça,clean,0.571,28
2025-12-04 17:48:12,Qwen/Qwen3-8B,MMLU_selected_subjects,Catherine_Engelbrecht,wordd,0.589,28
2025-12-04 17:52:03,Qwen/Qwen3-8B,MMLU_selected_subjects,Poliça,meani,0.592,28
2025-12-04 17:53:03,Qwen/Qwen3-8B,MMLU_selected_subjects,Catherine_Engelbrecht,chara,0.536,28
2025-12-04 17:57:05,Qwen/Qwen3-8B,MMLU_selected_subjects,Poliça,wordd,0.592,28
2025-12-04 17:57:41,Qwen/Qwen3-8B,MMLU_selected_subjects,Celso_Capdevila,clean,0.529,28
2025-12-04 18:02:10,Qwen/Qwen3-8B,MMLU_selected_subjects,Celso_Capdevila,meani,0.597,28
2025-12-04 18:03:01,Qwen/Qwen3-8B,MMLU_selected_subjects,Poliça,chara,0.535,28
2025-12-04 18:06:41,Qwen/Qwen3-8B,MMLU_selected_subjects,Celso_Capdevila,wordd,0.594,28
2025-12-04 18:07:51,Qwen/Qwen3-8B,MMLU_selected_subjects,Polygonia_interrogationis,clean,0.586,28
2025-12-04 18:11:18,Qwen/Qwen3-8B,MMLU_selected_subjects,Celso_Capdevila,chara,0.569,28
2025-12-04 18:12:35,Qwen/Qwen3-8B,MMLU_selected_subjects,Polygonia_interrogationis,meani,0.591,28
2025-12-04 18:15:46,Qwen/Qwen3-8B,MMLU_selected_subjects,Censorship_in_the_Middle_East,clean,0.521,28
2025-12-04 18:17:22,Qwen/Qwen3-8B,MMLU_selected_subjects,Polygonia_interrogationis,wordd,0.583,28
2025-12-04 18:20:18,Qwen/Qwen3-8B,MMLU_selected_subjects,Censorship_in_the_Middle_East,meani,0.568,28
2025-12-04 18:22:44,Qwen/Qwen3-8B,MMLU_selected_subjects,Polygonia_interrogationis,chara,0.575,28
2025-12-04 18:24:56,Qwen/Qwen3-8B,MMLU_selected_subjects,Censorship_in_the_Middle_East,wordd,0.563,28
2025-12-04 18:27:14,Qwen/Qwen3-8B,MMLU_selected_subjects,Pop_Artistry_of_Sarah_Vaughan,clean,0.577,28
2025-12-04 18:29:45,Qwen/Qwen3-8B,MMLU_selected_subjects,Censorship_in_the_Middle_East,chara,0.547,28
2025-12-04 18:31:42,Qwen/Qwen3-8B,MMLU_selected_subjects,Pop_Artistry_of_Sarah_Vaughan,meani,0.619,28
2025-12-04 18:34:18,Qwen/Qwen3-8B,MMLU_selected_subjects,Cesar_L._Villanueva,clean,0.565,28
2025-12-04 18:36:10,Qwen/Qwen3-8B,MMLU_selected_subjects,Pop_Artistry_of_Sarah_Vaughan,wordd,0.592,28
2025-12-04 18:38:51,Qwen/Qwen3-8B,MMLU_selected_subjects,Cesar_L._Villanueva,meani,0.592,28
2025-12-04 18:41:00,Qwen/Qwen3-8B,MMLU_selected_subjects,Pop_Artistry_of_Sarah_Vaughan,chara,0.574,28
2025-12-04 18:43:23,Qwen/Qwen3-8B,MMLU_selected_subjects,Cesar_L._Villanueva,wordd,0.582,28
2025-12-04 18:45:51,Qwen/Qwen3-8B,MMLU_selected_subjects,Popular_Action_(Italy),clean,0.552,28
2025-12-04 18:48:18,Qwen/Qwen3-8B,MMLU_selected_subjects,Cesar_L._Villanueva,chara,0.518,28
2025-12-04 18:50:37,Qwen/Qwen3-8B,MMLU_selected_subjects,Popular_Action_(Italy),meani,0.597,28
2025-12-04 18:53:00,Qwen/Qwen3-8B,MMLU_selected_subjects,Chal-e_Balutak,clean,0.573,28
2025-12-04 18:55:18,Qwen/Qwen3-8B,MMLU_selected_subjects,Popular_Action_(Italy),wordd,0.578,28
2025-12-04 18:57:31,Qwen/Qwen3-8B,MMLU_selected_subjects,Chal-e_Balutak,meani,0.596,28
2025-12-04 19:00:28,Qwen/Qwen3-8B,MMLU_selected_subjects,Popular_Action_(Italy),chara,0.514,28
2025-12-04 19:02:03,Qwen/Qwen3-8B,MMLU_selected_subjects,Chal-e_Balutak,wordd,0.604,28
2025-12-04 19:05:00,Qwen/Qwen3-8B,MMLU_selected_subjects,Port_Dalhousie,clean,0.587,28
2025-12-04 19:06:44,Qwen/Qwen3-8B,MMLU_selected_subjects,Chal-e_Balutak,chara,0.542,28
2025-12-04 19:09:32,Qwen/Qwen3-8B,MMLU_selected_subjects,Port_Dalhousie,meani,0.608,28
2025-12-04 19:11:14,Qwen/Qwen3-8B,MMLU_selected_subjects,Chamek_railway_station,clean,0.587,28
2025-12-04 19:14:05,Qwen/Qwen3-8B,MMLU_selected_subjects,Port_Dalhousie,wordd,0.604,28
2025-12-04 19:15:45,Qwen/Qwen3-8B,MMLU_selected_subjects,Chamek_railway_station,meani,0.608,28
2025-12-04 19:18:54,Qwen/Qwen3-8B,MMLU_selected_subjects,Port_Dalhousie,chara,0.522,28
2025-12-04 19:20:15,Qwen/Qwen3-8B,MMLU_selected_subjects,Chamek_railway_station,wordd,0.592,28
2025-12-04 19:23:52,Qwen/Qwen3-8B,MMLU_selected_subjects,Poveste_de_cartier,clean,0.595,28
2025-12-04 19:25:14,Qwen/Qwen3-8B,MMLU_selected_subjects,Chamek_railway_station,chara,0.543,28
2025-12-04 19:28:47,Qwen/Qwen3-8B,MMLU_selected_subjects,Poveste_de_cartier,meani,0.624,28
2025-12-04 19:30:16,Qwen/Qwen3-8B,MMLU_selected_subjects,Chang_Liyi,clean,0.567,28
2025-12-04 19:33:45,Qwen/Qwen3-8B,MMLU_selected_subjects,Poveste_de_cartier,wordd,0.598,28
2025-12-04 19:35:21,Qwen/Qwen3-8B,MMLU_selected_subjects,Chang_Liyi,meani,0.583,28
2025-12-04 19:39:02,Qwen/Qwen3-8B,MMLU_selected_subjects,Poveste_de_cartier,chara,0.539,28
2025-12-04 19:40:20,Qwen/Qwen3-8B,MMLU_selected_subjects,Chang_Liyi,wordd,0.587,28
2025-12-04 19:43:28,Qwen/Qwen3-8B,MMLU_selected_subjects,Prince_Henry_of_Prussia_(1747–1767),clean,0.545,28
2025-12-04 19:45:56,Qwen/Qwen3-8B,MMLU_selected_subjects,Chang_Liyi,chara,0.527,28
2025-12-04 19:47:53,Qwen/Qwen3-8B,MMLU_selected_subjects,Prince_Henry_of_Prussia_(1747–1767),meani,0.567,28
2025-12-04 19:50:23,Qwen/Qwen3-8B,MMLU_selected_subjects,Charlie_Condon_(baseball),clean,0.556,28
2025-12-04 19:52:17,Qwen/Qwen3-8B,MMLU_selected_subjects,Prince_Henry_of_Prussia_(1747–1767),wordd,0.584,28
2025-12-04 19:54:48,Qwen/Qwen3-8B,MMLU_selected_subjects,Charlie_Condon_(baseball),meani,0.576,28
2025-12-04 19:56:55,Qwen/Qwen3-8B,MMLU_selected_subjects,Prince_Henry_of_Prussia_(1747–1767),chara,0.534,28
2025-12-04 19:59:13,Qwen/Qwen3-8B,MMLU_selected_subjects,Charlie_Condon_(baseball),wordd,0.606,28
2025-12-04 20:01:32,Qwen/Qwen3-8B,MMLU_selected_subjects,"Princess_Lilian,_Duchess_of_Halland",clean,0.567,28
2025-12-04 20:04:02,Qwen/Qwen3-8B,MMLU_selected_subjects,Charlie_Condon_(baseball),chara,0.522,28
2025-12-04 20:06:09,Qwen/Qwen3-8B,MMLU_selected_subjects,"Princess_Lilian,_Duchess_of_Halland",meani,0.591,28
2025-12-04 20:08:50,Qwen/Qwen3-8B,MMLU_selected_subjects,Charlie_Creed-Miles,clean,0.533,28
2025-12-04 20:10:45,Qwen/Qwen3-8B,MMLU_selected_subjects,"Princess_Lilian,_Duchess_of_Halland",wordd,0.598,28
2025-12-04 20:13:36,Qwen/Qwen3-8B,MMLU_selected_subjects,Charlie_Creed-Miles,meani,0.569,28
2025-12-04 20:15:52,Qwen/Qwen3-8B,MMLU_selected_subjects,"Princess_Lilian,_Duchess_of_Halland",chara,0.544,28
2025-12-04 20:18:26,Qwen/Qwen3-8B,MMLU_selected_subjects,Charlie_Creed-Miles,wordd,0.577,28
2025-12-04 20:20:30,Qwen/Qwen3-8B,MMLU_selected_subjects,Promoting_a_Devil,clean,0.583,28
2025-12-04 20:23:30,Qwen/Qwen3-8B,MMLU_selected_subjects,Charlie_Creed-Miles,chara,0.539,28
2025-12-04 20:25:19,Qwen/Qwen3-8B,MMLU_selected_subjects,Promoting_a_Devil,meani,0.610,28
2025-12-04 20:28:04,Qwen/Qwen3-8B,MMLU_selected_subjects,Chehriq,clean,0.555,28
2025-12-04 20:29:59,Qwen/Qwen3-8B,MMLU_selected_subjects,Promoting_a_Devil,wordd,0.592,28
2025-12-04 20:32:32,Qwen/Qwen3-8B,MMLU_selected_subjects,Chehriq,meani,0.590,28
2025-12-04 20:34:55,Qwen/Qwen3-8B,MMLU_selected_subjects,Promoting_a_Devil,chara,0.560,28
2025-12-04 20:37:02,Qwen/Qwen3-8B,MMLU_selected_subjects,Chehriq,wordd,0.578,28
2025-12-04 20:39:22,Qwen/Qwen3-8B,MMLU_selected_subjects,Proto-Finnic_language,clean,0.559,28
2025-12-04 20:41:37,Qwen/Qwen3-8B,MMLU_selected_subjects,Chehriq,chara,0.537,28
2025-12-04 20:43:49,Qwen/Qwen3-8B,MMLU_selected_subjects,Proto-Finnic_language,meani,0.586,28
2025-12-04 20:46:08,Qwen/Qwen3-8B,MMLU_selected_subjects,Chemical_phosphorus_removal,clean,0.560,28
2025-12-04 20:48:43,Qwen/Qwen3-8B,MMLU_selected_subjects,Proto-Finnic_language,wordd,0.591,28
2025-12-04 20:50:38,Qwen/Qwen3-8B,MMLU_selected_subjects,Chemical_phosphorus_removal,meani,0.590,28
2025-12-04 20:53:25,Qwen/Qwen3-8B,MMLU_selected_subjects,Proto-Finnic_language,chara,0.541,28
2025-12-04 20:55:12,Qwen/Qwen3-8B,MMLU_selected_subjects,Chemical_phosphorus_removal,wordd,0.595,28
2025-12-04 20:58:41,Qwen/Qwen3-8B,MMLU_selected_subjects,Province_of_Chieti,clean,0.580,28
2025-12-04 21:00:02,Qwen/Qwen3-8B,MMLU_selected_subjects,Chemical_phosphorus_removal,chara,0.520,28
2025-12-04 21:03:45,Qwen/Qwen3-8B,MMLU_selected_subjects,Province_of_Chieti,meani,0.591,28
2025-12-04 21:04:42,Qwen/Qwen3-8B,MMLU_selected_subjects,Chicago_Fire_season_6,clean,0.580,28
2025-12-04 21:08:57,Qwen/Qwen3-8B,MMLU_selected_subjects,Province_of_Chieti,wordd,0.577,28
2025-12-04 21:09:19,Qwen/Qwen3-8B,MMLU_selected_subjects,Chicago_Fire_season_6,meani,0.611,28
2025-12-04 21:14:02,Qwen/Qwen3-8B,MMLU_selected_subjects,Chicago_Fire_season_6,wordd,0.606,28
2025-12-04 21:14:52,Qwen/Qwen3-8B,MMLU_selected_subjects,Province_of_Chieti,chara,0.514,28
2025-12-04 21:19:05,Qwen/Qwen3-8B,MMLU_selected_subjects,Chicago_Fire_season_6,chara,0.551,28
2025-12-04 21:19:30,Qwen/Qwen3-8B,MMLU_selected_subjects,Pyotr_Serebrennikov,clean,0.544,28
2025-12-04 21:23:37,Qwen/Qwen3-8B,MMLU_selected_subjects,Chi–Sandra_Garden,clean,0.561,28
2025-12-04 21:24:09,Qwen/Qwen3-8B,MMLU_selected_subjects,Pyotr_Serebrennikov,meani,0.590,28
2025-12-04 21:28:09,Qwen/Qwen3-8B,MMLU_selected_subjects,Chi–Sandra_Garden,meani,0.602,28
2025-12-04 21:28:46,Qwen/Qwen3-8B,MMLU_selected_subjects,Pyotr_Serebrennikov,wordd,0.580,28
2025-12-04 21:32:41,Qwen/Qwen3-8B,MMLU_selected_subjects,Chi–Sandra_Garden,wordd,0.595,28
2025-12-04 21:33:43,Qwen/Qwen3-8B,MMLU_selected_subjects,Pyotr_Serebrennikov,chara,0.546,28
2025-12-04 21:37:42,Qwen/Qwen3-8B,MMLU_selected_subjects,Chi–Sandra_Garden,chara,0.541,28
2025-12-04 21:38:50,Qwen/Qwen3-8B,MMLU_selected_subjects,Pyramid_Lake_Schools,clean,0.611,28
2025-12-04 21:42:15,Qwen/Qwen3-8B,MMLU_selected_subjects,Choppadandi_Assembly_constituency,clean,0.589,28
2025-12-04 21:44:00,Qwen/Qwen3-8B,MMLU_selected_subjects,Pyramid_Lake_Schools,meani,0.606,28
2025-12-04 21:46:46,Qwen/Qwen3-8B,MMLU_selected_subjects,Choppadandi_Assembly_constituency,meani,0.617,28
2025-12-04 21:48:59,Qwen/Qwen3-8B,MMLU_selected_subjects,Pyramid_Lake_Schools,wordd,0.594,28
2025-12-04 21:51:19,Qwen/Qwen3-8B,MMLU_selected_subjects,Choppadandi_Assembly_constituency,wordd,0.601,28
2025-12-04 21:54:44,Qwen/Qwen3-8B,MMLU_selected_subjects,Pyramid_Lake_Schools,chara,0.516,28
2025-12-04 21:56:07,Qwen/Qwen3-8B,MMLU_selected_subjects,Choppadandi_Assembly_constituency,chara,0.527,28
2025-12-04 21:59:17,Qwen/Qwen3-8B,MMLU_selected_subjects,Péter_Marót,clean,0.568,28
2025-12-04 22:00:54,Qwen/Qwen3-8B,MMLU_selected_subjects,Chromis_atripectoralis,clean,0.558,28
2025-12-04 22:03:55,Qwen/Qwen3-8B,MMLU_selected_subjects,Péter_Marót,meani,0.582,28
2025-12-04 22:05:38,Qwen/Qwen3-8B,MMLU_selected_subjects,Chromis_atripectoralis,meani,0.585,28
2025-12-04 22:08:27,Qwen/Qwen3-8B,MMLU_selected_subjects,Péter_Marót,wordd,0.568,28
2025-12-04 22:10:27,Qwen/Qwen3-8B,MMLU_selected_subjects,Chromis_atripectoralis,wordd,0.566,28
2025-12-04 22:13:13,Qwen/Qwen3-8B,MMLU_selected_subjects,Péter_Marót,chara,0.540,28
2025-12-04 22:15:50,Qwen/Qwen3-8B,MMLU_selected_subjects,Chromis_atripectoralis,chara,0.550,28
2025-12-04 22:17:46,Qwen/Qwen3-8B,MMLU_selected_subjects,Qalanjeh,clean,0.553,28
2025-12-04 22:20:41,Qwen/Qwen3-8B,MMLU_selected_subjects,Château_de_Lagarde,clean,0.564,28
2025-12-04 22:22:17,Qwen/Qwen3-8B,MMLU_selected_subjects,Qalanjeh,meani,0.588,28
2025-12-04 22:25:31,Qwen/Qwen3-8B,MMLU_selected_subjects,Château_de_Lagarde,meani,0.589,28
2025-12-04 22:26:53,Qwen/Qwen3-8B,MMLU_selected_subjects,Qalanjeh,wordd,0.579,28
2025-12-04 22:30:18,Qwen/Qwen3-8B,MMLU_selected_subjects,Château_de_Lagarde,wordd,0.590,28
2025-12-04 22:31:35,Qwen/Qwen3-8B,MMLU_selected_subjects,Qalanjeh,chara,0.549,28
2025-12-04 22:35:43,Qwen/Qwen3-8B,MMLU_selected_subjects,Château_de_Lagarde,chara,0.529,28
2025-12-04 22:36:10,Qwen/Qwen3-8B,MMLU_selected_subjects,Quarriors!,clean,0.579,28
2025-12-04 22:40:26,Qwen/Qwen3-8B,MMLU_selected_subjects,Claude_J._Jasper,clean,0.524,28
2025-12-04 22:40:46,Qwen/Qwen3-8B,MMLU_selected_subjects,Quarriors!,meani,0.603,28
2025-12-04 22:45:11,Qwen/Qwen3-8B,MMLU_selected_subjects,Claude_J._Jasper,meani,0.587,28
2025-12-04 22:45:27,Qwen/Qwen3-8B,MMLU_selected_subjects,Quarriors!,wordd,0.549,28
2025-12-04 22:49:52,Qwen/Qwen3-8B,MMLU_selected_subjects,Claude_J._Jasper,wordd,0.579,28
2025-12-04 22:50:29,Qwen/Qwen3-8B,MMLU_selected_subjects,Quarriors!,chara,0.527,28
2025-12-04 22:54:57,Qwen/Qwen3-8B,MMLU_selected_subjects,Claude_J._Jasper,chara,0.539,28
2025-12-04 22:55:04,Qwen/Qwen3-8B,MMLU_selected_subjects,Queen_X,clean,0.587,28
2025-12-04 22:59:30,Qwen/Qwen3-8B,MMLU_selected_subjects,Queen_X,meani,0.599,28
2025-12-04 22:59:57,Qwen/Qwen3-8B,MMLU_selected_subjects,"Clifton_House,_King's_Lynn",clean,0.577,28
2025-12-04 23:04:04,Qwen/Qwen3-8B,MMLU_selected_subjects,Queen_X,wordd,0.601,28
2025-12-04 23:04:49,Qwen/Qwen3-8B,MMLU_selected_subjects,"Clifton_House,_King's_Lynn",meani,0.573,28
2025-12-04 23:08:47,Qwen/Qwen3-8B,MMLU_selected_subjects,Queen_X,chara,0.551,28
2025-12-04 23:09:34,Qwen/Qwen3-8B,MMLU_selected_subjects,"Clifton_House,_King's_Lynn",wordd,0.578,28
2025-12-04 23:13:09,Qwen/Qwen3-8B,MMLU_selected_subjects,"Quietus,_Montana",clean,0.565,28
2025-12-04 23:14:47,Qwen/Qwen3-8B,MMLU_selected_subjects,"Clifton_House,_King's_Lynn",chara,0.540,28
2025-12-04 23:17:32,Qwen/Qwen3-8B,MMLU_selected_subjects,"Quietus,_Montana",meani,0.550,28
2025-12-04 23:19:18,Qwen/Qwen3-8B,MMLU_selected_subjects,Clydesdale_Bank_£20_note,clean,0.590,28
2025-12-04 23:22:11,Qwen/Qwen3-8B,MMLU_selected_subjects,"Quietus,_Montana",wordd,0.579,28
2025-12-04 23:23:48,Qwen/Qwen3-8B,MMLU_selected_subjects,Clydesdale_Bank_£20_note,meani,0.595,28
2025-12-04 23:26:45,Qwen/Qwen3-8B,MMLU_selected_subjects,"Quietus,_Montana",chara,0.563,28
2025-12-04 23:28:17,Qwen/Qwen3-8B,MMLU_selected_subjects,Clydesdale_Bank_£20_note,wordd,0.556,28
2025-12-04 23:31:29,Qwen/Qwen3-8B,MMLU_selected_subjects,Quintin_and_Alice_Hogg_Memorial,clean,0.579,28
2025-12-04 23:33:02,Qwen/Qwen3-8B,MMLU_selected_subjects,Clydesdale_Bank_£20_note,chara,0.529,28
2025-12-04 23:36:11,Qwen/Qwen3-8B,MMLU_selected_subjects,Quintin_and_Alice_Hogg_Memorial,meani,0.601,28
2025-12-04 23:37:41,Qwen/Qwen3-8B,MMLU_selected_subjects,Coachella_Valley_High_School,clean,0.562,28
2025-12-04 23:40:53,Qwen/Qwen3-8B,MMLU_selected_subjects,Quintin_and_Alice_Hogg_Memorial,wordd,0.579,28
2025-12-04 23:42:10,Qwen/Qwen3-8B,MMLU_selected_subjects,Coachella_Valley_High_School,meani,0.584,28
2025-12-04 23:46:09,Qwen/Qwen3-8B,MMLU_selected_subjects,Quintin_and_Alice_Hogg_Memorial,chara,0.544,28
2025-12-04 23:46:39,Qwen/Qwen3-8B,MMLU_selected_subjects,Coachella_Valley_High_School,wordd,0.567,28
2025-12-04 23:50:58,Qwen/Qwen3-8B,MMLU_selected_subjects,Quinton_(musical_instrument),clean,0.584,28
2025-12-04 23:51:33,Qwen/Qwen3-8B,MMLU_selected_subjects,Coachella_Valley_High_School,chara,0.512,28
2025-12-04 23:55:47,Qwen/Qwen3-8B,MMLU_selected_subjects,Quinton_(musical_instrument),meani,0.587,28
2025-12-04 23:55:57,Qwen/Qwen3-8B,MMLU_selected_subjects,Cockatoo_Island_Prison_Barracks_Precinct,clean,0.555,28
2025-12-05 00:00:21,Qwen/Qwen3-8B,MMLU_selected_subjects,Cockatoo_Island_Prison_Barracks_Precinct,meani,0.584,28
2025-12-05 00:00:36,Qwen/Qwen3-8B,MMLU_selected_subjects,Quinton_(musical_instrument),wordd,0.571,28
2025-12-05 00:04:45,Qwen/Qwen3-8B,MMLU_selected_subjects,Cockatoo_Island_Prison_Barracks_Precinct,wordd,0.575,28
2025-12-05 00:05:52,Qwen/Qwen3-8B,MMLU_selected_subjects,Quinton_(musical_instrument),chara,0.522,28
2025-12-05 00:09:18,Qwen/Qwen3-8B,MMLU_selected_subjects,Cockatoo_Island_Prison_Barracks_Precinct,chara,0.566,28
2025-12-05 00:10:25,Qwen/Qwen3-8B,MMLU_selected_subjects,Qusheh_Gonbad,clean,0.531,28
2025-12-05 00:13:48,Qwen/Qwen3-8B,MMLU_selected_subjects,Cocked_Hat_Stakes,clean,0.562,28
2025-12-05 00:15:09,Qwen/Qwen3-8B,MMLU_selected_subjects,Qusheh_Gonbad,meani,0.588,28
2025-12-05 00:18:20,Qwen/Qwen3-8B,MMLU_selected_subjects,Cocked_Hat_Stakes,meani,0.599,28
2025-12-05 00:19:47,Qwen/Qwen3-8B,MMLU_selected_subjects,Qusheh_Gonbad,wordd,0.579,28
2025-12-05 00:22:50,Qwen/Qwen3-8B,MMLU_selected_subjects,Cocked_Hat_Stakes,wordd,0.619,28
2025-12-05 00:24:27,Qwen/Qwen3-8B,MMLU_selected_subjects,Qusheh_Gonbad,chara,0.524,28
2025-12-05 00:27:30,Qwen/Qwen3-8B,MMLU_selected_subjects,Cocked_Hat_Stakes,chara,0.528,28
2025-12-05 00:29:33,Qwen/Qwen3-8B,MMLU_selected_subjects,RabidAnce,clean,0.571,28
2025-12-05 00:32:01,Qwen/Qwen3-8B,MMLU_selected_subjects,"Collagen,_type_XXI,_alpha_1",clean,0.499,28
2025-12-05 00:34:41,Qwen/Qwen3-8B,MMLU_selected_subjects,RabidAnce,meani,0.566,28
2025-12-05 00:36:28,Qwen/Qwen3-8B,MMLU_selected_subjects,"Collagen,_type_XXI,_alpha_1",meani,0.551,28
2025-12-05 00:39:46,Qwen/Qwen3-8B,MMLU_selected_subjects,RabidAnce,wordd,0.583,28
2025-12-05 00:41:00,Qwen/Qwen3-8B,MMLU_selected_subjects,"Collagen,_type_XXI,_alpha_1",wordd,0.541,28
2025-12-05 00:45:22,Qwen/Qwen3-8B,MMLU_selected_subjects,RabidAnce,chara,0.514,28
2025-12-05 00:45:47,Qwen/Qwen3-8B,MMLU_selected_subjects,"Collagen,_type_XXI,_alpha_1",chara,0.559,28
2025-12-05 00:49:43,Qwen/Qwen3-8B,MMLU_selected_subjects,Railway_Age,clean,0.550,28
2025-12-05 00:50:26,Qwen/Qwen3-8B,MMLU_selected_subjects,Colorado_House_of_Representatives,clean,0.570,28
2025-12-05 00:54:21,Qwen/Qwen3-8B,MMLU_selected_subjects,Railway_Age,meani,0.566,28
2025-12-05 00:55:02,Qwen/Qwen3-8B,MMLU_selected_subjects,Colorado_House_of_Representatives,meani,0.604,28
2025-12-05 00:58:42,Qwen/Qwen3-8B,MMLU_selected_subjects,Railway_Age,wordd,0.576,28
2025-12-05 00:59:50,Qwen/Qwen3-8B,MMLU_selected_subjects,Colorado_House_of_Representatives,wordd,0.585,28
2025-12-05 01:03:24,Qwen/Qwen3-8B,MMLU_selected_subjects,Railway_Age,chara,0.537,28
2025-12-05 01:05:02,Qwen/Qwen3-8B,MMLU_selected_subjects,Colorado_House_of_Representatives,chara,0.540,28
2025-12-05 01:07:53,Qwen/Qwen3-8B,MMLU_selected_subjects,Rajabu_Hussen,clean,0.536,28
2025-12-05 01:09:28,Qwen/Qwen3-8B,MMLU_selected_subjects,Consortium_of_Bangsamoro_Civil_Society,clean,0.589,28
2025-12-05 01:12:20,Qwen/Qwen3-8B,MMLU_selected_subjects,Rajabu_Hussen,meani,0.549,28
2025-12-05 01:14:09,Qwen/Qwen3-8B,MMLU_selected_subjects,Consortium_of_Bangsamoro_Civil_Society,meani,0.601,28
2025-12-05 01:16:45,Qwen/Qwen3-8B,MMLU_selected_subjects,Rajabu_Hussen,wordd,0.594,28
2025-12-05 01:18:39,Qwen/Qwen3-8B,MMLU_selected_subjects,Consortium_of_Bangsamoro_Civil_Society,wordd,0.586,28
2025-12-05 01:21:27,Qwen/Qwen3-8B,MMLU_selected_subjects,Rajabu_Hussen,chara,0.538,28
2025-12-05 01:23:16,Qwen/Qwen3-8B,MMLU_selected_subjects,Consortium_of_Bangsamoro_Civil_Society,chara,0.527,28
2025-12-05 01:26:03,Qwen/Qwen3-8B,MMLU_selected_subjects,Rajibpur_Union,clean,0.568,28
2025-12-05 01:28:05,Qwen/Qwen3-8B,MMLU_selected_subjects,Contributory_copyright_infringement,clean,0.568,28
2025-12-05 01:30:36,Qwen/Qwen3-8B,MMLU_selected_subjects,Rajibpur_Union,meani,0.577,28
2025-12-05 01:32:51,Qwen/Qwen3-8B,MMLU_selected_subjects,Contributory_copyright_infringement,meani,0.572,28
2025-12-05 01:35:09,Qwen/Qwen3-8B,MMLU_selected_subjects,Rajibpur_Union,wordd,0.608,28
2025-12-05 01:37:37,Qwen/Qwen3-8B,MMLU_selected_subjects,Contributory_copyright_infringement,wordd,0.524,28
2025-12-05 01:39:51,Qwen/Qwen3-8B,MMLU_selected_subjects,Rajibpur_Union,chara,0.552,28
2025-12-05 01:43:13,Qwen/Qwen3-8B,MMLU_selected_subjects,Contributory_copyright_infringement,chara,0.532,28
2025-12-05 01:44:38,Qwen/Qwen3-8B,MMLU_selected_subjects,Ramon_Vila_Capdevila,clean,0.572,28
2025-12-05 01:47:58,Qwen/Qwen3-8B,MMLU_selected_subjects,Conulariida,clean,0.593,28
2025-12-05 01:49:15,Qwen/Qwen3-8B,MMLU_selected_subjects,Ramon_Vila_Capdevila,meani,0.586,28
2025-12-05 01:52:42,Qwen/Qwen3-8B,MMLU_selected_subjects,Conulariida,meani,0.576,28
2025-12-05 01:54:05,Qwen/Qwen3-8B,MMLU_selected_subjects,Ramon_Vila_Capdevila,wordd,0.617,28
2025-12-05 01:57:24,Qwen/Qwen3-8B,MMLU_selected_subjects,Conulariida,wordd,0.580,28
2025-12-05 01:59:09,Qwen/Qwen3-8B,MMLU_selected_subjects,Ramon_Vila_Capdevila,chara,0.550,28
2025-12-05 02:02:39,Qwen/Qwen3-8B,MMLU_selected_subjects,Conulariida,chara,0.541,28
2025-12-05 02:03:52,Qwen/Qwen3-8B,MMLU_selected_subjects,Rancho_High_School,clean,0.558,28
2025-12-05 02:07:07,Qwen/Qwen3-8B,MMLU_selected_subjects,Copa_Suecia,clean,0.528,28
2025-12-05 02:08:33,Qwen/Qwen3-8B,MMLU_selected_subjects,Rancho_High_School,meani,0.586,28
2025-12-05 02:11:34,Qwen/Qwen3-8B,MMLU_selected_subjects,Copa_Suecia,meani,0.543,28
2025-12-05 02:13:23,Qwen/Qwen3-8B,MMLU_selected_subjects,Rancho_High_School,wordd,0.585,28
2025-12-05 02:16:11,Qwen/Qwen3-8B,MMLU_selected_subjects,Copa_Suecia,wordd,0.593,28
2025-12-05 02:18:41,Qwen/Qwen3-8B,MMLU_selected_subjects,Rancho_High_School,chara,0.530,28
2025-12-05 02:20:58,Qwen/Qwen3-8B,MMLU_selected_subjects,Copa_Suecia,chara,0.553,28
2025-12-05 02:23:19,Qwen/Qwen3-8B,MMLU_selected_subjects,"Randall,_New_York",clean,0.571,28
2025-12-05 02:25:32,Qwen/Qwen3-8B,MMLU_selected_subjects,Cory_McDiarmid,clean,0.565,28
2025-12-05 02:27:52,Qwen/Qwen3-8B,MMLU_selected_subjects,"Randall,_New_York",meani,0.578,28
2025-12-05 02:30:04,Qwen/Qwen3-8B,MMLU_selected_subjects,Cory_McDiarmid,meani,0.580,28
2025-12-05 02:32:26,Qwen/Qwen3-8B,MMLU_selected_subjects,"Randall,_New_York",wordd,0.582,28
2025-12-05 02:34:36,Qwen/Qwen3-8B,MMLU_selected_subjects,Cory_McDiarmid,wordd,0.593,28
2025-12-05 02:37:22,Qwen/Qwen3-8B,MMLU_selected_subjects,"Randall,_New_York",chara,0.533,28
2025-12-05 02:39:29,Qwen/Qwen3-8B,MMLU_selected_subjects,Cory_McDiarmid,chara,0.550,28
2025-12-05 02:42:19,Qwen/Qwen3-8B,MMLU_selected_subjects,Ratusz_Arsenał_metro_station,clean,0.575,28
2025-12-05 02:44:03,Qwen/Qwen3-8B,MMLU_selected_subjects,Countess_Walewska_(1914_film),clean,0.607,28
2025-12-05 02:47:20,Qwen/Qwen3-8B,MMLU_selected_subjects,Ratusz_Arsenał_metro_station,meani,0.625,28
2025-12-05 02:48:41,Qwen/Qwen3-8B,MMLU_selected_subjects,Countess_Walewska_(1914_film),meani,0.607,28
2025-12-05 02:52:21,Qwen/Qwen3-8B,MMLU_selected_subjects,Ratusz_Arsenał_metro_station,wordd,0.582,28
2025-12-05 02:53:14,Qwen/Qwen3-8B,MMLU_selected_subjects,Countess_Walewska_(1914_film),wordd,0.596,28
2025-12-05 02:57:46,Qwen/Qwen3-8B,MMLU_selected_subjects,Ratusz_Arsenał_metro_station,chara,0.482,28
2025-12-05 02:58:03,Qwen/Qwen3-8B,MMLU_selected_subjects,Countess_Walewska_(1914_film),chara,0.523,28
2025-12-05 03:02:17,Qwen/Qwen3-8B,MMLU_selected_subjects,Reach_for_the_Sky,clean,0.609,28
2025-12-05 03:02:39,Qwen/Qwen3-8B,MMLU_selected_subjects,County_of_Isenburg,clean,0.556,28
2025-12-05 03:06:46,Qwen/Qwen3-8B,MMLU_selected_subjects,Reach_for_the_Sky,meani,0.602,28
2025-12-05 03:07:13,Qwen/Qwen3-8B,MMLU_selected_subjects,County_of_Isenburg,meani,0.592,28
2025-12-05 03:11:25,Qwen/Qwen3-8B,MMLU_selected_subjects,Reach_for_the_Sky,wordd,0.590,28
2025-12-05 03:11:50,Qwen/Qwen3-8B,MMLU_selected_subjects,County_of_Isenburg,wordd,0.599,28
2025-12-05 03:16:15,Qwen/Qwen3-8B,MMLU_selected_subjects,Reach_for_the_Sky,chara,0.583,28
2025-12-05 03:16:47,Qwen/Qwen3-8B,MMLU_selected_subjects,County_of_Isenburg,chara,0.558,28
2025-12-05 03:20:55,Qwen/Qwen3-8B,MMLU_selected_subjects,Rebecca_Grinter,clean,0.441,28
2025-12-05 03:21:30,Qwen/Qwen3-8B,MMLU_selected_subjects,Cowdray_Club,clean,0.578,28
2025-12-05 03:25:34,Qwen/Qwen3-8B,MMLU_selected_subjects,Rebecca_Grinter,meani,0.528,28
2025-12-05 03:26:11,Qwen/Qwen3-8B,MMLU_selected_subjects,Cowdray_Club,meani,0.597,28
2025-12-05 03:30:23,Qwen/Qwen3-8B,MMLU_selected_subjects,Rebecca_Grinter,wordd,0.568,28
2025-12-05 03:30:57,Qwen/Qwen3-8B,MMLU_selected_subjects,Cowdray_Club,wordd,0.587,28
2025-12-05 03:35:36,Qwen/Qwen3-8B,MMLU_selected_subjects,Rebecca_Grinter,chara,0.566,28
2025-12-05 03:36:16,Qwen/Qwen3-8B,MMLU_selected_subjects,Cowdray_Club,chara,0.558,28
2025-12-05 03:40:23,Qwen/Qwen3-8B,MMLU_selected_subjects,Rexhe_Bytyçi,clean,0.597,28
2025-12-05 03:41:22,Qwen/Qwen3-8B,MMLU_selected_subjects,Crossbow_(video_game),clean,0.563,28
2025-12-05 03:45:00,Qwen/Qwen3-8B,MMLU_selected_subjects,Rexhe_Bytyçi,meani,0.606,28
2025-12-05 03:46:21,Qwen/Qwen3-8B,MMLU_selected_subjects,Crossbow_(video_game),meani,0.584,28
2025-12-05 03:49:42,Qwen/Qwen3-8B,MMLU_selected_subjects,Rexhe_Bytyçi,wordd,0.576,28
2025-12-05 03:51:22,Qwen/Qwen3-8B,MMLU_selected_subjects,Crossbow_(video_game),wordd,0.592,28
2025-12-05 03:54:35,Qwen/Qwen3-8B,MMLU_selected_subjects,Rexhe_Bytyçi,chara,0.510,28
2025-12-05 03:57:02,Qwen/Qwen3-8B,MMLU_selected_subjects,Crossbow_(video_game),chara,0.492,28
2025-12-05 03:59:18,Qwen/Qwen3-8B,MMLU_selected_subjects,Rhigozum,clean,0.565,28
2025-12-05 04:02:03,Qwen/Qwen3-8B,MMLU_selected_subjects,Crowlin_Islands,clean,0.573,28
2025-12-05 04:03:57,Qwen/Qwen3-8B,MMLU_selected_subjects,Rhigozum,meani,0.582,28
2025-12-05 04:06:38,Qwen/Qwen3-8B,MMLU_selected_subjects,Crowlin_Islands,meani,0.594,28
2025-12-05 04:08:36,Qwen/Qwen3-8B,MMLU_selected_subjects,Rhigozum,wordd,0.580,28
2025-12-05 04:11:12,Qwen/Qwen3-8B,MMLU_selected_subjects,Crowlin_Islands,wordd,0.598,28
2025-12-05 04:13:40,Qwen/Qwen3-8B,MMLU_selected_subjects,Rhigozum,chara,0.524,28
2025-12-05 04:15:58,Qwen/Qwen3-8B,MMLU_selected_subjects,Crowlin_Islands,chara,0.557,28
2025-12-05 04:18:16,Qwen/Qwen3-8B,MMLU_selected_subjects,Richard_Earl_Thompson,clean,0.571,28
2025-12-05 04:20:27,Qwen/Qwen3-8B,MMLU_selected_subjects,"Crystal_Beach,_New_York",clean,0.593,28
2025-12-05 04:22:49,Qwen/Qwen3-8B,MMLU_selected_subjects,Richard_Earl_Thompson,meani,0.603,28
2025-12-05 04:24:52,Qwen/Qwen3-8B,MMLU_selected_subjects,"Crystal_Beach,_New_York",meani,0.602,28
2025-12-05 04:27:24,Qwen/Qwen3-8B,MMLU_selected_subjects,Richard_Earl_Thompson,wordd,0.598,28
2025-12-05 04:29:20,Qwen/Qwen3-8B,MMLU_selected_subjects,"Crystal_Beach,_New_York",wordd,0.608,28
2025-12-05 04:32:22,Qwen/Qwen3-8B,MMLU_selected_subjects,Richard_Earl_Thompson,chara,0.541,28
2025-12-05 04:34:03,Qwen/Qwen3-8B,MMLU_selected_subjects,"Crystal_Beach,_New_York",chara,0.560,28
2025-12-05 04:37:01,Qwen/Qwen3-8B,MMLU_selected_subjects,Rini_Widyantini,clean,0.539,28
2025-12-05 04:38:49,Qwen/Qwen3-8B,MMLU_selected_subjects,"Cuckoo_Rock,_Dartmoor",clean,0.569,28
2025-12-05 04:41:39,Qwen/Qwen3-8B,MMLU_selected_subjects,Rini_Widyantini,meani,0.605,28
2025-12-05 04:43:35,Qwen/Qwen3-8B,MMLU_selected_subjects,"Cuckoo_Rock,_Dartmoor",meani,0.578,28
2025-12-05 04:46:26,Qwen/Qwen3-8B,MMLU_selected_subjects,Rini_Widyantini,wordd,0.593,28
2025-12-05 04:48:20,Qwen/Qwen3-8B,MMLU_selected_subjects,"Cuckoo_Rock,_Dartmoor",wordd,0.569,28
2025-12-05 04:51:34,Qwen/Qwen3-8B,MMLU_selected_subjects,Rini_Widyantini,chara,0.552,28
2025-12-05 04:53:27,Qwen/Qwen3-8B,MMLU_selected_subjects,"Cuckoo_Rock,_Dartmoor",chara,0.560,28
2025-12-05 04:56:28,Qwen/Qwen3-8B,MMLU_selected_subjects,Rita_Moss,clean,0.553,28
2025-12-05 04:58:00,Qwen/Qwen3-8B,MMLU_selected_subjects,Cyanophrys_goodsoni,clean,0.568,28
2025-12-05 05:01:19,Qwen/Qwen3-8B,MMLU_selected_subjects,Rita_Moss,meani,0.598,28
2025-12-05 05:02:34,Qwen/Qwen3-8B,MMLU_selected_subjects,Cyanophrys_goodsoni,meani,0.569,28
2025-12-05 05:06:11,Qwen/Qwen3-8B,MMLU_selected_subjects,Rita_Moss,wordd,0.576,28
2025-12-05 05:07:05,Qwen/Qwen3-8B,MMLU_selected_subjects,Cyanophrys_goodsoni,wordd,0.584,28
2025-12-05 05:11:33,Qwen/Qwen3-8B,MMLU_selected_subjects,Rita_Moss,chara,0.559,28
2025-12-05 05:11:46,Qwen/Qwen3-8B,MMLU_selected_subjects,Cyanophrys_goodsoni,chara,0.543,28
2025-12-05 05:16:12,Qwen/Qwen3-8B,MMLU_selected_subjects,Cycling_at_the_2015_Pan_American_Games_–_Women's_road_race,clean,0.600,28
2025-12-05 05:16:14,Qwen/Qwen3-8B,MMLU_selected_subjects,Robert_Rice_(footballer),clean,0.562,28
2025-12-05 05:20:36,Qwen/Qwen3-8B,MMLU_selected_subjects,Cycling_at_the_2015_Pan_American_Games_–_Women's_road_race,meani,0.603,28
2025-12-05 05:20:55,Qwen/Qwen3-8B,MMLU_selected_subjects,Robert_Rice_(footballer),meani,0.600,28
2025-12-05 05:25:01,Qwen/Qwen3-8B,MMLU_selected_subjects,Cycling_at_the_2015_Pan_American_Games_–_Women's_road_race,wordd,0.595,28
2025-12-05 05:25:36,Qwen/Qwen3-8B,MMLU_selected_subjects,Robert_Rice_(footballer),wordd,0.596,28
2025-12-05 05:29:40,Qwen/Qwen3-8B,MMLU_selected_subjects,Cycling_at_the_2015_Pan_American_Games_–_Women's_road_race,chara,0.546,28
2025-12-05 05:30:40,Qwen/Qwen3-8B,MMLU_selected_subjects,Robert_Rice_(footballer),chara,0.553,28
2025-12-05 05:34:13,Qwen/Qwen3-8B,MMLU_selected_subjects,Czech_Republic_women's_national_ice_hockey_team,clean,0.555,28
2025-12-05 05:35:08,Qwen/Qwen3-8B,MMLU_selected_subjects,Robertas_Dargis,clean,0.470,28
2025-12-05 05:38:44,Qwen/Qwen3-8B,MMLU_selected_subjects,Czech_Republic_women's_national_ice_hockey_team,meani,0.581,28
2025-12-05 05:39:38,Qwen/Qwen3-8B,MMLU_selected_subjects,Robertas_Dargis,meani,0.528,28
2025-12-05 05:43:17,Qwen/Qwen3-8B,MMLU_selected_subjects,Czech_Republic_women's_national_ice_hockey_team,wordd,0.590,28
2025-12-05 05:44:06,Qwen/Qwen3-8B,MMLU_selected_subjects,Robertas_Dargis,wordd,0.564,28
2025-12-05 05:48:08,Qwen/Qwen3-8B,MMLU_selected_subjects,Czech_Republic_women's_national_ice_hockey_team,chara,0.514,28
2025-12-05 05:48:49,Qwen/Qwen3-8B,MMLU_selected_subjects,Robertas_Dargis,chara,0.541,28
2025-12-05 05:52:40,Qwen/Qwen3-8B,MMLU_selected_subjects,Czechoslovak_Footballer_of_the_Year,clean,0.563,28
2025-12-05 05:53:11,Qwen/Qwen3-8B,MMLU_selected_subjects,Rock_and_a_Hard_Place_(film),clean,0.581,28
2025-12-05 05:57:11,Qwen/Qwen3-8B,MMLU_selected_subjects,Czechoslovak_Footballer_of_the_Year,meani,0.574,28
2025-12-05 05:57:33,Qwen/Qwen3-8B,MMLU_selected_subjects,Rock_and_a_Hard_Place_(film),meani,0.602,28
2025-12-05 06:01:43,Qwen/Qwen3-8B,MMLU_selected_subjects,Czechoslovak_Footballer_of_the_Year,wordd,0.604,28
2025-12-05 06:01:56,Qwen/Qwen3-8B,MMLU_selected_subjects,Rock_and_a_Hard_Place_(film),wordd,0.609,28
2025-12-05 06:06:31,Qwen/Qwen3-8B,MMLU_selected_subjects,Czechoslovak_Footballer_of_the_Year,chara,0.552,28
2025-12-05 06:06:34,Qwen/Qwen3-8B,MMLU_selected_subjects,Rock_and_a_Hard_Place_(film),chara,0.570,28
2025-12-05 06:11:05,Qwen/Qwen3-8B,MMLU_selected_subjects,Rogaland_Sparebank,clean,0.552,28
2025-12-05 06:11:19,Qwen/Qwen3-8B,MMLU_selected_subjects,Dadford,clean,0.559,28
2025-12-05 06:15:34,Qwen/Qwen3-8B,MMLU_selected_subjects,Rogaland_Sparebank,meani,0.577,28
2025-12-05 06:16:08,Qwen/Qwen3-8B,MMLU_selected_subjects,Dadford,meani,0.577,28
2025-12-05 06:20:04,Qwen/Qwen3-8B,MMLU_selected_subjects,Rogaland_Sparebank,wordd,0.581,28
2025-12-05 06:20:56,Qwen/Qwen3-8B,MMLU_selected_subjects,Dadford,wordd,0.568,28
2025-12-05 06:24:50,Qwen/Qwen3-8B,MMLU_selected_subjects,Rogaland_Sparebank,chara,0.521,28
2025-12-05 06:26:12,Qwen/Qwen3-8B,MMLU_selected_subjects,Dadford,chara,0.496,28
2025-12-05 06:29:27,Qwen/Qwen3-8B,MMLU_selected_subjects,Rosario_Central_railway_station,clean,0.586,28
2025-12-05 06:30:57,Qwen/Qwen3-8B,MMLU_selected_subjects,Daihatsu_Opti,clean,0.564,28
2025-12-05 06:34:03,Qwen/Qwen3-8B,MMLU_selected_subjects,Rosario_Central_railway_station,meani,0.596,28
2025-12-05 06:35:39,Qwen/Qwen3-8B,MMLU_selected_subjects,Daihatsu_Opti,meani,0.582,28
2025-12-05 06:38:38,Qwen/Qwen3-8B,MMLU_selected_subjects,Rosario_Central_railway_station,wordd,0.595,28
2025-12-05 06:40:24,Qwen/Qwen3-8B,MMLU_selected_subjects,Daihatsu_Opti,wordd,0.585,28
2025-12-05 06:43:35,Qwen/Qwen3-8B,MMLU_selected_subjects,Rosario_Central_railway_station,chara,0.543,28
2025-12-05 06:45:25,Qwen/Qwen3-8B,MMLU_selected_subjects,Daihatsu_Opti,chara,0.527,28
2025-12-05 06:48:01,Qwen/Qwen3-8B,MMLU_selected_subjects,Rowan_Holzberger,clean,0.561,28
2025-12-05 06:49:56,Qwen/Qwen3-8B,MMLU_selected_subjects,Daira_Din_Panah_Goat,clean,0.529,28
2025-12-05 06:52:21,Qwen/Qwen3-8B,MMLU_selected_subjects,Rowan_Holzberger,meani,0.600,28
2025-12-05 06:54:27,Qwen/Qwen3-8B,MMLU_selected_subjects,Daira_Din_Panah_Goat,meani,0.586,28
2025-12-05 06:56:43,Qwen/Qwen3-8B,MMLU_selected_subjects,Rowan_Holzberger,wordd,0.575,28
2025-12-05 06:58:58,Qwen/Qwen3-8B,MMLU_selected_subjects,Daira_Din_Panah_Goat,wordd,0.586,28
2025-12-05 07:01:22,Qwen/Qwen3-8B,MMLU_selected_subjects,Rowan_Holzberger,chara,0.561,28
2025-12-05 07:03:43,Qwen/Qwen3-8B,MMLU_selected_subjects,Daira_Din_Panah_Goat,chara,0.566,28
2025-12-05 07:06:07,Qwen/Qwen3-8B,MMLU_selected_subjects,Royal_Karlskrona_Admiralty_Parish,clean,0.577,28
2025-12-05 07:08:24,Qwen/Qwen3-8B,MMLU_selected_subjects,"Dallas_County,_Arkansas",clean,0.557,28
2025-12-05 07:10:53,Qwen/Qwen3-8B,MMLU_selected_subjects,Royal_Karlskrona_Admiralty_Parish,meani,0.591,28
2025-12-05 07:13:02,Qwen/Qwen3-8B,MMLU_selected_subjects,"Dallas_County,_Arkansas",meani,0.606,28
2025-12-05 07:15:36,Qwen/Qwen3-8B,MMLU_selected_subjects,Royal_Karlskrona_Admiralty_Parish,wordd,0.592,28
2025-12-05 07:17:40,Qwen/Qwen3-8B,MMLU_selected_subjects,"Dallas_County,_Arkansas",wordd,0.588,28
2025-12-05 07:20:38,Qwen/Qwen3-8B,MMLU_selected_subjects,Royal_Karlskrona_Admiralty_Parish,chara,0.551,28
2025-12-05 07:22:37,Qwen/Qwen3-8B,MMLU_selected_subjects,"Dallas_County,_Arkansas",chara,0.536,28
2025-12-05 07:25:37,Qwen/Qwen3-8B,MMLU_selected_subjects,Royal_Mines_Act_1424,clean,0.592,28
2025-12-05 07:27:24,Qwen/Qwen3-8B,MMLU_selected_subjects,Damien_Woody,clean,0.569,28
2025-12-05 07:30:32,Qwen/Qwen3-8B,MMLU_selected_subjects,Royal_Mines_Act_1424,meani,0.597,28
2025-12-05 07:32:10,Qwen/Qwen3-8B,MMLU_selected_subjects,Damien_Woody,meani,0.590,28
2025-12-05 07:35:30,Qwen/Qwen3-8B,MMLU_selected_subjects,Royal_Mines_Act_1424,wordd,0.569,28
2025-12-05 07:36:56,Qwen/Qwen3-8B,MMLU_selected_subjects,Damien_Woody,wordd,0.582,28
2025-12-05 07:41:24,Qwen/Qwen3-8B,MMLU_selected_subjects,Royal_Mines_Act_1424,chara,0.535,28
2025-12-05 07:42:16,Qwen/Qwen3-8B,MMLU_selected_subjects,Damien_Woody,chara,0.540,28
2025-12-05 07:45:56,Qwen/Qwen3-8B,MMLU_selected_subjects,Rudolf_Kern,clean,0.561,28
2025-12-05 07:46:44,Qwen/Qwen3-8B,MMLU_selected_subjects,Dana_Sabraw,clean,0.546,28
2025-12-05 07:50:23,Qwen/Qwen3-8B,MMLU_selected_subjects,Rudolf_Kern,meani,0.601,28
2025-12-05 07:51:10,Qwen/Qwen3-8B,MMLU_selected_subjects,Dana_Sabraw,meani,0.574,28
2025-12-05 07:54:50,Qwen/Qwen3-8B,MMLU_selected_subjects,Rudolf_Kern,wordd,0.598,28
2025-12-05 07:55:36,Qwen/Qwen3-8B,MMLU_selected_subjects,Dana_Sabraw,wordd,0.568,28
2025-12-05 07:59:32,Qwen/Qwen3-8B,MMLU_selected_subjects,Rudolf_Kern,chara,0.539,28
2025-12-05 08:00:15,Qwen/Qwen3-8B,MMLU_selected_subjects,Dana_Sabraw,chara,0.549,28
2025-12-05 08:04:12,Qwen/Qwen3-8B,MMLU_selected_subjects,Rumelange_railway_station,clean,0.562,28
2025-12-05 08:05:08,Qwen/Qwen3-8B,MMLU_selected_subjects,Dangerous_Lies_(2020_film),clean,0.598,28
2025-12-05 08:08:50,Qwen/Qwen3-8B,MMLU_selected_subjects,Rumelange_railway_station,meani,0.571,28
2025-12-05 08:09:58,Qwen/Qwen3-8B,MMLU_selected_subjects,Dangerous_Lies_(2020_film),meani,0.601,28
2025-12-05 08:13:29,Qwen/Qwen3-8B,MMLU_selected_subjects,Rumelange_railway_station,wordd,0.582,28
2025-12-05 08:14:49,Qwen/Qwen3-8B,MMLU_selected_subjects,Dangerous_Lies_(2020_film),wordd,0.589,28
2025-12-05 08:18:33,Qwen/Qwen3-8B,MMLU_selected_subjects,Rumelange_railway_station,chara,0.537,28
2025-12-05 08:20:23,Qwen/Qwen3-8B,MMLU_selected_subjects,Dangerous_Lies_(2020_film),chara,0.532,28
2025-12-05 08:22:58,Qwen/Qwen3-8B,MMLU_selected_subjects,Ryan_Gaul,clean,0.535,28
2025-12-05 08:24:52,Qwen/Qwen3-8B,MMLU_selected_subjects,Daniel_Davies_(rugby_league),clean,0.556,28
2025-12-05 08:27:25,Qwen/Qwen3-8B,MMLU_selected_subjects,Ryan_Gaul,meani,0.573,28
2025-12-05 08:29:20,Qwen/Qwen3-8B,MMLU_selected_subjects,Daniel_Davies_(rugby_league),meani,0.613,28
2025-12-05 08:31:48,Qwen/Qwen3-8B,MMLU_selected_subjects,Ryan_Gaul,wordd,0.584,28
2025-12-05 08:33:47,Qwen/Qwen3-8B,MMLU_selected_subjects,Daniel_Davies_(rugby_league),wordd,0.588,28
2025-12-05 08:36:25,Qwen/Qwen3-8B,MMLU_selected_subjects,Ryan_Gaul,chara,0.486,28
2025-12-05 08:38:27,Qwen/Qwen3-8B,MMLU_selected_subjects,Daniel_Davies_(rugby_league),chara,0.562,28
2025-12-05 08:40:52,Qwen/Qwen3-8B,MMLU_selected_subjects,S._Kalyanasundaram,clean,0.546,28
2025-12-05 08:43:15,Qwen/Qwen3-8B,MMLU_selected_subjects,Daniele_Sommariva,clean,0.515,28
2025-12-05 08:45:18,Qwen/Qwen3-8B,MMLU_selected_subjects,S._Kalyanasundaram,meani,0.606,28
2025-12-05 08:48:02,Qwen/Qwen3-8B,MMLU_selected_subjects,Daniele_Sommariva,meani,0.603,28
2025-12-05 08:49:44,Qwen/Qwen3-8B,MMLU_selected_subjects,S._Kalyanasundaram,wordd,0.588,28
2025-12-05 08:52:48,Qwen/Qwen3-8B,MMLU_selected_subjects,Daniele_Sommariva,wordd,0.582,28
2025-12-05 08:54:24,Qwen/Qwen3-8B,MMLU_selected_subjects,S._Kalyanasundaram,chara,0.556,28
2025-12-05 08:57:58,Qwen/Qwen3-8B,MMLU_selected_subjects,Daniele_Sommariva,chara,0.533,28
2025-12-05 08:58:52,Qwen/Qwen3-8B,MMLU_selected_subjects,SAPM_mine,clean,0.543,28
2025-12-05 09:02:32,Qwen/Qwen3-8B,MMLU_selected_subjects,Danon_Decile,clean,0.527,28
2025-12-05 09:03:21,Qwen/Qwen3-8B,MMLU_selected_subjects,SAPM_mine,meani,0.582,28
2025-12-05 09:07:05,Qwen/Qwen3-8B,MMLU_selected_subjects,Danon_Decile,meani,0.546,28
2025-12-05 09:07:49,Qwen/Qwen3-8B,MMLU_selected_subjects,SAPM_mine,wordd,0.555,28
2025-12-05 09:11:38,Qwen/Qwen3-8B,MMLU_selected_subjects,Danon_Decile,wordd,0.563,28
2025-12-05 09:12:39,Qwen/Qwen3-8B,MMLU_selected_subjects,SAPM_mine,chara,0.568,28
2025-12-05 09:16:23,Qwen/Qwen3-8B,MMLU_selected_subjects,Danon_Decile,chara,0.548,28
2025-12-05 09:17:38,Qwen/Qwen3-8B,MMLU_selected_subjects,SS_Themistocles_(1911),clean,0.580,28
2025-12-05 09:21:16,Qwen/Qwen3-8B,MMLU_selected_subjects,"Dareshgeft,_Aligudarz",clean,0.570,28
2025-12-05 09:22:49,Qwen/Qwen3-8B,MMLU_selected_subjects,SS_Themistocles_(1911),meani,0.563,28
2025-12-05 09:25:55,Qwen/Qwen3-8B,MMLU_selected_subjects,"Dareshgeft,_Aligudarz",meani,0.591,28
2025-12-05 09:28:00,Qwen/Qwen3-8B,MMLU_selected_subjects,SS_Themistocles_(1911),wordd,0.576,28
2025-12-05 09:30:38,Qwen/Qwen3-8B,MMLU_selected_subjects,"Dareshgeft,_Aligudarz",wordd,0.600,28
2025-12-05 09:33:42,Qwen/Qwen3-8B,MMLU_selected_subjects,SS_Themistocles_(1911),chara,0.536,28
2025-12-05 09:35:23,Qwen/Qwen3-8B,MMLU_selected_subjects,"Dareshgeft,_Aligudarz",chara,0.502,28
2025-12-05 09:38:24,Qwen/Qwen3-8B,MMLU_selected_subjects,Sa_(Islamic_measure),clean,0.562,28
2025-12-05 09:40:08,Qwen/Qwen3-8B,MMLU_selected_subjects,Darren_Hughes_(gridiron_football),clean,0.535,28
2025-12-05 09:43:08,Qwen/Qwen3-8B,MMLU_selected_subjects,Sa_(Islamic_measure),meani,0.590,28
2025-12-05 09:44:55,Qwen/Qwen3-8B,MMLU_selected_subjects,Darren_Hughes_(gridiron_football),meani,0.584,28
2025-12-05 09:47:51,Qwen/Qwen3-8B,MMLU_selected_subjects,Sa_(Islamic_measure),wordd,0.571,28
2025-12-05 09:49:42,Qwen/Qwen3-8B,MMLU_selected_subjects,Darren_Hughes_(gridiron_football),wordd,0.609,28
2025-12-05 09:53:04,Qwen/Qwen3-8B,MMLU_selected_subjects,Sa_(Islamic_measure),chara,0.566,28
2025-12-05 09:55:04,Qwen/Qwen3-8B,MMLU_selected_subjects,Darren_Hughes_(gridiron_football),chara,0.549,28
2025-12-05 09:57:29,Qwen/Qwen3-8B,MMLU_selected_subjects,Sadaf_Farooqi,clean,0.505,28
2025-12-05 09:59:56,Qwen/Qwen3-8B,MMLU_selected_subjects,"Davidson_County,_North_Carolina",clean,0.584,28
2025-12-05 10:02:02,Qwen/Qwen3-8B,MMLU_selected_subjects,Sadaf_Farooqi,meani,0.559,28
2025-12-05 10:04:48,Qwen/Qwen3-8B,MMLU_selected_subjects,"Davidson_County,_North_Carolina",meani,0.576,28
2025-12-05 10:06:32,Qwen/Qwen3-8B,MMLU_selected_subjects,Sadaf_Farooqi,wordd,0.550,28
2025-12-05 10:09:35,Qwen/Qwen3-8B,MMLU_selected_subjects,"Davidson_County,_North_Carolina",wordd,0.568,28
2025-12-05 10:11:09,Qwen/Qwen3-8B,MMLU_selected_subjects,Sadaf_Farooqi,chara,0.550,28
2025-12-05 10:14:58,Qwen/Qwen3-8B,MMLU_selected_subjects,"Davidson_County,_North_Carolina",chara,0.555,28
2025-12-05 10:15:48,Qwen/Qwen3-8B,MMLU_selected_subjects,Saigo_no_Yūransen,clean,0.593,28
2025-12-05 10:19:42,Qwen/Qwen3-8B,MMLU_selected_subjects,Davon_House,clean,0.569,28
2025-12-05 10:20:28,Qwen/Qwen3-8B,MMLU_selected_subjects,Saigo_no_Yūransen,meani,0.633,28
2025-12-05 10:24:31,Qwen/Qwen3-8B,MMLU_selected_subjects,Davon_House,meani,0.598,28
2025-12-05 10:25:13,Qwen/Qwen3-8B,MMLU_selected_subjects,Saigo_no_Yūransen,wordd,0.604,28
2025-12-05 10:29:22,Qwen/Qwen3-8B,MMLU_selected_subjects,Davon_House,wordd,0.602,28
2025-12-05 10:30:05,Qwen/Qwen3-8B,MMLU_selected_subjects,Saigo_no_Yūransen,chara,0.529,28
2025-12-05 10:34:34,Qwen/Qwen3-8B,MMLU_selected_subjects,Davon_House,chara,0.549,28
2025-12-05 10:34:55,Qwen/Qwen3-8B,MMLU_selected_subjects,Saint-Louis-class_cruiser,clean,0.603,28
2025-12-05 10:39:39,Qwen/Qwen3-8B,MMLU_selected_subjects,Davou_Zang,clean,0.572,28
2025-12-05 10:39:51,Qwen/Qwen3-8B,MMLU_selected_subjects,Saint-Louis-class_cruiser,meani,0.605,28
2025-12-05 10:44:37,Qwen/Qwen3-8B,MMLU_selected_subjects,Saint-Louis-class_cruiser,wordd,0.592,28
2025-12-05 10:44:47,Qwen/Qwen3-8B,MMLU_selected_subjects,Davou_Zang,meani,0.573,28
2025-12-05 10:49:52,Qwen/Qwen3-8B,MMLU_selected_subjects,Davou_Zang,wordd,0.595,28
2025-12-05 10:50:03,Qwen/Qwen3-8B,MMLU_selected_subjects,Saint-Louis-class_cruiser,chara,0.544,28
2025-12-05 10:54:39,Qwen/Qwen3-8B,MMLU_selected_subjects,Saint_Mary-of-the-Woods_College,clean,0.550,28
2025-12-05 10:55:31,Qwen/Qwen3-8B,MMLU_selected_subjects,Davou_Zang,chara,0.551,28
2025-12-05 10:59:11,Qwen/Qwen3-8B,MMLU_selected_subjects,Saint_Mary-of-the-Woods_College,meani,0.584,28
2025-12-05 11:00:07,Qwen/Qwen3-8B,MMLU_selected_subjects,Dedekind–Kummer_theorem,clean,0.575,28
2025-12-05 11:03:45,Qwen/Qwen3-8B,MMLU_selected_subjects,Saint_Mary-of-the-Woods_College,wordd,0.592,28
2025-12-05 11:04:43,Qwen/Qwen3-8B,MMLU_selected_subjects,Dedekind–Kummer_theorem,meani,0.582,28
2025-12-05 11:08:41,Qwen/Qwen3-8B,MMLU_selected_subjects,Saint_Mary-of-the-Woods_College,chara,0.535,28
2025-12-05 11:09:19,Qwen/Qwen3-8B,MMLU_selected_subjects,Dedekind–Kummer_theorem,wordd,0.574,28
2025-12-05 11:13:44,Qwen/Qwen3-8B,MMLU_selected_subjects,Sainte-Barbe_Coal_Mine,clean,0.589,28
2025-12-05 11:14:15,Qwen/Qwen3-8B,MMLU_selected_subjects,Dedekind–Kummer_theorem,chara,0.578,28
2025-12-05 11:18:46,Qwen/Qwen3-8B,MMLU_selected_subjects,Sainte-Barbe_Coal_Mine,meani,0.594,28
2025-12-05 11:19:01,Qwen/Qwen3-8B,MMLU_selected_subjects,Deepchill_Technologies_Inc.,clean,0.578,28
2025-12-05 11:23:41,Qwen/Qwen3-8B,MMLU_selected_subjects,Deepchill_Technologies_Inc.,meani,0.609,28
2025-12-05 11:23:56,Qwen/Qwen3-8B,MMLU_selected_subjects,Sainte-Barbe_Coal_Mine,wordd,0.610,28
2025-12-05 11:28:23,Qwen/Qwen3-8B,MMLU_selected_subjects,Deepchill_Technologies_Inc.,wordd,0.604,28
2025-12-05 11:29:33,Qwen/Qwen3-8B,MMLU_selected_subjects,Sainte-Barbe_Coal_Mine,chara,0.537,28
2025-12-05 11:33:33,Qwen/Qwen3-8B,MMLU_selected_subjects,Deepchill_Technologies_Inc.,chara,0.539,28
2025-12-05 11:34:55,Qwen/Qwen3-8B,MMLU_selected_subjects,Salis_of_the_Maldives,clean,0.585,28
2025-12-05 11:38:16,Qwen/Qwen3-8B,MMLU_selected_subjects,"Dehabad,_Ardestan",clean,0.564,28
2025-12-05 11:40:14,Qwen/Qwen3-8B,MMLU_selected_subjects,Salis_of_the_Maldives,meani,0.615,28
2025-12-05 11:42:56,Qwen/Qwen3-8B,MMLU_selected_subjects,"Dehabad,_Ardestan",meani,0.594,28
2025-12-05 11:45:33,Qwen/Qwen3-8B,MMLU_selected_subjects,Salis_of_the_Maldives,wordd,0.614,28
2025-12-05 11:47:36,Qwen/Qwen3-8B,MMLU_selected_subjects,"Dehabad,_Ardestan",wordd,0.601,28
2025-12-05 11:51:22,Qwen/Qwen3-8B,MMLU_selected_subjects,Salis_of_the_Maldives,chara,0.555,28
2025-12-05 11:52:26,Qwen/Qwen3-8B,MMLU_selected_subjects,"Dehabad,_Ardestan",chara,0.497,28
2025-12-05 11:56:16,Qwen/Qwen3-8B,MMLU_selected_subjects,Saltash_United_F.C.,clean,0.561,28
2025-12-05 11:57:10,Qwen/Qwen3-8B,MMLU_selected_subjects,Delano_Hollis,clean,0.486,28
2025-12-05 12:01:08,Qwen/Qwen3-8B,MMLU_selected_subjects,Saltash_United_F.C.,meani,0.581,28
2025-12-05 12:01:55,Qwen/Qwen3-8B,MMLU_selected_subjects,Delano_Hollis,meani,0.593,28
2025-12-05 12:05:58,Qwen/Qwen3-8B,MMLU_selected_subjects,Saltash_United_F.C.,wordd,0.589,28
2025-12-05 12:06:34,Qwen/Qwen3-8B,MMLU_selected_subjects,Delano_Hollis,wordd,0.556,28
2025-12-05 12:11:15,Qwen/Qwen3-8B,MMLU_selected_subjects,Saltash_United_F.C.,chara,0.507,28
2025-12-05 12:11:35,Qwen/Qwen3-8B,MMLU_selected_subjects,Delano_Hollis,chara,0.577,28
2025-12-05 12:15:56,Qwen/Qwen3-8B,MMLU_selected_subjects,"Samoset,_Florida",clean,0.575,28
2025-12-05 12:16:17,Qwen/Qwen3-8B,MMLU_selected_subjects,Dellar_(surname),clean,0.562,28
2025-12-05 12:20:30,Qwen/Qwen3-8B,MMLU_selected_subjects,"Samoset,_Florida",meani,0.590,28
2025-12-05 12:21:19,Qwen/Qwen3-8B,MMLU_selected_subjects,Dellar_(surname),meani,0.557,28
2025-12-05 12:25:03,Qwen/Qwen3-8B,MMLU_selected_subjects,"Samoset,_Florida",wordd,0.616,28
2025-12-05 12:26:02,Qwen/Qwen3-8B,MMLU_selected_subjects,Dellar_(surname),wordd,0.579,28
2025-12-05 12:29:48,Qwen/Qwen3-8B,MMLU_selected_subjects,"Samoset,_Florida",chara,0.566,28
2025-12-05 12:31:12,Qwen/Qwen3-8B,MMLU_selected_subjects,Dellar_(surname),chara,0.528,28
2025-12-05 12:34:58,Qwen/Qwen3-8B,MMLU_selected_subjects,Sancho_Ordóñez_(count),clean,0.565,28
2025-12-05 12:35:48,Qwen/Qwen3-8B,MMLU_selected_subjects,Deportivo_Nuevo_Chimalhuacán,clean,0.541,28
2025-12-05 12:39:51,Qwen/Qwen3-8B,MMLU_selected_subjects,Sancho_Ordóñez_(count),meani,0.598,28
2025-12-05 12:40:28,Qwen/Qwen3-8B,MMLU_selected_subjects,Deportivo_Nuevo_Chimalhuacán,meani,0.571,28
2025-12-05 12:44:43,Qwen/Qwen3-8B,MMLU_selected_subjects,Sancho_Ordóñez_(count),wordd,0.608,28
2025-12-05 12:44:59,Qwen/Qwen3-8B,MMLU_selected_subjects,Deportivo_Nuevo_Chimalhuacán,wordd,0.587,28
2025-12-05 12:49:41,Qwen/Qwen3-8B,MMLU_selected_subjects,Deportivo_Nuevo_Chimalhuacán,chara,0.561,28
2025-12-05 12:50:04,Qwen/Qwen3-8B,MMLU_selected_subjects,Sancho_Ordóñez_(count),chara,0.567,28
2025-12-05 12:54:34,Qwen/Qwen3-8B,MMLU_selected_subjects,Design_methods,clean,0.552,28
2025-12-05 12:54:46,Qwen/Qwen3-8B,MMLU_selected_subjects,"Santa_Flora,_district_of_Santa_Maria",clean,0.553,28
2025-12-05 12:59:26,Qwen/Qwen3-8B,MMLU_selected_subjects,"Santa_Flora,_district_of_Santa_Maria",meani,0.583,28
2025-12-05 12:59:29,Qwen/Qwen3-8B,MMLU_selected_subjects,Design_methods,meani,0.577,28
2025-12-05 13:04:14,Qwen/Qwen3-8B,MMLU_selected_subjects,"Santa_Flora,_district_of_Santa_Maria",wordd,0.580,28
2025-12-05 13:04:22,Qwen/Qwen3-8B,MMLU_selected_subjects,Design_methods,wordd,0.553,28
2025-12-05 13:09:20,Qwen/Qwen3-8B,MMLU_selected_subjects,"Santa_Flora,_district_of_Santa_Maria",chara,0.531,28
2025-12-05 13:09:58,Qwen/Qwen3-8B,MMLU_selected_subjects,Design_methods,chara,0.536,28
2025-12-05 13:14:00,Qwen/Qwen3-8B,MMLU_selected_subjects,Sarah_Bogle,clean,0.507,28
2025-12-05 13:14:44,Qwen/Qwen3-8B,MMLU_selected_subjects,Desolación_Island,clean,0.557,28
2025-12-05 13:18:39,Qwen/Qwen3-8B,MMLU_selected_subjects,Sarah_Bogle,meani,0.565,28
2025-12-05 13:19:30,Qwen/Qwen3-8B,MMLU_selected_subjects,Desolación_Island,meani,0.599,28
2025-12-05 13:23:20,Qwen/Qwen3-8B,MMLU_selected_subjects,Sarah_Bogle,wordd,0.581,28
2025-12-05 13:24:15,Qwen/Qwen3-8B,MMLU_selected_subjects,Desolación_Island,wordd,0.606,28
2025-12-05 13:28:31,Qwen/Qwen3-8B,MMLU_selected_subjects,Sarah_Bogle,chara,0.529,28
2025-12-05 13:29:15,Qwen/Qwen3-8B,MMLU_selected_subjects,Desolación_Island,chara,0.537,28
2025-12-05 13:33:09,Qwen/Qwen3-8B,MMLU_selected_subjects,Sarah_Nouwen,clean,0.484,28
2025-12-05 13:34:13,Qwen/Qwen3-8B,MMLU_selected_subjects,Dick_Beechner,clean,0.572,28
2025-12-05 13:37:47,Qwen/Qwen3-8B,MMLU_selected_subjects,Sarah_Nouwen,meani,0.545,28
2025-12-05 13:39:10,Qwen/Qwen3-8B,MMLU_selected_subjects,Dick_Beechner,meani,0.586,28
2025-12-05 13:42:20,Qwen/Qwen3-8B,MMLU_selected_subjects,Sarah_Nouwen,wordd,0.542,28
2025-12-05 13:44:06,Qwen/Qwen3-8B,MMLU_selected_subjects,Dick_Beechner,wordd,0.594,28
2025-12-05 13:47:44,Qwen/Qwen3-8B,MMLU_selected_subjects,Sarah_Nouwen,chara,0.523,28
2025-12-05 13:49:36,Qwen/Qwen3-8B,MMLU_selected_subjects,Dick_Beechner,chara,0.522,28
2025-12-05 13:52:45,Qwen/Qwen3-8B,MMLU_selected_subjects,Sarah_Smuts-Kennedy,clean,0.582,28
2025-12-05 13:54:21,Qwen/Qwen3-8B,MMLU_selected_subjects,Dikhuiyeh,clean,0.574,28
2025-12-05 13:57:46,Qwen/Qwen3-8B,MMLU_selected_subjects,Sarah_Smuts-Kennedy,meani,0.611,28
2025-12-05 13:59:10,Qwen/Qwen3-8B,MMLU_selected_subjects,Dikhuiyeh,meani,0.603,28
2025-12-05 14:02:46,Qwen/Qwen3-8B,MMLU_selected_subjects,Sarah_Smuts-Kennedy,wordd,0.587,28
2025-12-05 14:03:57,Qwen/Qwen3-8B,MMLU_selected_subjects,Dikhuiyeh,wordd,0.600,28
2025-12-05 14:08:18,Qwen/Qwen3-8B,MMLU_selected_subjects,Sarah_Smuts-Kennedy,chara,0.529,28
2025-12-05 14:08:55,Qwen/Qwen3-8B,MMLU_selected_subjects,Dikhuiyeh,chara,0.566,28
2025-12-05 14:12:52,Qwen/Qwen3-8B,MMLU_selected_subjects,Saray-Chekurcha,clean,0.549,28
2025-12-05 14:13:43,Qwen/Qwen3-8B,MMLU_selected_subjects,Dime_Savings_Bank_of_New_York,clean,0.573,28
2025-12-05 14:17:31,Qwen/Qwen3-8B,MMLU_selected_subjects,Saray-Chekurcha,meani,0.567,28
2025-12-05 14:18:31,Qwen/Qwen3-8B,MMLU_selected_subjects,Dime_Savings_Bank_of_New_York,meani,0.610,28
2025-12-05 14:22:02,Qwen/Qwen3-8B,MMLU_selected_subjects,Saray-Chekurcha,wordd,0.564,28
2025-12-05 14:23:19,Qwen/Qwen3-8B,MMLU_selected_subjects,Dime_Savings_Bank_of_New_York,wordd,0.594,28
2025-12-05 14:26:43,Qwen/Qwen3-8B,MMLU_selected_subjects,Saray-Chekurcha,chara,0.519,28
2025-12-05 14:28:32,Qwen/Qwen3-8B,MMLU_selected_subjects,Dime_Savings_Bank_of_New_York,chara,0.527,28
2025-12-05 14:31:11,Qwen/Qwen3-8B,MMLU_selected_subjects,Sascha_Hommel,clean,0.526,28
2025-12-05 14:33:25,Qwen/Qwen3-8B,MMLU_selected_subjects,Diplolepis_nodulosa,clean,0.589,28
2025-12-05 14:35:40,Qwen/Qwen3-8B,MMLU_selected_subjects,Sascha_Hommel,meani,0.571,28
2025-12-05 14:38:16,Qwen/Qwen3-8B,MMLU_selected_subjects,Diplolepis_nodulosa,meani,0.608,28
2025-12-05 14:40:06,Qwen/Qwen3-8B,MMLU_selected_subjects,Sascha_Hommel,wordd,0.586,28
2025-12-05 14:43:04,Qwen/Qwen3-8B,MMLU_selected_subjects,Diplolepis_nodulosa,wordd,0.599,28
2025-12-05 14:44:47,Qwen/Qwen3-8B,MMLU_selected_subjects,Sascha_Hommel,chara,0.548,28
2025-12-05 14:48:07,Qwen/Qwen3-8B,MMLU_selected_subjects,Diplolepis_nodulosa,chara,0.512,28
2025-12-05 14:49:21,Qwen/Qwen3-8B,MMLU_selected_subjects,Sasthamangalam,clean,0.560,28
2025-12-05 14:52:49,Qwen/Qwen3-8B,MMLU_selected_subjects,Diósgyőr,clean,0.550,28
2025-12-05 14:53:55,Qwen/Qwen3-8B,MMLU_selected_subjects,Sasthamangalam,meani,0.584,28
2025-12-05 14:57:31,Qwen/Qwen3-8B,MMLU_selected_subjects,Diósgyőr,meani,0.588,28
2025-12-05 14:58:27,Qwen/Qwen3-8B,MMLU_selected_subjects,Sasthamangalam,wordd,0.558,28
2025-12-05 15:02:15,Qwen/Qwen3-8B,MMLU_selected_subjects,Diósgyőr,wordd,0.597,28
2025-12-05 15:03:18,Qwen/Qwen3-8B,MMLU_selected_subjects,Sasthamangalam,chara,0.542,28
2025-12-05 15:07:22,Qwen/Qwen3-8B,MMLU_selected_subjects,Diósgyőr,chara,0.580,28
2025-12-05 15:07:49,Qwen/Qwen3-8B,MMLU_selected_subjects,Sayed_Maqsood_Hashemi,clean,0.532,28
2025-12-05 15:12:06,Qwen/Qwen3-8B,MMLU_selected_subjects,Dodie_Bellamy,clean,0.512,28
2025-12-05 15:12:15,Qwen/Qwen3-8B,MMLU_selected_subjects,Sayed_Maqsood_Hashemi,meani,0.583,28
2025-12-05 15:16:40,Qwen/Qwen3-8B,MMLU_selected_subjects,Sayed_Maqsood_Hashemi,wordd,0.583,28
2025-12-05 15:16:51,Qwen/Qwen3-8B,MMLU_selected_subjects,Dodie_Bellamy,meani,0.593,28
2025-12-05 15:21:20,Qwen/Qwen3-8B,MMLU_selected_subjects,Sayed_Maqsood_Hashemi,chara,0.534,28
2025-12-05 15:21:37,Qwen/Qwen3-8B,MMLU_selected_subjects,Dodie_Bellamy,wordd,0.599,28
2025-12-05 15:26:15,Qwen/Qwen3-8B,MMLU_selected_subjects,Scenes_from_the_Saga_of_King_Olaf,clean,0.598,28
2025-12-05 15:26:50,Qwen/Qwen3-8B,MMLU_selected_subjects,Dodie_Bellamy,chara,0.537,28
2025-12-05 15:32:06,Qwen/Qwen3-8B,MMLU_selected_subjects,Scenes_from_the_Saga_of_King_Olaf,meani,0.579,28
2025-12-05 15:32:45,Qwen/Qwen3-8B,MMLU_selected_subjects,Donald_P._Bellisario,clean,0.545,28
2025-12-05 15:36:54,Qwen/Qwen3-8B,MMLU_selected_subjects,Scenes_from_the_Saga_of_King_Olaf,wordd,0.608,28
2025-12-05 15:37:38,Qwen/Qwen3-8B,MMLU_selected_subjects,Donald_P._Bellisario,meani,0.593,28
2025-12-05 15:42:26,Qwen/Qwen3-8B,MMLU_selected_subjects,Scenes_from_the_Saga_of_King_Olaf,chara,0.536,28
2025-12-05 15:42:44,Qwen/Qwen3-8B,MMLU_selected_subjects,Donald_P._Bellisario,wordd,0.619,28
2025-12-05 15:48:11,Qwen/Qwen3-8B,MMLU_selected_subjects,Schulthess,clean,0.547,28
2025-12-05 15:49:06,Qwen/Qwen3-8B,MMLU_selected_subjects,Donald_P._Bellisario,chara,0.566,28
2025-12-05 15:54:46,Qwen/Qwen3-8B,MMLU_selected_subjects,Schulthess,meani,0.567,28
2025-12-05 15:55:33,Qwen/Qwen3-8B,MMLU_selected_subjects,Donvetis_Franklin,clean,0.555,28
2025-12-05 16:00:59,Qwen/Qwen3-8B,MMLU_selected_subjects,Schulthess,wordd,0.576,28
2025-12-05 16:01:19,Qwen/Qwen3-8B,MMLU_selected_subjects,Donvetis_Franklin,meani,0.558,28
2025-12-05 16:06:01,Qwen/Qwen3-8B,MMLU_selected_subjects,Donvetis_Franklin,wordd,0.593,28
2025-12-05 16:06:08,Qwen/Qwen3-8B,MMLU_selected_subjects,Schulthess,chara,0.558,28
2025-12-05 16:10:51,Qwen/Qwen3-8B,MMLU_selected_subjects,Donvetis_Franklin,chara,0.538,28
2025-12-05 16:10:53,Qwen/Qwen3-8B,MMLU_selected_subjects,Schuyler_City_Hall,clean,0.564,28
2025-12-05 16:15:27,Qwen/Qwen3-8B,MMLU_selected_subjects,Schuyler_City_Hall,meani,0.593,28
2025-12-05 16:15:46,Qwen/Qwen3-8B,MMLU_selected_subjects,Dorje_Tseten,clean,0.564,28
2025-12-05 16:20:03,Qwen/Qwen3-8B,MMLU_selected_subjects,Schuyler_City_Hall,wordd,0.592,28
2025-12-05 16:20:46,Qwen/Qwen3-8B,MMLU_selected_subjects,Dorje_Tseten,meani,0.600,28
2025-12-05 16:25:03,Qwen/Qwen3-8B,MMLU_selected_subjects,Schuyler_City_Hall,chara,0.524,28
2025-12-05 16:25:41,Qwen/Qwen3-8B,MMLU_selected_subjects,Dorje_Tseten,wordd,0.576,28
2025-12-05 16:29:57,Qwen/Qwen3-8B,MMLU_selected_subjects,Science_and_technology_in_Nepal,clean,0.562,28
2025-12-05 16:30:52,Qwen/Qwen3-8B,MMLU_selected_subjects,Dorje_Tseten,chara,0.571,28
2025-12-05 16:34:48,Qwen/Qwen3-8B,MMLU_selected_subjects,Science_and_technology_in_Nepal,meani,0.576,28
2025-12-05 16:35:31,Qwen/Qwen3-8B,MMLU_selected_subjects,Dourin,clean,0.545,28
2025-12-05 16:39:30,Qwen/Qwen3-8B,MMLU_selected_subjects,Science_and_technology_in_Nepal,wordd,0.560,28
2025-12-05 16:40:15,Qwen/Qwen3-8B,MMLU_selected_subjects,Dourin,meani,0.577,28
2025-12-05 16:44:52,Qwen/Qwen3-8B,MMLU_selected_subjects,Science_and_technology_in_Nepal,chara,0.505,28
2025-12-05 16:44:53,Qwen/Qwen3-8B,MMLU_selected_subjects,Dourin,wordd,0.539,28
2025-12-05 16:49:31,Qwen/Qwen3-8B,MMLU_selected_subjects,Scott_Pembroke,clean,0.582,28
2025-12-05 16:49:45,Qwen/Qwen3-8B,MMLU_selected_subjects,Dourin,chara,0.533,28
2025-12-05 16:54:17,Qwen/Qwen3-8B,MMLU_selected_subjects,Scott_Pembroke,meani,0.580,28
2025-12-05 16:55:02,Qwen/Qwen3-8B,MMLU_selected_subjects,Duchsustus,clean,0.570,28
2025-12-05 16:59:08,Qwen/Qwen3-8B,MMLU_selected_subjects,Scott_Pembroke,wordd,0.583,28
2025-12-05 17:00:13,Qwen/Qwen3-8B,MMLU_selected_subjects,Duchsustus,meani,0.588,28
2025-12-05 17:04:12,Qwen/Qwen3-8B,MMLU_selected_subjects,Scott_Pembroke,chara,0.533,28
2025-12-05 17:05:28,Qwen/Qwen3-8B,MMLU_selected_subjects,Duchsustus,wordd,0.585,28
2025-12-05 17:08:57,Qwen/Qwen3-8B,MMLU_selected_subjects,Screen_filter,clean,0.561,28
2025-12-05 17:11:12,Qwen/Qwen3-8B,MMLU_selected_subjects,Duchsustus,chara,0.555,28
2025-12-05 17:13:36,Qwen/Qwen3-8B,MMLU_selected_subjects,Screen_filter,meani,0.575,28
2025-12-05 17:15:58,Qwen/Qwen3-8B,MMLU_selected_subjects,Dumisani_Dakile,clean,0.534,28
2025-12-05 17:18:15,Qwen/Qwen3-8B,MMLU_selected_subjects,Screen_filter,wordd,0.562,28
2025-12-05 17:20:43,Qwen/Qwen3-8B,MMLU_selected_subjects,Dumisani_Dakile,meani,0.599,28
2025-12-05 17:23:48,Qwen/Qwen3-8B,MMLU_selected_subjects,Screen_filter,chara,0.517,28
2025-12-05 17:26:01,Qwen/Qwen3-8B,MMLU_selected_subjects,Dumisani_Dakile,wordd,0.599,28
2025-12-05 17:29:27,Qwen/Qwen3-8B,MMLU_selected_subjects,Scytalone_dehydratase,clean,0.559,28
2025-12-05 17:31:48,Qwen/Qwen3-8B,MMLU_selected_subjects,Dumisani_Dakile,chara,0.558,28
2025-12-05 17:35:07,Qwen/Qwen3-8B,MMLU_selected_subjects,Scytalone_dehydratase,meani,0.560,28
2025-12-05 17:37:00,Qwen/Qwen3-8B,MMLU_selected_subjects,Dębce,clean,0.563,28
2025-12-05 17:40:15,Qwen/Qwen3-8B,MMLU_selected_subjects,Scytalone_dehydratase,wordd,0.613,28
2025-12-05 17:41:37,Qwen/Qwen3-8B,MMLU_selected_subjects,Dębce,meani,0.592,28
2025-12-05 17:45:36,Qwen/Qwen3-8B,MMLU_selected_subjects,Scytalone_dehydratase,chara,0.560,28
2025-12-05 17:46:24,Qwen/Qwen3-8B,MMLU_selected_subjects,Dębce,wordd,0.591,28
2025-12-05 17:50:52,Qwen/Qwen3-8B,MMLU_selected_subjects,Sea-griffin,clean,0.585,28
2025-12-05 17:51:53,Qwen/Qwen3-8B,MMLU_selected_subjects,Dębce,chara,0.527,28
2025-12-05 17:56:10,Qwen/Qwen3-8B,MMLU_selected_subjects,Sea-griffin,meani,0.594,28
2025-12-05 17:57:19,Qwen/Qwen3-8B,MMLU_selected_subjects,E.C._Mullendore_III,clean,0.585,28
2025-12-05 18:01:16,Qwen/Qwen3-8B,MMLU_selected_subjects,Sea-griffin,wordd,0.577,28
2025-12-05 18:02:19,Qwen/Qwen3-8B,MMLU_selected_subjects,E.C._Mullendore_III,meani,0.615,28
2025-12-05 18:05:59,Qwen/Qwen3-8B,MMLU_selected_subjects,Sea-griffin,chara,0.548,28
2025-12-05 18:06:55,Qwen/Qwen3-8B,MMLU_selected_subjects,E.C._Mullendore_III,wordd,0.605,28
2025-12-05 18:10:40,Qwen/Qwen3-8B,MMLU_selected_subjects,Sean_McInerney,clean,0.537,28
2025-12-05 18:11:42,Qwen/Qwen3-8B,MMLU_selected_subjects,E.C._Mullendore_III,chara,0.580,28
2025-12-05 18:15:20,Qwen/Qwen3-8B,MMLU_selected_subjects,Sean_McInerney,meani,0.592,28
2025-12-05 18:16:19,Qwen/Qwen3-8B,MMLU_selected_subjects,E._Chandrasekharan_Nair,clean,0.547,28
2025-12-05 18:20:00,Qwen/Qwen3-8B,MMLU_selected_subjects,Sean_McInerney,wordd,0.572,28
2025-12-05 18:20:55,Qwen/Qwen3-8B,MMLU_selected_subjects,E._Chandrasekharan_Nair,meani,0.603,28
2025-12-05 18:25:07,Qwen/Qwen3-8B,MMLU_selected_subjects,Sean_McInerney,chara,0.566,28
2025-12-05 18:25:31,Qwen/Qwen3-8B,MMLU_selected_subjects,E._Chandrasekharan_Nair,wordd,0.600,28
2025-12-05 18:29:57,Qwen/Qwen3-8B,MMLU_selected_subjects,Seven_Days_(newspaper),clean,0.554,28
2025-12-05 18:30:25,Qwen/Qwen3-8B,MMLU_selected_subjects,E._Chandrasekharan_Nair,chara,0.543,28
2025-12-05 18:34:50,Qwen/Qwen3-8B,MMLU_selected_subjects,Seven_Days_(newspaper),meani,0.596,28
2025-12-05 18:35:25,Qwen/Qwen3-8B,MMLU_selected_subjects,East_India_House,clean,0.590,28
2025-12-05 18:39:36,Qwen/Qwen3-8B,MMLU_selected_subjects,Seven_Days_(newspaper),wordd,0.580,28
2025-12-05 18:40:21,Qwen/Qwen3-8B,MMLU_selected_subjects,East_India_House,meani,0.618,28
2025-12-05 18:44:57,Qwen/Qwen3-8B,MMLU_selected_subjects,Seven_Days_(newspaper),chara,0.525,28
2025-12-05 18:45:18,Qwen/Qwen3-8B,MMLU_selected_subjects,East_India_House,wordd,0.596,28
2025-12-05 18:49:36,Qwen/Qwen3-8B,MMLU_selected_subjects,Shandong_Vocational_College_of_Science_and_Technology,clean,0.548,28
2025-12-05 18:50:55,Qwen/Qwen3-8B,MMLU_selected_subjects,East_India_House,chara,0.516,28
2025-12-05 18:54:12,Qwen/Qwen3-8B,MMLU_selected_subjects,Shandong_Vocational_College_of_Science_and_Technology,meani,0.592,28
2025-12-05 18:55:30,Qwen/Qwen3-8B,MMLU_selected_subjects,Ede_Czynk,clean,0.544,28
2025-12-05 18:58:48,Qwen/Qwen3-8B,MMLU_selected_subjects,Shandong_Vocational_College_of_Science_and_Technology,wordd,0.573,28
2025-12-05 19:00:06,Qwen/Qwen3-8B,MMLU_selected_subjects,Ede_Czynk,meani,0.532,28
2025-12-05 19:03:45,Qwen/Qwen3-8B,MMLU_selected_subjects,Shandong_Vocational_College_of_Science_and_Technology,chara,0.501,28
2025-12-05 19:04:41,Qwen/Qwen3-8B,MMLU_selected_subjects,Ede_Czynk,wordd,0.562,28
2025-12-05 19:08:46,Qwen/Qwen3-8B,MMLU_selected_subjects,Shantha_Abeysekara,clean,0.560,28
2025-12-05 19:09:29,Qwen/Qwen3-8B,MMLU_selected_subjects,Ede_Czynk,chara,0.547,28
2025-12-05 19:13:31,Qwen/Qwen3-8B,MMLU_selected_subjects,Shantha_Abeysekara,meani,0.589,28
2025-12-05 19:14:13,Qwen/Qwen3-8B,MMLU_selected_subjects,Edith_Lewis,clean,0.580,28
2025-12-05 19:18:24,Qwen/Qwen3-8B,MMLU_selected_subjects,Shantha_Abeysekara,wordd,0.578,28
2025-12-05 19:18:57,Qwen/Qwen3-8B,MMLU_selected_subjects,Edith_Lewis,meani,0.614,28
2025-12-05 19:23:33,Qwen/Qwen3-8B,MMLU_selected_subjects,Shantha_Abeysekara,chara,0.528,28
2025-12-05 19:23:43,Qwen/Qwen3-8B,MMLU_selected_subjects,Edith_Lewis,wordd,0.574,28
2025-12-05 19:28:44,Qwen/Qwen3-8B,MMLU_selected_subjects,Shaolin_Temple_UK,clean,0.537,28
2025-12-05 19:28:49,Qwen/Qwen3-8B,MMLU_selected_subjects,Edith_Lewis,chara,0.531,28
2025-12-05 19:33:24,Qwen/Qwen3-8B,MMLU_selected_subjects,Edmund_Clerihew_Bentley,clean,0.572,28
2025-12-05 19:34:05,Qwen/Qwen3-8B,MMLU_selected_subjects,Shaolin_Temple_UK,meani,0.588,28
2025-12-05 19:37:58,Qwen/Qwen3-8B,MMLU_selected_subjects,Edmund_Clerihew_Bentley,meani,0.593,28
2025-12-05 19:39:18,Qwen/Qwen3-8B,MMLU_selected_subjects,Shaolin_Temple_UK,wordd,0.567,28
2025-12-05 19:42:34,Qwen/Qwen3-8B,MMLU_selected_subjects,Edmund_Clerihew_Bentley,wordd,0.585,28
2025-12-05 19:45:11,Qwen/Qwen3-8B,MMLU_selected_subjects,Shaolin_Temple_UK,chara,0.534,28
2025-12-05 19:47:23,Qwen/Qwen3-8B,MMLU_selected_subjects,Edmund_Clerihew_Bentley,chara,0.566,28
2025-12-05 19:49:54,Qwen/Qwen3-8B,MMLU_selected_subjects,Sharon_Fontaine-Ishpatao,clean,0.558,28
2025-12-05 19:52:19,Qwen/Qwen3-8B,MMLU_selected_subjects,Edward_Anhalt,clean,0.577,28
2025-12-05 19:54:35,Qwen/Qwen3-8B,MMLU_selected_subjects,Sharon_Fontaine-Ishpatao,meani,0.584,28
2025-12-05 19:57:15,Qwen/Qwen3-8B,MMLU_selected_subjects,Edward_Anhalt,meani,0.592,28
2025-12-05 19:59:17,Qwen/Qwen3-8B,MMLU_selected_subjects,Sharon_Fontaine-Ishpatao,wordd,0.590,28
2025-12-05 20:02:08,Qwen/Qwen3-8B,MMLU_selected_subjects,Edward_Anhalt,wordd,0.610,28
2025-12-05 20:04:18,Qwen/Qwen3-8B,MMLU_selected_subjects,Sharon_Fontaine-Ishpatao,chara,0.519,28
2025-12-05 20:07:34,Qwen/Qwen3-8B,MMLU_selected_subjects,Edward_Anhalt,chara,0.553,28
2025-12-05 20:09:02,Qwen/Qwen3-8B,MMLU_selected_subjects,Shashank_Verma,clean,0.563,28
2025-12-05 20:12:04,Qwen/Qwen3-8B,MMLU_selected_subjects,Edward_Wyndham_Harrington_Schenley,clean,0.550,28
2025-12-05 20:13:39,Qwen/Qwen3-8B,MMLU_selected_subjects,Shashank_Verma,meani,0.611,28
2025-12-05 20:16:35,Qwen/Qwen3-8B,MMLU_selected_subjects,Edward_Wyndham_Harrington_Schenley,meani,0.556,28
2025-12-05 20:18:18,Qwen/Qwen3-8B,MMLU_selected_subjects,Shashank_Verma,wordd,0.601,28
2025-12-05 20:21:06,Qwen/Qwen3-8B,MMLU_selected_subjects,Edward_Wyndham_Harrington_Schenley,wordd,0.582,28
2025-12-05 20:23:09,Qwen/Qwen3-8B,MMLU_selected_subjects,Shashank_Verma,chara,0.505,28
2025-12-05 20:25:50,Qwen/Qwen3-8B,MMLU_selected_subjects,Edward_Wyndham_Harrington_Schenley,chara,0.535,28
2025-12-05 20:28:10,Qwen/Qwen3-8B,MMLU_selected_subjects,Shawn_McLemore,clean,0.571,28
2025-12-05 20:30:32,Qwen/Qwen3-8B,MMLU_selected_subjects,El_amor_–_primera_parte,clean,0.584,28
2025-12-05 20:33:08,Qwen/Qwen3-8B,MMLU_selected_subjects,Shawn_McLemore,meani,0.589,28
2025-12-05 20:35:13,Qwen/Qwen3-8B,MMLU_selected_subjects,El_amor_–_primera_parte,meani,0.594,28
2025-12-05 20:38:08,Qwen/Qwen3-8B,MMLU_selected_subjects,Shawn_McLemore,wordd,0.602,28
2025-12-05 20:39:54,Qwen/Qwen3-8B,MMLU_selected_subjects,El_amor_–_primera_parte,wordd,0.599,28
2025-12-05 20:43:45,Qwen/Qwen3-8B,MMLU_selected_subjects,Shawn_McLemore,chara,0.532,28
2025-12-05 20:44:58,Qwen/Qwen3-8B,MMLU_selected_subjects,El_amor_–_primera_parte,chara,0.558,28
2025-12-05 20:48:23,Qwen/Qwen3-8B,MMLU_selected_subjects,Sheep_in_Space,clean,0.578,28
2025-12-05 20:49:58,Qwen/Qwen3-8B,MMLU_selected_subjects,Elchin,clean,0.535,28
2025-12-05 20:53:01,Qwen/Qwen3-8B,MMLU_selected_subjects,Sheep_in_Space,meani,0.608,28
2025-12-05 20:54:57,Qwen/Qwen3-8B,MMLU_selected_subjects,Elchin,meani,0.571,28
2025-12-05 20:57:42,Qwen/Qwen3-8B,MMLU_selected_subjects,Sheep_in_Space,wordd,0.603,28
2025-12-05 20:59:58,Qwen/Qwen3-8B,MMLU_selected_subjects,Elchin,wordd,0.559,28
2025-12-05 21:02:35,Qwen/Qwen3-8B,MMLU_selected_subjects,Sheep_in_Space,chara,0.538,28
2025-12-05 21:05:15,Qwen/Qwen3-8B,MMLU_selected_subjects,Elchin,chara,0.531,28
2025-12-05 21:07:42,Qwen/Qwen3-8B,MMLU_selected_subjects,Shenzhou_9,clean,0.542,28
2025-12-05 21:09:50,Qwen/Qwen3-8B,MMLU_selected_subjects,Electoral_districts_of_Mauritania,clean,0.564,28
2025-12-05 21:12:47,Qwen/Qwen3-8B,MMLU_selected_subjects,Shenzhou_9,meani,0.596,28
2025-12-05 21:14:23,Qwen/Qwen3-8B,MMLU_selected_subjects,Electoral_districts_of_Mauritania,meani,0.585,28
2025-12-05 21:17:49,Qwen/Qwen3-8B,MMLU_selected_subjects,Shenzhou_9,wordd,0.600,28
2025-12-05 21:18:56,Qwen/Qwen3-8B,MMLU_selected_subjects,Electoral_districts_of_Mauritania,wordd,0.566,28
2025-12-05 21:23:26,Qwen/Qwen3-8B,MMLU_selected_subjects,Shenzhou_9,chara,0.535,28
2025-12-05 21:23:48,Qwen/Qwen3-8B,MMLU_selected_subjects,Electoral_districts_of_Mauritania,chara,0.522,28
2025-12-05 21:28:01,Qwen/Qwen3-8B,MMLU_selected_subjects,Shire_of_Upper_Murray,clean,0.576,28
2025-12-05 21:28:23,Qwen/Qwen3-8B,MMLU_selected_subjects,Eliezer_Paul-Gindiri,clean,0.563,28
2025-12-05 21:32:36,Qwen/Qwen3-8B,MMLU_selected_subjects,Shire_of_Upper_Murray,meani,0.586,28
2025-12-05 21:32:58,Qwen/Qwen3-8B,MMLU_selected_subjects,Eliezer_Paul-Gindiri,meani,0.598,28
2025-12-05 21:37:16,Qwen/Qwen3-8B,MMLU_selected_subjects,Shire_of_Upper_Murray,wordd,0.597,28
2025-12-05 21:37:33,Qwen/Qwen3-8B,MMLU_selected_subjects,Eliezer_Paul-Gindiri,wordd,0.612,28
2025-12-05 21:42:09,Qwen/Qwen3-8B,MMLU_selected_subjects,Shire_of_Upper_Murray,chara,0.563,28
2025-12-05 21:42:25,Qwen/Qwen3-8B,MMLU_selected_subjects,Eliezer_Paul-Gindiri,chara,0.563,28
2025-12-05 21:46:50,Qwen/Qwen3-8B,MMLU_selected_subjects,Shraddha_Musale,clean,0.584,28
2025-12-05 21:46:57,Qwen/Qwen3-8B,MMLU_selected_subjects,Elissa_Tenny,clean,0.524,28
2025-12-05 21:51:30,Qwen/Qwen3-8B,MMLU_selected_subjects,Elissa_Tenny,meani,0.599,28
2025-12-05 21:51:32,Qwen/Qwen3-8B,MMLU_selected_subjects,Shraddha_Musale,meani,0.598,28
2025-12-05 21:56:01,Qwen/Qwen3-8B,MMLU_selected_subjects,Elissa_Tenny,wordd,0.592,28
2025-12-05 21:56:15,Qwen/Qwen3-8B,MMLU_selected_subjects,Shraddha_Musale,wordd,0.603,28
2025-12-05 22:00:45,Qwen/Qwen3-8B,MMLU_selected_subjects,Elissa_Tenny,chara,0.559,28
2025-12-05 22:01:09,Qwen/Qwen3-8B,MMLU_selected_subjects,Shraddha_Musale,chara,0.516,28
2025-12-05 22:05:17,Qwen/Qwen3-8B,MMLU_selected_subjects,Elizabeth_Ann_Brown,clean,0.559,28
2025-12-05 22:05:40,Qwen/Qwen3-8B,MMLU_selected_subjects,Shruti_Vora,clean,0.524,28
2025-12-05 22:09:50,Qwen/Qwen3-8B,MMLU_selected_subjects,Elizabeth_Ann_Brown,meani,0.578,28
2025-12-05 22:10:11,Qwen/Qwen3-8B,MMLU_selected_subjects,Shruti_Vora,meani,0.561,28
2025-12-05 22:14:22,Qwen/Qwen3-8B,MMLU_selected_subjects,Elizabeth_Ann_Brown,wordd,0.594,28
2025-12-05 22:14:49,Qwen/Qwen3-8B,MMLU_selected_subjects,Shruti_Vora,wordd,0.593,28
2025-12-05 22:19:08,Qwen/Qwen3-8B,MMLU_selected_subjects,Elizabeth_Ann_Brown,chara,0.568,28
2025-12-05 22:19:33,Qwen/Qwen3-8B,MMLU_selected_subjects,Shruti_Vora,chara,0.545,28
2025-12-05 22:23:56,Qwen/Qwen3-8B,MMLU_selected_subjects,Ellada_Eheis_Talento_season_1,clean,0.579,28
2025-12-05 22:24:15,Qwen/Qwen3-8B,MMLU_selected_subjects,Siege_Perilous,clean,0.578,28
2025-12-05 22:28:44,Qwen/Qwen3-8B,MMLU_selected_subjects,Ellada_Eheis_Talento_season_1,meani,0.594,28
2025-12-05 22:29:04,Qwen/Qwen3-8B,MMLU_selected_subjects,Siege_Perilous,meani,0.592,28
2025-12-05 22:33:30,Qwen/Qwen3-8B,MMLU_selected_subjects,Ellada_Eheis_Talento_season_1,wordd,0.595,28
2025-12-05 22:33:40,Qwen/Qwen3-8B,MMLU_selected_subjects,Siege_Perilous,wordd,0.584,28
2025-12-05 22:38:23,Qwen/Qwen3-8B,MMLU_selected_subjects,Siege_Perilous,chara,0.535,28
2025-12-05 22:38:40,Qwen/Qwen3-8B,MMLU_selected_subjects,Ellada_Eheis_Talento_season_1,chara,0.506,28
2025-12-05 22:42:59,Qwen/Qwen3-8B,MMLU_selected_subjects,Simon_Buckmaster,clean,0.542,28
2025-12-05 22:43:16,Qwen/Qwen3-8B,MMLU_selected_subjects,Emil_Richter,clean,0.546,28
2025-12-05 22:47:40,Qwen/Qwen3-8B,MMLU_selected_subjects,Simon_Buckmaster,meani,0.579,28
2025-12-05 22:47:51,Qwen/Qwen3-8B,MMLU_selected_subjects,Emil_Richter,meani,0.588,28
2025-12-05 22:52:13,Qwen/Qwen3-8B,MMLU_selected_subjects,Simon_Buckmaster,wordd,0.600,28
2025-12-05 22:52:27,Qwen/Qwen3-8B,MMLU_selected_subjects,Emil_Richter,wordd,0.590,28
2025-12-05 22:56:59,Qwen/Qwen3-8B,MMLU_selected_subjects,Simon_Buckmaster,chara,0.556,28
2025-12-05 22:57:18,Qwen/Qwen3-8B,MMLU_selected_subjects,Emil_Richter,chara,0.549,28
2025-12-05 23:01:23,Qwen/Qwen3-8B,MMLU_selected_subjects,Simon_Stringer,clean,0.517,28
2025-12-05 23:02:07,Qwen/Qwen3-8B,MMLU_selected_subjects,Emily_Diamond,clean,0.555,28
2025-12-05 23:05:51,Qwen/Qwen3-8B,MMLU_selected_subjects,Simon_Stringer,meani,0.548,28
2025-12-05 23:06:55,Qwen/Qwen3-8B,MMLU_selected_subjects,Emily_Diamond,meani,0.620,28
2025-12-05 23:10:17,Qwen/Qwen3-8B,MMLU_selected_subjects,Simon_Stringer,wordd,0.562,28
2025-12-05 23:11:45,Qwen/Qwen3-8B,MMLU_selected_subjects,Emily_Diamond,wordd,0.584,28
2025-12-05 23:14:57,Qwen/Qwen3-8B,MMLU_selected_subjects,Simon_Stringer,chara,0.542,28
2025-12-05 23:17:04,Qwen/Qwen3-8B,MMLU_selected_subjects,Emily_Diamond,chara,0.557,28
2025-12-05 23:19:54,Qwen/Qwen3-8B,MMLU_selected_subjects,Singapore_Expo,clean,0.572,28
2025-12-05 23:21:41,Qwen/Qwen3-8B,MMLU_selected_subjects,Emmanuel_Guillaume-Rey,clean,0.525,28
2025-12-05 23:24:50,Qwen/Qwen3-8B,MMLU_selected_subjects,Singapore_Expo,meani,0.560,28
2025-12-05 23:26:18,Qwen/Qwen3-8B,MMLU_selected_subjects,Emmanuel_Guillaume-Rey,meani,0.576,28
2025-12-05 23:29:46,Qwen/Qwen3-8B,MMLU_selected_subjects,Singapore_Expo,wordd,0.571,28
2025-12-05 23:30:55,Qwen/Qwen3-8B,MMLU_selected_subjects,Emmanuel_Guillaume-Rey,wordd,0.599,28
2025-12-05 23:35:23,Qwen/Qwen3-8B,MMLU_selected_subjects,Singapore_Expo,chara,0.526,28
2025-12-05 23:35:47,Qwen/Qwen3-8B,MMLU_selected_subjects,Emmanuel_Guillaume-Rey,chara,0.552,28
2025-12-05 23:40:11,Qwen/Qwen3-8B,MMLU_selected_subjects,Sippola,clean,0.562,28
2025-12-05 23:40:29,Qwen/Qwen3-8B,MMLU_selected_subjects,Endiandra_pubens,clean,0.571,28
2025-12-05 23:44:40,Qwen/Qwen3-8B,MMLU_selected_subjects,Sippola,meani,0.565,28
2025-12-05 23:45:09,Qwen/Qwen3-8B,MMLU_selected_subjects,Endiandra_pubens,meani,0.587,28
2025-12-05 23:49:22,Qwen/Qwen3-8B,MMLU_selected_subjects,Sippola,wordd,0.585,28
2025-12-05 23:49:50,Qwen/Qwen3-8B,MMLU_selected_subjects,Endiandra_pubens,wordd,0.582,28
2025-12-05 23:54:04,Qwen/Qwen3-8B,MMLU_selected_subjects,Sippola,chara,0.537,28
2025-12-05 23:54:58,Qwen/Qwen3-8B,MMLU_selected_subjects,Endiandra_pubens,chara,0.527,28
2025-12-05 23:58:41,Qwen/Qwen3-8B,MMLU_selected_subjects,Sirena_Segura,clean,0.553,28
2025-12-05 23:59:58,Qwen/Qwen3-8B,MMLU_selected_subjects,Engineer_boot,clean,0.509,28
2025-12-06 00:03:14,Qwen/Qwen3-8B,MMLU_selected_subjects,Sirena_Segura,meani,0.588,28
2025-12-06 00:04:56,Qwen/Qwen3-8B,MMLU_selected_subjects,Engineer_boot,meani,0.576,28
2025-12-06 00:07:48,Qwen/Qwen3-8B,MMLU_selected_subjects,Sirena_Segura,wordd,0.602,28
2025-12-06 00:09:55,Qwen/Qwen3-8B,MMLU_selected_subjects,Engineer_boot,wordd,0.553,28
2025-12-06 00:12:34,Qwen/Qwen3-8B,MMLU_selected_subjects,Sirena_Segura,chara,0.541,28
2025-12-06 00:15:39,Qwen/Qwen3-8B,MMLU_selected_subjects,Engineer_boot,chara,0.545,28
2025-12-06 00:17:28,Qwen/Qwen3-8B,MMLU_selected_subjects,Sixto_Paz_Wells,clean,0.531,28
2025-12-06 00:20:10,Qwen/Qwen3-8B,MMLU_selected_subjects,Eric_Bassey,clean,0.524,28
2025-12-06 00:22:25,Qwen/Qwen3-8B,MMLU_selected_subjects,Sixto_Paz_Wells,meani,0.575,28
2025-12-06 00:24:41,Qwen/Qwen3-8B,MMLU_selected_subjects,Eric_Bassey,meani,0.589,28
2025-12-06 00:27:19,Qwen/Qwen3-8B,MMLU_selected_subjects,Sixto_Paz_Wells,wordd,0.559,28
2025-12-06 00:29:11,Qwen/Qwen3-8B,MMLU_selected_subjects,Eric_Bassey,wordd,0.594,28
2025-12-06 00:32:58,Qwen/Qwen3-8B,MMLU_selected_subjects,Sixto_Paz_Wells,chara,0.539,28
2025-12-06 00:33:51,Qwen/Qwen3-8B,MMLU_selected_subjects,Eric_Bassey,chara,0.545,28
2025-12-06 00:37:53,Qwen/Qwen3-8B,MMLU_selected_subjects,Slab-O-Concrete,clean,0.582,28
2025-12-06 00:39:03,Qwen/Qwen3-8B,MMLU_selected_subjects,Ernst_Wulf,clean,0.570,28
2025-12-06 00:42:48,Qwen/Qwen3-8B,MMLU_selected_subjects,Slab-O-Concrete,meani,0.591,28
2025-12-06 00:44:13,Qwen/Qwen3-8B,MMLU_selected_subjects,Ernst_Wulf,meani,0.588,28
2025-12-06 00:47:42,Qwen/Qwen3-8B,MMLU_selected_subjects,Slab-O-Concrete,wordd,0.599,28
2025-12-06 00:49:24,Qwen/Qwen3-8B,MMLU_selected_subjects,Ernst_Wulf,wordd,0.572,28
2025-12-06 00:53:22,Qwen/Qwen3-8B,MMLU_selected_subjects,Slab-O-Concrete,chara,0.531,28
2025-12-06 00:55:24,Qwen/Qwen3-8B,MMLU_selected_subjects,Ernst_Wulf,chara,0.498,28
2025-12-06 00:58:03,Qwen/Qwen3-8B,MMLU_selected_subjects,Slovakia_at_the_2011_World_Championships_in_Athletics,clean,0.564,28
2025-12-06 01:00:05,Qwen/Qwen3-8B,MMLU_selected_subjects,Espinho_Branco,clean,0.580,28
2025-12-06 01:02:40,Qwen/Qwen3-8B,MMLU_selected_subjects,Slovakia_at_the_2011_World_Championships_in_Athletics,meani,0.594,28
2025-12-06 01:04:43,Qwen/Qwen3-8B,MMLU_selected_subjects,Espinho_Branco,meani,0.587,28
2025-12-06 01:07:18,Qwen/Qwen3-8B,MMLU_selected_subjects,Slovakia_at_the_2011_World_Championships_in_Athletics,wordd,0.583,28
2025-12-06 01:09:22,Qwen/Qwen3-8B,MMLU_selected_subjects,Espinho_Branco,wordd,0.582,28
2025-12-06 01:12:39,Qwen/Qwen3-8B,MMLU_selected_subjects,Slovakia_at_the_2011_World_Championships_in_Athletics,chara,0.535,28
2025-12-06 01:14:21,Qwen/Qwen3-8B,MMLU_selected_subjects,Espinho_Branco,chara,0.522,28
2025-12-06 01:17:09,Qwen/Qwen3-8B,MMLU_selected_subjects,Slow_Horses_(novel),clean,0.555,28
2025-12-06 01:19:04,Qwen/Qwen3-8B,MMLU_selected_subjects,Eurema_regularis,clean,0.570,28
2025-12-06 01:21:41,Qwen/Qwen3-8B,MMLU_selected_subjects,Slow_Horses_(novel),meani,0.594,28
2025-12-06 01:23:46,Qwen/Qwen3-8B,MMLU_selected_subjects,Eurema_regularis,meani,0.587,28
2025-12-06 01:26:12,Qwen/Qwen3-8B,MMLU_selected_subjects,Slow_Horses_(novel),wordd,0.601,28
2025-12-06 01:28:29,Qwen/Qwen3-8B,MMLU_selected_subjects,Eurema_regularis,wordd,0.584,28
2025-12-06 01:30:55,Qwen/Qwen3-8B,MMLU_selected_subjects,Slow_Horses_(novel),chara,0.540,28
2025-12-06 01:33:37,Qwen/Qwen3-8B,MMLU_selected_subjects,Eurema_regularis,chara,0.534,28
2025-12-06 01:35:46,Qwen/Qwen3-8B,MMLU_selected_subjects,Smiley's_People,clean,0.585,28
2025-12-06 01:38:17,Qwen/Qwen3-8B,MMLU_selected_subjects,Eurysops,clean,0.579,28
2025-12-06 01:40:36,Qwen/Qwen3-8B,MMLU_selected_subjects,Smiley's_People,meani,0.583,28
2025-12-06 01:42:56,Qwen/Qwen3-8B,MMLU_selected_subjects,Eurysops,meani,0.603,28
2025-12-06 01:45:28,Qwen/Qwen3-8B,MMLU_selected_subjects,Smiley's_People,wordd,0.567,28
2025-12-06 01:47:35,Qwen/Qwen3-8B,MMLU_selected_subjects,Eurysops,wordd,0.622,28
2025-12-06 01:50:51,Qwen/Qwen3-8B,MMLU_selected_subjects,Smiley's_People,chara,0.528,28
2025-12-06 01:52:22,Qwen/Qwen3-8B,MMLU_selected_subjects,Eurysops,chara,0.526,28
2025-12-06 01:55:22,Qwen/Qwen3-8B,MMLU_selected_subjects,Sneffels_Range,clean,0.554,28
2025-12-06 01:57:15,Qwen/Qwen3-8B,MMLU_selected_subjects,Evagrius_Scholasticus,clean,0.569,28
2025-12-06 01:59:52,Qwen/Qwen3-8B,MMLU_selected_subjects,Sneffels_Range,meani,0.589,28
2025-12-06 02:02:07,Qwen/Qwen3-8B,MMLU_selected_subjects,Evagrius_Scholasticus,meani,0.603,28
2025-12-06 02:04:22,Qwen/Qwen3-8B,MMLU_selected_subjects,Sneffels_Range,wordd,0.589,28
2025-12-06 02:07:00,Qwen/Qwen3-8B,MMLU_selected_subjects,Evagrius_Scholasticus,wordd,0.601,28
2025-12-06 02:09:03,Qwen/Qwen3-8B,MMLU_selected_subjects,Sneffels_Range,chara,0.545,28
2025-12-06 02:12:13,Qwen/Qwen3-8B,MMLU_selected_subjects,Evagrius_Scholasticus,chara,0.545,28
2025-12-06 02:13:52,Qwen/Qwen3-8B,MMLU_selected_subjects,Sobao,clean,0.576,28
2025-12-06 02:17:31,Qwen/Qwen3-8B,MMLU_selected_subjects,Evgenios_Aranitsis,clean,0.562,28
2025-12-06 02:18:38,Qwen/Qwen3-8B,MMLU_selected_subjects,Sobao,meani,0.579,28
2025-12-06 02:22:47,Qwen/Qwen3-8B,MMLU_selected_subjects,Evgenios_Aranitsis,meani,0.603,28
2025-12-06 02:23:25,Qwen/Qwen3-8B,MMLU_selected_subjects,Sobao,wordd,0.569,28
2025-12-06 02:28:05,Qwen/Qwen3-8B,MMLU_selected_subjects,Evgenios_Aranitsis,wordd,0.588,28
2025-12-06 02:28:38,Qwen/Qwen3-8B,MMLU_selected_subjects,Sobao,chara,0.558,28
2025-12-06 02:33:22,Qwen/Qwen3-8B,MMLU_selected_subjects,Socialist_Republican_Party_(Sudan),clean,0.579,28
2025-12-06 02:34:05,Qwen/Qwen3-8B,MMLU_selected_subjects,Evgenios_Aranitsis,chara,0.528,28
2025-12-06 02:38:07,Qwen/Qwen3-8B,MMLU_selected_subjects,Socialist_Republican_Party_(Sudan),meani,0.578,28
2025-12-06 02:38:43,Qwen/Qwen3-8B,MMLU_selected_subjects,Ewan_Jamieson,clean,0.511,28
2025-12-06 02:42:47,Qwen/Qwen3-8B,MMLU_selected_subjects,Socialist_Republican_Party_(Sudan),wordd,0.545,28
2025-12-06 02:43:20,Qwen/Qwen3-8B,MMLU_selected_subjects,Ewan_Jamieson,meani,0.572,28
2025-12-06 02:47:58,Qwen/Qwen3-8B,MMLU_selected_subjects,Ewan_Jamieson,wordd,0.600,28
2025-12-06 02:48:03,Qwen/Qwen3-8B,MMLU_selected_subjects,Socialist_Republican_Party_(Sudan),chara,0.513,28
2025-12-06 02:52:41,Qwen/Qwen3-8B,MMLU_selected_subjects,Society_of_Presidential_Descendants,clean,0.552,28
2025-12-06 02:52:44,Qwen/Qwen3-8B,MMLU_selected_subjects,Ewan_Jamieson,chara,0.541,28
2025-12-06 02:57:17,Qwen/Qwen3-8B,MMLU_selected_subjects,Society_of_Presidential_Descendants,meani,0.587,28
2025-12-06 02:57:45,Qwen/Qwen3-8B,MMLU_selected_subjects,Expedition_Robinson_1998,clean,0.606,28
2025-12-06 03:01:54,Qwen/Qwen3-8B,MMLU_selected_subjects,Society_of_Presidential_Descendants,wordd,0.597,28
2025-12-06 03:02:46,Qwen/Qwen3-8B,MMLU_selected_subjects,Expedition_Robinson_1998,meani,0.605,28
2025-12-06 03:06:57,Qwen/Qwen3-8B,MMLU_selected_subjects,Society_of_Presidential_Descendants,chara,0.520,28
2025-12-06 03:07:47,Qwen/Qwen3-8B,MMLU_selected_subjects,Expedition_Robinson_1998,wordd,0.600,28
2025-12-06 03:11:37,Qwen/Qwen3-8B,MMLU_selected_subjects,Société_Bancaire_du_Liban,clean,0.541,28
2025-12-06 03:13:31,Qwen/Qwen3-8B,MMLU_selected_subjects,Expedition_Robinson_1998,chara,0.535,28
2025-12-06 03:16:17,Qwen/Qwen3-8B,MMLU_selected_subjects,Société_Bancaire_du_Liban,meani,0.561,28
2025-12-06 03:18:14,Qwen/Qwen3-8B,MMLU_selected_subjects,Expo/Crenshaw_station,clean,0.584,28
2025-12-06 03:20:57,Qwen/Qwen3-8B,MMLU_selected_subjects,Société_Bancaire_du_Liban,wordd,0.575,28
2025-12-06 03:22:56,Qwen/Qwen3-8B,MMLU_selected_subjects,Expo/Crenshaw_station,meani,0.596,28
2025-12-06 03:25:57,Qwen/Qwen3-8B,MMLU_selected_subjects,Société_Bancaire_du_Liban,chara,0.495,28
2025-12-06 03:27:39,Qwen/Qwen3-8B,MMLU_selected_subjects,Expo/Crenshaw_station,wordd,0.579,28
2025-12-06 03:30:35,Qwen/Qwen3-8B,MMLU_selected_subjects,Sodium_ethoxide,clean,0.555,28
2025-12-06 03:32:49,Qwen/Qwen3-8B,MMLU_selected_subjects,Expo/Crenshaw_station,chara,0.547,28
2025-12-06 03:35:20,Qwen/Qwen3-8B,MMLU_selected_subjects,Sodium_ethoxide,meani,0.567,28
2025-12-06 03:37:25,Qwen/Qwen3-8B,MMLU_selected_subjects,FAM114A2,clean,0.568,28
2025-12-06 03:39:57,Qwen/Qwen3-8B,MMLU_selected_subjects,Sodium_ethoxide,wordd,0.559,28
2025-12-06 03:42:00,Qwen/Qwen3-8B,MMLU_selected_subjects,FAM114A2,meani,0.598,28
2025-12-06 03:44:51,Qwen/Qwen3-8B,MMLU_selected_subjects,Sodium_ethoxide,chara,0.531,28
2025-12-06 03:46:35,Qwen/Qwen3-8B,MMLU_selected_subjects,FAM114A2,wordd,0.612,28
2025-12-06 03:49:29,Qwen/Qwen3-8B,MMLU_selected_subjects,Solzhenitsyn_Aid_Fund,clean,0.560,28
2025-12-06 03:51:23,Qwen/Qwen3-8B,MMLU_selected_subjects,FAM114A2,chara,0.572,28
2025-12-06 03:54:08,Qwen/Qwen3-8B,MMLU_selected_subjects,Solzhenitsyn_Aid_Fund,meani,0.590,28
2025-12-06 03:56:04,Qwen/Qwen3-8B,MMLU_selected_subjects,Faisal_Ali_Hassan,clean,0.571,28
2025-12-06 03:58:46,Qwen/Qwen3-8B,MMLU_selected_subjects,Solzhenitsyn_Aid_Fund,wordd,0.561,28
2025-12-06 04:00:44,Qwen/Qwen3-8B,MMLU_selected_subjects,Faisal_Ali_Hassan,meani,0.591,28
2025-12-06 04:03:51,Qwen/Qwen3-8B,MMLU_selected_subjects,Solzhenitsyn_Aid_Fund,chara,0.518,28
2025-12-06 04:05:25,Qwen/Qwen3-8B,MMLU_selected_subjects,Faisal_Ali_Hassan,wordd,0.598,28
2025-12-06 04:08:54,Qwen/Qwen3-8B,MMLU_selected_subjects,Some_People_Change_(song),clean,0.574,28
2025-12-06 04:10:19,Qwen/Qwen3-8B,MMLU_selected_subjects,Faisal_Ali_Hassan,chara,0.568,28
2025-12-06 04:13:51,Qwen/Qwen3-8B,MMLU_selected_subjects,Some_People_Change_(song),meani,0.589,28
2025-12-06 04:14:57,Qwen/Qwen3-8B,MMLU_selected_subjects,Faruk_Wasif,clean,0.523,28
2025-12-06 04:18:45,Qwen/Qwen3-8B,MMLU_selected_subjects,Some_People_Change_(song),wordd,0.600,28
2025-12-06 04:19:35,Qwen/Qwen3-8B,MMLU_selected_subjects,Faruk_Wasif,meani,0.587,28
2025-12-06 04:24:14,Qwen/Qwen3-8B,MMLU_selected_subjects,Faruk_Wasif,wordd,0.600,28
2025-12-06 04:24:17,Qwen/Qwen3-8B,MMLU_selected_subjects,Some_People_Change_(song),chara,0.492,28
2025-12-06 04:29:11,Qwen/Qwen3-8B,MMLU_selected_subjects,Sommar_i_Sverige,clean,0.575,28
2025-12-06 04:29:16,Qwen/Qwen3-8B,MMLU_selected_subjects,Faruk_Wasif,chara,0.525,28
2025-12-06 04:34:02,Qwen/Qwen3-8B,MMLU_selected_subjects,Sommar_i_Sverige,meani,0.591,28
2025-12-06 04:34:05,Qwen/Qwen3-8B,MMLU_selected_subjects,Feng_Youlan,clean,0.540,28
2025-12-06 04:38:51,Qwen/Qwen3-8B,MMLU_selected_subjects,Feng_Youlan,meani,0.581,28
2025-12-06 04:38:52,Qwen/Qwen3-8B,MMLU_selected_subjects,Sommar_i_Sverige,wordd,0.594,28
2025-12-06 04:43:38,Qwen/Qwen3-8B,MMLU_selected_subjects,Feng_Youlan,wordd,0.572,28
2025-12-06 04:44:13,Qwen/Qwen3-8B,MMLU_selected_subjects,Sommar_i_Sverige,chara,0.568,28
2025-12-06 04:48:52,Qwen/Qwen3-8B,MMLU_selected_subjects,Sordariaceae,clean,0.570,28
2025-12-06 04:48:52,Qwen/Qwen3-8B,MMLU_selected_subjects,Feng_Youlan,chara,0.554,28
2025-12-06 04:53:25,Qwen/Qwen3-8B,MMLU_selected_subjects,Filippo_Juvarra,clean,0.549,28
2025-12-06 04:53:32,Qwen/Qwen3-8B,MMLU_selected_subjects,Sordariaceae,meani,0.575,28
2025-12-06 04:57:56,Qwen/Qwen3-8B,MMLU_selected_subjects,Filippo_Juvarra,meani,0.578,28
2025-12-06 04:58:20,Qwen/Qwen3-8B,MMLU_selected_subjects,Sordariaceae,wordd,0.553,28
2025-12-06 05:02:28,Qwen/Qwen3-8B,MMLU_selected_subjects,Filippo_Juvarra,wordd,0.568,28
2025-12-06 05:03:19,Qwen/Qwen3-8B,MMLU_selected_subjects,Sordariaceae,chara,0.517,28
2025-12-06 05:07:12,Qwen/Qwen3-8B,MMLU_selected_subjects,Filippo_Juvarra,chara,0.562,28
2025-12-06 05:08:18,Qwen/Qwen3-8B,MMLU_selected_subjects,South_Korea–United_Kingdom_relations,clean,0.580,28
2025-12-06 05:12:21,Qwen/Qwen3-8B,MMLU_selected_subjects,Fillgraderstiege,clean,0.563,28
2025-12-06 05:13:14,Qwen/Qwen3-8B,MMLU_selected_subjects,South_Korea–United_Kingdom_relations,meani,0.585,28
2025-12-06 05:17:27,Qwen/Qwen3-8B,MMLU_selected_subjects,Fillgraderstiege,meani,0.572,28
2025-12-06 05:18:07,Qwen/Qwen3-8B,MMLU_selected_subjects,South_Korea–United_Kingdom_relations,wordd,0.566,28
2025-12-06 05:22:34,Qwen/Qwen3-8B,MMLU_selected_subjects,Fillgraderstiege,wordd,0.576,28
2025-12-06 05:23:45,Qwen/Qwen3-8B,MMLU_selected_subjects,South_Korea–United_Kingdom_relations,chara,0.520,28
2025-12-06 05:28:14,Qwen/Qwen3-8B,MMLU_selected_subjects,Fillgraderstiege,chara,0.516,28
2025-12-06 05:28:36,Qwen/Qwen3-8B,MMLU_selected_subjects,South_Shore_Road_power_station,clean,0.569,28
2025-12-06 05:33:22,Qwen/Qwen3-8B,MMLU_selected_subjects,Finance_Federation_(France),clean,0.564,28
2025-12-06 05:33:23,Qwen/Qwen3-8B,MMLU_selected_subjects,South_Shore_Road_power_station,meani,0.588,28
2025-12-06 05:38:13,Qwen/Qwen3-8B,MMLU_selected_subjects,South_Shore_Road_power_station,wordd,0.571,28
2025-12-06 05:38:29,Qwen/Qwen3-8B,MMLU_selected_subjects,Finance_Federation_(France),meani,0.597,28
2025-12-06 05:43:36,Qwen/Qwen3-8B,MMLU_selected_subjects,Finance_Federation_(France),wordd,0.595,28
2025-12-06 05:43:37,Qwen/Qwen3-8B,MMLU_selected_subjects,South_Shore_Road_power_station,chara,0.540,28
2025-12-06 05:48:13,Qwen/Qwen3-8B,MMLU_selected_subjects,South_Sydney_Rabbitohs_competition_honours,clean,0.560,28
2025-12-06 05:49:25,Qwen/Qwen3-8B,MMLU_selected_subjects,Finance_Federation_(France),chara,0.551,28
2025-12-06 05:52:48,Qwen/Qwen3-8B,MMLU_selected_subjects,South_Sydney_Rabbitohs_competition_honours,meani,0.583,28
2025-12-06 05:54:15,Qwen/Qwen3-8B,MMLU_selected_subjects,First_Presbyterian_Church_of_Redmond,clean,0.578,28
2025-12-06 05:57:26,Qwen/Qwen3-8B,MMLU_selected_subjects,South_Sydney_Rabbitohs_competition_honours,wordd,0.593,28
2025-12-06 05:59:03,Qwen/Qwen3-8B,MMLU_selected_subjects,First_Presbyterian_Church_of_Redmond,meani,0.589,28
2025-12-06 06:02:52,Qwen/Qwen3-8B,MMLU_selected_subjects,South_Sydney_Rabbitohs_competition_honours,chara,0.551,28
2025-12-06 06:03:52,Qwen/Qwen3-8B,MMLU_selected_subjects,First_Presbyterian_Church_of_Redmond,wordd,0.575,28
2025-12-06 06:07:51,Qwen/Qwen3-8B,MMLU_selected_subjects,Southern_Championship,clean,0.598,28
2025-12-06 06:09:15,Qwen/Qwen3-8B,MMLU_selected_subjects,First_Presbyterian_Church_of_Redmond,chara,0.523,28
2025-12-06 06:12:44,Qwen/Qwen3-8B,MMLU_selected_subjects,Southern_Championship,meani,0.594,28
2025-12-06 06:14:19,Qwen/Qwen3-8B,MMLU_selected_subjects,Fits_and_Starts,clean,0.589,28
2025-12-06 06:17:36,Qwen/Qwen3-8B,MMLU_selected_subjects,Southern_Championship,wordd,0.590,28
2025-12-06 06:19:22,Qwen/Qwen3-8B,MMLU_selected_subjects,Fits_and_Starts,meani,0.592,28
2025-12-06 06:23:20,Qwen/Qwen3-8B,MMLU_selected_subjects,Southern_Championship,chara,0.554,28
2025-12-06 06:24:24,Qwen/Qwen3-8B,MMLU_selected_subjects,Fits_and_Starts,wordd,0.571,28
2025-12-06 06:28:17,Qwen/Qwen3-8B,MMLU_selected_subjects,Spatalistis_translineata,clean,0.572,28
2025-12-06 06:30:11,Qwen/Qwen3-8B,MMLU_selected_subjects,Fits_and_Starts,chara,0.546,28
2025-12-06 06:33:12,Qwen/Qwen3-8B,MMLU_selected_subjects,Spatalistis_translineata,meani,0.592,28
2025-12-06 06:34:44,Qwen/Qwen3-8B,MMLU_selected_subjects,Flag_of_Gran_Colombia,clean,0.578,28
2025-12-06 06:38:09,Qwen/Qwen3-8B,MMLU_selected_subjects,Spatalistis_translineata,wordd,0.558,28
2025-12-06 06:39:17,Qwen/Qwen3-8B,MMLU_selected_subjects,Flag_of_Gran_Colombia,meani,0.590,28
2025-12-06 06:43:34,Qwen/Qwen3-8B,MMLU_selected_subjects,Spatalistis_translineata,chara,0.551,28
2025-12-06 06:43:50,Qwen/Qwen3-8B,MMLU_selected_subjects,Flag_of_Gran_Colombia,wordd,0.582,28
2025-12-06 06:48:29,Qwen/Qwen3-8B,MMLU_selected_subjects,Sphecomorpha,clean,0.561,28
2025-12-06 06:48:44,Qwen/Qwen3-8B,MMLU_selected_subjects,Flag_of_Gran_Colombia,chara,0.539,28
2025-12-06 06:53:20,Qwen/Qwen3-8B,MMLU_selected_subjects,Flick_of_the_Wrist,clean,0.525,28
2025-12-06 06:53:23,Qwen/Qwen3-8B,MMLU_selected_subjects,Sphecomorpha,meani,0.593,28
2025-12-06 06:57:54,Qwen/Qwen3-8B,MMLU_selected_subjects,Flick_of_the_Wrist,meani,0.591,28
2025-12-06 06:58:16,Qwen/Qwen3-8B,MMLU_selected_subjects,Sphecomorpha,wordd,0.621,28
2025-12-06 07:02:28,Qwen/Qwen3-8B,MMLU_selected_subjects,Flick_of_the_Wrist,wordd,0.579,28
2025-12-06 07:03:19,Qwen/Qwen3-8B,MMLU_selected_subjects,Sphecomorpha,chara,0.549,28
2025-12-06 07:07:20,Qwen/Qwen3-8B,MMLU_selected_subjects,Flick_of_the_Wrist,chara,0.552,28
2025-12-06 07:07:58,Qwen/Qwen3-8B,MMLU_selected_subjects,Spinning_wheel,clean,0.511,28
2025-12-06 07:11:53,Qwen/Qwen3-8B,MMLU_selected_subjects,Florida_Atlantic_University_Library,clean,0.569,28
2025-12-06 07:12:26,Qwen/Qwen3-8B,MMLU_selected_subjects,Spinning_wheel,meani,0.575,28
2025-12-06 07:16:25,Qwen/Qwen3-8B,MMLU_selected_subjects,Florida_Atlantic_University_Library,meani,0.584,28
2025-12-06 07:16:55,Qwen/Qwen3-8B,MMLU_selected_subjects,Spinning_wheel,wordd,0.574,28
2025-12-06 07:20:58,Qwen/Qwen3-8B,MMLU_selected_subjects,Florida_Atlantic_University_Library,wordd,0.566,28
2025-12-06 07:21:47,Qwen/Qwen3-8B,MMLU_selected_subjects,Spinning_wheel,chara,0.550,28
2025-12-06 07:25:52,Qwen/Qwen3-8B,MMLU_selected_subjects,Florida_Atlantic_University_Library,chara,0.524,28
2025-12-06 07:26:50,Qwen/Qwen3-8B,MMLU_selected_subjects,Spirito_Santo_Banner,clean,0.600,28
2025-12-06 07:30:50,Qwen/Qwen3-8B,MMLU_selected_subjects,Flowers_in_the_Window,clean,0.606,28
2025-12-06 07:31:51,Qwen/Qwen3-8B,MMLU_selected_subjects,Spirito_Santo_Banner,meani,0.591,28
2025-12-06 07:35:45,Qwen/Qwen3-8B,MMLU_selected_subjects,Flowers_in_the_Window,meani,0.589,28
2025-12-06 07:36:52,Qwen/Qwen3-8B,MMLU_selected_subjects,Spirito_Santo_Banner,wordd,0.592,28
2025-12-06 07:40:42,Qwen/Qwen3-8B,MMLU_selected_subjects,Flowers_in_the_Window,wordd,0.590,28
2025-12-06 07:42:27,Qwen/Qwen3-8B,MMLU_selected_subjects,Spirito_Santo_Banner,chara,0.552,28
2025-12-06 07:46:17,Qwen/Qwen3-8B,MMLU_selected_subjects,Flowers_in_the_Window,chara,0.541,28
2025-12-06 07:46:55,Qwen/Qwen3-8B,MMLU_selected_subjects,Spring_Creek_Mountain,clean,0.580,28
2025-12-06 07:51:04,Qwen/Qwen3-8B,MMLU_selected_subjects,Footwork_FA16,clean,0.558,28
2025-12-06 07:51:25,Qwen/Qwen3-8B,MMLU_selected_subjects,Spring_Creek_Mountain,meani,0.586,28
2025-12-06 07:55:52,Qwen/Qwen3-8B,MMLU_selected_subjects,Footwork_FA16,meani,0.590,28
2025-12-06 07:55:54,Qwen/Qwen3-8B,MMLU_selected_subjects,Spring_Creek_Mountain,wordd,0.592,28
2025-12-06 08:00:33,Qwen/Qwen3-8B,MMLU_selected_subjects,Spring_Creek_Mountain,chara,0.533,28
2025-12-06 08:00:37,Qwen/Qwen3-8B,MMLU_selected_subjects,Footwork_FA16,wordd,0.601,28
2025-12-06 08:05:40,Qwen/Qwen3-8B,MMLU_selected_subjects,"St._Andrew's_Church,_Cologne",clean,0.585,28
2025-12-06 08:05:50,Qwen/Qwen3-8B,MMLU_selected_subjects,Footwork_FA16,chara,0.552,28
2025-12-06 08:10:35,Qwen/Qwen3-8B,MMLU_selected_subjects,"For_Now,_For_Always",clean,0.595,28
2025-12-06 08:10:42,Qwen/Qwen3-8B,MMLU_selected_subjects,"St._Andrew's_Church,_Cologne",meani,0.590,28
2025-12-06 08:15:19,Qwen/Qwen3-8B,MMLU_selected_subjects,"For_Now,_For_Always",meani,0.573,28
2025-12-06 08:15:43,Qwen/Qwen3-8B,MMLU_selected_subjects,"St._Andrew's_Church,_Cologne",wordd,0.591,28
2025-12-06 08:20:03,Qwen/Qwen3-8B,MMLU_selected_subjects,"For_Now,_For_Always",wordd,0.610,28
2025-12-06 08:21:22,Qwen/Qwen3-8B,MMLU_selected_subjects,"St._Andrew's_Church,_Cologne",chara,0.538,28
2025-12-06 08:25:12,Qwen/Qwen3-8B,MMLU_selected_subjects,"For_Now,_For_Always",chara,0.531,28
2025-12-06 08:26:02,Qwen/Qwen3-8B,MMLU_selected_subjects,St._Gallen_(Wahlkreis),clean,0.544,28
2025-12-06 08:30:04,Qwen/Qwen3-8B,MMLU_selected_subjects,Fortitude_(TV_series),clean,0.609,28
2025-12-06 08:30:44,Qwen/Qwen3-8B,MMLU_selected_subjects,St._Gallen_(Wahlkreis),meani,0.576,28
2025-12-06 08:34:55,Qwen/Qwen3-8B,MMLU_selected_subjects,Fortitude_(TV_series),meani,0.602,28
2025-12-06 08:35:23,Qwen/Qwen3-8B,MMLU_selected_subjects,St._Gallen_(Wahlkreis),wordd,0.577,28
2025-12-06 08:39:48,Qwen/Qwen3-8B,MMLU_selected_subjects,Fortitude_(TV_series),wordd,0.601,28
2025-12-06 08:40:13,Qwen/Qwen3-8B,MMLU_selected_subjects,St._Gallen_(Wahlkreis),chara,0.534,28
2025-12-06 08:45:13,Qwen/Qwen3-8B,MMLU_selected_subjects,Fortitude_(TV_series),chara,0.523,28
2025-12-06 08:45:16,Qwen/Qwen3-8B,MMLU_selected_subjects,"St_Boniface's_Church,_Papa_Westray",clean,0.572,28
2025-12-06 08:49:51,Qwen/Qwen3-8B,MMLU_selected_subjects,Four_Compositions_(1973),clean,0.592,28
2025-12-06 08:50:08,Qwen/Qwen3-8B,MMLU_selected_subjects,"St_Boniface's_Church,_Papa_Westray",meani,0.611,28
2025-12-06 08:54:28,Qwen/Qwen3-8B,MMLU_selected_subjects,Four_Compositions_(1973),meani,0.586,28
2025-12-06 08:55:00,Qwen/Qwen3-8B,MMLU_selected_subjects,"St_Boniface's_Church,_Papa_Westray",wordd,0.599,28
2025-12-06 08:59:05,Qwen/Qwen3-8B,MMLU_selected_subjects,Four_Compositions_(1973),wordd,0.613,28
2025-12-06 09:00:21,Qwen/Qwen3-8B,MMLU_selected_subjects,"St_Boniface's_Church,_Papa_Westray",chara,0.510,28
2025-12-06 09:03:59,Qwen/Qwen3-8B,MMLU_selected_subjects,Four_Compositions_(1973),chara,0.539,28
2025-12-06 09:04:55,Qwen/Qwen3-8B,MMLU_selected_subjects,"St_Mary's_Church,_Caldicot",clean,0.570,28
2025-12-06 09:08:40,Qwen/Qwen3-8B,MMLU_selected_subjects,Fractional_model,clean,0.589,28
2025-12-06 09:09:31,Qwen/Qwen3-8B,MMLU_selected_subjects,"St_Mary's_Church,_Caldicot",meani,0.620,28
2025-12-06 09:13:20,Qwen/Qwen3-8B,MMLU_selected_subjects,Fractional_model,meani,0.573,28
2025-12-06 09:14:03,Qwen/Qwen3-8B,MMLU_selected_subjects,"St_Mary's_Church,_Caldicot",wordd,0.579,28
2025-12-06 09:18:01,Qwen/Qwen3-8B,MMLU_selected_subjects,Fractional_model,wordd,0.561,28
2025-12-06 09:18:53,Qwen/Qwen3-8B,MMLU_selected_subjects,"St_Mary's_Church,_Caldicot",chara,0.511,28
2025-12-06 09:23:14,Qwen/Qwen3-8B,MMLU_selected_subjects,Fractional_model,chara,0.527,28
2025-12-06 09:23:55,Qwen/Qwen3-8B,MMLU_selected_subjects,"St_Michael_and_All_Angels_Church,_Kerry",clean,0.581,28
2025-12-06 09:27:51,Qwen/Qwen3-8B,MMLU_selected_subjects,Francis_Compton_(actor),clean,0.542,28
2025-12-06 09:29:00,Qwen/Qwen3-8B,MMLU_selected_subjects,"St_Michael_and_All_Angels_Church,_Kerry",meani,0.602,28
2025-12-06 09:32:26,Qwen/Qwen3-8B,MMLU_selected_subjects,Francis_Compton_(actor),meani,0.569,28
2025-12-06 09:34:03,Qwen/Qwen3-8B,MMLU_selected_subjects,"St_Michael_and_All_Angels_Church,_Kerry",wordd,0.600,28
2025-12-06 09:37:01,Qwen/Qwen3-8B,MMLU_selected_subjects,Francis_Compton_(actor),wordd,0.579,28
2025-12-06 09:39:44,Qwen/Qwen3-8B,MMLU_selected_subjects,"St_Michael_and_All_Angels_Church,_Kerry",chara,0.501,28
2025-12-06 09:41:55,Qwen/Qwen3-8B,MMLU_selected_subjects,Francis_Compton_(actor),chara,0.548,28
2025-12-06 09:44:22,Qwen/Qwen3-8B,MMLU_selected_subjects,Stefan_Schicker,clean,0.598,28
2025-12-06 09:46:54,Qwen/Qwen3-8B,MMLU_selected_subjects,Francisco_Bru,clean,0.576,28
2025-12-06 09:48:57,Qwen/Qwen3-8B,MMLU_selected_subjects,Stefan_Schicker,meani,0.585,28
2025-12-06 09:51:51,Qwen/Qwen3-8B,MMLU_selected_subjects,Francisco_Bru,meani,0.582,28
2025-12-06 09:53:34,Qwen/Qwen3-8B,MMLU_selected_subjects,Stefan_Schicker,wordd,0.617,28
2025-12-06 09:56:47,Qwen/Qwen3-8B,MMLU_selected_subjects,Francisco_Bru,wordd,0.583,28
2025-12-06 09:58:23,Qwen/Qwen3-8B,MMLU_selected_subjects,Stefan_Schicker,chara,0.561,28
2025-12-06 10:02:19,Qwen/Qwen3-8B,MMLU_selected_subjects,Francisco_Bru,chara,0.535,28
2025-12-06 10:02:50,Qwen/Qwen3-8B,MMLU_selected_subjects,Stephanie_Kuehn,clean,0.508,28
2025-12-06 10:07:17,Qwen/Qwen3-8B,MMLU_selected_subjects,Stephanie_Kuehn,meani,0.575,28
2025-12-06 10:07:27,Qwen/Qwen3-8B,MMLU_selected_subjects,Franco_Bounous,clean,0.575,28
2025-12-06 10:12:03,Qwen/Qwen3-8B,MMLU_selected_subjects,Stephanie_Kuehn,wordd,0.586,28
2025-12-06 10:12:33,Qwen/Qwen3-8B,MMLU_selected_subjects,Franco_Bounous,meani,0.566,28
2025-12-06 10:16:47,Qwen/Qwen3-8B,MMLU_selected_subjects,Stephanie_Kuehn,chara,0.546,28
2025-12-06 10:17:40,Qwen/Qwen3-8B,MMLU_selected_subjects,Franco_Bounous,wordd,0.576,28
2025-12-06 10:21:31,Qwen/Qwen3-8B,MMLU_selected_subjects,Stephen_Medcalf_(director),clean,0.522,28
2025-12-06 10:23:18,Qwen/Qwen3-8B,MMLU_selected_subjects,Franco_Bounous,chara,0.558,28
2025-12-06 10:26:05,Qwen/Qwen3-8B,MMLU_selected_subjects,Stephen_Medcalf_(director),meani,0.592,28
2025-12-06 10:27:48,Qwen/Qwen3-8B,MMLU_selected_subjects,"Frank,_Pomeranian_Voivodeship",clean,0.498,28
2025-12-06 10:30:41,Qwen/Qwen3-8B,MMLU_selected_subjects,Stephen_Medcalf_(director),wordd,0.588,28
2025-12-06 10:32:19,Qwen/Qwen3-8B,MMLU_selected_subjects,"Frank,_Pomeranian_Voivodeship",meani,0.560,28
2025-12-06 10:35:35,Qwen/Qwen3-8B,MMLU_selected_subjects,Stephen_Medcalf_(director),chara,0.547,28
2025-12-06 10:36:48,Qwen/Qwen3-8B,MMLU_selected_subjects,"Frank,_Pomeranian_Voivodeship",wordd,0.572,28
2025-12-06 10:40:19,Qwen/Qwen3-8B,MMLU_selected_subjects,Steve_Angel,clean,0.539,28
2025-12-06 10:41:31,Qwen/Qwen3-8B,MMLU_selected_subjects,"Frank,_Pomeranian_Voivodeship",chara,0.552,28
2025-12-06 10:44:58,Qwen/Qwen3-8B,MMLU_selected_subjects,Steve_Angel,meani,0.541,28
2025-12-06 10:46:10,Qwen/Qwen3-8B,MMLU_selected_subjects,Franz_Unterlechner,clean,0.558,28
2025-12-06 10:49:29,Qwen/Qwen3-8B,MMLU_selected_subjects,Steve_Angel,wordd,0.591,28
2025-12-06 10:50:47,Qwen/Qwen3-8B,MMLU_selected_subjects,Franz_Unterlechner,meani,0.603,28
2025-12-06 10:54:23,Qwen/Qwen3-8B,MMLU_selected_subjects,Steve_Angel,chara,0.539,28
2025-12-06 10:55:25,Qwen/Qwen3-8B,MMLU_selected_subjects,Franz_Unterlechner,wordd,0.587,28
2025-12-06 10:58:45,Qwen/Qwen3-8B,MMLU_selected_subjects,Steven_Sims,clean,0.497,28
2025-12-06 11:00:15,Qwen/Qwen3-8B,MMLU_selected_subjects,Franz_Unterlechner,chara,0.576,28
2025-12-06 11:03:26,Qwen/Qwen3-8B,MMLU_selected_subjects,Steven_Sims,meani,0.586,28
2025-12-06 11:05:13,Qwen/Qwen3-8B,MMLU_selected_subjects,Frederick_C._Franck,clean,0.562,28
2025-12-06 11:07:49,Qwen/Qwen3-8B,MMLU_selected_subjects,Steven_Sims,wordd,0.608,28
2025-12-06 11:10:10,Qwen/Qwen3-8B,MMLU_selected_subjects,Frederick_C._Franck,meani,0.581,28
2025-12-06 11:12:29,Qwen/Qwen3-8B,MMLU_selected_subjects,Steven_Sims,chara,0.566,28
2025-12-06 11:15:06,Qwen/Qwen3-8B,MMLU_selected_subjects,Frederick_C._Franck,wordd,0.592,28
2025-12-06 11:17:20,Qwen/Qwen3-8B,MMLU_selected_subjects,Stewart_House_(Australia),clean,0.565,28
2025-12-06 11:20:32,Qwen/Qwen3-8B,MMLU_selected_subjects,Frederick_C._Franck,chara,0.547,28
2025-12-06 11:22:33,Qwen/Qwen3-8B,MMLU_selected_subjects,Stewart_House_(Australia),meani,0.575,28
2025-12-06 11:25:42,Qwen/Qwen3-8B,MMLU_selected_subjects,Frederick_P._Thompson,clean,0.534,28
2025-12-06 11:27:23,Qwen/Qwen3-8B,MMLU_selected_subjects,Stewart_House_(Australia),wordd,0.587,28
2025-12-06 11:30:48,Qwen/Qwen3-8B,MMLU_selected_subjects,Frederick_P._Thompson,meani,0.592,28
2025-12-06 11:32:58,Qwen/Qwen3-8B,MMLU_selected_subjects,Stewart_House_(Australia),chara,0.562,28
2025-12-06 11:35:54,Qwen/Qwen3-8B,MMLU_selected_subjects,Frederick_P._Thompson,wordd,0.584,28
2025-12-06 11:37:30,Qwen/Qwen3-8B,MMLU_selected_subjects,Stonkers,clean,0.537,28
2025-12-06 11:41:50,Qwen/Qwen3-8B,MMLU_selected_subjects,Frederick_P._Thompson,chara,0.495,28
2025-12-06 11:41:58,Qwen/Qwen3-8B,MMLU_selected_subjects,Stonkers,meani,0.589,28
2025-12-06 11:46:40,Qwen/Qwen3-8B,MMLU_selected_subjects,Stonkers,wordd,0.576,28
2025-12-06 11:46:47,Qwen/Qwen3-8B,MMLU_selected_subjects,Frederickena,clean,0.565,28
2025-12-06 11:51:24,Qwen/Qwen3-8B,MMLU_selected_subjects,Stonkers,chara,0.552,28
2025-12-06 11:51:41,Qwen/Qwen3-8B,MMLU_selected_subjects,Frederickena,meani,0.585,28
2025-12-06 11:56:05,Qwen/Qwen3-8B,MMLU_selected_subjects,Straw_Hat_(film),clean,0.589,28
2025-12-06 11:56:35,Qwen/Qwen3-8B,MMLU_selected_subjects,Frederickena,wordd,0.591,28
2025-12-06 12:00:53,Qwen/Qwen3-8B,MMLU_selected_subjects,Straw_Hat_(film),meani,0.604,28
2025-12-06 12:01:59,Qwen/Qwen3-8B,MMLU_selected_subjects,Frederickena,chara,0.526,28
2025-12-06 12:05:49,Qwen/Qwen3-8B,MMLU_selected_subjects,Straw_Hat_(film),wordd,0.582,28
2025-12-06 12:07:10,Qwen/Qwen3-8B,MMLU_selected_subjects,Fredericton_Canadiens,clean,0.574,28
2025-12-06 12:10:42,Qwen/Qwen3-8B,MMLU_selected_subjects,Straw_Hat_(film),chara,0.537,28
2025-12-06 12:12:17,Qwen/Qwen3-8B,MMLU_selected_subjects,Fredericton_Canadiens,meani,0.596,28
2025-12-06 12:15:15,Qwen/Qwen3-8B,MMLU_selected_subjects,Subscription_(finance),clean,0.554,28
2025-12-06 12:17:27,Qwen/Qwen3-8B,MMLU_selected_subjects,Fredericton_Canadiens,wordd,0.584,28
2025-12-06 12:19:39,Qwen/Qwen3-8B,MMLU_selected_subjects,Subscription_(finance),meani,0.560,28
2025-12-06 12:23:16,Qwen/Qwen3-8B,MMLU_selected_subjects,Fredericton_Canadiens,chara,0.535,28
2025-12-06 12:24:06,Qwen/Qwen3-8B,MMLU_selected_subjects,Subscription_(finance),wordd,0.519,28
2025-12-06 12:28:01,Qwen/Qwen3-8B,MMLU_selected_subjects,Freedom_of_contract,clean,0.581,28
2025-12-06 12:28:43,Qwen/Qwen3-8B,MMLU_selected_subjects,Subscription_(finance),chara,0.529,28
2025-12-06 12:32:46,Qwen/Qwen3-8B,MMLU_selected_subjects,Freedom_of_contract,meani,0.582,28
2025-12-06 12:33:20,Qwen/Qwen3-8B,MMLU_selected_subjects,Sukran,clean,0.597,28
2025-12-06 12:37:32,Qwen/Qwen3-8B,MMLU_selected_subjects,Freedom_of_contract,wordd,0.591,28
2025-12-06 12:38:06,Qwen/Qwen3-8B,MMLU_selected_subjects,Sukran,meani,0.618,28
2025-12-06 12:43:01,Qwen/Qwen3-8B,MMLU_selected_subjects,Sukran,wordd,0.620,28
2025-12-06 12:43:02,Qwen/Qwen3-8B,MMLU_selected_subjects,Freedom_of_contract,chara,0.539,28
2025-12-06 12:47:35,Qwen/Qwen3-8B,MMLU_selected_subjects,French_ship_Friedland_(1810),clean,0.559,28
2025-12-06 12:47:59,Qwen/Qwen3-8B,MMLU_selected_subjects,Sukran,chara,0.555,28
2025-12-06 12:52:09,Qwen/Qwen3-8B,MMLU_selected_subjects,French_ship_Friedland_(1810),meani,0.598,28
2025-12-06 12:52:42,Qwen/Qwen3-8B,MMLU_selected_subjects,Summer_Evening_(painting),clean,0.540,28
2025-12-06 12:56:42,Qwen/Qwen3-8B,MMLU_selected_subjects,French_ship_Friedland_(1810),wordd,0.583,28
2025-12-06 12:57:21,Qwen/Qwen3-8B,MMLU_selected_subjects,Summer_Evening_(painting),meani,0.593,28
2025-12-06 13:01:23,Qwen/Qwen3-8B,MMLU_selected_subjects,French_ship_Friedland_(1810),chara,0.563,28
2025-12-06 13:01:56,Qwen/Qwen3-8B,MMLU_selected_subjects,Summer_Evening_(painting),wordd,0.588,28
2025-12-06 13:06:22,Qwen/Qwen3-8B,MMLU_selected_subjects,Futoshi_Nakanishi,clean,0.492,28
2025-12-06 13:06:46,Qwen/Qwen3-8B,MMLU_selected_subjects,Summer_Evening_(painting),chara,0.574,28
2025-12-06 13:11:20,Qwen/Qwen3-8B,MMLU_selected_subjects,Futoshi_Nakanishi,meani,0.577,28
2025-12-06 13:11:43,Qwen/Qwen3-8B,MMLU_selected_subjects,Sun_Ben,clean,0.552,28
2025-12-06 13:16:17,Qwen/Qwen3-8B,MMLU_selected_subjects,Futoshi_Nakanishi,wordd,0.587,28
2025-12-06 13:16:40,Qwen/Qwen3-8B,MMLU_selected_subjects,Sun_Ben,meani,0.606,28
2025-12-06 13:21:34,Qwen/Qwen3-8B,MMLU_selected_subjects,Sun_Ben,wordd,0.593,28
2025-12-06 13:21:36,Qwen/Qwen3-8B,MMLU_selected_subjects,Futoshi_Nakanishi,chara,0.485,28
2025-12-06 13:26:11,Qwen/Qwen3-8B,MMLU_selected_subjects,G0613_Xining–Lijiang_Expressway,clean,0.538,28
2025-12-06 13:26:54,Qwen/Qwen3-8B,MMLU_selected_subjects,Sun_Ben,chara,0.559,28
2025-12-06 13:30:45,Qwen/Qwen3-8B,MMLU_selected_subjects,G0613_Xining–Lijiang_Expressway,meani,0.589,28
2025-12-06 13:31:26,Qwen/Qwen3-8B,MMLU_selected_subjects,Sun_Guowen,clean,0.532,28
2025-12-06 13:35:19,Qwen/Qwen3-8B,MMLU_selected_subjects,G0613_Xining–Lijiang_Expressway,wordd,0.581,28
2025-12-06 13:35:59,Qwen/Qwen3-8B,MMLU_selected_subjects,Sun_Guowen,meani,0.600,28
2025-12-06 13:40:06,Qwen/Qwen3-8B,MMLU_selected_subjects,G0613_Xining–Lijiang_Expressway,chara,0.536,28
2025-12-06 13:40:37,Qwen/Qwen3-8B,MMLU_selected_subjects,Sun_Guowen,wordd,0.611,28
2025-12-06 13:45:02,Qwen/Qwen3-8B,MMLU_selected_subjects,GJ_3470_b,clean,0.570,28
2025-12-06 13:45:18,Qwen/Qwen3-8B,MMLU_selected_subjects,Sun_Guowen,chara,0.572,28
2025-12-06 13:49:56,Qwen/Qwen3-8B,MMLU_selected_subjects,GJ_3470_b,meani,0.597,28
2025-12-06 13:49:58,Qwen/Qwen3-8B,MMLU_selected_subjects,Sundance_National_Forest,clean,0.593,28
2025-12-06 13:54:36,Qwen/Qwen3-8B,MMLU_selected_subjects,Sundance_National_Forest,meani,0.610,28
2025-12-06 13:54:53,Qwen/Qwen3-8B,MMLU_selected_subjects,GJ_3470_b,wordd,0.594,28
2025-12-06 13:59:17,Qwen/Qwen3-8B,MMLU_selected_subjects,Sundance_National_Forest,wordd,0.593,28
2025-12-06 14:00:11,Qwen/Qwen3-8B,MMLU_selected_subjects,GJ_3470_b,chara,0.558,28
2025-12-06 14:04:44,Qwen/Qwen3-8B,MMLU_selected_subjects,Sundance_National_Forest,chara,0.553,28
2025-12-06 14:04:52,Qwen/Qwen3-8B,MMLU_selected_subjects,GNU_Manifesto,clean,0.557,28
2025-12-06 14:09:15,Qwen/Qwen3-8B,MMLU_selected_subjects,Supersound_Electronic_Products,clean,0.535,28
2025-12-06 14:09:32,Qwen/Qwen3-8B,MMLU_selected_subjects,GNU_Manifesto,meani,0.589,28
2025-12-06 14:13:50,Qwen/Qwen3-8B,MMLU_selected_subjects,Supersound_Electronic_Products,meani,0.571,28
2025-12-06 14:14:12,Qwen/Qwen3-8B,MMLU_selected_subjects,GNU_Manifesto,wordd,0.596,28
2025-12-06 14:18:21,Qwen/Qwen3-8B,MMLU_selected_subjects,Supersound_Electronic_Products,wordd,0.585,28
2025-12-06 14:19:20,Qwen/Qwen3-8B,MMLU_selected_subjects,GNU_Manifesto,chara,0.546,28
2025-12-06 14:23:08,Qwen/Qwen3-8B,MMLU_selected_subjects,Supersound_Electronic_Products,chara,0.546,28
2025-12-06 14:24:22,Qwen/Qwen3-8B,MMLU_selected_subjects,Gaayam,clean,0.616,28
2025-12-06 14:27:44,Qwen/Qwen3-8B,MMLU_selected_subjects,Suraiya_Khanum,clean,0.511,28
2025-12-06 14:29:20,Qwen/Qwen3-8B,MMLU_selected_subjects,Gaayam,meani,0.620,28
2025-12-06 14:32:11,Qwen/Qwen3-8B,MMLU_selected_subjects,Suraiya_Khanum,meani,0.573,28
2025-12-06 14:34:20,Qwen/Qwen3-8B,MMLU_selected_subjects,Gaayam,wordd,0.614,28
2025-12-06 14:36:39,Qwen/Qwen3-8B,MMLU_selected_subjects,Suraiya_Khanum,wordd,0.589,28
2025-12-06 14:39:46,Qwen/Qwen3-8B,MMLU_selected_subjects,Gaayam,chara,0.559,28
2025-12-06 14:41:28,Qwen/Qwen3-8B,MMLU_selected_subjects,Suraiya_Khanum,chara,0.538,28
2025-12-06 14:44:28,Qwen/Qwen3-8B,MMLU_selected_subjects,Gabrestan,clean,0.570,28
2025-12-06 14:46:00,Qwen/Qwen3-8B,MMLU_selected_subjects,Swedish_pétanque_championships,clean,0.520,28
2025-12-06 14:49:07,Qwen/Qwen3-8B,MMLU_selected_subjects,Gabrestan,meani,0.604,28
2025-12-06 14:50:33,Qwen/Qwen3-8B,MMLU_selected_subjects,Swedish_pétanque_championships,meani,0.573,28
2025-12-06 14:53:46,Qwen/Qwen3-8B,MMLU_selected_subjects,Gabrestan,wordd,0.584,28
2025-12-06 14:55:09,Qwen/Qwen3-8B,MMLU_selected_subjects,Swedish_pétanque_championships,wordd,0.576,28
2025-12-06 14:58:38,Qwen/Qwen3-8B,MMLU_selected_subjects,Gabrestan,chara,0.547,28
2025-12-06 14:59:57,Qwen/Qwen3-8B,MMLU_selected_subjects,Swedish_pétanque_championships,chara,0.561,28
2025-12-06 15:03:12,Qwen/Qwen3-8B,MMLU_selected_subjects,Gandangara,clean,0.566,28
2025-12-06 15:04:58,Qwen/Qwen3-8B,MMLU_selected_subjects,Sweet_Dreams_(1996_film),clean,0.575,28
2025-12-06 15:07:47,Qwen/Qwen3-8B,MMLU_selected_subjects,Gandangara,meani,0.584,28
2025-12-06 15:09:40,Qwen/Qwen3-8B,MMLU_selected_subjects,Sweet_Dreams_(1996_film),meani,0.579,28
2025-12-06 15:12:21,Qwen/Qwen3-8B,MMLU_selected_subjects,Gandangara,wordd,0.574,28
2025-12-06 15:14:16,Qwen/Qwen3-8B,MMLU_selected_subjects,Sweet_Dreams_(1996_film),wordd,0.589,28
2025-12-06 15:17:09,Qwen/Qwen3-8B,MMLU_selected_subjects,Gandangara,chara,0.531,28
2025-12-06 15:19:01,Qwen/Qwen3-8B,MMLU_selected_subjects,Sweet_Dreams_(1996_film),chara,0.546,28
2025-12-06 15:21:41,Qwen/Qwen3-8B,MMLU_selected_subjects,"Gary_Smith_(footballer,_born_1991)",clean,0.513,28
2025-12-06 15:23:53,Qwen/Qwen3-8B,MMLU_selected_subjects,Sérgio_Nascimento_de_Camargo,clean,0.569,28
2025-12-06 15:26:14,Qwen/Qwen3-8B,MMLU_selected_subjects,"Gary_Smith_(footballer,_born_1991)",meani,0.568,28
2025-12-06 15:28:48,Qwen/Qwen3-8B,MMLU_selected_subjects,Sérgio_Nascimento_de_Camargo,meani,0.596,28
2025-12-06 15:30:47,Qwen/Qwen3-8B,MMLU_selected_subjects,"Gary_Smith_(footballer,_born_1991)",wordd,0.607,28
2025-12-06 15:33:37,Qwen/Qwen3-8B,MMLU_selected_subjects,Sérgio_Nascimento_de_Camargo,wordd,0.588,28
2025-12-06 15:35:34,Qwen/Qwen3-8B,MMLU_selected_subjects,"Gary_Smith_(footballer,_born_1991)",chara,0.571,28
2025-12-06 15:38:53,Qwen/Qwen3-8B,MMLU_selected_subjects,Sérgio_Nascimento_de_Camargo,chara,0.543,28
2025-12-06 15:40:09,Qwen/Qwen3-8B,MMLU_selected_subjects,Gayella,clean,0.573,28
2025-12-06 15:43:32,Qwen/Qwen3-8B,MMLU_selected_subjects,T._J._DiLeo,clean,0.577,28
2025-12-06 15:44:44,Qwen/Qwen3-8B,MMLU_selected_subjects,Gayella,meani,0.586,28
2025-12-06 15:48:36,Qwen/Qwen3-8B,MMLU_selected_subjects,T._J._DiLeo,meani,0.622,28
2025-12-06 15:49:21,Qwen/Qwen3-8B,MMLU_selected_subjects,Gayella,wordd,0.561,28
2025-12-06 15:53:39,Qwen/Qwen3-8B,MMLU_selected_subjects,T._J._DiLeo,wordd,0.604,28
2025-12-06 15:54:11,Qwen/Qwen3-8B,MMLU_selected_subjects,Gayella,chara,0.509,28
2025-12-06 15:58:41,Qwen/Qwen3-8B,MMLU_selected_subjects,T._J._DiLeo,chara,0.555,28
2025-12-06 15:59:17,Qwen/Qwen3-8B,MMLU_selected_subjects,Gene_Dub,clean,0.561,28
2025-12-06 16:03:43,Qwen/Qwen3-8B,MMLU_selected_subjects,Taddeo_Alderotti,clean,0.546,28
2025-12-06 16:04:22,Qwen/Qwen3-8B,MMLU_selected_subjects,Gene_Dub,meani,0.593,28
2025-12-06 16:08:54,Qwen/Qwen3-8B,MMLU_selected_subjects,Taddeo_Alderotti,meani,0.577,28
2025-12-06 16:09:27,Qwen/Qwen3-8B,MMLU_selected_subjects,Gene_Dub,wordd,0.588,28
2025-12-06 16:13:54,Qwen/Qwen3-8B,MMLU_selected_subjects,Taddeo_Alderotti,wordd,0.558,28
2025-12-06 16:15:26,Qwen/Qwen3-8B,MMLU_selected_subjects,Gene_Dub,chara,0.521,28
2025-12-06 16:19:41,Qwen/Qwen3-8B,MMLU_selected_subjects,Taddeo_Alderotti,chara,0.551,28
2025-12-06 16:20:10,Qwen/Qwen3-8B,MMLU_selected_subjects,Gene_Pentz,clean,0.599,28
2025-12-06 16:24:10,Qwen/Qwen3-8B,MMLU_selected_subjects,Taekwondo_at_the_Pan_American_Games,clean,0.541,28
2025-12-06 16:24:54,Qwen/Qwen3-8B,MMLU_selected_subjects,Gene_Pentz,meani,0.609,28
2025-12-06 16:28:39,Qwen/Qwen3-8B,MMLU_selected_subjects,Taekwondo_at_the_Pan_American_Games,meani,0.577,28
2025-12-06 16:29:37,Qwen/Qwen3-8B,MMLU_selected_subjects,Gene_Pentz,wordd,0.587,28
2025-12-06 16:33:08,Qwen/Qwen3-8B,MMLU_selected_subjects,Taekwondo_at_the_Pan_American_Games,wordd,0.580,28
2025-12-06 16:34:44,Qwen/Qwen3-8B,MMLU_selected_subjects,Gene_Pentz,chara,0.554,28
2025-12-06 16:37:48,Qwen/Qwen3-8B,MMLU_selected_subjects,Taekwondo_at_the_Pan_American_Games,chara,0.560,28
2025-12-06 16:39:58,Qwen/Qwen3-8B,MMLU_selected_subjects,Gene_Vincent,clean,0.608,28
2025-12-06 16:42:21,Qwen/Qwen3-8B,MMLU_selected_subjects,Taelman,clean,0.552,28
2025-12-06 16:45:09,Qwen/Qwen3-8B,MMLU_selected_subjects,Gene_Vincent,meani,0.597,28
2025-12-06 16:46:58,Qwen/Qwen3-8B,MMLU_selected_subjects,Taelman,meani,0.559,28
2025-12-06 16:50:20,Qwen/Qwen3-8B,MMLU_selected_subjects,Gene_Vincent,wordd,0.606,28
2025-12-06 16:51:37,Qwen/Qwen3-8B,MMLU_selected_subjects,Taelman,wordd,0.556,28
2025-12-06 16:56:11,Qwen/Qwen3-8B,MMLU_selected_subjects,Gene_Vincent,chara,0.541,28
2025-12-06 16:56:19,Qwen/Qwen3-8B,MMLU_selected_subjects,Taelman,chara,0.550,28
2025-12-06 17:00:43,Qwen/Qwen3-8B,MMLU_selected_subjects,George_Constantinides,clean,0.524,28
2025-12-06 17:00:54,Qwen/Qwen3-8B,MMLU_selected_subjects,Tafilocaris,clean,0.589,28
2025-12-06 17:05:14,Qwen/Qwen3-8B,MMLU_selected_subjects,George_Constantinides,meani,0.541,28
2025-12-06 17:05:29,Qwen/Qwen3-8B,MMLU_selected_subjects,Tafilocaris,meani,0.605,28
2025-12-06 17:09:46,Qwen/Qwen3-8B,MMLU_selected_subjects,George_Constantinides,wordd,0.567,28
2025-12-06 17:10:04,Qwen/Qwen3-8B,MMLU_selected_subjects,Tafilocaris,wordd,0.610,28
2025-12-06 17:14:37,Qwen/Qwen3-8B,MMLU_selected_subjects,George_Constantinides,chara,0.520,28
2025-12-06 17:14:50,Qwen/Qwen3-8B,MMLU_selected_subjects,Tafilocaris,chara,0.550,28
2025-12-06 17:19:02,Qwen/Qwen3-8B,MMLU_selected_subjects,George_Truskey,clean,0.566,28
2025-12-06 17:20:00,Qwen/Qwen3-8B,MMLU_selected_subjects,Takayasu_Akira,clean,0.570,28
2025-12-06 17:23:27,Qwen/Qwen3-8B,MMLU_selected_subjects,George_Truskey,meani,0.569,28
2025-12-06 17:25:07,Qwen/Qwen3-8B,MMLU_selected_subjects,Takayasu_Akira,meani,0.569,28
2025-12-06 17:27:52,Qwen/Qwen3-8B,MMLU_selected_subjects,George_Truskey,wordd,0.569,28
2025-12-06 17:30:24,Qwen/Qwen3-8B,MMLU_selected_subjects,Takayasu_Akira,wordd,0.580,28
2025-12-06 17:32:33,Qwen/Qwen3-8B,MMLU_selected_subjects,George_Truskey,chara,0.540,28
2025-12-06 17:36:07,Qwen/Qwen3-8B,MMLU_selected_subjects,Takayasu_Akira,chara,0.539,28
2025-12-06 17:37:27,Qwen/Qwen3-8B,MMLU_selected_subjects,Germany_Trade_and_Invest,clean,0.553,28
2025-12-06 17:40:43,Qwen/Qwen3-8B,MMLU_selected_subjects,Tattyreagh_St_Patrick's_GAC,clean,0.574,28
2025-12-06 17:42:23,Qwen/Qwen3-8B,MMLU_selected_subjects,Germany_Trade_and_Invest,meani,0.591,28
2025-12-06 17:45:15,Qwen/Qwen3-8B,MMLU_selected_subjects,Tattyreagh_St_Patrick's_GAC,meani,0.581,28
2025-12-06 17:47:14,Qwen/Qwen3-8B,MMLU_selected_subjects,Germany_Trade_and_Invest,wordd,0.598,28
2025-12-06 17:49:45,Qwen/Qwen3-8B,MMLU_selected_subjects,Tattyreagh_St_Patrick's_GAC,wordd,0.603,28
2025-12-06 17:52:43,Qwen/Qwen3-8B,MMLU_selected_subjects,Germany_Trade_and_Invest,chara,0.555,28
2025-12-06 17:54:24,Qwen/Qwen3-8B,MMLU_selected_subjects,Tattyreagh_St_Patrick's_GAC,chara,0.556,28
2025-12-06 17:57:19,Qwen/Qwen3-8B,MMLU_selected_subjects,Ghazaleh_Golbakhsh,clean,0.544,28
2025-12-06 17:59:09,Qwen/Qwen3-8B,MMLU_selected_subjects,TechUspech,clean,0.550,28
2025-12-06 18:01:54,Qwen/Qwen3-8B,MMLU_selected_subjects,Ghazaleh_Golbakhsh,meani,0.596,28
2025-12-06 18:03:57,Qwen/Qwen3-8B,MMLU_selected_subjects,TechUspech,meani,0.578,28
2025-12-06 18:06:29,Qwen/Qwen3-8B,MMLU_selected_subjects,Ghazaleh_Golbakhsh,wordd,0.593,28
2025-12-06 18:08:32,Qwen/Qwen3-8B,MMLU_selected_subjects,TechUspech,wordd,0.591,28
2025-12-06 18:11:20,Qwen/Qwen3-8B,MMLU_selected_subjects,Ghazaleh_Golbakhsh,chara,0.529,28
2025-12-06 18:13:34,Qwen/Qwen3-8B,MMLU_selected_subjects,TechUspech,chara,0.539,28
2025-12-06 18:16:04,Qwen/Qwen3-8B,MMLU_selected_subjects,Gholam_Rostam,clean,0.566,28
2025-12-06 18:18:43,Qwen/Qwen3-8B,MMLU_selected_subjects,Tenakee_Seaplane_Base,clean,0.585,28
2025-12-06 18:20:45,Qwen/Qwen3-8B,MMLU_selected_subjects,Gholam_Rostam,meani,0.595,28
2025-12-06 18:23:51,Qwen/Qwen3-8B,MMLU_selected_subjects,Tenakee_Seaplane_Base,meani,0.591,28
2025-12-06 18:25:27,Qwen/Qwen3-8B,MMLU_selected_subjects,Gholam_Rostam,wordd,0.582,28
2025-12-06 18:29:00,Qwen/Qwen3-8B,MMLU_selected_subjects,Tenakee_Seaplane_Base,wordd,0.592,28
2025-12-06 18:30:22,Qwen/Qwen3-8B,MMLU_selected_subjects,Gholam_Rostam,chara,0.531,28
2025-12-06 18:34:41,Qwen/Qwen3-8B,MMLU_selected_subjects,Tenakee_Seaplane_Base,chara,0.545,28
2025-12-06 18:35:06,Qwen/Qwen3-8B,MMLU_selected_subjects,Gilanbar-e_Sofla,clean,0.550,28
2025-12-06 18:39:48,Qwen/Qwen3-8B,MMLU_selected_subjects,The_Creation_(band),clean,0.575,28
2025-12-06 18:39:48,Qwen/Qwen3-8B,MMLU_selected_subjects,Gilanbar-e_Sofla,meani,0.596,28
2025-12-06 18:44:32,Qwen/Qwen3-8B,MMLU_selected_subjects,Gilanbar-e_Sofla,wordd,0.600,28
2025-12-06 18:44:47,Qwen/Qwen3-8B,MMLU_selected_subjects,The_Creation_(band),meani,0.603,28
2025-12-06 18:49:26,Qwen/Qwen3-8B,MMLU_selected_subjects,Gilanbar-e_Sofla,chara,0.542,28
2025-12-06 18:49:49,Qwen/Qwen3-8B,MMLU_selected_subjects,The_Creation_(band),wordd,0.608,28
2025-12-06 18:54:24,Qwen/Qwen3-8B,MMLU_selected_subjects,Gillis_Mostaert,clean,0.541,28
2025-12-06 18:55:58,Qwen/Qwen3-8B,MMLU_selected_subjects,The_Creation_(band),chara,0.561,28
2025-12-06 18:59:20,Qwen/Qwen3-8B,MMLU_selected_subjects,Gillis_Mostaert,meani,0.555,28
2025-12-06 19:00:57,Qwen/Qwen3-8B,MMLU_selected_subjects,The_Day_Will_Dawn,clean,0.603,28
2025-12-06 19:04:16,Qwen/Qwen3-8B,MMLU_selected_subjects,Gillis_Mostaert,wordd,0.568,28
2025-12-06 19:05:58,Qwen/Qwen3-8B,MMLU_selected_subjects,The_Day_Will_Dawn,meani,0.591,28
2025-12-06 19:09:48,Qwen/Qwen3-8B,MMLU_selected_subjects,Gillis_Mostaert,chara,0.562,28
2025-12-06 19:10:39,Qwen/Qwen3-8B,MMLU_selected_subjects,The_Day_Will_Dawn,wordd,0.601,28
2025-12-06 19:14:27,Qwen/Qwen3-8B,MMLU_selected_subjects,Girls_Action_Foundation,clean,0.570,28
2025-12-06 19:15:47,Qwen/Qwen3-8B,MMLU_selected_subjects,The_Day_Will_Dawn,chara,0.542,28
2025-12-06 19:19:04,Qwen/Qwen3-8B,MMLU_selected_subjects,Girls_Action_Foundation,meani,0.595,28
2025-12-06 19:20:15,Qwen/Qwen3-8B,MMLU_selected_subjects,The_Great_Swindle_(1941_film),clean,0.575,28
2025-12-06 19:23:41,Qwen/Qwen3-8B,MMLU_selected_subjects,Girls_Action_Foundation,wordd,0.583,28
2025-12-06 19:24:43,Qwen/Qwen3-8B,MMLU_selected_subjects,The_Great_Swindle_(1941_film),meani,0.556,28
2025-12-06 19:28:51,Qwen/Qwen3-8B,MMLU_selected_subjects,Girls_Action_Foundation,chara,0.521,28
2025-12-06 19:29:11,Qwen/Qwen3-8B,MMLU_selected_subjects,The_Great_Swindle_(1941_film),wordd,0.584,28
2025-12-06 19:33:32,Qwen/Qwen3-8B,MMLU_selected_subjects,Gladys_Henson,clean,0.556,28
2025-12-06 19:33:52,Qwen/Qwen3-8B,MMLU_selected_subjects,The_Great_Swindle_(1941_film),chara,0.549,28
2025-12-06 19:38:11,Qwen/Qwen3-8B,MMLU_selected_subjects,Gladys_Henson,meani,0.591,28
2025-12-06 19:38:50,Qwen/Qwen3-8B,MMLU_selected_subjects,The_Green_Carnation_(film),clean,0.599,28
2025-12-06 19:42:53,Qwen/Qwen3-8B,MMLU_selected_subjects,Gladys_Henson,wordd,0.600,28
2025-12-06 19:43:32,Qwen/Qwen3-8B,MMLU_selected_subjects,The_Green_Carnation_(film),meani,0.581,28
2025-12-06 19:47:50,Qwen/Qwen3-8B,MMLU_selected_subjects,Gladys_Henson,chara,0.552,28
2025-12-06 19:48:02,Qwen/Qwen3-8B,MMLU_selected_subjects,The_Green_Carnation_(film),wordd,0.597,28
2025-12-06 19:52:46,Qwen/Qwen3-8B,MMLU_selected_subjects,The_Green_Carnation_(film),chara,0.530,28
2025-12-06 19:52:49,Qwen/Qwen3-8B,MMLU_selected_subjects,Glasgow_Art_Club,clean,0.553,28
2025-12-06 19:57:24,Qwen/Qwen3-8B,MMLU_selected_subjects,The_Holy_Terror_(audio_drama),clean,0.614,28
2025-12-06 19:57:47,Qwen/Qwen3-8B,MMLU_selected_subjects,Glasgow_Art_Club,meani,0.581,28
2025-12-06 20:02:03,Qwen/Qwen3-8B,MMLU_selected_subjects,The_Holy_Terror_(audio_drama),meani,0.577,28
2025-12-06 20:02:44,Qwen/Qwen3-8B,MMLU_selected_subjects,Glasgow_Art_Club,wordd,0.572,28
2025-12-06 20:06:38,Qwen/Qwen3-8B,MMLU_selected_subjects,The_Holy_Terror_(audio_drama),wordd,0.596,28
2025-12-06 20:08:28,Qwen/Qwen3-8B,MMLU_selected_subjects,Glasgow_Art_Club,chara,0.541,28
2025-12-06 20:11:37,Qwen/Qwen3-8B,MMLU_selected_subjects,The_Holy_Terror_(audio_drama),chara,0.527,28
2025-12-06 20:12:59,Qwen/Qwen3-8B,MMLU_selected_subjects,Glastonbury_F.C.,clean,0.508,28
2025-12-06 20:16:11,Qwen/Qwen3-8B,MMLU_selected_subjects,The_Leading_Man_(comics),clean,0.599,28
2025-12-06 20:17:30,Qwen/Qwen3-8B,MMLU_selected_subjects,Glastonbury_F.C.,meani,0.542,28
2025-12-06 20:20:49,Qwen/Qwen3-8B,MMLU_selected_subjects,The_Leading_Man_(comics),meani,0.607,28
2025-12-06 20:22:01,Qwen/Qwen3-8B,MMLU_selected_subjects,Glastonbury_F.C.,wordd,0.561,28
2025-12-06 20:25:24,Qwen/Qwen3-8B,MMLU_selected_subjects,The_Leading_Man_(comics),wordd,0.596,28
2025-12-06 20:26:45,Qwen/Qwen3-8B,MMLU_selected_subjects,Glastonbury_F.C.,chara,0.550,28
2025-12-06 20:30:15,Qwen/Qwen3-8B,MMLU_selected_subjects,The_Leading_Man_(comics),chara,0.542,28
2025-12-06 20:31:22,Qwen/Qwen3-8B,MMLU_selected_subjects,Glidden_&_Williams,clean,0.575,28
2025-12-06 20:34:43,Qwen/Qwen3-8B,MMLU_selected_subjects,The_Lovers_(2023_TV_series),clean,0.562,28
2025-12-06 20:36:00,Qwen/Qwen3-8B,MMLU_selected_subjects,Glidden_&_Williams,meani,0.608,28
2025-12-06 20:39:09,Qwen/Qwen3-8B,MMLU_selected_subjects,The_Lovers_(2023_TV_series),meani,0.584,28
2025-12-06 20:40:36,Qwen/Qwen3-8B,MMLU_selected_subjects,Glidden_&_Williams,wordd,0.597,28
2025-12-06 20:43:37,Qwen/Qwen3-8B,MMLU_selected_subjects,The_Lovers_(2023_TV_series),wordd,0.588,28
2025-12-06 20:45:23,Qwen/Qwen3-8B,MMLU_selected_subjects,Glidden_&_Williams,chara,0.559,28
2025-12-06 20:48:19,Qwen/Qwen3-8B,MMLU_selected_subjects,The_Lovers_(2023_TV_series),chara,0.533,28
2025-12-06 20:50:12,Qwen/Qwen3-8B,MMLU_selected_subjects,Glochidion_candolleanum,clean,0.577,28
2025-12-06 20:53:03,Qwen/Qwen3-8B,MMLU_selected_subjects,The_Minto_Papers,clean,0.557,28
2025-12-06 20:55:00,Qwen/Qwen3-8B,MMLU_selected_subjects,Glochidion_candolleanum,meani,0.604,28
2025-12-06 20:57:47,Qwen/Qwen3-8B,MMLU_selected_subjects,The_Minto_Papers,meani,0.616,28
2025-12-06 20:59:47,Qwen/Qwen3-8B,MMLU_selected_subjects,Glochidion_candolleanum,wordd,0.601,28
2025-12-06 21:02:30,Qwen/Qwen3-8B,MMLU_selected_subjects,The_Minto_Papers,wordd,0.595,28
2025-12-06 21:04:51,Qwen/Qwen3-8B,MMLU_selected_subjects,Glochidion_candolleanum,chara,0.541,28
2025-12-06 21:07:41,Qwen/Qwen3-8B,MMLU_selected_subjects,The_Minto_Papers,chara,0.543,28
2025-12-06 21:09:45,Qwen/Qwen3-8B,MMLU_selected_subjects,Gloria_White-Hammond,clean,0.554,28
2025-12-06 21:12:38,Qwen/Qwen3-8B,MMLU_selected_subjects,The_Music_Lovers,clean,0.598,28
2025-12-06 21:14:39,Qwen/Qwen3-8B,MMLU_selected_subjects,Gloria_White-Hammond,meani,0.595,28
2025-12-06 21:17:39,Qwen/Qwen3-8B,MMLU_selected_subjects,The_Music_Lovers,meani,0.590,28
2025-12-06 21:19:33,Qwen/Qwen3-8B,MMLU_selected_subjects,Gloria_White-Hammond,wordd,0.620,28
2025-12-06 21:22:36,Qwen/Qwen3-8B,MMLU_selected_subjects,The_Music_Lovers,wordd,0.593,28
2025-12-06 21:25:04,Qwen/Qwen3-8B,MMLU_selected_subjects,Gloria_White-Hammond,chara,0.525,28
2025-12-06 21:28:03,Qwen/Qwen3-8B,MMLU_selected_subjects,The_Music_Lovers,chara,0.508,28
2025-12-06 21:29:48,Qwen/Qwen3-8B,MMLU_selected_subjects,Glory_(Buffy_the_Vampire_Slayer),clean,0.583,28
2025-12-06 21:32:41,Qwen/Qwen3-8B,MMLU_selected_subjects,The_Old_Magic,clean,0.576,28
2025-12-06 21:34:32,Qwen/Qwen3-8B,MMLU_selected_subjects,Glory_(Buffy_the_Vampire_Slayer),meani,0.606,28
2025-12-06 21:37:17,Qwen/Qwen3-8B,MMLU_selected_subjects,The_Old_Magic,meani,0.582,28
2025-12-06 21:39:16,Qwen/Qwen3-8B,MMLU_selected_subjects,Glory_(Buffy_the_Vampire_Slayer),wordd,0.582,28
2025-12-06 21:41:55,Qwen/Qwen3-8B,MMLU_selected_subjects,The_Old_Magic,wordd,0.594,28
2025-12-06 21:44:34,Qwen/Qwen3-8B,MMLU_selected_subjects,Glory_(Buffy_the_Vampire_Slayer),chara,0.558,28
2025-12-06 21:46:53,Qwen/Qwen3-8B,MMLU_selected_subjects,The_Old_Magic,chara,0.548,28
2025-12-06 21:49:31,Qwen/Qwen3-8B,MMLU_selected_subjects,Gmina_Bychawa,clean,0.565,28
2025-12-06 21:51:36,Qwen/Qwen3-8B,MMLU_selected_subjects,The_Outlaw,clean,0.618,28
2025-12-06 21:54:25,Qwen/Qwen3-8B,MMLU_selected_subjects,Gmina_Bychawa,meani,0.581,28
2025-12-06 21:56:17,Qwen/Qwen3-8B,MMLU_selected_subjects,The_Outlaw,meani,0.604,28
2025-12-06 21:59:19,Qwen/Qwen3-8B,MMLU_selected_subjects,Gmina_Bychawa,wordd,0.565,28
2025-12-06 22:01:02,Qwen/Qwen3-8B,MMLU_selected_subjects,The_Outlaw,wordd,0.597,28
2025-12-06 22:04:35,Qwen/Qwen3-8B,MMLU_selected_subjects,Gmina_Bychawa,chara,0.509,28
2025-12-06 22:06:15,Qwen/Qwen3-8B,MMLU_selected_subjects,The_Outlaw,chara,0.543,28
2025-12-06 22:09:11,Qwen/Qwen3-8B,MMLU_selected_subjects,Gnorimoschema_powelli,clean,0.544,28
2025-12-06 22:10:53,Qwen/Qwen3-8B,MMLU_selected_subjects,The_Priest_of_Saint-Amour,clean,0.602,28
2025-12-06 22:13:46,Qwen/Qwen3-8B,MMLU_selected_subjects,Gnorimoschema_powelli,meani,0.593,28
2025-12-06 22:15:27,Qwen/Qwen3-8B,MMLU_selected_subjects,The_Priest_of_Saint-Amour,meani,0.592,28
2025-12-06 22:18:21,Qwen/Qwen3-8B,MMLU_selected_subjects,Gnorimoschema_powelli,wordd,0.600,28
2025-12-06 22:20:03,Qwen/Qwen3-8B,MMLU_selected_subjects,The_Priest_of_Saint-Amour,wordd,0.594,28
2025-12-06 22:23:06,Qwen/Qwen3-8B,MMLU_selected_subjects,Gnorimoschema_powelli,chara,0.553,28
2025-12-06 22:24:48,Qwen/Qwen3-8B,MMLU_selected_subjects,The_Priest_of_Saint-Amour,chara,0.552,28
2025-12-06 22:27:44,Qwen/Qwen3-8B,MMLU_selected_subjects,Gold_Head,clean,0.583,28
2025-12-06 22:29:24,Qwen/Qwen3-8B,MMLU_selected_subjects,The_Rejuvenation_of_Aunt_Mary_(1914_film),clean,0.584,28
2025-12-06 22:32:20,Qwen/Qwen3-8B,MMLU_selected_subjects,Gold_Head,meani,0.609,28
2025-12-06 22:34:03,Qwen/Qwen3-8B,MMLU_selected_subjects,The_Rejuvenation_of_Aunt_Mary_(1914_film),meani,0.585,28
2025-12-06 22:36:58,Qwen/Qwen3-8B,MMLU_selected_subjects,Gold_Head,wordd,0.605,28
2025-12-06 22:38:37,Qwen/Qwen3-8B,MMLU_selected_subjects,The_Rejuvenation_of_Aunt_Mary_(1914_film),wordd,0.586,28
2025-12-06 22:41:49,Qwen/Qwen3-8B,MMLU_selected_subjects,Gold_Head,chara,0.571,28
2025-12-06 22:43:26,Qwen/Qwen3-8B,MMLU_selected_subjects,The_Rejuvenation_of_Aunt_Mary_(1914_film),chara,0.539,28
2025-12-06 22:46:24,Qwen/Qwen3-8B,MMLU_selected_subjects,Goldstone_(band),clean,0.590,28
2025-12-06 22:48:01,Qwen/Qwen3-8B,MMLU_selected_subjects,The_Shepherd_(film),clean,0.575,28
2025-12-06 22:50:58,Qwen/Qwen3-8B,MMLU_selected_subjects,Goldstone_(band),meani,0.588,28
2025-12-06 22:52:34,Qwen/Qwen3-8B,MMLU_selected_subjects,The_Shepherd_(film),meani,0.587,28
2025-12-06 22:55:32,Qwen/Qwen3-8B,MMLU_selected_subjects,Goldstone_(band),wordd,0.606,28
2025-12-06 22:57:18,Qwen/Qwen3-8B,MMLU_selected_subjects,The_Shepherd_(film),wordd,0.602,28
2025-12-06 23:00:24,Qwen/Qwen3-8B,MMLU_selected_subjects,Goldstone_(band),chara,0.550,28
2025-12-06 23:02:10,Qwen/Qwen3-8B,MMLU_selected_subjects,The_Shepherd_(film),chara,0.538,28
2025-12-06 23:05:06,Qwen/Qwen3-8B,MMLU_selected_subjects,Goof_on_the_Roof,clean,0.601,28
2025-12-06 23:07:05,Qwen/Qwen3-8B,MMLU_selected_subjects,The_Spitfire_Boys,clean,0.592,28
2025-12-06 23:09:46,Qwen/Qwen3-8B,MMLU_selected_subjects,Goof_on_the_Roof,meani,0.615,28
2025-12-06 23:12:00,Qwen/Qwen3-8B,MMLU_selected_subjects,The_Spitfire_Boys,meani,0.599,28
2025-12-06 23:14:26,Qwen/Qwen3-8B,MMLU_selected_subjects,Goof_on_the_Roof,wordd,0.612,28
2025-12-06 23:16:54,Qwen/Qwen3-8B,MMLU_selected_subjects,The_Spitfire_Boys,wordd,0.578,28
2025-12-06 23:19:26,Qwen/Qwen3-8B,MMLU_selected_subjects,Goof_on_the_Roof,chara,0.511,28
2025-12-06 23:22:18,Qwen/Qwen3-8B,MMLU_selected_subjects,The_Spitfire_Boys,chara,0.546,28
2025-12-06 23:24:01,Qwen/Qwen3-8B,MMLU_selected_subjects,Graptasura_trilacunata,clean,0.557,28
2025-12-06 23:27:16,Qwen/Qwen3-8B,MMLU_selected_subjects,The_Tragedy_of_Macbeth_(soundtrack),clean,0.578,28
2025-12-06 23:28:36,Qwen/Qwen3-8B,MMLU_selected_subjects,Graptasura_trilacunata,meani,0.605,28
2025-12-06 23:32:05,Qwen/Qwen3-8B,MMLU_selected_subjects,The_Tragedy_of_Macbeth_(soundtrack),meani,0.601,28
2025-12-06 23:33:14,Qwen/Qwen3-8B,MMLU_selected_subjects,Graptasura_trilacunata,wordd,0.586,28
2025-12-06 23:36:54,Qwen/Qwen3-8B,MMLU_selected_subjects,The_Tragedy_of_Macbeth_(soundtrack),wordd,0.595,28
2025-12-06 23:37:56,Qwen/Qwen3-8B,MMLU_selected_subjects,Graptasura_trilacunata,chara,0.530,28
2025-12-06 23:42:19,Qwen/Qwen3-8B,MMLU_selected_subjects,The_Tragedy_of_Macbeth_(soundtrack),chara,0.546,28
2025-12-06 23:42:31,Qwen/Qwen3-8B,MMLU_selected_subjects,Grevillea_subtiliflora,clean,0.579,28
2025-12-06 23:46:51,Qwen/Qwen3-8B,MMLU_selected_subjects,The_Virgin_Diaries,clean,0.558,28
2025-12-06 23:47:05,Qwen/Qwen3-8B,MMLU_selected_subjects,Grevillea_subtiliflora,meani,0.592,28
2025-12-06 23:51:24,Qwen/Qwen3-8B,MMLU_selected_subjects,The_Virgin_Diaries,meani,0.559,28
2025-12-06 23:51:40,Qwen/Qwen3-8B,MMLU_selected_subjects,Grevillea_subtiliflora,wordd,0.604,28
2025-12-06 23:55:55,Qwen/Qwen3-8B,MMLU_selected_subjects,The_Virgin_Diaries,wordd,0.573,28
2025-12-06 23:56:27,Qwen/Qwen3-8B,MMLU_selected_subjects,Grevillea_subtiliflora,chara,0.546,28
2025-12-07 00:00:43,Qwen/Qwen3-8B,MMLU_selected_subjects,The_Virgin_Diaries,chara,0.561,28
2025-12-07 00:01:09,Qwen/Qwen3-8B,MMLU_selected_subjects,Grimes_Golden,clean,0.579,28
2025-12-07 00:05:12,Qwen/Qwen3-8B,MMLU_selected_subjects,The_Visitors'_List_and_Guide,clean,0.547,28
2025-12-07 00:05:51,Qwen/Qwen3-8B,MMLU_selected_subjects,Grimes_Golden,meani,0.585,28
2025-12-07 00:09:49,Qwen/Qwen3-8B,MMLU_selected_subjects,The_Visitors'_List_and_Guide,meani,0.568,28
2025-12-07 00:10:32,Qwen/Qwen3-8B,MMLU_selected_subjects,Grimes_Golden,wordd,0.584,28
2025-12-07 00:14:20,Qwen/Qwen3-8B,MMLU_selected_subjects,The_Visitors'_List_and_Guide,wordd,0.580,28
2025-12-07 00:15:33,Qwen/Qwen3-8B,MMLU_selected_subjects,Grimes_Golden,chara,0.544,28
2025-12-07 00:19:06,Qwen/Qwen3-8B,MMLU_selected_subjects,The_Visitors'_List_and_Guide,chara,0.530,28
2025-12-07 00:20:15,Qwen/Qwen3-8B,MMLU_selected_subjects,Grote_1-MeiPrijs,clean,0.566,28
2025-12-07 00:24:02,Qwen/Qwen3-8B,MMLU_selected_subjects,The_Voice_of_Midnight,clean,0.581,28
2025-12-07 00:24:55,Qwen/Qwen3-8B,MMLU_selected_subjects,Grote_1-MeiPrijs,meani,0.601,28
2025-12-07 00:28:58,Qwen/Qwen3-8B,MMLU_selected_subjects,The_Voice_of_Midnight,meani,0.610,28
2025-12-07 00:29:36,Qwen/Qwen3-8B,MMLU_selected_subjects,Grote_1-MeiPrijs,wordd,0.591,28
2025-12-07 00:33:55,Qwen/Qwen3-8B,MMLU_selected_subjects,The_Voice_of_Midnight,wordd,0.592,28
2025-12-07 00:34:31,Qwen/Qwen3-8B,MMLU_selected_subjects,Grote_1-MeiPrijs,chara,0.548,28
2025-12-07 00:39:19,Qwen/Qwen3-8B,MMLU_selected_subjects,The_Voice_of_Midnight,chara,0.534,28
2025-12-07 00:39:42,Qwen/Qwen3-8B,MMLU_selected_subjects,Guangzhou–Shenzhen–Hong_Kong_Express_Rail_Link,clean,0.532,28
2025-12-07 00:44:41,Qwen/Qwen3-8B,MMLU_selected_subjects,Thomas_Füri,clean,0.547,28
2025-12-07 00:44:51,Qwen/Qwen3-8B,MMLU_selected_subjects,Guangzhou–Shenzhen–Hong_Kong_Express_Rail_Link,meani,0.603,28
2025-12-07 00:49:59,Qwen/Qwen3-8B,MMLU_selected_subjects,Thomas_Füri,meani,0.594,28
2025-12-07 00:50:00,Qwen/Qwen3-8B,MMLU_selected_subjects,Guangzhou–Shenzhen–Hong_Kong_Express_Rail_Link,wordd,0.581,28
2025-12-07 00:55:25,Qwen/Qwen3-8B,MMLU_selected_subjects,Thomas_Füri,wordd,0.590,28
2025-12-07 00:55:49,Qwen/Qwen3-8B,MMLU_selected_subjects,Guangzhou–Shenzhen–Hong_Kong_Express_Rail_Link,chara,0.529,28
2025-12-07 01:00:34,Qwen/Qwen3-8B,MMLU_selected_subjects,Guman_Singh_Damor,clean,0.565,28
2025-12-07 01:01:15,Qwen/Qwen3-8B,MMLU_selected_subjects,Thomas_Füri,chara,0.537,28
2025-12-07 01:05:20,Qwen/Qwen3-8B,MMLU_selected_subjects,Guman_Singh_Damor,meani,0.620,28
2025-12-07 01:05:51,Qwen/Qwen3-8B,MMLU_selected_subjects,Thomas_Hodge_(Garibaldian),clean,0.595,28
2025-12-07 01:10:03,Qwen/Qwen3-8B,MMLU_selected_subjects,Guman_Singh_Damor,wordd,0.617,28
2025-12-07 01:10:26,Qwen/Qwen3-8B,MMLU_selected_subjects,Thomas_Hodge_(Garibaldian),meani,0.604,28
2025-12-07 01:15:02,Qwen/Qwen3-8B,MMLU_selected_subjects,Thomas_Hodge_(Garibaldian),wordd,0.599,28
2025-12-07 01:15:08,Qwen/Qwen3-8B,MMLU_selected_subjects,Guman_Singh_Damor,chara,0.581,28
2025-12-07 01:19:48,Qwen/Qwen3-8B,MMLU_selected_subjects,Thomas_Hodge_(Garibaldian),chara,0.544,28
2025-12-07 01:19:52,Qwen/Qwen3-8B,MMLU_selected_subjects,Gynacantha_mocsaryi,clean,0.561,28
2025-12-07 01:24:31,Qwen/Qwen3-8B,MMLU_selected_subjects,Tieling_High_School,clean,0.555,28
2025-12-07 01:24:35,Qwen/Qwen3-8B,MMLU_selected_subjects,Gynacantha_mocsaryi,meani,0.591,28
2025-12-07 01:29:15,Qwen/Qwen3-8B,MMLU_selected_subjects,Tieling_High_School,meani,0.592,28
2025-12-07 01:29:19,Qwen/Qwen3-8B,MMLU_selected_subjects,Gynacantha_mocsaryi,wordd,0.584,28
2025-12-07 01:33:57,Qwen/Qwen3-8B,MMLU_selected_subjects,Tieling_High_School,wordd,0.544,28
2025-12-07 01:34:21,Qwen/Qwen3-8B,MMLU_selected_subjects,Gynacantha_mocsaryi,chara,0.549,28
2025-12-07 01:38:57,Qwen/Qwen3-8B,MMLU_selected_subjects,H._K._Brown_Jr.,clean,0.577,28
2025-12-07 01:38:59,Qwen/Qwen3-8B,MMLU_selected_subjects,Tieling_High_School,chara,0.565,28
2025-12-07 01:43:33,Qwen/Qwen3-8B,MMLU_selected_subjects,H._K._Brown_Jr.,meani,0.613,28
2025-12-07 01:43:55,Qwen/Qwen3-8B,MMLU_selected_subjects,Tiki-Taka_(film),clean,0.599,28
2025-12-07 01:48:09,Qwen/Qwen3-8B,MMLU_selected_subjects,H._K._Brown_Jr.,wordd,0.591,28
2025-12-07 01:48:47,Qwen/Qwen3-8B,MMLU_selected_subjects,Tiki-Taka_(film),meani,0.608,28
2025-12-07 01:53:03,Qwen/Qwen3-8B,MMLU_selected_subjects,H._K._Brown_Jr.,chara,0.543,28
2025-12-07 01:53:39,Qwen/Qwen3-8B,MMLU_selected_subjects,Tiki-Taka_(film),wordd,0.613,28
2025-12-07 01:57:41,Qwen/Qwen3-8B,MMLU_selected_subjects,H._R._Gaviyappa,clean,0.550,28
2025-12-07 01:59:01,Qwen/Qwen3-8B,MMLU_selected_subjects,Tiki-Taka_(film),chara,0.525,28
2025-12-07 02:02:18,Qwen/Qwen3-8B,MMLU_selected_subjects,H._R._Gaviyappa,meani,0.617,28
2025-12-07 02:03:45,Qwen/Qwen3-8B,MMLU_selected_subjects,Tjust_IF_BF,clean,0.537,28
2025-12-07 02:06:56,Qwen/Qwen3-8B,MMLU_selected_subjects,H._R._Gaviyappa,wordd,0.581,28
2025-12-07 02:08:27,Qwen/Qwen3-8B,MMLU_selected_subjects,Tjust_IF_BF,meani,0.585,28
2025-12-07 02:11:51,Qwen/Qwen3-8B,MMLU_selected_subjects,H._R._Gaviyappa,chara,0.533,28
2025-12-07 02:13:09,Qwen/Qwen3-8B,MMLU_selected_subjects,Tjust_IF_BF,wordd,0.580,28
2025-12-07 02:16:35,Qwen/Qwen3-8B,MMLU_selected_subjects,HMS_Hyacinth_(1829),clean,0.550,28
2025-12-07 02:18:07,Qwen/Qwen3-8B,MMLU_selected_subjects,Tjust_IF_BF,chara,0.566,28
2025-12-07 02:21:17,Qwen/Qwen3-8B,MMLU_selected_subjects,HMS_Hyacinth_(1829),meani,0.567,28
2025-12-07 02:23:05,Qwen/Qwen3-8B,MMLU_selected_subjects,Today_FM,clean,0.579,28
2025-12-07 02:26:00,Qwen/Qwen3-8B,MMLU_selected_subjects,HMS_Hyacinth_(1829),wordd,0.582,28
2025-12-07 02:28:23,Qwen/Qwen3-8B,MMLU_selected_subjects,Today_FM,meani,0.584,28
2025-12-07 02:30:59,Qwen/Qwen3-8B,MMLU_selected_subjects,HMS_Hyacinth_(1829),chara,0.532,28
2025-12-07 02:33:33,Qwen/Qwen3-8B,MMLU_selected_subjects,Today_FM,wordd,0.565,28
2025-12-07 02:35:47,Qwen/Qwen3-8B,MMLU_selected_subjects,HMS_Rosalind,clean,0.570,28
2025-12-07 02:39:22,Qwen/Qwen3-8B,MMLU_selected_subjects,Today_FM,chara,0.530,28
2025-12-07 02:40:33,Qwen/Qwen3-8B,MMLU_selected_subjects,HMS_Rosalind,meani,0.575,28
2025-12-07 02:44:14,Qwen/Qwen3-8B,MMLU_selected_subjects,Tomie:_Revenge,clean,0.546,28
2025-12-07 02:45:20,Qwen/Qwen3-8B,MMLU_selected_subjects,HMS_Rosalind,wordd,0.603,28
2025-12-07 02:48:44,Qwen/Qwen3-8B,MMLU_selected_subjects,Tomie:_Revenge,meani,0.547,28
2025-12-07 02:50:27,Qwen/Qwen3-8B,MMLU_selected_subjects,HMS_Rosalind,chara,0.560,28
2025-12-07 02:53:15,Qwen/Qwen3-8B,MMLU_selected_subjects,Tomie:_Revenge,wordd,0.605,28
2025-12-07 02:55:34,Qwen/Qwen3-8B,MMLU_selected_subjects,HMS_Wakeful,clean,0.569,28
2025-12-07 02:57:59,Qwen/Qwen3-8B,MMLU_selected_subjects,Tomie:_Revenge,chara,0.541,28
2025-12-07 03:00:40,Qwen/Qwen3-8B,MMLU_selected_subjects,HMS_Wakeful,meani,0.603,28
2025-12-07 03:02:34,Qwen/Qwen3-8B,MMLU_selected_subjects,Tommy_Coakley,clean,0.533,28
2025-12-07 03:05:46,Qwen/Qwen3-8B,MMLU_selected_subjects,HMS_Wakeful,wordd,0.617,28
2025-12-07 03:07:21,Qwen/Qwen3-8B,MMLU_selected_subjects,Tommy_Coakley,meani,0.605,28
2025-12-07 03:11:28,Qwen/Qwen3-8B,MMLU_selected_subjects,HMS_Wakeful,chara,0.532,28
2025-12-07 03:12:06,Qwen/Qwen3-8B,MMLU_selected_subjects,Tommy_Coakley,wordd,0.594,28
2025-12-07 03:16:18,Qwen/Qwen3-8B,MMLU_selected_subjects,HMS_Winchelsea_(1694),clean,0.583,28
2025-12-07 03:16:59,Qwen/Qwen3-8B,MMLU_selected_subjects,Tommy_Coakley,chara,0.557,28
2025-12-07 03:21:05,Qwen/Qwen3-8B,MMLU_selected_subjects,HMS_Winchelsea_(1694),meani,0.611,28
2025-12-07 03:21:48,Qwen/Qwen3-8B,MMLU_selected_subjects,Tony_Briffa_(politician),clean,0.567,28
2025-12-07 03:25:52,Qwen/Qwen3-8B,MMLU_selected_subjects,HMS_Winchelsea_(1694),wordd,0.597,28
2025-12-07 03:26:35,Qwen/Qwen3-8B,MMLU_selected_subjects,Tony_Briffa_(politician),meani,0.574,28
2025-12-07 03:31:08,Qwen/Qwen3-8B,MMLU_selected_subjects,HMS_Winchelsea_(1694),chara,0.551,28
2025-12-07 03:31:23,Qwen/Qwen3-8B,MMLU_selected_subjects,Tony_Briffa_(politician),wordd,0.539,28
2025-12-07 03:35:47,Qwen/Qwen3-8B,MMLU_selected_subjects,Hamoşam,clean,0.536,28
2025-12-07 03:36:37,Qwen/Qwen3-8B,MMLU_selected_subjects,Tony_Briffa_(politician),chara,0.567,28
2025-12-07 03:40:26,Qwen/Qwen3-8B,MMLU_selected_subjects,Hamoşam,meani,0.581,28
2025-12-07 03:41:23,Qwen/Qwen3-8B,MMLU_selected_subjects,Toronto_space,clean,0.587,28
2025-12-07 03:45:04,Qwen/Qwen3-8B,MMLU_selected_subjects,Hamoşam,wordd,0.540,28
2025-12-07 03:46:11,Qwen/Qwen3-8B,MMLU_selected_subjects,Toronto_space,meani,0.590,28
2025-12-07 03:49:50,Qwen/Qwen3-8B,MMLU_selected_subjects,Hamoşam,chara,0.567,28
2025-12-07 03:50:55,Qwen/Qwen3-8B,MMLU_selected_subjects,Toronto_space,wordd,0.561,28
2025-12-07 03:54:35,Qwen/Qwen3-8B,MMLU_selected_subjects,Hands_Without_Shadows,clean,0.580,28
2025-12-07 03:56:09,Qwen/Qwen3-8B,MMLU_selected_subjects,Toronto_space,chara,0.549,28
2025-12-07 03:59:19,Qwen/Qwen3-8B,MMLU_selected_subjects,Hands_Without_Shadows,meani,0.590,28
2025-12-07 04:01:10,Qwen/Qwen3-8B,MMLU_selected_subjects,Tour_Eqho,clean,0.549,28
2025-12-07 04:04:01,Qwen/Qwen3-8B,MMLU_selected_subjects,Hands_Without_Shadows,wordd,0.588,28
2025-12-07 04:06:04,Qwen/Qwen3-8B,MMLU_selected_subjects,Tour_Eqho,meani,0.571,28
2025-12-07 04:09:15,Qwen/Qwen3-8B,MMLU_selected_subjects,Hands_Without_Shadows,chara,0.581,28
2025-12-07 04:11:02,Qwen/Qwen3-8B,MMLU_selected_subjects,Tour_Eqho,wordd,0.551,28
2025-12-07 04:14:08,Qwen/Qwen3-8B,MMLU_selected_subjects,Hans_Brems,clean,0.555,28
2025-12-07 04:16:38,Qwen/Qwen3-8B,MMLU_selected_subjects,Tour_Eqho,chara,0.544,28
2025-12-07 04:19:00,Qwen/Qwen3-8B,MMLU_selected_subjects,Hans_Brems,meani,0.563,28
2025-12-07 04:21:38,Qwen/Qwen3-8B,MMLU_selected_subjects,Tree_well,clean,0.537,28
2025-12-07 04:23:52,Qwen/Qwen3-8B,MMLU_selected_subjects,Hans_Brems,wordd,0.572,28
2025-12-07 04:26:32,Qwen/Qwen3-8B,MMLU_selected_subjects,Tree_well,meani,0.536,28
2025-12-07 04:29:25,Qwen/Qwen3-8B,MMLU_selected_subjects,Hans_Brems,chara,0.542,28
2025-12-07 04:31:26,Qwen/Qwen3-8B,MMLU_selected_subjects,Tree_well,wordd,0.529,28
2025-12-07 04:34:12,Qwen/Qwen3-8B,MMLU_selected_subjects,"Harat_Bar,_Chaboksar",clean,0.540,28
2025-12-07 04:36:57,Qwen/Qwen3-8B,MMLU_selected_subjects,Tree_well,chara,0.549,28
2025-12-07 04:38:58,Qwen/Qwen3-8B,MMLU_selected_subjects,"Harat_Bar,_Chaboksar",meani,0.596,28
2025-12-07 04:42:06,Qwen/Qwen3-8B,MMLU_selected_subjects,Triakel,clean,0.549,28
2025-12-07 04:43:45,Qwen/Qwen3-8B,MMLU_selected_subjects,"Harat_Bar,_Chaboksar",wordd,0.588,28
2025-12-07 04:47:41,Qwen/Qwen3-8B,MMLU_selected_subjects,Triakel,meani,0.597,28
2025-12-07 04:48:50,Qwen/Qwen3-8B,MMLU_selected_subjects,"Harat_Bar,_Chaboksar",chara,0.505,28
2025-12-07 04:52:50,Qwen/Qwen3-8B,MMLU_selected_subjects,Triakel,wordd,0.581,28
2025-12-07 04:53:37,Qwen/Qwen3-8B,MMLU_selected_subjects,Harrogate_and_District_NHS_Foundation_Trust,clean,0.561,28
2025-12-07 04:58:23,Qwen/Qwen3-8B,MMLU_selected_subjects,Harrogate_and_District_NHS_Foundation_Trust,meani,0.587,28
2025-12-07 04:58:41,Qwen/Qwen3-8B,MMLU_selected_subjects,Triakel,chara,0.539,28
2025-12-07 05:03:08,Qwen/Qwen3-8B,MMLU_selected_subjects,Harrogate_and_District_NHS_Foundation_Trust,wordd,0.582,28
2025-12-07 05:03:24,Qwen/Qwen3-8B,MMLU_selected_subjects,Tridesmostemon,clean,0.576,28
2025-12-07 05:08:05,Qwen/Qwen3-8B,MMLU_selected_subjects,Tridesmostemon,meani,0.605,28
2025-12-07 05:08:28,Qwen/Qwen3-8B,MMLU_selected_subjects,Harrogate_and_District_NHS_Foundation_Trust,chara,0.510,28
2025-12-07 05:13:06,Qwen/Qwen3-8B,MMLU_selected_subjects,Tridesmostemon,wordd,0.625,28
2025-12-07 05:13:22,Qwen/Qwen3-8B,MMLU_selected_subjects,Harry_Benns,clean,0.563,28
2025-12-07 05:18:01,Qwen/Qwen3-8B,MMLU_selected_subjects,Tridesmostemon,chara,0.502,28
2025-12-07 05:18:15,Qwen/Qwen3-8B,MMLU_selected_subjects,Harry_Benns,meani,0.605,28
2025-12-07 05:22:34,Qwen/Qwen3-8B,MMLU_selected_subjects,Trinidad_Morales_Vargas,clean,0.559,28
2025-12-07 05:23:07,Qwen/Qwen3-8B,MMLU_selected_subjects,Harry_Benns,wordd,0.613,28
2025-12-07 05:27:06,Qwen/Qwen3-8B,MMLU_selected_subjects,Trinidad_Morales_Vargas,meani,0.609,28
2025-12-07 05:28:30,Qwen/Qwen3-8B,MMLU_selected_subjects,Harry_Benns,chara,0.538,28
2025-12-07 05:31:39,Qwen/Qwen3-8B,MMLU_selected_subjects,Trinidad_Morales_Vargas,wordd,0.594,28
2025-12-07 05:33:44,Qwen/Qwen3-8B,MMLU_selected_subjects,Hartvikvatnet,clean,0.566,28
2025-12-07 05:36:30,Qwen/Qwen3-8B,MMLU_selected_subjects,Trinidad_Morales_Vargas,chara,0.552,28
2025-12-07 05:38:56,Qwen/Qwen3-8B,MMLU_selected_subjects,Hartvikvatnet,meani,0.597,28
2025-12-07 05:41:38,Qwen/Qwen3-8B,MMLU_selected_subjects,Trinity_A.M.E._Church,clean,0.577,28
2025-12-07 05:44:09,Qwen/Qwen3-8B,MMLU_selected_subjects,Hartvikvatnet,wordd,0.561,28
2025-12-07 05:46:29,Qwen/Qwen3-8B,MMLU_selected_subjects,Trinity_A.M.E._Church,meani,0.610,28
2025-12-07 05:49:53,Qwen/Qwen3-8B,MMLU_selected_subjects,Hartvikvatnet,chara,0.535,28
2025-12-07 05:51:20,Qwen/Qwen3-8B,MMLU_selected_subjects,Trinity_A.M.E._Church,wordd,0.602,28
2025-12-07 05:54:34,Qwen/Qwen3-8B,MMLU_selected_subjects,Hattersheim_am_Main_station,clean,0.575,28
2025-12-07 05:57:00,Qwen/Qwen3-8B,MMLU_selected_subjects,Trinity_A.M.E._Church,chara,0.560,28
2025-12-07 05:59:15,Qwen/Qwen3-8B,MMLU_selected_subjects,Hattersheim_am_Main_station,meani,0.604,28
2025-12-07 06:01:45,Qwen/Qwen3-8B,MMLU_selected_subjects,Triplet_loss,clean,0.554,28
2025-12-07 06:03:54,Qwen/Qwen3-8B,MMLU_selected_subjects,Hattersheim_am_Main_station,wordd,0.595,28
2025-12-07 06:06:27,Qwen/Qwen3-8B,MMLU_selected_subjects,Triplet_loss,meani,0.568,28
2025-12-07 06:08:49,Qwen/Qwen3-8B,MMLU_selected_subjects,Hattersheim_am_Main_station,chara,0.571,28
2025-12-07 06:11:15,Qwen/Qwen3-8B,MMLU_selected_subjects,Triplet_loss,wordd,0.589,28
2025-12-07 06:14:05,Qwen/Qwen3-8B,MMLU_selected_subjects,Havre_Mountains,clean,0.567,28
2025-12-07 06:16:38,Qwen/Qwen3-8B,MMLU_selected_subjects,Triplet_loss,chara,0.564,28
2025-12-07 06:19:20,Qwen/Qwen3-8B,MMLU_selected_subjects,Havre_Mountains,meani,0.603,28
2025-12-07 06:21:18,Qwen/Qwen3-8B,MMLU_selected_subjects,Troy_Trojans_men's_basketball,clean,0.587,28
2025-12-07 06:24:34,Qwen/Qwen3-8B,MMLU_selected_subjects,Havre_Mountains,wordd,0.592,28
2025-12-07 06:26:00,Qwen/Qwen3-8B,MMLU_selected_subjects,Troy_Trojans_men's_basketball,meani,0.593,28
2025-12-07 06:30:30,Qwen/Qwen3-8B,MMLU_selected_subjects,Havre_Mountains,chara,0.548,28
2025-12-07 06:30:41,Qwen/Qwen3-8B,MMLU_selected_subjects,Troy_Trojans_men's_basketball,wordd,0.603,28
2025-12-07 06:35:36,Qwen/Qwen3-8B,MMLU_selected_subjects,Hazara_Australians,clean,0.556,28
2025-12-07 06:35:44,Qwen/Qwen3-8B,MMLU_selected_subjects,Troy_Trojans_men's_basketball,chara,0.558,28
2025-12-07 06:40:40,Qwen/Qwen3-8B,MMLU_selected_subjects,Hazara_Australians,meani,0.580,28
2025-12-07 06:40:52,Qwen/Qwen3-8B,MMLU_selected_subjects,Tung_Chung,clean,0.584,28
2025-12-07 06:45:46,Qwen/Qwen3-8B,MMLU_selected_subjects,Hazara_Australians,wordd,0.555,28
2025-12-07 06:46:29,Qwen/Qwen3-8B,MMLU_selected_subjects,Tung_Chung,meani,0.604,28
2025-12-07 06:51:27,Qwen/Qwen3-8B,MMLU_selected_subjects,Tung_Chung,wordd,0.572,28
2025-12-07 06:51:40,Qwen/Qwen3-8B,MMLU_selected_subjects,Hazara_Australians,chara,0.519,28
2025-12-07 06:56:19,Qwen/Qwen3-8B,MMLU_selected_subjects,"Hedong_Town,_Baotou",clean,0.591,28
2025-12-07 06:57:10,Qwen/Qwen3-8B,MMLU_selected_subjects,Tung_Chung,chara,0.514,28
2025-12-07 07:00:57,Qwen/Qwen3-8B,MMLU_selected_subjects,"Hedong_Town,_Baotou",meani,0.621,28
2025-12-07 07:02:04,Qwen/Qwen3-8B,MMLU_selected_subjects,Turikatuku,clean,0.552,28
2025-12-07 07:05:36,Qwen/Qwen3-8B,MMLU_selected_subjects,"Hedong_Town,_Baotou",wordd,0.603,28
2025-12-07 07:07:16,Qwen/Qwen3-8B,MMLU_selected_subjects,Turikatuku,meani,0.610,28
2025-12-07 07:10:30,Qwen/Qwen3-8B,MMLU_selected_subjects,"Hedong_Town,_Baotou",chara,0.528,28
2025-12-07 07:11:54,Qwen/Qwen3-8B,MMLU_selected_subjects,Turikatuku,wordd,0.595,28
2025-12-07 07:15:03,Qwen/Qwen3-8B,MMLU_selected_subjects,Hemanta_Kumar_Jamatia,clean,0.524,28
2025-12-07 07:16:42,Qwen/Qwen3-8B,MMLU_selected_subjects,Turikatuku,chara,0.569,28
2025-12-07 07:19:37,Qwen/Qwen3-8B,MMLU_selected_subjects,Hemanta_Kumar_Jamatia,meani,0.565,28
2025-12-07 07:21:24,Qwen/Qwen3-8B,MMLU_selected_subjects,Turkey_national_under-20_football_team,clean,0.579,28
2025-12-07 07:24:10,Qwen/Qwen3-8B,MMLU_selected_subjects,Hemanta_Kumar_Jamatia,wordd,0.572,28
2025-12-07 07:26:09,Qwen/Qwen3-8B,MMLU_selected_subjects,Turkey_national_under-20_football_team,meani,0.598,28
2025-12-07 07:28:58,Qwen/Qwen3-8B,MMLU_selected_subjects,Hemanta_Kumar_Jamatia,chara,0.534,28
2025-12-07 07:30:51,Qwen/Qwen3-8B,MMLU_selected_subjects,Turkey_national_under-20_football_team,wordd,0.588,28
2025-12-07 07:33:54,Qwen/Qwen3-8B,MMLU_selected_subjects,Hemsworth_(surname),clean,0.552,28
2025-12-07 07:36:00,Qwen/Qwen3-8B,MMLU_selected_subjects,Turkey_national_under-20_football_team,chara,0.551,28
2025-12-07 07:38:49,Qwen/Qwen3-8B,MMLU_selected_subjects,Hemsworth_(surname),meani,0.574,28
2025-12-07 07:40:34,Qwen/Qwen3-8B,MMLU_selected_subjects,Twickenham_Rowing_Club,clean,0.538,28
2025-12-07 07:43:45,Qwen/Qwen3-8B,MMLU_selected_subjects,Hemsworth_(surname),wordd,0.576,28
2025-12-07 07:45:05,Qwen/Qwen3-8B,MMLU_selected_subjects,Twickenham_Rowing_Club,meani,0.582,28
2025-12-07 07:49:16,Qwen/Qwen3-8B,MMLU_selected_subjects,Hemsworth_(surname),chara,0.541,28
2025-12-07 07:49:36,Qwen/Qwen3-8B,MMLU_selected_subjects,Twickenham_Rowing_Club,wordd,0.601,28
2025-12-07 07:54:07,Qwen/Qwen3-8B,MMLU_selected_subjects,Henri_Lansbury,clean,0.533,28
2025-12-07 07:54:15,Qwen/Qwen3-8B,MMLU_selected_subjects,Twickenham_Rowing_Club,chara,0.529,28
2025-12-07 07:58:58,Qwen/Qwen3-8B,MMLU_selected_subjects,Henri_Lansbury,meani,0.578,28
2025-12-07 07:59:07,Qwen/Qwen3-8B,MMLU_selected_subjects,"Twilight,_West_Virginia",clean,0.600,28
2025-12-07 08:03:51,Qwen/Qwen3-8B,MMLU_selected_subjects,Henri_Lansbury,wordd,0.597,28
2025-12-07 08:03:56,Qwen/Qwen3-8B,MMLU_selected_subjects,"Twilight,_West_Virginia",meani,0.590,28
2025-12-07 08:08:41,Qwen/Qwen3-8B,MMLU_selected_subjects,"Twilight,_West_Virginia",wordd,0.584,28
2025-12-07 08:09:14,Qwen/Qwen3-8B,MMLU_selected_subjects,Henri_Lansbury,chara,0.549,28
2025-12-07 08:13:53,Qwen/Qwen3-8B,MMLU_selected_subjects,"Twilight,_West_Virginia",chara,0.536,28
2025-12-07 08:13:57,Qwen/Qwen3-8B,MMLU_selected_subjects,Henry_Opukahaia,clean,0.561,28
2025-12-07 08:18:39,Qwen/Qwen3-8B,MMLU_selected_subjects,Henry_Opukahaia,meani,0.610,28
2025-12-07 08:18:40,Qwen/Qwen3-8B,MMLU_selected_subjects,Tõnis_Kaasik,clean,0.503,28
2025-12-07 08:23:23,Qwen/Qwen3-8B,MMLU_selected_subjects,Henry_Opukahaia,wordd,0.584,28
2025-12-07 08:23:27,Qwen/Qwen3-8B,MMLU_selected_subjects,Tõnis_Kaasik,meani,0.546,28
2025-12-07 08:28:12,Qwen/Qwen3-8B,MMLU_selected_subjects,Tõnis_Kaasik,wordd,0.561,28
2025-12-07 08:28:25,Qwen/Qwen3-8B,MMLU_selected_subjects,Henry_Opukahaia,chara,0.526,28
2025-12-07 08:33:07,Qwen/Qwen3-8B,MMLU_selected_subjects,Herbert_Anijekwu,clean,0.555,28
2025-12-07 08:33:21,Qwen/Qwen3-8B,MMLU_selected_subjects,Tõnis_Kaasik,chara,0.550,28
2025-12-07 08:37:46,Qwen/Qwen3-8B,MMLU_selected_subjects,Herbert_Anijekwu,meani,0.600,28
2025-12-07 08:37:56,Qwen/Qwen3-8B,MMLU_selected_subjects,Tōru_Hashimoto,clean,0.515,28
2025-12-07 08:42:25,Qwen/Qwen3-8B,MMLU_selected_subjects,Herbert_Anijekwu,wordd,0.606,28
2025-12-07 08:42:31,Qwen/Qwen3-8B,MMLU_selected_subjects,Tōru_Hashimoto,meani,0.550,28
2025-12-07 08:47:09,Qwen/Qwen3-8B,MMLU_selected_subjects,Tōru_Hashimoto,wordd,0.566,28
2025-12-07 08:47:20,Qwen/Qwen3-8B,MMLU_selected_subjects,Herbert_Anijekwu,chara,0.543,28
2025-12-07 08:52:03,Qwen/Qwen3-8B,MMLU_selected_subjects,Herschel_Currie,clean,0.525,28
2025-12-07 08:52:07,Qwen/Qwen3-8B,MMLU_selected_subjects,Tōru_Hashimoto,chara,0.521,28
2025-12-07 08:56:44,Qwen/Qwen3-8B,MMLU_selected_subjects,Herschel_Currie,meani,0.578,28
2025-12-07 08:56:58,Qwen/Qwen3-8B,MMLU_selected_subjects,UP_Stock_Exchange,clean,0.555,28
2025-12-07 09:01:25,Qwen/Qwen3-8B,MMLU_selected_subjects,Herschel_Currie,wordd,0.587,28
2025-12-07 09:01:48,Qwen/Qwen3-8B,MMLU_selected_subjects,UP_Stock_Exchange,meani,0.586,28
2025-12-07 09:06:32,Qwen/Qwen3-8B,MMLU_selected_subjects,Herschel_Currie,chara,0.534,28
2025-12-07 09:06:40,Qwen/Qwen3-8B,MMLU_selected_subjects,UP_Stock_Exchange,wordd,0.557,28
2025-12-07 09:11:06,Qwen/Qwen3-8B,MMLU_selected_subjects,Hind_Mazdoor_Sabha,clean,0.564,28
2025-12-07 09:12:08,Qwen/Qwen3-8B,MMLU_selected_subjects,UP_Stock_Exchange,chara,0.556,28
2025-12-07 09:15:39,Qwen/Qwen3-8B,MMLU_selected_subjects,Hind_Mazdoor_Sabha,meani,0.605,28
2025-12-07 09:17:07,Qwen/Qwen3-8B,MMLU_selected_subjects,USS_General_M._B._Stewart,clean,0.564,28
2025-12-07 09:20:11,Qwen/Qwen3-8B,MMLU_selected_subjects,Hind_Mazdoor_Sabha,wordd,0.583,28
2025-12-07 09:21:59,Qwen/Qwen3-8B,MMLU_selected_subjects,USS_General_M._B._Stewart,meani,0.602,28
2025-12-07 09:25:01,Qwen/Qwen3-8B,MMLU_selected_subjects,Hind_Mazdoor_Sabha,chara,0.522,28
2025-12-07 09:26:57,Qwen/Qwen3-8B,MMLU_selected_subjects,USS_General_M._B._Stewart,wordd,0.582,28
2025-12-07 09:29:56,Qwen/Qwen3-8B,MMLU_selected_subjects,Hispar_Glacier,clean,0.573,28
2025-12-07 09:32:13,Qwen/Qwen3-8B,MMLU_selected_subjects,USS_General_M._B._Stewart,chara,0.529,28
2025-12-07 09:34:50,Qwen/Qwen3-8B,MMLU_selected_subjects,Hispar_Glacier,meani,0.576,28
2025-12-07 09:36:53,Qwen/Qwen3-8B,MMLU_selected_subjects,USS_Halsey_(DLG-23),clean,0.598,28
2025-12-07 09:39:45,Qwen/Qwen3-8B,MMLU_selected_subjects,Hispar_Glacier,wordd,0.548,28
2025-12-07 09:41:31,Qwen/Qwen3-8B,MMLU_selected_subjects,USS_Halsey_(DLG-23),meani,0.606,28
2025-12-07 09:44:59,Qwen/Qwen3-8B,MMLU_selected_subjects,Hispar_Glacier,chara,0.538,28
2025-12-07 09:46:09,Qwen/Qwen3-8B,MMLU_selected_subjects,USS_Halsey_(DLG-23),wordd,0.601,28
2025-12-07 09:49:41,Qwen/Qwen3-8B,MMLU_selected_subjects,Hits_55,clean,0.586,28
2025-12-07 09:51:03,Qwen/Qwen3-8B,MMLU_selected_subjects,USS_Halsey_(DLG-23),chara,0.546,28
2025-12-07 09:54:22,Qwen/Qwen3-8B,MMLU_selected_subjects,Hits_55,meani,0.607,28
2025-12-07 09:55:39,Qwen/Qwen3-8B,MMLU_selected_subjects,USS_Rhode_Island_(SSBN-740),clean,0.584,28
2025-12-07 09:59:04,Qwen/Qwen3-8B,MMLU_selected_subjects,Hits_55,wordd,0.605,28
2025-12-07 10:00:08,Qwen/Qwen3-8B,MMLU_selected_subjects,USS_Rhode_Island_(SSBN-740),meani,0.605,28
2025-12-07 10:04:07,Qwen/Qwen3-8B,MMLU_selected_subjects,Hits_55,chara,0.510,28
2025-12-07 10:04:37,Qwen/Qwen3-8B,MMLU_selected_subjects,USS_Rhode_Island_(SSBN-740),wordd,0.595,28
2025-12-07 10:08:48,Qwen/Qwen3-8B,MMLU_selected_subjects,Hoary-headed_grebe,clean,0.556,28
2025-12-07 10:09:19,Qwen/Qwen3-8B,MMLU_selected_subjects,USS_Rhode_Island_(SSBN-740),chara,0.566,28
2025-12-07 10:13:29,Qwen/Qwen3-8B,MMLU_selected_subjects,Hoary-headed_grebe,meani,0.595,28
2025-12-07 10:14:19,Qwen/Qwen3-8B,MMLU_selected_subjects,Udayavani,clean,0.556,28
2025-12-07 10:18:09,Qwen/Qwen3-8B,MMLU_selected_subjects,Hoary-headed_grebe,wordd,0.574,28
2025-12-07 10:19:17,Qwen/Qwen3-8B,MMLU_selected_subjects,Udayavani,meani,0.580,28
2025-12-07 10:23:09,Qwen/Qwen3-8B,MMLU_selected_subjects,Hoary-headed_grebe,chara,0.543,28
2025-12-07 10:24:14,Qwen/Qwen3-8B,MMLU_selected_subjects,Udayavani,wordd,0.586,28
2025-12-07 10:28:01,Qwen/Qwen3-8B,MMLU_selected_subjects,Hoghton_railway_station,clean,0.573,28
2025-12-07 10:29:41,Qwen/Qwen3-8B,MMLU_selected_subjects,Udayavani,chara,0.556,28
2025-12-07 10:32:52,Qwen/Qwen3-8B,MMLU_selected_subjects,Hoghton_railway_station,meani,0.594,28
2025-12-07 10:34:44,Qwen/Qwen3-8B,MMLU_selected_subjects,Umbria_(Chamber_of_Deputies_constituency),clean,0.555,28
2025-12-07 10:37:44,Qwen/Qwen3-8B,MMLU_selected_subjects,Hoghton_railway_station,wordd,0.591,28
2025-12-07 10:39:41,Qwen/Qwen3-8B,MMLU_selected_subjects,Umbria_(Chamber_of_Deputies_constituency),meani,0.601,28
2025-12-07 10:43:06,Qwen/Qwen3-8B,MMLU_selected_subjects,Hoghton_railway_station,chara,0.558,28
2025-12-07 10:44:37,Qwen/Qwen3-8B,MMLU_selected_subjects,Umbria_(Chamber_of_Deputies_constituency),wordd,0.579,28
2025-12-07 10:47:57,Qwen/Qwen3-8B,MMLU_selected_subjects,Honbasho,clean,0.547,28
2025-12-07 10:50:11,Qwen/Qwen3-8B,MMLU_selected_subjects,Umbria_(Chamber_of_Deputies_constituency),chara,0.536,28
2025-12-07 10:52:46,Qwen/Qwen3-8B,MMLU_selected_subjects,Honbasho,meani,0.552,28
2025-12-07 10:55:04,Qwen/Qwen3-8B,MMLU_selected_subjects,Under_Siege_(Live_in_Barcelona),clean,0.601,28
2025-12-07 10:57:35,Qwen/Qwen3-8B,MMLU_selected_subjects,Honbasho,wordd,0.552,28
2025-12-07 10:59:56,Qwen/Qwen3-8B,MMLU_selected_subjects,Under_Siege_(Live_in_Barcelona),meani,0.609,28
2025-12-07 11:02:55,Qwen/Qwen3-8B,MMLU_selected_subjects,Honbasho,chara,0.542,28
2025-12-07 11:04:45,Qwen/Qwen3-8B,MMLU_selected_subjects,Under_Siege_(Live_in_Barcelona),wordd,0.603,28
2025-12-07 11:07:26,Qwen/Qwen3-8B,MMLU_selected_subjects,"Hornby,_New_Zealand",clean,0.555,28
2025-12-07 11:10:11,Qwen/Qwen3-8B,MMLU_selected_subjects,Under_Siege_(Live_in_Barcelona),chara,0.560,28
2025-12-07 11:11:56,Qwen/Qwen3-8B,MMLU_selected_subjects,"Hornby,_New_Zealand",meani,0.583,28
2025-12-07 11:14:49,Qwen/Qwen3-8B,MMLU_selected_subjects,Union_for_International_Cancer_Control,clean,0.514,28
2025-12-07 11:16:27,Qwen/Qwen3-8B,MMLU_selected_subjects,"Hornby,_New_Zealand",wordd,0.539,28
2025-12-07 11:19:25,Qwen/Qwen3-8B,MMLU_selected_subjects,Union_for_International_Cancer_Control,meani,0.550,28
2025-12-07 11:21:14,Qwen/Qwen3-8B,MMLU_selected_subjects,"Hornby,_New_Zealand",chara,0.550,28
2025-12-07 11:24:02,Qwen/Qwen3-8B,MMLU_selected_subjects,Union_for_International_Cancer_Control,wordd,0.588,28
2025-12-07 11:25:54,Qwen/Qwen3-8B,MMLU_selected_subjects,Horticultural_flora,clean,0.572,28
2025-12-07 11:29:12,Qwen/Qwen3-8B,MMLU_selected_subjects,Union_for_International_Cancer_Control,chara,0.557,28
2025-12-07 11:30:33,Qwen/Qwen3-8B,MMLU_selected_subjects,Horticultural_flora,meani,0.580,28
2025-12-07 11:33:54,Qwen/Qwen3-8B,MMLU_selected_subjects,"United_Dominion_Industries,_Inc._v._United_States",clean,0.606,28
2025-12-07 11:35:14,Qwen/Qwen3-8B,MMLU_selected_subjects,Horticultural_flora,wordd,0.578,28
2025-12-07 11:38:34,Qwen/Qwen3-8B,MMLU_selected_subjects,"United_Dominion_Industries,_Inc._v._United_States",meani,0.601,28
2025-12-07 11:40:23,Qwen/Qwen3-8B,MMLU_selected_subjects,Horticultural_flora,chara,0.545,28
2025-12-07 11:43:10,Qwen/Qwen3-8B,MMLU_selected_subjects,"United_Dominion_Industries,_Inc._v._United_States",wordd,0.605,28
2025-12-07 11:45:12,Qwen/Qwen3-8B,MMLU_selected_subjects,Hrayr_Shahinian,clean,0.524,28
2025-12-07 11:48:12,Qwen/Qwen3-8B,MMLU_selected_subjects,"United_Dominion_Industries,_Inc._v._United_States",chara,0.542,28
2025-12-07 11:50:00,Qwen/Qwen3-8B,MMLU_selected_subjects,Hrayr_Shahinian,meani,0.589,28
2025-12-07 11:52:44,Qwen/Qwen3-8B,MMLU_selected_subjects,United_States_national_under-15_baseball_team,clean,0.554,28
2025-12-07 11:54:50,Qwen/Qwen3-8B,MMLU_selected_subjects,Hrayr_Shahinian,wordd,0.595,28
2025-12-07 11:57:14,Qwen/Qwen3-8B,MMLU_selected_subjects,United_States_national_under-15_baseball_team,meani,0.577,28
2025-12-07 12:00:05,Qwen/Qwen3-8B,MMLU_selected_subjects,Hrayr_Shahinian,chara,0.518,28
2025-12-07 12:01:53,Qwen/Qwen3-8B,MMLU_selected_subjects,United_States_national_under-15_baseball_team,wordd,0.593,28
2025-12-07 12:05:06,Qwen/Qwen3-8B,MMLU_selected_subjects,Hueyatlaco,clean,0.568,28
2025-12-07 12:06:42,Qwen/Qwen3-8B,MMLU_selected_subjects,United_States_national_under-15_baseball_team,chara,0.552,28
2025-12-07 12:10:05,Qwen/Qwen3-8B,MMLU_selected_subjects,Hueyatlaco,meani,0.578,28
2025-12-07 12:11:24,Qwen/Qwen3-8B,MMLU_selected_subjects,Unseo_station,clean,0.601,28
2025-12-07 12:15:05,Qwen/Qwen3-8B,MMLU_selected_subjects,Hueyatlaco,wordd,0.564,28
2025-12-07 12:16:07,Qwen/Qwen3-8B,MMLU_selected_subjects,Unseo_station,meani,0.606,28
2025-12-07 12:20:44,Qwen/Qwen3-8B,MMLU_selected_subjects,Hueyatlaco,chara,0.527,28
2025-12-07 12:20:45,Qwen/Qwen3-8B,MMLU_selected_subjects,Unseo_station,wordd,0.572,28
2025-12-07 12:25:23,Qwen/Qwen3-8B,MMLU_selected_subjects,"Huilong,_Xingren_County",clean,0.566,28
2025-12-07 12:25:48,Qwen/Qwen3-8B,MMLU_selected_subjects,Unseo_station,chara,0.496,28
2025-12-07 12:30:02,Qwen/Qwen3-8B,MMLU_selected_subjects,"Huilong,_Xingren_County",meani,0.600,28
2025-12-07 12:30:48,Qwen/Qwen3-8B,MMLU_selected_subjects,Urban_Shocker,clean,0.565,28
2025-12-07 12:34:43,Qwen/Qwen3-8B,MMLU_selected_subjects,"Huilong,_Xingren_County",wordd,0.613,28
2025-12-07 12:35:51,Qwen/Qwen3-8B,MMLU_selected_subjects,Urban_Shocker,meani,0.614,28
2025-12-07 12:39:37,Qwen/Qwen3-8B,MMLU_selected_subjects,"Huilong,_Xingren_County",chara,0.539,28
2025-12-07 12:40:51,Qwen/Qwen3-8B,MMLU_selected_subjects,Urban_Shocker,wordd,0.600,28
2025-12-07 12:44:12,Qwen/Qwen3-8B,MMLU_selected_subjects,Hybridella,clean,0.582,28
2025-12-07 12:46:35,Qwen/Qwen3-8B,MMLU_selected_subjects,Urban_Shocker,chara,0.561,28
2025-12-07 12:48:46,Qwen/Qwen3-8B,MMLU_selected_subjects,Hybridella,meani,0.599,28
2025-12-07 12:51:25,Qwen/Qwen3-8B,MMLU_selected_subjects,Ustad_Tafu,clean,0.511,28
2025-12-07 12:53:20,Qwen/Qwen3-8B,MMLU_selected_subjects,Hybridella,wordd,0.602,28
2025-12-07 12:56:05,Qwen/Qwen3-8B,MMLU_selected_subjects,Ustad_Tafu,meani,0.593,28
2025-12-07 12:58:02,Qwen/Qwen3-8B,MMLU_selected_subjects,Hybridella,chara,0.542,28
2025-12-07 13:00:49,Qwen/Qwen3-8B,MMLU_selected_subjects,Ustad_Tafu,wordd,0.584,28
2025-12-07 13:02:43,Qwen/Qwen3-8B,MMLU_selected_subjects,Hypertropha_tortriciformis,clean,0.552,28
2025-12-07 13:05:45,Qwen/Qwen3-8B,MMLU_selected_subjects,Ustad_Tafu,chara,0.585,28
2025-12-07 13:07:22,Qwen/Qwen3-8B,MMLU_selected_subjects,Hypertropha_tortriciformis,meani,0.586,28
2025-12-07 13:10:19,Qwen/Qwen3-8B,MMLU_selected_subjects,Utva_Aviation_Industry,clean,0.555,28
2025-12-07 13:12:02,Qwen/Qwen3-8B,MMLU_selected_subjects,Hypertropha_tortriciformis,wordd,0.608,28
2025-12-07 13:14:52,Qwen/Qwen3-8B,MMLU_selected_subjects,Utva_Aviation_Industry,meani,0.581,28
2025-12-07 13:16:59,Qwen/Qwen3-8B,MMLU_selected_subjects,Hypertropha_tortriciformis,chara,0.561,28
2025-12-07 13:19:24,Qwen/Qwen3-8B,MMLU_selected_subjects,Utva_Aviation_Industry,wordd,0.568,28
2025-12-07 13:21:32,Qwen/Qwen3-8B,MMLU_selected_subjects,IFK_Askersund,clean,0.523,28
2025-12-07 13:24:10,Qwen/Qwen3-8B,MMLU_selected_subjects,Utva_Aviation_Industry,chara,0.533,28
2025-12-07 13:26:05,Qwen/Qwen3-8B,MMLU_selected_subjects,IFK_Askersund,meani,0.524,28
2025-12-07 13:28:48,Qwen/Qwen3-8B,MMLU_selected_subjects,Utyagulovo,clean,0.571,28
2025-12-07 13:30:37,Qwen/Qwen3-8B,MMLU_selected_subjects,IFK_Askersund,wordd,0.574,28
2025-12-07 13:33:25,Qwen/Qwen3-8B,MMLU_selected_subjects,Utyagulovo,meani,0.570,28
2025-12-07 13:35:26,Qwen/Qwen3-8B,MMLU_selected_subjects,IFK_Askersund,chara,0.558,28
2025-12-07 13:38:03,Qwen/Qwen3-8B,MMLU_selected_subjects,Utyagulovo,wordd,0.591,28
2025-12-07 13:39:58,Qwen/Qwen3-8B,MMLU_selected_subjects,I_Should've_Called,clean,0.513,28
2025-12-07 13:42:57,Qwen/Qwen3-8B,MMLU_selected_subjects,Utyagulovo,chara,0.543,28
2025-12-07 13:44:29,Qwen/Qwen3-8B,MMLU_selected_subjects,I_Should've_Called,meani,0.595,28
2025-12-07 13:47:35,Qwen/Qwen3-8B,MMLU_selected_subjects,VZDOR,clean,0.532,28
2025-12-07 13:49:00,Qwen/Qwen3-8B,MMLU_selected_subjects,I_Should've_Called,wordd,0.573,28
2025-12-07 13:52:05,Qwen/Qwen3-8B,MMLU_selected_subjects,VZDOR,meani,0.587,28
2025-12-07 13:53:45,Qwen/Qwen3-8B,MMLU_selected_subjects,I_Should've_Called,chara,0.533,28
2025-12-07 13:56:35,Qwen/Qwen3-8B,MMLU_selected_subjects,VZDOR,wordd,0.587,28
2025-12-07 13:58:53,Qwen/Qwen3-8B,MMLU_selected_subjects,Idaho_State_Highway_53,clean,0.590,28
2025-12-07 14:01:19,Qwen/Qwen3-8B,MMLU_selected_subjects,VZDOR,chara,0.579,28
2025-12-07 14:04:00,Qwen/Qwen3-8B,MMLU_selected_subjects,Idaho_State_Highway_53,meani,0.614,28
2025-12-07 14:06:08,Qwen/Qwen3-8B,MMLU_selected_subjects,V_(programming_language),clean,0.552,28
2025-12-07 14:09:09,Qwen/Qwen3-8B,MMLU_selected_subjects,Idaho_State_Highway_53,wordd,0.601,28
2025-12-07 14:10:48,Qwen/Qwen3-8B,MMLU_selected_subjects,V_(programming_language),meani,0.599,28
2025-12-07 14:14:48,Qwen/Qwen3-8B,MMLU_selected_subjects,Idaho_State_Highway_53,chara,0.529,28
2025-12-07 14:15:25,Qwen/Qwen3-8B,MMLU_selected_subjects,V_(programming_language),wordd,0.614,28
2025-12-07 14:19:26,Qwen/Qwen3-8B,MMLU_selected_subjects,Illinois_Public_Access_Counselor,clean,0.559,28
2025-12-07 14:20:29,Qwen/Qwen3-8B,MMLU_selected_subjects,V_(programming_language),chara,0.512,28
2025-12-07 14:24:04,Qwen/Qwen3-8B,MMLU_selected_subjects,Illinois_Public_Access_Counselor,meani,0.606,28
2025-12-07 14:25:17,Qwen/Qwen3-8B,MMLU_selected_subjects,Vale_Fantasia,clean,0.590,28
2025-12-07 14:28:43,Qwen/Qwen3-8B,MMLU_selected_subjects,Illinois_Public_Access_Counselor,wordd,0.603,28
2025-12-07 14:30:01,Qwen/Qwen3-8B,MMLU_selected_subjects,Vale_Fantasia,meani,0.605,28
2025-12-07 14:33:47,Qwen/Qwen3-8B,MMLU_selected_subjects,Illinois_Public_Access_Counselor,chara,0.547,28
2025-12-07 14:34:39,Qwen/Qwen3-8B,MMLU_selected_subjects,Vale_Fantasia,wordd,0.576,28
2025-12-07 14:38:33,Qwen/Qwen3-8B,MMLU_selected_subjects,Illinois_Route_166,clean,0.558,28
2025-12-07 14:39:36,Qwen/Qwen3-8B,MMLU_selected_subjects,Vale_Fantasia,chara,0.536,28
2025-12-07 14:43:18,Qwen/Qwen3-8B,MMLU_selected_subjects,Illinois_Route_166,meani,0.596,28
2025-12-07 14:44:17,Qwen/Qwen3-8B,MMLU_selected_subjects,Varda_Bar-Kar,clean,0.523,28
2025-12-07 14:48:02,Qwen/Qwen3-8B,MMLU_selected_subjects,Illinois_Route_166,wordd,0.599,28
2025-12-07 14:48:58,Qwen/Qwen3-8B,MMLU_selected_subjects,Varda_Bar-Kar,meani,0.593,28
2025-12-07 14:53:07,Qwen/Qwen3-8B,MMLU_selected_subjects,Illinois_Route_166,chara,0.548,28
2025-12-07 14:53:39,Qwen/Qwen3-8B,MMLU_selected_subjects,Varda_Bar-Kar,wordd,0.603,28
2025-12-07 14:58:05,Qwen/Qwen3-8B,MMLU_selected_subjects,Ilona_Ostrowska,clean,0.566,28
2025-12-07 14:58:32,Qwen/Qwen3-8B,MMLU_selected_subjects,Varda_Bar-Kar,chara,0.556,28
2025-12-07 15:03:00,Qwen/Qwen3-8B,MMLU_selected_subjects,Ilona_Ostrowska,meani,0.584,28
2025-12-07 15:03:06,Qwen/Qwen3-8B,MMLU_selected_subjects,Victor_Ekpuk,clean,0.527,28
2025-12-07 15:07:41,Qwen/Qwen3-8B,MMLU_selected_subjects,Victor_Ekpuk,meani,0.598,28
2025-12-07 15:07:57,Qwen/Qwen3-8B,MMLU_selected_subjects,Ilona_Ostrowska,wordd,0.591,28
2025-12-07 15:12:20,Qwen/Qwen3-8B,MMLU_selected_subjects,Victor_Ekpuk,wordd,0.601,28
2025-12-07 15:13:22,Qwen/Qwen3-8B,MMLU_selected_subjects,Ilona_Ostrowska,chara,0.510,28
2025-12-07 15:17:08,Qwen/Qwen3-8B,MMLU_selected_subjects,Victor_Ekpuk,chara,0.547,28
2025-12-07 15:17:57,Qwen/Qwen3-8B,MMLU_selected_subjects,Imperial_Russian_Archaeological_Society,clean,0.524,28
2025-12-07 15:21:57,Qwen/Qwen3-8B,MMLU_selected_subjects,Victor_Osipov,clean,0.505,28
2025-12-07 15:22:30,Qwen/Qwen3-8B,MMLU_selected_subjects,Imperial_Russian_Archaeological_Society,meani,0.550,28
2025-12-07 15:26:45,Qwen/Qwen3-8B,MMLU_selected_subjects,Victor_Osipov,meani,0.572,28
2025-12-07 15:27:03,Qwen/Qwen3-8B,MMLU_selected_subjects,Imperial_Russian_Archaeological_Society,wordd,0.555,28
2025-12-07 15:31:32,Qwen/Qwen3-8B,MMLU_selected_subjects,Victor_Osipov,wordd,0.580,28
2025-12-07 15:31:58,Qwen/Qwen3-8B,MMLU_selected_subjects,Imperial_Russian_Archaeological_Society,chara,0.531,28
2025-12-07 15:36:43,Qwen/Qwen3-8B,MMLU_selected_subjects,Victor_Osipov,chara,0.550,28
2025-12-07 15:37:08,Qwen/Qwen3-8B,MMLU_selected_subjects,In_Bloom_(film),clean,0.612,28
2025-12-07 15:41:14,Qwen/Qwen3-8B,MMLU_selected_subjects,Vigaña_(Belmonte),clean,0.572,28
2025-12-07 15:42:17,Qwen/Qwen3-8B,MMLU_selected_subjects,In_Bloom_(film),meani,0.591,28
2025-12-07 15:45:45,Qwen/Qwen3-8B,MMLU_selected_subjects,Vigaña_(Belmonte),meani,0.605,28
2025-12-07 15:47:27,Qwen/Qwen3-8B,MMLU_selected_subjects,In_Bloom_(film),wordd,0.575,28
2025-12-07 15:50:16,Qwen/Qwen3-8B,MMLU_selected_subjects,Vigaña_(Belmonte),wordd,0.589,28
2025-12-07 15:53:09,Qwen/Qwen3-8B,MMLU_selected_subjects,In_Bloom_(film),chara,0.549,28
2025-12-07 15:54:57,Qwen/Qwen3-8B,MMLU_selected_subjects,Vigaña_(Belmonte),chara,0.555,28
2025-12-07 15:58:01,Qwen/Qwen3-8B,MMLU_selected_subjects,Infectious_diseases_(athletes),clean,0.516,28
2025-12-07 15:59:57,Qwen/Qwen3-8B,MMLU_selected_subjects,"Villa_Cerami,_Catania",clean,0.587,28
2025-12-07 16:02:52,Qwen/Qwen3-8B,MMLU_selected_subjects,Infectious_diseases_(athletes),meani,0.521,28
2025-12-07 16:04:57,Qwen/Qwen3-8B,MMLU_selected_subjects,"Villa_Cerami,_Catania",meani,0.590,28
2025-12-07 16:07:43,Qwen/Qwen3-8B,MMLU_selected_subjects,Infectious_diseases_(athletes),wordd,0.554,28
2025-12-07 16:09:57,Qwen/Qwen3-8B,MMLU_selected_subjects,"Villa_Cerami,_Catania",wordd,0.579,28
2025-12-07 16:13:22,Qwen/Qwen3-8B,MMLU_selected_subjects,Infectious_diseases_(athletes),chara,0.527,28
2025-12-07 16:15:30,Qwen/Qwen3-8B,MMLU_selected_subjects,"Villa_Cerami,_Catania",chara,0.487,28
2025-12-07 16:18:01,Qwen/Qwen3-8B,MMLU_selected_subjects,Ingyeo_ingan,clean,0.568,28
2025-12-07 16:20:05,Qwen/Qwen3-8B,MMLU_selected_subjects,"Villa_Maria,_Pennsylvania",clean,0.577,28
2025-12-07 16:22:39,Qwen/Qwen3-8B,MMLU_selected_subjects,Ingyeo_ingan,meani,0.593,28
2025-12-07 16:24:40,Qwen/Qwen3-8B,MMLU_selected_subjects,"Villa_Maria,_Pennsylvania",meani,0.568,28
2025-12-07 16:27:17,Qwen/Qwen3-8B,MMLU_selected_subjects,Ingyeo_ingan,wordd,0.579,28
2025-12-07 16:29:14,Qwen/Qwen3-8B,MMLU_selected_subjects,"Villa_Maria,_Pennsylvania",wordd,0.587,28
2025-12-07 16:32:10,Qwen/Qwen3-8B,MMLU_selected_subjects,Ingyeo_ingan,chara,0.523,28
2025-12-07 16:34:10,Qwen/Qwen3-8B,MMLU_selected_subjects,"Villa_Maria,_Pennsylvania",chara,0.534,28
2025-12-07 16:36:53,Qwen/Qwen3-8B,MMLU_selected_subjects,Inna_Sayenko,clean,0.563,28
2025-12-07 16:38:42,Qwen/Qwen3-8B,MMLU_selected_subjects,Vinayak_Nagar,clean,0.585,28
2025-12-07 16:41:34,Qwen/Qwen3-8B,MMLU_selected_subjects,Inna_Sayenko,meani,0.567,28
2025-12-07 16:43:15,Qwen/Qwen3-8B,MMLU_selected_subjects,Vinayak_Nagar,meani,0.594,28
2025-12-07 16:46:16,Qwen/Qwen3-8B,MMLU_selected_subjects,Inna_Sayenko,wordd,0.587,28
2025-12-07 16:47:46,Qwen/Qwen3-8B,MMLU_selected_subjects,Vinayak_Nagar,wordd,0.589,28
2025-12-07 16:51:12,Qwen/Qwen3-8B,MMLU_selected_subjects,Inna_Sayenko,chara,0.539,28
2025-12-07 16:52:29,Qwen/Qwen3-8B,MMLU_selected_subjects,Vinayak_Nagar,chara,0.567,28
2025-12-07 16:55:41,Qwen/Qwen3-8B,MMLU_selected_subjects,Institute_for_Applied_Research_and_Community_Collaboration,clean,0.555,28
2025-12-07 16:57:51,Qwen/Qwen3-8B,MMLU_selected_subjects,Virudhunagar_district,clean,0.594,28
2025-12-07 17:00:10,Qwen/Qwen3-8B,MMLU_selected_subjects,Institute_for_Applied_Research_and_Community_Collaboration,meani,0.590,28
2025-12-07 17:03:09,Qwen/Qwen3-8B,MMLU_selected_subjects,Virudhunagar_district,meani,0.602,28
2025-12-07 17:04:39,Qwen/Qwen3-8B,MMLU_selected_subjects,Institute_for_Applied_Research_and_Community_Collaboration,wordd,0.591,28
2025-12-07 17:08:15,Qwen/Qwen3-8B,MMLU_selected_subjects,Virudhunagar_district,wordd,0.609,28
2025-12-07 17:09:24,Qwen/Qwen3-8B,MMLU_selected_subjects,Institute_for_Applied_Research_and_Community_Collaboration,chara,0.541,28
2025-12-07 17:13:50,Qwen/Qwen3-8B,MMLU_selected_subjects,Virudhunagar_district,chara,0.493,28
2025-12-07 17:13:56,Qwen/Qwen3-8B,MMLU_selected_subjects,"Institute_of_Physics,_Azerbaijan_National_Academy_of_Sciences",clean,0.475,28
2025-12-07 17:18:25,Qwen/Qwen3-8B,MMLU_selected_subjects,Vitrinidae,clean,0.582,28
2025-12-07 17:18:28,Qwen/Qwen3-8B,MMLU_selected_subjects,"Institute_of_Physics,_Azerbaijan_National_Academy_of_Sciences",meani,0.539,28
2025-12-07 17:22:59,Qwen/Qwen3-8B,MMLU_selected_subjects,"Institute_of_Physics,_Azerbaijan_National_Academy_of_Sciences",wordd,0.563,28
2025-12-07 17:23:01,Qwen/Qwen3-8B,MMLU_selected_subjects,Vitrinidae,meani,0.625,28
2025-12-07 17:27:35,Qwen/Qwen3-8B,MMLU_selected_subjects,Vitrinidae,wordd,0.623,28
2025-12-07 17:27:51,Qwen/Qwen3-8B,MMLU_selected_subjects,"Institute_of_Physics,_Azerbaijan_National_Academy_of_Sciences",chara,0.532,28
2025-12-07 17:32:17,Qwen/Qwen3-8B,MMLU_selected_subjects,Vitrinidae,chara,0.551,28
2025-12-07 17:32:39,Qwen/Qwen3-8B,MMLU_selected_subjects,Invasion_of_the_Star_Creatures,clean,0.596,28
2025-12-07 17:37:09,Qwen/Qwen3-8B,MMLU_selected_subjects,Vitória_school_attack,clean,0.561,28
2025-12-07 17:37:25,Qwen/Qwen3-8B,MMLU_selected_subjects,Invasion_of_the_Star_Creatures,meani,0.609,28
2025-12-07 17:41:59,Qwen/Qwen3-8B,MMLU_selected_subjects,Vitória_school_attack,meani,0.607,28
2025-12-07 17:42:10,Qwen/Qwen3-8B,MMLU_selected_subjects,Invasion_of_the_Star_Creatures,wordd,0.597,28
2025-12-07 17:46:50,Qwen/Qwen3-8B,MMLU_selected_subjects,Vitória_school_attack,wordd,0.578,28
2025-12-07 17:47:26,Qwen/Qwen3-8B,MMLU_selected_subjects,Invasion_of_the_Star_Creatures,chara,0.546,28
2025-12-07 17:52:14,Qwen/Qwen3-8B,MMLU_selected_subjects,Vitória_school_attack,chara,0.540,28
2025-12-07 17:52:37,Qwen/Qwen3-8B,MMLU_selected_subjects,Irun_railway_station,clean,0.557,28
2025-12-07 17:57:07,Qwen/Qwen3-8B,MMLU_selected_subjects,Vladas_Česiūnas,clean,0.549,28
2025-12-07 17:57:46,Qwen/Qwen3-8B,MMLU_selected_subjects,Irun_railway_station,meani,0.587,28
2025-12-07 18:02:02,Qwen/Qwen3-8B,MMLU_selected_subjects,Vladas_Česiūnas,meani,0.588,28
2025-12-07 18:02:55,Qwen/Qwen3-8B,MMLU_selected_subjects,Irun_railway_station,wordd,0.590,28
2025-12-07 18:06:54,Qwen/Qwen3-8B,MMLU_selected_subjects,Vladas_Česiūnas,wordd,0.595,28
2025-12-07 18:08:37,Qwen/Qwen3-8B,MMLU_selected_subjects,Irun_railway_station,chara,0.525,28
2025-12-07 18:12:07,Qwen/Qwen3-8B,MMLU_selected_subjects,Vladas_Česiūnas,chara,0.531,28
2025-12-07 18:13:09,Qwen/Qwen3-8B,MMLU_selected_subjects,Italo_Pacchioni,clean,0.550,28
2025-12-07 18:16:47,Qwen/Qwen3-8B,MMLU_selected_subjects,Vladimir_Michev,clean,0.542,28
2025-12-07 18:17:40,Qwen/Qwen3-8B,MMLU_selected_subjects,Italo_Pacchioni,meani,0.581,28
2025-12-07 18:21:27,Qwen/Qwen3-8B,MMLU_selected_subjects,Vladimir_Michev,meani,0.594,28
2025-12-07 18:22:11,Qwen/Qwen3-8B,MMLU_selected_subjects,Italo_Pacchioni,wordd,0.579,28
2025-12-07 18:26:25,Qwen/Qwen3-8B,MMLU_selected_subjects,Vladimir_Michev,wordd,0.595,28
2025-12-07 18:26:56,Qwen/Qwen3-8B,MMLU_selected_subjects,Italo_Pacchioni,chara,0.530,28
2025-12-07 18:31:20,Qwen/Qwen3-8B,MMLU_selected_subjects,Vladimir_Michev,chara,0.552,28
2025-12-07 18:31:34,Qwen/Qwen3-8B,MMLU_selected_subjects,Ithytrichia,clean,0.579,28
2025-12-07 18:36:02,Qwen/Qwen3-8B,MMLU_selected_subjects,Vladimir_Nevinsky,clean,0.571,28
2025-12-07 18:36:11,Qwen/Qwen3-8B,MMLU_selected_subjects,Ithytrichia,meani,0.606,28
2025-12-07 18:40:42,Qwen/Qwen3-8B,MMLU_selected_subjects,Vladimir_Nevinsky,meani,0.586,28
2025-12-07 18:40:49,Qwen/Qwen3-8B,MMLU_selected_subjects,Ithytrichia,wordd,0.606,28
2025-12-07 18:45:22,Qwen/Qwen3-8B,MMLU_selected_subjects,Vladimir_Nevinsky,wordd,0.587,28
2025-12-07 18:45:36,Qwen/Qwen3-8B,MMLU_selected_subjects,Ithytrichia,chara,0.530,28
2025-12-07 18:50:23,Qwen/Qwen3-8B,MMLU_selected_subjects,Vladimir_Nevinsky,chara,0.541,28
2025-12-07 18:50:26,Qwen/Qwen3-8B,MMLU_selected_subjects,Jackie_Clarkson,clean,0.552,28
2025-12-07 18:55:04,Qwen/Qwen3-8B,MMLU_selected_subjects,Véronique_Newland,clean,0.490,28
2025-12-07 18:55:16,Qwen/Qwen3-8B,MMLU_selected_subjects,Jackie_Clarkson,meani,0.579,28
2025-12-07 18:59:43,Qwen/Qwen3-8B,MMLU_selected_subjects,Véronique_Newland,meani,0.581,28
2025-12-07 19:00:04,Qwen/Qwen3-8B,MMLU_selected_subjects,Jackie_Clarkson,wordd,0.583,28
2025-12-07 19:04:23,Qwen/Qwen3-8B,MMLU_selected_subjects,Véronique_Newland,wordd,0.581,28
2025-12-07 19:05:17,Qwen/Qwen3-8B,MMLU_selected_subjects,Jackie_Clarkson,chara,0.544,28
2025-12-07 19:09:35,Qwen/Qwen3-8B,MMLU_selected_subjects,Véronique_Newland,chara,0.543,28
2025-12-07 19:09:49,Qwen/Qwen3-8B,MMLU_selected_subjects,"Jackson_County,_Tennessee",clean,0.536,28
2025-12-07 19:14:18,Qwen/Qwen3-8B,MMLU_selected_subjects,"Jackson_County,_Tennessee",meani,0.579,28
2025-12-07 19:14:26,Qwen/Qwen3-8B,MMLU_selected_subjects,WBNJ,clean,0.591,28
2025-12-07 19:18:48,Qwen/Qwen3-8B,MMLU_selected_subjects,"Jackson_County,_Tennessee",wordd,0.556,28
2025-12-07 19:19:17,Qwen/Qwen3-8B,MMLU_selected_subjects,WBNJ,meani,0.604,28
2025-12-07 19:23:29,Qwen/Qwen3-8B,MMLU_selected_subjects,"Jackson_County,_Tennessee",chara,0.524,28
2025-12-07 19:24:10,Qwen/Qwen3-8B,MMLU_selected_subjects,WBNJ,wordd,0.591,28
2025-12-07 19:28:03,Qwen/Qwen3-8B,MMLU_selected_subjects,Jacob_Augustus_Geissenhainer,clean,0.564,28
2025-12-07 19:29:34,Qwen/Qwen3-8B,MMLU_selected_subjects,WBNJ,chara,0.535,28
2025-12-07 19:32:38,Qwen/Qwen3-8B,MMLU_selected_subjects,Jacob_Augustus_Geissenhainer,meani,0.602,28
2025-12-07 19:34:11,Qwen/Qwen3-8B,MMLU_selected_subjects,WLKG,clean,0.550,28
2025-12-07 19:37:12,Qwen/Qwen3-8B,MMLU_selected_subjects,Jacob_Augustus_Geissenhainer,wordd,0.593,28
2025-12-07 19:38:49,Qwen/Qwen3-8B,MMLU_selected_subjects,WLKG,meani,0.602,28
2025-12-07 19:42:03,Qwen/Qwen3-8B,MMLU_selected_subjects,Jacob_Augustus_Geissenhainer,chara,0.553,28
2025-12-07 19:43:25,Qwen/Qwen3-8B,MMLU_selected_subjects,WLKG,wordd,0.598,28
2025-12-07 19:46:44,Qwen/Qwen3-8B,MMLU_selected_subjects,Jacqueline_Humphrey,clean,0.549,28
2025-12-07 19:48:21,Qwen/Qwen3-8B,MMLU_selected_subjects,WLKG,chara,0.532,28
2025-12-07 19:51:22,Qwen/Qwen3-8B,MMLU_selected_subjects,Jacqueline_Humphrey,meani,0.586,28
2025-12-07 19:53:01,Qwen/Qwen3-8B,MMLU_selected_subjects,"Wabeno_(CDP),_Wisconsin",clean,0.583,28
2025-12-07 19:56:00,Qwen/Qwen3-8B,MMLU_selected_subjects,Jacqueline_Humphrey,wordd,0.592,28
2025-12-07 19:57:41,Qwen/Qwen3-8B,MMLU_selected_subjects,"Wabeno_(CDP),_Wisconsin",meani,0.591,28
2025-12-07 20:00:54,Qwen/Qwen3-8B,MMLU_selected_subjects,Jacqueline_Humphrey,chara,0.568,28
2025-12-07 20:02:21,Qwen/Qwen3-8B,MMLU_selected_subjects,"Wabeno_(CDP),_Wisconsin",wordd,0.601,28
2025-12-07 20:05:28,Qwen/Qwen3-8B,MMLU_selected_subjects,Jamaica_at_the_2004_Summer_Paralympics,clean,0.540,28
2025-12-07 20:07:17,Qwen/Qwen3-8B,MMLU_selected_subjects,"Wabeno_(CDP),_Wisconsin",chara,0.508,28
2025-12-07 20:10:00,Qwen/Qwen3-8B,MMLU_selected_subjects,Jamaica_at_the_2004_Summer_Paralympics,meani,0.564,28
2025-12-07 20:12:22,Qwen/Qwen3-8B,MMLU_selected_subjects,Wade_Clark_Mackey,clean,0.503,28
2025-12-07 20:14:32,Qwen/Qwen3-8B,MMLU_selected_subjects,Jamaica_at_the_2004_Summer_Paralympics,wordd,0.576,28
2025-12-07 20:17:16,Qwen/Qwen3-8B,MMLU_selected_subjects,Wade_Clark_Mackey,meani,0.594,28
2025-12-07 20:19:20,Qwen/Qwen3-8B,MMLU_selected_subjects,Jamaica_at_the_2004_Summer_Paralympics,chara,0.551,28
2025-12-07 20:22:12,Qwen/Qwen3-8B,MMLU_selected_subjects,Wade_Clark_Mackey,wordd,0.584,28
2025-12-07 20:24:22,Qwen/Qwen3-8B,MMLU_selected_subjects,Jamyang_Rinchen_Gyaltsen,clean,0.540,28
2025-12-07 20:27:40,Qwen/Qwen3-8B,MMLU_selected_subjects,Wade_Clark_Mackey,chara,0.564,28
2025-12-07 20:29:23,Qwen/Qwen3-8B,MMLU_selected_subjects,Jamyang_Rinchen_Gyaltsen,meani,0.597,28
2025-12-07 20:32:24,Qwen/Qwen3-8B,MMLU_selected_subjects,Wakefield_Castle,clean,0.568,28
2025-12-07 20:34:14,Qwen/Qwen3-8B,MMLU_selected_subjects,Jamyang_Rinchen_Gyaltsen,wordd,0.606,28
2025-12-07 20:37:08,Qwen/Qwen3-8B,MMLU_selected_subjects,Wakefield_Castle,meani,0.599,28
2025-12-07 20:39:11,Qwen/Qwen3-8B,MMLU_selected_subjects,Jamyang_Rinchen_Gyaltsen,chara,0.565,28
2025-12-07 20:41:48,Qwen/Qwen3-8B,MMLU_selected_subjects,Wakefield_Castle,wordd,0.597,28
2025-12-07 20:43:58,Qwen/Qwen3-8B,MMLU_selected_subjects,Javůrek_(surname),clean,0.559,28
2025-12-07 20:46:49,Qwen/Qwen3-8B,MMLU_selected_subjects,Wakefield_Castle,chara,0.532,28
2025-12-07 20:48:42,Qwen/Qwen3-8B,MMLU_selected_subjects,Javůrek_(surname),meani,0.540,28
2025-12-07 20:51:42,Qwen/Qwen3-8B,MMLU_selected_subjects,Walking_in_the_Kingdom,clean,0.592,28
2025-12-07 20:53:26,Qwen/Qwen3-8B,MMLU_selected_subjects,Javůrek_(surname),wordd,0.582,28
2025-12-07 20:56:45,Qwen/Qwen3-8B,MMLU_selected_subjects,Walking_in_the_Kingdom,meani,0.622,28
2025-12-07 20:58:24,Qwen/Qwen3-8B,MMLU_selected_subjects,Javůrek_(surname),chara,0.512,28
2025-12-07 21:01:38,Qwen/Qwen3-8B,MMLU_selected_subjects,Walking_in_the_Kingdom,wordd,0.597,28
2025-12-07 21:02:59,Qwen/Qwen3-8B,MMLU_selected_subjects,Jay_Bowie,clean,0.577,28
2025-12-07 21:07:02,Qwen/Qwen3-8B,MMLU_selected_subjects,Walking_in_the_Kingdom,chara,0.553,28
2025-12-07 21:07:33,Qwen/Qwen3-8B,MMLU_selected_subjects,Jay_Bowie,meani,0.564,28
2025-12-07 21:11:40,Qwen/Qwen3-8B,MMLU_selected_subjects,Ward_Christensen,clean,0.549,28
2025-12-07 21:12:07,Qwen/Qwen3-8B,MMLU_selected_subjects,Jay_Bowie,wordd,0.597,28
2025-12-07 21:16:14,Qwen/Qwen3-8B,MMLU_selected_subjects,Ward_Christensen,meani,0.562,28
2025-12-07 21:16:59,Qwen/Qwen3-8B,MMLU_selected_subjects,Jay_Bowie,chara,0.567,28
2025-12-07 21:20:45,Qwen/Qwen3-8B,MMLU_selected_subjects,Ward_Christensen,wordd,0.586,28
2025-12-07 21:21:30,Qwen/Qwen3-8B,MMLU_selected_subjects,Jazze_Pha_production_discography,clean,0.574,28
2025-12-07 21:25:33,Qwen/Qwen3-8B,MMLU_selected_subjects,Ward_Christensen,chara,0.559,28
2025-12-07 21:25:59,Qwen/Qwen3-8B,MMLU_selected_subjects,Jazze_Pha_production_discography,meani,0.580,28
2025-12-07 21:30:30,Qwen/Qwen3-8B,MMLU_selected_subjects,Jazze_Pha_production_discography,wordd,0.590,28
2025-12-07 21:30:43,Qwen/Qwen3-8B,MMLU_selected_subjects,Washington_State_Route_207,clean,0.582,28
2025-12-07 21:35:13,Qwen/Qwen3-8B,MMLU_selected_subjects,Jazze_Pha_production_discography,chara,0.536,28
2025-12-07 21:35:54,Qwen/Qwen3-8B,MMLU_selected_subjects,Washington_State_Route_207,meani,0.624,28
2025-12-07 21:40:13,Qwen/Qwen3-8B,MMLU_selected_subjects,Jean-Pierre_Liégeois,clean,0.517,28
2025-12-07 21:41:03,Qwen/Qwen3-8B,MMLU_selected_subjects,Washington_State_Route_207,wordd,0.613,28
2025-12-07 21:45:12,Qwen/Qwen3-8B,MMLU_selected_subjects,Jean-Pierre_Liégeois,meani,0.571,28
2025-12-07 21:46:48,Qwen/Qwen3-8B,MMLU_selected_subjects,Washington_State_Route_207,chara,0.550,28
2025-12-07 21:50:11,Qwen/Qwen3-8B,MMLU_selected_subjects,Jean-Pierre_Liégeois,wordd,0.572,28
2025-12-07 21:51:25,Qwen/Qwen3-8B,MMLU_selected_subjects,Water_polo_at_the_2000_Summer_Olympics_–_Men's_qualification,clean,0.589,28
2025-12-07 21:55:51,Qwen/Qwen3-8B,MMLU_selected_subjects,Jean-Pierre_Liégeois,chara,0.540,28
2025-12-07 21:56:15,Qwen/Qwen3-8B,MMLU_selected_subjects,Water_polo_at_the_2000_Summer_Olympics_–_Men's_qualification,meani,0.604,28
2025-12-07 22:00:30,Qwen/Qwen3-8B,MMLU_selected_subjects,Jean_Baptiste_Beaubien,clean,0.570,28
2025-12-07 22:00:53,Qwen/Qwen3-8B,MMLU_selected_subjects,Water_polo_at_the_2000_Summer_Olympics_–_Men's_qualification,wordd,0.617,28
2025-12-07 22:05:08,Qwen/Qwen3-8B,MMLU_selected_subjects,Jean_Baptiste_Beaubien,meani,0.604,28
2025-12-07 22:05:46,Qwen/Qwen3-8B,MMLU_selected_subjects,Water_polo_at_the_2000_Summer_Olympics_–_Men's_qualification,chara,0.553,28
2025-12-07 22:09:46,Qwen/Qwen3-8B,MMLU_selected_subjects,Jean_Baptiste_Beaubien,wordd,0.617,28
2025-12-07 22:10:24,Qwen/Qwen3-8B,MMLU_selected_subjects,We_Fell_in_Love_in_October,clean,0.566,28
2025-12-07 22:14:44,Qwen/Qwen3-8B,MMLU_selected_subjects,Jean_Baptiste_Beaubien,chara,0.532,28
2025-12-07 22:15:02,Qwen/Qwen3-8B,MMLU_selected_subjects,We_Fell_in_Love_in_October,meani,0.590,28
2025-12-07 22:19:38,Qwen/Qwen3-8B,MMLU_selected_subjects,We_Fell_in_Love_in_October,wordd,0.594,28
2025-12-07 22:19:46,Qwen/Qwen3-8B,MMLU_selected_subjects,Jean_Périer,clean,0.573,28
2025-12-07 22:24:31,Qwen/Qwen3-8B,MMLU_selected_subjects,We_Fell_in_Love_in_October,chara,0.501,28
2025-12-07 22:24:45,Qwen/Qwen3-8B,MMLU_selected_subjects,Jean_Périer,meani,0.585,28
2025-12-07 22:29:12,Qwen/Qwen3-8B,MMLU_selected_subjects,Weijia_Pan,clean,0.539,28
2025-12-07 22:29:49,Qwen/Qwen3-8B,MMLU_selected_subjects,Jean_Périer,wordd,0.583,28
2025-12-07 22:33:49,Qwen/Qwen3-8B,MMLU_selected_subjects,Weijia_Pan,meani,0.567,28
2025-12-07 22:35:19,Qwen/Qwen3-8B,MMLU_selected_subjects,Jean_Périer,chara,0.563,28
2025-12-07 22:38:25,Qwen/Qwen3-8B,MMLU_selected_subjects,Weijia_Pan,wordd,0.584,28
2025-12-07 22:40:10,Qwen/Qwen3-8B,MMLU_selected_subjects,Jeff_Bittiger,clean,0.566,28
2025-12-07 22:43:20,Qwen/Qwen3-8B,MMLU_selected_subjects,Weijia_Pan,chara,0.539,28
2025-12-07 22:44:59,Qwen/Qwen3-8B,MMLU_selected_subjects,Jeff_Bittiger,meani,0.604,28
2025-12-07 22:47:57,Qwen/Qwen3-8B,MMLU_selected_subjects,Welfenschloss,clean,0.558,28
2025-12-07 22:49:48,Qwen/Qwen3-8B,MMLU_selected_subjects,Jeff_Bittiger,wordd,0.600,28
2025-12-07 22:52:45,Qwen/Qwen3-8B,MMLU_selected_subjects,Welfenschloss,meani,0.574,28
2025-12-07 22:55:06,Qwen/Qwen3-8B,MMLU_selected_subjects,Jeff_Bittiger,chara,0.523,28
2025-12-07 22:57:21,Qwen/Qwen3-8B,MMLU_selected_subjects,Welfenschloss,wordd,0.581,28
2025-12-07 22:59:37,Qwen/Qwen3-8B,MMLU_selected_subjects,Jelcz,clean,0.546,28
2025-12-07 23:02:16,Qwen/Qwen3-8B,MMLU_selected_subjects,Welfenschloss,chara,0.570,28
2025-12-07 23:04:08,Qwen/Qwen3-8B,MMLU_selected_subjects,Jelcz,meani,0.575,28
2025-12-07 23:06:56,Qwen/Qwen3-8B,MMLU_selected_subjects,Wena_river,clean,0.547,28
2025-12-07 23:08:38,Qwen/Qwen3-8B,MMLU_selected_subjects,Jelcz,wordd,0.583,28
2025-12-07 23:11:36,Qwen/Qwen3-8B,MMLU_selected_subjects,Wena_river,meani,0.582,28
2025-12-07 23:13:21,Qwen/Qwen3-8B,MMLU_selected_subjects,Jelcz,chara,0.580,28
2025-12-07 23:16:16,Qwen/Qwen3-8B,MMLU_selected_subjects,Wena_river,wordd,0.576,28
2025-12-07 23:18:13,Qwen/Qwen3-8B,MMLU_selected_subjects,Jelka_Reichman,clean,0.543,28
2025-12-07 23:21:15,Qwen/Qwen3-8B,MMLU_selected_subjects,Wena_river,chara,0.539,28
2025-12-07 23:23:04,Qwen/Qwen3-8B,MMLU_selected_subjects,Jelka_Reichman,meani,0.566,28
2025-12-07 23:26:22,Qwen/Qwen3-8B,MMLU_selected_subjects,"Weott,_California",clean,0.588,28
2025-12-07 23:27:56,Qwen/Qwen3-8B,MMLU_selected_subjects,Jelka_Reichman,wordd,0.591,28
2025-12-07 23:31:35,Qwen/Qwen3-8B,MMLU_selected_subjects,"Weott,_California",meani,0.595,28
2025-12-07 23:33:14,Qwen/Qwen3-8B,MMLU_selected_subjects,Jelka_Reichman,chara,0.538,28
2025-12-07 23:36:46,Qwen/Qwen3-8B,MMLU_selected_subjects,"Weott,_California",wordd,0.579,28
2025-12-07 23:38:10,Qwen/Qwen3-8B,MMLU_selected_subjects,Jennifer_Lacy,clean,0.588,28
2025-12-07 23:42:26,Qwen/Qwen3-8B,MMLU_selected_subjects,"Weott,_California",chara,0.524,28
2025-12-07 23:43:07,Qwen/Qwen3-8B,MMLU_selected_subjects,Jennifer_Lacy,meani,0.608,28
2025-12-07 23:47:14,Qwen/Qwen3-8B,MMLU_selected_subjects,Who_Let_the_Dogs_Out_(Lambrini_Girls_album),clean,0.586,28
2025-12-07 23:48:03,Qwen/Qwen3-8B,MMLU_selected_subjects,Jennifer_Lacy,wordd,0.593,28
2025-12-07 23:52:00,Qwen/Qwen3-8B,MMLU_selected_subjects,Who_Let_the_Dogs_Out_(Lambrini_Girls_album),meani,0.583,28
2025-12-07 23:53:33,Qwen/Qwen3-8B,MMLU_selected_subjects,Jennifer_Lacy,chara,0.558,28
2025-12-07 23:56:45,Qwen/Qwen3-8B,MMLU_selected_subjects,Who_Let_the_Dogs_Out_(Lambrini_Girls_album),wordd,0.583,28
2025-12-07 23:58:29,Qwen/Qwen3-8B,MMLU_selected_subjects,Jeremiah_Useni,clean,0.577,28
2025-12-08 00:01:57,Qwen/Qwen3-8B,MMLU_selected_subjects,Who_Let_the_Dogs_Out_(Lambrini_Girls_album),chara,0.535,28
2025-12-08 00:03:25,Qwen/Qwen3-8B,MMLU_selected_subjects,Jeremiah_Useni,meani,0.607,28
2025-12-08 00:07:00,Qwen/Qwen3-8B,MMLU_selected_subjects,Wilderness_Tips,clean,0.595,28
2025-12-08 00:08:22,Qwen/Qwen3-8B,MMLU_selected_subjects,Jeremiah_Useni,wordd,0.587,28
2025-12-08 00:12:09,Qwen/Qwen3-8B,MMLU_selected_subjects,Wilderness_Tips,meani,0.591,28
2025-12-08 00:13:54,Qwen/Qwen3-8B,MMLU_selected_subjects,Jeremiah_Useni,chara,0.550,28
2025-12-08 00:17:09,Qwen/Qwen3-8B,MMLU_selected_subjects,Wilderness_Tips,wordd,0.585,28
2025-12-08 00:18:42,Qwen/Qwen3-8B,MMLU_selected_subjects,Jhenaidah,clean,0.529,28
2025-12-08 00:22:52,Qwen/Qwen3-8B,MMLU_selected_subjects,Wilderness_Tips,chara,0.528,28
2025-12-08 00:23:27,Qwen/Qwen3-8B,MMLU_selected_subjects,Jhenaidah,meani,0.587,28
2025-12-08 00:27:47,Qwen/Qwen3-8B,MMLU_selected_subjects,Wildlife_First_v._Union_of_India,clean,0.583,28
2025-12-08 00:28:12,Qwen/Qwen3-8B,MMLU_selected_subjects,Jhenaidah,wordd,0.563,28
2025-12-08 00:32:40,Qwen/Qwen3-8B,MMLU_selected_subjects,Wildlife_First_v._Union_of_India,meani,0.615,28
2025-12-08 00:33:12,Qwen/Qwen3-8B,MMLU_selected_subjects,Jhenaidah,chara,0.517,28
2025-12-08 00:37:32,Qwen/Qwen3-8B,MMLU_selected_subjects,Wildlife_First_v._Union_of_India,wordd,0.592,28
2025-12-08 00:37:56,Qwen/Qwen3-8B,MMLU_selected_subjects,Jieyang_Airport_railway_station,clean,0.555,28
2025-12-08 00:42:37,Qwen/Qwen3-8B,MMLU_selected_subjects,Jieyang_Airport_railway_station,meani,0.589,28
2025-12-08 00:43:01,Qwen/Qwen3-8B,MMLU_selected_subjects,Wildlife_First_v._Union_of_India,chara,0.522,28
2025-12-08 00:47:18,Qwen/Qwen3-8B,MMLU_selected_subjects,Jieyang_Airport_railway_station,wordd,0.590,28
2025-12-08 00:48:05,Qwen/Qwen3-8B,MMLU_selected_subjects,Wilhelm_Ostwald,clean,0.515,28
2025-12-08 00:52:17,Qwen/Qwen3-8B,MMLU_selected_subjects,Jieyang_Airport_railway_station,chara,0.533,28
2025-12-08 00:53:11,Qwen/Qwen3-8B,MMLU_selected_subjects,Wilhelm_Ostwald,meani,0.574,28
2025-12-08 00:56:51,Qwen/Qwen3-8B,MMLU_selected_subjects,Jimmy_Doña,clean,0.561,28
2025-12-08 00:58:13,Qwen/Qwen3-8B,MMLU_selected_subjects,Wilhelm_Ostwald,wordd,0.540,28
2025-12-08 01:01:25,Qwen/Qwen3-8B,MMLU_selected_subjects,Jimmy_Doña,meani,0.595,28
2025-12-08 01:03:53,Qwen/Qwen3-8B,MMLU_selected_subjects,Wilhelm_Ostwald,chara,0.565,28
2025-12-08 01:06:00,Qwen/Qwen3-8B,MMLU_selected_subjects,Jimmy_Doña,wordd,0.605,28
2025-12-08 01:08:23,Qwen/Qwen3-8B,MMLU_selected_subjects,William_Carpenter_(Australian_politician),clean,0.476,28
2025-12-08 01:10:52,Qwen/Qwen3-8B,MMLU_selected_subjects,Jimmy_Doña,chara,0.560,28
2025-12-08 01:12:55,Qwen/Qwen3-8B,MMLU_selected_subjects,William_Carpenter_(Australian_politician),meani,0.580,28
2025-12-08 01:16:06,Qwen/Qwen3-8B,MMLU_selected_subjects,Joakim_Eyde,clean,0.554,28
2025-12-08 01:17:40,Qwen/Qwen3-8B,MMLU_selected_subjects,William_Carpenter_(Australian_politician),wordd,0.571,28
2025-12-08 01:21:21,Qwen/Qwen3-8B,MMLU_selected_subjects,Joakim_Eyde,meani,0.607,28
2025-12-08 01:22:27,Qwen/Qwen3-8B,MMLU_selected_subjects,William_Carpenter_(Australian_politician),chara,0.493,28
2025-12-08 01:26:35,Qwen/Qwen3-8B,MMLU_selected_subjects,Joakim_Eyde,wordd,0.592,28
2025-12-08 01:26:58,Qwen/Qwen3-8B,MMLU_selected_subjects,William_J._Stewart_(hydrographic_surveyor),clean,0.557,28
2025-12-08 01:31:27,Qwen/Qwen3-8B,MMLU_selected_subjects,William_J._Stewart_(hydrographic_surveyor),meani,0.607,28
2025-12-08 01:32:26,Qwen/Qwen3-8B,MMLU_selected_subjects,Joakim_Eyde,chara,0.519,28
2025-12-08 01:35:55,Qwen/Qwen3-8B,MMLU_selected_subjects,William_J._Stewart_(hydrographic_surveyor),wordd,0.570,28
2025-12-08 01:37:23,Qwen/Qwen3-8B,MMLU_selected_subjects,Johan_Cruyff_Shield,clean,0.573,28
2025-12-08 01:40:40,Qwen/Qwen3-8B,MMLU_selected_subjects,William_J._Stewart_(hydrographic_surveyor),chara,0.542,28
2025-12-08 01:42:17,Qwen/Qwen3-8B,MMLU_selected_subjects,Johan_Cruyff_Shield,meani,0.588,28
2025-12-08 01:45:23,Qwen/Qwen3-8B,MMLU_selected_subjects,William_Kreutzer_Jr.,clean,0.594,28
2025-12-08 01:47:10,Qwen/Qwen3-8B,MMLU_selected_subjects,Johan_Cruyff_Shield,wordd,0.599,28
2025-12-08 01:50:05,Qwen/Qwen3-8B,MMLU_selected_subjects,William_Kreutzer_Jr.,meani,0.597,28
2025-12-08 01:52:30,Qwen/Qwen3-8B,MMLU_selected_subjects,Johan_Cruyff_Shield,chara,0.566,28
2025-12-08 01:54:45,Qwen/Qwen3-8B,MMLU_selected_subjects,William_Kreutzer_Jr.,wordd,0.590,28
2025-12-08 01:57:39,Qwen/Qwen3-8B,MMLU_selected_subjects,Johanna_Nestor,clean,0.554,28
2025-12-08 01:59:53,Qwen/Qwen3-8B,MMLU_selected_subjects,William_Kreutzer_Jr.,chara,0.550,28
2025-12-08 02:02:46,Qwen/Qwen3-8B,MMLU_selected_subjects,Johanna_Nestor,meani,0.578,28
2025-12-08 02:05:11,Qwen/Qwen3-8B,MMLU_selected_subjects,Witold_Zawadowski,clean,0.543,28
2025-12-08 02:07:55,Qwen/Qwen3-8B,MMLU_selected_subjects,Johanna_Nestor,wordd,0.585,28
2025-12-08 02:10:22,Qwen/Qwen3-8B,MMLU_selected_subjects,Witold_Zawadowski,meani,0.582,28
2025-12-08 02:13:38,Qwen/Qwen3-8B,MMLU_selected_subjects,Johanna_Nestor,chara,0.549,28
2025-12-08 02:15:35,Qwen/Qwen3-8B,MMLU_selected_subjects,Witold_Zawadowski,wordd,0.584,28
2025-12-08 02:18:23,Qwen/Qwen3-8B,MMLU_selected_subjects,John_August_Swanson,clean,0.566,28
2025-12-08 02:21:18,Qwen/Qwen3-8B,MMLU_selected_subjects,Witold_Zawadowski,chara,0.518,28
2025-12-08 02:23:06,Qwen/Qwen3-8B,MMLU_selected_subjects,John_August_Swanson,meani,0.570,28
2025-12-08 02:25:49,Qwen/Qwen3-8B,MMLU_selected_subjects,Wladimir_Zwalf,clean,0.547,28
2025-12-08 02:27:49,Qwen/Qwen3-8B,MMLU_selected_subjects,John_August_Swanson,wordd,0.590,28
2025-12-08 02:30:20,Qwen/Qwen3-8B,MMLU_selected_subjects,Wladimir_Zwalf,meani,0.600,28
2025-12-08 02:32:57,Qwen/Qwen3-8B,MMLU_selected_subjects,John_August_Swanson,chara,0.545,28
2025-12-08 02:34:55,Qwen/Qwen3-8B,MMLU_selected_subjects,Wladimir_Zwalf,wordd,0.598,28
2025-12-08 02:37:34,Qwen/Qwen3-8B,MMLU_selected_subjects,John_Bird_(artist),clean,0.535,28
2025-12-08 02:39:44,Qwen/Qwen3-8B,MMLU_selected_subjects,Wladimir_Zwalf,chara,0.561,28
2025-12-08 02:42:08,Qwen/Qwen3-8B,MMLU_selected_subjects,John_Bird_(artist),meani,0.586,28
2025-12-08 02:44:58,Qwen/Qwen3-8B,MMLU_selected_subjects,Wladimir_de_Schoenefeld,clean,0.572,28
2025-12-08 02:46:45,Qwen/Qwen3-8B,MMLU_selected_subjects,John_Bird_(artist),wordd,0.571,28
2025-12-08 02:50:12,Qwen/Qwen3-8B,MMLU_selected_subjects,Wladimir_de_Schoenefeld,meani,0.600,28
2025-12-08 02:51:35,Qwen/Qwen3-8B,MMLU_selected_subjects,John_Bird_(artist),chara,0.572,28
2025-12-08 02:55:31,Qwen/Qwen3-8B,MMLU_selected_subjects,Wladimir_de_Schoenefeld,wordd,0.606,28
2025-12-08 02:56:24,Qwen/Qwen3-8B,MMLU_selected_subjects,John_Carter_of_Mars,clean,0.579,28
2025-12-08 03:01:13,Qwen/Qwen3-8B,MMLU_selected_subjects,John_Carter_of_Mars,meani,0.598,28
2025-12-08 03:01:20,Qwen/Qwen3-8B,MMLU_selected_subjects,Wladimir_de_Schoenefeld,chara,0.511,28
2025-12-08 03:06:01,Qwen/Qwen3-8B,MMLU_selected_subjects,John_Carter_of_Mars,wordd,0.602,28
2025-12-08 03:06:56,Qwen/Qwen3-8B,MMLU_selected_subjects,Woodford_(ship),clean,0.584,28
2025-12-08 03:11:22,Qwen/Qwen3-8B,MMLU_selected_subjects,John_Carter_of_Mars,chara,0.520,28
2025-12-08 03:12:18,Qwen/Qwen3-8B,MMLU_selected_subjects,Woodford_(ship),meani,0.620,28
2025-12-08 03:16:08,Qwen/Qwen3-8B,MMLU_selected_subjects,John_Mallard,clean,0.544,28
2025-12-08 03:17:34,Qwen/Qwen3-8B,MMLU_selected_subjects,Woodford_(ship),wordd,0.611,28
2025-12-08 03:20:53,Qwen/Qwen3-8B,MMLU_selected_subjects,John_Mallard,meani,0.588,28
2025-12-08 03:23:31,Qwen/Qwen3-8B,MMLU_selected_subjects,Woodford_(ship),chara,0.527,28
2025-12-08 03:25:39,Qwen/Qwen3-8B,MMLU_selected_subjects,John_Mallard,wordd,0.572,28
2025-12-08 03:28:07,Qwen/Qwen3-8B,MMLU_selected_subjects,Works_(manga),clean,0.576,28
2025-12-08 03:30:48,Qwen/Qwen3-8B,MMLU_selected_subjects,John_Mallard,chara,0.551,28
2025-12-08 03:32:44,Qwen/Qwen3-8B,MMLU_selected_subjects,Works_(manga),meani,0.611,28
2025-12-08 03:35:25,Qwen/Qwen3-8B,MMLU_selected_subjects,Jordan_Gavaris,clean,0.527,28
2025-12-08 03:37:24,Qwen/Qwen3-8B,MMLU_selected_subjects,Works_(manga),wordd,0.607,28
2025-12-08 03:40:02,Qwen/Qwen3-8B,MMLU_selected_subjects,Jordan_Gavaris,meani,0.601,28
2025-12-08 03:42:18,Qwen/Qwen3-8B,MMLU_selected_subjects,Works_(manga),chara,0.547,28
2025-12-08 03:44:40,Qwen/Qwen3-8B,MMLU_selected_subjects,Jordan_Gavaris,wordd,0.600,28
2025-12-08 03:47:02,Qwen/Qwen3-8B,MMLU_selected_subjects,Wren_Sinclair,clean,0.558,28
2025-12-08 03:49:30,Qwen/Qwen3-8B,MMLU_selected_subjects,Jordan_Gavaris,chara,0.562,28
2025-12-08 03:51:45,Qwen/Qwen3-8B,MMLU_selected_subjects,Wren_Sinclair,meani,0.615,28
2025-12-08 03:54:08,Qwen/Qwen3-8B,MMLU_selected_subjects,Joseph_Andrew_Mclean,clean,0.531,28
2025-12-08 03:56:28,Qwen/Qwen3-8B,MMLU_selected_subjects,Wren_Sinclair,wordd,0.588,28
2025-12-08 03:58:47,Qwen/Qwen3-8B,MMLU_selected_subjects,Joseph_Andrew_Mclean,meani,0.586,28
2025-12-08 04:01:37,Qwen/Qwen3-8B,MMLU_selected_subjects,Wren_Sinclair,chara,0.550,28
2025-12-08 04:03:25,Qwen/Qwen3-8B,MMLU_selected_subjects,Joseph_Andrew_Mclean,wordd,0.571,28
2025-12-08 04:06:19,Qwen/Qwen3-8B,MMLU_selected_subjects,Wrestling_at_the_Summer_World_University_Games,clean,0.571,28
2025-12-08 04:08:24,Qwen/Qwen3-8B,MMLU_selected_subjects,Joseph_Andrew_Mclean,chara,0.509,28
2025-12-08 04:10:58,Qwen/Qwen3-8B,MMLU_selected_subjects,Wrestling_at_the_Summer_World_University_Games,meani,0.597,28
2025-12-08 04:13:03,Qwen/Qwen3-8B,MMLU_selected_subjects,Joshua_Jensen-Nagle,clean,0.545,28
2025-12-08 04:15:37,Qwen/Qwen3-8B,MMLU_selected_subjects,Wrestling_at_the_Summer_World_University_Games,wordd,0.592,28
2025-12-08 04:17:39,Qwen/Qwen3-8B,MMLU_selected_subjects,Joshua_Jensen-Nagle,meani,0.589,28
2025-12-08 04:20:34,Qwen/Qwen3-8B,MMLU_selected_subjects,Wrestling_at_the_Summer_World_University_Games,chara,0.507,28
2025-12-08 04:22:15,Qwen/Qwen3-8B,MMLU_selected_subjects,Joshua_Jensen-Nagle,wordd,0.599,28
2025-12-08 04:25:32,Qwen/Qwen3-8B,MMLU_selected_subjects,Yairipok_Thambalnu,clean,0.576,28
2025-12-08 04:27:11,Qwen/Qwen3-8B,MMLU_selected_subjects,Joshua_Jensen-Nagle,chara,0.540,28
2025-12-08 04:30:33,Qwen/Qwen3-8B,MMLU_selected_subjects,Yairipok_Thambalnu,meani,0.624,28
2025-12-08 04:31:52,Qwen/Qwen3-8B,MMLU_selected_subjects,Joshua_Mosley,clean,0.542,28
2025-12-08 04:35:27,Qwen/Qwen3-8B,MMLU_selected_subjects,Yairipok_Thambalnu,wordd,0.608,28
2025-12-08 04:36:31,Qwen/Qwen3-8B,MMLU_selected_subjects,Joshua_Mosley,meani,0.588,28
2025-12-08 04:40:35,Qwen/Qwen3-8B,MMLU_selected_subjects,Yairipok_Thambalnu,chara,0.565,28
2025-12-08 04:41:09,Qwen/Qwen3-8B,MMLU_selected_subjects,Joshua_Mosley,wordd,0.589,28
2025-12-08 04:45:40,Qwen/Qwen3-8B,MMLU_selected_subjects,Yakir,clean,0.574,28
2025-12-08 04:46:06,Qwen/Qwen3-8B,MMLU_selected_subjects,Joshua_Mosley,chara,0.521,28
2025-12-08 04:50:44,Qwen/Qwen3-8B,MMLU_selected_subjects,Yakir,meani,0.607,28
2025-12-08 04:50:50,Qwen/Qwen3-8B,MMLU_selected_subjects,Josien_Ten_Thije-Voortman,clean,0.540,28
2025-12-08 04:55:33,Qwen/Qwen3-8B,MMLU_selected_subjects,Josien_Ten_Thije-Voortman,meani,0.603,28
2025-12-08 04:55:47,Qwen/Qwen3-8B,MMLU_selected_subjects,Yakir,wordd,0.590,28
2025-12-08 05:00:17,Qwen/Qwen3-8B,MMLU_selected_subjects,Josien_Ten_Thije-Voortman,wordd,0.615,28
2025-12-08 05:01:24,Qwen/Qwen3-8B,MMLU_selected_subjects,Yakir,chara,0.538,28
2025-12-08 05:05:19,Qwen/Qwen3-8B,MMLU_selected_subjects,Josien_Ten_Thije-Voortman,chara,0.542,28
2025-12-08 05:06:00,Qwen/Qwen3-8B,MMLU_selected_subjects,Yarra_River_(New_Zealand),clean,0.560,28
2025-12-08 05:09:51,Qwen/Qwen3-8B,MMLU_selected_subjects,Jost_Zetzsche,clean,0.540,28
2025-12-08 05:10:37,Qwen/Qwen3-8B,MMLU_selected_subjects,Yarra_River_(New_Zealand),meani,0.583,28
2025-12-08 05:14:23,Qwen/Qwen3-8B,MMLU_selected_subjects,Jost_Zetzsche,meani,0.584,28
2025-12-08 05:15:12,Qwen/Qwen3-8B,MMLU_selected_subjects,Yarra_River_(New_Zealand),wordd,0.580,28
2025-12-08 05:18:54,Qwen/Qwen3-8B,MMLU_selected_subjects,Jost_Zetzsche,wordd,0.597,28
2025-12-08 05:20:05,Qwen/Qwen3-8B,MMLU_selected_subjects,Yarra_River_(New_Zealand),chara,0.563,28
2025-12-08 05:23:40,Qwen/Qwen3-8B,MMLU_selected_subjects,Jost_Zetzsche,chara,0.541,28
2025-12-08 05:24:41,Qwen/Qwen3-8B,MMLU_selected_subjects,"Yes,_Yes,_Women_Are_My_Weakness",clean,0.567,28
2025-12-08 05:28:35,Qwen/Qwen3-8B,MMLU_selected_subjects,José_Policarpo,clean,0.583,28
2025-12-08 05:29:15,Qwen/Qwen3-8B,MMLU_selected_subjects,"Yes,_Yes,_Women_Are_My_Weakness",meani,0.586,28
2025-12-08 05:33:28,Qwen/Qwen3-8B,MMLU_selected_subjects,José_Policarpo,meani,0.571,28
2025-12-08 05:33:46,Qwen/Qwen3-8B,MMLU_selected_subjects,"Yes,_Yes,_Women_Are_My_Weakness",wordd,0.598,28
2025-12-08 05:38:18,Qwen/Qwen3-8B,MMLU_selected_subjects,José_Policarpo,wordd,0.579,28
2025-12-08 05:38:32,Qwen/Qwen3-8B,MMLU_selected_subjects,"Yes,_Yes,_Women_Are_My_Weakness",chara,0.567,28
2025-12-08 05:43:23,Qwen/Qwen3-8B,MMLU_selected_subjects,Yinhai_District,clean,0.562,28
2025-12-08 05:43:32,Qwen/Qwen3-8B,MMLU_selected_subjects,José_Policarpo,chara,0.539,28
2025-12-08 05:47:55,Qwen/Qwen3-8B,MMLU_selected_subjects,Yinhai_District,meani,0.603,28
2025-12-08 05:48:44,Qwen/Qwen3-8B,MMLU_selected_subjects,Juazeiro_do_Norte,clean,0.566,28
2025-12-08 05:52:30,Qwen/Qwen3-8B,MMLU_selected_subjects,Yinhai_District,wordd,0.577,28
2025-12-08 05:53:53,Qwen/Qwen3-8B,MMLU_selected_subjects,Juazeiro_do_Norte,meani,0.604,28
2025-12-08 05:57:11,Qwen/Qwen3-8B,MMLU_selected_subjects,Yinhai_District,chara,0.558,28
2025-12-08 05:59:04,Qwen/Qwen3-8B,MMLU_selected_subjects,Juazeiro_do_Norte,wordd,0.566,28
2025-12-08 06:01:59,Qwen/Qwen3-8B,MMLU_selected_subjects,York_Central_(development),clean,0.594,28
2025-12-08 06:04:53,Qwen/Qwen3-8B,MMLU_selected_subjects,Juazeiro_do_Norte,chara,0.545,28
2025-12-08 06:06:46,Qwen/Qwen3-8B,MMLU_selected_subjects,York_Central_(development),meani,0.584,28
2025-12-08 06:09:36,Qwen/Qwen3-8B,MMLU_selected_subjects,July_2016_Turkish_military_asylum_incident_in_Greece,clean,0.590,28
2025-12-08 06:11:33,Qwen/Qwen3-8B,MMLU_selected_subjects,York_Central_(development),wordd,0.573,28
2025-12-08 06:14:19,Qwen/Qwen3-8B,MMLU_selected_subjects,July_2016_Turkish_military_asylum_incident_in_Greece,meani,0.610,28
2025-12-08 06:16:52,Qwen/Qwen3-8B,MMLU_selected_subjects,York_Central_(development),chara,0.565,28
2025-12-08 06:19:02,Qwen/Qwen3-8B,MMLU_selected_subjects,July_2016_Turkish_military_asylum_incident_in_Greece,wordd,0.610,28
2025-12-08 06:21:29,Qwen/Qwen3-8B,MMLU_selected_subjects,Youmacon,clean,0.581,28
2025-12-08 06:24:14,Qwen/Qwen3-8B,MMLU_selected_subjects,July_2016_Turkish_military_asylum_incident_in_Greece,chara,0.548,28
2025-12-08 06:26:06,Qwen/Qwen3-8B,MMLU_selected_subjects,Youmacon,meani,0.576,28
2025-12-08 06:29:07,Qwen/Qwen3-8B,MMLU_selected_subjects,"Junius,_New_York",clean,0.578,28
2025-12-08 06:30:44,Qwen/Qwen3-8B,MMLU_selected_subjects,Youmacon,wordd,0.577,28
2025-12-08 06:34:00,Qwen/Qwen3-8B,MMLU_selected_subjects,"Junius,_New_York",meani,0.586,28
2025-12-08 06:36:07,Qwen/Qwen3-8B,MMLU_selected_subjects,Youmacon,chara,0.515,28
2025-12-08 06:38:52,Qwen/Qwen3-8B,MMLU_selected_subjects,"Junius,_New_York",wordd,0.579,28
2025-12-08 06:40:52,Qwen/Qwen3-8B,MMLU_selected_subjects,Zaouïa_of_Sidi_Saâdi,clean,0.572,28
2025-12-08 06:44:13,Qwen/Qwen3-8B,MMLU_selected_subjects,"Junius,_New_York",chara,0.532,28
2025-12-08 06:45:36,Qwen/Qwen3-8B,MMLU_selected_subjects,Zaouïa_of_Sidi_Saâdi,meani,0.602,28
2025-12-08 06:49:00,Qwen/Qwen3-8B,MMLU_selected_subjects,Jurva,clean,0.573,28
2025-12-08 06:50:21,Qwen/Qwen3-8B,MMLU_selected_subjects,Zaouïa_of_Sidi_Saâdi,wordd,0.592,28
2025-12-08 06:53:47,Qwen/Qwen3-8B,MMLU_selected_subjects,Jurva,meani,0.551,28
2025-12-08 06:55:27,Qwen/Qwen3-8B,MMLU_selected_subjects,Zaouïa_of_Sidi_Saâdi,chara,0.530,28
2025-12-08 06:58:33,Qwen/Qwen3-8B,MMLU_selected_subjects,Jurva,wordd,0.578,28
2025-12-08 07:00:00,Qwen/Qwen3-8B,MMLU_selected_subjects,Zapadnyy_(village),clean,0.575,28
2025-12-08 07:03:42,Qwen/Qwen3-8B,MMLU_selected_subjects,Jurva,chara,0.523,28
2025-12-08 07:04:34,Qwen/Qwen3-8B,MMLU_selected_subjects,Zapadnyy_(village),meani,0.583,28
2025-12-08 07:08:20,Qwen/Qwen3-8B,MMLU_selected_subjects,Justin_Potter,clean,0.551,28
2025-12-08 07:09:06,Qwen/Qwen3-8B,MMLU_selected_subjects,Zapadnyy_(village),wordd,0.576,28
2025-12-08 07:12:58,Qwen/Qwen3-8B,MMLU_selected_subjects,Justin_Potter,meani,0.618,28
2025-12-08 07:13:47,Qwen/Qwen3-8B,MMLU_selected_subjects,Zapadnyy_(village),chara,0.562,28
2025-12-08 07:17:36,Qwen/Qwen3-8B,MMLU_selected_subjects,Justin_Potter,wordd,0.583,28
2025-12-08 07:18:15,Qwen/Qwen3-8B,MMLU_selected_subjects,Zenobia_pulverulenta,clean,0.584,28
2025-12-08 07:22:41,Qwen/Qwen3-8B,MMLU_selected_subjects,Justin_Potter,chara,0.568,28
2025-12-08 07:22:44,Qwen/Qwen3-8B,MMLU_selected_subjects,Zenobia_pulverulenta,meani,0.593,28
2025-12-08 07:27:14,Qwen/Qwen3-8B,MMLU_selected_subjects,Zenobia_pulverulenta,wordd,0.585,28
2025-12-08 07:27:25,Qwen/Qwen3-8B,MMLU_selected_subjects,K._S._Alagiri,clean,0.530,28
2025-12-08 07:31:57,Qwen/Qwen3-8B,MMLU_selected_subjects,Zenobia_pulverulenta,chara,0.496,28
2025-12-08 07:32:09,Qwen/Qwen3-8B,MMLU_selected_subjects,K._S._Alagiri,meani,0.587,28
2025-12-08 07:36:34,Qwen/Qwen3-8B,MMLU_selected_subjects,Zoo_des_Sables,clean,0.535,28
2025-12-08 07:36:53,Qwen/Qwen3-8B,MMLU_selected_subjects,K._S._Alagiri,wordd,0.593,28
2025-12-08 07:41:17,Qwen/Qwen3-8B,MMLU_selected_subjects,Zoo_des_Sables,meani,0.557,28
2025-12-08 07:42:01,Qwen/Qwen3-8B,MMLU_selected_subjects,K._S._Alagiri,chara,0.530,28
2025-12-08 07:45:52,Qwen/Qwen3-8B,MMLU_selected_subjects,Zoo_des_Sables,wordd,0.580,28
2025-12-08 07:46:48,Qwen/Qwen3-8B,MMLU_selected_subjects,KL_10_Patthu,clean,0.571,28
2025-12-08 07:50:43,Qwen/Qwen3-8B,MMLU_selected_subjects,Zoo_des_Sables,chara,0.537,28
2025-12-08 07:51:34,Qwen/Qwen3-8B,MMLU_selected_subjects,KL_10_Patthu,meani,0.618,28
2025-12-08 07:55:44,Qwen/Qwen3-8B,MMLU_selected_subjects,Ádahooníłígíí,clean,0.582,28
2025-12-08 07:56:19,Qwen/Qwen3-8B,MMLU_selected_subjects,KL_10_Patthu,wordd,0.617,28
2025-12-08 08:00:45,Qwen/Qwen3-8B,MMLU_selected_subjects,Ádahooníłígíí,meani,0.588,28
2025-12-08 08:01:19,Qwen/Qwen3-8B,MMLU_selected_subjects,KL_10_Patthu,chara,0.550,28
2025-12-08 08:05:48,Qwen/Qwen3-8B,MMLU_selected_subjects,Ádahooníłígíí,wordd,0.598,28
2025-12-08 08:05:57,Qwen/Qwen3-8B,MMLU_selected_subjects,KRPT,clean,0.576,28
2025-12-08 08:10:35,Qwen/Qwen3-8B,MMLU_selected_subjects,KRPT,meani,0.587,28
2025-12-08 08:11:33,Qwen/Qwen3-8B,MMLU_selected_subjects,Ádahooníłígíí,chara,0.562,28
2025-12-08 08:15:12,Qwen/Qwen3-8B,MMLU_selected_subjects,KRPT,wordd,0.602,28
2025-12-08 08:16:11,Qwen/Qwen3-8B,MMLU_selected_subjects,Çesk_Zadeja,clean,0.561,28
2025-12-08 08:20:11,Qwen/Qwen3-8B,MMLU_selected_subjects,KRPT,chara,0.549,28
2025-12-08 08:20:55,Qwen/Qwen3-8B,MMLU_selected_subjects,Çesk_Zadeja,meani,0.586,28
2025-12-08 08:24:47,Qwen/Qwen3-8B,MMLU_selected_subjects,KVQ,clean,0.527,28
2025-12-08 08:25:34,Qwen/Qwen3-8B,MMLU_selected_subjects,Çesk_Zadeja,wordd,0.579,28
2025-12-08 08:29:22,Qwen/Qwen3-8B,MMLU_selected_subjects,KVQ,meani,0.583,28
2025-12-08 08:30:23,Qwen/Qwen3-8B,MMLU_selected_subjects,Çesk_Zadeja,chara,0.527,28
2025-12-08 08:33:58,Qwen/Qwen3-8B,MMLU_selected_subjects,KVQ,wordd,0.590,28
2025-12-08 08:35:04,Qwen/Qwen3-8B,MMLU_selected_subjects,Łopiszewo,clean,0.598,28
2025-12-08 08:38:55,Qwen/Qwen3-8B,MMLU_selected_subjects,KVQ,chara,0.567,28
2025-12-08 08:39:44,Qwen/Qwen3-8B,MMLU_selected_subjects,Łopiszewo,meani,0.599,28
2025-12-08 08:43:35,Qwen/Qwen3-8B,MMLU_selected_subjects,KWHW_(AM),clean,0.589,28
2025-12-08 08:44:22,Qwen/Qwen3-8B,MMLU_selected_subjects,Łopiszewo,wordd,0.585,28
2025-12-08 08:48:14,Qwen/Qwen3-8B,MMLU_selected_subjects,KWHW_(AM),meani,0.624,28
2025-12-08 08:49:22,Qwen/Qwen3-8B,MMLU_selected_subjects,Łopiszewo,chara,0.549,28
2025-12-08 08:52:54,Qwen/Qwen3-8B,MMLU_selected_subjects,KWHW_(AM),wordd,0.626,28
2025-12-08 08:54:14,Qwen/Qwen3-8B,MMLU_selected_subjects,Łośnica,clean,0.596,28
2025-12-08 08:57:49,Qwen/Qwen3-8B,MMLU_selected_subjects,KWHW_(AM),chara,0.561,28
2025-12-08 08:59:16,Qwen/Qwen3-8B,MMLU_selected_subjects,Łośnica,meani,0.586,28
2025-12-08 09:02:44,Qwen/Qwen3-8B,MMLU_selected_subjects,Kabardino-Balkaria,clean,0.545,28
2025-12-08 09:04:14,Qwen/Qwen3-8B,MMLU_selected_subjects,Łośnica,wordd,0.592,28
2025-12-08 09:07:40,Qwen/Qwen3-8B,MMLU_selected_subjects,Kabardino-Balkaria,meani,0.575,28
2025-12-08 09:09:22,Qwen/Qwen3-8B,MMLU_selected_subjects,Łośnica,chara,0.532,28
2025-12-08 09:12:34,Qwen/Qwen3-8B,MMLU_selected_subjects,Kabardino-Balkaria,wordd,0.536,28
2025-12-08 09:14:23,Qwen/Qwen3-8B,MMLU_selected_subjects,Şevqiy_Bektöre,clean,0.572,28
2025-12-08 09:17:52,Qwen/Qwen3-8B,MMLU_selected_subjects,Kabardino-Balkaria,chara,0.520,28
2025-12-08 09:19:23,Qwen/Qwen3-8B,MMLU_selected_subjects,Şevqiy_Bektöre,meani,0.592,28
2025-12-08 09:22:33,Qwen/Qwen3-8B,MMLU_selected_subjects,Kaliningrad_Regional_Museum_of_History_and_Arts,clean,0.559,28
2025-12-08 09:24:23,Qwen/Qwen3-8B,MMLU_selected_subjects,Şevqiy_Bektöre,wordd,0.603,28
2025-12-08 09:27:12,Qwen/Qwen3-8B,MMLU_selected_subjects,Kaliningrad_Regional_Museum_of_History_and_Arts,meani,0.555,28
2025-12-08 09:29:49,Qwen/Qwen3-8B,MMLU_selected_subjects,Şevqiy_Bektöre,chara,0.537,28
2025-12-08 09:32:00,Qwen/Qwen3-8B,MMLU_selected_subjects,Kaliningrad_Regional_Museum_of_History_and_Arts,wordd,0.560,28
2025-12-08 09:35:05,Qwen/Qwen3-8B,MMLU_selected_subjects,Žarko_Rakčević,clean,0.544,28
2025-12-08 09:37:15,Qwen/Qwen3-8B,MMLU_selected_subjects,Kaliningrad_Regional_Museum_of_History_and_Arts,chara,0.515,28
2025-12-08 09:40:20,Qwen/Qwen3-8B,MMLU_selected_subjects,Žarko_Rakčević,meani,0.593,28
2025-12-08 09:41:58,Qwen/Qwen3-8B,MMLU_selected_subjects,"Kalinjar,_Haripur",clean,0.548,28
2025-12-08 09:45:38,Qwen/Qwen3-8B,MMLU_selected_subjects,Žarko_Rakčević,wordd,0.590,28
2025-12-08 09:46:39,Qwen/Qwen3-8B,MMLU_selected_subjects,"Kalinjar,_Haripur",meani,0.583,28
2025-12-08 09:51:21,Qwen/Qwen3-8B,MMLU_selected_subjects,"Kalinjar,_Haripur",wordd,0.589,28
2025-12-08 09:51:34,Qwen/Qwen3-8B,MMLU_selected_subjects,Žarko_Rakčević,chara,0.526,28
2025-12-08 09:56:12,Qwen/Qwen3-8B,MMLU_selected_subjects,"Kalinjar,_Haripur",chara,0.536,28
2025-12-08 10:00:57,Qwen/Qwen3-8B,MMLU_selected_subjects,Kampong_Sungai_Hanching,clean,0.519,28
2025-12-08 10:05:44,Qwen/Qwen3-8B,MMLU_selected_subjects,Kampong_Sungai_Hanching,meani,0.587,28
2025-12-08 10:10:25,Qwen/Qwen3-8B,MMLU_selected_subjects,Kampong_Sungai_Hanching,wordd,0.593,28
2025-12-08 10:15:14,Qwen/Qwen3-8B,MMLU_selected_subjects,Kampong_Sungai_Hanching,chara,0.572,28
2025-12-08 10:20:13,Qwen/Qwen3-8B,MMLU_selected_subjects,Kanesuke,clean,0.536,28
2025-12-08 10:25:13,Qwen/Qwen3-8B,MMLU_selected_subjects,Kanesuke,meani,0.551,28
2025-12-08 10:30:11,Qwen/Qwen3-8B,MMLU_selected_subjects,Kanesuke,wordd,0.557,28
2025-12-08 10:35:25,Qwen/Qwen3-8B,MMLU_selected_subjects,Kanesuke,chara,0.540,28
