timestamp,model_name,test_name,context_title,context_type,accuracy,seed,text_length
2025-12-17 10:37:52,Qwen/Qwen3-8B,MMLU_selected_subjects,isot_true_1,clean,0.597,28,220
2025-12-17 10:39:20,Qwen/Qwen3-8B,MMLU_selected_subjects,isot_true_549,clean,0.556,28,435
2025-12-17 10:42:19,Qwen/Qwen3-8B,MMLU_selected_subjects,isot_true_1,meani,0.574,28,220
2025-12-17 10:44:02,Qwen/Qwen3-8B,MMLU_selected_subjects,isot_true_549,meani,0.581,28,435
2025-12-17 10:46:43,Qwen/Qwen3-8B,MMLU_selected_subjects,isot_true_1,wordd,0.567,28,220
2025-12-17 10:48:46,Qwen/Qwen3-8B,MMLU_selected_subjects,isot_true_549,wordd,0.575,28,435
2025-12-17 10:51:23,Qwen/Qwen3-8B,MMLU_selected_subjects,isot_true_1,chara,0.54,28,220
2025-12-17 10:53:57,Qwen/Qwen3-8B,MMLU_selected_subjects,isot_true_549,chara,0.539,28,435
2025-12-17 10:56:17,Qwen/Qwen3-8B,MMLU_selected_subjects,isot_true_10,clean,0.609,28,746
2025-12-17 10:58:39,Qwen/Qwen3-8B,MMLU_selected_subjects,isot_true_55,clean,0.597,28,445
2025-12-17 11:01:15,Qwen/Qwen3-8B,MMLU_selected_subjects,isot_true_10,meani,0.613,28,746
2025-12-17 11:03:22,Qwen/Qwen3-8B,MMLU_selected_subjects,isot_true_55,meani,0.589,28,445
2025-12-17 11:06:14,Qwen/Qwen3-8B,MMLU_selected_subjects,isot_true_10,wordd,0.58,28,746
2025-12-17 11:08:03,Qwen/Qwen3-8B,MMLU_selected_subjects,isot_true_55,wordd,0.583,28,445
2025-12-17 11:11:55,Qwen/Qwen3-8B,MMLU_selected_subjects,isot_true_10,chara,0.549,28,746
2025-12-17 11:13:14,Qwen/Qwen3-8B,MMLU_selected_subjects,isot_true_55,chara,0.522,28,445
2025-12-17 11:16:33,Qwen/Qwen3-8B,MMLU_selected_subjects,isot_true_100,clean,0.566,28,506
2025-12-17 11:18:05,Qwen/Qwen3-8B,MMLU_selected_subjects,isot_true_550,clean,0.597,28,683
2025-12-17 11:21:12,Qwen/Qwen3-8B,MMLU_selected_subjects,isot_true_100,meani,0.587,28,506
2025-12-17 11:22:51,Qwen/Qwen3-8B,MMLU_selected_subjects,isot_true_550,meani,0.589,28,683
2025-12-17 11:25:52,Qwen/Qwen3-8B,MMLU_selected_subjects,isot_true_100,wordd,0.606,28,506
2025-12-17 11:27:43,Qwen/Qwen3-8B,MMLU_selected_subjects,isot_true_550,wordd,0.563,28,683
2025-12-17 11:31:03,Qwen/Qwen3-8B,MMLU_selected_subjects,isot_true_100,chara,0.572,28,506
2025-12-17 11:33:17,Qwen/Qwen3-8B,MMLU_selected_subjects,isot_true_550,chara,0.529,28,683
2025-12-17 11:35:54,Qwen/Qwen3-8B,MMLU_selected_subjects,isot_true_1000,clean,0.592,28,718
2025-12-17 11:38:06,Qwen/Qwen3-8B,MMLU_selected_subjects,isot_true_551,clean,0.596,28,482
2025-12-17 11:40:54,Qwen/Qwen3-8B,MMLU_selected_subjects,isot_true_1000,meani,0.606,28,718
2025-12-17 11:43:02,Qwen/Qwen3-8B,MMLU_selected_subjects,isot_true_551,meani,0.597,28,482
2025-12-17 11:45:55,Qwen/Qwen3-8B,MMLU_selected_subjects,isot_true_1000,wordd,0.593,28,718
2025-12-17 11:47:50,Qwen/Qwen3-8B,MMLU_selected_subjects,isot_true_551,wordd,0.57,28,482
2025-12-17 11:51:33,Qwen/Qwen3-8B,MMLU_selected_subjects,isot_true_1000,chara,0.522,28,718
2025-12-17 11:53:06,Qwen/Qwen3-8B,MMLU_selected_subjects,isot_true_551,chara,0.567,28,482
2025-12-17 11:56:20,Qwen/Qwen3-8B,MMLU_selected_subjects,isot_true_101,clean,0.596,28,606
2025-12-17 11:57:56,Qwen/Qwen3-8B,MMLU_selected_subjects,isot_true_552,clean,0.608,28,313
2025-12-17 12:01:11,Qwen/Qwen3-8B,MMLU_selected_subjects,isot_true_101,meani,0.595,28,606
2025-12-17 12:02:36,Qwen/Qwen3-8B,MMLU_selected_subjects,isot_true_552,meani,0.594,28,313
2025-12-17 12:05:54,Qwen/Qwen3-8B,MMLU_selected_subjects,isot_true_101,wordd,0.578,28,606
2025-12-17 12:07:13,Qwen/Qwen3-8B,MMLU_selected_subjects,isot_true_552,wordd,0.574,28,313
2025-12-17 12:11:18,Qwen/Qwen3-8B,MMLU_selected_subjects,isot_true_101,chara,0.531,28,606
2025-12-17 12:12:05,Qwen/Qwen3-8B,MMLU_selected_subjects,isot_true_552,chara,0.571,28,313
2025-12-17 12:16:01,Qwen/Qwen3-8B,MMLU_selected_subjects,isot_true_102,clean,0.614,28,502
2025-12-17 12:17:15,Qwen/Qwen3-8B,MMLU_selected_subjects,isot_true_553,clean,0.593,28,786
2025-12-17 12:20:43,Qwen/Qwen3-8B,MMLU_selected_subjects,isot_true_102,meani,0.616,28,502
2025-12-17 12:22:35,Qwen/Qwen3-8B,MMLU_selected_subjects,isot_true_553,meani,0.606,28,786
2025-12-17 12:25:25,Qwen/Qwen3-8B,MMLU_selected_subjects,isot_true_102,wordd,0.578,28,502
2025-12-17 12:28:11,Qwen/Qwen3-8B,MMLU_selected_subjects,isot_true_553,wordd,0.57,28,786
2025-12-17 12:30:46,Qwen/Qwen3-8B,MMLU_selected_subjects,isot_true_102,chara,0.556,28,502
2025-12-17 12:34:06,Qwen/Qwen3-8B,MMLU_selected_subjects,isot_true_553,chara,0.517,28,786
2025-12-17 12:35:26,Qwen/Qwen3-8B,MMLU_selected_subjects,isot_true_103,clean,0.623,28,430
2025-12-17 12:38:55,Qwen/Qwen3-8B,MMLU_selected_subjects,isot_true_554,clean,0.619,28,589
2025-12-17 12:40:05,Qwen/Qwen3-8B,MMLU_selected_subjects,isot_true_103,meani,0.597,28,430
2025-12-17 12:43:45,Qwen/Qwen3-8B,MMLU_selected_subjects,isot_true_554,meani,0.611,28,589
2025-12-17 12:44:43,Qwen/Qwen3-8B,MMLU_selected_subjects,isot_true_103,wordd,0.621,28,430
2025-12-17 12:48:36,Qwen/Qwen3-8B,MMLU_selected_subjects,isot_true_554,wordd,0.596,28,589
2025-12-17 12:49:45,Qwen/Qwen3-8B,MMLU_selected_subjects,isot_true_103,chara,0.576,28,430
2025-12-17 12:54:09,Qwen/Qwen3-8B,MMLU_selected_subjects,isot_true_554,chara,0.571,28,589
2025-12-17 12:54:45,Qwen/Qwen3-8B,MMLU_selected_subjects,isot_true_104,clean,0.594,28,720
2025-12-17 12:59:09,Qwen/Qwen3-8B,MMLU_selected_subjects,isot_true_555,clean,0.613,28,696
2025-12-17 12:59:42,Qwen/Qwen3-8B,MMLU_selected_subjects,isot_true_104,meani,0.611,28,720
2025-12-17 13:04:07,Qwen/Qwen3-8B,MMLU_selected_subjects,isot_true_555,meani,0.607,28,696
2025-12-17 13:04:38,Qwen/Qwen3-8B,MMLU_selected_subjects,isot_true_104,wordd,0.569,28,720
2025-12-17 13:09:02,Qwen/Qwen3-8B,MMLU_selected_subjects,isot_true_555,wordd,0.608,28,696
2025-12-17 13:10:21,Qwen/Qwen3-8B,MMLU_selected_subjects,isot_true_104,chara,0.565,28,720
2025-12-17 13:14:41,Qwen/Qwen3-8B,MMLU_selected_subjects,isot_true_555,chara,0.529,28,696
2025-12-17 13:15:16,Qwen/Qwen3-8B,MMLU_selected_subjects,isot_true_105,clean,0.622,28,753
2025-12-17 13:19:36,Qwen/Qwen3-8B,MMLU_selected_subjects,isot_true_556,clean,0.588,28,602
2025-12-17 13:20:11,Qwen/Qwen3-8B,MMLU_selected_subjects,isot_true_105,meani,0.61,28,753
2025-12-17 13:24:29,Qwen/Qwen3-8B,MMLU_selected_subjects,isot_true_556,meani,0.618,28,602
2025-12-17 13:25:04,Qwen/Qwen3-8B,MMLU_selected_subjects,isot_true_105,wordd,0.607,28,753
2025-12-17 13:29:22,Qwen/Qwen3-8B,MMLU_selected_subjects,isot_true_556,wordd,0.594,28,602
2025-12-17 13:30:48,Qwen/Qwen3-8B,MMLU_selected_subjects,isot_true_105,chara,0.57,28,753
2025-12-17 13:34:49,Qwen/Qwen3-8B,MMLU_selected_subjects,isot_true_556,chara,0.548,28,602
2025-12-17 13:35:43,Qwen/Qwen3-8B,MMLU_selected_subjects,isot_true_106,clean,0.584,28,734
2025-12-17 13:39:42,Qwen/Qwen3-8B,MMLU_selected_subjects,isot_true_557,clean,0.604,28,626
2025-12-17 13:40:40,Qwen/Qwen3-8B,MMLU_selected_subjects,isot_true_106,meani,0.594,28,734
2025-12-17 13:44:36,Qwen/Qwen3-8B,MMLU_selected_subjects,isot_true_557,meani,0.598,28,626
2025-12-17 13:45:39,Qwen/Qwen3-8B,MMLU_selected_subjects,isot_true_106,wordd,0.569,28,734
2025-12-17 13:49:36,Qwen/Qwen3-8B,MMLU_selected_subjects,isot_true_557,wordd,0.617,28,626
2025-12-17 13:51:24,Qwen/Qwen3-8B,MMLU_selected_subjects,isot_true_106,chara,0.544,28,734
2025-12-17 13:55:08,Qwen/Qwen3-8B,MMLU_selected_subjects,isot_true_557,chara,0.575,28,626
2025-12-17 13:56:04,Qwen/Qwen3-8B,MMLU_selected_subjects,isot_true_107,clean,0.611,28,370
2025-12-17 13:59:56,Qwen/Qwen3-8B,MMLU_selected_subjects,isot_true_558,clean,0.583,28,428
2025-12-17 14:00:46,Qwen/Qwen3-8B,MMLU_selected_subjects,isot_true_107,meani,0.608,28,370
2025-12-17 14:04:40,Qwen/Qwen3-8B,MMLU_selected_subjects,isot_true_558,meani,0.597,28,428
2025-12-17 14:05:29,Qwen/Qwen3-8B,MMLU_selected_subjects,isot_true_107,wordd,0.601,28,370
2025-12-17 14:09:23,Qwen/Qwen3-8B,MMLU_selected_subjects,isot_true_558,wordd,0.598,28,428
2025-12-17 14:10:30,Qwen/Qwen3-8B,MMLU_selected_subjects,isot_true_107,chara,0.556,28,370
2025-12-17 14:14:36,Qwen/Qwen3-8B,MMLU_selected_subjects,isot_true_558,chara,0.544,28,428
2025-12-17 14:15:32,Qwen/Qwen3-8B,MMLU_selected_subjects,isot_true_108,clean,0.607,28,770
2025-12-17 14:19:24,Qwen/Qwen3-8B,MMLU_selected_subjects,isot_true_559,clean,0.619,28,275
2025-12-17 14:20:30,Qwen/Qwen3-8B,MMLU_selected_subjects,isot_true_108,meani,0.587,28,770
2025-12-17 14:24:07,Qwen/Qwen3-8B,MMLU_selected_subjects,isot_true_559,meani,0.59,28,275
2025-12-17 14:25:27,Qwen/Qwen3-8B,MMLU_selected_subjects,isot_true_108,wordd,0.597,28,770
2025-12-17 14:28:48,Qwen/Qwen3-8B,MMLU_selected_subjects,isot_true_559,wordd,0.597,28,275
2025-12-17 14:31:13,Qwen/Qwen3-8B,MMLU_selected_subjects,isot_true_108,chara,0.528,28,770
2025-12-17 14:33:40,Qwen/Qwen3-8B,MMLU_selected_subjects,isot_true_559,chara,0.56,28,275
2025-12-17 14:36:08,Qwen/Qwen3-8B,MMLU_selected_subjects,isot_true_109,clean,0.567,28,745
2025-12-17 14:38:38,Qwen/Qwen3-8B,MMLU_selected_subjects,isot_true_56,clean,0.61,28,632
2025-12-17 14:41:07,Qwen/Qwen3-8B,MMLU_selected_subjects,isot_true_109,meani,0.591,28,745
2025-12-17 14:43:34,Qwen/Qwen3-8B,MMLU_selected_subjects,isot_true_56,meani,0.602,28,632
2025-12-17 14:46:02,Qwen/Qwen3-8B,MMLU_selected_subjects,isot_true_109,wordd,0.584,28,745
2025-12-17 14:48:29,Qwen/Qwen3-8B,MMLU_selected_subjects,isot_true_56,wordd,0.598,28,632
2025-12-17 14:51:44,Qwen/Qwen3-8B,MMLU_selected_subjects,isot_true_109,chara,0.552,28,745
2025-12-17 14:54:06,Qwen/Qwen3-8B,MMLU_selected_subjects,isot_true_56,chara,0.53,28,632
2025-12-17 14:56:43,Qwen/Qwen3-8B,MMLU_selected_subjects,isot_true_11,clean,0.607,28,741
2025-12-17 14:58:54,Qwen/Qwen3-8B,MMLU_selected_subjects,isot_true_560,clean,0.612,28,394
2025-12-17 15:01:41,Qwen/Qwen3-8B,MMLU_selected_subjects,isot_true_11,meani,0.613,28,741
2025-12-17 15:03:44,Qwen/Qwen3-8B,MMLU_selected_subjects,isot_true_560,meani,0.606,28,394
2025-12-17 15:06:40,Qwen/Qwen3-8B,MMLU_selected_subjects,isot_true_11,wordd,0.611,28,741
2025-12-17 15:08:22,Qwen/Qwen3-8B,MMLU_selected_subjects,isot_true_560,wordd,0.602,28,394
2025-12-17 15:12:21,Qwen/Qwen3-8B,MMLU_selected_subjects,isot_true_11,chara,0.569,28,741
2025-12-17 15:13:28,Qwen/Qwen3-8B,MMLU_selected_subjects,isot_true_560,chara,0.533,28,394
2025-12-17 15:17:06,Qwen/Qwen3-8B,MMLU_selected_subjects,isot_true_110,clean,0.585,28,401
2025-12-17 15:18:13,Qwen/Qwen3-8B,MMLU_selected_subjects,isot_true_561,clean,0.623,28,506
2025-12-17 15:21:54,Qwen/Qwen3-8B,MMLU_selected_subjects,isot_true_110,meani,0.607,28,401
2025-12-17 15:23:02,Qwen/Qwen3-8B,MMLU_selected_subjects,isot_true_561,meani,0.622,28,506
2025-12-17 15:26:43,Qwen/Qwen3-8B,MMLU_selected_subjects,isot_true_110,wordd,0.589,28,401
2025-12-17 15:27:53,Qwen/Qwen3-8B,MMLU_selected_subjects,isot_true_561,wordd,0.602,28,506
2025-12-17 15:31:48,Qwen/Qwen3-8B,MMLU_selected_subjects,isot_true_110,chara,0.544,28,401
2025-12-17 15:33:11,Qwen/Qwen3-8B,MMLU_selected_subjects,isot_true_561,chara,0.575,28,506
2025-12-17 15:36:46,Qwen/Qwen3-8B,MMLU_selected_subjects,isot_true_111,clean,0.615,28,688
2025-12-17 15:38:13,Qwen/Qwen3-8B,MMLU_selected_subjects,isot_true_562,clean,0.608,28,638
2025-12-17 15:41:41,Qwen/Qwen3-8B,MMLU_selected_subjects,isot_true_111,meani,0.628,28,688
2025-12-17 15:43:17,Qwen/Qwen3-8B,MMLU_selected_subjects,isot_true_562,meani,0.587,28,638
2025-12-17 15:46:37,Qwen/Qwen3-8B,MMLU_selected_subjects,isot_true_111,wordd,0.623,28,688
2025-12-17 15:48:13,Qwen/Qwen3-8B,MMLU_selected_subjects,isot_true_562,wordd,0.602,28,638
2025-12-17 15:52:17,Qwen/Qwen3-8B,MMLU_selected_subjects,isot_true_111,chara,0.535,28,688
2025-12-17 15:53:43,Qwen/Qwen3-8B,MMLU_selected_subjects,isot_true_562,chara,0.531,28,638
2025-12-17 15:57:05,Qwen/Qwen3-8B,MMLU_selected_subjects,isot_true_112,clean,0.606,28,492
2025-12-17 15:58:27,Qwen/Qwen3-8B,MMLU_selected_subjects,isot_true_563,clean,0.612,28,475
2025-12-17 16:01:55,Qwen/Qwen3-8B,MMLU_selected_subjects,isot_true_112,meani,0.61,28,492
2025-12-17 16:03:09,Qwen/Qwen3-8B,MMLU_selected_subjects,isot_true_563,meani,0.605,28,475
2025-12-17 16:06:43,Qwen/Qwen3-8B,MMLU_selected_subjects,isot_true_112,wordd,0.608,28,492
2025-12-17 16:07:50,Qwen/Qwen3-8B,MMLU_selected_subjects,isot_true_563,wordd,0.598,28,475
2025-12-17 16:11:58,Qwen/Qwen3-8B,MMLU_selected_subjects,isot_true_112,chara,0.564,28,492
2025-12-17 16:13:02,Qwen/Qwen3-8B,MMLU_selected_subjects,isot_true_563,chara,0.585,28,475
2025-12-17 16:16:57,Qwen/Qwen3-8B,MMLU_selected_subjects,isot_true_113,clean,0.619,28,743
2025-12-17 16:17:39,Qwen/Qwen3-8B,MMLU_selected_subjects,isot_true_564,clean,0.622,28,422
2025-12-17 16:21:55,Qwen/Qwen3-8B,MMLU_selected_subjects,isot_true_113,meani,0.607,28,743
2025-12-17 16:22:19,Qwen/Qwen3-8B,MMLU_selected_subjects,isot_true_564,meani,0.61,28,422
2025-12-17 16:26:56,Qwen/Qwen3-8B,MMLU_selected_subjects,isot_true_113,wordd,0.59,28,743
2025-12-17 16:27:02,Qwen/Qwen3-8B,MMLU_selected_subjects,isot_true_564,wordd,0.614,28,422
2025-12-17 16:32:07,Qwen/Qwen3-8B,MMLU_selected_subjects,isot_true_564,chara,0.574,28,422
2025-12-17 16:32:37,Qwen/Qwen3-8B,MMLU_selected_subjects,isot_true_113,chara,0.542,28,743
2025-12-17 16:37:09,Qwen/Qwen3-8B,MMLU_selected_subjects,isot_true_565,clean,0.588,28,712
2025-12-17 16:37:22,Qwen/Qwen3-8B,MMLU_selected_subjects,isot_true_114,clean,0.603,28,537
2025-12-17 16:42:04,Qwen/Qwen3-8B,MMLU_selected_subjects,isot_true_114,meani,0.605,28,537
2025-12-17 16:42:08,Qwen/Qwen3-8B,MMLU_selected_subjects,isot_true_565,meani,0.582,28,712
2025-12-17 16:46:46,Qwen/Qwen3-8B,MMLU_selected_subjects,isot_true_114,wordd,0.587,28,537
2025-12-17 16:47:09,Qwen/Qwen3-8B,MMLU_selected_subjects,isot_true_565,wordd,0.577,28,712
2025-12-17 16:52:09,Qwen/Qwen3-8B,MMLU_selected_subjects,isot_true_114,chara,0.53,28,537
2025-12-17 16:52:57,Qwen/Qwen3-8B,MMLU_selected_subjects,isot_true_565,chara,0.519,28,712
2025-12-17 16:56:52,Qwen/Qwen3-8B,MMLU_selected_subjects,isot_true_115,clean,0.622,28,594
2025-12-17 16:57:35,Qwen/Qwen3-8B,MMLU_selected_subjects,isot_true_566,clean,0.605,28,429
2025-12-17 17:01:38,Qwen/Qwen3-8B,MMLU_selected_subjects,isot_true_115,meani,0.622,28,594
2025-12-17 17:02:12,Qwen/Qwen3-8B,MMLU_selected_subjects,isot_true_566,meani,0.62,28,429
2025-12-17 17:06:26,Qwen/Qwen3-8B,MMLU_selected_subjects,isot_true_115,wordd,0.611,28,594
2025-12-17 17:06:50,Qwen/Qwen3-8B,MMLU_selected_subjects,isot_true_566,wordd,0.604,28,429
2025-12-17 17:11:56,Qwen/Qwen3-8B,MMLU_selected_subjects,isot_true_115,chara,0.567,28,594
2025-12-17 17:11:57,Qwen/Qwen3-8B,MMLU_selected_subjects,isot_true_566,chara,0.582,28,429
2025-12-17 17:16:37,Qwen/Qwen3-8B,MMLU_selected_subjects,isot_true_567,clean,0.59,28,472
2025-12-17 17:16:37,Qwen/Qwen3-8B,MMLU_selected_subjects,isot_true_116,clean,0.581,28,415
2025-12-17 17:21:17,Qwen/Qwen3-8B,MMLU_selected_subjects,isot_true_567,meani,0.601,28,472
2025-12-17 17:21:18,Qwen/Qwen3-8B,MMLU_selected_subjects,isot_true_116,meani,0.591,28,415
2025-12-17 17:25:58,Qwen/Qwen3-8B,MMLU_selected_subjects,isot_true_567,wordd,0.595,28,472
2025-12-17 17:26:00,Qwen/Qwen3-8B,MMLU_selected_subjects,isot_true_116,wordd,0.589,28,415
2025-12-17 17:31:02,Qwen/Qwen3-8B,MMLU_selected_subjects,isot_true_116,chara,0.564,28,415
2025-12-17 17:31:10,Qwen/Qwen3-8B,MMLU_selected_subjects,isot_true_567,chara,0.531,28,472
2025-12-17 17:35:29,Qwen/Qwen3-8B,MMLU_selected_subjects,isot_true_117,clean,0.626,28,237
2025-12-17 17:36:00,Qwen/Qwen3-8B,MMLU_selected_subjects,isot_true_568,clean,0.586,28,685
2025-12-17 17:39:55,Qwen/Qwen3-8B,MMLU_selected_subjects,isot_true_117,meani,0.61,28,237
2025-12-17 17:40:50,Qwen/Qwen3-8B,MMLU_selected_subjects,isot_true_568,meani,0.594,28,685
2025-12-17 17:44:21,Qwen/Qwen3-8B,MMLU_selected_subjects,isot_true_117,wordd,0.595,28,237
2025-12-17 17:45:42,Qwen/Qwen3-8B,MMLU_selected_subjects,isot_true_568,wordd,0.578,28,685
2025-12-17 17:49:00,Qwen/Qwen3-8B,MMLU_selected_subjects,isot_true_117,chara,0.543,28,237
2025-12-17 17:51:16,Qwen/Qwen3-8B,MMLU_selected_subjects,isot_true_568,chara,0.553,28,685
2025-12-17 17:53:37,Qwen/Qwen3-8B,MMLU_selected_subjects,isot_true_118,clean,0.618,28,386
2025-12-17 17:55:57,Qwen/Qwen3-8B,MMLU_selected_subjects,isot_true_569,clean,0.601,28,395
2025-12-17 17:58:13,Qwen/Qwen3-8B,MMLU_selected_subjects,isot_true_118,meani,0.617,28,386
2025-12-17 18:00:37,Qwen/Qwen3-8B,MMLU_selected_subjects,isot_true_569,meani,0.604,28,395
2025-12-17 18:02:51,Qwen/Qwen3-8B,MMLU_selected_subjects,isot_true_118,wordd,0.623,28,386
2025-12-17 18:05:17,Qwen/Qwen3-8B,MMLU_selected_subjects,isot_true_569,wordd,0.584,28,395
2025-12-17 18:07:50,Qwen/Qwen3-8B,MMLU_selected_subjects,isot_true_118,chara,0.587,28,386
2025-12-17 18:10:19,Qwen/Qwen3-8B,MMLU_selected_subjects,isot_true_569,chara,0.526,28,395
2025-12-17 18:12:30,Qwen/Qwen3-8B,MMLU_selected_subjects,isot_true_119,clean,0.607,28,528
2025-12-17 18:15:03,Qwen/Qwen3-8B,MMLU_selected_subjects,isot_true_57,clean,0.604,28,445
2025-12-17 18:17:10,Qwen/Qwen3-8B,MMLU_selected_subjects,isot_true_119,meani,0.585,28,528
2025-12-17 18:19:45,Qwen/Qwen3-8B,MMLU_selected_subjects,isot_true_57,meani,0.596,28,445
2025-12-17 18:21:50,Qwen/Qwen3-8B,MMLU_selected_subjects,isot_true_119,wordd,0.578,28,528
2025-12-17 18:24:28,Qwen/Qwen3-8B,MMLU_selected_subjects,isot_true_57,wordd,0.585,28,445
2025-12-17 18:27:05,Qwen/Qwen3-8B,MMLU_selected_subjects,isot_true_119,chara,0.544,28,528
2025-12-17 18:29:36,Qwen/Qwen3-8B,MMLU_selected_subjects,isot_true_57,chara,0.535,28,445
2025-12-17 18:31:39,Qwen/Qwen3-8B,MMLU_selected_subjects,isot_true_12,clean,0.612,28,438
2025-12-17 18:34:13,Qwen/Qwen3-8B,MMLU_selected_subjects,isot_true_570,clean,0.602,28,370
2025-12-17 18:36:12,Qwen/Qwen3-8B,MMLU_selected_subjects,isot_true_12,meani,0.612,28,438
2025-12-17 18:38:48,Qwen/Qwen3-8B,MMLU_selected_subjects,isot_true_570,meani,0.612,28,370
2025-12-17 18:40:50,Qwen/Qwen3-8B,MMLU_selected_subjects,isot_true_12,wordd,0.617,28,438
2025-12-17 18:43:21,Qwen/Qwen3-8B,MMLU_selected_subjects,isot_true_570,wordd,0.601,28,370
2025-12-17 18:45:59,Qwen/Qwen3-8B,MMLU_selected_subjects,isot_true_12,chara,0.559,28,438
2025-12-17 18:48:18,Qwen/Qwen3-8B,MMLU_selected_subjects,isot_true_570,chara,0.547,28,370
2025-12-17 18:50:44,Qwen/Qwen3-8B,MMLU_selected_subjects,isot_true_120,clean,0.573,28,642
2025-12-17 18:52:57,Qwen/Qwen3-8B,MMLU_selected_subjects,isot_true_571,clean,0.614,28,441
2025-12-17 18:55:27,Qwen/Qwen3-8B,MMLU_selected_subjects,isot_true_120,meani,0.597,28,642
2025-12-17 18:57:37,Qwen/Qwen3-8B,MMLU_selected_subjects,isot_true_571,meani,0.613,28,441
2025-12-17 19:00:11,Qwen/Qwen3-8B,MMLU_selected_subjects,isot_true_120,wordd,0.596,28,642
2025-12-17 19:02:18,Qwen/Qwen3-8B,MMLU_selected_subjects,isot_true_571,wordd,0.594,28,441
2025-12-17 19:05:36,Qwen/Qwen3-8B,MMLU_selected_subjects,isot_true_120,chara,0.554,28,642
2025-12-17 19:07:22,Qwen/Qwen3-8B,MMLU_selected_subjects,isot_true_571,chara,0.586,28,441
2025-12-17 19:10:21,Qwen/Qwen3-8B,MMLU_selected_subjects,isot_true_121,clean,0.626,28,569
2025-12-17 19:12:04,Qwen/Qwen3-8B,MMLU_selected_subjects,isot_true_572,clean,0.616,28,468
2025-12-17 19:15:09,Qwen/Qwen3-8B,MMLU_selected_subjects,isot_true_121,meani,0.622,28,569
2025-12-17 19:16:47,Qwen/Qwen3-8B,MMLU_selected_subjects,isot_true_572,meani,0.575,28,468
2025-12-17 19:19:56,Qwen/Qwen3-8B,MMLU_selected_subjects,isot_true_121,wordd,0.607,28,569
2025-12-17 19:21:29,Qwen/Qwen3-8B,MMLU_selected_subjects,isot_true_572,wordd,0.589,28,468
2025-12-17 19:25:14,Qwen/Qwen3-8B,MMLU_selected_subjects,isot_true_121,chara,0.579,28,569
2025-12-17 19:26:39,Qwen/Qwen3-8B,MMLU_selected_subjects,isot_true_572,chara,0.576,28,468
2025-12-17 19:29:50,Qwen/Qwen3-8B,MMLU_selected_subjects,isot_true_122,clean,0.583,28,406
2025-12-17 19:31:27,Qwen/Qwen3-8B,MMLU_selected_subjects,isot_true_573,clean,0.594,28,586
2025-12-17 19:34:24,Qwen/Qwen3-8B,MMLU_selected_subjects,isot_true_122,meani,0.604,28,406
2025-12-17 19:36:11,Qwen/Qwen3-8B,MMLU_selected_subjects,isot_true_573,meani,0.604,28,586
2025-12-17 19:39:07,Qwen/Qwen3-8B,MMLU_selected_subjects,isot_true_122,wordd,0.58,28,406
2025-12-17 19:40:56,Qwen/Qwen3-8B,MMLU_selected_subjects,isot_true_573,wordd,0.592,28,586
2025-12-17 19:44:12,Qwen/Qwen3-8B,MMLU_selected_subjects,isot_true_122,chara,0.548,28,406
2025-12-17 19:46:19,Qwen/Qwen3-8B,MMLU_selected_subjects,isot_true_573,chara,0.562,28,586
2025-12-17 19:49:01,Qwen/Qwen3-8B,MMLU_selected_subjects,isot_true_123,clean,0.593,28,783
2025-12-17 19:50:48,Qwen/Qwen3-8B,MMLU_selected_subjects,isot_true_574,clean,0.615,28,239
2025-12-17 19:53:51,Qwen/Qwen3-8B,MMLU_selected_subjects,isot_true_123,meani,0.602,28,783
2025-12-17 19:55:17,Qwen/Qwen3-8B,MMLU_selected_subjects,isot_true_574,meani,0.623,28,239
2025-12-17 19:58:40,Qwen/Qwen3-8B,MMLU_selected_subjects,isot_true_123,wordd,0.572,28,783
2025-12-17 19:59:56,Qwen/Qwen3-8B,MMLU_selected_subjects,isot_true_574,wordd,0.574,28,239
2025-12-17 20:04:22,Qwen/Qwen3-8B,MMLU_selected_subjects,isot_true_123,chara,0.554,28,783
2025-12-17 20:04:38,Qwen/Qwen3-8B,MMLU_selected_subjects,isot_true_574,chara,0.563,28,239
2025-12-17 20:09:12,Qwen/Qwen3-8B,MMLU_selected_subjects,isot_true_124,clean,0.626,28,697
2025-12-17 20:09:33,Qwen/Qwen3-8B,MMLU_selected_subjects,isot_true_575,clean,0.611,28,771
2025-12-17 20:14:08,Qwen/Qwen3-8B,MMLU_selected_subjects,isot_true_124,meani,0.622,28,697
2025-12-17 20:14:28,Qwen/Qwen3-8B,MMLU_selected_subjects,isot_true_575,meani,0.603,28,771
2025-12-17 20:18:58,Qwen/Qwen3-8B,MMLU_selected_subjects,isot_true_124,wordd,0.584,28,697
2025-12-17 20:19:25,Qwen/Qwen3-8B,MMLU_selected_subjects,isot_true_575,wordd,0.593,28,771
2025-12-17 20:24:32,Qwen/Qwen3-8B,MMLU_selected_subjects,isot_true_124,chara,0.54,28,697
2025-12-17 20:25:11,Qwen/Qwen3-8B,MMLU_selected_subjects,isot_true_575,chara,0.555,28,771
2025-12-17 20:29:19,Qwen/Qwen3-8B,MMLU_selected_subjects,isot_true_125,clean,0.616,28,657
2025-12-17 20:29:55,Qwen/Qwen3-8B,MMLU_selected_subjects,isot_true_576,clean,0.603,28,526
2025-12-17 20:34:07,Qwen/Qwen3-8B,MMLU_selected_subjects,isot_true_125,meani,0.604,28,657
2025-12-17 20:34:38,Qwen/Qwen3-8B,MMLU_selected_subjects,isot_true_576,meani,0.593,28,526
2025-12-17 20:38:55,Qwen/Qwen3-8B,MMLU_selected_subjects,isot_true_125,wordd,0.58,28,657
2025-12-17 20:39:21,Qwen/Qwen3-8B,MMLU_selected_subjects,isot_true_576,wordd,0.609,28,526
2025-12-17 20:44:38,Qwen/Qwen3-8B,MMLU_selected_subjects,isot_true_125,chara,0.562,28,657
2025-12-17 20:44:41,Qwen/Qwen3-8B,MMLU_selected_subjects,isot_true_576,chara,0.572,28,526
2025-12-17 20:49:30,Qwen/Qwen3-8B,MMLU_selected_subjects,isot_true_126,clean,0.615,28,744
2025-12-17 20:49:31,Qwen/Qwen3-8B,MMLU_selected_subjects,isot_true_577,clean,0.624,28,484
2025-12-17 20:54:11,Qwen/Qwen3-8B,MMLU_selected_subjects,isot_true_577,meani,0.593,28,484
2025-12-17 20:54:28,Qwen/Qwen3-8B,MMLU_selected_subjects,isot_true_126,meani,0.596,28,744
2025-12-17 20:58:53,Qwen/Qwen3-8B,MMLU_selected_subjects,isot_true_577,wordd,0.607,28,484
2025-12-17 20:59:22,Qwen/Qwen3-8B,MMLU_selected_subjects,isot_true_126,wordd,0.598,28,744
2025-12-17 21:04:08,Qwen/Qwen3-8B,MMLU_selected_subjects,isot_true_577,chara,0.548,28,484
2025-12-17 21:05:06,Qwen/Qwen3-8B,MMLU_selected_subjects,isot_true_126,chara,0.545,28,744
2025-12-17 21:08:39,Qwen/Qwen3-8B,MMLU_selected_subjects,isot_true_578,clean,0.588,28,209
2025-12-17 21:09:52,Qwen/Qwen3-8B,MMLU_selected_subjects,isot_true_127,clean,0.615,28,553
2025-12-17 21:13:10,Qwen/Qwen3-8B,MMLU_selected_subjects,isot_true_578,meani,0.578,28,209
2025-12-17 21:14:34,Qwen/Qwen3-8B,MMLU_selected_subjects,isot_true_127,meani,0.605,28,553
2025-12-17 21:17:46,Qwen/Qwen3-8B,MMLU_selected_subjects,isot_true_578,wordd,0.58,28,209
2025-12-17 21:19:21,Qwen/Qwen3-8B,MMLU_selected_subjects,isot_true_127,wordd,0.596,28,553
2025-12-17 21:22:31,Qwen/Qwen3-8B,MMLU_selected_subjects,isot_true_578,chara,0.509,28,209
2025-12-17 21:24:40,Qwen/Qwen3-8B,MMLU_selected_subjects,isot_true_127,chara,0.558,28,553
2025-12-17 21:27:20,Qwen/Qwen3-8B,MMLU_selected_subjects,isot_true_579,clean,0.603,28,534
2025-12-17 21:29:38,Qwen/Qwen3-8B,MMLU_selected_subjects,isot_true_128,clean,0.581,28,682
2025-12-17 21:32:12,Qwen/Qwen3-8B,MMLU_selected_subjects,isot_true_579,meani,0.605,28,534
2025-12-17 21:34:31,Qwen/Qwen3-8B,MMLU_selected_subjects,isot_true_128,meani,0.59,28,682
2025-12-17 21:37:01,Qwen/Qwen3-8B,MMLU_selected_subjects,isot_true_579,wordd,0.56,28,534
2025-12-17 21:39:23,Qwen/Qwen3-8B,MMLU_selected_subjects,isot_true_128,wordd,0.578,28,682
2025-12-17 21:42:21,Qwen/Qwen3-8B,MMLU_selected_subjects,isot_true_579,chara,0.524,28,534
2025-12-17 21:44:58,Qwen/Qwen3-8B,MMLU_selected_subjects,isot_true_128,chara,0.53,28,682
2025-12-17 21:47:09,Qwen/Qwen3-8B,MMLU_selected_subjects,isot_true_58,clean,0.611,28,570
2025-12-17 21:49:46,Qwen/Qwen3-8B,MMLU_selected_subjects,isot_true_129,clean,0.604,28,520
2025-12-17 21:51:57,Qwen/Qwen3-8B,MMLU_selected_subjects,isot_true_58,meani,0.611,28,570
2025-12-17 21:54:34,Qwen/Qwen3-8B,MMLU_selected_subjects,isot_true_129,meani,0.623,28,520
2025-12-17 21:56:43,Qwen/Qwen3-8B,MMLU_selected_subjects,isot_true_58,wordd,0.598,28,570
2025-12-17 21:59:22,Qwen/Qwen3-8B,MMLU_selected_subjects,isot_true_129,wordd,0.602,28,520
2025-12-17 22:02:05,Qwen/Qwen3-8B,MMLU_selected_subjects,isot_true_58,chara,0.532,28,570
2025-12-17 22:04:37,Qwen/Qwen3-8B,MMLU_selected_subjects,isot_true_129,chara,0.531,28,520
2025-12-17 22:06:55,Qwen/Qwen3-8B,MMLU_selected_subjects,isot_true_580,clean,0.591,28,626
2025-12-17 22:09:32,Qwen/Qwen3-8B,MMLU_selected_subjects,isot_true_13,clean,0.588,28,792
2025-12-17 22:11:48,Qwen/Qwen3-8B,MMLU_selected_subjects,isot_true_580,meani,0.6,28,626
2025-12-17 22:14:27,Qwen/Qwen3-8B,MMLU_selected_subjects,isot_true_13,meani,0.607,28,792
2025-12-17 22:16:39,Qwen/Qwen3-8B,MMLU_selected_subjects,isot_true_580,wordd,0.562,28,626
2025-12-17 22:19:25,Qwen/Qwen3-8B,MMLU_selected_subjects,isot_true_13,wordd,0.569,28,792
2025-12-17 22:22:10,Qwen/Qwen3-8B,MMLU_selected_subjects,isot_true_580,chara,0.538,28,626
2025-12-17 22:25:11,Qwen/Qwen3-8B,MMLU_selected_subjects,isot_true_13,chara,0.559,28,792
2025-12-17 22:26:54,Qwen/Qwen3-8B,MMLU_selected_subjects,isot_true_581,clean,0.587,28,491
2025-12-17 22:29:56,Qwen/Qwen3-8B,MMLU_selected_subjects,isot_true_130,clean,0.599,28,445
2025-12-17 22:31:40,Qwen/Qwen3-8B,MMLU_selected_subjects,isot_true_581,meani,0.6,28,491
2025-12-17 22:34:45,Qwen/Qwen3-8B,MMLU_selected_subjects,isot_true_130,meani,0.601,28,445
2025-12-17 22:36:25,Qwen/Qwen3-8B,MMLU_selected_subjects,isot_true_581,wordd,0.593,28,491
2025-12-17 22:39:38,Qwen/Qwen3-8B,MMLU_selected_subjects,isot_true_130,wordd,0.603,28,445
2025-12-17 22:41:36,Qwen/Qwen3-8B,MMLU_selected_subjects,isot_true_581,chara,0.549,28,491
2025-12-17 22:44:47,Qwen/Qwen3-8B,MMLU_selected_subjects,isot_true_130,chara,0.544,28,445
2025-12-17 22:46:25,Qwen/Qwen3-8B,MMLU_selected_subjects,isot_true_582,clean,0.602,28,598
2025-12-17 22:49:20,Qwen/Qwen3-8B,MMLU_selected_subjects,isot_true_131,clean,0.588,28,333
2025-12-17 22:51:15,Qwen/Qwen3-8B,MMLU_selected_subjects,isot_true_582,meani,0.59,28,598
2025-12-17 22:53:52,Qwen/Qwen3-8B,MMLU_selected_subjects,isot_true_131,meani,0.588,28,333
2025-12-17 22:56:04,Qwen/Qwen3-8B,MMLU_selected_subjects,isot_true_582,wordd,0.588,28,598
2025-12-17 22:58:22,Qwen/Qwen3-8B,MMLU_selected_subjects,isot_true_131,wordd,0.592,28,333
2025-12-17 23:01:30,Qwen/Qwen3-8B,MMLU_selected_subjects,isot_true_582,chara,0.549,28,598
2025-12-17 23:03:20,Qwen/Qwen3-8B,MMLU_selected_subjects,isot_true_131,chara,0.54,28,333
2025-12-17 23:06:00,Qwen/Qwen3-8B,MMLU_selected_subjects,isot_true_583,clean,0.601,28,232
2025-12-17 23:08:01,Qwen/Qwen3-8B,MMLU_selected_subjects,isot_true_132,clean,0.603,28,340
2025-12-17 23:10:28,Qwen/Qwen3-8B,MMLU_selected_subjects,isot_true_583,meani,0.599,28,232
2025-12-17 23:12:39,Qwen/Qwen3-8B,MMLU_selected_subjects,isot_true_132,meani,0.614,28,340
2025-12-17 23:14:59,Qwen/Qwen3-8B,MMLU_selected_subjects,isot_true_583,wordd,0.599,28,232
2025-12-17 23:17:14,Qwen/Qwen3-8B,MMLU_selected_subjects,isot_true_132,wordd,0.595,28,340
2025-12-17 23:19:43,Qwen/Qwen3-8B,MMLU_selected_subjects,isot_true_583,chara,0.545,28,232
2025-12-17 23:22:07,Qwen/Qwen3-8B,MMLU_selected_subjects,isot_true_132,chara,0.542,28,340
2025-12-17 23:24:31,Qwen/Qwen3-8B,MMLU_selected_subjects,isot_true_584,clean,0.608,28,511
2025-12-17 23:26:45,Qwen/Qwen3-8B,MMLU_selected_subjects,isot_true_133,clean,0.608,28,423
2025-12-17 23:29:20,Qwen/Qwen3-8B,MMLU_selected_subjects,isot_true_584,meani,0.615,28,511
2025-12-17 23:31:22,Qwen/Qwen3-8B,MMLU_selected_subjects,isot_true_133,meani,0.606,28,423
2025-12-17 23:34:12,Qwen/Qwen3-8B,MMLU_selected_subjects,isot_true_584,wordd,0.609,28,511
2025-12-17 23:35:59,Qwen/Qwen3-8B,MMLU_selected_subjects,isot_true_133,wordd,0.586,28,423
2025-12-17 23:39:32,Qwen/Qwen3-8B,MMLU_selected_subjects,isot_true_584,chara,0.573,28,511
2025-12-17 23:41:08,Qwen/Qwen3-8B,MMLU_selected_subjects,isot_true_133,chara,0.555,28,423
2025-12-17 23:44:19,Qwen/Qwen3-8B,MMLU_selected_subjects,isot_true_585,clean,0.609,28,480
2025-12-17 23:46:11,Qwen/Qwen3-8B,MMLU_selected_subjects,isot_true_134,clean,0.618,28,706
2025-12-17 23:48:59,Qwen/Qwen3-8B,MMLU_selected_subjects,isot_true_585,meani,0.603,28,480
2025-12-17 23:51:08,Qwen/Qwen3-8B,MMLU_selected_subjects,isot_true_134,meani,0.58,28,706
2025-12-17 23:53:41,Qwen/Qwen3-8B,MMLU_selected_subjects,isot_true_585,wordd,0.559,28,480
2025-12-17 23:56:09,Qwen/Qwen3-8B,MMLU_selected_subjects,isot_true_134,wordd,0.583,28,706
2025-12-17 23:58:55,Qwen/Qwen3-8B,MMLU_selected_subjects,isot_true_585,chara,0.536,28,480
2025-12-18 00:01:53,Qwen/Qwen3-8B,MMLU_selected_subjects,isot_true_134,chara,0.571,28,706
2025-12-18 00:03:35,Qwen/Qwen3-8B,MMLU_selected_subjects,isot_true_586,clean,0.609,28,386
2025-12-18 00:06:43,Qwen/Qwen3-8B,MMLU_selected_subjects,isot_true_135,clean,0.602,28,508
2025-12-18 00:08:18,Qwen/Qwen3-8B,MMLU_selected_subjects,isot_true_586,meani,0.611,28,386
2025-12-18 00:11:28,Qwen/Qwen3-8B,MMLU_selected_subjects,isot_true_135,meani,0.615,28,508
2025-12-18 00:12:58,Qwen/Qwen3-8B,MMLU_selected_subjects,isot_true_586,wordd,0.6,28,386
2025-12-18 00:16:19,Qwen/Qwen3-8B,MMLU_selected_subjects,isot_true_135,wordd,0.595,28,508
2025-12-18 00:18:01,Qwen/Qwen3-8B,MMLU_selected_subjects,isot_true_586,chara,0.581,28,386
2025-12-18 00:21:31,Qwen/Qwen3-8B,MMLU_selected_subjects,isot_true_135,chara,0.53,28,508
2025-12-18 00:22:49,Qwen/Qwen3-8B,MMLU_selected_subjects,isot_true_587,clean,0.578,28,471
2025-12-18 00:26:13,Qwen/Qwen3-8B,MMLU_selected_subjects,isot_true_136,clean,0.618,28,541
2025-12-18 00:27:39,Qwen/Qwen3-8B,MMLU_selected_subjects,isot_true_587,meani,0.601,28,471
2025-12-18 00:30:58,Qwen/Qwen3-8B,MMLU_selected_subjects,isot_true_136,meani,0.599,28,541
2025-12-18 00:32:27,Qwen/Qwen3-8B,MMLU_selected_subjects,isot_true_587,wordd,0.613,28,471
2025-12-18 00:35:41,Qwen/Qwen3-8B,MMLU_selected_subjects,isot_true_136,wordd,0.59,28,541
2025-12-18 00:37:43,Qwen/Qwen3-8B,MMLU_selected_subjects,isot_true_587,chara,0.569,28,471
2025-12-18 00:41:04,Qwen/Qwen3-8B,MMLU_selected_subjects,isot_true_136,chara,0.533,28,541
2025-12-18 00:42:29,Qwen/Qwen3-8B,MMLU_selected_subjects,isot_true_588,clean,0.597,28,602
2025-12-18 00:45:55,Qwen/Qwen3-8B,MMLU_selected_subjects,isot_true_137,clean,0.621,28,626
2025-12-18 00:47:23,Qwen/Qwen3-8B,MMLU_selected_subjects,isot_true_588,meani,0.569,28,602
2025-12-18 00:50:44,Qwen/Qwen3-8B,MMLU_selected_subjects,isot_true_137,meani,0.616,28,626
2025-12-18 00:52:15,Qwen/Qwen3-8B,MMLU_selected_subjects,isot_true_588,wordd,0.575,28,602
2025-12-18 00:55:32,Qwen/Qwen3-8B,MMLU_selected_subjects,isot_true_137,wordd,0.589,28,626
2025-12-18 00:57:41,Qwen/Qwen3-8B,MMLU_selected_subjects,isot_true_588,chara,0.54,28,602
2025-12-18 01:00:59,Qwen/Qwen3-8B,MMLU_selected_subjects,isot_true_137,chara,0.551,28,626
2025-12-18 01:02:26,Qwen/Qwen3-8B,MMLU_selected_subjects,isot_true_589,clean,0.627,28,588
2025-12-18 01:05:38,Qwen/Qwen3-8B,MMLU_selected_subjects,isot_true_138,clean,0.617,28,480
2025-12-18 01:07:10,Qwen/Qwen3-8B,MMLU_selected_subjects,isot_true_589,meani,0.606,28,588
2025-12-18 01:10:16,Qwen/Qwen3-8B,MMLU_selected_subjects,isot_true_138,meani,0.614,28,480
2025-12-18 01:11:54,Qwen/Qwen3-8B,MMLU_selected_subjects,isot_true_589,wordd,0.601,28,588
2025-12-18 01:14:57,Qwen/Qwen3-8B,MMLU_selected_subjects,isot_true_138,wordd,0.611,28,480
2025-12-18 01:17:16,Qwen/Qwen3-8B,MMLU_selected_subjects,isot_true_589,chara,0.545,28,588
2025-12-18 01:20:08,Qwen/Qwen3-8B,MMLU_selected_subjects,isot_true_138,chara,0.583,28,480
2025-12-18 01:21:48,Qwen/Qwen3-8B,MMLU_selected_subjects,isot_true_59,clean,0.628,28,353
2025-12-18 01:24:48,Qwen/Qwen3-8B,MMLU_selected_subjects,isot_true_139,clean,0.585,28,387
2025-12-18 01:26:22,Qwen/Qwen3-8B,MMLU_selected_subjects,isot_true_59,meani,0.628,28,353
2025-12-18 01:29:27,Qwen/Qwen3-8B,MMLU_selected_subjects,isot_true_139,meani,0.605,28,387
2025-12-18 01:30:57,Qwen/Qwen3-8B,MMLU_selected_subjects,isot_true_59,wordd,0.609,28,353
2025-12-18 01:34:02,Qwen/Qwen3-8B,MMLU_selected_subjects,isot_true_139,wordd,0.599,28,387
2025-12-18 01:35:55,Qwen/Qwen3-8B,MMLU_selected_subjects,isot_true_59,chara,0.551,28,353
2025-12-18 01:39:01,Qwen/Qwen3-8B,MMLU_selected_subjects,isot_true_139,chara,0.535,28,387
2025-12-18 01:40:40,Qwen/Qwen3-8B,MMLU_selected_subjects,isot_true_590,clean,0.608,28,486
2025-12-18 01:43:40,Qwen/Qwen3-8B,MMLU_selected_subjects,isot_true_14,clean,0.599,28,351
2025-12-18 01:45:30,Qwen/Qwen3-8B,MMLU_selected_subjects,isot_true_590,meani,0.615,28,486
2025-12-18 01:48:17,Qwen/Qwen3-8B,MMLU_selected_subjects,isot_true_14,meani,0.621,28,351
2025-12-18 01:50:16,Qwen/Qwen3-8B,MMLU_selected_subjects,isot_true_590,wordd,0.601,28,486
2025-12-18 01:52:53,Qwen/Qwen3-8B,MMLU_selected_subjects,isot_true_14,wordd,0.614,28,351
2025-12-18 01:55:27,Qwen/Qwen3-8B,MMLU_selected_subjects,isot_true_590,chara,0.553,28,486
2025-12-18 01:57:51,Qwen/Qwen3-8B,MMLU_selected_subjects,isot_true_14,chara,0.544,28,351
2025-12-18 02:00:20,Qwen/Qwen3-8B,MMLU_selected_subjects,isot_true_591,clean,0.615,28,746
2025-12-18 02:02:35,Qwen/Qwen3-8B,MMLU_selected_subjects,isot_true_140,clean,0.617,28,528
2025-12-18 02:05:16,Qwen/Qwen3-8B,MMLU_selected_subjects,isot_true_591,meani,0.623,28,746
2025-12-18 02:07:15,Qwen/Qwen3-8B,MMLU_selected_subjects,isot_true_140,meani,0.599,28,528
2025-12-18 02:10:12,Qwen/Qwen3-8B,MMLU_selected_subjects,isot_true_591,wordd,0.617,28,746
2025-12-18 02:11:52,Qwen/Qwen3-8B,MMLU_selected_subjects,isot_true_140,wordd,0.573,28,528
2025-12-18 02:15:55,Qwen/Qwen3-8B,MMLU_selected_subjects,isot_true_591,chara,0.548,28,746
2025-12-18 02:17:11,Qwen/Qwen3-8B,MMLU_selected_subjects,isot_true_140,chara,0.56,28,528
2025-12-18 02:20:44,Qwen/Qwen3-8B,MMLU_selected_subjects,isot_true_592,clean,0.595,28,608
2025-12-18 02:21:48,Qwen/Qwen3-8B,MMLU_selected_subjects,isot_true_141,clean,0.61,28,485
2025-12-18 02:25:33,Qwen/Qwen3-8B,MMLU_selected_subjects,isot_true_592,meani,0.587,28,608
2025-12-18 02:26:28,Qwen/Qwen3-8B,MMLU_selected_subjects,isot_true_141,meani,0.617,28,485
2025-12-18 02:30:23,Qwen/Qwen3-8B,MMLU_selected_subjects,isot_true_592,wordd,0.589,28,608
2025-12-18 02:31:09,Qwen/Qwen3-8B,MMLU_selected_subjects,isot_true_141,wordd,0.578,28,485
2025-12-18 02:35:49,Qwen/Qwen3-8B,MMLU_selected_subjects,isot_true_592,chara,0.542,28,608
2025-12-18 02:36:20,Qwen/Qwen3-8B,MMLU_selected_subjects,isot_true_141,chara,0.534,28,485
2025-12-18 02:40:43,Qwen/Qwen3-8B,MMLU_selected_subjects,isot_true_593,clean,0.627,28,630
2025-12-18 02:41:13,Qwen/Qwen3-8B,MMLU_selected_subjects,isot_true_142,clean,0.622,28,718
2025-12-18 02:45:31,Qwen/Qwen3-8B,MMLU_selected_subjects,isot_true_593,meani,0.616,28,630
2025-12-18 02:46:07,Qwen/Qwen3-8B,MMLU_selected_subjects,isot_true_142,meani,0.601,28,718
2025-12-18 02:50:21,Qwen/Qwen3-8B,MMLU_selected_subjects,isot_true_593,wordd,0.593,28,630
2025-12-18 02:50:57,Qwen/Qwen3-8B,MMLU_selected_subjects,isot_true_142,wordd,0.6,28,718
2025-12-18 02:55:50,Qwen/Qwen3-8B,MMLU_selected_subjects,isot_true_593,chara,0.55,28,630
2025-12-18 02:56:36,Qwen/Qwen3-8B,MMLU_selected_subjects,isot_true_142,chara,0.555,28,718
2025-12-18 03:00:35,Qwen/Qwen3-8B,MMLU_selected_subjects,isot_true_594,clean,0.588,28,507
2025-12-18 03:01:34,Qwen/Qwen3-8B,MMLU_selected_subjects,isot_true_143,clean,0.571,28,688
2025-12-18 03:05:15,Qwen/Qwen3-8B,MMLU_selected_subjects,isot_true_594,meani,0.599,28,507
2025-12-18 03:06:28,Qwen/Qwen3-8B,MMLU_selected_subjects,isot_true_143,meani,0.574,28,688
2025-12-18 03:09:57,Qwen/Qwen3-8B,MMLU_selected_subjects,isot_true_594,wordd,0.577,28,507
2025-12-18 03:11:24,Qwen/Qwen3-8B,MMLU_selected_subjects,isot_true_143,wordd,0.576,28,688
2025-12-18 03:15:13,Qwen/Qwen3-8B,MMLU_selected_subjects,isot_true_594,chara,0.535,28,507
2025-12-18 03:17:00,Qwen/Qwen3-8B,MMLU_selected_subjects,isot_true_143,chara,0.522,28,688
2025-12-18 03:20:00,Qwen/Qwen3-8B,MMLU_selected_subjects,isot_true_595,clean,0.608,28,599
2025-12-18 03:21:37,Qwen/Qwen3-8B,MMLU_selected_subjects,isot_true_144,clean,0.583,28,414
2025-12-18 03:24:47,Qwen/Qwen3-8B,MMLU_selected_subjects,isot_true_595,meani,0.607,28,599
2025-12-18 03:26:13,Qwen/Qwen3-8B,MMLU_selected_subjects,isot_true_144,meani,0.588,28,414
2025-12-18 03:29:46,Qwen/Qwen3-8B,MMLU_selected_subjects,isot_true_595,wordd,0.608,28,599
2025-12-18 03:30:52,Qwen/Qwen3-8B,MMLU_selected_subjects,isot_true_144,wordd,0.574,28,414
2025-12-18 03:35:11,Qwen/Qwen3-8B,MMLU_selected_subjects,isot_true_595,chara,0.544,28,599
2025-12-18 03:35:54,Qwen/Qwen3-8B,MMLU_selected_subjects,isot_true_144,chara,0.53,28,414
2025-12-18 03:40:04,Qwen/Qwen3-8B,MMLU_selected_subjects,isot_true_596,clean,0.579,28,570
2025-12-18 03:40:39,Qwen/Qwen3-8B,MMLU_selected_subjects,isot_true_145,clean,0.596,28,609
2025-12-18 03:44:56,Qwen/Qwen3-8B,MMLU_selected_subjects,isot_true_596,meani,0.581,28,570
2025-12-18 03:45:25,Qwen/Qwen3-8B,MMLU_selected_subjects,isot_true_145,meani,0.598,28,609
2025-12-18 03:49:49,Qwen/Qwen3-8B,MMLU_selected_subjects,isot_true_596,wordd,0.602,28,570
2025-12-18 03:50:12,Qwen/Qwen3-8B,MMLU_selected_subjects,isot_true_145,wordd,0.601,28,609
2025-12-18 03:55:15,Qwen/Qwen3-8B,MMLU_selected_subjects,isot_true_596,chara,0.531,28,570
2025-12-18 03:55:31,Qwen/Qwen3-8B,MMLU_selected_subjects,isot_true_145,chara,0.547,28,609
2025-12-18 04:00:05,Qwen/Qwen3-8B,MMLU_selected_subjects,isot_true_597,clean,0.595,28,668
2025-12-18 04:00:21,Qwen/Qwen3-8B,MMLU_selected_subjects,isot_true_146,clean,0.612,28,589
2025-12-18 04:04:58,Qwen/Qwen3-8B,MMLU_selected_subjects,isot_true_597,meani,0.579,28,668
2025-12-18 04:05:08,Qwen/Qwen3-8B,MMLU_selected_subjects,isot_true_146,meani,0.623,28,589
2025-12-18 04:09:51,Qwen/Qwen3-8B,MMLU_selected_subjects,isot_true_597,wordd,0.594,28,668
2025-12-18 04:09:55,Qwen/Qwen3-8B,MMLU_selected_subjects,isot_true_146,wordd,0.599,28,589
2025-12-18 04:15:15,Qwen/Qwen3-8B,MMLU_selected_subjects,isot_true_146,chara,0.54,28,589
2025-12-18 04:15:22,Qwen/Qwen3-8B,MMLU_selected_subjects,isot_true_597,chara,0.556,28,668
2025-12-18 04:19:47,Qwen/Qwen3-8B,MMLU_selected_subjects,isot_true_147,clean,0.609,28,347
2025-12-18 04:19:58,Qwen/Qwen3-8B,MMLU_selected_subjects,isot_true_598,clean,0.61,28,428
2025-12-18 04:24:19,Qwen/Qwen3-8B,MMLU_selected_subjects,isot_true_147,meani,0.607,28,347
2025-12-18 04:24:33,Qwen/Qwen3-8B,MMLU_selected_subjects,isot_true_598,meani,0.613,28,428
2025-12-18 04:28:51,Qwen/Qwen3-8B,MMLU_selected_subjects,isot_true_147,wordd,0.617,28,347
2025-12-18 04:29:14,Qwen/Qwen3-8B,MMLU_selected_subjects,isot_true_598,wordd,0.591,28,428
2025-12-18 04:33:46,Qwen/Qwen3-8B,MMLU_selected_subjects,isot_true_147,chara,0.553,28,347
2025-12-18 04:34:21,Qwen/Qwen3-8B,MMLU_selected_subjects,isot_true_598,chara,0.58,28,428
2025-12-18 04:38:25,Qwen/Qwen3-8B,MMLU_selected_subjects,isot_true_148,clean,0.606,28,407
2025-12-18 04:39:07,Qwen/Qwen3-8B,MMLU_selected_subjects,isot_true_599,clean,0.617,28,555
2025-12-18 04:43:03,Qwen/Qwen3-8B,MMLU_selected_subjects,isot_true_148,meani,0.603,28,407
2025-12-18 04:43:55,Qwen/Qwen3-8B,MMLU_selected_subjects,isot_true_599,meani,0.602,28,555
2025-12-18 04:47:41,Qwen/Qwen3-8B,MMLU_selected_subjects,isot_true_148,wordd,0.593,28,407
2025-12-18 04:48:40,Qwen/Qwen3-8B,MMLU_selected_subjects,isot_true_599,wordd,0.626,28,555
2025-12-18 04:52:47,Qwen/Qwen3-8B,MMLU_selected_subjects,isot_true_148,chara,0.533,28,407
2025-12-18 04:53:56,Qwen/Qwen3-8B,MMLU_selected_subjects,isot_true_599,chara,0.571,28,555
2025-12-18 04:57:35,Qwen/Qwen3-8B,MMLU_selected_subjects,isot_true_149,clean,0.613,28,554
2025-12-18 04:58:34,Qwen/Qwen3-8B,MMLU_selected_subjects,isot_true_6,clean,0.603,28,375
2025-12-18 05:02:23,Qwen/Qwen3-8B,MMLU_selected_subjects,isot_true_149,meani,0.624,28,554
2025-12-18 05:03:13,Qwen/Qwen3-8B,MMLU_selected_subjects,isot_true_6,meani,0.603,28,375
2025-12-18 05:07:10,Qwen/Qwen3-8B,MMLU_selected_subjects,isot_true_149,wordd,0.608,28,554
2025-12-18 05:07:55,Qwen/Qwen3-8B,MMLU_selected_subjects,isot_true_6,wordd,0.589,28,375
2025-12-18 05:12:28,Qwen/Qwen3-8B,MMLU_selected_subjects,isot_true_149,chara,0.574,28,554
2025-12-18 05:12:58,Qwen/Qwen3-8B,MMLU_selected_subjects,isot_true_6,chara,0.513,28,375
2025-12-18 05:17:08,Qwen/Qwen3-8B,MMLU_selected_subjects,isot_true_15,clean,0.616,28,450
2025-12-18 05:17:50,Qwen/Qwen3-8B,MMLU_selected_subjects,isot_true_60,clean,0.607,28,579
2025-12-18 05:21:45,Qwen/Qwen3-8B,MMLU_selected_subjects,isot_true_15,meani,0.602,28,450
2025-12-18 05:22:37,Qwen/Qwen3-8B,MMLU_selected_subjects,isot_true_60,meani,0.585,28,579
2025-12-18 05:26:24,Qwen/Qwen3-8B,MMLU_selected_subjects,isot_true_15,wordd,0.594,28,450
2025-12-18 05:27:25,Qwen/Qwen3-8B,MMLU_selected_subjects,isot_true_60,wordd,0.585,28,579
2025-12-18 05:31:31,Qwen/Qwen3-8B,MMLU_selected_subjects,isot_true_15,chara,0.546,28,450
2025-12-18 05:32:48,Qwen/Qwen3-8B,MMLU_selected_subjects,isot_true_60,chara,0.532,28,579
2025-12-18 05:36:16,Qwen/Qwen3-8B,MMLU_selected_subjects,isot_true_150,clean,0.6,28,620
2025-12-18 05:37:44,Qwen/Qwen3-8B,MMLU_selected_subjects,isot_true_600,clean,0.603,28,546
2025-12-18 05:41:00,Qwen/Qwen3-8B,MMLU_selected_subjects,isot_true_150,meani,0.616,28,620
2025-12-18 05:42:31,Qwen/Qwen3-8B,MMLU_selected_subjects,isot_true_600,meani,0.582,28,546
2025-12-18 05:45:44,Qwen/Qwen3-8B,MMLU_selected_subjects,isot_true_150,wordd,0.595,28,620
2025-12-18 05:47:19,Qwen/Qwen3-8B,MMLU_selected_subjects,isot_true_600,wordd,0.582,28,546
2025-12-18 05:51:12,Qwen/Qwen3-8B,MMLU_selected_subjects,isot_true_150,chara,0.563,28,620
2025-12-18 05:52:45,Qwen/Qwen3-8B,MMLU_selected_subjects,isot_true_600,chara,0.534,28,546
2025-12-18 05:55:47,Qwen/Qwen3-8B,MMLU_selected_subjects,isot_true_151,clean,0.627,28,332
2025-12-18 05:57:31,Qwen/Qwen3-8B,MMLU_selected_subjects,isot_true_601,clean,0.621,28,503
2025-12-18 06:00:19,Qwen/Qwen3-8B,MMLU_selected_subjects,isot_true_151,meani,0.602,28,332
2025-12-18 06:02:16,Qwen/Qwen3-8B,MMLU_selected_subjects,isot_true_601,meani,0.598,28,503
2025-12-18 06:04:53,Qwen/Qwen3-8B,MMLU_selected_subjects,isot_true_151,wordd,0.607,28,332
2025-12-18 06:07:01,Qwen/Qwen3-8B,MMLU_selected_subjects,isot_true_601,wordd,0.577,28,503
2025-12-18 06:09:44,Qwen/Qwen3-8B,MMLU_selected_subjects,isot_true_151,chara,0.576,28,332
2025-12-18 06:12:21,Qwen/Qwen3-8B,MMLU_selected_subjects,isot_true_601,chara,0.562,28,503
2025-12-18 06:14:32,Qwen/Qwen3-8B,MMLU_selected_subjects,isot_true_152,clean,0.606,28,609
2025-12-18 06:17:15,Qwen/Qwen3-8B,MMLU_selected_subjects,isot_true_602,clean,0.6,28,650
2025-12-18 06:19:20,Qwen/Qwen3-8B,MMLU_selected_subjects,isot_true_152,meani,0.61,28,609
2025-12-18 06:22:06,Qwen/Qwen3-8B,MMLU_selected_subjects,isot_true_602,meani,0.619,28,650
2025-12-18 06:24:05,Qwen/Qwen3-8B,MMLU_selected_subjects,isot_true_152,wordd,0.588,28,609
2025-12-18 06:26:58,Qwen/Qwen3-8B,MMLU_selected_subjects,isot_true_602,wordd,0.596,28,650
2025-12-18 06:29:28,Qwen/Qwen3-8B,MMLU_selected_subjects,isot_true_152,chara,0.537,28,609
2025-12-18 06:32:31,Qwen/Qwen3-8B,MMLU_selected_subjects,isot_true_602,chara,0.573,28,650
2025-12-18 06:34:02,Qwen/Qwen3-8B,MMLU_selected_subjects,isot_true_153,clean,0.587,28,388
2025-12-18 06:37:14,Qwen/Qwen3-8B,MMLU_selected_subjects,isot_true_603,clean,0.596,28,497
2025-12-18 06:38:40,Qwen/Qwen3-8B,MMLU_selected_subjects,isot_true_153,meani,0.609,28,388
2025-12-18 06:41:56,Qwen/Qwen3-8B,MMLU_selected_subjects,isot_true_603,meani,0.613,28,497
2025-12-18 06:43:14,Qwen/Qwen3-8B,MMLU_selected_subjects,isot_true_153,wordd,0.603,28,388
2025-12-18 06:46:39,Qwen/Qwen3-8B,MMLU_selected_subjects,isot_true_603,wordd,0.587,28,497
2025-12-18 06:48:20,Qwen/Qwen3-8B,MMLU_selected_subjects,isot_true_153,chara,0.546,28,388
2025-12-18 06:51:54,Qwen/Qwen3-8B,MMLU_selected_subjects,isot_true_603,chara,0.538,28,497
2025-12-18 06:53:09,Qwen/Qwen3-8B,MMLU_selected_subjects,isot_true_154,clean,0.604,28,527
2025-12-18 06:56:47,Qwen/Qwen3-8B,MMLU_selected_subjects,isot_true_604,clean,0.581,28,729
2025-12-18 06:57:55,Qwen/Qwen3-8B,MMLU_selected_subjects,isot_true_154,meani,0.588,28,527
2025-12-18 07:01:37,Qwen/Qwen3-8B,MMLU_selected_subjects,isot_true_604,meani,0.604,28,729
2025-12-18 07:02:37,Qwen/Qwen3-8B,MMLU_selected_subjects,isot_true_154,wordd,0.572,28,527
2025-12-18 07:06:32,Qwen/Qwen3-8B,MMLU_selected_subjects,isot_true_604,wordd,0.604,28,729
2025-12-18 07:07:56,Qwen/Qwen3-8B,MMLU_selected_subjects,isot_true_154,chara,0.537,28,527
2025-12-18 07:12:16,Qwen/Qwen3-8B,MMLU_selected_subjects,isot_true_604,chara,0.56,28,729
2025-12-18 07:12:46,Qwen/Qwen3-8B,MMLU_selected_subjects,isot_true_155,clean,0.634,28,689
2025-12-18 07:17:14,Qwen/Qwen3-8B,MMLU_selected_subjects,isot_true_605,clean,0.586,28,738
2025-12-18 07:17:34,Qwen/Qwen3-8B,MMLU_selected_subjects,isot_true_155,meani,0.632,28,689
2025-12-18 07:22:08,Qwen/Qwen3-8B,MMLU_selected_subjects,isot_true_605,meani,0.587,28,738
2025-12-18 07:22:33,Qwen/Qwen3-8B,MMLU_selected_subjects,isot_true_155,wordd,0.612,28,689
2025-12-18 07:27:07,Qwen/Qwen3-8B,MMLU_selected_subjects,isot_true_605,wordd,0.577,28,738
2025-12-18 07:28:04,Qwen/Qwen3-8B,MMLU_selected_subjects,isot_true_155,chara,0.566,28,689
2025-12-18 07:32:48,Qwen/Qwen3-8B,MMLU_selected_subjects,isot_true_605,chara,0.518,28,738
2025-12-18 07:32:58,Qwen/Qwen3-8B,MMLU_selected_subjects,isot_true_156,clean,0.599,28,735
2025-12-18 07:37:33,Qwen/Qwen3-8B,MMLU_selected_subjects,isot_true_606,clean,0.612,28,461
2025-12-18 07:37:49,Qwen/Qwen3-8B,MMLU_selected_subjects,isot_true_156,meani,0.604,28,735
2025-12-18 07:42:17,Qwen/Qwen3-8B,MMLU_selected_subjects,isot_true_606,meani,0.595,28,461
2025-12-18 07:42:43,Qwen/Qwen3-8B,MMLU_selected_subjects,isot_true_156,wordd,0.618,28,735
2025-12-18 07:47:01,Qwen/Qwen3-8B,MMLU_selected_subjects,isot_true_606,wordd,0.601,28,461
2025-12-18 07:48:28,Qwen/Qwen3-8B,MMLU_selected_subjects,isot_true_156,chara,0.582,28,735
2025-12-18 07:52:16,Qwen/Qwen3-8B,MMLU_selected_subjects,isot_true_606,chara,0.583,28,461
2025-12-18 07:53:09,Qwen/Qwen3-8B,MMLU_selected_subjects,isot_true_157,clean,0.592,28,452
2025-12-18 07:57:04,Qwen/Qwen3-8B,MMLU_selected_subjects,isot_true_607,clean,0.621,28,555
2025-12-18 07:57:47,Qwen/Qwen3-8B,MMLU_selected_subjects,isot_true_157,meani,0.608,28,452
2025-12-18 08:01:54,Qwen/Qwen3-8B,MMLU_selected_subjects,isot_true_607,meani,0.596,28,555
2025-12-18 08:02:26,Qwen/Qwen3-8B,MMLU_selected_subjects,isot_true_157,wordd,0.616,28,452
2025-12-18 08:06:45,Qwen/Qwen3-8B,MMLU_selected_subjects,isot_true_607,wordd,0.598,28,555
2025-12-18 08:07:33,Qwen/Qwen3-8B,MMLU_selected_subjects,isot_true_157,chara,0.516,28,452
2025-12-18 08:12:08,Qwen/Qwen3-8B,MMLU_selected_subjects,isot_true_607,chara,0.537,28,555
2025-12-18 08:12:13,Qwen/Qwen3-8B,MMLU_selected_subjects,isot_true_158,clean,0.608,28,455
2025-12-18 08:16:51,Qwen/Qwen3-8B,MMLU_selected_subjects,isot_true_158,meani,0.612,28,455
2025-12-18 08:16:53,Qwen/Qwen3-8B,MMLU_selected_subjects,isot_true_608,clean,0.623,28,482
2025-12-18 08:21:32,Qwen/Qwen3-8B,MMLU_selected_subjects,isot_true_158,wordd,0.603,28,455
2025-12-18 08:21:36,Qwen/Qwen3-8B,MMLU_selected_subjects,isot_true_608,meani,0.617,28,482
2025-12-18 08:26:19,Qwen/Qwen3-8B,MMLU_selected_subjects,isot_true_608,wordd,0.584,28,482
2025-12-18 08:26:36,Qwen/Qwen3-8B,MMLU_selected_subjects,isot_true_158,chara,0.546,28,455
2025-12-18 08:31:13,Qwen/Qwen3-8B,MMLU_selected_subjects,isot_true_159,clean,0.579,28,353
2025-12-18 08:31:32,Qwen/Qwen3-8B,MMLU_selected_subjects,isot_true_608,chara,0.558,28,482
2025-12-18 08:35:48,Qwen/Qwen3-8B,MMLU_selected_subjects,isot_true_159,meani,0.611,28,353
2025-12-18 08:36:12,Qwen/Qwen3-8B,MMLU_selected_subjects,isot_true_609,clean,0.613,28,374
2025-12-18 08:40:23,Qwen/Qwen3-8B,MMLU_selected_subjects,isot_true_159,wordd,0.602,28,353
2025-12-18 08:40:58,Qwen/Qwen3-8B,MMLU_selected_subjects,isot_true_609,meani,0.61,28,374
2025-12-18 08:45:19,Qwen/Qwen3-8B,MMLU_selected_subjects,isot_true_159,chara,0.561,28,353
2025-12-18 08:45:39,Qwen/Qwen3-8B,MMLU_selected_subjects,isot_true_609,wordd,0.601,28,374
2025-12-18 08:50:04,Qwen/Qwen3-8B,MMLU_selected_subjects,isot_true_16,clean,0.609,28,569
2025-12-18 08:50:43,Qwen/Qwen3-8B,MMLU_selected_subjects,isot_true_609,chara,0.554,28,374
2025-12-18 08:54:48,Qwen/Qwen3-8B,MMLU_selected_subjects,isot_true_16,meani,0.592,28,569
2025-12-18 08:55:27,Qwen/Qwen3-8B,MMLU_selected_subjects,isot_true_61,clean,0.603,28,476
2025-12-18 08:59:30,Qwen/Qwen3-8B,MMLU_selected_subjects,isot_true_16,wordd,0.572,28,569
2025-12-18 09:00:12,Qwen/Qwen3-8B,MMLU_selected_subjects,isot_true_61,meani,0.612,28,476
2025-12-18 09:04:53,Qwen/Qwen3-8B,MMLU_selected_subjects,isot_true_16,chara,0.543,28,569
2025-12-18 09:04:56,Qwen/Qwen3-8B,MMLU_selected_subjects,isot_true_61,wordd,0.59,28,476
2025-12-18 09:09:27,Qwen/Qwen3-8B,MMLU_selected_subjects,isot_true_160,clean,0.609,28,318
2025-12-18 09:10:11,Qwen/Qwen3-8B,MMLU_selected_subjects,isot_true_61,chara,0.536,28,476
2025-12-18 09:13:57,Qwen/Qwen3-8B,MMLU_selected_subjects,isot_true_160,meani,0.615,28,318
2025-12-18 09:14:47,Qwen/Qwen3-8B,MMLU_selected_subjects,isot_true_610,clean,0.602,28,353
2025-12-18 09:18:26,Qwen/Qwen3-8B,MMLU_selected_subjects,isot_true_160,wordd,0.608,28,318
2025-12-18 09:19:17,Qwen/Qwen3-8B,MMLU_selected_subjects,isot_true_610,meani,0.613,28,353
2025-12-18 09:23:21,Qwen/Qwen3-8B,MMLU_selected_subjects,isot_true_160,chara,0.525,28,318
2025-12-18 09:23:51,Qwen/Qwen3-8B,MMLU_selected_subjects,isot_true_610,wordd,0.618,28,353
2025-12-18 09:28:01,Qwen/Qwen3-8B,MMLU_selected_subjects,isot_true_161,clean,0.607,28,515
2025-12-18 09:28:51,Qwen/Qwen3-8B,MMLU_selected_subjects,isot_true_610,chara,0.555,28,353
2025-12-18 09:32:40,Qwen/Qwen3-8B,MMLU_selected_subjects,isot_true_161,meani,0.605,28,515
2025-12-18 09:33:26,Qwen/Qwen3-8B,MMLU_selected_subjects,isot_true_611,clean,0.593,28,334
2025-12-18 09:37:26,Qwen/Qwen3-8B,MMLU_selected_subjects,isot_true_161,wordd,0.576,28,515
2025-12-18 09:38:05,Qwen/Qwen3-8B,MMLU_selected_subjects,isot_true_611,meani,0.587,28,334
2025-12-18 09:42:44,Qwen/Qwen3-8B,MMLU_selected_subjects,isot_true_611,wordd,0.597,28,334
2025-12-18 09:42:45,Qwen/Qwen3-8B,MMLU_selected_subjects,isot_true_161,chara,0.543,28,515
2025-12-18 09:47:27,Qwen/Qwen3-8B,MMLU_selected_subjects,isot_true_162,clean,0.611,28,544
2025-12-18 09:47:41,Qwen/Qwen3-8B,MMLU_selected_subjects,isot_true_611,chara,0.543,28,334
2025-12-18 09:52:07,Qwen/Qwen3-8B,MMLU_selected_subjects,isot_true_162,meani,0.606,28,544
2025-12-18 09:52:22,Qwen/Qwen3-8B,MMLU_selected_subjects,isot_true_612,clean,0.611,28,440
2025-12-18 09:56:47,Qwen/Qwen3-8B,MMLU_selected_subjects,isot_true_162,wordd,0.582,28,544
2025-12-18 09:57:07,Qwen/Qwen3-8B,MMLU_selected_subjects,isot_true_612,meani,0.614,28,440
2025-12-18 10:01:50,Qwen/Qwen3-8B,MMLU_selected_subjects,isot_true_612,wordd,0.61,28,440
2025-12-18 10:02:04,Qwen/Qwen3-8B,MMLU_selected_subjects,isot_true_162,chara,0.522,28,544
2025-12-18 10:06:42,Qwen/Qwen3-8B,MMLU_selected_subjects,isot_true_163,clean,0.623,28,473
2025-12-18 10:07:01,Qwen/Qwen3-8B,MMLU_selected_subjects,isot_true_612,chara,0.556,28,440
2025-12-18 10:11:19,Qwen/Qwen3-8B,MMLU_selected_subjects,isot_true_163,meani,0.608,28,473
2025-12-18 10:11:39,Qwen/Qwen3-8B,MMLU_selected_subjects,isot_true_613,clean,0.59,28,423
2025-12-18 10:16:01,Qwen/Qwen3-8B,MMLU_selected_subjects,isot_true_163,wordd,0.579,28,473
2025-12-18 10:16:16,Qwen/Qwen3-8B,MMLU_selected_subjects,isot_true_613,meani,0.608,28,423
2025-12-18 10:20:54,Qwen/Qwen3-8B,MMLU_selected_subjects,isot_true_613,wordd,0.592,28,423
2025-12-18 10:21:12,Qwen/Qwen3-8B,MMLU_selected_subjects,isot_true_163,chara,0.55,28,473
2025-12-18 10:26:00,Qwen/Qwen3-8B,MMLU_selected_subjects,isot_true_164,clean,0.601,28,562
2025-12-18 10:26:04,Qwen/Qwen3-8B,MMLU_selected_subjects,isot_true_613,chara,0.566,28,423
2025-12-18 10:30:43,Qwen/Qwen3-8B,MMLU_selected_subjects,isot_true_614,clean,0.563,28,363
2025-12-18 10:30:48,Qwen/Qwen3-8B,MMLU_selected_subjects,isot_true_164,meani,0.588,28,562
2025-12-18 10:35:22,Qwen/Qwen3-8B,MMLU_selected_subjects,isot_true_614,meani,0.594,28,363
2025-12-18 10:35:36,Qwen/Qwen3-8B,MMLU_selected_subjects,isot_true_164,wordd,0.584,28,562
2025-12-18 10:39:58,Qwen/Qwen3-8B,MMLU_selected_subjects,isot_true_614,wordd,0.583,28,363
2025-12-18 10:40:50,Qwen/Qwen3-8B,MMLU_selected_subjects,isot_true_164,chara,0.57,28,562
2025-12-18 10:44:58,Qwen/Qwen3-8B,MMLU_selected_subjects,isot_true_614,chara,0.509,28,363
2025-12-18 10:45:29,Qwen/Qwen3-8B,MMLU_selected_subjects,isot_true_165,clean,0.587,28,461
2025-12-18 10:49:41,Qwen/Qwen3-8B,MMLU_selected_subjects,isot_true_615,clean,0.628,28,444
2025-12-18 10:50:05,Qwen/Qwen3-8B,MMLU_selected_subjects,isot_true_165,meani,0.604,28,461
2025-12-18 10:54:26,Qwen/Qwen3-8B,MMLU_selected_subjects,isot_true_615,meani,0.613,28,444
2025-12-18 10:54:45,Qwen/Qwen3-8B,MMLU_selected_subjects,isot_true_165,wordd,0.597,28,461
2025-12-18 10:59:09,Qwen/Qwen3-8B,MMLU_selected_subjects,isot_true_615,wordd,0.61,28,444
2025-12-18 10:59:52,Qwen/Qwen3-8B,MMLU_selected_subjects,isot_true_165,chara,0.538,28,461
2025-12-18 11:04:17,Qwen/Qwen3-8B,MMLU_selected_subjects,isot_true_615,chara,0.564,28,444
2025-12-18 11:04:31,Qwen/Qwen3-8B,MMLU_selected_subjects,isot_true_166,clean,0.601,28,410
2025-12-18 11:09:13,Qwen/Qwen3-8B,MMLU_selected_subjects,isot_true_166,meani,0.605,28,410
2025-12-18 11:09:26,Qwen/Qwen3-8B,MMLU_selected_subjects,isot_true_616,clean,0.579,28,698
2025-12-18 11:13:51,Qwen/Qwen3-8B,MMLU_selected_subjects,isot_true_166,wordd,0.605,28,410
2025-12-18 11:14:32,Qwen/Qwen3-8B,MMLU_selected_subjects,isot_true_616,meani,0.605,28,698
2025-12-18 11:18:54,Qwen/Qwen3-8B,MMLU_selected_subjects,isot_true_166,chara,0.53,28,410
2025-12-18 11:19:38,Qwen/Qwen3-8B,MMLU_selected_subjects,isot_true_616,wordd,0.592,28,698
2025-12-18 11:23:40,Qwen/Qwen3-8B,MMLU_selected_subjects,isot_true_167,clean,0.59,28,517
2025-12-18 11:25:25,Qwen/Qwen3-8B,MMLU_selected_subjects,isot_true_616,chara,0.521,28,698
2025-12-18 11:28:24,Qwen/Qwen3-8B,MMLU_selected_subjects,isot_true_167,meani,0.586,28,517
2025-12-18 11:30:20,Qwen/Qwen3-8B,MMLU_selected_subjects,isot_true_617,clean,0.604,28,664
2025-12-18 11:33:08,Qwen/Qwen3-8B,MMLU_selected_subjects,isot_true_167,wordd,0.589,28,517
2025-12-18 11:35:15,Qwen/Qwen3-8B,MMLU_selected_subjects,isot_true_617,meani,0.615,28,664
2025-12-18 11:38:45,Qwen/Qwen3-8B,MMLU_selected_subjects,isot_true_167,chara,0.518,28,517
2025-12-18 11:40:44,Qwen/Qwen3-8B,MMLU_selected_subjects,isot_true_617,wordd,0.593,28,664
2025-12-18 11:43:58,Qwen/Qwen3-8B,MMLU_selected_subjects,isot_true_168,clean,0.601,28,768
2025-12-18 11:46:20,Qwen/Qwen3-8B,MMLU_selected_subjects,isot_true_617,chara,0.567,28,664
2025-12-18 11:48:58,Qwen/Qwen3-8B,MMLU_selected_subjects,isot_true_168,meani,0.615,28,768
2025-12-18 11:51:19,Qwen/Qwen3-8B,MMLU_selected_subjects,isot_true_618,clean,0.614,28,773
2025-12-18 11:54:10,Qwen/Qwen3-8B,MMLU_selected_subjects,isot_true_168,wordd,0.604,28,768
2025-12-18 11:56:34,Qwen/Qwen3-8B,MMLU_selected_subjects,isot_true_618,meani,0.597,28,773
2025-12-18 12:00:13,Qwen/Qwen3-8B,MMLU_selected_subjects,isot_true_168,chara,0.554,28,768
2025-12-18 12:01:53,Qwen/Qwen3-8B,MMLU_selected_subjects,isot_true_618,wordd,0.605,28,773
2025-12-18 12:04:54,Qwen/Qwen3-8B,MMLU_selected_subjects,isot_true_169,clean,0.623,28,416
2025-12-18 12:07:40,Qwen/Qwen3-8B,MMLU_selected_subjects,isot_true_618,chara,0.54,28,773
2025-12-18 12:09:32,Qwen/Qwen3-8B,MMLU_selected_subjects,isot_true_169,meani,0.632,28,416
2025-12-18 12:12:14,Qwen/Qwen3-8B,MMLU_selected_subjects,isot_true_619,clean,0.611,28,294
2025-12-18 12:14:07,Qwen/Qwen3-8B,MMLU_selected_subjects,isot_true_169,wordd,0.6,28,416
2025-12-18 12:16:46,Qwen/Qwen3-8B,MMLU_selected_subjects,isot_true_619,meani,0.609,28,294
2025-12-18 12:19:11,Qwen/Qwen3-8B,MMLU_selected_subjects,isot_true_169,chara,0.565,28,416
2025-12-18 12:21:24,Qwen/Qwen3-8B,MMLU_selected_subjects,isot_true_619,wordd,0.613,28,294
2025-12-18 12:23:47,Qwen/Qwen3-8B,MMLU_selected_subjects,isot_true_17,clean,0.589,28,340
2025-12-18 12:26:13,Qwen/Qwen3-8B,MMLU_selected_subjects,isot_true_619,chara,0.53,28,294
2025-12-18 12:28:19,Qwen/Qwen3-8B,MMLU_selected_subjects,isot_true_17,meani,0.601,28,340
2025-12-18 12:31:03,Qwen/Qwen3-8B,MMLU_selected_subjects,isot_true_62,clean,0.608,28,604
2025-12-18 12:32:55,Qwen/Qwen3-8B,MMLU_selected_subjects,isot_true_17,wordd,0.603,28,340
2025-12-18 12:35:52,Qwen/Qwen3-8B,MMLU_selected_subjects,isot_true_62,meani,0.614,28,604
2025-12-18 12:37:54,Qwen/Qwen3-8B,MMLU_selected_subjects,isot_true_17,chara,0.564,28,340
2025-12-18 12:40:43,Qwen/Qwen3-8B,MMLU_selected_subjects,isot_true_62,wordd,0.6,28,604
2025-12-18 12:42:45,Qwen/Qwen3-8B,MMLU_selected_subjects,isot_true_170,clean,0.617,28,461
2025-12-18 12:46:11,Qwen/Qwen3-8B,MMLU_selected_subjects,isot_true_62,chara,0.511,28,604
2025-12-18 12:47:33,Qwen/Qwen3-8B,MMLU_selected_subjects,isot_true_170,meani,0.589,28,461
2025-12-18 12:51:13,Qwen/Qwen3-8B,MMLU_selected_subjects,isot_true_620,clean,0.599,28,734
2025-12-18 12:52:17,Qwen/Qwen3-8B,MMLU_selected_subjects,isot_true_170,wordd,0.597,28,461
2025-12-18 12:56:15,Qwen/Qwen3-8B,MMLU_selected_subjects,isot_true_620,meani,0.62,28,734
2025-12-18 12:57:28,Qwen/Qwen3-8B,MMLU_selected_subjects,isot_true_170,chara,0.502,28,461
2025-12-18 13:01:19,Qwen/Qwen3-8B,MMLU_selected_subjects,isot_true_620,wordd,0.604,28,734
2025-12-18 13:02:08,Qwen/Qwen3-8B,MMLU_selected_subjects,isot_true_171,clean,0.613,28,427
2025-12-18 13:06:46,Qwen/Qwen3-8B,MMLU_selected_subjects,isot_true_171,meani,0.611,28,427
2025-12-18 13:07:06,Qwen/Qwen3-8B,MMLU_selected_subjects,isot_true_620,chara,0.564,28,734
2025-12-18 13:11:31,Qwen/Qwen3-8B,MMLU_selected_subjects,isot_true_171,wordd,0.595,28,427
2025-12-18 13:11:55,Qwen/Qwen3-8B,MMLU_selected_subjects,isot_true_621,clean,0.622,28,615
2025-12-18 13:16:41,Qwen/Qwen3-8B,MMLU_selected_subjects,isot_true_621,meani,0.62,28,615
2025-12-18 13:16:47,Qwen/Qwen3-8B,MMLU_selected_subjects,isot_true_171,chara,0.539,28,427
2025-12-18 13:21:29,Qwen/Qwen3-8B,MMLU_selected_subjects,isot_true_621,wordd,0.591,28,615
2025-12-18 13:21:31,Qwen/Qwen3-8B,MMLU_selected_subjects,isot_true_172,clean,0.607,28,572
2025-12-18 13:26:13,Qwen/Qwen3-8B,MMLU_selected_subjects,isot_true_172,meani,0.599,28,572
2025-12-18 13:26:56,Qwen/Qwen3-8B,MMLU_selected_subjects,isot_true_621,chara,0.581,28,615
2025-12-18 13:30:56,Qwen/Qwen3-8B,MMLU_selected_subjects,isot_true_172,wordd,0.626,28,572
2025-12-18 13:31:45,Qwen/Qwen3-8B,MMLU_selected_subjects,isot_true_622,clean,0.596,28,477
2025-12-18 13:36:15,Qwen/Qwen3-8B,MMLU_selected_subjects,isot_true_172,chara,0.553,28,572
2025-12-18 13:36:28,Qwen/Qwen3-8B,MMLU_selected_subjects,isot_true_622,meani,0.591,28,477
2025-12-18 13:40:58,Qwen/Qwen3-8B,MMLU_selected_subjects,isot_true_173,clean,0.576,28,473
2025-12-18 13:41:11,Qwen/Qwen3-8B,MMLU_selected_subjects,isot_true_622,wordd,0.591,28,477
2025-12-18 13:45:41,Qwen/Qwen3-8B,MMLU_selected_subjects,isot_true_173,meani,0.587,28,473
2025-12-18 13:46:25,Qwen/Qwen3-8B,MMLU_selected_subjects,isot_true_622,chara,0.518,28,477
2025-12-18 13:50:25,Qwen/Qwen3-8B,MMLU_selected_subjects,isot_true_173,wordd,0.598,28,473
2025-12-18 13:51:10,Qwen/Qwen3-8B,MMLU_selected_subjects,isot_true_623,clean,0.581,28,594
2025-12-18 13:55:37,Qwen/Qwen3-8B,MMLU_selected_subjects,isot_true_173,chara,0.578,28,473
2025-12-18 13:55:53,Qwen/Qwen3-8B,MMLU_selected_subjects,isot_true_623,meani,0.594,28,594
2025-12-18 14:00:11,Qwen/Qwen3-8B,MMLU_selected_subjects,isot_true_174,clean,0.615,28,322
2025-12-18 14:00:35,Qwen/Qwen3-8B,MMLU_selected_subjects,isot_true_623,wordd,0.598,28,594
2025-12-18 14:04:50,Qwen/Qwen3-8B,MMLU_selected_subjects,isot_true_174,meani,0.599,28,322
2025-12-18 14:06:07,Qwen/Qwen3-8B,MMLU_selected_subjects,isot_true_623,chara,0.54,28,594
2025-12-18 14:09:31,Qwen/Qwen3-8B,MMLU_selected_subjects,isot_true_174,wordd,0.605,28,322
2025-12-18 14:11:11,Qwen/Qwen3-8B,MMLU_selected_subjects,isot_true_624,clean,0.605,28,722
2025-12-18 14:14:34,Qwen/Qwen3-8B,MMLU_selected_subjects,isot_true_174,chara,0.539,28,322
2025-12-18 14:16:21,Qwen/Qwen3-8B,MMLU_selected_subjects,isot_true_624,meani,0.6,28,722
2025-12-18 14:19:23,Qwen/Qwen3-8B,MMLU_selected_subjects,isot_true_175,clean,0.586,28,375
2025-12-18 14:21:31,Qwen/Qwen3-8B,MMLU_selected_subjects,isot_true_624,wordd,0.599,28,722
2025-12-18 14:24:10,Qwen/Qwen3-8B,MMLU_selected_subjects,isot_true_175,meani,0.602,28,375
2025-12-18 14:27:23,Qwen/Qwen3-8B,MMLU_selected_subjects,isot_true_624,chara,0.555,28,722
2025-12-18 14:28:57,Qwen/Qwen3-8B,MMLU_selected_subjects,isot_true_175,wordd,0.584,28,375
2025-12-18 14:32:18,Qwen/Qwen3-8B,MMLU_selected_subjects,isot_true_625,clean,0.606,28,529
2025-12-18 14:34:07,Qwen/Qwen3-8B,MMLU_selected_subjects,isot_true_175,chara,0.533,28,375
2025-12-18 14:37:11,Qwen/Qwen3-8B,MMLU_selected_subjects,isot_true_625,meani,0.602,28,529
2025-12-18 14:39:14,Qwen/Qwen3-8B,MMLU_selected_subjects,isot_true_176,clean,0.601,28,725
2025-12-18 14:42:07,Qwen/Qwen3-8B,MMLU_selected_subjects,isot_true_625,wordd,0.571,28,529
2025-12-18 14:44:18,Qwen/Qwen3-8B,MMLU_selected_subjects,isot_true_176,meani,0.567,28,725
2025-12-18 14:47:32,Qwen/Qwen3-8B,MMLU_selected_subjects,isot_true_625,chara,0.557,28,529
2025-12-18 14:49:23,Qwen/Qwen3-8B,MMLU_selected_subjects,isot_true_176,wordd,0.563,28,725
2025-12-18 14:52:11,Qwen/Qwen3-8B,MMLU_selected_subjects,isot_true_626,clean,0.632,28,278
2025-12-18 14:55:09,Qwen/Qwen3-8B,MMLU_selected_subjects,isot_true_176,chara,0.538,28,725
2025-12-18 14:56:51,Qwen/Qwen3-8B,MMLU_selected_subjects,isot_true_626,meani,0.613,28,278
2025-12-18 14:59:59,Qwen/Qwen3-8B,MMLU_selected_subjects,isot_true_177,clean,0.613,28,489
2025-12-18 15:01:30,Qwen/Qwen3-8B,MMLU_selected_subjects,isot_true_626,wordd,0.612,28,278
2025-12-18 15:04:46,Qwen/Qwen3-8B,MMLU_selected_subjects,isot_true_177,meani,0.598,28,489
2025-12-18 15:06:30,Qwen/Qwen3-8B,MMLU_selected_subjects,isot_true_626,chara,0.53,28,278
2025-12-18 15:09:32,Qwen/Qwen3-8B,MMLU_selected_subjects,isot_true_177,wordd,0.585,28,489
2025-12-18 15:11:40,Qwen/Qwen3-8B,MMLU_selected_subjects,isot_true_627,clean,0.612,28,752
2025-12-18 15:14:51,Qwen/Qwen3-8B,MMLU_selected_subjects,isot_true_177,chara,0.575,28,489
2025-12-18 15:16:49,Qwen/Qwen3-8B,MMLU_selected_subjects,isot_true_627,meani,0.612,28,752
2025-12-18 15:19:46,Qwen/Qwen3-8B,MMLU_selected_subjects,isot_true_178,clean,0.593,28,553
2025-12-18 15:21:57,Qwen/Qwen3-8B,MMLU_selected_subjects,isot_true_627,wordd,0.605,28,752
2025-12-18 15:24:41,Qwen/Qwen3-8B,MMLU_selected_subjects,isot_true_178,meani,0.623,28,553
2025-12-18 15:27:51,Qwen/Qwen3-8B,MMLU_selected_subjects,isot_true_627,chara,0.552,28,752
2025-12-18 15:29:35,Qwen/Qwen3-8B,MMLU_selected_subjects,isot_true_178,wordd,0.611,28,553
2025-12-18 15:32:44,Qwen/Qwen3-8B,MMLU_selected_subjects,isot_true_628,clean,0.619,28,517
2025-12-18 15:35:05,Qwen/Qwen3-8B,MMLU_selected_subjects,isot_true_178,chara,0.541,28,553
2025-12-18 15:37:36,Qwen/Qwen3-8B,MMLU_selected_subjects,isot_true_628,meani,0.615,28,517
2025-12-18 15:40:02,Qwen/Qwen3-8B,MMLU_selected_subjects,isot_true_179,clean,0.595,28,582
2025-12-18 15:42:30,Qwen/Qwen3-8B,MMLU_selected_subjects,isot_true_628,wordd,0.598,28,517
2025-12-18 15:45:02,Qwen/Qwen3-8B,MMLU_selected_subjects,isot_true_179,meani,0.591,28,582
2025-12-18 15:48:04,Qwen/Qwen3-8B,MMLU_selected_subjects,isot_true_628,chara,0.553,28,517
2025-12-18 15:50:03,Qwen/Qwen3-8B,MMLU_selected_subjects,isot_true_179,wordd,0.597,28,582
2025-12-18 15:52:46,Qwen/Qwen3-8B,MMLU_selected_subjects,isot_true_629,clean,0.636,28,210
2025-12-18 15:55:38,Qwen/Qwen3-8B,MMLU_selected_subjects,isot_true_179,chara,0.534,28,582
2025-12-18 15:57:30,Qwen/Qwen3-8B,MMLU_selected_subjects,isot_true_629,meani,0.618,28,210
2025-12-18 16:00:36,Qwen/Qwen3-8B,MMLU_selected_subjects,isot_true_18,clean,0.601,28,565
2025-12-18 16:02:14,Qwen/Qwen3-8B,MMLU_selected_subjects,isot_true_629,wordd,0.58,28,210
2025-12-18 16:05:36,Qwen/Qwen3-8B,MMLU_selected_subjects,isot_true_18,meani,0.614,28,565
2025-12-18 16:07:10,Qwen/Qwen3-8B,MMLU_selected_subjects,isot_true_629,chara,0.5,28,210
2025-12-18 16:10:33,Qwen/Qwen3-8B,MMLU_selected_subjects,isot_true_18,wordd,0.609,28,565
2025-12-18 16:12:17,Qwen/Qwen3-8B,MMLU_selected_subjects,isot_true_63,clean,0.588,28,548
2025-12-18 16:16:07,Qwen/Qwen3-8B,MMLU_selected_subjects,isot_true_18,chara,0.534,28,565
2025-12-18 16:17:26,Qwen/Qwen3-8B,MMLU_selected_subjects,isot_true_63,meani,0.591,28,548
2025-12-18 16:21:04,Qwen/Qwen3-8B,MMLU_selected_subjects,isot_true_180,clean,0.605,28,480
2025-12-18 16:22:34,Qwen/Qwen3-8B,MMLU_selected_subjects,isot_true_63,wordd,0.578,28,548
2025-12-18 16:26:00,Qwen/Qwen3-8B,MMLU_selected_subjects,isot_true_180,meani,0.575,28,480
2025-12-18 16:28:10,Qwen/Qwen3-8B,MMLU_selected_subjects,isot_true_63,chara,0.541,28,548
2025-12-18 16:30:51,Qwen/Qwen3-8B,MMLU_selected_subjects,isot_true_180,wordd,0.587,28,480
2025-12-18 16:33:04,Qwen/Qwen3-8B,MMLU_selected_subjects,isot_true_630,clean,0.594,28,547
2025-12-18 16:36:09,Qwen/Qwen3-8B,MMLU_selected_subjects,isot_true_180,chara,0.519,28,480
2025-12-18 16:37:59,Qwen/Qwen3-8B,MMLU_selected_subjects,isot_true_630,meani,0.613,28,547
2025-12-18 16:41:02,Qwen/Qwen3-8B,MMLU_selected_subjects,isot_true_181,clean,0.614,28,585
2025-12-18 16:42:52,Qwen/Qwen3-8B,MMLU_selected_subjects,isot_true_630,wordd,0.591,28,547
2025-12-18 16:45:54,Qwen/Qwen3-8B,MMLU_selected_subjects,isot_true_181,meani,0.616,28,585
2025-12-18 16:48:21,Qwen/Qwen3-8B,MMLU_selected_subjects,isot_true_630,chara,0.562,28,547
2025-12-18 16:50:48,Qwen/Qwen3-8B,MMLU_selected_subjects,isot_true_181,wordd,0.625,28,585
2025-12-18 16:53:13,Qwen/Qwen3-8B,MMLU_selected_subjects,isot_true_631,clean,0.62,28,478
2025-12-18 16:56:14,Qwen/Qwen3-8B,MMLU_selected_subjects,isot_true_181,chara,0.564,28,585
2025-12-18 16:58:04,Qwen/Qwen3-8B,MMLU_selected_subjects,isot_true_631,meani,0.605,28,478
2025-12-18 17:01:18,Qwen/Qwen3-8B,MMLU_selected_subjects,isot_true_182,clean,0.605,28,723
2025-12-18 17:02:59,Qwen/Qwen3-8B,MMLU_selected_subjects,isot_true_631,wordd,0.582,28,478
2025-12-18 17:06:25,Qwen/Qwen3-8B,MMLU_selected_subjects,isot_true_182,meani,0.602,28,723
2025-12-18 17:08:22,Qwen/Qwen3-8B,MMLU_selected_subjects,isot_true_631,chara,0.542,28,478
2025-12-18 17:11:30,Qwen/Qwen3-8B,MMLU_selected_subjects,isot_true_182,wordd,0.575,28,723
2025-12-18 17:13:18,Qwen/Qwen3-8B,MMLU_selected_subjects,isot_true_632,clean,0.597,28,556
2025-12-18 17:17:24,Qwen/Qwen3-8B,MMLU_selected_subjects,isot_true_182,chara,0.557,28,723
2025-12-18 17:18:17,Qwen/Qwen3-8B,MMLU_selected_subjects,isot_true_632,meani,0.588,28,556
2025-12-18 17:22:30,Qwen/Qwen3-8B,MMLU_selected_subjects,isot_true_183,clean,0.593,28,653
2025-12-18 17:23:14,Qwen/Qwen3-8B,MMLU_selected_subjects,isot_true_632,wordd,0.574,28,556
2025-12-18 17:27:37,Qwen/Qwen3-8B,MMLU_selected_subjects,isot_true_183,meani,0.591,28,653
2025-12-18 17:28:48,Qwen/Qwen3-8B,MMLU_selected_subjects,isot_true_632,chara,0.543,28,556
2025-12-18 17:32:42,Qwen/Qwen3-8B,MMLU_selected_subjects,isot_true_183,wordd,0.584,28,653
2025-12-18 17:33:50,Qwen/Qwen3-8B,MMLU_selected_subjects,isot_true_633,clean,0.59,28,673
2025-12-18 17:38:26,Qwen/Qwen3-8B,MMLU_selected_subjects,isot_true_183,chara,0.497,28,653
2025-12-18 17:38:49,Qwen/Qwen3-8B,MMLU_selected_subjects,isot_true_633,meani,0.582,28,673
2025-12-18 17:43:12,Qwen/Qwen3-8B,MMLU_selected_subjects,isot_true_184,clean,0.605,28,405
2025-12-18 17:43:47,Qwen/Qwen3-8B,MMLU_selected_subjects,isot_true_633,wordd,0.578,28,673
2025-12-18 17:48:00,Qwen/Qwen3-8B,MMLU_selected_subjects,isot_true_184,meani,0.613,28,405
2025-12-18 17:49:29,Qwen/Qwen3-8B,MMLU_selected_subjects,isot_true_633,chara,0.55,28,673
2025-12-18 17:52:50,Qwen/Qwen3-8B,MMLU_selected_subjects,isot_true_184,wordd,0.599,28,405
2025-12-18 17:54:22,Qwen/Qwen3-8B,MMLU_selected_subjects,isot_true_634,clean,0.6,28,489
2025-12-18 17:58:03,Qwen/Qwen3-8B,MMLU_selected_subjects,isot_true_184,chara,0.559,28,405
2025-12-18 17:59:15,Qwen/Qwen3-8B,MMLU_selected_subjects,isot_true_634,meani,0.601,28,489
2025-12-18 18:02:49,Qwen/Qwen3-8B,MMLU_selected_subjects,isot_true_185,clean,0.584,28,334
2025-12-18 18:04:07,Qwen/Qwen3-8B,MMLU_selected_subjects,isot_true_634,wordd,0.579,28,489
2025-12-18 18:07:36,Qwen/Qwen3-8B,MMLU_selected_subjects,isot_true_185,meani,0.612,28,334
2025-12-18 18:09:29,Qwen/Qwen3-8B,MMLU_selected_subjects,isot_true_634,chara,0.555,28,489
2025-12-18 18:12:24,Qwen/Qwen3-8B,MMLU_selected_subjects,isot_true_185,wordd,0.604,28,334
2025-12-18 18:14:26,Qwen/Qwen3-8B,MMLU_selected_subjects,isot_true_635,clean,0.592,28,558
2025-12-18 18:17:28,Qwen/Qwen3-8B,MMLU_selected_subjects,isot_true_185,chara,0.556,28,334
2025-12-18 18:19:28,Qwen/Qwen3-8B,MMLU_selected_subjects,isot_true_635,meani,0.604,28,558
2025-12-18 18:22:28,Qwen/Qwen3-8B,MMLU_selected_subjects,isot_true_186,clean,0.602,28,649
2025-12-18 18:24:28,Qwen/Qwen3-8B,MMLU_selected_subjects,isot_true_635,wordd,0.591,28,558
2025-12-18 18:27:28,Qwen/Qwen3-8B,MMLU_selected_subjects,isot_true_186,meani,0.572,28,649
2025-12-18 18:30:03,Qwen/Qwen3-8B,MMLU_selected_subjects,isot_true_635,chara,0.532,28,558
2025-12-18 18:32:31,Qwen/Qwen3-8B,MMLU_selected_subjects,isot_true_186,wordd,0.577,28,649
2025-12-18 18:35:16,Qwen/Qwen3-8B,MMLU_selected_subjects,isot_true_636,clean,0.611,28,767
2025-12-18 18:38:15,Qwen/Qwen3-8B,MMLU_selected_subjects,isot_true_186,chara,0.548,28,649
2025-12-18 18:40:24,Qwen/Qwen3-8B,MMLU_selected_subjects,isot_true_636,meani,0.592,28,767
2025-12-18 18:43:18,Qwen/Qwen3-8B,MMLU_selected_subjects,isot_true_187,clean,0.587,28,675
2025-12-18 18:45:34,Qwen/Qwen3-8B,MMLU_selected_subjects,isot_true_636,wordd,0.594,28,767
2025-12-18 18:48:20,Qwen/Qwen3-8B,MMLU_selected_subjects,isot_true_187,meani,0.596,28,675
2025-12-18 18:51:34,Qwen/Qwen3-8B,MMLU_selected_subjects,isot_true_636,chara,0.539,28,767
2025-12-18 18:53:28,Qwen/Qwen3-8B,MMLU_selected_subjects,isot_true_187,wordd,0.593,28,675
2025-12-18 18:56:42,Qwen/Qwen3-8B,MMLU_selected_subjects,isot_true_637,clean,0.615,28,729
2025-12-18 18:59:18,Qwen/Qwen3-8B,MMLU_selected_subjects,isot_true_187,chara,0.571,28,675
2025-12-18 19:01:52,Qwen/Qwen3-8B,MMLU_selected_subjects,isot_true_637,meani,0.617,28,729
2025-12-18 19:04:30,Qwen/Qwen3-8B,MMLU_selected_subjects,isot_true_188,clean,0.621,28,732
2025-12-18 19:06:58,Qwen/Qwen3-8B,MMLU_selected_subjects,isot_true_637,wordd,0.609,28,729
2025-12-18 19:09:42,Qwen/Qwen3-8B,MMLU_selected_subjects,isot_true_188,meani,0.639,28,732
2025-12-18 19:12:54,Qwen/Qwen3-8B,MMLU_selected_subjects,isot_true_637,chara,0.561,28,729
2025-12-18 19:14:54,Qwen/Qwen3-8B,MMLU_selected_subjects,isot_true_188,wordd,0.621,28,732
2025-12-18 19:17:51,Qwen/Qwen3-8B,MMLU_selected_subjects,isot_true_638,clean,0.594,28,450
2025-12-18 19:20:48,Qwen/Qwen3-8B,MMLU_selected_subjects,isot_true_188,chara,0.549,28,732
2025-12-18 19:22:49,Qwen/Qwen3-8B,MMLU_selected_subjects,isot_true_638,meani,0.613,28,450
2025-12-18 19:25:51,Qwen/Qwen3-8B,MMLU_selected_subjects,isot_true_189,clean,0.601,28,607
2025-12-18 19:27:47,Qwen/Qwen3-8B,MMLU_selected_subjects,isot_true_638,wordd,0.598,28,450
2025-12-18 19:30:55,Qwen/Qwen3-8B,MMLU_selected_subjects,isot_true_189,meani,0.6,28,607
2025-12-18 19:33:14,Qwen/Qwen3-8B,MMLU_selected_subjects,isot_true_638,chara,0.519,28,450
2025-12-18 19:35:59,Qwen/Qwen3-8B,MMLU_selected_subjects,isot_true_189,wordd,0.581,28,607
2025-12-18 19:38:10,Qwen/Qwen3-8B,MMLU_selected_subjects,isot_true_639,clean,0.584,28,429
2025-12-18 19:41:42,Qwen/Qwen3-8B,MMLU_selected_subjects,isot_true_189,chara,0.571,28,607
2025-12-18 19:43:05,Qwen/Qwen3-8B,MMLU_selected_subjects,isot_true_639,meani,0.609,28,429
2025-12-18 19:46:54,Qwen/Qwen3-8B,MMLU_selected_subjects,isot_true_19,clean,0.589,28,794
2025-12-18 19:48:00,Qwen/Qwen3-8B,MMLU_selected_subjects,isot_true_639,wordd,0.593,28,429
2025-12-18 19:52:08,Qwen/Qwen3-8B,MMLU_selected_subjects,isot_true_19,meani,0.597,28,794
2025-12-18 19:53:22,Qwen/Qwen3-8B,MMLU_selected_subjects,isot_true_639,chara,0.52,28,429
2025-12-18 19:57:22,Qwen/Qwen3-8B,MMLU_selected_subjects,isot_true_19,wordd,0.588,28,794
2025-12-18 19:58:19,Qwen/Qwen3-8B,MMLU_selected_subjects,isot_true_64,clean,0.597,28,470
2025-12-18 20:03:15,Qwen/Qwen3-8B,MMLU_selected_subjects,isot_true_64,meani,0.602,28,470
2025-12-18 20:03:24,Qwen/Qwen3-8B,MMLU_selected_subjects,isot_true_19,chara,0.527,28,794
2025-12-18 20:08:15,Qwen/Qwen3-8B,MMLU_selected_subjects,isot_true_64,wordd,0.573,28,470
2025-12-18 20:08:34,Qwen/Qwen3-8B,MMLU_selected_subjects,isot_true_190,clean,0.613,28,689
2025-12-18 20:13:43,Qwen/Qwen3-8B,MMLU_selected_subjects,isot_true_190,meani,0.61,28,689
2025-12-18 20:13:44,Qwen/Qwen3-8B,MMLU_selected_subjects,isot_true_64,chara,0.534,28,470
2025-12-18 20:18:54,Qwen/Qwen3-8B,MMLU_selected_subjects,isot_true_190,wordd,0.597,28,689
2025-12-18 20:18:56,Qwen/Qwen3-8B,MMLU_selected_subjects,isot_true_640,clean,0.615,28,597
2025-12-18 20:24:03,Qwen/Qwen3-8B,MMLU_selected_subjects,isot_true_640,meani,0.606,28,597
2025-12-18 20:24:42,Qwen/Qwen3-8B,MMLU_selected_subjects,isot_true_190,chara,0.577,28,689
2025-12-18 20:29:14,Qwen/Qwen3-8B,MMLU_selected_subjects,isot_true_640,wordd,0.608,28,597
2025-12-18 20:30:06,Qwen/Qwen3-8B,MMLU_selected_subjects,isot_true_191,clean,0.594,28,755
2025-12-18 20:34:59,Qwen/Qwen3-8B,MMLU_selected_subjects,isot_true_640,chara,0.538,28,597
2025-12-18 20:35:29,Qwen/Qwen3-8B,MMLU_selected_subjects,isot_true_191,meani,0.595,28,755
2025-12-18 20:39:53,Qwen/Qwen3-8B,MMLU_selected_subjects,isot_true_641,clean,0.618,28,400
2025-12-18 20:40:51,Qwen/Qwen3-8B,MMLU_selected_subjects,isot_true_191,wordd,0.605,28,755
2025-12-18 20:44:48,Qwen/Qwen3-8B,MMLU_selected_subjects,isot_true_641,meani,0.598,28,400
2025-12-18 20:46:59,Qwen/Qwen3-8B,MMLU_selected_subjects,isot_true_191,chara,0.55,28,755
2025-12-18 20:49:42,Qwen/Qwen3-8B,MMLU_selected_subjects,isot_true_641,wordd,0.592,28,400
2025-12-18 20:52:00,Qwen/Qwen3-8B,MMLU_selected_subjects,isot_true_192,clean,0.609,28,491
2025-12-18 20:55:03,Qwen/Qwen3-8B,MMLU_selected_subjects,isot_true_641,chara,0.559,28,400
2025-12-18 20:56:59,Qwen/Qwen3-8B,MMLU_selected_subjects,isot_true_192,meani,0.595,28,491
2025-12-18 21:00:10,Qwen/Qwen3-8B,MMLU_selected_subjects,isot_true_642,clean,0.584,28,535
2025-12-18 21:01:56,Qwen/Qwen3-8B,MMLU_selected_subjects,isot_true_192,wordd,0.609,28,491
2025-12-18 21:05:15,Qwen/Qwen3-8B,MMLU_selected_subjects,isot_true_642,meani,0.605,28,535
2025-12-18 21:07:18,Qwen/Qwen3-8B,MMLU_selected_subjects,isot_true_192,chara,0.583,28,491
2025-12-18 21:10:17,Qwen/Qwen3-8B,MMLU_selected_subjects,isot_true_642,wordd,0.575,28,535
2025-12-18 21:12:09,Qwen/Qwen3-8B,MMLU_selected_subjects,isot_true_193,clean,0.594,28,588
2025-12-18 21:15:46,Qwen/Qwen3-8B,MMLU_selected_subjects,isot_true_642,chara,0.524,28,535
2025-12-18 21:17:02,Qwen/Qwen3-8B,MMLU_selected_subjects,isot_true_193,meani,0.608,28,588
2025-12-18 21:20:39,Qwen/Qwen3-8B,MMLU_selected_subjects,isot_true_643,clean,0.613,28,400
2025-12-18 21:21:55,Qwen/Qwen3-8B,MMLU_selected_subjects,isot_true_193,wordd,0.594,28,588
2025-12-18 21:25:27,Qwen/Qwen3-8B,MMLU_selected_subjects,isot_true_643,meani,0.602,28,400
2025-12-18 21:27:29,Qwen/Qwen3-8B,MMLU_selected_subjects,isot_true_193,chara,0.535,28,588
2025-12-18 21:30:17,Qwen/Qwen3-8B,MMLU_selected_subjects,isot_true_643,wordd,0.603,28,400
2025-12-18 21:32:32,Qwen/Qwen3-8B,MMLU_selected_subjects,isot_true_194,clean,0.592,28,648
2025-12-18 21:35:36,Qwen/Qwen3-8B,MMLU_selected_subjects,isot_true_643,chara,0.546,28,400
2025-12-18 21:37:37,Qwen/Qwen3-8B,MMLU_selected_subjects,isot_true_194,meani,0.603,28,648
2025-12-18 21:40:29,Qwen/Qwen3-8B,MMLU_selected_subjects,isot_true_644,clean,0.603,28,401
2025-12-18 21:42:41,Qwen/Qwen3-8B,MMLU_selected_subjects,isot_true_194,wordd,0.572,28,648
2025-12-18 21:45:23,Qwen/Qwen3-8B,MMLU_selected_subjects,isot_true_644,meani,0.608,28,401
2025-12-18 21:48:23,Qwen/Qwen3-8B,MMLU_selected_subjects,isot_true_194,chara,0.536,28,648
2025-12-18 21:50:16,Qwen/Qwen3-8B,MMLU_selected_subjects,isot_true_644,wordd,0.595,28,401
2025-12-18 21:53:17,Qwen/Qwen3-8B,MMLU_selected_subjects,isot_true_195,clean,0.625,28,521
2025-12-18 21:55:35,Qwen/Qwen3-8B,MMLU_selected_subjects,isot_true_644,chara,0.547,28,401
2025-12-18 21:58:10,Qwen/Qwen3-8B,MMLU_selected_subjects,isot_true_195,meani,0.609,28,521
2025-12-18 22:00:35,Qwen/Qwen3-8B,MMLU_selected_subjects,isot_true_645,clean,0.606,28,550
2025-12-18 22:03:05,Qwen/Qwen3-8B,MMLU_selected_subjects,isot_true_195,wordd,0.621,28,521
2025-12-18 22:05:33,Qwen/Qwen3-8B,MMLU_selected_subjects,isot_true_645,meani,0.613,28,550
2025-12-18 22:08:33,Qwen/Qwen3-8B,MMLU_selected_subjects,isot_true_195,chara,0.562,28,521
2025-12-18 22:10:33,Qwen/Qwen3-8B,MMLU_selected_subjects,isot_true_645,wordd,0.612,28,550
2025-12-18 22:13:17,Qwen/Qwen3-8B,MMLU_selected_subjects,isot_true_196,clean,0.615,28,290
2025-12-18 22:16:06,Qwen/Qwen3-8B,MMLU_selected_subjects,isot_true_645,chara,0.553,28,550
2025-12-18 22:17:59,Qwen/Qwen3-8B,MMLU_selected_subjects,isot_true_196,meani,0.614,28,290
2025-12-18 22:21:07,Qwen/Qwen3-8B,MMLU_selected_subjects,isot_true_646,clean,0.63,28,561
2025-12-18 22:22:41,Qwen/Qwen3-8B,MMLU_selected_subjects,isot_true_196,wordd,0.594,28,290
2025-12-18 22:26:09,Qwen/Qwen3-8B,MMLU_selected_subjects,isot_true_646,meani,0.607,28,561
2025-12-18 22:27:40,Qwen/Qwen3-8B,MMLU_selected_subjects,isot_true_196,chara,0.55,28,290
2025-12-18 22:31:14,Qwen/Qwen3-8B,MMLU_selected_subjects,isot_true_646,wordd,0.602,28,561
2025-12-18 22:32:49,Qwen/Qwen3-8B,MMLU_selected_subjects,isot_true_197,clean,0.606,28,779
2025-12-18 22:36:46,Qwen/Qwen3-8B,MMLU_selected_subjects,isot_true_646,chara,0.599,28,561
2025-12-18 22:37:56,Qwen/Qwen3-8B,MMLU_selected_subjects,isot_true_197,meani,0.605,28,779
2025-12-18 22:41:43,Qwen/Qwen3-8B,MMLU_selected_subjects,isot_true_647,clean,0.613,28,527
2025-12-18 22:43:04,Qwen/Qwen3-8B,MMLU_selected_subjects,isot_true_197,wordd,0.587,28,779
2025-12-18 22:46:42,Qwen/Qwen3-8B,MMLU_selected_subjects,isot_true_647,meani,0.614,28,527
2025-12-18 22:49:03,Qwen/Qwen3-8B,MMLU_selected_subjects,isot_true_197,chara,0.549,28,779
2025-12-18 22:51:43,Qwen/Qwen3-8B,MMLU_selected_subjects,isot_true_647,wordd,0.613,28,527
2025-12-18 22:53:44,Qwen/Qwen3-8B,MMLU_selected_subjects,isot_true_198,clean,0.59,28,210
2025-12-18 22:57:15,Qwen/Qwen3-8B,MMLU_selected_subjects,isot_true_647,chara,0.578,28,527
2025-12-18 22:58:27,Qwen/Qwen3-8B,MMLU_selected_subjects,isot_true_198,meani,0.621,28,210
2025-12-18 23:02:07,Qwen/Qwen3-8B,MMLU_selected_subjects,isot_true_648,clean,0.567,28,327
2025-12-18 23:03:08,Qwen/Qwen3-8B,MMLU_selected_subjects,isot_true_198,wordd,0.603,28,210
2025-12-18 23:06:56,Qwen/Qwen3-8B,MMLU_selected_subjects,isot_true_648,meani,0.591,28,327
2025-12-18 23:07:58,Qwen/Qwen3-8B,MMLU_selected_subjects,isot_true_198,chara,0.522,28,210
2025-12-18 23:11:49,Qwen/Qwen3-8B,MMLU_selected_subjects,isot_true_648,wordd,0.598,28,327
2025-12-18 23:12:49,Qwen/Qwen3-8B,MMLU_selected_subjects,isot_true_199,clean,0.609,28,467
2025-12-18 23:16:59,Qwen/Qwen3-8B,MMLU_selected_subjects,isot_true_648,chara,0.553,28,327
2025-12-18 23:17:38,Qwen/Qwen3-8B,MMLU_selected_subjects,isot_true_199,meani,0.603,28,467
2025-12-18 23:21:58,Qwen/Qwen3-8B,MMLU_selected_subjects,isot_true_649,clean,0.622,28,572
2025-12-18 23:22:29,Qwen/Qwen3-8B,MMLU_selected_subjects,isot_true_199,wordd,0.596,28,467
2025-12-18 23:26:58,Qwen/Qwen3-8B,MMLU_selected_subjects,isot_true_649,meani,0.616,28,572
2025-12-18 23:27:48,Qwen/Qwen3-8B,MMLU_selected_subjects,isot_true_199,chara,0.546,28,467
2025-12-18 23:31:58,Qwen/Qwen3-8B,MMLU_selected_subjects,isot_true_649,wordd,0.604,28,572
2025-12-18 23:32:45,Qwen/Qwen3-8B,MMLU_selected_subjects,isot_true_2,clean,0.576,28,534
2025-12-18 23:37:33,Qwen/Qwen3-8B,MMLU_selected_subjects,isot_true_649,chara,0.536,28,572
2025-12-18 23:37:40,Qwen/Qwen3-8B,MMLU_selected_subjects,isot_true_2,meani,0.594,28,534
2025-12-18 23:42:36,Qwen/Qwen3-8B,MMLU_selected_subjects,isot_true_2,wordd,0.599,28,534
2025-12-18 23:42:40,Qwen/Qwen3-8B,MMLU_selected_subjects,isot_true_65,clean,0.619,28,665
2025-12-18 23:47:49,Qwen/Qwen3-8B,MMLU_selected_subjects,isot_true_65,meani,0.609,28,665
2025-12-18 23:48:10,Qwen/Qwen3-8B,MMLU_selected_subjects,isot_true_2,chara,0.542,28,534
2025-12-18 23:53:00,Qwen/Qwen3-8B,MMLU_selected_subjects,isot_true_65,wordd,0.596,28,665
2025-12-18 23:53:05,Qwen/Qwen3-8B,MMLU_selected_subjects,isot_true_20,clean,0.618,28,387
2025-12-18 23:58:00,Qwen/Qwen3-8B,MMLU_selected_subjects,isot_true_20,meani,0.614,28,387
2025-12-18 23:58:51,Qwen/Qwen3-8B,MMLU_selected_subjects,isot_true_65,chara,0.585,28,665
2025-12-19 00:02:54,Qwen/Qwen3-8B,MMLU_selected_subjects,isot_true_20,wordd,0.618,28,387
2025-12-19 00:03:53,Qwen/Qwen3-8B,MMLU_selected_subjects,isot_true_650,clean,0.611,28,548
2025-12-19 00:08:05,Qwen/Qwen3-8B,MMLU_selected_subjects,isot_true_20,chara,0.58,28,387
2025-12-19 00:08:52,Qwen/Qwen3-8B,MMLU_selected_subjects,isot_true_650,meani,0.606,28,548
2025-12-19 00:13:12,Qwen/Qwen3-8B,MMLU_selected_subjects,isot_true_200,clean,0.608,28,717
2025-12-19 00:13:48,Qwen/Qwen3-8B,MMLU_selected_subjects,isot_true_650,wordd,0.605,28,548
2025-12-19 00:18:17,Qwen/Qwen3-8B,MMLU_selected_subjects,isot_true_200,meani,0.602,28,717
2025-12-19 00:19:20,Qwen/Qwen3-8B,MMLU_selected_subjects,isot_true_650,chara,0.557,28,548
2025-12-19 00:23:23,Qwen/Qwen3-8B,MMLU_selected_subjects,isot_true_200,wordd,0.587,28,717
2025-12-19 00:24:14,Qwen/Qwen3-8B,MMLU_selected_subjects,isot_true_651,clean,0.607,28,335
2025-12-19 00:29:05,Qwen/Qwen3-8B,MMLU_selected_subjects,isot_true_651,meani,0.614,28,335
2025-12-19 00:29:17,Qwen/Qwen3-8B,MMLU_selected_subjects,isot_true_200,chara,0.529,28,717
2025-12-19 00:33:56,Qwen/Qwen3-8B,MMLU_selected_subjects,isot_true_651,wordd,0.596,28,335
2025-12-19 00:34:14,Qwen/Qwen3-8B,MMLU_selected_subjects,isot_true_201,clean,0.594,28,528
2025-12-19 00:39:06,Qwen/Qwen3-8B,MMLU_selected_subjects,isot_true_651,chara,0.566,28,335
2025-12-19 00:39:09,Qwen/Qwen3-8B,MMLU_selected_subjects,isot_true_201,meani,0.612,28,528
2025-12-19 00:43:56,Qwen/Qwen3-8B,MMLU_selected_subjects,isot_true_652,clean,0.593,28,440
2025-12-19 00:43:58,Qwen/Qwen3-8B,MMLU_selected_subjects,isot_true_201,wordd,0.602,28,528
2025-12-19 00:48:43,Qwen/Qwen3-8B,MMLU_selected_subjects,isot_true_652,meani,0.595,28,440
2025-12-19 00:49:19,Qwen/Qwen3-8B,MMLU_selected_subjects,isot_true_201,chara,0.552,28,528
2025-12-19 00:53:35,Qwen/Qwen3-8B,MMLU_selected_subjects,isot_true_652,wordd,0.588,28,440
2025-12-19 00:54:05,Qwen/Qwen3-8B,MMLU_selected_subjects,isot_true_202,clean,0.614,28,388
2025-12-19 00:58:49,Qwen/Qwen3-8B,MMLU_selected_subjects,isot_true_202,meani,0.625,28,388
2025-12-19 00:58:51,Qwen/Qwen3-8B,MMLU_selected_subjects,isot_true_652,chara,0.568,28,440
2025-12-19 01:03:34,Qwen/Qwen3-8B,MMLU_selected_subjects,isot_true_202,wordd,0.611,28,388
2025-12-19 01:03:43,Qwen/Qwen3-8B,MMLU_selected_subjects,isot_true_653,clean,0.599,28,388
2025-12-19 01:08:34,Qwen/Qwen3-8B,MMLU_selected_subjects,isot_true_653,meani,0.607,28,388
2025-12-19 01:08:50,Qwen/Qwen3-8B,MMLU_selected_subjects,isot_true_202,chara,0.555,28,388
2025-12-19 01:13:26,Qwen/Qwen3-8B,MMLU_selected_subjects,isot_true_653,wordd,0.607,28,388
2025-12-19 01:13:52,Qwen/Qwen3-8B,MMLU_selected_subjects,isot_true_203,clean,0.588,28,594
2025-12-19 01:18:42,Qwen/Qwen3-8B,MMLU_selected_subjects,isot_true_653,chara,0.515,28,388
2025-12-19 01:18:50,Qwen/Qwen3-8B,MMLU_selected_subjects,isot_true_203,meani,0.606,28,594
2025-12-19 01:23:51,Qwen/Qwen3-8B,MMLU_selected_subjects,isot_true_654,clean,0.607,28,693
2025-12-19 01:23:55,Qwen/Qwen3-8B,MMLU_selected_subjects,isot_true_203,wordd,0.607,28,594
2025-12-19 01:29:02,Qwen/Qwen3-8B,MMLU_selected_subjects,isot_true_654,meani,0.589,28,693
2025-12-19 01:29:36,Qwen/Qwen3-8B,MMLU_selected_subjects,isot_true_203,chara,0.526,28,594
2025-12-19 01:34:14,Qwen/Qwen3-8B,MMLU_selected_subjects,isot_true_654,wordd,0.585,28,693
2025-12-19 01:35:00,Qwen/Qwen3-8B,MMLU_selected_subjects,isot_true_204,clean,0.597,28,764
2025-12-19 01:40:05,Qwen/Qwen3-8B,MMLU_selected_subjects,isot_true_654,chara,0.57,28,693
2025-12-19 01:40:18,Qwen/Qwen3-8B,MMLU_selected_subjects,isot_true_204,meani,0.59,28,764
2025-12-19 01:45:10,Qwen/Qwen3-8B,MMLU_selected_subjects,isot_true_655,clean,0.62,28,619
2025-12-19 01:45:38,Qwen/Qwen3-8B,MMLU_selected_subjects,isot_true_204,wordd,0.594,28,764
2025-12-19 01:50:16,Qwen/Qwen3-8B,MMLU_selected_subjects,isot_true_655,meani,0.609,28,619
2025-12-19 01:51:45,Qwen/Qwen3-8B,MMLU_selected_subjects,isot_true_204,chara,0.568,28,764
2025-12-19 01:55:22,Qwen/Qwen3-8B,MMLU_selected_subjects,isot_true_655,wordd,0.606,28,619
2025-12-19 01:56:49,Qwen/Qwen3-8B,MMLU_selected_subjects,isot_true_205,clean,0.593,28,612
2025-12-19 02:01:06,Qwen/Qwen3-8B,MMLU_selected_subjects,isot_true_655,chara,0.551,28,619
2025-12-19 02:01:54,Qwen/Qwen3-8B,MMLU_selected_subjects,isot_true_205,meani,0.621,28,612
2025-12-19 02:05:55,Qwen/Qwen3-8B,MMLU_selected_subjects,isot_true_656,clean,0.614,28,347
2025-12-19 02:07:01,Qwen/Qwen3-8B,MMLU_selected_subjects,isot_true_205,wordd,0.605,28,612
2025-12-19 02:10:46,Qwen/Qwen3-8B,MMLU_selected_subjects,isot_true_656,meani,0.588,28,347
2025-12-19 02:12:44,Qwen/Qwen3-8B,MMLU_selected_subjects,isot_true_205,chara,0.566,28,612
2025-12-19 02:15:36,Qwen/Qwen3-8B,MMLU_selected_subjects,isot_true_656,wordd,0.604,28,347
2025-12-19 02:17:31,Qwen/Qwen3-8B,MMLU_selected_subjects,isot_true_206,clean,0.608,28,293
2025-12-19 02:20:50,Qwen/Qwen3-8B,MMLU_selected_subjects,isot_true_656,chara,0.574,28,347
2025-12-19 02:22:21,Qwen/Qwen3-8B,MMLU_selected_subjects,isot_true_206,meani,0.613,28,293
2025-12-19 02:26:03,Qwen/Qwen3-8B,MMLU_selected_subjects,isot_true_657,clean,0.602,28,683
2025-12-19 02:27:08,Qwen/Qwen3-8B,MMLU_selected_subjects,isot_true_206,wordd,0.607,28,293
2025-12-19 02:31:15,Qwen/Qwen3-8B,MMLU_selected_subjects,isot_true_657,meani,0.591,28,683
2025-12-19 02:32:10,Qwen/Qwen3-8B,MMLU_selected_subjects,isot_true_206,chara,0.585,28,293
2025-12-19 02:36:28,Qwen/Qwen3-8B,MMLU_selected_subjects,isot_true_657,wordd,0.586,28,683
2025-12-19 02:37:10,Qwen/Qwen3-8B,MMLU_selected_subjects,isot_true_207,clean,0.613,28,552
2025-12-19 02:42:12,Qwen/Qwen3-8B,MMLU_selected_subjects,isot_true_207,meani,0.595,28,552
2025-12-19 02:42:22,Qwen/Qwen3-8B,MMLU_selected_subjects,isot_true_657,chara,0.527,28,683
2025-12-19 02:47:19,Qwen/Qwen3-8B,MMLU_selected_subjects,isot_true_207,wordd,0.591,28,552
2025-12-19 02:47:21,Qwen/Qwen3-8B,MMLU_selected_subjects,isot_true_658,clean,0.57,28,422
2025-12-19 02:52:21,Qwen/Qwen3-8B,MMLU_selected_subjects,isot_true_658,meani,0.603,28,422
2025-12-19 02:53:01,Qwen/Qwen3-8B,MMLU_selected_subjects,isot_true_207,chara,0.561,28,552
2025-12-19 02:57:24,Qwen/Qwen3-8B,MMLU_selected_subjects,isot_true_658,wordd,0.576,28,422
2025-12-19 02:58:04,Qwen/Qwen3-8B,MMLU_selected_subjects,isot_true_208,clean,0.613,28,537
2025-12-19 03:02:46,Qwen/Qwen3-8B,MMLU_selected_subjects,isot_true_658,chara,0.525,28,422
2025-12-19 03:03:01,Qwen/Qwen3-8B,MMLU_selected_subjects,isot_true_208,meani,0.606,28,537
2025-12-19 03:07:58,Qwen/Qwen3-8B,MMLU_selected_subjects,isot_true_659,clean,0.615,28,625
2025-12-19 03:08:00,Qwen/Qwen3-8B,MMLU_selected_subjects,isot_true_208,wordd,0.594,28,537
2025-12-19 03:13:08,Qwen/Qwen3-8B,MMLU_selected_subjects,isot_true_659,meani,0.61,28,625
2025-12-19 03:13:30,Qwen/Qwen3-8B,MMLU_selected_subjects,isot_true_208,chara,0.549,28,537
2025-12-19 03:18:16,Qwen/Qwen3-8B,MMLU_selected_subjects,isot_true_659,wordd,0.62,28,625
2025-12-19 03:18:25,Qwen/Qwen3-8B,MMLU_selected_subjects,isot_true_209,clean,0.595,28,414
2025-12-19 03:23:19,Qwen/Qwen3-8B,MMLU_selected_subjects,isot_true_209,meani,0.601,28,414
2025-12-19 03:24:00,Qwen/Qwen3-8B,MMLU_selected_subjects,isot_true_659,chara,0.57,28,625
2025-12-19 03:28:16,Qwen/Qwen3-8B,MMLU_selected_subjects,isot_true_209,wordd,0.604,28,414
2025-12-19 03:28:59,Qwen/Qwen3-8B,MMLU_selected_subjects,isot_true_66,clean,0.603,28,475
2025-12-19 03:33:35,Qwen/Qwen3-8B,MMLU_selected_subjects,isot_true_209,chara,0.572,28,414
2025-12-19 03:33:57,Qwen/Qwen3-8B,MMLU_selected_subjects,isot_true_66,meani,0.605,28,475
2025-12-19 03:38:20,Qwen/Qwen3-8B,MMLU_selected_subjects,isot_true_21,clean,0.591,28,301
2025-12-19 03:38:57,Qwen/Qwen3-8B,MMLU_selected_subjects,isot_true_66,wordd,0.584,28,475
2025-12-19 03:43:06,Qwen/Qwen3-8B,MMLU_selected_subjects,isot_true_21,meani,0.609,28,301
2025-12-19 03:44:24,Qwen/Qwen3-8B,MMLU_selected_subjects,isot_true_66,chara,0.546,28,475
2025-12-19 03:47:50,Qwen/Qwen3-8B,MMLU_selected_subjects,isot_true_21,wordd,0.601,28,301
2025-12-19 03:49:35,Qwen/Qwen3-8B,MMLU_selected_subjects,isot_true_660,clean,0.566,28,791
2025-12-19 03:52:50,Qwen/Qwen3-8B,MMLU_selected_subjects,isot_true_21,chara,0.551,28,301
2025-12-19 03:54:42,Qwen/Qwen3-8B,MMLU_selected_subjects,isot_true_660,meani,0.589,28,791
2025-12-19 03:57:34,Qwen/Qwen3-8B,MMLU_selected_subjects,isot_true_210,clean,0.595,28,439
2025-12-19 03:59:47,Qwen/Qwen3-8B,MMLU_selected_subjects,isot_true_660,wordd,0.592,28,791
2025-12-19 04:02:17,Qwen/Qwen3-8B,MMLU_selected_subjects,isot_true_210,meani,0.608,28,439
2025-12-19 04:05:47,Qwen/Qwen3-8B,MMLU_selected_subjects,isot_true_660,chara,0.525,28,791
2025-12-19 04:07:04,Qwen/Qwen3-8B,MMLU_selected_subjects,isot_true_210,wordd,0.586,28,439
2025-12-19 04:10:30,Qwen/Qwen3-8B,MMLU_selected_subjects,isot_true_661,clean,0.58,28,302
2025-12-19 04:12:18,Qwen/Qwen3-8B,MMLU_selected_subjects,isot_true_210,chara,0.58,28,439
2025-12-19 04:15:14,Qwen/Qwen3-8B,MMLU_selected_subjects,isot_true_661,meani,0.596,28,302
2025-12-19 04:17:09,Qwen/Qwen3-8B,MMLU_selected_subjects,isot_true_211,clean,0.611,28,416
2025-12-19 04:19:58,Qwen/Qwen3-8B,MMLU_selected_subjects,isot_true_661,wordd,0.59,28,302
2025-12-19 04:22:01,Qwen/Qwen3-8B,MMLU_selected_subjects,isot_true_211,meani,0.602,28,416
2025-12-19 04:25:01,Qwen/Qwen3-8B,MMLU_selected_subjects,isot_true_661,chara,0.558,28,302
2025-12-19 04:26:59,Qwen/Qwen3-8B,MMLU_selected_subjects,isot_true_211,wordd,0.617,28,416
2025-12-19 04:29:58,Qwen/Qwen3-8B,MMLU_selected_subjects,isot_true_662,clean,0.591,28,593
2025-12-19 04:32:13,Qwen/Qwen3-8B,MMLU_selected_subjects,isot_true_211,chara,0.569,28,416
2025-12-19 04:34:58,Qwen/Qwen3-8B,MMLU_selected_subjects,isot_true_662,meani,0.597,28,593
2025-12-19 04:37:08,Qwen/Qwen3-8B,MMLU_selected_subjects,isot_true_212,clean,0.598,28,458
2025-12-19 04:39:53,Qwen/Qwen3-8B,MMLU_selected_subjects,isot_true_662,wordd,0.58,28,593
2025-12-19 04:42:02,Qwen/Qwen3-8B,MMLU_selected_subjects,isot_true_212,meani,0.613,28,458
2025-12-19 04:45:27,Qwen/Qwen3-8B,MMLU_selected_subjects,isot_true_662,chara,0.504,28,593
2025-12-19 04:46:57,Qwen/Qwen3-8B,MMLU_selected_subjects,isot_true_212,wordd,0.593,28,458
2025-12-19 04:50:23,Qwen/Qwen3-8B,MMLU_selected_subjects,isot_true_663,clean,0.593,28,559
2025-12-19 04:52:13,Qwen/Qwen3-8B,MMLU_selected_subjects,isot_true_212,chara,0.538,28,458
2025-12-19 04:55:13,Qwen/Qwen3-8B,MMLU_selected_subjects,isot_true_663,meani,0.611,28,559
2025-12-19 04:56:55,Qwen/Qwen3-8B,MMLU_selected_subjects,isot_true_213,clean,0.601,28,495
2025-12-19 05:00:03,Qwen/Qwen3-8B,MMLU_selected_subjects,isot_true_663,wordd,0.584,28,559
2025-12-19 05:01:37,Qwen/Qwen3-8B,MMLU_selected_subjects,isot_true_213,meani,0.596,28,495
2025-12-19 05:05:32,Qwen/Qwen3-8B,MMLU_selected_subjects,isot_true_663,chara,0.577,28,559
2025-12-19 05:06:19,Qwen/Qwen3-8B,MMLU_selected_subjects,isot_true_213,wordd,0.606,28,495
2025-12-19 05:10:17,Qwen/Qwen3-8B,MMLU_selected_subjects,isot_true_664,clean,0.604,28,452
2025-12-19 05:11:34,Qwen/Qwen3-8B,MMLU_selected_subjects,isot_true_213,chara,0.532,28,495
2025-12-19 05:15:01,Qwen/Qwen3-8B,MMLU_selected_subjects,isot_true_664,meani,0.593,28,452
2025-12-19 05:16:21,Qwen/Qwen3-8B,MMLU_selected_subjects,isot_true_214,clean,0.607,28,628
2025-12-19 05:19:45,Qwen/Qwen3-8B,MMLU_selected_subjects,isot_true_664,wordd,0.6,28,452
2025-12-19 05:21:09,Qwen/Qwen3-8B,MMLU_selected_subjects,isot_true_214,meani,0.588,28,628
2025-12-19 05:24:59,Qwen/Qwen3-8B,MMLU_selected_subjects,isot_true_664,chara,0.543,28,452
2025-12-19 05:25:56,Qwen/Qwen3-8B,MMLU_selected_subjects,isot_true_214,wordd,0.571,28,628
2025-12-19 05:29:45,Qwen/Qwen3-8B,MMLU_selected_subjects,isot_true_665,clean,0.6,28,434
2025-12-19 05:31:28,Qwen/Qwen3-8B,MMLU_selected_subjects,isot_true_214,chara,0.549,28,628
2025-12-19 05:34:30,Qwen/Qwen3-8B,MMLU_selected_subjects,isot_true_665,meani,0.594,28,434
2025-12-19 05:36:14,Qwen/Qwen3-8B,MMLU_selected_subjects,isot_true_215,clean,0.585,28,588
2025-12-19 05:39:14,Qwen/Qwen3-8B,MMLU_selected_subjects,isot_true_665,wordd,0.585,28,434
2025-12-19 05:40:59,Qwen/Qwen3-8B,MMLU_selected_subjects,isot_true_215,meani,0.591,28,588
2025-12-19 05:44:25,Qwen/Qwen3-8B,MMLU_selected_subjects,isot_true_665,chara,0.55,28,434
2025-12-19 05:45:44,Qwen/Qwen3-8B,MMLU_selected_subjects,isot_true_215,wordd,0.601,28,588
2025-12-19 05:49:16,Qwen/Qwen3-8B,MMLU_selected_subjects,isot_true_666,clean,0.605,28,545
2025-12-19 05:51:06,Qwen/Qwen3-8B,MMLU_selected_subjects,isot_true_215,chara,0.492,28,588
2025-12-19 05:54:09,Qwen/Qwen3-8B,MMLU_selected_subjects,isot_true_666,meani,0.597,28,545
2025-12-19 05:55:55,Qwen/Qwen3-8B,MMLU_selected_subjects,isot_true_216,clean,0.57,28,527
2025-12-19 05:59:04,Qwen/Qwen3-8B,MMLU_selected_subjects,isot_true_666,wordd,0.573,28,545
2025-12-19 06:00:40,Qwen/Qwen3-8B,MMLU_selected_subjects,isot_true_216,meani,0.588,28,527
2025-12-19 06:04:26,Qwen/Qwen3-8B,MMLU_selected_subjects,isot_true_666,chara,0.507,28,545
2025-12-19 06:05:24,Qwen/Qwen3-8B,MMLU_selected_subjects,isot_true_216,wordd,0.573,28,527
2025-12-19 06:09:13,Qwen/Qwen3-8B,MMLU_selected_subjects,isot_true_667,clean,0.613,28,482
2025-12-19 06:10:42,Qwen/Qwen3-8B,MMLU_selected_subjects,isot_true_216,chara,0.551,28,527
2025-12-19 06:13:59,Qwen/Qwen3-8B,MMLU_selected_subjects,isot_true_667,meani,0.602,28,482
2025-12-19 06:15:41,Qwen/Qwen3-8B,MMLU_selected_subjects,isot_true_217,clean,0.613,28,712
2025-12-19 06:18:42,Qwen/Qwen3-8B,MMLU_selected_subjects,isot_true_667,wordd,0.596,28,482
2025-12-19 06:20:39,Qwen/Qwen3-8B,MMLU_selected_subjects,isot_true_217,meani,0.599,28,712
2025-12-19 06:23:59,Qwen/Qwen3-8B,MMLU_selected_subjects,isot_true_667,chara,0.556,28,482
2025-12-19 06:25:41,Qwen/Qwen3-8B,MMLU_selected_subjects,isot_true_217,wordd,0.589,28,712
2025-12-19 06:28:43,Qwen/Qwen3-8B,MMLU_selected_subjects,isot_true_668,clean,0.605,28,369
2025-12-19 06:31:20,Qwen/Qwen3-8B,MMLU_selected_subjects,isot_true_217,chara,0.545,28,712
2025-12-19 06:33:25,Qwen/Qwen3-8B,MMLU_selected_subjects,isot_true_668,meani,0.61,28,369
2025-12-19 06:36:17,Qwen/Qwen3-8B,MMLU_selected_subjects,isot_true_218,clean,0.59,28,712
2025-12-19 06:38:08,Qwen/Qwen3-8B,MMLU_selected_subjects,isot_true_668,wordd,0.599,28,369
2025-12-19 06:41:13,Qwen/Qwen3-8B,MMLU_selected_subjects,isot_true_218,meani,0.588,28,712
2025-12-19 06:43:10,Qwen/Qwen3-8B,MMLU_selected_subjects,isot_true_668,chara,0.538,28,369
2025-12-19 06:46:12,Qwen/Qwen3-8B,MMLU_selected_subjects,isot_true_218,wordd,0.599,28,712
2025-12-19 06:48:13,Qwen/Qwen3-8B,MMLU_selected_subjects,isot_true_669,clean,0.59,28,782
2025-12-19 06:51:53,Qwen/Qwen3-8B,MMLU_selected_subjects,isot_true_218,chara,0.528,28,712
2025-12-19 06:53:16,Qwen/Qwen3-8B,MMLU_selected_subjects,isot_true_669,meani,0.583,28,782
2025-12-19 06:56:41,Qwen/Qwen3-8B,MMLU_selected_subjects,isot_true_219,clean,0.583,28,582
2025-12-19 06:58:19,Qwen/Qwen3-8B,MMLU_selected_subjects,isot_true_669,wordd,0.577,28,782
2025-12-19 07:01:28,Qwen/Qwen3-8B,MMLU_selected_subjects,isot_true_219,meani,0.605,28,582
2025-12-19 07:04:13,Qwen/Qwen3-8B,MMLU_selected_subjects,isot_true_669,chara,0.537,28,782
2025-12-19 07:06:17,Qwen/Qwen3-8B,MMLU_selected_subjects,isot_true_219,wordd,0.608,28,582
2025-12-19 07:09:09,Qwen/Qwen3-8B,MMLU_selected_subjects,isot_true_67,clean,0.571,28,568
2025-12-19 07:11:42,Qwen/Qwen3-8B,MMLU_selected_subjects,isot_true_219,chara,0.541,28,582
2025-12-19 07:14:02,Qwen/Qwen3-8B,MMLU_selected_subjects,isot_true_67,meani,0.605,28,568
2025-12-19 07:16:33,Qwen/Qwen3-8B,MMLU_selected_subjects,isot_true_22,clean,0.606,28,629
2025-12-19 07:18:55,Qwen/Qwen3-8B,MMLU_selected_subjects,isot_true_67,wordd,0.59,28,568
2025-12-19 07:21:24,Qwen/Qwen3-8B,MMLU_selected_subjects,isot_true_22,meani,0.59,28,629
2025-12-19 07:24:23,Qwen/Qwen3-8B,MMLU_selected_subjects,isot_true_67,chara,0.555,28,568
2025-12-19 07:26:15,Qwen/Qwen3-8B,MMLU_selected_subjects,isot_true_22,wordd,0.586,28,629
2025-12-19 07:29:15,Qwen/Qwen3-8B,MMLU_selected_subjects,isot_true_670,clean,0.577,28,520
2025-12-19 07:31:48,Qwen/Qwen3-8B,MMLU_selected_subjects,isot_true_22,chara,0.593,28,629
2025-12-19 07:34:04,Qwen/Qwen3-8B,MMLU_selected_subjects,isot_true_670,meani,0.599,28,520
2025-12-19 07:36:28,Qwen/Qwen3-8B,MMLU_selected_subjects,isot_true_220,clean,0.604,28,432
2025-12-19 07:38:55,Qwen/Qwen3-8B,MMLU_selected_subjects,isot_true_670,wordd,0.583,28,520
2025-12-19 07:41:04,Qwen/Qwen3-8B,MMLU_selected_subjects,isot_true_220,meani,0.593,28,432
2025-12-19 07:44:17,Qwen/Qwen3-8B,MMLU_selected_subjects,isot_true_670,chara,0.524,28,520
2025-12-19 07:45:43,Qwen/Qwen3-8B,MMLU_selected_subjects,isot_true_220,wordd,0.614,28,432
2025-12-19 07:48:58,Qwen/Qwen3-8B,MMLU_selected_subjects,isot_true_671,clean,0.581,28,336
2025-12-19 07:50:50,Qwen/Qwen3-8B,MMLU_selected_subjects,isot_true_220,chara,0.569,28,432
2025-12-19 07:53:39,Qwen/Qwen3-8B,MMLU_selected_subjects,isot_true_671,meani,0.606,28,336
2025-12-19 07:55:29,Qwen/Qwen3-8B,MMLU_selected_subjects,isot_true_221,clean,0.589,28,405
2025-12-19 07:58:21,Qwen/Qwen3-8B,MMLU_selected_subjects,isot_true_671,wordd,0.587,28,336
2025-12-19 08:00:07,Qwen/Qwen3-8B,MMLU_selected_subjects,isot_true_221,meani,0.594,28,405
2025-12-19 08:03:21,Qwen/Qwen3-8B,MMLU_selected_subjects,isot_true_671,chara,0.568,28,336
2025-12-19 08:04:42,Qwen/Qwen3-8B,MMLU_selected_subjects,isot_true_221,wordd,0.583,28,405
2025-12-19 08:08:03,Qwen/Qwen3-8B,MMLU_selected_subjects,isot_true_672,clean,0.586,28,498
2025-12-19 08:09:45,Qwen/Qwen3-8B,MMLU_selected_subjects,isot_true_221,chara,0.554,28,405
2025-12-19 08:12:43,Qwen/Qwen3-8B,MMLU_selected_subjects,isot_true_672,meani,0.601,28,498
2025-12-19 08:14:52,Qwen/Qwen3-8B,MMLU_selected_subjects,isot_true_222,clean,0.608,28,777
2025-12-19 08:17:26,Qwen/Qwen3-8B,MMLU_selected_subjects,isot_true_672,wordd,0.578,28,498
2025-12-19 08:19:52,Qwen/Qwen3-8B,MMLU_selected_subjects,isot_true_222,meani,0.563,28,777
2025-12-19 08:22:37,Qwen/Qwen3-8B,MMLU_selected_subjects,isot_true_672,chara,0.555,28,498
2025-12-19 08:24:51,Qwen/Qwen3-8B,MMLU_selected_subjects,isot_true_222,wordd,0.59,28,777
2025-12-19 08:27:17,Qwen/Qwen3-8B,MMLU_selected_subjects,isot_true_673,clean,0.566,28,395
2025-12-19 08:30:38,Qwen/Qwen3-8B,MMLU_selected_subjects,isot_true_222,chara,0.545,28,777
2025-12-19 08:31:58,Qwen/Qwen3-8B,MMLU_selected_subjects,isot_true_673,meani,0.594,28,395
2025-12-19 08:35:24,Qwen/Qwen3-8B,MMLU_selected_subjects,isot_true_223,clean,0.616,28,625
2025-12-19 08:36:31,Qwen/Qwen3-8B,MMLU_selected_subjects,isot_true_673,wordd,0.592,28,395
2025-12-19 08:40:15,Qwen/Qwen3-8B,MMLU_selected_subjects,isot_true_223,meani,0.624,28,625
2025-12-19 08:41:32,Qwen/Qwen3-8B,MMLU_selected_subjects,isot_true_673,chara,0.558,28,395
2025-12-19 08:45:04,Qwen/Qwen3-8B,MMLU_selected_subjects,isot_true_223,wordd,0.607,28,625
2025-12-19 08:46:29,Qwen/Qwen3-8B,MMLU_selected_subjects,isot_true_674,clean,0.609,28,652
2025-12-19 08:50:39,Qwen/Qwen3-8B,MMLU_selected_subjects,isot_true_223,chara,0.598,28,625
2025-12-19 08:51:24,Qwen/Qwen3-8B,MMLU_selected_subjects,isot_true_674,meani,0.604,28,652
2025-12-19 08:55:31,Qwen/Qwen3-8B,MMLU_selected_subjects,isot_true_224,clean,0.594,28,785
2025-12-19 08:56:23,Qwen/Qwen3-8B,MMLU_selected_subjects,isot_true_674,wordd,0.586,28,652
2025-12-19 09:00:19,Qwen/Qwen3-8B,MMLU_selected_subjects,isot_true_224,meani,0.586,28,785
2025-12-19 09:01:49,Qwen/Qwen3-8B,MMLU_selected_subjects,isot_true_674,chara,0.557,28,652
2025-12-19 09:05:09,Qwen/Qwen3-8B,MMLU_selected_subjects,isot_true_224,wordd,0.558,28,785
2025-12-19 09:06:23,Qwen/Qwen3-8B,MMLU_selected_subjects,isot_true_675,clean,0.613,28,318
2025-12-19 09:10:51,Qwen/Qwen3-8B,MMLU_selected_subjects,isot_true_675,meani,0.606,28,318
2025-12-19 09:10:54,Qwen/Qwen3-8B,MMLU_selected_subjects,isot_true_224,chara,0.54,28,785
2025-12-19 09:15:20,Qwen/Qwen3-8B,MMLU_selected_subjects,isot_true_675,wordd,0.584,28,318
2025-12-19 09:15:31,Qwen/Qwen3-8B,MMLU_selected_subjects,isot_true_225,clean,0.589,28,490
2025-12-19 09:20:06,Qwen/Qwen3-8B,MMLU_selected_subjects,isot_true_225,meani,0.611,28,490
2025-12-19 09:20:09,Qwen/Qwen3-8B,MMLU_selected_subjects,isot_true_675,chara,0.54,28,318
2025-12-19 09:24:44,Qwen/Qwen3-8B,MMLU_selected_subjects,isot_true_676,clean,0.604,28,361
2025-12-19 09:24:47,Qwen/Qwen3-8B,MMLU_selected_subjects,isot_true_225,wordd,0.601,28,490
2025-12-19 09:29:19,Qwen/Qwen3-8B,MMLU_selected_subjects,isot_true_676,meani,0.604,28,361
2025-12-19 09:29:56,Qwen/Qwen3-8B,MMLU_selected_subjects,isot_true_225,chara,0.534,28,490
2025-12-19 09:33:57,Qwen/Qwen3-8B,MMLU_selected_subjects,isot_true_676,wordd,0.588,28,361
2025-12-19 09:34:43,Qwen/Qwen3-8B,MMLU_selected_subjects,isot_true_226,clean,0.591,28,616
2025-12-19 09:38:54,Qwen/Qwen3-8B,MMLU_selected_subjects,isot_true_676,chara,0.543,28,361
2025-12-19 09:39:28,Qwen/Qwen3-8B,MMLU_selected_subjects,isot_true_226,meani,0.585,28,616
2025-12-19 09:43:41,Qwen/Qwen3-8B,MMLU_selected_subjects,isot_true_677,clean,0.608,28,506
2025-12-19 09:44:16,Qwen/Qwen3-8B,MMLU_selected_subjects,isot_true_226,wordd,0.579,28,616
2025-12-19 09:48:24,Qwen/Qwen3-8B,MMLU_selected_subjects,isot_true_677,meani,0.609,28,506
2025-12-19 09:49:41,Qwen/Qwen3-8B,MMLU_selected_subjects,isot_true_226,chara,0.528,28,616
2025-12-19 09:53:06,Qwen/Qwen3-8B,MMLU_selected_subjects,isot_true_677,wordd,0.577,28,506
2025-12-19 09:54:22,Qwen/Qwen3-8B,MMLU_selected_subjects,isot_true_227,clean,0.587,28,549
2025-12-19 09:58:21,Qwen/Qwen3-8B,MMLU_selected_subjects,isot_true_677,chara,0.545,28,506
2025-12-19 09:59:05,Qwen/Qwen3-8B,MMLU_selected_subjects,isot_true_227,meani,0.591,28,549
2025-12-19 10:03:18,Qwen/Qwen3-8B,MMLU_selected_subjects,isot_true_678,clean,0.583,28,596
2025-12-19 10:03:45,Qwen/Qwen3-8B,MMLU_selected_subjects,isot_true_227,wordd,0.593,28,549
2025-12-19 10:08:15,Qwen/Qwen3-8B,MMLU_selected_subjects,isot_true_678,meani,0.581,28,596
2025-12-19 10:08:59,Qwen/Qwen3-8B,MMLU_selected_subjects,isot_true_227,chara,0.546,28,549
2025-12-19 10:13:13,Qwen/Qwen3-8B,MMLU_selected_subjects,isot_true_678,wordd,0.589,28,596
2025-12-19 10:13:36,Qwen/Qwen3-8B,MMLU_selected_subjects,isot_true_228,clean,0.591,28,517
2025-12-19 10:18:10,Qwen/Qwen3-8B,MMLU_selected_subjects,isot_true_228,meani,0.6,28,517
2025-12-19 10:18:41,Qwen/Qwen3-8B,MMLU_selected_subjects,isot_true_678,chara,0.542,28,596
2025-12-19 10:22:46,Qwen/Qwen3-8B,MMLU_selected_subjects,isot_true_228,wordd,0.602,28,517
2025-12-19 10:23:13,Qwen/Qwen3-8B,MMLU_selected_subjects,isot_true_679,clean,0.575,28,337
2025-12-19 10:27:48,Qwen/Qwen3-8B,MMLU_selected_subjects,isot_true_679,meani,0.592,28,337
2025-12-19 10:27:57,Qwen/Qwen3-8B,MMLU_selected_subjects,isot_true_228,chara,0.581,28,517
2025-12-19 10:32:21,Qwen/Qwen3-8B,MMLU_selected_subjects,isot_true_679,wordd,0.578,28,337
2025-12-19 10:32:44,Qwen/Qwen3-8B,MMLU_selected_subjects,isot_true_229,clean,0.627,28,621
2025-12-19 10:37:18,Qwen/Qwen3-8B,MMLU_selected_subjects,isot_true_679,chara,0.541,28,337
2025-12-19 10:37:38,Qwen/Qwen3-8B,MMLU_selected_subjects,isot_true_229,meani,0.614,28,621
2025-12-19 10:42:02,Qwen/Qwen3-8B,MMLU_selected_subjects,isot_true_68,clean,0.601,28,346
2025-12-19 10:42:28,Qwen/Qwen3-8B,MMLU_selected_subjects,isot_true_229,wordd,0.592,28,621
2025-12-19 10:46:44,Qwen/Qwen3-8B,MMLU_selected_subjects,isot_true_68,meani,0.576,28,346
2025-12-19 10:47:54,Qwen/Qwen3-8B,MMLU_selected_subjects,isot_true_229,chara,0.532,28,621
2025-12-19 10:51:20,Qwen/Qwen3-8B,MMLU_selected_subjects,isot_true_68,wordd,0.584,28,346
2025-12-19 10:52:46,Qwen/Qwen3-8B,MMLU_selected_subjects,isot_true_23,clean,0.618,28,715
2025-12-19 10:56:19,Qwen/Qwen3-8B,MMLU_selected_subjects,isot_true_68,chara,0.561,28,346
2025-12-19 10:57:38,Qwen/Qwen3-8B,MMLU_selected_subjects,isot_true_23,meani,0.595,28,715
2025-12-19 11:01:16,Qwen/Qwen3-8B,MMLU_selected_subjects,isot_true_680,clean,0.587,28,580
2025-12-19 11:02:34,Qwen/Qwen3-8B,MMLU_selected_subjects,isot_true_23,wordd,0.592,28,715
2025-12-19 11:06:11,Qwen/Qwen3-8B,MMLU_selected_subjects,isot_true_680,meani,0.609,28,580
2025-12-19 11:08:14,Qwen/Qwen3-8B,MMLU_selected_subjects,isot_true_23,chara,0.537,28,715
2025-12-19 11:11:06,Qwen/Qwen3-8B,MMLU_selected_subjects,isot_true_680,wordd,0.581,28,580
2025-12-19 11:12:55,Qwen/Qwen3-8B,MMLU_selected_subjects,isot_true_230,clean,0.624,28,482
2025-12-19 11:16:32,Qwen/Qwen3-8B,MMLU_selected_subjects,isot_true_680,chara,0.5,28,580
2025-12-19 11:17:33,Qwen/Qwen3-8B,MMLU_selected_subjects,isot_true_230,meani,0.618,28,482
2025-12-19 11:21:19,Qwen/Qwen3-8B,MMLU_selected_subjects,isot_true_681,clean,0.591,28,550
2025-12-19 11:22:10,Qwen/Qwen3-8B,MMLU_selected_subjects,isot_true_230,wordd,0.603,28,482
2025-12-19 11:26:06,Qwen/Qwen3-8B,MMLU_selected_subjects,isot_true_681,meani,0.589,28,550
2025-12-19 11:27:16,Qwen/Qwen3-8B,MMLU_selected_subjects,isot_true_230,chara,0.544,28,482
2025-12-19 11:30:54,Qwen/Qwen3-8B,MMLU_selected_subjects,isot_true_681,wordd,0.591,28,550
2025-12-19 11:31:57,Qwen/Qwen3-8B,MMLU_selected_subjects,isot_true_231,clean,0.594,28,485
2025-12-19 11:36:15,Qwen/Qwen3-8B,MMLU_selected_subjects,isot_true_681,chara,0.505,28,550
2025-12-19 11:36:37,Qwen/Qwen3-8B,MMLU_selected_subjects,isot_true_231,meani,0.606,28,485
2025-12-19 11:40:55,Qwen/Qwen3-8B,MMLU_selected_subjects,isot_true_682,clean,0.629,28,410
2025-12-19 11:41:18,Qwen/Qwen3-8B,MMLU_selected_subjects,isot_true_231,wordd,0.601,28,485
2025-12-19 11:45:37,Qwen/Qwen3-8B,MMLU_selected_subjects,isot_true_682,meani,0.602,28,410
2025-12-19 11:46:35,Qwen/Qwen3-8B,MMLU_selected_subjects,isot_true_231,chara,0.56,28,485
2025-12-19 11:50:18,Qwen/Qwen3-8B,MMLU_selected_subjects,isot_true_682,wordd,0.59,28,410
2025-12-19 11:51:21,Qwen/Qwen3-8B,MMLU_selected_subjects,isot_true_232,clean,0.609,28,534
2025-12-19 11:55:29,Qwen/Qwen3-8B,MMLU_selected_subjects,isot_true_682,chara,0.548,28,410
2025-12-19 11:56:05,Qwen/Qwen3-8B,MMLU_selected_subjects,isot_true_232,meani,0.606,28,534
2025-12-19 12:00:18,Qwen/Qwen3-8B,MMLU_selected_subjects,isot_true_683,clean,0.573,28,338
2025-12-19 12:00:47,Qwen/Qwen3-8B,MMLU_selected_subjects,isot_true_232,wordd,0.601,28,534
2025-12-19 12:05:03,Qwen/Qwen3-8B,MMLU_selected_subjects,isot_true_683,meani,0.611,28,338
2025-12-19 12:06:03,Qwen/Qwen3-8B,MMLU_selected_subjects,isot_true_232,chara,0.59,28,534
2025-12-19 12:09:47,Qwen/Qwen3-8B,MMLU_selected_subjects,isot_true_683,wordd,0.602,28,338
2025-12-19 12:10:29,Qwen/Qwen3-8B,MMLU_selected_subjects,isot_true_233,clean,0.621,28,265
2025-12-19 12:14:45,Qwen/Qwen3-8B,MMLU_selected_subjects,isot_true_683,chara,0.53,28,338
2025-12-19 12:14:55,Qwen/Qwen3-8B,MMLU_selected_subjects,isot_true_233,meani,0.587,28,265
2025-12-19 12:19:21,Qwen/Qwen3-8B,MMLU_selected_subjects,isot_true_233,wordd,0.589,28,265
2025-12-19 12:19:32,Qwen/Qwen3-8B,MMLU_selected_subjects,isot_true_684,clean,0.626,28,497
2025-12-19 12:24:11,Qwen/Qwen3-8B,MMLU_selected_subjects,isot_true_233,chara,0.523,28,265
2025-12-19 12:24:18,Qwen/Qwen3-8B,MMLU_selected_subjects,isot_true_684,meani,0.617,28,497
2025-12-19 12:28:54,Qwen/Qwen3-8B,MMLU_selected_subjects,isot_true_234,clean,0.614,28,555
2025-12-19 12:29:08,Qwen/Qwen3-8B,MMLU_selected_subjects,isot_true_684,wordd,0.613,28,497
2025-12-19 12:33:38,Qwen/Qwen3-8B,MMLU_selected_subjects,isot_true_234,meani,0.589,28,555
2025-12-19 12:34:31,Qwen/Qwen3-8B,MMLU_selected_subjects,isot_true_684,chara,0.58,28,497
2025-12-19 12:38:23,Qwen/Qwen3-8B,MMLU_selected_subjects,isot_true_234,wordd,0.592,28,555
2025-12-19 12:39:27,Qwen/Qwen3-8B,MMLU_selected_subjects,isot_true_685,clean,0.599,28,451
2025-12-19 12:43:42,Qwen/Qwen3-8B,MMLU_selected_subjects,isot_true_234,chara,0.546,28,555
2025-12-19 12:44:22,Qwen/Qwen3-8B,MMLU_selected_subjects,isot_true_685,meani,0.59,28,451
2025-12-19 12:48:32,Qwen/Qwen3-8B,MMLU_selected_subjects,isot_true_235,clean,0.628,28,592
2025-12-19 12:49:13,Qwen/Qwen3-8B,MMLU_selected_subjects,isot_true_685,wordd,0.596,28,451
2025-12-19 12:53:24,Qwen/Qwen3-8B,MMLU_selected_subjects,isot_true_235,meani,0.6,28,592
2025-12-19 12:54:27,Qwen/Qwen3-8B,MMLU_selected_subjects,isot_true_685,chara,0.557,28,451
2025-12-19 12:58:07,Qwen/Qwen3-8B,MMLU_selected_subjects,isot_true_235,wordd,0.59,28,592
2025-12-19 12:59:35,Qwen/Qwen3-8B,MMLU_selected_subjects,isot_true_686,clean,0.601,28,656
2025-12-19 13:03:31,Qwen/Qwen3-8B,MMLU_selected_subjects,isot_true_235,chara,0.59,28,592
2025-12-19 13:04:47,Qwen/Qwen3-8B,MMLU_selected_subjects,isot_true_686,meani,0.597,28,656
2025-12-19 13:08:25,Qwen/Qwen3-8B,MMLU_selected_subjects,isot_true_236,clean,0.586,28,690
2025-12-19 13:10:00,Qwen/Qwen3-8B,MMLU_selected_subjects,isot_true_686,wordd,0.586,28,656
2025-12-19 13:13:21,Qwen/Qwen3-8B,MMLU_selected_subjects,isot_true_236,meani,0.586,28,690
2025-12-19 13:15:45,Qwen/Qwen3-8B,MMLU_selected_subjects,isot_true_686,chara,0.559,28,656
2025-12-19 13:18:16,Qwen/Qwen3-8B,MMLU_selected_subjects,isot_true_236,wordd,0.587,28,690
2025-12-19 13:20:25,Qwen/Qwen3-8B,MMLU_selected_subjects,isot_true_687,clean,0.609,28,262
2025-12-19 13:23:55,Qwen/Qwen3-8B,MMLU_selected_subjects,isot_true_236,chara,0.538,28,690
2025-12-19 13:25:09,Qwen/Qwen3-8B,MMLU_selected_subjects,isot_true_687,meani,0.605,28,262
2025-12-19 13:28:40,Qwen/Qwen3-8B,MMLU_selected_subjects,isot_true_237,clean,0.617,28,629
2025-12-19 13:29:48,Qwen/Qwen3-8B,MMLU_selected_subjects,isot_true_687,wordd,0.593,28,262
2025-12-19 13:33:25,Qwen/Qwen3-8B,MMLU_selected_subjects,isot_true_237,meani,0.611,28,629
2025-12-19 13:34:39,Qwen/Qwen3-8B,MMLU_selected_subjects,isot_true_687,chara,0.55,28,262
2025-12-19 13:38:09,Qwen/Qwen3-8B,MMLU_selected_subjects,isot_true_237,wordd,0.603,28,629
2025-12-19 13:39:26,Qwen/Qwen3-8B,MMLU_selected_subjects,isot_true_688,clean,0.603,28,480
2025-12-19 13:43:33,Qwen/Qwen3-8B,MMLU_selected_subjects,isot_true_237,chara,0.604,28,629
2025-12-19 13:44:16,Qwen/Qwen3-8B,MMLU_selected_subjects,isot_true_688,meani,0.583,28,480
2025-12-19 13:48:10,Qwen/Qwen3-8B,MMLU_selected_subjects,isot_true_238,clean,0.601,28,531
2025-12-19 13:49:06,Qwen/Qwen3-8B,MMLU_selected_subjects,isot_true_688,wordd,0.599,28,480
2025-12-19 13:52:48,Qwen/Qwen3-8B,MMLU_selected_subjects,isot_true_238,meani,0.598,28,531
2025-12-19 13:54:24,Qwen/Qwen3-8B,MMLU_selected_subjects,isot_true_688,chara,0.54,28,480
2025-12-19 13:57:29,Qwen/Qwen3-8B,MMLU_selected_subjects,isot_true_238,wordd,0.576,28,531
2025-12-19 13:59:16,Qwen/Qwen3-8B,MMLU_selected_subjects,isot_true_689,clean,0.593,28,466
2025-12-19 14:02:51,Qwen/Qwen3-8B,MMLU_selected_subjects,isot_true_238,chara,0.517,28,531
2025-12-19 14:04:02,Qwen/Qwen3-8B,MMLU_selected_subjects,isot_true_689,meani,0.61,28,466
2025-12-19 14:07:48,Qwen/Qwen3-8B,MMLU_selected_subjects,isot_true_239,clean,0.574,28,790
2025-12-19 14:09:03,Qwen/Qwen3-8B,MMLU_selected_subjects,isot_true_689,wordd,0.599,28,466
2025-12-19 14:12:45,Qwen/Qwen3-8B,MMLU_selected_subjects,isot_true_239,meani,0.601,28,790
2025-12-19 14:14:24,Qwen/Qwen3-8B,MMLU_selected_subjects,isot_true_689,chara,0.529,28,466
2025-12-19 14:17:50,Qwen/Qwen3-8B,MMLU_selected_subjects,isot_true_239,wordd,0.563,28,790
2025-12-19 14:19:32,Qwen/Qwen3-8B,MMLU_selected_subjects,isot_true_69,clean,0.621,28,724
2025-12-19 14:23:39,Qwen/Qwen3-8B,MMLU_selected_subjects,isot_true_239,chara,0.558,28,790
2025-12-19 14:24:36,Qwen/Qwen3-8B,MMLU_selected_subjects,isot_true_69,meani,0.61,28,724
2025-12-19 14:28:23,Qwen/Qwen3-8B,MMLU_selected_subjects,isot_true_24,clean,0.632,28,506
2025-12-19 14:29:43,Qwen/Qwen3-8B,MMLU_selected_subjects,isot_true_69,wordd,0.595,28,724
2025-12-19 14:33:03,Qwen/Qwen3-8B,MMLU_selected_subjects,isot_true_24,meani,0.592,28,506
2025-12-19 14:35:32,Qwen/Qwen3-8B,MMLU_selected_subjects,isot_true_69,chara,0.553,28,724
2025-12-19 14:37:43,Qwen/Qwen3-8B,MMLU_selected_subjects,isot_true_24,wordd,0.603,28,506
2025-12-19 14:40:17,Qwen/Qwen3-8B,MMLU_selected_subjects,isot_true_690,clean,0.612,28,480
2025-12-19 14:42:52,Qwen/Qwen3-8B,MMLU_selected_subjects,isot_true_24,chara,0.567,28,506
2025-12-19 14:45:04,Qwen/Qwen3-8B,MMLU_selected_subjects,isot_true_690,meani,0.631,28,480
2025-12-19 14:47:29,Qwen/Qwen3-8B,MMLU_selected_subjects,isot_true_240,clean,0.59,28,472
2025-12-19 14:49:47,Qwen/Qwen3-8B,MMLU_selected_subjects,isot_true_690,wordd,0.584,28,480
2025-12-19 14:52:13,Qwen/Qwen3-8B,MMLU_selected_subjects,isot_true_240,meani,0.606,28,472
2025-12-19 14:54:59,Qwen/Qwen3-8B,MMLU_selected_subjects,isot_true_690,chara,0.546,28,480
2025-12-19 14:57:01,Qwen/Qwen3-8B,MMLU_selected_subjects,isot_true_240,wordd,0.603,28,472
2025-12-19 14:59:54,Qwen/Qwen3-8B,MMLU_selected_subjects,isot_true_691,clean,0.609,28,643
2025-12-19 15:02:13,Qwen/Qwen3-8B,MMLU_selected_subjects,isot_true_240,chara,0.556,28,472
2025-12-19 15:04:45,Qwen/Qwen3-8B,MMLU_selected_subjects,isot_true_691,meani,0.591,28,643
2025-12-19 15:06:59,Qwen/Qwen3-8B,MMLU_selected_subjects,isot_true_241,clean,0.601,28,625
2025-12-19 15:09:36,Qwen/Qwen3-8B,MMLU_selected_subjects,isot_true_691,wordd,0.593,28,643
2025-12-19 15:11:41,Qwen/Qwen3-8B,MMLU_selected_subjects,isot_true_241,meani,0.592,28,625
2025-12-19 15:15:19,Qwen/Qwen3-8B,MMLU_selected_subjects,isot_true_691,chara,0.574,28,643
2025-12-19 15:16:25,Qwen/Qwen3-8B,MMLU_selected_subjects,isot_true_241,wordd,0.597,28,625
2025-12-19 15:20:10,Qwen/Qwen3-8B,MMLU_selected_subjects,isot_true_692,clean,0.609,28,536
2025-12-19 15:21:47,Qwen/Qwen3-8B,MMLU_selected_subjects,isot_true_241,chara,0.535,28,625
2025-12-19 15:24:57,Qwen/Qwen3-8B,MMLU_selected_subjects,isot_true_692,meani,0.615,28,536
2025-12-19 15:26:40,Qwen/Qwen3-8B,MMLU_selected_subjects,isot_true_242,clean,0.605,28,558
2025-12-19 15:29:53,Qwen/Qwen3-8B,MMLU_selected_subjects,isot_true_692,wordd,0.583,28,536
2025-12-19 15:31:28,Qwen/Qwen3-8B,MMLU_selected_subjects,isot_true_242,meani,0.6,28,558
2025-12-19 15:35:18,Qwen/Qwen3-8B,MMLU_selected_subjects,isot_true_692,chara,0.539,28,536
2025-12-19 15:36:15,Qwen/Qwen3-8B,MMLU_selected_subjects,isot_true_242,wordd,0.604,28,558
2025-12-19 15:40:07,Qwen/Qwen3-8B,MMLU_selected_subjects,isot_true_693,clean,0.605,28,635
2025-12-19 15:41:34,Qwen/Qwen3-8B,MMLU_selected_subjects,isot_true_242,chara,0.564,28,558
2025-12-19 15:44:57,Qwen/Qwen3-8B,MMLU_selected_subjects,isot_true_693,meani,0.588,28,635
2025-12-19 15:46:24,Qwen/Qwen3-8B,MMLU_selected_subjects,isot_true_243,clean,0.598,28,497
2025-12-19 15:49:45,Qwen/Qwen3-8B,MMLU_selected_subjects,isot_true_693,wordd,0.587,28,635
2025-12-19 15:50:58,Qwen/Qwen3-8B,MMLU_selected_subjects,isot_true_243,meani,0.574,28,497
2025-12-19 15:55:17,Qwen/Qwen3-8B,MMLU_selected_subjects,isot_true_693,chara,0.55,28,635
2025-12-19 15:55:39,Qwen/Qwen3-8B,MMLU_selected_subjects,isot_true_243,wordd,0.547,28,497
2025-12-19 16:00:13,Qwen/Qwen3-8B,MMLU_selected_subjects,isot_true_694,clean,0.637,28,610
2025-12-19 16:00:56,Qwen/Qwen3-8B,MMLU_selected_subjects,isot_true_243,chara,0.541,28,497
2025-12-19 16:05:02,Qwen/Qwen3-8B,MMLU_selected_subjects,isot_true_694,meani,0.605,28,610
2025-12-19 16:05:30,Qwen/Qwen3-8B,MMLU_selected_subjects,isot_true_244,clean,0.578,28,382
2025-12-19 16:09:52,Qwen/Qwen3-8B,MMLU_selected_subjects,isot_true_694,wordd,0.604,28,610
2025-12-19 16:10:09,Qwen/Qwen3-8B,MMLU_selected_subjects,isot_true_244,meani,0.607,28,382
2025-12-19 16:14:45,Qwen/Qwen3-8B,MMLU_selected_subjects,isot_true_244,wordd,0.619,28,382
2025-12-19 16:15:25,Qwen/Qwen3-8B,MMLU_selected_subjects,isot_true_694,chara,0.569,28,610
2025-12-19 16:19:40,Qwen/Qwen3-8B,MMLU_selected_subjects,isot_true_244,chara,0.535,28,382
2025-12-19 16:20:10,Qwen/Qwen3-8B,MMLU_selected_subjects,isot_true_695,clean,0.612,28,446
2025-12-19 16:24:29,Qwen/Qwen3-8B,MMLU_selected_subjects,isot_true_245,clean,0.62,28,573
2025-12-19 16:25:02,Qwen/Qwen3-8B,MMLU_selected_subjects,isot_true_695,meani,0.599,28,446
2025-12-19 16:29:12,Qwen/Qwen3-8B,MMLU_selected_subjects,isot_true_245,meani,0.63,28,573
2025-12-19 16:29:51,Qwen/Qwen3-8B,MMLU_selected_subjects,isot_true_695,wordd,0.584,28,446
2025-12-19 16:33:56,Qwen/Qwen3-8B,MMLU_selected_subjects,isot_true_245,wordd,0.62,28,573
2025-12-19 16:35:14,Qwen/Qwen3-8B,MMLU_selected_subjects,isot_true_695,chara,0.55,28,446
2025-12-19 16:39:14,Qwen/Qwen3-8B,MMLU_selected_subjects,isot_true_245,chara,0.577,28,573
2025-12-19 16:40:00,Qwen/Qwen3-8B,MMLU_selected_subjects,isot_true_696,clean,0.569,28,337
2025-12-19 16:43:55,Qwen/Qwen3-8B,MMLU_selected_subjects,isot_true_246,clean,0.622,28,410
2025-12-19 16:44:40,Qwen/Qwen3-8B,MMLU_selected_subjects,isot_true_696,meani,0.594,28,337
2025-12-19 16:48:31,Qwen/Qwen3-8B,MMLU_selected_subjects,isot_true_246,meani,0.61,28,410
2025-12-19 16:49:19,Qwen/Qwen3-8B,MMLU_selected_subjects,isot_true_696,wordd,0.568,28,337
2025-12-19 16:53:06,Qwen/Qwen3-8B,MMLU_selected_subjects,isot_true_246,wordd,0.613,28,410
2025-12-19 16:54:17,Qwen/Qwen3-8B,MMLU_selected_subjects,isot_true_696,chara,0.546,28,337
2025-12-19 16:58:14,Qwen/Qwen3-8B,MMLU_selected_subjects,isot_true_246,chara,0.575,28,410
2025-12-19 16:59:01,Qwen/Qwen3-8B,MMLU_selected_subjects,isot_true_697,clean,0.606,28,446
2025-12-19 17:02:51,Qwen/Qwen3-8B,MMLU_selected_subjects,isot_true_247,clean,0.616,28,516
2025-12-19 17:03:44,Qwen/Qwen3-8B,MMLU_selected_subjects,isot_true_697,meani,0.602,28,446
2025-12-19 17:07:28,Qwen/Qwen3-8B,MMLU_selected_subjects,isot_true_247,meani,0.622,28,516
2025-12-19 17:08:26,Qwen/Qwen3-8B,MMLU_selected_subjects,isot_true_697,wordd,0.594,28,446
2025-12-19 17:12:12,Qwen/Qwen3-8B,MMLU_selected_subjects,isot_true_247,wordd,0.609,28,516
2025-12-19 17:13:44,Qwen/Qwen3-8B,MMLU_selected_subjects,isot_true_697,chara,0.58,28,446
2025-12-19 17:17:23,Qwen/Qwen3-8B,MMLU_selected_subjects,isot_true_247,chara,0.549,28,516
2025-12-19 17:18:34,Qwen/Qwen3-8B,MMLU_selected_subjects,isot_true_698,clean,0.585,28,628
2025-12-19 17:22:17,Qwen/Qwen3-8B,MMLU_selected_subjects,isot_true_248,clean,0.61,28,717
2025-12-19 17:23:23,Qwen/Qwen3-8B,MMLU_selected_subjects,isot_true_698,meani,0.59,28,628
2025-12-19 17:27:11,Qwen/Qwen3-8B,MMLU_selected_subjects,isot_true_248,meani,0.622,28,717
2025-12-19 17:28:12,Qwen/Qwen3-8B,MMLU_selected_subjects,isot_true_698,wordd,0.588,28,628
2025-12-19 17:32:02,Qwen/Qwen3-8B,MMLU_selected_subjects,isot_true_248,wordd,0.591,28,717
2025-12-19 17:33:41,Qwen/Qwen3-8B,MMLU_selected_subjects,isot_true_698,chara,0.55,28,628
2025-12-19 17:37:41,Qwen/Qwen3-8B,MMLU_selected_subjects,isot_true_248,chara,0.545,28,717
2025-12-19 17:38:22,Qwen/Qwen3-8B,MMLU_selected_subjects,isot_true_699,clean,0.617,28,399
2025-12-19 17:42:28,Qwen/Qwen3-8B,MMLU_selected_subjects,isot_true_249,clean,0.613,28,634
2025-12-19 17:43:02,Qwen/Qwen3-8B,MMLU_selected_subjects,isot_true_699,meani,0.617,28,399
2025-12-19 17:47:16,Qwen/Qwen3-8B,MMLU_selected_subjects,isot_true_249,meani,0.578,28,634
2025-12-19 17:47:42,Qwen/Qwen3-8B,MMLU_selected_subjects,isot_true_699,wordd,0.608,28,399
2025-12-19 17:52:02,Qwen/Qwen3-8B,MMLU_selected_subjects,isot_true_249,wordd,0.601,28,634
2025-12-19 17:52:46,Qwen/Qwen3-8B,MMLU_selected_subjects,isot_true_699,chara,0.546,28,399
2025-12-19 17:57:26,Qwen/Qwen3-8B,MMLU_selected_subjects,isot_true_7,clean,0.601,28,395
2025-12-19 17:57:31,Qwen/Qwen3-8B,MMLU_selected_subjects,isot_true_249,chara,0.54,28,634
2025-12-19 18:02:05,Qwen/Qwen3-8B,MMLU_selected_subjects,isot_true_7,meani,0.599,28,395
2025-12-19 18:02:10,Qwen/Qwen3-8B,MMLU_selected_subjects,isot_true_25,clean,0.575,28,403
2025-12-19 18:06:44,Qwen/Qwen3-8B,MMLU_selected_subjects,isot_true_7,wordd,0.602,28,395
2025-12-19 18:06:46,Qwen/Qwen3-8B,MMLU_selected_subjects,isot_true_25,meani,0.578,28,403
2025-12-19 18:11:23,Qwen/Qwen3-8B,MMLU_selected_subjects,isot_true_25,wordd,0.567,28,403
2025-12-19 18:11:47,Qwen/Qwen3-8B,MMLU_selected_subjects,isot_true_7,chara,0.553,28,395
2025-12-19 18:16:30,Qwen/Qwen3-8B,MMLU_selected_subjects,isot_true_70,clean,0.609,28,458
2025-12-19 18:16:30,Qwen/Qwen3-8B,MMLU_selected_subjects,isot_true_25,chara,0.534,28,403
2025-12-19 18:21:11,Qwen/Qwen3-8B,MMLU_selected_subjects,isot_true_70,meani,0.604,28,458
2025-12-19 18:21:19,Qwen/Qwen3-8B,MMLU_selected_subjects,isot_true_250,clean,0.612,28,684
2025-12-19 18:25:53,Qwen/Qwen3-8B,MMLU_selected_subjects,isot_true_70,wordd,0.597,28,458
2025-12-19 18:26:10,Qwen/Qwen3-8B,MMLU_selected_subjects,isot_true_250,meani,0.605,28,684
2025-12-19 18:30:57,Qwen/Qwen3-8B,MMLU_selected_subjects,isot_true_250,wordd,0.589,28,684
2025-12-19 18:31:04,Qwen/Qwen3-8B,MMLU_selected_subjects,isot_true_70,chara,0.559,28,458
2025-12-19 18:35:55,Qwen/Qwen3-8B,MMLU_selected_subjects,isot_true_700,clean,0.595,28,640
2025-12-19 18:36:29,Qwen/Qwen3-8B,MMLU_selected_subjects,isot_true_250,chara,0.577,28,684
2025-12-19 18:40:44,Qwen/Qwen3-8B,MMLU_selected_subjects,isot_true_700,meani,0.603,28,640
2025-12-19 18:41:05,Qwen/Qwen3-8B,MMLU_selected_subjects,isot_true_251,clean,0.604,28,376
2025-12-19 18:45:34,Qwen/Qwen3-8B,MMLU_selected_subjects,isot_true_700,wordd,0.593,28,640
2025-12-19 18:45:37,Qwen/Qwen3-8B,MMLU_selected_subjects,isot_true_251,meani,0.608,28,376
2025-12-19 18:50:08,Qwen/Qwen3-8B,MMLU_selected_subjects,isot_true_251,wordd,0.617,28,376
2025-12-19 18:51:09,Qwen/Qwen3-8B,MMLU_selected_subjects,isot_true_700,chara,0.544,28,640
2025-12-19 18:55:06,Qwen/Qwen3-8B,MMLU_selected_subjects,isot_true_251,chara,0.526,28,376
2025-12-19 18:55:54,Qwen/Qwen3-8B,MMLU_selected_subjects,isot_true_701,clean,0.601,28,537
2025-12-19 19:00:02,Qwen/Qwen3-8B,MMLU_selected_subjects,isot_true_252,clean,0.619,28,691
2025-12-19 19:00:37,Qwen/Qwen3-8B,MMLU_selected_subjects,isot_true_701,meani,0.597,28,537
2025-12-19 19:05:01,Qwen/Qwen3-8B,MMLU_selected_subjects,isot_true_252,meani,0.61,28,691
2025-12-19 19:05:19,Qwen/Qwen3-8B,MMLU_selected_subjects,isot_true_701,wordd,0.591,28,537
2025-12-19 19:09:56,Qwen/Qwen3-8B,MMLU_selected_subjects,isot_true_252,wordd,0.575,28,691
2025-12-19 19:10:38,Qwen/Qwen3-8B,MMLU_selected_subjects,isot_true_701,chara,0.53,28,537
2025-12-19 19:15:34,Qwen/Qwen3-8B,MMLU_selected_subjects,isot_true_702,clean,0.627,28,690
2025-12-19 19:15:39,Qwen/Qwen3-8B,MMLU_selected_subjects,isot_true_252,chara,0.539,28,691
2025-12-19 19:20:27,Qwen/Qwen3-8B,MMLU_selected_subjects,isot_true_253,clean,0.595,28,508
2025-12-19 19:20:30,Qwen/Qwen3-8B,MMLU_selected_subjects,isot_true_702,meani,0.599,28,690
2025-12-19 19:25:11,Qwen/Qwen3-8B,MMLU_selected_subjects,isot_true_253,meani,0.601,28,508
2025-12-19 19:25:26,Qwen/Qwen3-8B,MMLU_selected_subjects,isot_true_702,wordd,0.591,28,690
2025-12-19 19:29:55,Qwen/Qwen3-8B,MMLU_selected_subjects,isot_true_253,wordd,0.602,28,508
2025-12-19 19:31:08,Qwen/Qwen3-8B,MMLU_selected_subjects,isot_true_702,chara,0.546,28,690
2025-12-19 19:35:15,Qwen/Qwen3-8B,MMLU_selected_subjects,isot_true_253,chara,0.537,28,508
2025-12-19 19:35:59,Qwen/Qwen3-8B,MMLU_selected_subjects,isot_true_703,clean,0.622,28,656
2025-12-19 19:39:51,Qwen/Qwen3-8B,MMLU_selected_subjects,isot_true_254,clean,0.624,28,372
2025-12-19 19:40:49,Qwen/Qwen3-8B,MMLU_selected_subjects,isot_true_703,meani,0.618,28,656
2025-12-19 19:44:25,Qwen/Qwen3-8B,MMLU_selected_subjects,isot_true_254,meani,0.64,28,372
2025-12-19 19:45:40,Qwen/Qwen3-8B,MMLU_selected_subjects,isot_true_703,wordd,0.619,28,656
2025-12-19 19:49:02,Qwen/Qwen3-8B,MMLU_selected_subjects,isot_true_254,wordd,0.636,28,372
2025-12-19 19:51:15,Qwen/Qwen3-8B,MMLU_selected_subjects,isot_true_703,chara,0.546,28,656
2025-12-19 19:53:59,Qwen/Qwen3-8B,MMLU_selected_subjects,isot_true_254,chara,0.562,28,372
2025-12-19 19:56:11,Qwen/Qwen3-8B,MMLU_selected_subjects,isot_true_704,clean,0.623,28,713
2025-12-19 19:58:38,Qwen/Qwen3-8B,MMLU_selected_subjects,isot_true_255,clean,0.633,28,417
2025-12-19 20:01:05,Qwen/Qwen3-8B,MMLU_selected_subjects,isot_true_704,meani,0.596,28,713
2025-12-19 20:03:14,Qwen/Qwen3-8B,MMLU_selected_subjects,isot_true_255,meani,0.63,28,417
2025-12-19 20:06:00,Qwen/Qwen3-8B,MMLU_selected_subjects,isot_true_704,wordd,0.601,28,713
2025-12-19 20:07:50,Qwen/Qwen3-8B,MMLU_selected_subjects,isot_true_255,wordd,0.607,28,417
2025-12-19 20:11:40,Qwen/Qwen3-8B,MMLU_selected_subjects,isot_true_704,chara,0.566,28,713
2025-12-19 20:12:58,Qwen/Qwen3-8B,MMLU_selected_subjects,isot_true_255,chara,0.585,28,417
2025-12-19 20:16:43,Qwen/Qwen3-8B,MMLU_selected_subjects,isot_true_705,clean,0.584,28,783
2025-12-19 20:17:35,Qwen/Qwen3-8B,MMLU_selected_subjects,isot_true_256,clean,0.623,28,452
2025-12-19 20:21:40,Qwen/Qwen3-8B,MMLU_selected_subjects,isot_true_705,meani,0.603,28,783
2025-12-19 20:22:13,Qwen/Qwen3-8B,MMLU_selected_subjects,isot_true_256,meani,0.601,28,452
2025-12-19 20:26:38,Qwen/Qwen3-8B,MMLU_selected_subjects,isot_true_705,wordd,0.564,28,783
2025-12-19 20:26:54,Qwen/Qwen3-8B,MMLU_selected_subjects,isot_true_256,wordd,0.619,28,452
2025-12-19 20:32:00,Qwen/Qwen3-8B,MMLU_selected_subjects,isot_true_256,chara,0.587,28,452
2025-12-19 20:32:30,Qwen/Qwen3-8B,MMLU_selected_subjects,isot_true_705,chara,0.534,28,783
2025-12-19 20:36:43,Qwen/Qwen3-8B,MMLU_selected_subjects,isot_true_257,clean,0.612,28,572
2025-12-19 20:37:11,Qwen/Qwen3-8B,MMLU_selected_subjects,isot_true_706,clean,0.609,28,433
2025-12-19 20:41:24,Qwen/Qwen3-8B,MMLU_selected_subjects,isot_true_257,meani,0.598,28,572
2025-12-19 20:41:51,Qwen/Qwen3-8B,MMLU_selected_subjects,isot_true_706,meani,0.608,28,433
2025-12-19 20:46:06,Qwen/Qwen3-8B,MMLU_selected_subjects,isot_true_257,wordd,0.596,28,572
2025-12-19 20:46:32,Qwen/Qwen3-8B,MMLU_selected_subjects,isot_true_706,wordd,0.569,28,433
2025-12-19 20:51:26,Qwen/Qwen3-8B,MMLU_selected_subjects,isot_true_257,chara,0.542,28,572
2025-12-19 20:51:40,Qwen/Qwen3-8B,MMLU_selected_subjects,isot_true_706,chara,0.588,28,433
2025-12-19 20:56:09,Qwen/Qwen3-8B,MMLU_selected_subjects,isot_true_258,clean,0.609,28,550
2025-12-19 20:56:24,Qwen/Qwen3-8B,MMLU_selected_subjects,isot_true_707,clean,0.596,28,504
2025-12-19 21:00:57,Qwen/Qwen3-8B,MMLU_selected_subjects,isot_true_258,meani,0.6,28,550
2025-12-19 21:01:08,Qwen/Qwen3-8B,MMLU_selected_subjects,isot_true_707,meani,0.596,28,504
2025-12-19 21:05:43,Qwen/Qwen3-8B,MMLU_selected_subjects,isot_true_258,wordd,0.587,28,550
2025-12-19 21:05:52,Qwen/Qwen3-8B,MMLU_selected_subjects,isot_true_707,wordd,0.571,28,504
2025-12-19 21:10:59,Qwen/Qwen3-8B,MMLU_selected_subjects,isot_true_258,chara,0.52,28,550
2025-12-19 21:11:08,Qwen/Qwen3-8B,MMLU_selected_subjects,isot_true_707,chara,0.536,28,504
2025-12-19 21:15:44,Qwen/Qwen3-8B,MMLU_selected_subjects,isot_true_259,clean,0.591,28,582
2025-12-19 21:15:49,Qwen/Qwen3-8B,MMLU_selected_subjects,isot_true_708,clean,0.624,28,492
2025-12-19 21:20:24,Qwen/Qwen3-8B,MMLU_selected_subjects,isot_true_259,meani,0.596,28,582
2025-12-19 21:20:30,Qwen/Qwen3-8B,MMLU_selected_subjects,isot_true_708,meani,0.601,28,492
2025-12-19 21:25:06,Qwen/Qwen3-8B,MMLU_selected_subjects,isot_true_259,wordd,0.579,28,582
2025-12-19 21:25:11,Qwen/Qwen3-8B,MMLU_selected_subjects,isot_true_708,wordd,0.598,28,492
2025-12-19 21:30:26,Qwen/Qwen3-8B,MMLU_selected_subjects,isot_true_708,chara,0.573,28,492
2025-12-19 21:30:28,Qwen/Qwen3-8B,MMLU_selected_subjects,isot_true_259,chara,0.579,28,582
2025-12-19 21:35:09,Qwen/Qwen3-8B,MMLU_selected_subjects,isot_true_26,clean,0.581,28,500
2025-12-19 21:35:43,Qwen/Qwen3-8B,MMLU_selected_subjects,isot_true_709,clean,0.602,28,702
2025-12-19 21:39:49,Qwen/Qwen3-8B,MMLU_selected_subjects,isot_true_26,meani,0.607,28,500
2025-12-19 21:40:39,Qwen/Qwen3-8B,MMLU_selected_subjects,isot_true_709,meani,0.585,28,702
2025-12-19 21:44:31,Qwen/Qwen3-8B,MMLU_selected_subjects,isot_true_26,wordd,0.568,28,500
2025-12-19 21:45:36,Qwen/Qwen3-8B,MMLU_selected_subjects,isot_true_709,wordd,0.568,28,702
2025-12-19 21:49:47,Qwen/Qwen3-8B,MMLU_selected_subjects,isot_true_26,chara,0.553,28,500
2025-12-19 21:51:17,Qwen/Qwen3-8B,MMLU_selected_subjects,isot_true_709,chara,0.549,28,702
2025-12-19 21:54:38,Qwen/Qwen3-8B,MMLU_selected_subjects,isot_true_260,clean,0.609,28,691
2025-12-19 21:56:10,Qwen/Qwen3-8B,MMLU_selected_subjects,isot_true_71,clean,0.617,28,615
2025-12-19 21:59:31,Qwen/Qwen3-8B,MMLU_selected_subjects,isot_true_260,meani,0.609,28,691
2025-12-19 22:01:04,Qwen/Qwen3-8B,MMLU_selected_subjects,isot_true_71,meani,0.603,28,615
2025-12-19 22:04:24,Qwen/Qwen3-8B,MMLU_selected_subjects,isot_true_260,wordd,0.588,28,691
2025-12-19 22:05:57,Qwen/Qwen3-8B,MMLU_selected_subjects,isot_true_71,wordd,0.595,28,615
2025-12-19 22:09:59,Qwen/Qwen3-8B,MMLU_selected_subjects,isot_true_260,chara,0.538,28,691
2025-12-19 22:11:22,Qwen/Qwen3-8B,MMLU_selected_subjects,isot_true_71,chara,0.525,28,615
2025-12-19 22:14:42,Qwen/Qwen3-8B,MMLU_selected_subjects,isot_true_261,clean,0.62,28,447
2025-12-19 22:15:58,Qwen/Qwen3-8B,MMLU_selected_subjects,isot_true_710,clean,0.606,28,344
2025-12-19 22:19:27,Qwen/Qwen3-8B,MMLU_selected_subjects,isot_true_261,meani,0.615,28,447
2025-12-19 22:20:33,Qwen/Qwen3-8B,MMLU_selected_subjects,isot_true_710,meani,0.582,28,344
2025-12-19 22:24:09,Qwen/Qwen3-8B,MMLU_selected_subjects,isot_true_261,wordd,0.613,28,447
2025-12-19 22:25:08,Qwen/Qwen3-8B,MMLU_selected_subjects,isot_true_710,wordd,0.591,28,344
2025-12-19 22:29:14,Qwen/Qwen3-8B,MMLU_selected_subjects,isot_true_261,chara,0.583,28,447
2025-12-19 22:30:06,Qwen/Qwen3-8B,MMLU_selected_subjects,isot_true_710,chara,0.542,28,344
2025-12-19 22:33:47,Qwen/Qwen3-8B,MMLU_selected_subjects,isot_true_262,clean,0.591,28,340
2025-12-19 22:34:53,Qwen/Qwen3-8B,MMLU_selected_subjects,isot_true_711,clean,0.606,28,575
2025-12-19 22:38:18,Qwen/Qwen3-8B,MMLU_selected_subjects,isot_true_262,meani,0.617,28,340
2025-12-19 22:39:40,Qwen/Qwen3-8B,MMLU_selected_subjects,isot_true_711,meani,0.61,28,575
2025-12-19 22:42:49,Qwen/Qwen3-8B,MMLU_selected_subjects,isot_true_262,wordd,0.593,28,340
2025-12-19 22:44:27,Qwen/Qwen3-8B,MMLU_selected_subjects,isot_true_711,wordd,0.578,28,575
2025-12-19 22:47:42,Qwen/Qwen3-8B,MMLU_selected_subjects,isot_true_262,chara,0.55,28,340
2025-12-19 22:49:49,Qwen/Qwen3-8B,MMLU_selected_subjects,isot_true_711,chara,0.541,28,575
2025-12-19 22:52:21,Qwen/Qwen3-8B,MMLU_selected_subjects,isot_true_263,clean,0.6,28,471
2025-12-19 22:54:41,Qwen/Qwen3-8B,MMLU_selected_subjects,isot_true_712,clean,0.603,28,633
2025-12-19 22:57:00,Qwen/Qwen3-8B,MMLU_selected_subjects,isot_true_263,meani,0.586,28,471
2025-12-19 22:59:31,Qwen/Qwen3-8B,MMLU_selected_subjects,isot_true_712,meani,0.606,28,633
2025-12-19 23:01:39,Qwen/Qwen3-8B,MMLU_selected_subjects,isot_true_263,wordd,0.597,28,471
2025-12-19 23:04:23,Qwen/Qwen3-8B,MMLU_selected_subjects,isot_true_712,wordd,0.594,28,633
2025-12-19 23:06:46,Qwen/Qwen3-8B,MMLU_selected_subjects,isot_true_263,chara,0.556,28,471
2025-12-19 23:09:52,Qwen/Qwen3-8B,MMLU_selected_subjects,isot_true_712,chara,0.542,28,633
2025-12-19 23:11:30,Qwen/Qwen3-8B,MMLU_selected_subjects,isot_true_264,clean,0.611,28,560
2025-12-19 23:14:39,Qwen/Qwen3-8B,MMLU_selected_subjects,isot_true_713,clean,0.594,28,550
2025-12-19 23:16:16,Qwen/Qwen3-8B,MMLU_selected_subjects,isot_true_264,meani,0.623,28,560
2025-12-19 23:19:26,Qwen/Qwen3-8B,MMLU_selected_subjects,isot_true_713,meani,0.598,28,550
2025-12-19 23:21:15,Qwen/Qwen3-8B,MMLU_selected_subjects,isot_true_264,wordd,0.602,28,560
2025-12-19 23:24:12,Qwen/Qwen3-8B,MMLU_selected_subjects,isot_true_713,wordd,0.599,28,550
2025-12-19 23:26:32,Qwen/Qwen3-8B,MMLU_selected_subjects,isot_true_264,chara,0.562,28,560
2025-12-19 23:29:32,Qwen/Qwen3-8B,MMLU_selected_subjects,isot_true_713,chara,0.522,28,550
2025-12-19 23:31:18,Qwen/Qwen3-8B,MMLU_selected_subjects,isot_true_265,clean,0.582,28,507
2025-12-19 23:34:12,Qwen/Qwen3-8B,MMLU_selected_subjects,isot_true_714,clean,0.599,28,398
2025-12-19 23:36:03,Qwen/Qwen3-8B,MMLU_selected_subjects,isot_true_265,meani,0.593,28,507
2025-12-19 23:38:53,Qwen/Qwen3-8B,MMLU_selected_subjects,isot_true_714,meani,0.615,28,398
2025-12-19 23:40:51,Qwen/Qwen3-8B,MMLU_selected_subjects,isot_true_265,wordd,0.58,28,507
2025-12-19 23:43:35,Qwen/Qwen3-8B,MMLU_selected_subjects,isot_true_714,wordd,0.589,28,398
2025-12-19 23:46:07,Qwen/Qwen3-8B,MMLU_selected_subjects,isot_true_265,chara,0.548,28,507
2025-12-19 23:48:41,Qwen/Qwen3-8B,MMLU_selected_subjects,isot_true_714,chara,0.559,28,398
2025-12-19 23:50:50,Qwen/Qwen3-8B,MMLU_selected_subjects,isot_true_266,clean,0.619,28,468
2025-12-19 23:53:28,Qwen/Qwen3-8B,MMLU_selected_subjects,isot_true_715,clean,0.573,28,564
2025-12-19 23:55:31,Qwen/Qwen3-8B,MMLU_selected_subjects,isot_true_266,meani,0.614,28,468
2025-12-19 23:58:14,Qwen/Qwen3-8B,MMLU_selected_subjects,isot_true_715,meani,0.599,28,564
2025-12-20 00:00:11,Qwen/Qwen3-8B,MMLU_selected_subjects,isot_true_266,wordd,0.604,28,468
2025-12-20 00:03:00,Qwen/Qwen3-8B,MMLU_selected_subjects,isot_true_715,wordd,0.579,28,564
2025-12-20 00:05:19,Qwen/Qwen3-8B,MMLU_selected_subjects,isot_true_266,chara,0.547,28,468
2025-12-20 00:08:21,Qwen/Qwen3-8B,MMLU_selected_subjects,isot_true_715,chara,0.524,28,564
2025-12-20 00:10:14,Qwen/Qwen3-8B,MMLU_selected_subjects,isot_true_267,clean,0.621,28,781
2025-12-20 00:13:03,Qwen/Qwen3-8B,MMLU_selected_subjects,isot_true_716,clean,0.599,28,460
2025-12-20 00:15:09,Qwen/Qwen3-8B,MMLU_selected_subjects,isot_true_267,meani,0.621,28,781
2025-12-20 00:17:43,Qwen/Qwen3-8B,MMLU_selected_subjects,isot_true_716,meani,0.595,28,460
2025-12-20 00:20:03,Qwen/Qwen3-8B,MMLU_selected_subjects,isot_true_267,wordd,0.607,28,781
2025-12-20 00:22:23,Qwen/Qwen3-8B,MMLU_selected_subjects,isot_true_716,wordd,0.611,28,460
2025-12-20 00:25:49,Qwen/Qwen3-8B,MMLU_selected_subjects,isot_true_267,chara,0.581,28,781
2025-12-20 00:27:38,Qwen/Qwen3-8B,MMLU_selected_subjects,isot_true_716,chara,0.564,28,460
2025-12-20 00:30:33,Qwen/Qwen3-8B,MMLU_selected_subjects,isot_true_268,clean,0.571,28,490
2025-12-20 00:32:20,Qwen/Qwen3-8B,MMLU_selected_subjects,isot_true_717,clean,0.599,28,524
2025-12-20 00:35:13,Qwen/Qwen3-8B,MMLU_selected_subjects,isot_true_268,meani,0.596,28,490
2025-12-20 00:37:05,Qwen/Qwen3-8B,MMLU_selected_subjects,isot_true_717,meani,0.61,28,524
2025-12-20 00:39:58,Qwen/Qwen3-8B,MMLU_selected_subjects,isot_true_268,wordd,0.583,28,490
2025-12-20 00:41:50,Qwen/Qwen3-8B,MMLU_selected_subjects,isot_true_717,wordd,0.61,28,524
2025-12-20 00:45:12,Qwen/Qwen3-8B,MMLU_selected_subjects,isot_true_268,chara,0.514,28,490
2025-12-20 00:47:05,Qwen/Qwen3-8B,MMLU_selected_subjects,isot_true_717,chara,0.537,28,524
2025-12-20 00:49:56,Qwen/Qwen3-8B,MMLU_selected_subjects,isot_true_269,clean,0.613,28,556
2025-12-20 00:52:04,Qwen/Qwen3-8B,MMLU_selected_subjects,isot_true_718,clean,0.585,28,601
2025-12-20 00:54:40,Qwen/Qwen3-8B,MMLU_selected_subjects,isot_true_269,meani,0.625,28,556
2025-12-20 00:57:04,Qwen/Qwen3-8B,MMLU_selected_subjects,isot_true_718,meani,0.594,28,601
2025-12-20 00:59:23,Qwen/Qwen3-8B,MMLU_selected_subjects,isot_true_269,wordd,0.611,28,556
2025-12-20 01:02:04,Qwen/Qwen3-8B,MMLU_selected_subjects,isot_true_718,wordd,0.594,28,601
2025-12-20 01:04:43,Qwen/Qwen3-8B,MMLU_selected_subjects,isot_true_269,chara,0.538,28,556
2025-12-20 01:07:37,Qwen/Qwen3-8B,MMLU_selected_subjects,isot_true_718,chara,0.546,28,601
2025-12-20 01:09:22,Qwen/Qwen3-8B,MMLU_selected_subjects,isot_true_27,clean,0.613,28,391
2025-12-20 01:12:32,Qwen/Qwen3-8B,MMLU_selected_subjects,isot_true_719,clean,0.628,28,731
2025-12-20 01:13:59,Qwen/Qwen3-8B,MMLU_selected_subjects,isot_true_27,meani,0.606,28,391
2025-12-20 01:17:26,Qwen/Qwen3-8B,MMLU_selected_subjects,isot_true_719,meani,0.619,28,731
2025-12-20 01:18:37,Qwen/Qwen3-8B,MMLU_selected_subjects,isot_true_27,wordd,0.604,28,391
2025-12-20 01:22:21,Qwen/Qwen3-8B,MMLU_selected_subjects,isot_true_719,wordd,0.609,28,731
2025-12-20 01:23:38,Qwen/Qwen3-8B,MMLU_selected_subjects,isot_true_27,chara,0.552,28,391
2025-12-20 01:28:02,Qwen/Qwen3-8B,MMLU_selected_subjects,isot_true_719,chara,0.552,28,731
2025-12-20 01:28:20,Qwen/Qwen3-8B,MMLU_selected_subjects,isot_true_270,clean,0.619,28,557
2025-12-20 01:32:56,Qwen/Qwen3-8B,MMLU_selected_subjects,isot_true_72,clean,0.608,28,628
2025-12-20 01:33:03,Qwen/Qwen3-8B,MMLU_selected_subjects,isot_true_270,meani,0.594,28,557
2025-12-20 01:37:48,Qwen/Qwen3-8B,MMLU_selected_subjects,isot_true_72,meani,0.614,28,628
2025-12-20 01:37:52,Qwen/Qwen3-8B,MMLU_selected_subjects,isot_true_270,wordd,0.599,28,557
2025-12-20 01:42:41,Qwen/Qwen3-8B,MMLU_selected_subjects,isot_true_72,wordd,0.615,28,628
2025-12-20 01:43:13,Qwen/Qwen3-8B,MMLU_selected_subjects,isot_true_270,chara,0.57,28,557
2025-12-20 01:47:52,Qwen/Qwen3-8B,MMLU_selected_subjects,isot_true_271,clean,0.612,28,397
2025-12-20 01:48:12,Qwen/Qwen3-8B,MMLU_selected_subjects,isot_true_72,chara,0.617,28,628
2025-12-20 01:52:29,Qwen/Qwen3-8B,MMLU_selected_subjects,isot_true_271,meani,0.611,28,397
2025-12-20 01:53:05,Qwen/Qwen3-8B,MMLU_selected_subjects,isot_true_720,clean,0.618,28,607
2025-12-20 01:57:06,Qwen/Qwen3-8B,MMLU_selected_subjects,isot_true_271,wordd,0.613,28,397
2025-12-20 01:57:59,Qwen/Qwen3-8B,MMLU_selected_subjects,isot_true_720,meani,0.595,28,607
2025-12-20 02:02:06,Qwen/Qwen3-8B,MMLU_selected_subjects,isot_true_271,chara,0.555,28,397
2025-12-20 02:02:53,Qwen/Qwen3-8B,MMLU_selected_subjects,isot_true_720,wordd,0.589,28,607
2025-12-20 02:06:43,Qwen/Qwen3-8B,MMLU_selected_subjects,isot_true_272,clean,0.603,28,439
2025-12-20 02:08:21,Qwen/Qwen3-8B,MMLU_selected_subjects,isot_true_720,chara,0.566,28,607
2025-12-20 02:11:19,Qwen/Qwen3-8B,MMLU_selected_subjects,isot_true_272,meani,0.613,28,439
2025-12-20 02:13:16,Qwen/Qwen3-8B,MMLU_selected_subjects,isot_true_721,clean,0.622,28,669
2025-12-20 02:15:56,Qwen/Qwen3-8B,MMLU_selected_subjects,isot_true_272,wordd,0.606,28,439
2025-12-20 02:18:10,Qwen/Qwen3-8B,MMLU_selected_subjects,isot_true_721,meani,0.604,28,669
2025-12-20 02:21:02,Qwen/Qwen3-8B,MMLU_selected_subjects,isot_true_272,chara,0.547,28,439
2025-12-20 02:23:04,Qwen/Qwen3-8B,MMLU_selected_subjects,isot_true_721,wordd,0.611,28,669
2025-12-20 02:25:47,Qwen/Qwen3-8B,MMLU_selected_subjects,isot_true_273,clean,0.611,28,461
2025-12-20 02:28:38,Qwen/Qwen3-8B,MMLU_selected_subjects,isot_true_721,chara,0.543,28,669
2025-12-20 02:30:33,Qwen/Qwen3-8B,MMLU_selected_subjects,isot_true_273,meani,0.616,28,461
2025-12-20 02:33:28,Qwen/Qwen3-8B,MMLU_selected_subjects,isot_true_722,clean,0.591,28,501
2025-12-20 02:35:17,Qwen/Qwen3-8B,MMLU_selected_subjects,isot_true_273,wordd,0.608,28,461
2025-12-20 02:38:17,Qwen/Qwen3-8B,MMLU_selected_subjects,isot_true_722,meani,0.612,28,501
2025-12-20 02:40:30,Qwen/Qwen3-8B,MMLU_selected_subjects,isot_true_273,chara,0.573,28,461
2025-12-20 02:43:06,Qwen/Qwen3-8B,MMLU_selected_subjects,isot_true_722,wordd,0.589,28,501
2025-12-20 02:45:13,Qwen/Qwen3-8B,MMLU_selected_subjects,isot_true_274,clean,0.595,28,456
2025-12-20 02:48:24,Qwen/Qwen3-8B,MMLU_selected_subjects,isot_true_722,chara,0.568,28,501
2025-12-20 02:49:55,Qwen/Qwen3-8B,MMLU_selected_subjects,isot_true_274,meani,0.608,28,456
2025-12-20 02:53:16,Qwen/Qwen3-8B,MMLU_selected_subjects,isot_true_723,clean,0.603,28,502
2025-12-20 02:54:36,Qwen/Qwen3-8B,MMLU_selected_subjects,isot_true_274,wordd,0.601,28,456
2025-12-20 02:58:08,Qwen/Qwen3-8B,MMLU_selected_subjects,isot_true_723,meani,0.594,28,502
2025-12-20 02:59:46,Qwen/Qwen3-8B,MMLU_selected_subjects,isot_true_274,chara,0.532,28,456
2025-12-20 03:02:59,Qwen/Qwen3-8B,MMLU_selected_subjects,isot_true_723,wordd,0.601,28,502
2025-12-20 03:04:19,Qwen/Qwen3-8B,MMLU_selected_subjects,isot_true_275,clean,0.583,28,266
2025-12-20 03:08:21,Qwen/Qwen3-8B,MMLU_selected_subjects,isot_true_723,chara,0.546,28,502
2025-12-20 03:08:52,Qwen/Qwen3-8B,MMLU_selected_subjects,isot_true_275,meani,0.625,28,266
2025-12-20 03:13:19,Qwen/Qwen3-8B,MMLU_selected_subjects,isot_true_724,clean,0.596,28,687
2025-12-20 03:13:24,Qwen/Qwen3-8B,MMLU_selected_subjects,isot_true_275,wordd,0.589,28,266
2025-12-20 03:18:09,Qwen/Qwen3-8B,MMLU_selected_subjects,isot_true_275,chara,0.532,28,266
2025-12-20 03:18:15,Qwen/Qwen3-8B,MMLU_selected_subjects,isot_true_724,meani,0.598,28,687
2025-12-20 03:23:12,Qwen/Qwen3-8B,MMLU_selected_subjects,isot_true_724,wordd,0.58,28,687
2025-12-20 03:23:13,Qwen/Qwen3-8B,MMLU_selected_subjects,isot_true_276,clean,0.591,28,775
2025-12-20 03:28:08,Qwen/Qwen3-8B,MMLU_selected_subjects,isot_true_276,meani,0.59,28,775
2025-12-20 03:28:47,Qwen/Qwen3-8B,MMLU_selected_subjects,isot_true_724,chara,0.523,28,687
2025-12-20 03:33:03,Qwen/Qwen3-8B,MMLU_selected_subjects,isot_true_276,wordd,0.585,28,775
2025-12-20 03:33:38,Qwen/Qwen3-8B,MMLU_selected_subjects,isot_true_725,clean,0.574,28,625
2025-12-20 03:38:29,Qwen/Qwen3-8B,MMLU_selected_subjects,isot_true_725,meani,0.569,28,625
2025-12-20 03:38:47,Qwen/Qwen3-8B,MMLU_selected_subjects,isot_true_276,chara,0.567,28,775
2025-12-20 03:43:18,Qwen/Qwen3-8B,MMLU_selected_subjects,isot_true_725,wordd,0.559,28,625
2025-12-20 03:43:27,Qwen/Qwen3-8B,MMLU_selected_subjects,isot_true_277,clean,0.612,28,461
2025-12-20 03:48:09,Qwen/Qwen3-8B,MMLU_selected_subjects,isot_true_277,meani,0.624,28,461
2025-12-20 03:48:48,Qwen/Qwen3-8B,MMLU_selected_subjects,isot_true_725,chara,0.529,28,625
2025-12-20 03:52:47,Qwen/Qwen3-8B,MMLU_selected_subjects,isot_true_277,wordd,0.605,28,461
2025-12-20 03:53:30,Qwen/Qwen3-8B,MMLU_selected_subjects,isot_true_726,clean,0.593,28,427
2025-12-20 03:57:59,Qwen/Qwen3-8B,MMLU_selected_subjects,isot_true_277,chara,0.544,28,461
2025-12-20 03:58:13,Qwen/Qwen3-8B,MMLU_selected_subjects,isot_true_726,meani,0.607,28,427
2025-12-20 04:02:37,Qwen/Qwen3-8B,MMLU_selected_subjects,isot_true_278,clean,0.613,28,457
2025-12-20 04:02:57,Qwen/Qwen3-8B,MMLU_selected_subjects,isot_true_726,wordd,0.595,28,427
2025-12-20 04:07:17,Qwen/Qwen3-8B,MMLU_selected_subjects,isot_true_278,meani,0.604,28,457
2025-12-20 04:08:05,Qwen/Qwen3-8B,MMLU_selected_subjects,isot_true_726,chara,0.554,28,427
2025-12-20 04:11:56,Qwen/Qwen3-8B,MMLU_selected_subjects,isot_true_278,wordd,0.61,28,457
2025-12-20 04:13:05,Qwen/Qwen3-8B,MMLU_selected_subjects,isot_true_727,clean,0.619,28,792
2025-12-20 04:17:05,Qwen/Qwen3-8B,MMLU_selected_subjects,isot_true_278,chara,0.565,28,457
2025-12-20 04:18:04,Qwen/Qwen3-8B,MMLU_selected_subjects,isot_true_727,meani,0.615,28,792
2025-12-20 04:21:40,Qwen/Qwen3-8B,MMLU_selected_subjects,isot_true_279,clean,0.604,28,400
2025-12-20 04:23:02,Qwen/Qwen3-8B,MMLU_selected_subjects,isot_true_727,wordd,0.584,28,792
2025-12-20 04:26:19,Qwen/Qwen3-8B,MMLU_selected_subjects,isot_true_279,meani,0.602,28,400
2025-12-20 04:28:49,Qwen/Qwen3-8B,MMLU_selected_subjects,isot_true_727,chara,0.59,28,792
2025-12-20 04:30:57,Qwen/Qwen3-8B,MMLU_selected_subjects,isot_true_279,wordd,0.607,28,400
2025-12-20 04:33:24,Qwen/Qwen3-8B,MMLU_selected_subjects,isot_true_728,clean,0.606,28,268
2025-12-20 04:36:00,Qwen/Qwen3-8B,MMLU_selected_subjects,isot_true_279,chara,0.514,28,400
2025-12-20 04:37:58,Qwen/Qwen3-8B,MMLU_selected_subjects,isot_true_728,meani,0.592,28,268
2025-12-20 04:40:34,Qwen/Qwen3-8B,MMLU_selected_subjects,isot_true_28,clean,0.623,28,380
2025-12-20 04:42:34,Qwen/Qwen3-8B,MMLU_selected_subjects,isot_true_728,wordd,0.595,28,268
2025-12-20 04:45:09,Qwen/Qwen3-8B,MMLU_selected_subjects,isot_true_28,meani,0.606,28,380
2025-12-20 04:47:24,Qwen/Qwen3-8B,MMLU_selected_subjects,isot_true_728,chara,0.55,28,268
2025-12-20 04:49:42,Qwen/Qwen3-8B,MMLU_selected_subjects,isot_true_28,wordd,0.586,28,380
2025-12-20 04:52:04,Qwen/Qwen3-8B,MMLU_selected_subjects,isot_true_729,clean,0.618,28,474
2025-12-20 04:54:40,Qwen/Qwen3-8B,MMLU_selected_subjects,isot_true_28,chara,0.555,28,380
2025-12-20 04:56:44,Qwen/Qwen3-8B,MMLU_selected_subjects,isot_true_729,meani,0.63,28,474
2025-12-20 04:59:23,Qwen/Qwen3-8B,MMLU_selected_subjects,isot_true_280,clean,0.61,28,562
2025-12-20 05:01:24,Qwen/Qwen3-8B,MMLU_selected_subjects,isot_true_729,wordd,0.603,28,474
2025-12-20 05:04:05,Qwen/Qwen3-8B,MMLU_selected_subjects,isot_true_280,meani,0.618,28,562
2025-12-20 05:06:36,Qwen/Qwen3-8B,MMLU_selected_subjects,isot_true_729,chara,0.544,28,474
2025-12-20 05:08:45,Qwen/Qwen3-8B,MMLU_selected_subjects,isot_true_280,wordd,0.606,28,562
2025-12-20 05:11:19,Qwen/Qwen3-8B,MMLU_selected_subjects,isot_true_73,clean,0.606,28,457
2025-12-20 05:14:05,Qwen/Qwen3-8B,MMLU_selected_subjects,isot_true_280,chara,0.545,28,562
2025-12-20 05:16:02,Qwen/Qwen3-8B,MMLU_selected_subjects,isot_true_73,meani,0.616,28,457
2025-12-20 05:18:45,Qwen/Qwen3-8B,MMLU_selected_subjects,isot_true_281,clean,0.615,28,578
2025-12-20 05:20:45,Qwen/Qwen3-8B,MMLU_selected_subjects,isot_true_73,wordd,0.608,28,457
2025-12-20 05:23:29,Qwen/Qwen3-8B,MMLU_selected_subjects,isot_true_281,meani,0.609,28,578
2025-12-20 05:25:56,Qwen/Qwen3-8B,MMLU_selected_subjects,isot_true_73,chara,0.561,28,457
2025-12-20 05:28:15,Qwen/Qwen3-8B,MMLU_selected_subjects,isot_true_281,wordd,0.58,28,578
2025-12-20 05:30:40,Qwen/Qwen3-8B,MMLU_selected_subjects,isot_true_730,clean,0.599,28,522
2025-12-20 05:33:36,Qwen/Qwen3-8B,MMLU_selected_subjects,isot_true_281,chara,0.563,28,578
2025-12-20 05:35:23,Qwen/Qwen3-8B,MMLU_selected_subjects,isot_true_730,meani,0.59,28,522
2025-12-20 05:38:19,Qwen/Qwen3-8B,MMLU_selected_subjects,isot_true_282,clean,0.604,28,554
2025-12-20 05:40:07,Qwen/Qwen3-8B,MMLU_selected_subjects,isot_true_730,wordd,0.59,28,522
2025-12-20 05:43:04,Qwen/Qwen3-8B,MMLU_selected_subjects,isot_true_282,meani,0.595,28,554
2025-12-20 05:45:23,Qwen/Qwen3-8B,MMLU_selected_subjects,isot_true_730,chara,0.545,28,522
2025-12-20 05:47:50,Qwen/Qwen3-8B,MMLU_selected_subjects,isot_true_282,wordd,0.621,28,554
2025-12-20 05:50:08,Qwen/Qwen3-8B,MMLU_selected_subjects,isot_true_731,clean,0.599,28,468
2025-12-20 05:53:09,Qwen/Qwen3-8B,MMLU_selected_subjects,isot_true_282,chara,0.565,28,554
2025-12-20 05:54:54,Qwen/Qwen3-8B,MMLU_selected_subjects,isot_true_731,meani,0.596,28,468
2025-12-20 05:57:54,Qwen/Qwen3-8B,MMLU_selected_subjects,isot_true_283,clean,0.61,28,575
2025-12-20 05:59:40,Qwen/Qwen3-8B,MMLU_selected_subjects,isot_true_731,wordd,0.574,28,468
2025-12-20 06:02:38,Qwen/Qwen3-8B,MMLU_selected_subjects,isot_true_283,meani,0.616,28,575
2025-12-20 06:04:52,Qwen/Qwen3-8B,MMLU_selected_subjects,isot_true_731,chara,0.538,28,468
2025-12-20 06:07:25,Qwen/Qwen3-8B,MMLU_selected_subjects,isot_true_283,wordd,0.594,28,575
2025-12-20 06:09:38,Qwen/Qwen3-8B,MMLU_selected_subjects,isot_true_732,clean,0.605,28,472
2025-12-20 06:12:44,Qwen/Qwen3-8B,MMLU_selected_subjects,isot_true_283,chara,0.555,28,575
2025-12-20 06:14:23,Qwen/Qwen3-8B,MMLU_selected_subjects,isot_true_732,meani,0.595,28,472
2025-12-20 06:17:33,Qwen/Qwen3-8B,MMLU_selected_subjects,isot_true_284,clean,0.614,28,559
2025-12-20 06:19:08,Qwen/Qwen3-8B,MMLU_selected_subjects,isot_true_732,wordd,0.58,28,472
2025-12-20 06:22:16,Qwen/Qwen3-8B,MMLU_selected_subjects,isot_true_284,meani,0.609,28,559
2025-12-20 06:24:21,Qwen/Qwen3-8B,MMLU_selected_subjects,isot_true_732,chara,0.566,28,472
2025-12-20 06:27:02,Qwen/Qwen3-8B,MMLU_selected_subjects,isot_true_284,wordd,0.585,28,559
2025-12-20 06:29:08,Qwen/Qwen3-8B,MMLU_selected_subjects,isot_true_733,clean,0.587,28,525
2025-12-20 06:32:19,Qwen/Qwen3-8B,MMLU_selected_subjects,isot_true_284,chara,0.572,28,559
2025-12-20 06:33:55,Qwen/Qwen3-8B,MMLU_selected_subjects,isot_true_733,meani,0.602,28,525
2025-12-20 06:36:57,Qwen/Qwen3-8B,MMLU_selected_subjects,isot_true_285,clean,0.604,28,426
2025-12-20 06:38:40,Qwen/Qwen3-8B,MMLU_selected_subjects,isot_true_733,wordd,0.59,28,525
2025-12-20 06:41:35,Qwen/Qwen3-8B,MMLU_selected_subjects,isot_true_285,meani,0.601,28,426
2025-12-20 06:43:59,Qwen/Qwen3-8B,MMLU_selected_subjects,isot_true_733,chara,0.537,28,525
2025-12-20 06:46:15,Qwen/Qwen3-8B,MMLU_selected_subjects,isot_true_285,wordd,0.611,28,426
2025-12-20 06:48:51,Qwen/Qwen3-8B,MMLU_selected_subjects,isot_true_734,clean,0.574,28,672
2025-12-20 06:51:25,Qwen/Qwen3-8B,MMLU_selected_subjects,isot_true_285,chara,0.541,28,426
2025-12-20 06:53:42,Qwen/Qwen3-8B,MMLU_selected_subjects,isot_true_734,meani,0.598,28,672
2025-12-20 06:55:59,Qwen/Qwen3-8B,MMLU_selected_subjects,isot_true_286,clean,0.597,28,302
2025-12-20 06:58:34,Qwen/Qwen3-8B,MMLU_selected_subjects,isot_true_734,wordd,0.574,28,672
2025-12-20 07:00:31,Qwen/Qwen3-8B,MMLU_selected_subjects,isot_true_286,meani,0.596,28,302
2025-12-20 07:04:09,Qwen/Qwen3-8B,MMLU_selected_subjects,isot_true_734,chara,0.535,28,672
2025-12-20 07:05:06,Qwen/Qwen3-8B,MMLU_selected_subjects,isot_true_286,wordd,0.596,28,302
2025-12-20 07:08:47,Qwen/Qwen3-8B,MMLU_selected_subjects,isot_true_735,clean,0.6,28,380
2025-12-20 07:09:56,Qwen/Qwen3-8B,MMLU_selected_subjects,isot_true_286,chara,0.522,28,302
2025-12-20 07:13:26,Qwen/Qwen3-8B,MMLU_selected_subjects,isot_true_735,meani,0.595,28,380
2025-12-20 07:14:36,Qwen/Qwen3-8B,MMLU_selected_subjects,isot_true_287,clean,0.624,28,431
2025-12-20 07:18:04,Qwen/Qwen3-8B,MMLU_selected_subjects,isot_true_735,wordd,0.601,28,380
2025-12-20 07:19:17,Qwen/Qwen3-8B,MMLU_selected_subjects,isot_true_287,meani,0.612,28,431
2025-12-20 07:23:08,Qwen/Qwen3-8B,MMLU_selected_subjects,isot_true_735,chara,0.562,28,380
2025-12-20 07:24:00,Qwen/Qwen3-8B,MMLU_selected_subjects,isot_true_287,wordd,0.588,28,431
2025-12-20 07:27:43,Qwen/Qwen3-8B,MMLU_selected_subjects,isot_true_736,clean,0.589,28,297
2025-12-20 07:29:07,Qwen/Qwen3-8B,MMLU_selected_subjects,isot_true_287,chara,0.539,28,431
2025-12-20 07:32:18,Qwen/Qwen3-8B,MMLU_selected_subjects,isot_true_736,meani,0.599,28,297
2025-12-20 07:34:05,Qwen/Qwen3-8B,MMLU_selected_subjects,isot_true_288,clean,0.615,28,750
2025-12-20 07:36:53,Qwen/Qwen3-8B,MMLU_selected_subjects,isot_true_736,wordd,0.589,28,297
2025-12-20 07:38:59,Qwen/Qwen3-8B,MMLU_selected_subjects,isot_true_288,meani,0.609,28,750
2025-12-20 07:41:47,Qwen/Qwen3-8B,MMLU_selected_subjects,isot_true_736,chara,0.544,28,297
2025-12-20 07:43:54,Qwen/Qwen3-8B,MMLU_selected_subjects,isot_true_288,wordd,0.609,28,750
2025-12-20 07:46:42,Qwen/Qwen3-8B,MMLU_selected_subjects,isot_true_737,clean,0.617,28,656
2025-12-20 07:49:36,Qwen/Qwen3-8B,MMLU_selected_subjects,isot_true_288,chara,0.55,28,750
2025-12-20 07:51:37,Qwen/Qwen3-8B,MMLU_selected_subjects,isot_true_737,meani,0.616,28,656
2025-12-20 07:54:10,Qwen/Qwen3-8B,MMLU_selected_subjects,isot_true_289,clean,0.603,28,321
2025-12-20 07:56:31,Qwen/Qwen3-8B,MMLU_selected_subjects,isot_true_737,wordd,0.593,28,656
2025-12-20 07:58:42,Qwen/Qwen3-8B,MMLU_selected_subjects,isot_true_289,meani,0.6,28,321
2025-12-20 08:02:03,Qwen/Qwen3-8B,MMLU_selected_subjects,isot_true_737,chara,0.57,28,656
2025-12-20 08:03:14,Qwen/Qwen3-8B,MMLU_selected_subjects,isot_true_289,wordd,0.614,28,321
2025-12-20 08:06:43,Qwen/Qwen3-8B,MMLU_selected_subjects,isot_true_738,clean,0.593,28,424
2025-12-20 08:08:09,Qwen/Qwen3-8B,MMLU_selected_subjects,isot_true_289,chara,0.578,28,321
2025-12-20 08:11:25,Qwen/Qwen3-8B,MMLU_selected_subjects,isot_true_738,meani,0.603,28,424
2025-12-20 08:12:53,Qwen/Qwen3-8B,MMLU_selected_subjects,isot_true_29,clean,0.587,28,541
2025-12-20 08:16:06,Qwen/Qwen3-8B,MMLU_selected_subjects,isot_true_738,wordd,0.592,28,424
2025-12-20 08:17:35,Qwen/Qwen3-8B,MMLU_selected_subjects,isot_true_29,meani,0.603,28,541
2025-12-20 08:21:12,Qwen/Qwen3-8B,MMLU_selected_subjects,isot_true_738,chara,0.556,28,424
2025-12-20 08:22:15,Qwen/Qwen3-8B,MMLU_selected_subjects,isot_true_29,wordd,0.588,28,541
2025-12-20 08:26:06,Qwen/Qwen3-8B,MMLU_selected_subjects,isot_true_739,clean,0.599,28,611
2025-12-20 08:27:31,Qwen/Qwen3-8B,MMLU_selected_subjects,isot_true_29,chara,0.544,28,541
2025-12-20 08:31:01,Qwen/Qwen3-8B,MMLU_selected_subjects,isot_true_739,meani,0.597,28,611
2025-12-20 08:32:13,Qwen/Qwen3-8B,MMLU_selected_subjects,isot_true_290,clean,0.62,28,573
2025-12-20 08:35:56,Qwen/Qwen3-8B,MMLU_selected_subjects,isot_true_739,wordd,0.588,28,611
2025-12-20 08:36:57,Qwen/Qwen3-8B,MMLU_selected_subjects,isot_true_290,meani,0.614,28,573
2025-12-20 08:41:23,Qwen/Qwen3-8B,MMLU_selected_subjects,isot_true_739,chara,0.518,28,611
2025-12-20 08:41:41,Qwen/Qwen3-8B,MMLU_selected_subjects,isot_true_290,wordd,0.608,28,573
2025-12-20 08:45:53,Qwen/Qwen3-8B,MMLU_selected_subjects,isot_true_74,clean,0.625,28,226
2025-12-20 08:47:02,Qwen/Qwen3-8B,MMLU_selected_subjects,isot_true_290,chara,0.584,28,573
2025-12-20 08:50:24,Qwen/Qwen3-8B,MMLU_selected_subjects,isot_true_74,meani,0.599,28,226
2025-12-20 08:51:48,Qwen/Qwen3-8B,MMLU_selected_subjects,isot_true_291,clean,0.584,28,445
2025-12-20 08:54:53,Qwen/Qwen3-8B,MMLU_selected_subjects,isot_true_74,wordd,0.603,28,226
2025-12-20 08:56:35,Qwen/Qwen3-8B,MMLU_selected_subjects,isot_true_291,meani,0.596,28,445
2025-12-20 08:59:37,Qwen/Qwen3-8B,MMLU_selected_subjects,isot_true_74,chara,0.547,28,226
2025-12-20 09:01:18,Qwen/Qwen3-8B,MMLU_selected_subjects,isot_true_291,wordd,0.591,28,445
2025-12-20 09:04:17,Qwen/Qwen3-8B,MMLU_selected_subjects,isot_true_740,clean,0.589,28,401
2025-12-20 09:06:23,Qwen/Qwen3-8B,MMLU_selected_subjects,isot_true_291,chara,0.564,28,445
2025-12-20 09:08:56,Qwen/Qwen3-8B,MMLU_selected_subjects,isot_true_740,meani,0.579,28,401
2025-12-20 09:11:06,Qwen/Qwen3-8B,MMLU_selected_subjects,isot_true_292,clean,0.615,28,462
2025-12-20 09:13:35,Qwen/Qwen3-8B,MMLU_selected_subjects,isot_true_740,wordd,0.582,28,401
2025-12-20 09:15:51,Qwen/Qwen3-8B,MMLU_selected_subjects,isot_true_292,meani,0.615,28,462
2025-12-20 09:18:40,Qwen/Qwen3-8B,MMLU_selected_subjects,isot_true_740,chara,0.548,28,401
2025-12-20 09:20:32,Qwen/Qwen3-8B,MMLU_selected_subjects,isot_true_292,wordd,0.587,28,462
2025-12-20 09:23:31,Qwen/Qwen3-8B,MMLU_selected_subjects,isot_true_741,clean,0.603,28,625
2025-12-20 09:25:42,Qwen/Qwen3-8B,MMLU_selected_subjects,isot_true_292,chara,0.546,28,462
2025-12-20 09:28:22,Qwen/Qwen3-8B,MMLU_selected_subjects,isot_true_741,meani,0.581,28,625
2025-12-20 09:30:27,Qwen/Qwen3-8B,MMLU_selected_subjects,isot_true_293,clean,0.615,28,547
2025-12-20 09:33:13,Qwen/Qwen3-8B,MMLU_selected_subjects,isot_true_741,wordd,0.529,28,625
2025-12-20 09:35:10,Qwen/Qwen3-8B,MMLU_selected_subjects,isot_true_293,meani,0.63,28,547
2025-12-20 09:38:40,Qwen/Qwen3-8B,MMLU_selected_subjects,isot_true_741,chara,0.52,28,625
2025-12-20 09:39:56,Qwen/Qwen3-8B,MMLU_selected_subjects,isot_true_293,wordd,0.573,28,547
2025-12-20 09:43:29,Qwen/Qwen3-8B,MMLU_selected_subjects,isot_true_742,clean,0.605,28,457
2025-12-20 09:45:17,Qwen/Qwen3-8B,MMLU_selected_subjects,isot_true_293,chara,0.555,28,547
2025-12-20 09:48:16,Qwen/Qwen3-8B,MMLU_selected_subjects,isot_true_742,meani,0.614,28,457
2025-12-20 09:50:04,Qwen/Qwen3-8B,MMLU_selected_subjects,isot_true_294,clean,0.605,28,676
2025-12-20 09:53:04,Qwen/Qwen3-8B,MMLU_selected_subjects,isot_true_742,wordd,0.581,28,457
2025-12-20 09:54:50,Qwen/Qwen3-8B,MMLU_selected_subjects,isot_true_294,meani,0.606,28,676
2025-12-20 09:58:19,Qwen/Qwen3-8B,MMLU_selected_subjects,isot_true_742,chara,0.556,28,457
2025-12-20 09:59:34,Qwen/Qwen3-8B,MMLU_selected_subjects,isot_true_294,wordd,0.595,28,676
2025-12-20 10:03:01,Qwen/Qwen3-8B,MMLU_selected_subjects,isot_true_743,clean,0.581,28,446
2025-12-20 10:05:07,Qwen/Qwen3-8B,MMLU_selected_subjects,isot_true_294,chara,0.585,28,676
2025-12-20 10:07:44,Qwen/Qwen3-8B,MMLU_selected_subjects,isot_true_743,meani,0.59,28,446
2025-12-20 10:09:55,Qwen/Qwen3-8B,MMLU_selected_subjects,isot_true_295,clean,0.613,28,499
2025-12-20 10:12:25,Qwen/Qwen3-8B,MMLU_selected_subjects,isot_true_743,wordd,0.569,28,446
2025-12-20 10:14:38,Qwen/Qwen3-8B,MMLU_selected_subjects,isot_true_295,meani,0.611,28,499
2025-12-20 10:17:36,Qwen/Qwen3-8B,MMLU_selected_subjects,isot_true_743,chara,0.546,28,446
2025-12-20 10:19:22,Qwen/Qwen3-8B,MMLU_selected_subjects,isot_true_295,wordd,0.605,28,499
2025-12-20 10:22:14,Qwen/Qwen3-8B,MMLU_selected_subjects,isot_true_744,clean,0.618,28,316
2025-12-20 10:24:34,Qwen/Qwen3-8B,MMLU_selected_subjects,isot_true_295,chara,0.538,28,499
2025-12-20 10:26:50,Qwen/Qwen3-8B,MMLU_selected_subjects,isot_true_744,meani,0.618,28,316
2025-12-20 10:29:28,Qwen/Qwen3-8B,MMLU_selected_subjects,isot_true_296,clean,0.628,28,715
2025-12-20 10:31:26,Qwen/Qwen3-8B,MMLU_selected_subjects,isot_true_744,wordd,0.592,28,316
2025-12-20 10:34:31,Qwen/Qwen3-8B,MMLU_selected_subjects,isot_true_296,meani,0.614,28,715
2025-12-20 10:36:22,Qwen/Qwen3-8B,MMLU_selected_subjects,isot_true_744,chara,0.576,28,316
2025-12-20 10:39:28,Qwen/Qwen3-8B,MMLU_selected_subjects,isot_true_296,wordd,0.613,28,715
2025-12-20 10:41:05,Qwen/Qwen3-8B,MMLU_selected_subjects,isot_true_745,clean,0.607,28,521
2025-12-20 10:45:07,Qwen/Qwen3-8B,MMLU_selected_subjects,isot_true_296,chara,0.531,28,715
2025-12-20 10:45:49,Qwen/Qwen3-8B,MMLU_selected_subjects,isot_true_745,meani,0.602,28,521
2025-12-20 10:50:01,Qwen/Qwen3-8B,MMLU_selected_subjects,isot_true_297,clean,0.585,28,701
2025-12-20 10:50:31,Qwen/Qwen3-8B,MMLU_selected_subjects,isot_true_745,wordd,0.6,28,521
2025-12-20 10:54:48,Qwen/Qwen3-8B,MMLU_selected_subjects,isot_true_297,meani,0.587,28,701
2025-12-20 10:55:51,Qwen/Qwen3-8B,MMLU_selected_subjects,isot_true_745,chara,0.526,28,521
2025-12-20 10:59:41,Qwen/Qwen3-8B,MMLU_selected_subjects,isot_true_297,wordd,0.586,28,701
2025-12-20 11:00:45,Qwen/Qwen3-8B,MMLU_selected_subjects,isot_true_746,clean,0.592,28,718
2025-12-20 11:05:18,Qwen/Qwen3-8B,MMLU_selected_subjects,isot_true_297,chara,0.532,28,701
2025-12-20 11:05:39,Qwen/Qwen3-8B,MMLU_selected_subjects,isot_true_746,meani,0.6,28,718
2025-12-20 11:10:06,Qwen/Qwen3-8B,MMLU_selected_subjects,isot_true_298,clean,0.6,28,435
2025-12-20 11:10:33,Qwen/Qwen3-8B,MMLU_selected_subjects,isot_true_746,wordd,0.619,28,718
2025-12-20 11:14:45,Qwen/Qwen3-8B,MMLU_selected_subjects,isot_true_298,meani,0.586,28,435
2025-12-20 11:16:13,Qwen/Qwen3-8B,MMLU_selected_subjects,isot_true_746,chara,0.555,28,718
2025-12-20 11:19:25,Qwen/Qwen3-8B,MMLU_selected_subjects,isot_true_298,wordd,0.564,28,435
2025-12-20 11:20:46,Qwen/Qwen3-8B,MMLU_selected_subjects,isot_true_747,clean,0.603,28,214
2025-12-20 11:24:40,Qwen/Qwen3-8B,MMLU_selected_subjects,isot_true_298,chara,0.562,28,435
2025-12-20 11:25:18,Qwen/Qwen3-8B,MMLU_selected_subjects,isot_true_747,meani,0.597,28,214
2025-12-20 11:29:18,Qwen/Qwen3-8B,MMLU_selected_subjects,isot_true_299,clean,0.592,28,460
2025-12-20 11:29:50,Qwen/Qwen3-8B,MMLU_selected_subjects,isot_true_747,wordd,0.615,28,214
2025-12-20 11:33:56,Qwen/Qwen3-8B,MMLU_selected_subjects,isot_true_299,meani,0.617,28,460
2025-12-20 11:34:34,Qwen/Qwen3-8B,MMLU_selected_subjects,isot_true_747,chara,0.552,28,214
2025-12-20 11:38:41,Qwen/Qwen3-8B,MMLU_selected_subjects,isot_true_299,wordd,0.593,28,460
2025-12-20 11:39:16,Qwen/Qwen3-8B,MMLU_selected_subjects,isot_true_748,clean,0.591,28,440
2025-12-20 11:43:55,Qwen/Qwen3-8B,MMLU_selected_subjects,isot_true_299,chara,0.541,28,460
2025-12-20 11:43:58,Qwen/Qwen3-8B,MMLU_selected_subjects,isot_true_748,meani,0.578,28,440
2025-12-20 11:48:30,Qwen/Qwen3-8B,MMLU_selected_subjects,isot_true_3,clean,0.591,28,359
2025-12-20 11:48:39,Qwen/Qwen3-8B,MMLU_selected_subjects,isot_true_748,wordd,0.57,28,440
2025-12-20 11:53:12,Qwen/Qwen3-8B,MMLU_selected_subjects,isot_true_3,meani,0.6,28,359
2025-12-20 11:53:47,Qwen/Qwen3-8B,MMLU_selected_subjects,isot_true_748,chara,0.539,28,440
2025-12-20 11:57:49,Qwen/Qwen3-8B,MMLU_selected_subjects,isot_true_3,wordd,0.597,28,359
2025-12-20 11:58:25,Qwen/Qwen3-8B,MMLU_selected_subjects,isot_true_749,clean,0.602,28,298
2025-12-20 12:02:47,Qwen/Qwen3-8B,MMLU_selected_subjects,isot_true_3,chara,0.524,28,359
2025-12-20 12:03:04,Qwen/Qwen3-8B,MMLU_selected_subjects,isot_true_749,meani,0.611,28,298
2025-12-20 12:07:31,Qwen/Qwen3-8B,MMLU_selected_subjects,isot_true_30,clean,0.61,28,605
2025-12-20 12:07:42,Qwen/Qwen3-8B,MMLU_selected_subjects,isot_true_749,wordd,0.596,28,298
2025-12-20 12:12:13,Qwen/Qwen3-8B,MMLU_selected_subjects,isot_true_30,meani,0.583,28,605
2025-12-20 12:12:35,Qwen/Qwen3-8B,MMLU_selected_subjects,isot_true_749,chara,0.546,28,298
2025-12-20 12:16:55,Qwen/Qwen3-8B,MMLU_selected_subjects,isot_true_30,wordd,0.588,28,605
2025-12-20 12:17:26,Qwen/Qwen3-8B,MMLU_selected_subjects,isot_true_75,clean,0.592,28,651
2025-12-20 12:22:16,Qwen/Qwen3-8B,MMLU_selected_subjects,isot_true_30,chara,0.54,28,605
2025-12-20 12:22:18,Qwen/Qwen3-8B,MMLU_selected_subjects,isot_true_75,meani,0.602,28,651
2025-12-20 12:26:53,Qwen/Qwen3-8B,MMLU_selected_subjects,isot_true_300,clean,0.565,28,439
2025-12-20 12:27:08,Qwen/Qwen3-8B,MMLU_selected_subjects,isot_true_75,wordd,0.568,28,651
2025-12-20 12:31:29,Qwen/Qwen3-8B,MMLU_selected_subjects,isot_true_300,meani,0.591,28,439
2025-12-20 12:32:40,Qwen/Qwen3-8B,MMLU_selected_subjects,isot_true_75,chara,0.553,28,651
2025-12-20 12:36:06,Qwen/Qwen3-8B,MMLU_selected_subjects,isot_true_300,wordd,0.565,28,439
2025-12-20 12:37:36,Qwen/Qwen3-8B,MMLU_selected_subjects,isot_true_750,clean,0.598,28,661
2025-12-20 12:41:09,Qwen/Qwen3-8B,MMLU_selected_subjects,isot_true_300,chara,0.536,28,439
2025-12-20 12:42:29,Qwen/Qwen3-8B,MMLU_selected_subjects,isot_true_750,meani,0.587,28,661
2025-12-20 12:45:55,Qwen/Qwen3-8B,MMLU_selected_subjects,isot_true_301,clean,0.62,28,630
2025-12-20 12:47:23,Qwen/Qwen3-8B,MMLU_selected_subjects,isot_true_750,wordd,0.593,28,661
2025-12-20 12:50:42,Qwen/Qwen3-8B,MMLU_selected_subjects,isot_true_301,meani,0.637,28,630
2025-12-20 12:52:57,Qwen/Qwen3-8B,MMLU_selected_subjects,isot_true_750,chara,0.569,28,661
2025-12-20 12:55:28,Qwen/Qwen3-8B,MMLU_selected_subjects,isot_true_301,wordd,0.613,28,630
2025-12-20 12:57:52,Qwen/Qwen3-8B,MMLU_selected_subjects,isot_true_751,clean,0.609,28,555
2025-12-20 13:00:55,Qwen/Qwen3-8B,MMLU_selected_subjects,isot_true_301,chara,0.57,28,630
2025-12-20 13:02:45,Qwen/Qwen3-8B,MMLU_selected_subjects,isot_true_751,meani,0.6,28,555
2025-12-20 13:05:35,Qwen/Qwen3-8B,MMLU_selected_subjects,isot_true_302,clean,0.626,28,432
2025-12-20 13:07:39,Qwen/Qwen3-8B,MMLU_selected_subjects,isot_true_751,wordd,0.59,28,555
2025-12-20 13:10:21,Qwen/Qwen3-8B,MMLU_selected_subjects,isot_true_302,meani,0.623,28,432
2025-12-20 13:13:01,Qwen/Qwen3-8B,MMLU_selected_subjects,isot_true_751,chara,0.538,28,555
2025-12-20 13:15:01,Qwen/Qwen3-8B,MMLU_selected_subjects,isot_true_302,wordd,0.591,28,432
2025-12-20 13:17:41,Qwen/Qwen3-8B,MMLU_selected_subjects,isot_true_752,clean,0.626,28,420
2025-12-20 13:20:07,Qwen/Qwen3-8B,MMLU_selected_subjects,isot_true_302,chara,0.587,28,432
2025-12-20 13:22:20,Qwen/Qwen3-8B,MMLU_selected_subjects,isot_true_752,meani,0.599,28,420
2025-12-20 13:24:48,Qwen/Qwen3-8B,MMLU_selected_subjects,isot_true_303,clean,0.601,28,410
2025-12-20 13:26:58,Qwen/Qwen3-8B,MMLU_selected_subjects,isot_true_752,wordd,0.611,28,420
2025-12-20 13:29:24,Qwen/Qwen3-8B,MMLU_selected_subjects,isot_true_303,meani,0.619,28,410
2025-12-20 13:32:04,Qwen/Qwen3-8B,MMLU_selected_subjects,isot_true_752,chara,0.564,28,420
2025-12-20 13:34:06,Qwen/Qwen3-8B,MMLU_selected_subjects,isot_true_303,wordd,0.59,28,410
2025-12-20 13:36:47,Qwen/Qwen3-8B,MMLU_selected_subjects,isot_true_753,clean,0.589,28,390
2025-12-20 13:39:11,Qwen/Qwen3-8B,MMLU_selected_subjects,isot_true_303,chara,0.541,28,410
2025-12-20 13:41:28,Qwen/Qwen3-8B,MMLU_selected_subjects,isot_true_753,meani,0.586,28,390
2025-12-20 13:44:18,Qwen/Qwen3-8B,MMLU_selected_subjects,isot_true_304,clean,0.628,28,729
2025-12-20 13:46:10,Qwen/Qwen3-8B,MMLU_selected_subjects,isot_true_753,wordd,0.587,28,390
2025-12-20 13:49:21,Qwen/Qwen3-8B,MMLU_selected_subjects,isot_true_304,meani,0.589,28,729
2025-12-20 13:51:12,Qwen/Qwen3-8B,MMLU_selected_subjects,isot_true_753,chara,0.544,28,390
2025-12-20 13:54:28,Qwen/Qwen3-8B,MMLU_selected_subjects,isot_true_304,wordd,0.593,28,729
2025-12-20 13:56:03,Qwen/Qwen3-8B,MMLU_selected_subjects,isot_true_754,clean,0.619,28,538
2025-12-20 14:00:14,Qwen/Qwen3-8B,MMLU_selected_subjects,isot_true_304,chara,0.534,28,729
2025-12-20 14:00:53,Qwen/Qwen3-8B,MMLU_selected_subjects,isot_true_754,meani,0.625,28,538
2025-12-20 14:04:56,Qwen/Qwen3-8B,MMLU_selected_subjects,isot_true_305,clean,0.599,28,425
2025-12-20 14:05:44,Qwen/Qwen3-8B,MMLU_selected_subjects,isot_true_754,wordd,0.624,28,538
2025-12-20 14:09:39,Qwen/Qwen3-8B,MMLU_selected_subjects,isot_true_305,meani,0.608,28,425
2025-12-20 14:11:09,Qwen/Qwen3-8B,MMLU_selected_subjects,isot_true_754,chara,0.546,28,538
2025-12-20 14:14:22,Qwen/Qwen3-8B,MMLU_selected_subjects,isot_true_305,wordd,0.579,28,425
2025-12-20 14:15:49,Qwen/Qwen3-8B,MMLU_selected_subjects,isot_true_755,clean,0.616,28,438
2025-12-20 14:19:31,Qwen/Qwen3-8B,MMLU_selected_subjects,isot_true_305,chara,0.54,28,425
2025-12-20 14:20:28,Qwen/Qwen3-8B,MMLU_selected_subjects,isot_true_755,meani,0.606,28,438
2025-12-20 14:24:18,Qwen/Qwen3-8B,MMLU_selected_subjects,isot_true_306,clean,0.591,28,417
2025-12-20 14:25:07,Qwen/Qwen3-8B,MMLU_selected_subjects,isot_true_755,wordd,0.599,28,438
2025-12-20 14:29:04,Qwen/Qwen3-8B,MMLU_selected_subjects,isot_true_306,meani,0.607,28,417
2025-12-20 14:30:17,Qwen/Qwen3-8B,MMLU_selected_subjects,isot_true_755,chara,0.551,28,438
2025-12-20 14:33:49,Qwen/Qwen3-8B,MMLU_selected_subjects,isot_true_306,wordd,0.592,28,417
2025-12-20 14:35:13,Qwen/Qwen3-8B,MMLU_selected_subjects,isot_true_756,clean,0.607,28,694
2025-12-20 14:38:57,Qwen/Qwen3-8B,MMLU_selected_subjects,isot_true_306,chara,0.541,28,417
2025-12-20 14:40:09,Qwen/Qwen3-8B,MMLU_selected_subjects,isot_true_756,meani,0.615,28,694
2025-12-20 14:43:58,Qwen/Qwen3-8B,MMLU_selected_subjects,isot_true_307,clean,0.62,28,778
2025-12-20 14:45:04,Qwen/Qwen3-8B,MMLU_selected_subjects,isot_true_756,wordd,0.605,28,694
2025-12-20 14:48:58,Qwen/Qwen3-8B,MMLU_selected_subjects,isot_true_307,meani,0.59,28,778
2025-12-20 14:50:40,Qwen/Qwen3-8B,MMLU_selected_subjects,isot_true_756,chara,0.557,28,694
2025-12-20 14:53:58,Qwen/Qwen3-8B,MMLU_selected_subjects,isot_true_307,wordd,0.596,28,778
2025-12-20 14:55:28,Qwen/Qwen3-8B,MMLU_selected_subjects,isot_true_757,clean,0.617,28,565
2025-12-20 14:59:49,Qwen/Qwen3-8B,MMLU_selected_subjects,isot_true_307,chara,0.541,28,778
2025-12-20 15:00:15,Qwen/Qwen3-8B,MMLU_selected_subjects,isot_true_757,meani,0.612,28,565
2025-12-20 15:04:43,Qwen/Qwen3-8B,MMLU_selected_subjects,isot_true_308,clean,0.601,28,595
2025-12-20 15:05:02,Qwen/Qwen3-8B,MMLU_selected_subjects,isot_true_757,wordd,0.6,28,565
2025-12-20 15:09:38,Qwen/Qwen3-8B,MMLU_selected_subjects,isot_true_308,meani,0.587,28,595
2025-12-20 15:10:25,Qwen/Qwen3-8B,MMLU_selected_subjects,isot_true_757,chara,0.561,28,565
2025-12-20 15:14:32,Qwen/Qwen3-8B,MMLU_selected_subjects,isot_true_308,wordd,0.55,28,595
2025-12-20 15:15:09,Qwen/Qwen3-8B,MMLU_selected_subjects,isot_true_758,clean,0.631,28,506
2025-12-20 15:19:51,Qwen/Qwen3-8B,MMLU_selected_subjects,isot_true_758,meani,0.619,28,506
2025-12-20 15:20:04,Qwen/Qwen3-8B,MMLU_selected_subjects,isot_true_308,chara,0.554,28,595
2025-12-20 15:24:35,Qwen/Qwen3-8B,MMLU_selected_subjects,isot_true_758,wordd,0.593,28,506
2025-12-20 15:24:51,Qwen/Qwen3-8B,MMLU_selected_subjects,isot_true_309,clean,0.607,28,519
2025-12-20 15:29:40,Qwen/Qwen3-8B,MMLU_selected_subjects,isot_true_309,meani,0.579,28,519
2025-12-20 15:29:56,Qwen/Qwen3-8B,MMLU_selected_subjects,isot_true_758,chara,0.575,28,506
2025-12-20 15:34:29,Qwen/Qwen3-8B,MMLU_selected_subjects,isot_true_309,wordd,0.591,28,519
2025-12-20 15:35:09,Qwen/Qwen3-8B,MMLU_selected_subjects,isot_true_759,clean,0.563,28,785
2025-12-20 15:39:51,Qwen/Qwen3-8B,MMLU_selected_subjects,isot_true_309,chara,0.546,28,519
2025-12-20 15:40:19,Qwen/Qwen3-8B,MMLU_selected_subjects,isot_true_759,meani,0.57,28,785
2025-12-20 15:44:40,Qwen/Qwen3-8B,MMLU_selected_subjects,isot_true_31,clean,0.602,28,484
2025-12-20 15:45:32,Qwen/Qwen3-8B,MMLU_selected_subjects,isot_true_759,wordd,0.59,28,785
2025-12-20 15:49:27,Qwen/Qwen3-8B,MMLU_selected_subjects,isot_true_31,meani,0.589,28,484
2025-12-20 15:51:33,Qwen/Qwen3-8B,MMLU_selected_subjects,isot_true_759,chara,0.533,28,785
2025-12-20 15:54:20,Qwen/Qwen3-8B,MMLU_selected_subjects,isot_true_31,wordd,0.599,28,484
2025-12-20 15:56:35,Qwen/Qwen3-8B,MMLU_selected_subjects,isot_true_76,clean,0.607,28,762
2025-12-20 15:59:38,Qwen/Qwen3-8B,MMLU_selected_subjects,isot_true_31,chara,0.569,28,484
2025-12-20 16:01:35,Qwen/Qwen3-8B,MMLU_selected_subjects,isot_true_76,meani,0.602,28,762
2025-12-20 16:04:21,Qwen/Qwen3-8B,MMLU_selected_subjects,isot_true_310,clean,0.606,28,441
2025-12-20 16:06:36,Qwen/Qwen3-8B,MMLU_selected_subjects,isot_true_76,wordd,0.561,28,762
2025-12-20 16:09:05,Qwen/Qwen3-8B,MMLU_selected_subjects,isot_true_310,meani,0.575,28,441
2025-12-20 16:12:30,Qwen/Qwen3-8B,MMLU_selected_subjects,isot_true_76,chara,0.531,28,762
2025-12-20 16:13:58,Qwen/Qwen3-8B,MMLU_selected_subjects,isot_true_310,wordd,0.614,28,441
2025-12-20 16:17:24,Qwen/Qwen3-8B,MMLU_selected_subjects,isot_true_760,clean,0.586,28,300
2025-12-20 16:19:34,Qwen/Qwen3-8B,MMLU_selected_subjects,isot_true_310,chara,0.547,28,441
2025-12-20 16:22:26,Qwen/Qwen3-8B,MMLU_selected_subjects,isot_true_760,meani,0.606,28,300
2025-12-20 16:24:44,Qwen/Qwen3-8B,MMLU_selected_subjects,isot_true_311,clean,0.623,28,622
2025-12-20 16:27:03,Qwen/Qwen3-8B,MMLU_selected_subjects,isot_true_760,wordd,0.604,28,300
2025-12-20 16:29:36,Qwen/Qwen3-8B,MMLU_selected_subjects,isot_true_311,meani,0.6,28,622
2025-12-20 16:31:57,Qwen/Qwen3-8B,MMLU_selected_subjects,isot_true_760,chara,0.548,28,300
2025-12-20 16:34:33,Qwen/Qwen3-8B,MMLU_selected_subjects,isot_true_311,wordd,0.59,28,622
2025-12-20 16:36:56,Qwen/Qwen3-8B,MMLU_selected_subjects,isot_true_761,clean,0.6,28,520
2025-12-20 16:40:12,Qwen/Qwen3-8B,MMLU_selected_subjects,isot_true_311,chara,0.552,28,622
2025-12-20 16:41:45,Qwen/Qwen3-8B,MMLU_selected_subjects,isot_true_761,meani,0.61,28,520
2025-12-20 16:45:18,Qwen/Qwen3-8B,MMLU_selected_subjects,isot_true_312,clean,0.599,28,789
2025-12-20 16:46:39,Qwen/Qwen3-8B,MMLU_selected_subjects,isot_true_761,wordd,0.599,28,520
2025-12-20 16:50:23,Qwen/Qwen3-8B,MMLU_selected_subjects,isot_true_312,meani,0.597,28,789
2025-12-20 16:52:02,Qwen/Qwen3-8B,MMLU_selected_subjects,isot_true_761,chara,0.534,28,520
2025-12-20 16:55:24,Qwen/Qwen3-8B,MMLU_selected_subjects,isot_true_312,wordd,0.593,28,789
2025-12-20 16:56:54,Qwen/Qwen3-8B,MMLU_selected_subjects,isot_true_762,clean,0.607,28,588
2025-12-20 17:01:18,Qwen/Qwen3-8B,MMLU_selected_subjects,isot_true_312,chara,0.552,28,789
2025-12-20 17:01:44,Qwen/Qwen3-8B,MMLU_selected_subjects,isot_true_762,meani,0.584,28,588
2025-12-20 17:05:54,Qwen/Qwen3-8B,MMLU_selected_subjects,isot_true_313,clean,0.604,28,254
2025-12-20 17:06:35,Qwen/Qwen3-8B,MMLU_selected_subjects,isot_true_762,wordd,0.591,28,588
2025-12-20 17:10:30,Qwen/Qwen3-8B,MMLU_selected_subjects,isot_true_313,meani,0.617,28,254
2025-12-20 17:12:01,Qwen/Qwen3-8B,MMLU_selected_subjects,isot_true_762,chara,0.541,28,588
2025-12-20 17:15:06,Qwen/Qwen3-8B,MMLU_selected_subjects,isot_true_313,wordd,0.611,28,254
2025-12-20 17:16:45,Qwen/Qwen3-8B,MMLU_selected_subjects,isot_true_763,clean,0.617,28,460
2025-12-20 17:19:55,Qwen/Qwen3-8B,MMLU_selected_subjects,isot_true_313,chara,0.536,28,254
2025-12-20 17:21:27,Qwen/Qwen3-8B,MMLU_selected_subjects,isot_true_763,meani,0.613,28,460
2025-12-20 17:24:39,Qwen/Qwen3-8B,MMLU_selected_subjects,isot_true_314,clean,0.615,28,457
2025-12-20 17:26:09,Qwen/Qwen3-8B,MMLU_selected_subjects,isot_true_763,wordd,0.599,28,460
2025-12-20 17:29:22,Qwen/Qwen3-8B,MMLU_selected_subjects,isot_true_314,meani,0.615,28,457
2025-12-20 17:31:23,Qwen/Qwen3-8B,MMLU_selected_subjects,isot_true_763,chara,0.574,28,460
2025-12-20 17:34:05,Qwen/Qwen3-8B,MMLU_selected_subjects,isot_true_314,wordd,0.604,28,457
2025-12-20 17:36:21,Qwen/Qwen3-8B,MMLU_selected_subjects,isot_true_764,clean,0.593,28,644
2025-12-20 17:39:18,Qwen/Qwen3-8B,MMLU_selected_subjects,isot_true_314,chara,0.562,28,457
2025-12-20 17:41:17,Qwen/Qwen3-8B,MMLU_selected_subjects,isot_true_764,meani,0.604,28,644
2025-12-20 17:43:57,Qwen/Qwen3-8B,MMLU_selected_subjects,isot_true_315,clean,0.584,28,350
2025-12-20 17:46:13,Qwen/Qwen3-8B,MMLU_selected_subjects,isot_true_764,wordd,0.594,28,644
2025-12-20 17:48:35,Qwen/Qwen3-8B,MMLU_selected_subjects,isot_true_315,meani,0.57,28,350
2025-12-20 17:51:46,Qwen/Qwen3-8B,MMLU_selected_subjects,isot_true_764,chara,0.571,28,644
2025-12-20 17:53:14,Qwen/Qwen3-8B,MMLU_selected_subjects,isot_true_315,wordd,0.587,28,350
2025-12-20 17:56:27,Qwen/Qwen3-8B,MMLU_selected_subjects,isot_true_765,clean,0.624,28,388
2025-12-20 17:58:14,Qwen/Qwen3-8B,MMLU_selected_subjects,isot_true_315,chara,0.535,28,350
2025-12-20 18:01:08,Qwen/Qwen3-8B,MMLU_selected_subjects,isot_true_765,meani,0.595,28,388
2025-12-20 18:03:10,Qwen/Qwen3-8B,MMLU_selected_subjects,isot_true_316,clean,0.609,28,631
2025-12-20 18:05:49,Qwen/Qwen3-8B,MMLU_selected_subjects,isot_true_765,wordd,0.593,28,388
2025-12-20 18:08:04,Qwen/Qwen3-8B,MMLU_selected_subjects,isot_true_316,meani,0.615,28,631
2025-12-20 18:10:52,Qwen/Qwen3-8B,MMLU_selected_subjects,isot_true_765,chara,0.549,28,388
2025-12-20 18:12:58,Qwen/Qwen3-8B,MMLU_selected_subjects,isot_true_316,wordd,0.588,28,631
2025-12-20 18:15:34,Qwen/Qwen3-8B,MMLU_selected_subjects,isot_true_766,clean,0.587,28,446
2025-12-20 18:18:34,Qwen/Qwen3-8B,MMLU_selected_subjects,isot_true_316,chara,0.566,28,631
2025-12-20 18:20:17,Qwen/Qwen3-8B,MMLU_selected_subjects,isot_true_766,meani,0.602,28,446
2025-12-20 18:23:20,Qwen/Qwen3-8B,MMLU_selected_subjects,isot_true_317,clean,0.597,28,485
2025-12-20 18:24:59,Qwen/Qwen3-8B,MMLU_selected_subjects,isot_true_766,wordd,0.583,28,446
2025-12-20 18:28:06,Qwen/Qwen3-8B,MMLU_selected_subjects,isot_true_317,meani,0.605,28,485
2025-12-20 18:30:08,Qwen/Qwen3-8B,MMLU_selected_subjects,isot_true_766,chara,0.567,28,446
2025-12-20 18:32:53,Qwen/Qwen3-8B,MMLU_selected_subjects,isot_true_317,wordd,0.604,28,485
2025-12-20 18:34:48,Qwen/Qwen3-8B,MMLU_selected_subjects,isot_true_767,clean,0.603,28,426
2025-12-20 18:38:10,Qwen/Qwen3-8B,MMLU_selected_subjects,isot_true_317,chara,0.572,28,485
2025-12-20 18:39:29,Qwen/Qwen3-8B,MMLU_selected_subjects,isot_true_767,meani,0.587,28,426
2025-12-20 18:43:02,Qwen/Qwen3-8B,MMLU_selected_subjects,isot_true_318,clean,0.583,28,650
2025-12-20 18:44:09,Qwen/Qwen3-8B,MMLU_selected_subjects,isot_true_767,wordd,0.591,28,426
2025-12-20 18:47:53,Qwen/Qwen3-8B,MMLU_selected_subjects,isot_true_318,meani,0.608,28,650
2025-12-20 18:49:16,Qwen/Qwen3-8B,MMLU_selected_subjects,isot_true_767,chara,0.552,28,426
2025-12-20 18:52:46,Qwen/Qwen3-8B,MMLU_selected_subjects,isot_true_318,wordd,0.573,28,650
2025-12-20 18:53:59,Qwen/Qwen3-8B,MMLU_selected_subjects,isot_true_768,clean,0.603,28,452
2025-12-20 18:58:19,Qwen/Qwen3-8B,MMLU_selected_subjects,isot_true_318,chara,0.543,28,650
2025-12-20 18:58:41,Qwen/Qwen3-8B,MMLU_selected_subjects,isot_true_768,meani,0.6,28,452
2025-12-20 19:03:01,Qwen/Qwen3-8B,MMLU_selected_subjects,isot_true_319,clean,0.618,28,422
2025-12-20 19:03:24,Qwen/Qwen3-8B,MMLU_selected_subjects,isot_true_768,wordd,0.594,28,452
2025-12-20 19:07:43,Qwen/Qwen3-8B,MMLU_selected_subjects,isot_true_319,meani,0.61,28,422
2025-12-20 19:08:32,Qwen/Qwen3-8B,MMLU_selected_subjects,isot_true_768,chara,0.532,28,452
2025-12-20 19:12:24,Qwen/Qwen3-8B,MMLU_selected_subjects,isot_true_319,wordd,0.611,28,422
2025-12-20 19:13:32,Qwen/Qwen3-8B,MMLU_selected_subjects,isot_true_769,clean,0.608,28,729
2025-12-20 19:17:30,Qwen/Qwen3-8B,MMLU_selected_subjects,isot_true_319,chara,0.533,28,422
2025-12-20 19:18:31,Qwen/Qwen3-8B,MMLU_selected_subjects,isot_true_769,meani,0.603,28,729
2025-12-20 19:22:39,Qwen/Qwen3-8B,MMLU_selected_subjects,isot_true_32,clean,0.603,28,726
2025-12-20 19:23:32,Qwen/Qwen3-8B,MMLU_selected_subjects,isot_true_769,wordd,0.588,28,729
2025-12-20 19:27:49,Qwen/Qwen3-8B,MMLU_selected_subjects,isot_true_32,meani,0.603,28,726
2025-12-20 19:29:13,Qwen/Qwen3-8B,MMLU_selected_subjects,isot_true_769,chara,0.536,28,729
2025-12-20 19:33:00,Qwen/Qwen3-8B,MMLU_selected_subjects,isot_true_32,wordd,0.579,28,726
2025-12-20 19:33:59,Qwen/Qwen3-8B,MMLU_selected_subjects,isot_true_77,clean,0.589,28,520
2025-12-20 19:38:45,Qwen/Qwen3-8B,MMLU_selected_subjects,isot_true_77,meani,0.601,28,520
2025-12-20 19:38:51,Qwen/Qwen3-8B,MMLU_selected_subjects,isot_true_32,chara,0.549,28,726
2025-12-20 19:43:32,Qwen/Qwen3-8B,MMLU_selected_subjects,isot_true_77,wordd,0.609,28,520
2025-12-20 19:43:41,Qwen/Qwen3-8B,MMLU_selected_subjects,isot_true_320,clean,0.605,28,544
2025-12-20 19:48:30,Qwen/Qwen3-8B,MMLU_selected_subjects,isot_true_320,meani,0.603,28,544
2025-12-20 19:48:52,Qwen/Qwen3-8B,MMLU_selected_subjects,isot_true_77,chara,0.55,28,520
2025-12-20 19:53:19,Qwen/Qwen3-8B,MMLU_selected_subjects,isot_true_320,wordd,0.597,28,544
2025-12-20 19:53:37,Qwen/Qwen3-8B,MMLU_selected_subjects,isot_true_770,clean,0.599,28,441
2025-12-20 19:58:21,Qwen/Qwen3-8B,MMLU_selected_subjects,isot_true_770,meani,0.612,28,441
2025-12-20 19:58:41,Qwen/Qwen3-8B,MMLU_selected_subjects,isot_true_320,chara,0.531,28,544
2025-12-20 20:03:04,Qwen/Qwen3-8B,MMLU_selected_subjects,isot_true_770,wordd,0.593,28,441
2025-12-20 20:03:29,Qwen/Qwen3-8B,MMLU_selected_subjects,isot_true_321,clean,0.604,28,532
2025-12-20 20:08:14,Qwen/Qwen3-8B,MMLU_selected_subjects,isot_true_770,chara,0.567,28,441
2025-12-20 20:08:18,Qwen/Qwen3-8B,MMLU_selected_subjects,isot_true_321,meani,0.609,28,532
2025-12-20 20:13:05,Qwen/Qwen3-8B,MMLU_selected_subjects,isot_true_771,clean,0.602,28,584
2025-12-20 20:13:07,Qwen/Qwen3-8B,MMLU_selected_subjects,isot_true_321,wordd,0.602,28,532
2025-12-20 20:17:57,Qwen/Qwen3-8B,MMLU_selected_subjects,isot_true_771,meani,0.601,28,584
2025-12-20 20:18:29,Qwen/Qwen3-8B,MMLU_selected_subjects,isot_true_321,chara,0.523,28,532
2025-12-20 20:22:49,Qwen/Qwen3-8B,MMLU_selected_subjects,isot_true_771,wordd,0.581,28,584
2025-12-20 20:23:23,Qwen/Qwen3-8B,MMLU_selected_subjects,isot_true_322,clean,0.615,28,601
2025-12-20 20:28:13,Qwen/Qwen3-8B,MMLU_selected_subjects,isot_true_771,chara,0.541,28,584
2025-12-20 20:28:16,Qwen/Qwen3-8B,MMLU_selected_subjects,isot_true_322,meani,0.588,28,601
2025-12-20 20:33:05,Qwen/Qwen3-8B,MMLU_selected_subjects,isot_true_772,clean,0.609,28,642
2025-12-20 20:33:09,Qwen/Qwen3-8B,MMLU_selected_subjects,isot_true_322,wordd,0.589,28,601
2025-12-20 20:37:55,Qwen/Qwen3-8B,MMLU_selected_subjects,isot_true_772,meani,0.608,28,642
2025-12-20 20:38:37,Qwen/Qwen3-8B,MMLU_selected_subjects,isot_true_322,chara,0.54,28,601
2025-12-20 20:42:46,Qwen/Qwen3-8B,MMLU_selected_subjects,isot_true_772,wordd,0.599,28,642
2025-12-20 20:43:27,Qwen/Qwen3-8B,MMLU_selected_subjects,isot_true_323,clean,0.611,28,629
2025-12-20 20:48:15,Qwen/Qwen3-8B,MMLU_selected_subjects,isot_true_323,meani,0.615,28,629
2025-12-20 20:48:18,Qwen/Qwen3-8B,MMLU_selected_subjects,isot_true_772,chara,0.583,28,642
2025-12-20 20:53:03,Qwen/Qwen3-8B,MMLU_selected_subjects,isot_true_773,clean,0.611,28,468
2025-12-20 20:53:05,Qwen/Qwen3-8B,MMLU_selected_subjects,isot_true_323,wordd,0.619,28,629
2025-12-20 20:57:48,Qwen/Qwen3-8B,MMLU_selected_subjects,isot_true_773,meani,0.602,28,468
2025-12-20 20:58:37,Qwen/Qwen3-8B,MMLU_selected_subjects,isot_true_323,chara,0.553,28,629
2025-12-20 21:02:33,Qwen/Qwen3-8B,MMLU_selected_subjects,isot_true_773,wordd,0.59,28,468
2025-12-20 21:03:21,Qwen/Qwen3-8B,MMLU_selected_subjects,isot_true_324,clean,0.61,28,414
2025-12-20 21:07:45,Qwen/Qwen3-8B,MMLU_selected_subjects,isot_true_773,chara,0.546,28,468
2025-12-20 21:08:03,Qwen/Qwen3-8B,MMLU_selected_subjects,isot_true_324,meani,0.595,28,414
2025-12-20 21:12:31,Qwen/Qwen3-8B,MMLU_selected_subjects,isot_true_774,clean,0.584,28,560
2025-12-20 21:12:46,Qwen/Qwen3-8B,MMLU_selected_subjects,isot_true_324,wordd,0.592,28,414
2025-12-20 21:17:16,Qwen/Qwen3-8B,MMLU_selected_subjects,isot_true_774,meani,0.588,28,560
2025-12-20 21:17:52,Qwen/Qwen3-8B,MMLU_selected_subjects,isot_true_324,chara,0.576,28,414
2025-12-20 21:22:01,Qwen/Qwen3-8B,MMLU_selected_subjects,isot_true_774,wordd,0.603,28,560
2025-12-20 21:22:34,Qwen/Qwen3-8B,MMLU_selected_subjects,isot_true_325,clean,0.585,28,378
2025-12-20 21:27:16,Qwen/Qwen3-8B,MMLU_selected_subjects,isot_true_325,meani,0.623,28,378
2025-12-20 21:27:25,Qwen/Qwen3-8B,MMLU_selected_subjects,isot_true_774,chara,0.547,28,560
2025-12-20 21:31:57,Qwen/Qwen3-8B,MMLU_selected_subjects,isot_true_325,wordd,0.619,28,378
2025-12-20 21:32:17,Qwen/Qwen3-8B,MMLU_selected_subjects,isot_true_775,clean,0.576,28,693
2025-12-20 21:36:59,Qwen/Qwen3-8B,MMLU_selected_subjects,isot_true_325,chara,0.544,28,378
2025-12-20 21:37:08,Qwen/Qwen3-8B,MMLU_selected_subjects,isot_true_775,meani,0.601,28,693
2025-12-20 21:41:50,Qwen/Qwen3-8B,MMLU_selected_subjects,isot_true_326,clean,0.615,28,615
2025-12-20 21:41:58,Qwen/Qwen3-8B,MMLU_selected_subjects,isot_true_775,wordd,0.572,28,693
2025-12-20 21:46:40,Qwen/Qwen3-8B,MMLU_selected_subjects,isot_true_326,meani,0.596,28,615
2025-12-20 21:47:37,Qwen/Qwen3-8B,MMLU_selected_subjects,isot_true_775,chara,0.51,28,693
2025-12-20 21:51:30,Qwen/Qwen3-8B,MMLU_selected_subjects,isot_true_326,wordd,0.593,28,615
2025-12-20 21:52:22,Qwen/Qwen3-8B,MMLU_selected_subjects,isot_true_776,clean,0.607,28,498
2025-12-20 21:57:00,Qwen/Qwen3-8B,MMLU_selected_subjects,isot_true_326,chara,0.584,28,615
2025-12-20 21:57:08,Qwen/Qwen3-8B,MMLU_selected_subjects,isot_true_776,meani,0.606,28,498
2025-12-20 22:01:37,Qwen/Qwen3-8B,MMLU_selected_subjects,isot_true_327,clean,0.624,28,271
2025-12-20 22:01:52,Qwen/Qwen3-8B,MMLU_selected_subjects,isot_true_776,wordd,0.597,28,498
2025-12-20 22:06:11,Qwen/Qwen3-8B,MMLU_selected_subjects,isot_true_327,meani,0.59,28,271
2025-12-20 22:07:07,Qwen/Qwen3-8B,MMLU_selected_subjects,isot_true_776,chara,0.542,28,498
2025-12-20 22:10:47,Qwen/Qwen3-8B,MMLU_selected_subjects,isot_true_327,wordd,0.599,28,271
2025-12-20 22:11:54,Qwen/Qwen3-8B,MMLU_selected_subjects,isot_true_777,clean,0.619,28,544
2025-12-20 22:15:37,Qwen/Qwen3-8B,MMLU_selected_subjects,isot_true_327,chara,0.556,28,271
2025-12-20 22:16:40,Qwen/Qwen3-8B,MMLU_selected_subjects,isot_true_777,meani,0.619,28,544
2025-12-20 22:20:23,Qwen/Qwen3-8B,MMLU_selected_subjects,isot_true_328,clean,0.609,28,476
2025-12-20 22:21:26,Qwen/Qwen3-8B,MMLU_selected_subjects,isot_true_777,wordd,0.596,28,544
2025-12-20 22:25:10,Qwen/Qwen3-8B,MMLU_selected_subjects,isot_true_328,meani,0.615,28,476
2025-12-20 22:26:46,Qwen/Qwen3-8B,MMLU_selected_subjects,isot_true_777,chara,0.57,28,544
2025-12-20 22:29:56,Qwen/Qwen3-8B,MMLU_selected_subjects,isot_true_328,wordd,0.622,28,476
2025-12-20 22:31:19,Qwen/Qwen3-8B,MMLU_selected_subjects,isot_true_778,clean,0.586,28,267
2025-12-20 22:35:09,Qwen/Qwen3-8B,MMLU_selected_subjects,isot_true_328,chara,0.562,28,476
2025-12-20 22:35:52,Qwen/Qwen3-8B,MMLU_selected_subjects,isot_true_778,meani,0.603,28,267
2025-12-20 22:39:55,Qwen/Qwen3-8B,MMLU_selected_subjects,isot_true_329,clean,0.578,28,493
2025-12-20 22:40:25,Qwen/Qwen3-8B,MMLU_selected_subjects,isot_true_778,wordd,0.601,28,267
2025-12-20 22:44:40,Qwen/Qwen3-8B,MMLU_selected_subjects,isot_true_329,meani,0.601,28,493
2025-12-20 22:45:15,Qwen/Qwen3-8B,MMLU_selected_subjects,isot_true_778,chara,0.521,28,267
2025-12-20 22:49:24,Qwen/Qwen3-8B,MMLU_selected_subjects,isot_true_329,wordd,0.568,28,493
2025-12-20 22:50:03,Qwen/Qwen3-8B,MMLU_selected_subjects,isot_true_779,clean,0.589,28,565
2025-12-20 22:54:40,Qwen/Qwen3-8B,MMLU_selected_subjects,isot_true_329,chara,0.554,28,493
2025-12-20 22:54:52,Qwen/Qwen3-8B,MMLU_selected_subjects,isot_true_779,meani,0.597,28,565
2025-12-20 22:59:29,Qwen/Qwen3-8B,MMLU_selected_subjects,isot_true_33,clean,0.612,28,533
2025-12-20 22:59:41,Qwen/Qwen3-8B,MMLU_selected_subjects,isot_true_779,wordd,0.588,28,565
2025-12-20 23:04:17,Qwen/Qwen3-8B,MMLU_selected_subjects,isot_true_33,meani,0.606,28,533
2025-12-20 23:05:07,Qwen/Qwen3-8B,MMLU_selected_subjects,isot_true_779,chara,0.558,28,565
2025-12-20 23:09:05,Qwen/Qwen3-8B,MMLU_selected_subjects,isot_true_33,wordd,0.602,28,533
2025-12-20 23:10:07,Qwen/Qwen3-8B,MMLU_selected_subjects,isot_true_78,clean,0.596,28,765
2025-12-20 23:14:24,Qwen/Qwen3-8B,MMLU_selected_subjects,isot_true_33,chara,0.554,28,533
2025-12-20 23:15:06,Qwen/Qwen3-8B,MMLU_selected_subjects,isot_true_78,meani,0.592,28,765
2025-12-20 23:19:09,Qwen/Qwen3-8B,MMLU_selected_subjects,isot_true_330,clean,0.615,28,535
2025-12-20 23:20:05,Qwen/Qwen3-8B,MMLU_selected_subjects,isot_true_78,wordd,0.606,28,765
2025-12-20 23:23:53,Qwen/Qwen3-8B,MMLU_selected_subjects,isot_true_330,meani,0.607,28,535
2025-12-20 23:25:50,Qwen/Qwen3-8B,MMLU_selected_subjects,isot_true_78,chara,0.569,28,765
2025-12-20 23:28:39,Qwen/Qwen3-8B,MMLU_selected_subjects,isot_true_330,wordd,0.607,28,535
2025-12-20 23:30:37,Qwen/Qwen3-8B,MMLU_selected_subjects,isot_true_780,clean,0.604,28,577
2025-12-20 23:33:59,Qwen/Qwen3-8B,MMLU_selected_subjects,isot_true_330,chara,0.536,28,535
2025-12-20 23:35:24,Qwen/Qwen3-8B,MMLU_selected_subjects,isot_true_780,meani,0.62,28,577
2025-12-20 23:38:55,Qwen/Qwen3-8B,MMLU_selected_subjects,isot_true_331,clean,0.612,28,756
2025-12-20 23:40:10,Qwen/Qwen3-8B,MMLU_selected_subjects,isot_true_780,wordd,0.603,28,577
2025-12-20 23:43:51,Qwen/Qwen3-8B,MMLU_selected_subjects,isot_true_331,meani,0.591,28,756
2025-12-20 23:45:36,Qwen/Qwen3-8B,MMLU_selected_subjects,isot_true_780,chara,0.542,28,577
2025-12-20 23:48:47,Qwen/Qwen3-8B,MMLU_selected_subjects,isot_true_331,wordd,0.584,28,756
2025-12-20 23:50:09,Qwen/Qwen3-8B,MMLU_selected_subjects,isot_true_781,clean,0.58,28,214
2025-12-20 23:54:35,Qwen/Qwen3-8B,MMLU_selected_subjects,isot_true_331,chara,0.574,28,756
2025-12-20 23:54:41,Qwen/Qwen3-8B,MMLU_selected_subjects,isot_true_781,meani,0.602,28,214
2025-12-20 23:59:13,Qwen/Qwen3-8B,MMLU_selected_subjects,isot_true_781,wordd,0.596,28,214
2025-12-20 23:59:16,Qwen/Qwen3-8B,MMLU_selected_subjects,isot_true_332,clean,0.594,28,349
2025-12-21 00:03:56,Qwen/Qwen3-8B,MMLU_selected_subjects,isot_true_781,chara,0.575,28,214
2025-12-21 00:03:57,Qwen/Qwen3-8B,MMLU_selected_subjects,isot_true_332,meani,0.592,28,349
2025-12-21 00:08:37,Qwen/Qwen3-8B,MMLU_selected_subjects,isot_true_332,wordd,0.587,28,349
2025-12-21 00:08:37,Qwen/Qwen3-8B,MMLU_selected_subjects,isot_true_782,clean,0.601,28,388
2025-12-21 00:13:17,Qwen/Qwen3-8B,MMLU_selected_subjects,isot_true_782,meani,0.599,28,388
2025-12-21 00:13:37,Qwen/Qwen3-8B,MMLU_selected_subjects,isot_true_332,chara,0.574,28,349
2025-12-21 00:17:57,Qwen/Qwen3-8B,MMLU_selected_subjects,isot_true_782,wordd,0.579,28,388
2025-12-21 00:18:21,Qwen/Qwen3-8B,MMLU_selected_subjects,isot_true_333,clean,0.603,28,475
2025-12-21 00:22:58,Qwen/Qwen3-8B,MMLU_selected_subjects,isot_true_782,chara,0.554,28,388
2025-12-21 00:23:04,Qwen/Qwen3-8B,MMLU_selected_subjects,isot_true_333,meani,0.595,28,475
2025-12-21 00:27:42,Qwen/Qwen3-8B,MMLU_selected_subjects,isot_true_783,clean,0.592,28,537
2025-12-21 00:27:47,Qwen/Qwen3-8B,MMLU_selected_subjects,isot_true_333,wordd,0.593,28,475
2025-12-21 00:32:25,Qwen/Qwen3-8B,MMLU_selected_subjects,isot_true_783,meani,0.586,28,537
2025-12-21 00:33:01,Qwen/Qwen3-8B,MMLU_selected_subjects,isot_true_333,chara,0.546,28,475
2025-12-21 00:37:10,Qwen/Qwen3-8B,MMLU_selected_subjects,isot_true_783,wordd,0.596,28,537
2025-12-21 00:38:00,Qwen/Qwen3-8B,MMLU_selected_subjects,isot_true_334,clean,0.575,28,722
2025-12-21 00:42:28,Qwen/Qwen3-8B,MMLU_selected_subjects,isot_true_783,chara,0.55,28,537
2025-12-21 00:42:57,Qwen/Qwen3-8B,MMLU_selected_subjects,isot_true_334,meani,0.573,28,722
2025-12-21 00:47:09,Qwen/Qwen3-8B,MMLU_selected_subjects,isot_true_784,clean,0.608,28,412
2025-12-21 00:47:53,Qwen/Qwen3-8B,MMLU_selected_subjects,isot_true_334,wordd,0.6,28,722
2025-12-21 00:51:49,Qwen/Qwen3-8B,MMLU_selected_subjects,isot_true_784,meani,0.608,28,412
2025-12-21 00:53:37,Qwen/Qwen3-8B,MMLU_selected_subjects,isot_true_334,chara,0.536,28,722
2025-12-21 00:56:29,Qwen/Qwen3-8B,MMLU_selected_subjects,isot_true_784,wordd,0.597,28,412
2025-12-21 00:58:34,Qwen/Qwen3-8B,MMLU_selected_subjects,isot_true_335,clean,0.592,28,717
2025-12-21 01:01:35,Qwen/Qwen3-8B,MMLU_selected_subjects,isot_true_784,chara,0.558,28,412
2025-12-21 01:03:31,Qwen/Qwen3-8B,MMLU_selected_subjects,isot_true_335,meani,0.607,28,717
2025-12-21 01:06:24,Qwen/Qwen3-8B,MMLU_selected_subjects,isot_true_785,clean,0.597,28,505
2025-12-21 01:08:27,Qwen/Qwen3-8B,MMLU_selected_subjects,isot_true_335,wordd,0.586,28,717
2025-12-21 01:11:13,Qwen/Qwen3-8B,MMLU_selected_subjects,isot_true_785,meani,0.612,28,505
2025-12-21 01:14:10,Qwen/Qwen3-8B,MMLU_selected_subjects,isot_true_335,chara,0.515,28,717
2025-12-21 01:16:02,Qwen/Qwen3-8B,MMLU_selected_subjects,isot_true_785,wordd,0.595,28,505
2025-12-21 01:18:56,Qwen/Qwen3-8B,MMLU_selected_subjects,isot_true_336,clean,0.55,28,528
2025-12-21 01:21:18,Qwen/Qwen3-8B,MMLU_selected_subjects,isot_true_785,chara,0.557,28,505
2025-12-21 01:23:42,Qwen/Qwen3-8B,MMLU_selected_subjects,isot_true_336,meani,0.576,28,528
2025-12-21 01:25:49,Qwen/Qwen3-8B,MMLU_selected_subjects,isot_true_786,clean,0.607,28,222
2025-12-21 01:28:27,Qwen/Qwen3-8B,MMLU_selected_subjects,isot_true_336,wordd,0.564,28,528
2025-12-21 01:30:19,Qwen/Qwen3-8B,MMLU_selected_subjects,isot_true_786,meani,0.607,28,222
2025-12-21 01:33:45,Qwen/Qwen3-8B,MMLU_selected_subjects,isot_true_336,chara,0.555,28,528
2025-12-21 01:34:50,Qwen/Qwen3-8B,MMLU_selected_subjects,isot_true_786,wordd,0.605,28,222
2025-12-21 01:38:27,Qwen/Qwen3-8B,MMLU_selected_subjects,isot_true_337,clean,0.605,28,458
2025-12-21 01:39:35,Qwen/Qwen3-8B,MMLU_selected_subjects,isot_true_786,chara,0.561,28,222
2025-12-21 01:43:09,Qwen/Qwen3-8B,MMLU_selected_subjects,isot_true_337,meani,0.616,28,458
2025-12-21 01:44:24,Qwen/Qwen3-8B,MMLU_selected_subjects,isot_true_787,clean,0.602,28,551
2025-12-21 01:47:51,Qwen/Qwen3-8B,MMLU_selected_subjects,isot_true_337,wordd,0.605,28,458
2025-12-21 01:49:12,Qwen/Qwen3-8B,MMLU_selected_subjects,isot_true_787,meani,0.61,28,551
2025-12-21 01:53:04,Qwen/Qwen3-8B,MMLU_selected_subjects,isot_true_337,chara,0.568,28,458
2025-12-21 01:53:59,Qwen/Qwen3-8B,MMLU_selected_subjects,isot_true_787,wordd,0.608,28,551
2025-12-21 01:57:53,Qwen/Qwen3-8B,MMLU_selected_subjects,isot_true_338,clean,0.595,28,504
2025-12-21 01:59:21,Qwen/Qwen3-8B,MMLU_selected_subjects,isot_true_787,chara,0.533,28,551
2025-12-21 02:02:42,Qwen/Qwen3-8B,MMLU_selected_subjects,isot_true_338,meani,0.599,28,504
2025-12-21 02:04:09,Qwen/Qwen3-8B,MMLU_selected_subjects,isot_true_788,clean,0.59,28,559
2025-12-21 02:07:29,Qwen/Qwen3-8B,MMLU_selected_subjects,isot_true_338,wordd,0.612,28,504
2025-12-21 02:08:55,Qwen/Qwen3-8B,MMLU_selected_subjects,isot_true_788,meani,0.591,28,559
2025-12-21 02:12:50,Qwen/Qwen3-8B,MMLU_selected_subjects,isot_true_338,chara,0.529,28,504
2025-12-21 02:13:41,Qwen/Qwen3-8B,MMLU_selected_subjects,isot_true_788,wordd,0.584,28,559
2025-12-21 02:17:38,Qwen/Qwen3-8B,MMLU_selected_subjects,isot_true_339,clean,0.585,28,544
2025-12-21 02:19:04,Qwen/Qwen3-8B,MMLU_selected_subjects,isot_true_788,chara,0.54,28,559
2025-12-21 02:22:25,Qwen/Qwen3-8B,MMLU_selected_subjects,isot_true_339,meani,0.605,28,544
2025-12-21 02:23:44,Qwen/Qwen3-8B,MMLU_selected_subjects,isot_true_789,clean,0.607,28,401
2025-12-21 02:27:13,Qwen/Qwen3-8B,MMLU_selected_subjects,isot_true_339,wordd,0.58,28,544
2025-12-21 02:28:24,Qwen/Qwen3-8B,MMLU_selected_subjects,isot_true_789,meani,0.615,28,401
2025-12-21 02:32:33,Qwen/Qwen3-8B,MMLU_selected_subjects,isot_true_339,chara,0.528,28,544
2025-12-21 02:33:03,Qwen/Qwen3-8B,MMLU_selected_subjects,isot_true_789,wordd,0.604,28,401
2025-12-21 02:37:10,Qwen/Qwen3-8B,MMLU_selected_subjects,isot_true_34,clean,0.614,28,304
2025-12-21 02:38:07,Qwen/Qwen3-8B,MMLU_selected_subjects,isot_true_789,chara,0.572,28,401
2025-12-21 02:41:46,Qwen/Qwen3-8B,MMLU_selected_subjects,isot_true_34,meani,0.601,28,304
2025-12-21 02:42:40,Qwen/Qwen3-8B,MMLU_selected_subjects,isot_true_79,clean,0.582,28,248
2025-12-21 02:46:21,Qwen/Qwen3-8B,MMLU_selected_subjects,isot_true_34,wordd,0.587,28,304
2025-12-21 02:47:13,Qwen/Qwen3-8B,MMLU_selected_subjects,isot_true_79,meani,0.589,28,248
2025-12-21 02:51:14,Qwen/Qwen3-8B,MMLU_selected_subjects,isot_true_34,chara,0.533,28,304
2025-12-21 02:51:46,Qwen/Qwen3-8B,MMLU_selected_subjects,isot_true_79,wordd,0.58,28,248
2025-12-21 02:56:03,Qwen/Qwen3-8B,MMLU_selected_subjects,isot_true_340,clean,0.621,28,549
2025-12-21 02:56:34,Qwen/Qwen3-8B,MMLU_selected_subjects,isot_true_79,chara,0.554,28,248
2025-12-21 03:00:51,Qwen/Qwen3-8B,MMLU_selected_subjects,isot_true_340,meani,0.628,28,549
2025-12-21 03:01:17,Qwen/Qwen3-8B,MMLU_selected_subjects,isot_true_790,clean,0.62,28,333
2025-12-21 03:05:38,Qwen/Qwen3-8B,MMLU_selected_subjects,isot_true_340,wordd,0.607,28,549
2025-12-21 03:05:58,Qwen/Qwen3-8B,MMLU_selected_subjects,isot_true_790,meani,0.616,28,333
2025-12-21 03:10:39,Qwen/Qwen3-8B,MMLU_selected_subjects,isot_true_790,wordd,0.611,28,333
2025-12-21 03:11:01,Qwen/Qwen3-8B,MMLU_selected_subjects,isot_true_340,chara,0.559,28,549
2025-12-21 03:15:36,Qwen/Qwen3-8B,MMLU_selected_subjects,isot_true_341,clean,0.608,28,279
2025-12-21 03:15:41,Qwen/Qwen3-8B,MMLU_selected_subjects,isot_true_790,chara,0.553,28,333
2025-12-21 03:20:11,Qwen/Qwen3-8B,MMLU_selected_subjects,isot_true_341,meani,0.615,28,279
2025-12-21 03:20:42,Qwen/Qwen3-8B,MMLU_selected_subjects,isot_true_791,clean,0.596,28,717
2025-12-21 03:24:47,Qwen/Qwen3-8B,MMLU_selected_subjects,isot_true_341,wordd,0.589,28,279
2025-12-21 03:25:43,Qwen/Qwen3-8B,MMLU_selected_subjects,isot_true_791,meani,0.593,28,717
2025-12-21 03:29:41,Qwen/Qwen3-8B,MMLU_selected_subjects,isot_true_341,chara,0.577,28,279
2025-12-21 03:30:43,Qwen/Qwen3-8B,MMLU_selected_subjects,isot_true_791,wordd,0.559,28,717
2025-12-21 03:34:21,Qwen/Qwen3-8B,MMLU_selected_subjects,isot_true_342,clean,0.592,28,303
2025-12-21 03:36:26,Qwen/Qwen3-8B,MMLU_selected_subjects,isot_true_791,chara,0.554,28,717
2025-12-21 03:38:59,Qwen/Qwen3-8B,MMLU_selected_subjects,isot_true_342,meani,0.621,28,303
2025-12-21 03:41:14,Qwen/Qwen3-8B,MMLU_selected_subjects,isot_true_792,clean,0.588,28,543
2025-12-21 03:43:38,Qwen/Qwen3-8B,MMLU_selected_subjects,isot_true_342,wordd,0.598,28,303
2025-12-21 03:46:03,Qwen/Qwen3-8B,MMLU_selected_subjects,isot_true_792,meani,0.599,28,543
2025-12-21 03:48:33,Qwen/Qwen3-8B,MMLU_selected_subjects,isot_true_342,chara,0.543,28,303
2025-12-21 03:50:51,Qwen/Qwen3-8B,MMLU_selected_subjects,isot_true_792,wordd,0.568,28,543
2025-12-21 03:53:24,Qwen/Qwen3-8B,MMLU_selected_subjects,isot_true_343,clean,0.615,28,552
2025-12-21 03:56:12,Qwen/Qwen3-8B,MMLU_selected_subjects,isot_true_792,chara,0.533,28,543
2025-12-21 03:58:14,Qwen/Qwen3-8B,MMLU_selected_subjects,isot_true_343,meani,0.608,28,552
2025-12-21 04:01:08,Qwen/Qwen3-8B,MMLU_selected_subjects,isot_true_793,clean,0.59,28,711
2025-12-21 04:03:05,Qwen/Qwen3-8B,MMLU_selected_subjects,isot_true_343,wordd,0.581,28,552
2025-12-21 04:06:04,Qwen/Qwen3-8B,MMLU_selected_subjects,isot_true_793,meani,0.588,28,711
2025-12-21 04:08:27,Qwen/Qwen3-8B,MMLU_selected_subjects,isot_true_343,chara,0.55,28,552
2025-12-21 04:10:59,Qwen/Qwen3-8B,MMLU_selected_subjects,isot_true_793,wordd,0.577,28,711
2025-12-21 04:13:16,Qwen/Qwen3-8B,MMLU_selected_subjects,isot_true_344,clean,0.627,28,559
2025-12-21 04:16:39,Qwen/Qwen3-8B,MMLU_selected_subjects,isot_true_793,chara,0.511,28,711
2025-12-21 04:18:05,Qwen/Qwen3-8B,MMLU_selected_subjects,isot_true_344,meani,0.617,28,559
2025-12-21 04:21:30,Qwen/Qwen3-8B,MMLU_selected_subjects,isot_true_794,clean,0.589,28,572
2025-12-21 04:22:53,Qwen/Qwen3-8B,MMLU_selected_subjects,isot_true_344,wordd,0.603,28,559
2025-12-21 04:26:19,Qwen/Qwen3-8B,MMLU_selected_subjects,isot_true_794,meani,0.602,28,572
2025-12-21 04:28:18,Qwen/Qwen3-8B,MMLU_selected_subjects,isot_true_344,chara,0.548,28,559
2025-12-21 04:31:08,Qwen/Qwen3-8B,MMLU_selected_subjects,isot_true_794,wordd,0.606,28,572
2025-12-21 04:32:59,Qwen/Qwen3-8B,MMLU_selected_subjects,isot_true_345,clean,0.606,28,416
2025-12-21 04:36:33,Qwen/Qwen3-8B,MMLU_selected_subjects,isot_true_794,chara,0.539,28,572
2025-12-21 04:37:40,Qwen/Qwen3-8B,MMLU_selected_subjects,isot_true_345,meani,0.614,28,416
2025-12-21 04:41:16,Qwen/Qwen3-8B,MMLU_selected_subjects,isot_true_795,clean,0.602,28,401
2025-12-21 04:42:21,Qwen/Qwen3-8B,MMLU_selected_subjects,isot_true_345,wordd,0.601,28,416
2025-12-21 04:45:58,Qwen/Qwen3-8B,MMLU_selected_subjects,isot_true_795,meani,0.582,28,401
2025-12-21 04:47:27,Qwen/Qwen3-8B,MMLU_selected_subjects,isot_true_345,chara,0.566,28,416
2025-12-21 04:50:41,Qwen/Qwen3-8B,MMLU_selected_subjects,isot_true_795,wordd,0.573,28,401
2025-12-21 04:52:13,Qwen/Qwen3-8B,MMLU_selected_subjects,isot_true_346,clean,0.587,28,522
2025-12-21 04:55:47,Qwen/Qwen3-8B,MMLU_selected_subjects,isot_true_795,chara,0.53,28,401
2025-12-21 04:57:00,Qwen/Qwen3-8B,MMLU_selected_subjects,isot_true_346,meani,0.606,28,522
2025-12-21 05:00:40,Qwen/Qwen3-8B,MMLU_selected_subjects,isot_true_796,clean,0.582,28,579
2025-12-21 05:01:47,Qwen/Qwen3-8B,MMLU_selected_subjects,isot_true_346,wordd,0.579,28,522
2025-12-21 05:05:32,Qwen/Qwen3-8B,MMLU_selected_subjects,isot_true_796,meani,0.603,28,579
2025-12-21 05:07:04,Qwen/Qwen3-8B,MMLU_selected_subjects,isot_true_346,chara,0.568,28,522
2025-12-21 05:10:25,Qwen/Qwen3-8B,MMLU_selected_subjects,isot_true_796,wordd,0.6,28,579
2025-12-21 05:11:45,Qwen/Qwen3-8B,MMLU_selected_subjects,isot_true_347,clean,0.581,28,405
2025-12-21 05:15:49,Qwen/Qwen3-8B,MMLU_selected_subjects,isot_true_796,chara,0.551,28,579
2025-12-21 05:16:25,Qwen/Qwen3-8B,MMLU_selected_subjects,isot_true_347,meani,0.583,28,405
2025-12-21 05:20:27,Qwen/Qwen3-8B,MMLU_selected_subjects,isot_true_797,clean,0.617,28,405
2025-12-21 05:21:06,Qwen/Qwen3-8B,MMLU_selected_subjects,isot_true_347,wordd,0.603,28,405
2025-12-21 05:25:05,Qwen/Qwen3-8B,MMLU_selected_subjects,isot_true_797,meani,0.603,28,405
2025-12-21 05:26:14,Qwen/Qwen3-8B,MMLU_selected_subjects,isot_true_347,chara,0.536,28,405
2025-12-21 05:29:43,Qwen/Qwen3-8B,MMLU_selected_subjects,isot_true_797,wordd,0.603,28,405
2025-12-21 05:31:19,Qwen/Qwen3-8B,MMLU_selected_subjects,isot_true_348,clean,0.572,28,736
2025-12-21 05:34:51,Qwen/Qwen3-8B,MMLU_selected_subjects,isot_true_797,chara,0.563,28,405
2025-12-21 05:36:23,Qwen/Qwen3-8B,MMLU_selected_subjects,isot_true_348,meani,0.579,28,736
2025-12-21 05:39:57,Qwen/Qwen3-8B,MMLU_selected_subjects,isot_true_798,clean,0.602,28,765
2025-12-21 05:41:27,Qwen/Qwen3-8B,MMLU_selected_subjects,isot_true_348,wordd,0.587,28,736
2025-12-21 05:45:03,Qwen/Qwen3-8B,MMLU_selected_subjects,isot_true_798,meani,0.606,28,765
2025-12-21 05:47:12,Qwen/Qwen3-8B,MMLU_selected_subjects,isot_true_348,chara,0.532,28,736
2025-12-21 05:50:08,Qwen/Qwen3-8B,MMLU_selected_subjects,isot_true_798,wordd,0.583,28,765
2025-12-21 05:52:05,Qwen/Qwen3-8B,MMLU_selected_subjects,isot_true_349,clean,0.593,28,628
2025-12-21 05:56:02,Qwen/Qwen3-8B,MMLU_selected_subjects,isot_true_798,chara,0.544,28,765
2025-12-21 05:56:58,Qwen/Qwen3-8B,MMLU_selected_subjects,isot_true_349,meani,0.608,28,628
2025-12-21 06:00:48,Qwen/Qwen3-8B,MMLU_selected_subjects,isot_true_799,clean,0.59,28,526
2025-12-21 06:01:52,Qwen/Qwen3-8B,MMLU_selected_subjects,isot_true_349,wordd,0.585,28,628
2025-12-21 06:05:35,Qwen/Qwen3-8B,MMLU_selected_subjects,isot_true_799,meani,0.601,28,526
2025-12-21 06:07:24,Qwen/Qwen3-8B,MMLU_selected_subjects,isot_true_349,chara,0.541,28,628
2025-12-21 06:10:22,Qwen/Qwen3-8B,MMLU_selected_subjects,isot_true_799,wordd,0.598,28,526
2025-12-21 06:12:07,Qwen/Qwen3-8B,MMLU_selected_subjects,isot_true_35,clean,0.616,28,429
2025-12-21 06:15:39,Qwen/Qwen3-8B,MMLU_selected_subjects,isot_true_799,chara,0.549,28,526
2025-12-21 06:16:51,Qwen/Qwen3-8B,MMLU_selected_subjects,isot_true_35,meani,0.616,28,429
2025-12-21 06:20:24,Qwen/Qwen3-8B,MMLU_selected_subjects,isot_true_8,clean,0.604,28,453
2025-12-21 06:21:35,Qwen/Qwen3-8B,MMLU_selected_subjects,isot_true_35,wordd,0.609,28,429
2025-12-21 06:25:10,Qwen/Qwen3-8B,MMLU_selected_subjects,isot_true_8,meani,0.605,28,453
2025-12-21 06:26:45,Qwen/Qwen3-8B,MMLU_selected_subjects,isot_true_35,chara,0.555,28,429
2025-12-21 06:29:55,Qwen/Qwen3-8B,MMLU_selected_subjects,isot_true_8,wordd,0.6,28,453
2025-12-21 06:31:42,Qwen/Qwen3-8B,MMLU_selected_subjects,isot_true_350,clean,0.615,28,781
2025-12-21 06:35:06,Qwen/Qwen3-8B,MMLU_selected_subjects,isot_true_8,chara,0.575,28,453
2025-12-21 06:36:37,Qwen/Qwen3-8B,MMLU_selected_subjects,isot_true_350,meani,0.595,28,781
2025-12-21 06:39:41,Qwen/Qwen3-8B,MMLU_selected_subjects,isot_true_80,clean,0.608,28,314
2025-12-21 06:41:34,Qwen/Qwen3-8B,MMLU_selected_subjects,isot_true_350,wordd,0.593,28,781
2025-12-21 06:44:17,Qwen/Qwen3-8B,MMLU_selected_subjects,isot_true_80,meani,0.619,28,314
2025-12-21 06:47:23,Qwen/Qwen3-8B,MMLU_selected_subjects,isot_true_350,chara,0.558,28,781
2025-12-21 06:48:52,Qwen/Qwen3-8B,MMLU_selected_subjects,isot_true_80,wordd,0.589,28,314
2025-12-21 06:52:23,Qwen/Qwen3-8B,MMLU_selected_subjects,isot_true_351,clean,0.603,28,767
2025-12-21 06:53:46,Qwen/Qwen3-8B,MMLU_selected_subjects,isot_true_80,chara,0.54,28,314
2025-12-21 06:57:23,Qwen/Qwen3-8B,MMLU_selected_subjects,isot_true_351,meani,0.618,28,767
2025-12-21 06:58:35,Qwen/Qwen3-8B,MMLU_selected_subjects,isot_true_800,clean,0.616,28,573
2025-12-21 07:02:23,Qwen/Qwen3-8B,MMLU_selected_subjects,isot_true_351,wordd,0.6,28,767
2025-12-21 07:03:23,Qwen/Qwen3-8B,MMLU_selected_subjects,isot_true_800,meani,0.597,28,573
2025-12-21 07:08:06,Qwen/Qwen3-8B,MMLU_selected_subjects,isot_true_351,chara,0.543,28,767
2025-12-21 07:08:11,Qwen/Qwen3-8B,MMLU_selected_subjects,isot_true_800,wordd,0.609,28,573
2025-12-21 07:12:54,Qwen/Qwen3-8B,MMLU_selected_subjects,isot_true_352,clean,0.589,28,531
2025-12-21 07:13:38,Qwen/Qwen3-8B,MMLU_selected_subjects,isot_true_800,chara,0.565,28,573
2025-12-21 07:17:40,Qwen/Qwen3-8B,MMLU_selected_subjects,isot_true_352,meani,0.599,28,531
2025-12-21 07:18:29,Qwen/Qwen3-8B,MMLU_selected_subjects,isot_true_801,clean,0.59,28,535
2025-12-21 07:22:26,Qwen/Qwen3-8B,MMLU_selected_subjects,isot_true_352,wordd,0.601,28,531
2025-12-21 07:23:18,Qwen/Qwen3-8B,MMLU_selected_subjects,isot_true_801,meani,0.616,28,535
2025-12-21 07:27:42,Qwen/Qwen3-8B,MMLU_selected_subjects,isot_true_352,chara,0.535,28,531
2025-12-21 07:28:08,Qwen/Qwen3-8B,MMLU_selected_subjects,isot_true_801,wordd,0.595,28,535
2025-12-21 07:32:22,Qwen/Qwen3-8B,MMLU_selected_subjects,isot_true_353,clean,0.611,28,379
2025-12-21 07:33:30,Qwen/Qwen3-8B,MMLU_selected_subjects,isot_true_801,chara,0.548,28,535
2025-12-21 07:37:02,Qwen/Qwen3-8B,MMLU_selected_subjects,isot_true_353,meani,0.613,28,379
2025-12-21 07:38:12,Qwen/Qwen3-8B,MMLU_selected_subjects,isot_true_802,clean,0.605,28,405
2025-12-21 07:41:42,Qwen/Qwen3-8B,MMLU_selected_subjects,isot_true_353,wordd,0.598,28,379
2025-12-21 07:42:55,Qwen/Qwen3-8B,MMLU_selected_subjects,isot_true_802,meani,0.618,28,405
2025-12-21 07:46:46,Qwen/Qwen3-8B,MMLU_selected_subjects,isot_true_353,chara,0.561,28,379
2025-12-21 07:47:36,Qwen/Qwen3-8B,MMLU_selected_subjects,isot_true_802,wordd,0.597,28,405
2025-12-21 07:51:34,Qwen/Qwen3-8B,MMLU_selected_subjects,isot_true_354,clean,0.623,28,527
2025-12-21 07:52:40,Qwen/Qwen3-8B,MMLU_selected_subjects,isot_true_802,chara,0.562,28,405
2025-12-21 07:56:20,Qwen/Qwen3-8B,MMLU_selected_subjects,isot_true_354,meani,0.626,28,527
2025-12-21 07:57:20,Qwen/Qwen3-8B,MMLU_selected_subjects,isot_true_803,clean,0.582,28,398
2025-12-21 08:01:06,Qwen/Qwen3-8B,MMLU_selected_subjects,isot_true_354,wordd,0.603,28,527
2025-12-21 08:02:00,Qwen/Qwen3-8B,MMLU_selected_subjects,isot_true_803,meani,0.6,28,398
2025-12-21 08:06:26,Qwen/Qwen3-8B,MMLU_selected_subjects,isot_true_354,chara,0.567,28,527
2025-12-21 08:06:39,Qwen/Qwen3-8B,MMLU_selected_subjects,isot_true_803,wordd,0.579,28,398
2025-12-21 08:11:16,Qwen/Qwen3-8B,MMLU_selected_subjects,isot_true_355,clean,0.586,28,567
2025-12-21 08:11:43,Qwen/Qwen3-8B,MMLU_selected_subjects,isot_true_803,chara,0.522,28,398
2025-12-21 08:16:08,Qwen/Qwen3-8B,MMLU_selected_subjects,isot_true_355,meani,0.59,28,567
2025-12-21 08:16:36,Qwen/Qwen3-8B,MMLU_selected_subjects,isot_true_804,clean,0.606,28,632
2025-12-21 08:21:00,Qwen/Qwen3-8B,MMLU_selected_subjects,isot_true_355,wordd,0.572,28,567
2025-12-21 08:21:28,Qwen/Qwen3-8B,MMLU_selected_subjects,isot_true_804,meani,0.608,28,632
2025-12-21 08:26:19,Qwen/Qwen3-8B,MMLU_selected_subjects,isot_true_804,wordd,0.609,28,632
2025-12-21 08:26:25,Qwen/Qwen3-8B,MMLU_selected_subjects,isot_true_355,chara,0.533,28,567
2025-12-21 08:31:13,Qwen/Qwen3-8B,MMLU_selected_subjects,isot_true_356,clean,0.596,28,497
2025-12-21 08:31:49,Qwen/Qwen3-8B,MMLU_selected_subjects,isot_true_804,chara,0.587,28,632
2025-12-21 08:36:01,Qwen/Qwen3-8B,MMLU_selected_subjects,isot_true_356,meani,0.611,28,497
2025-12-21 08:36:40,Qwen/Qwen3-8B,MMLU_selected_subjects,isot_true_805,clean,0.6,28,686
2025-12-21 08:40:48,Qwen/Qwen3-8B,MMLU_selected_subjects,isot_true_356,wordd,0.582,28,497
2025-12-21 08:41:32,Qwen/Qwen3-8B,MMLU_selected_subjects,isot_true_805,meani,0.598,28,686
2025-12-21 08:46:04,Qwen/Qwen3-8B,MMLU_selected_subjects,isot_true_356,chara,0.546,28,497
2025-12-21 08:46:23,Qwen/Qwen3-8B,MMLU_selected_subjects,isot_true_805,wordd,0.574,28,686
2025-12-21 08:50:39,Qwen/Qwen3-8B,MMLU_selected_subjects,isot_true_357,clean,0.608,28,294
2025-12-21 08:52:02,Qwen/Qwen3-8B,MMLU_selected_subjects,isot_true_805,chara,0.551,28,686
2025-12-21 08:55:13,Qwen/Qwen3-8B,MMLU_selected_subjects,isot_true_357,meani,0.591,28,294
2025-12-21 08:57:02,Qwen/Qwen3-8B,MMLU_selected_subjects,isot_true_806,clean,0.605,28,742
2025-12-21 08:59:48,Qwen/Qwen3-8B,MMLU_selected_subjects,isot_true_357,wordd,0.605,28,294
2025-12-21 09:02:01,Qwen/Qwen3-8B,MMLU_selected_subjects,isot_true_806,meani,0.606,28,742
2025-12-21 09:04:42,Qwen/Qwen3-8B,MMLU_selected_subjects,isot_true_357,chara,0.552,28,294
2025-12-21 09:07:00,Qwen/Qwen3-8B,MMLU_selected_subjects,isot_true_806,wordd,0.612,28,742
2025-12-21 09:09:35,Qwen/Qwen3-8B,MMLU_selected_subjects,isot_true_358,clean,0.615,28,611
2025-12-21 09:12:44,Qwen/Qwen3-8B,MMLU_selected_subjects,isot_true_806,chara,0.551,28,742
2025-12-21 09:14:28,Qwen/Qwen3-8B,MMLU_selected_subjects,isot_true_358,meani,0.617,28,611
2025-12-21 09:17:29,Qwen/Qwen3-8B,MMLU_selected_subjects,isot_true_807,clean,0.603,28,502
2025-12-21 09:19:21,Qwen/Qwen3-8B,MMLU_selected_subjects,isot_true_358,wordd,0.599,28,611
2025-12-21 09:22:15,Qwen/Qwen3-8B,MMLU_selected_subjects,isot_true_807,meani,0.581,28,502
2025-12-21 09:24:51,Qwen/Qwen3-8B,MMLU_selected_subjects,isot_true_358,chara,0.52,28,611
2025-12-21 09:27:00,Qwen/Qwen3-8B,MMLU_selected_subjects,isot_true_807,wordd,0.588,28,502
2025-12-21 09:29:35,Qwen/Qwen3-8B,MMLU_selected_subjects,isot_true_359,clean,0.599,28,427
2025-12-21 09:32:17,Qwen/Qwen3-8B,MMLU_selected_subjects,isot_true_807,chara,0.535,28,502
2025-12-21 09:34:18,Qwen/Qwen3-8B,MMLU_selected_subjects,isot_true_359,meani,0.612,28,427
2025-12-21 09:36:56,Qwen/Qwen3-8B,MMLU_selected_subjects,isot_true_808,clean,0.624,28,378
2025-12-21 09:39:01,Qwen/Qwen3-8B,MMLU_selected_subjects,isot_true_359,wordd,0.6,28,427
2025-12-21 09:41:34,Qwen/Qwen3-8B,MMLU_selected_subjects,isot_true_808,meani,0.605,28,378
2025-12-21 09:44:10,Qwen/Qwen3-8B,MMLU_selected_subjects,isot_true_359,chara,0.538,28,427
2025-12-21 09:46:13,Qwen/Qwen3-8B,MMLU_selected_subjects,isot_true_808,wordd,0.616,28,378
2025-12-21 09:48:53,Qwen/Qwen3-8B,MMLU_selected_subjects,isot_true_36,clean,0.594,28,426
2025-12-21 09:51:15,Qwen/Qwen3-8B,MMLU_selected_subjects,isot_true_808,chara,0.529,28,378
2025-12-21 09:53:35,Qwen/Qwen3-8B,MMLU_selected_subjects,isot_true_36,meani,0.604,28,426
2025-12-21 09:55:58,Qwen/Qwen3-8B,MMLU_selected_subjects,isot_true_809,clean,0.581,28,403
2025-12-21 09:58:17,Qwen/Qwen3-8B,MMLU_selected_subjects,isot_true_36,wordd,0.606,28,426
2025-12-21 10:00:42,Qwen/Qwen3-8B,MMLU_selected_subjects,isot_true_809,meani,0.599,28,403
2025-12-21 10:03:25,Qwen/Qwen3-8B,MMLU_selected_subjects,isot_true_36,chara,0.554,28,426
2025-12-21 10:05:27,Qwen/Qwen3-8B,MMLU_selected_subjects,isot_true_809,wordd,0.597,28,403
2025-12-21 10:08:08,Qwen/Qwen3-8B,MMLU_selected_subjects,isot_true_360,clean,0.627,28,383
2025-12-21 10:10:32,Qwen/Qwen3-8B,MMLU_selected_subjects,isot_true_809,chara,0.561,28,403
2025-12-21 10:12:49,Qwen/Qwen3-8B,MMLU_selected_subjects,isot_true_360,meani,0.599,28,383
2025-12-21 10:15:19,Qwen/Qwen3-8B,MMLU_selected_subjects,isot_true_81,clean,0.597,28,511
2025-12-21 10:17:31,Qwen/Qwen3-8B,MMLU_selected_subjects,isot_true_360,wordd,0.602,28,383
2025-12-21 10:20:04,Qwen/Qwen3-8B,MMLU_selected_subjects,isot_true_81,meani,0.602,28,511
2025-12-21 10:22:36,Qwen/Qwen3-8B,MMLU_selected_subjects,isot_true_360,chara,0.556,28,383
2025-12-21 10:24:50,Qwen/Qwen3-8B,MMLU_selected_subjects,isot_true_81,wordd,0.589,28,511
2025-12-21 10:27:29,Qwen/Qwen3-8B,MMLU_selected_subjects,isot_true_361,clean,0.614,28,576
2025-12-21 10:30:09,Qwen/Qwen3-8B,MMLU_selected_subjects,isot_true_81,chara,0.56,28,511
2025-12-21 10:32:21,Qwen/Qwen3-8B,MMLU_selected_subjects,isot_true_361,meani,0.607,28,576
2025-12-21 10:35:10,Qwen/Qwen3-8B,MMLU_selected_subjects,isot_true_810,clean,0.595,28,753
2025-12-21 10:37:13,Qwen/Qwen3-8B,MMLU_selected_subjects,isot_true_361,wordd,0.605,28,576
2025-12-21 10:40:10,Qwen/Qwen3-8B,MMLU_selected_subjects,isot_true_810,meani,0.571,28,753
2025-12-21 10:42:39,Qwen/Qwen3-8B,MMLU_selected_subjects,isot_true_361,chara,0.523,28,576
2025-12-21 10:45:09,Qwen/Qwen3-8B,MMLU_selected_subjects,isot_true_810,wordd,0.584,28,753
2025-12-21 10:47:26,Qwen/Qwen3-8B,MMLU_selected_subjects,isot_true_362,clean,0.601,28,450
2025-12-21 10:50:57,Qwen/Qwen3-8B,MMLU_selected_subjects,isot_true_810,chara,0.545,28,753
2025-12-21 10:52:12,Qwen/Qwen3-8B,MMLU_selected_subjects,isot_true_362,meani,0.614,28,450
2025-12-21 10:55:33,Qwen/Qwen3-8B,MMLU_selected_subjects,isot_true_811,clean,0.61,28,312
2025-12-21 10:56:59,Qwen/Qwen3-8B,MMLU_selected_subjects,isot_true_362,wordd,0.601,28,450
2025-12-21 11:00:08,Qwen/Qwen3-8B,MMLU_selected_subjects,isot_true_811,meani,0.603,28,312
2025-12-21 11:02:12,Qwen/Qwen3-8B,MMLU_selected_subjects,isot_true_362,chara,0.566,28,450
2025-12-21 11:04:43,Qwen/Qwen3-8B,MMLU_selected_subjects,isot_true_811,wordd,0.579,28,312
2025-12-21 11:06:49,Qwen/Qwen3-8B,MMLU_selected_subjects,isot_true_363,clean,0.612,28,334
2025-12-21 11:09:38,Qwen/Qwen3-8B,MMLU_selected_subjects,isot_true_811,chara,0.535,28,312
2025-12-21 11:11:26,Qwen/Qwen3-8B,MMLU_selected_subjects,isot_true_363,meani,0.616,28,334
2025-12-21 11:14:18,Qwen/Qwen3-8B,MMLU_selected_subjects,isot_true_812,clean,0.597,28,425
2025-12-21 11:16:02,Qwen/Qwen3-8B,MMLU_selected_subjects,isot_true_363,wordd,0.617,28,334
2025-12-21 11:18:57,Qwen/Qwen3-8B,MMLU_selected_subjects,isot_true_812,meani,0.6,28,425
2025-12-21 11:21:02,Qwen/Qwen3-8B,MMLU_selected_subjects,isot_true_363,chara,0.537,28,334
2025-12-21 11:23:37,Qwen/Qwen3-8B,MMLU_selected_subjects,isot_true_812,wordd,0.596,28,425
2025-12-21 11:25:48,Qwen/Qwen3-8B,MMLU_selected_subjects,isot_true_364,clean,0.58,28,490
2025-12-21 11:28:46,Qwen/Qwen3-8B,MMLU_selected_subjects,isot_true_812,chara,0.546,28,425
2025-12-21 11:30:33,Qwen/Qwen3-8B,MMLU_selected_subjects,isot_true_364,meani,0.578,28,490
2025-12-21 11:33:25,Qwen/Qwen3-8B,MMLU_selected_subjects,isot_true_813,clean,0.625,28,429
2025-12-21 11:35:19,Qwen/Qwen3-8B,MMLU_selected_subjects,isot_true_364,wordd,0.591,28,490
2025-12-21 11:38:05,Qwen/Qwen3-8B,MMLU_selected_subjects,isot_true_813,meani,0.608,28,429
2025-12-21 11:40:35,Qwen/Qwen3-8B,MMLU_selected_subjects,isot_true_364,chara,0.583,28,490
2025-12-21 11:42:44,Qwen/Qwen3-8B,MMLU_selected_subjects,isot_true_813,wordd,0.606,28,429
2025-12-21 11:45:27,Qwen/Qwen3-8B,MMLU_selected_subjects,isot_true_365,clean,0.579,28,606
2025-12-21 11:47:52,Qwen/Qwen3-8B,MMLU_selected_subjects,isot_true_813,chara,0.539,28,429
2025-12-21 11:50:18,Qwen/Qwen3-8B,MMLU_selected_subjects,isot_true_365,meani,0.601,28,606
2025-12-21 11:52:24,Qwen/Qwen3-8B,MMLU_selected_subjects,isot_true_814,clean,0.608,28,253
2025-12-21 11:55:09,Qwen/Qwen3-8B,MMLU_selected_subjects,isot_true_365,wordd,0.547,28,606
2025-12-21 11:56:54,Qwen/Qwen3-8B,MMLU_selected_subjects,isot_true_814,meani,0.577,28,253
2025-12-21 12:00:37,Qwen/Qwen3-8B,MMLU_selected_subjects,isot_true_365,chara,0.546,28,606
2025-12-21 12:01:24,Qwen/Qwen3-8B,MMLU_selected_subjects,isot_true_814,wordd,0.572,28,253
2025-12-21 12:05:37,Qwen/Qwen3-8B,MMLU_selected_subjects,isot_true_366,clean,0.593,28,703
2025-12-21 12:06:11,Qwen/Qwen3-8B,MMLU_selected_subjects,isot_true_814,chara,0.54,28,253
2025-12-21 12:10:37,Qwen/Qwen3-8B,MMLU_selected_subjects,isot_true_366,meani,0.589,28,703
2025-12-21 12:10:44,Qwen/Qwen3-8B,MMLU_selected_subjects,isot_true_815,clean,0.602,28,248
2025-12-21 12:15:16,Qwen/Qwen3-8B,MMLU_selected_subjects,isot_true_815,meani,0.604,28,248
2025-12-21 12:15:37,Qwen/Qwen3-8B,MMLU_selected_subjects,isot_true_366,wordd,0.59,28,703
2025-12-21 12:19:49,Qwen/Qwen3-8B,MMLU_selected_subjects,isot_true_815,wordd,0.578,28,248
2025-12-21 12:21:17,Qwen/Qwen3-8B,MMLU_selected_subjects,isot_true_366,chara,0.513,28,703
2025-12-21 12:24:36,Qwen/Qwen3-8B,MMLU_selected_subjects,isot_true_815,chara,0.559,28,248
2025-12-21 12:25:57,Qwen/Qwen3-8B,MMLU_selected_subjects,isot_true_367,clean,0.642,28,407
2025-12-21 12:29:21,Qwen/Qwen3-8B,MMLU_selected_subjects,isot_true_816,clean,0.6,28,397
2025-12-21 12:30:38,Qwen/Qwen3-8B,MMLU_selected_subjects,isot_true_367,meani,0.625,28,407
2025-12-21 12:34:06,Qwen/Qwen3-8B,MMLU_selected_subjects,isot_true_816,meani,0.61,28,397
2025-12-21 12:35:18,Qwen/Qwen3-8B,MMLU_selected_subjects,isot_true_367,wordd,0.613,28,407
2025-12-21 12:38:50,Qwen/Qwen3-8B,MMLU_selected_subjects,isot_true_816,wordd,0.606,28,397
2025-12-21 12:40:23,Qwen/Qwen3-8B,MMLU_selected_subjects,isot_true_367,chara,0.555,28,407
2025-12-21 12:43:57,Qwen/Qwen3-8B,MMLU_selected_subjects,isot_true_816,chara,0.569,28,397
2025-12-21 12:45:05,Qwen/Qwen3-8B,MMLU_selected_subjects,isot_true_368,clean,0.62,28,391
2025-12-21 12:48:53,Qwen/Qwen3-8B,MMLU_selected_subjects,isot_true_817,clean,0.586,28,645
2025-12-21 12:49:45,Qwen/Qwen3-8B,MMLU_selected_subjects,isot_true_368,meani,0.596,28,391
2025-12-21 12:53:49,Qwen/Qwen3-8B,MMLU_selected_subjects,isot_true_817,meani,0.596,28,645
2025-12-21 12:54:26,Qwen/Qwen3-8B,MMLU_selected_subjects,isot_true_368,wordd,0.599,28,391
2025-12-21 12:58:45,Qwen/Qwen3-8B,MMLU_selected_subjects,isot_true_817,wordd,0.584,28,645
2025-12-21 12:59:34,Qwen/Qwen3-8B,MMLU_selected_subjects,isot_true_368,chara,0.568,28,391
2025-12-21 13:04:16,Qwen/Qwen3-8B,MMLU_selected_subjects,isot_true_817,chara,0.54,28,645
2025-12-21 13:04:18,Qwen/Qwen3-8B,MMLU_selected_subjects,isot_true_369,clean,0.619,28,460
2025-12-21 13:09:02,Qwen/Qwen3-8B,MMLU_selected_subjects,isot_true_369,meani,0.617,28,460
2025-12-21 13:09:03,Qwen/Qwen3-8B,MMLU_selected_subjects,isot_true_818,clean,0.626,28,525
2025-12-21 13:13:47,Qwen/Qwen3-8B,MMLU_selected_subjects,isot_true_369,wordd,0.596,28,460
2025-12-21 13:13:48,Qwen/Qwen3-8B,MMLU_selected_subjects,isot_true_818,meani,0.619,28,525
2025-12-21 13:18:34,Qwen/Qwen3-8B,MMLU_selected_subjects,isot_true_818,wordd,0.605,28,525
2025-12-21 13:18:59,Qwen/Qwen3-8B,MMLU_selected_subjects,isot_true_369,chara,0.584,28,460
2025-12-21 13:23:51,Qwen/Qwen3-8B,MMLU_selected_subjects,isot_true_37,clean,0.616,28,623
2025-12-21 13:23:52,Qwen/Qwen3-8B,MMLU_selected_subjects,isot_true_818,chara,0.537,28,525
2025-12-21 13:28:43,Qwen/Qwen3-8B,MMLU_selected_subjects,isot_true_37,meani,0.627,28,623
2025-12-21 13:28:45,Qwen/Qwen3-8B,MMLU_selected_subjects,isot_true_819,clean,0.598,28,644
2025-12-21 13:33:35,Qwen/Qwen3-8B,MMLU_selected_subjects,isot_true_37,wordd,0.617,28,623
2025-12-21 13:33:37,Qwen/Qwen3-8B,MMLU_selected_subjects,isot_true_819,meani,0.588,28,644
2025-12-21 13:38:30,Qwen/Qwen3-8B,MMLU_selected_subjects,isot_true_819,wordd,0.579,28,644
2025-12-21 13:39:06,Qwen/Qwen3-8B,MMLU_selected_subjects,isot_true_37,chara,0.559,28,623
2025-12-21 13:44:02,Qwen/Qwen3-8B,MMLU_selected_subjects,isot_true_819,chara,0.552,28,644
2025-12-21 13:44:06,Qwen/Qwen3-8B,MMLU_selected_subjects,isot_true_370,clean,0.608,28,716
2025-12-21 13:48:54,Qwen/Qwen3-8B,MMLU_selected_subjects,isot_true_82,clean,0.618,28,597
2025-12-21 13:49:05,Qwen/Qwen3-8B,MMLU_selected_subjects,isot_true_370,meani,0.599,28,716
2025-12-21 13:53:46,Qwen/Qwen3-8B,MMLU_selected_subjects,isot_true_82,meani,0.604,28,597
2025-12-21 13:54:04,Qwen/Qwen3-8B,MMLU_selected_subjects,isot_true_370,wordd,0.593,28,716
2025-12-21 13:58:37,Qwen/Qwen3-8B,MMLU_selected_subjects,isot_true_82,wordd,0.595,28,597
2025-12-21 13:59:44,Qwen/Qwen3-8B,MMLU_selected_subjects,isot_true_370,chara,0.556,28,716
2025-12-21 14:04:05,Qwen/Qwen3-8B,MMLU_selected_subjects,isot_true_82,chara,0.544,28,597
2025-12-21 14:04:39,Qwen/Qwen3-8B,MMLU_selected_subjects,isot_true_371,clean,0.606,28,621
2025-12-21 14:08:51,Qwen/Qwen3-8B,MMLU_selected_subjects,isot_true_820,clean,0.593,28,512
2025-12-21 14:09:34,Qwen/Qwen3-8B,MMLU_selected_subjects,isot_true_371,meani,0.59,28,621
2025-12-21 14:13:36,Qwen/Qwen3-8B,MMLU_selected_subjects,isot_true_820,meani,0.593,28,512
2025-12-21 14:14:29,Qwen/Qwen3-8B,MMLU_selected_subjects,isot_true_371,wordd,0.595,28,621
2025-12-21 14:18:22,Qwen/Qwen3-8B,MMLU_selected_subjects,isot_true_820,wordd,0.593,28,512
2025-12-21 14:19:58,Qwen/Qwen3-8B,MMLU_selected_subjects,isot_true_371,chara,0.566,28,621
2025-12-21 14:23:40,Qwen/Qwen3-8B,MMLU_selected_subjects,isot_true_820,chara,0.531,28,512
2025-12-21 14:24:39,Qwen/Qwen3-8B,MMLU_selected_subjects,isot_true_372,clean,0.586,28,309
2025-12-21 14:28:28,Qwen/Qwen3-8B,MMLU_selected_subjects,isot_true_821,clean,0.619,28,559
2025-12-21 14:29:21,Qwen/Qwen3-8B,MMLU_selected_subjects,isot_true_372,meani,0.605,28,309
2025-12-21 14:33:17,Qwen/Qwen3-8B,MMLU_selected_subjects,isot_true_821,meani,0.623,28,559
2025-12-21 14:34:03,Qwen/Qwen3-8B,MMLU_selected_subjects,isot_true_372,wordd,0.584,28,309
2025-12-21 14:38:03,Qwen/Qwen3-8B,MMLU_selected_subjects,isot_true_821,wordd,0.606,28,559
2025-12-21 14:39:02,Qwen/Qwen3-8B,MMLU_selected_subjects,isot_true_372,chara,0.555,28,309
2025-12-21 14:43:26,Qwen/Qwen3-8B,MMLU_selected_subjects,isot_true_821,chara,0.551,28,559
2025-12-21 14:43:50,Qwen/Qwen3-8B,MMLU_selected_subjects,isot_true_373,clean,0.586,28,569
2025-12-21 14:48:13,Qwen/Qwen3-8B,MMLU_selected_subjects,isot_true_822,clean,0.617,28,554
2025-12-21 14:48:38,Qwen/Qwen3-8B,MMLU_selected_subjects,isot_true_373,meani,0.588,28,569
2025-12-21 14:53:00,Qwen/Qwen3-8B,MMLU_selected_subjects,isot_true_822,meani,0.584,28,554
2025-12-21 14:53:26,Qwen/Qwen3-8B,MMLU_selected_subjects,isot_true_373,wordd,0.586,28,569
2025-12-21 14:57:47,Qwen/Qwen3-8B,MMLU_selected_subjects,isot_true_822,wordd,0.592,28,554
2025-12-21 14:58:50,Qwen/Qwen3-8B,MMLU_selected_subjects,isot_true_373,chara,0.548,28,569
2025-12-21 15:03:07,Qwen/Qwen3-8B,MMLU_selected_subjects,isot_true_822,chara,0.515,28,554
2025-12-21 15:03:45,Qwen/Qwen3-8B,MMLU_selected_subjects,isot_true_374,clean,0.602,28,611
2025-12-21 15:08:20,Qwen/Qwen3-8B,MMLU_selected_subjects,isot_true_823,clean,0.61,28,746
2025-12-21 15:08:38,Qwen/Qwen3-8B,MMLU_selected_subjects,isot_true_374,meani,0.59,28,611
2025-12-21 15:13:32,Qwen/Qwen3-8B,MMLU_selected_subjects,isot_true_374,wordd,0.579,28,611
2025-12-21 15:13:34,Qwen/Qwen3-8B,MMLU_selected_subjects,isot_true_823,meani,0.609,28,746
2025-12-21 15:18:47,Qwen/Qwen3-8B,MMLU_selected_subjects,isot_true_823,wordd,0.615,28,746
2025-12-21 15:19:05,Qwen/Qwen3-8B,MMLU_selected_subjects,isot_true_374,chara,0.526,28,611
2025-12-21 15:24:00,Qwen/Qwen3-8B,MMLU_selected_subjects,isot_true_375,clean,0.601,28,634
2025-12-21 15:24:38,Qwen/Qwen3-8B,MMLU_selected_subjects,isot_true_823,chara,0.564,28,746
2025-12-21 15:28:55,Qwen/Qwen3-8B,MMLU_selected_subjects,isot_true_375,meani,0.616,28,634
2025-12-21 15:29:21,Qwen/Qwen3-8B,MMLU_selected_subjects,isot_true_824,clean,0.592,28,385
2025-12-21 15:33:50,Qwen/Qwen3-8B,MMLU_selected_subjects,isot_true_375,wordd,0.609,28,634
2025-12-21 15:34:03,Qwen/Qwen3-8B,MMLU_selected_subjects,isot_true_824,meani,0.614,28,385
2025-12-21 15:38:45,Qwen/Qwen3-8B,MMLU_selected_subjects,isot_true_824,wordd,0.586,28,385
2025-12-21 15:39:24,Qwen/Qwen3-8B,MMLU_selected_subjects,isot_true_375,chara,0.584,28,634
2025-12-21 15:43:48,Qwen/Qwen3-8B,MMLU_selected_subjects,isot_true_824,chara,0.538,28,385
2025-12-21 15:44:19,Qwen/Qwen3-8B,MMLU_selected_subjects,isot_true_376,clean,0.627,28,594
2025-12-21 15:48:39,Qwen/Qwen3-8B,MMLU_selected_subjects,isot_true_825,clean,0.594,28,625
2025-12-21 15:49:12,Qwen/Qwen3-8B,MMLU_selected_subjects,isot_true_376,meani,0.627,28,594
2025-12-21 15:53:30,Qwen/Qwen3-8B,MMLU_selected_subjects,isot_true_825,meani,0.585,28,625
2025-12-21 15:54:07,Qwen/Qwen3-8B,MMLU_selected_subjects,isot_true_376,wordd,0.627,28,594
2025-12-21 15:58:21,Qwen/Qwen3-8B,MMLU_selected_subjects,isot_true_825,wordd,0.562,28,625
2025-12-21 15:59:33,Qwen/Qwen3-8B,MMLU_selected_subjects,isot_true_376,chara,0.56,28,594
2025-12-21 16:03:52,Qwen/Qwen3-8B,MMLU_selected_subjects,isot_true_825,chara,0.571,28,625
2025-12-21 16:04:21,Qwen/Qwen3-8B,MMLU_selected_subjects,isot_true_377,clean,0.585,28,367
2025-12-21 16:08:49,Qwen/Qwen3-8B,MMLU_selected_subjects,isot_true_826,clean,0.625,28,637
2025-12-21 16:09:09,Qwen/Qwen3-8B,MMLU_selected_subjects,isot_true_377,meani,0.622,28,367
2025-12-21 16:13:46,Qwen/Qwen3-8B,MMLU_selected_subjects,isot_true_826,meani,0.613,28,637
2025-12-21 16:13:57,Qwen/Qwen3-8B,MMLU_selected_subjects,isot_true_377,wordd,0.623,28,367
2025-12-21 16:18:43,Qwen/Qwen3-8B,MMLU_selected_subjects,isot_true_826,wordd,0.567,28,637
2025-12-21 16:19:03,Qwen/Qwen3-8B,MMLU_selected_subjects,isot_true_377,chara,0.536,28,367
2025-12-21 16:23:44,Qwen/Qwen3-8B,MMLU_selected_subjects,isot_true_378,clean,0.604,28,403
2025-12-21 16:24:15,Qwen/Qwen3-8B,MMLU_selected_subjects,isot_true_826,chara,0.543,28,637
2025-12-21 16:28:24,Qwen/Qwen3-8B,MMLU_selected_subjects,isot_true_378,meani,0.599,28,403
2025-12-21 16:28:54,Qwen/Qwen3-8B,MMLU_selected_subjects,isot_true_827,clean,0.625,28,390
2025-12-21 16:33:04,Qwen/Qwen3-8B,MMLU_selected_subjects,isot_true_378,wordd,0.598,28,403
2025-12-21 16:33:31,Qwen/Qwen3-8B,MMLU_selected_subjects,isot_true_827,meani,0.607,28,390
2025-12-21 16:38:09,Qwen/Qwen3-8B,MMLU_selected_subjects,isot_true_827,wordd,0.62,28,390
2025-12-21 16:38:10,Qwen/Qwen3-8B,MMLU_selected_subjects,isot_true_378,chara,0.538,28,403
2025-12-21 16:43:00,Qwen/Qwen3-8B,MMLU_selected_subjects,isot_true_379,clean,0.597,28,496
2025-12-21 16:43:12,Qwen/Qwen3-8B,MMLU_selected_subjects,isot_true_827,chara,0.578,28,390
2025-12-21 16:47:48,Qwen/Qwen3-8B,MMLU_selected_subjects,isot_true_379,meani,0.612,28,496
2025-12-21 16:47:55,Qwen/Qwen3-8B,MMLU_selected_subjects,isot_true_828,clean,0.615,28,497
2025-12-21 16:52:37,Qwen/Qwen3-8B,MMLU_selected_subjects,isot_true_379,wordd,0.6,28,496
2025-12-21 16:52:39,Qwen/Qwen3-8B,MMLU_selected_subjects,isot_true_828,meani,0.609,28,497
2025-12-21 16:57:23,Qwen/Qwen3-8B,MMLU_selected_subjects,isot_true_828,wordd,0.593,28,497
2025-12-21 16:57:56,Qwen/Qwen3-8B,MMLU_selected_subjects,isot_true_379,chara,0.562,28,496
2025-12-21 17:02:39,Qwen/Qwen3-8B,MMLU_selected_subjects,isot_true_38,clean,0.607,28,478
2025-12-21 17:02:41,Qwen/Qwen3-8B,MMLU_selected_subjects,isot_true_828,chara,0.539,28,497
2025-12-21 17:07:23,Qwen/Qwen3-8B,MMLU_selected_subjects,isot_true_38,meani,0.617,28,478
2025-12-21 17:07:48,Qwen/Qwen3-8B,MMLU_selected_subjects,isot_true_829,clean,0.604,28,781
2025-12-21 17:12:06,Qwen/Qwen3-8B,MMLU_selected_subjects,isot_true_38,wordd,0.593,28,478
2025-12-21 17:12:55,Qwen/Qwen3-8B,MMLU_selected_subjects,isot_true_829,meani,0.616,28,781
2025-12-21 17:17:22,Qwen/Qwen3-8B,MMLU_selected_subjects,isot_true_38,chara,0.571,28,478
2025-12-21 17:18:01,Qwen/Qwen3-8B,MMLU_selected_subjects,isot_true_829,wordd,0.595,28,781
2025-12-21 17:22:07,Qwen/Qwen3-8B,MMLU_selected_subjects,isot_true_380,clean,0.6,28,504
2025-12-21 17:23:50,Qwen/Qwen3-8B,MMLU_selected_subjects,isot_true_829,chara,0.554,28,781
2025-12-21 17:26:53,Qwen/Qwen3-8B,MMLU_selected_subjects,isot_true_380,meani,0.597,28,504
2025-12-21 17:28:35,Qwen/Qwen3-8B,MMLU_selected_subjects,isot_true_83,clean,0.627,28,547
2025-12-21 17:31:39,Qwen/Qwen3-8B,MMLU_selected_subjects,isot_true_380,wordd,0.593,28,504
2025-12-21 17:33:21,Qwen/Qwen3-8B,MMLU_selected_subjects,isot_true_83,meani,0.631,28,547
2025-12-21 17:36:56,Qwen/Qwen3-8B,MMLU_selected_subjects,isot_true_380,chara,0.556,28,504
2025-12-21 17:38:06,Qwen/Qwen3-8B,MMLU_selected_subjects,isot_true_83,wordd,0.619,28,547
2025-12-21 17:41:44,Qwen/Qwen3-8B,MMLU_selected_subjects,isot_true_381,clean,0.563,28,512
2025-12-21 17:43:27,Qwen/Qwen3-8B,MMLU_selected_subjects,isot_true_83,chara,0.561,28,547
2025-12-21 17:46:32,Qwen/Qwen3-8B,MMLU_selected_subjects,isot_true_381,meani,0.588,28,512
2025-12-21 17:48:17,Qwen/Qwen3-8B,MMLU_selected_subjects,isot_true_830,clean,0.62,28,630
2025-12-21 17:51:19,Qwen/Qwen3-8B,MMLU_selected_subjects,isot_true_381,wordd,0.597,28,512
2025-12-21 17:53:08,Qwen/Qwen3-8B,MMLU_selected_subjects,isot_true_830,meani,0.617,28,630
2025-12-21 17:56:37,Qwen/Qwen3-8B,MMLU_selected_subjects,isot_true_381,chara,0.552,28,512
2025-12-21 17:57:59,Qwen/Qwen3-8B,MMLU_selected_subjects,isot_true_830,wordd,0.618,28,630
2025-12-21 18:01:21,Qwen/Qwen3-8B,MMLU_selected_subjects,isot_true_382,clean,0.607,28,484
2025-12-21 18:03:29,Qwen/Qwen3-8B,MMLU_selected_subjects,isot_true_830,chara,0.556,28,630
2025-12-21 18:06:04,Qwen/Qwen3-8B,MMLU_selected_subjects,isot_true_382,meani,0.603,28,484
2025-12-21 18:08:04,Qwen/Qwen3-8B,MMLU_selected_subjects,isot_true_831,clean,0.608,28,247
2025-12-21 18:10:48,Qwen/Qwen3-8B,MMLU_selected_subjects,isot_true_382,wordd,0.599,28,484
2025-12-21 18:12:38,Qwen/Qwen3-8B,MMLU_selected_subjects,isot_true_831,meani,0.592,28,247
2025-12-21 18:16:06,Qwen/Qwen3-8B,MMLU_selected_subjects,isot_true_382,chara,0.573,28,484
2025-12-21 18:17:14,Qwen/Qwen3-8B,MMLU_selected_subjects,isot_true_831,wordd,0.599,28,247
2025-12-21 18:20:59,Qwen/Qwen3-8B,MMLU_selected_subjects,isot_true_383,clean,0.61,28,686
2025-12-21 18:22:02,Qwen/Qwen3-8B,MMLU_selected_subjects,isot_true_831,chara,0.552,28,247
2025-12-21 18:25:51,Qwen/Qwen3-8B,MMLU_selected_subjects,isot_true_383,meani,0.598,28,686
2025-12-21 18:27:01,Qwen/Qwen3-8B,MMLU_selected_subjects,isot_true_832,clean,0.586,28,697
2025-12-21 18:30:44,Qwen/Qwen3-8B,MMLU_selected_subjects,isot_true_383,wordd,0.576,28,686
2025-12-21 18:32:00,Qwen/Qwen3-8B,MMLU_selected_subjects,isot_true_832,meani,0.596,28,697
2025-12-21 18:36:22,Qwen/Qwen3-8B,MMLU_selected_subjects,isot_true_383,chara,0.532,28,686
2025-12-21 18:36:58,Qwen/Qwen3-8B,MMLU_selected_subjects,isot_true_832,wordd,0.593,28,697
2025-12-21 18:41:09,Qwen/Qwen3-8B,MMLU_selected_subjects,isot_true_384,clean,0.594,28,512
2025-12-21 18:42:39,Qwen/Qwen3-8B,MMLU_selected_subjects,isot_true_832,chara,0.548,28,697
2025-12-21 18:45:54,Qwen/Qwen3-8B,MMLU_selected_subjects,isot_true_384,meani,0.6,28,512
2025-12-21 18:47:31,Qwen/Qwen3-8B,MMLU_selected_subjects,isot_true_833,clean,0.628,28,570
2025-12-21 18:50:40,Qwen/Qwen3-8B,MMLU_selected_subjects,isot_true_384,wordd,0.589,28,512
2025-12-21 18:52:22,Qwen/Qwen3-8B,MMLU_selected_subjects,isot_true_833,meani,0.637,28,570
2025-12-21 18:55:58,Qwen/Qwen3-8B,MMLU_selected_subjects,isot_true_384,chara,0.543,28,512
2025-12-21 18:57:14,Qwen/Qwen3-8B,MMLU_selected_subjects,isot_true_833,wordd,0.605,28,570
2025-12-21 19:01:00,Qwen/Qwen3-8B,MMLU_selected_subjects,isot_true_385,clean,0.602,28,744
2025-12-21 19:02:41,Qwen/Qwen3-8B,MMLU_selected_subjects,isot_true_833,chara,0.552,28,570
2025-12-21 19:06:02,Qwen/Qwen3-8B,MMLU_selected_subjects,isot_true_385,meani,0.602,28,744
2025-12-21 19:07:26,Qwen/Qwen3-8B,MMLU_selected_subjects,isot_true_834,clean,0.604,28,489
2025-12-21 19:11:04,Qwen/Qwen3-8B,MMLU_selected_subjects,isot_true_385,wordd,0.592,28,744
2025-12-21 19:12:11,Qwen/Qwen3-8B,MMLU_selected_subjects,isot_true_834,meani,0.609,28,489
2025-12-21 19:16:50,Qwen/Qwen3-8B,MMLU_selected_subjects,isot_true_385,chara,0.53,28,744
2025-12-21 19:16:56,Qwen/Qwen3-8B,MMLU_selected_subjects,isot_true_834,wordd,0.587,28,489
2025-12-21 19:21:31,Qwen/Qwen3-8B,MMLU_selected_subjects,isot_true_386,clean,0.608,28,407
2025-12-21 19:22:09,Qwen/Qwen3-8B,MMLU_selected_subjects,isot_true_834,chara,0.563,28,489
2025-12-21 19:26:13,Qwen/Qwen3-8B,MMLU_selected_subjects,isot_true_386,meani,0.608,28,407
2025-12-21 19:26:55,Qwen/Qwen3-8B,MMLU_selected_subjects,isot_true_835,clean,0.599,28,497
2025-12-21 19:30:54,Qwen/Qwen3-8B,MMLU_selected_subjects,isot_true_386,wordd,0.602,28,407
2025-12-21 19:31:41,Qwen/Qwen3-8B,MMLU_selected_subjects,isot_true_835,meani,0.613,28,497
2025-12-21 19:36:01,Qwen/Qwen3-8B,MMLU_selected_subjects,isot_true_386,chara,0.544,28,407
2025-12-21 19:36:25,Qwen/Qwen3-8B,MMLU_selected_subjects,isot_true_835,wordd,0.611,28,497
2025-12-21 19:40:47,Qwen/Qwen3-8B,MMLU_selected_subjects,isot_true_387,clean,0.585,28,494
2025-12-21 19:41:45,Qwen/Qwen3-8B,MMLU_selected_subjects,isot_true_835,chara,0.586,28,497
2025-12-21 19:45:32,Qwen/Qwen3-8B,MMLU_selected_subjects,isot_true_387,meani,0.614,28,494
2025-12-21 19:46:31,Qwen/Qwen3-8B,MMLU_selected_subjects,isot_true_836,clean,0.612,28,500
2025-12-21 19:50:17,Qwen/Qwen3-8B,MMLU_selected_subjects,isot_true_387,wordd,0.603,28,494
2025-12-21 19:51:17,Qwen/Qwen3-8B,MMLU_selected_subjects,isot_true_836,meani,0.591,28,500
2025-12-21 19:55:34,Qwen/Qwen3-8B,MMLU_selected_subjects,isot_true_387,chara,0.576,28,494
2025-12-21 19:56:03,Qwen/Qwen3-8B,MMLU_selected_subjects,isot_true_836,wordd,0.6,28,500
2025-12-21 20:00:17,Qwen/Qwen3-8B,MMLU_selected_subjects,isot_true_388,clean,0.614,28,428
2025-12-21 20:01:20,Qwen/Qwen3-8B,MMLU_selected_subjects,isot_true_836,chara,0.544,28,500
2025-12-21 20:04:58,Qwen/Qwen3-8B,MMLU_selected_subjects,isot_true_388,meani,0.618,28,428
2025-12-21 20:06:01,Qwen/Qwen3-8B,MMLU_selected_subjects,isot_true_837,clean,0.616,28,437
2025-12-21 20:09:39,Qwen/Qwen3-8B,MMLU_selected_subjects,isot_true_388,wordd,0.604,28,428
2025-12-21 20:10:42,Qwen/Qwen3-8B,MMLU_selected_subjects,isot_true_837,meani,0.607,28,437
2025-12-21 20:14:50,Qwen/Qwen3-8B,MMLU_selected_subjects,isot_true_388,chara,0.573,28,428
2025-12-21 20:15:23,Qwen/Qwen3-8B,MMLU_selected_subjects,isot_true_837,wordd,0.596,28,437
2025-12-21 20:19:45,Qwen/Qwen3-8B,MMLU_selected_subjects,isot_true_389,clean,0.61,28,633
2025-12-21 20:20:35,Qwen/Qwen3-8B,MMLU_selected_subjects,isot_true_837,chara,0.572,28,437
2025-12-21 20:24:40,Qwen/Qwen3-8B,MMLU_selected_subjects,isot_true_389,meani,0.58,28,633
2025-12-21 20:25:21,Qwen/Qwen3-8B,MMLU_selected_subjects,isot_true_838,clean,0.61,28,441
2025-12-21 20:29:34,Qwen/Qwen3-8B,MMLU_selected_subjects,isot_true_389,wordd,0.586,28,633
2025-12-21 20:30:06,Qwen/Qwen3-8B,MMLU_selected_subjects,isot_true_838,meani,0.588,28,441
2025-12-21 20:34:53,Qwen/Qwen3-8B,MMLU_selected_subjects,isot_true_838,wordd,0.62,28,441
2025-12-21 20:35:08,Qwen/Qwen3-8B,MMLU_selected_subjects,isot_true_389,chara,0.558,28,633
2025-12-21 20:40:00,Qwen/Qwen3-8B,MMLU_selected_subjects,isot_true_39,clean,0.608,28,586
2025-12-21 20:40:06,Qwen/Qwen3-8B,MMLU_selected_subjects,isot_true_838,chara,0.571,28,441
2025-12-21 20:44:45,Qwen/Qwen3-8B,MMLU_selected_subjects,isot_true_839,clean,0.586,28,343
2025-12-21 20:44:52,Qwen/Qwen3-8B,MMLU_selected_subjects,isot_true_39,meani,0.621,28,586
2025-12-21 20:49:23,Qwen/Qwen3-8B,MMLU_selected_subjects,isot_true_839,meani,0.611,28,343
2025-12-21 20:49:43,Qwen/Qwen3-8B,MMLU_selected_subjects,isot_true_39,wordd,0.571,28,586
2025-12-21 20:54:03,Qwen/Qwen3-8B,MMLU_selected_subjects,isot_true_839,wordd,0.609,28,343
2025-12-21 20:55:09,Qwen/Qwen3-8B,MMLU_selected_subjects,isot_true_39,chara,0.543,28,586
2025-12-21 20:59:02,Qwen/Qwen3-8B,MMLU_selected_subjects,isot_true_839,chara,0.535,28,343
2025-12-21 21:00:02,Qwen/Qwen3-8B,MMLU_selected_subjects,isot_true_390,clean,0.604,28,593
2025-12-21 21:03:42,Qwen/Qwen3-8B,MMLU_selected_subjects,isot_true_84,clean,0.603,28,422
2025-12-21 21:04:54,Qwen/Qwen3-8B,MMLU_selected_subjects,isot_true_390,meani,0.595,28,593
2025-12-21 21:08:21,Qwen/Qwen3-8B,MMLU_selected_subjects,isot_true_84,meani,0.615,28,422
2025-12-21 21:09:46,Qwen/Qwen3-8B,MMLU_selected_subjects,isot_true_390,wordd,0.568,28,593
2025-12-21 21:13:01,Qwen/Qwen3-8B,MMLU_selected_subjects,isot_true_84,wordd,0.594,28,422
2025-12-21 21:15:11,Qwen/Qwen3-8B,MMLU_selected_subjects,isot_true_390,chara,0.526,28,593
2025-12-21 21:18:09,Qwen/Qwen3-8B,MMLU_selected_subjects,isot_true_84,chara,0.524,28,422
2025-12-21 21:19:53,Qwen/Qwen3-8B,MMLU_selected_subjects,isot_true_391,clean,0.589,28,455
2025-12-21 21:22:59,Qwen/Qwen3-8B,MMLU_selected_subjects,isot_true_840,clean,0.594,28,584
2025-12-21 21:24:36,Qwen/Qwen3-8B,MMLU_selected_subjects,isot_true_391,meani,0.613,28,455
2025-12-21 21:27:51,Qwen/Qwen3-8B,MMLU_selected_subjects,isot_true_840,meani,0.587,28,584
2025-12-21 21:29:18,Qwen/Qwen3-8B,MMLU_selected_subjects,isot_true_391,wordd,0.589,28,455
2025-12-21 21:32:43,Qwen/Qwen3-8B,MMLU_selected_subjects,isot_true_840,wordd,0.581,28,584
2025-12-21 21:34:30,Qwen/Qwen3-8B,MMLU_selected_subjects,isot_true_391,chara,0.556,28,455
2025-12-21 21:38:08,Qwen/Qwen3-8B,MMLU_selected_subjects,isot_true_840,chara,0.52,28,584
2025-12-21 21:39:10,Qwen/Qwen3-8B,MMLU_selected_subjects,isot_true_392,clean,0.606,28,399
2025-12-21 21:43:05,Qwen/Qwen3-8B,MMLU_selected_subjects,isot_true_841,clean,0.593,28,577
2025-12-21 21:43:50,Qwen/Qwen3-8B,MMLU_selected_subjects,isot_true_392,meani,0.621,28,399
2025-12-21 21:48:01,Qwen/Qwen3-8B,MMLU_selected_subjects,isot_true_841,meani,0.603,28,577
2025-12-21 21:48:30,Qwen/Qwen3-8B,MMLU_selected_subjects,isot_true_392,wordd,0.611,28,399
2025-12-21 21:52:56,Qwen/Qwen3-8B,MMLU_selected_subjects,isot_true_841,wordd,0.575,28,577
2025-12-21 21:53:37,Qwen/Qwen3-8B,MMLU_selected_subjects,isot_true_392,chara,0.569,28,399
2025-12-21 21:58:20,Qwen/Qwen3-8B,MMLU_selected_subjects,isot_true_393,clean,0.604,28,416
2025-12-21 21:58:24,Qwen/Qwen3-8B,MMLU_selected_subjects,isot_true_841,chara,0.556,28,577
2025-12-21 22:03:04,Qwen/Qwen3-8B,MMLU_selected_subjects,isot_true_393,meani,0.592,28,416
2025-12-21 22:03:15,Qwen/Qwen3-8B,MMLU_selected_subjects,isot_true_842,clean,0.622,28,619
2025-12-21 22:07:47,Qwen/Qwen3-8B,MMLU_selected_subjects,isot_true_393,wordd,0.585,28,416
2025-12-21 22:08:07,Qwen/Qwen3-8B,MMLU_selected_subjects,isot_true_842,meani,0.599,28,619
2025-12-21 22:12:54,Qwen/Qwen3-8B,MMLU_selected_subjects,isot_true_393,chara,0.543,28,416
2025-12-21 22:12:58,Qwen/Qwen3-8B,MMLU_selected_subjects,isot_true_842,wordd,0.575,28,619
2025-12-21 22:17:40,Qwen/Qwen3-8B,MMLU_selected_subjects,isot_true_394,clean,0.61,28,489
2025-12-21 22:18:28,Qwen/Qwen3-8B,MMLU_selected_subjects,isot_true_842,chara,0.523,28,619
2025-12-21 22:22:26,Qwen/Qwen3-8B,MMLU_selected_subjects,isot_true_394,meani,0.59,28,489
2025-12-21 22:23:13,Qwen/Qwen3-8B,MMLU_selected_subjects,isot_true_843,clean,0.604,28,527
2025-12-21 22:27:11,Qwen/Qwen3-8B,MMLU_selected_subjects,isot_true_394,wordd,0.603,28,489
2025-12-21 22:27:57,Qwen/Qwen3-8B,MMLU_selected_subjects,isot_true_843,meani,0.631,28,527
2025-12-21 22:32:28,Qwen/Qwen3-8B,MMLU_selected_subjects,isot_true_394,chara,0.545,28,489
2025-12-21 22:32:42,Qwen/Qwen3-8B,MMLU_selected_subjects,isot_true_843,wordd,0.604,28,527
2025-12-21 22:37:08,Qwen/Qwen3-8B,MMLU_selected_subjects,isot_true_395,clean,0.566,28,274
2025-12-21 22:38:01,Qwen/Qwen3-8B,MMLU_selected_subjects,isot_true_843,chara,0.589,28,527
2025-12-21 22:41:47,Qwen/Qwen3-8B,MMLU_selected_subjects,isot_true_395,meani,0.606,28,274
2025-12-21 22:42:39,Qwen/Qwen3-8B,MMLU_selected_subjects,isot_true_844,clean,0.612,28,355
2025-12-21 22:46:26,Qwen/Qwen3-8B,MMLU_selected_subjects,isot_true_395,wordd,0.599,28,274
2025-12-21 22:47:17,Qwen/Qwen3-8B,MMLU_selected_subjects,isot_true_844,meani,0.605,28,355
2025-12-21 22:51:18,Qwen/Qwen3-8B,MMLU_selected_subjects,isot_true_395,chara,0.558,28,274
2025-12-21 22:51:54,Qwen/Qwen3-8B,MMLU_selected_subjects,isot_true_844,wordd,0.612,28,355
2025-12-21 22:56:11,Qwen/Qwen3-8B,MMLU_selected_subjects,isot_true_396,clean,0.616,28,599
2025-12-21 22:56:54,Qwen/Qwen3-8B,MMLU_selected_subjects,isot_true_844,chara,0.566,28,355
2025-12-21 23:01:02,Qwen/Qwen3-8B,MMLU_selected_subjects,isot_true_396,meani,0.627,28,599
2025-12-21 23:01:25,Qwen/Qwen3-8B,MMLU_selected_subjects,isot_true_845,clean,0.594,28,215
2025-12-21 23:05:53,Qwen/Qwen3-8B,MMLU_selected_subjects,isot_true_396,wordd,0.618,28,599
2025-12-21 23:05:55,Qwen/Qwen3-8B,MMLU_selected_subjects,isot_true_845,meani,0.612,28,215
2025-12-21 23:10:26,Qwen/Qwen3-8B,MMLU_selected_subjects,isot_true_845,wordd,0.6,28,215
2025-12-21 23:11:22,Qwen/Qwen3-8B,MMLU_selected_subjects,isot_true_396,chara,0.57,28,599
2025-12-21 23:15:10,Qwen/Qwen3-8B,MMLU_selected_subjects,isot_true_845,chara,0.543,28,215
2025-12-21 23:16:05,Qwen/Qwen3-8B,MMLU_selected_subjects,isot_true_397,clean,0.588,28,461
2025-12-21 23:19:55,Qwen/Qwen3-8B,MMLU_selected_subjects,isot_true_846,clean,0.607,28,490
2025-12-21 23:20:47,Qwen/Qwen3-8B,MMLU_selected_subjects,isot_true_397,meani,0.585,28,461
2025-12-21 23:24:41,Qwen/Qwen3-8B,MMLU_selected_subjects,isot_true_846,meani,0.585,28,490
2025-12-21 23:25:30,Qwen/Qwen3-8B,MMLU_selected_subjects,isot_true_397,wordd,0.606,28,461
2025-12-21 23:29:26,Qwen/Qwen3-8B,MMLU_selected_subjects,isot_true_846,wordd,0.594,28,490
2025-12-21 23:30:41,Qwen/Qwen3-8B,MMLU_selected_subjects,isot_true_397,chara,0.554,28,461
2025-12-21 23:34:41,Qwen/Qwen3-8B,MMLU_selected_subjects,isot_true_846,chara,0.572,28,490
2025-12-21 23:35:21,Qwen/Qwen3-8B,MMLU_selected_subjects,isot_true_398,clean,0.622,28,332
2025-12-21 23:39:38,Qwen/Qwen3-8B,MMLU_selected_subjects,isot_true_847,clean,0.62,28,659
2025-12-21 23:40:01,Qwen/Qwen3-8B,MMLU_selected_subjects,isot_true_398,meani,0.605,28,332
2025-12-21 23:44:34,Qwen/Qwen3-8B,MMLU_selected_subjects,isot_true_847,meani,0.612,28,659
2025-12-21 23:44:41,Qwen/Qwen3-8B,MMLU_selected_subjects,isot_true_398,wordd,0.615,28,332
2025-12-21 23:49:31,Qwen/Qwen3-8B,MMLU_selected_subjects,isot_true_847,wordd,0.605,28,659
2025-12-21 23:49:37,Qwen/Qwen3-8B,MMLU_selected_subjects,isot_true_398,chara,0.569,28,332
2025-12-21 23:54:21,Qwen/Qwen3-8B,MMLU_selected_subjects,isot_true_399,clean,0.587,28,467
2025-12-21 23:55:02,Qwen/Qwen3-8B,MMLU_selected_subjects,isot_true_847,chara,0.515,28,659
2025-12-21 23:59:03,Qwen/Qwen3-8B,MMLU_selected_subjects,isot_true_399,meani,0.592,28,467
2025-12-21 23:59:48,Qwen/Qwen3-8B,MMLU_selected_subjects,isot_true_848,clean,0.601,28,493
2025-12-22 00:03:46,Qwen/Qwen3-8B,MMLU_selected_subjects,isot_true_399,wordd,0.553,28,467
2025-12-22 00:04:36,Qwen/Qwen3-8B,MMLU_selected_subjects,isot_true_848,meani,0.609,28,493
2025-12-22 00:08:58,Qwen/Qwen3-8B,MMLU_selected_subjects,isot_true_399,chara,0.55,28,467
2025-12-22 00:09:23,Qwen/Qwen3-8B,MMLU_selected_subjects,isot_true_848,wordd,0.609,28,493
2025-12-22 00:13:51,Qwen/Qwen3-8B,MMLU_selected_subjects,isot_true_4,clean,0.602,28,581
2025-12-22 00:14:39,Qwen/Qwen3-8B,MMLU_selected_subjects,isot_true_848,chara,0.537,28,493
2025-12-22 00:18:44,Qwen/Qwen3-8B,MMLU_selected_subjects,isot_true_4,meani,0.587,28,581
2025-12-22 00:19:33,Qwen/Qwen3-8B,MMLU_selected_subjects,isot_true_849,clean,0.625,28,622
2025-12-22 00:23:36,Qwen/Qwen3-8B,MMLU_selected_subjects,isot_true_4,wordd,0.585,28,581
2025-12-22 00:24:25,Qwen/Qwen3-8B,MMLU_selected_subjects,isot_true_849,meani,0.607,28,622
2025-12-22 00:29:01,Qwen/Qwen3-8B,MMLU_selected_subjects,isot_true_4,chara,0.505,28,581
2025-12-22 00:29:17,Qwen/Qwen3-8B,MMLU_selected_subjects,isot_true_849,wordd,0.588,28,622
2025-12-22 00:33:42,Qwen/Qwen3-8B,MMLU_selected_subjects,isot_true_40,clean,0.609,28,381
2025-12-22 00:34:45,Qwen/Qwen3-8B,MMLU_selected_subjects,isot_true_849,chara,0.556,28,622
2025-12-22 00:38:22,Qwen/Qwen3-8B,MMLU_selected_subjects,isot_true_40,meani,0.606,28,381
2025-12-22 00:39:31,Qwen/Qwen3-8B,MMLU_selected_subjects,isot_true_85,clean,0.591,28,473
2025-12-22 00:43:03,Qwen/Qwen3-8B,MMLU_selected_subjects,isot_true_40,wordd,0.585,28,381
2025-12-22 00:44:17,Qwen/Qwen3-8B,MMLU_selected_subjects,isot_true_85,meani,0.598,28,473
2025-12-22 00:48:07,Qwen/Qwen3-8B,MMLU_selected_subjects,isot_true_40,chara,0.56,28,381
2025-12-22 00:49:02,Qwen/Qwen3-8B,MMLU_selected_subjects,isot_true_85,wordd,0.601,28,473
2025-12-22 00:52:48,Qwen/Qwen3-8B,MMLU_selected_subjects,isot_true_400,clean,0.622,28,376
2025-12-22 00:54:16,Qwen/Qwen3-8B,MMLU_selected_subjects,isot_true_85,chara,0.557,28,473
2025-12-22 00:57:29,Qwen/Qwen3-8B,MMLU_selected_subjects,isot_true_400,meani,0.612,28,376
2025-12-22 00:58:51,Qwen/Qwen3-8B,MMLU_selected_subjects,isot_true_850,clean,0.609,28,293
2025-12-22 01:02:10,Qwen/Qwen3-8B,MMLU_selected_subjects,isot_true_400,wordd,0.61,28,376
2025-12-22 01:03:27,Qwen/Qwen3-8B,MMLU_selected_subjects,isot_true_850,meani,0.6,28,293
2025-12-22 01:07:14,Qwen/Qwen3-8B,MMLU_selected_subjects,isot_true_400,chara,0.571,28,376
2025-12-22 01:08:02,Qwen/Qwen3-8B,MMLU_selected_subjects,isot_true_850,wordd,0.591,28,293
2025-12-22 01:11:50,Qwen/Qwen3-8B,MMLU_selected_subjects,isot_true_401,clean,0.618,28,303
2025-12-22 01:12:53,Qwen/Qwen3-8B,MMLU_selected_subjects,isot_true_850,chara,0.542,28,293
2025-12-22 01:16:24,Qwen/Qwen3-8B,MMLU_selected_subjects,isot_true_401,meani,0.599,28,303
2025-12-22 01:17:38,Qwen/Qwen3-8B,MMLU_selected_subjects,isot_true_851,clean,0.589,28,483
2025-12-22 01:20:59,Qwen/Qwen3-8B,MMLU_selected_subjects,isot_true_401,wordd,0.607,28,303
2025-12-22 01:22:22,Qwen/Qwen3-8B,MMLU_selected_subjects,isot_true_851,meani,0.607,28,483
2025-12-22 01:25:55,Qwen/Qwen3-8B,MMLU_selected_subjects,isot_true_401,chara,0.554,28,303
2025-12-22 01:27:05,Qwen/Qwen3-8B,MMLU_selected_subjects,isot_true_851,wordd,0.594,28,483
2025-12-22 01:30:40,Qwen/Qwen3-8B,MMLU_selected_subjects,isot_true_402,clean,0.616,28,465
2025-12-22 01:32:20,Qwen/Qwen3-8B,MMLU_selected_subjects,isot_true_851,chara,0.561,28,483
2025-12-22 01:35:25,Qwen/Qwen3-8B,MMLU_selected_subjects,isot_true_402,meani,0.617,28,465
2025-12-22 01:37:03,Qwen/Qwen3-8B,MMLU_selected_subjects,isot_true_852,clean,0.605,28,437
2025-12-22 01:40:09,Qwen/Qwen3-8B,MMLU_selected_subjects,isot_true_402,wordd,0.585,28,465
2025-12-22 01:41:46,Qwen/Qwen3-8B,MMLU_selected_subjects,isot_true_852,meani,0.6,28,437
2025-12-22 01:45:24,Qwen/Qwen3-8B,MMLU_selected_subjects,isot_true_402,chara,0.558,28,465
2025-12-22 01:46:29,Qwen/Qwen3-8B,MMLU_selected_subjects,isot_true_852,wordd,0.628,28,437
2025-12-22 01:50:11,Qwen/Qwen3-8B,MMLU_selected_subjects,isot_true_403,clean,0.609,28,539
2025-12-22 01:51:41,Qwen/Qwen3-8B,MMLU_selected_subjects,isot_true_852,chara,0.561,28,437
2025-12-22 01:54:59,Qwen/Qwen3-8B,MMLU_selected_subjects,isot_true_403,meani,0.617,28,539
2025-12-22 01:56:29,Qwen/Qwen3-8B,MMLU_selected_subjects,isot_true_853,clean,0.611,28,573
2025-12-22 01:59:46,Qwen/Qwen3-8B,MMLU_selected_subjects,isot_true_403,wordd,0.605,28,539
2025-12-22 02:01:15,Qwen/Qwen3-8B,MMLU_selected_subjects,isot_true_853,meani,0.615,28,573
2025-12-22 02:05:08,Qwen/Qwen3-8B,MMLU_selected_subjects,isot_true_403,chara,0.553,28,539
2025-12-22 02:06:02,Qwen/Qwen3-8B,MMLU_selected_subjects,isot_true_853,wordd,0.584,28,573
2025-12-22 02:10:01,Qwen/Qwen3-8B,MMLU_selected_subjects,isot_true_404,clean,0.615,28,588
2025-12-22 02:11:24,Qwen/Qwen3-8B,MMLU_selected_subjects,isot_true_853,chara,0.53,28,573
2025-12-22 02:14:52,Qwen/Qwen3-8B,MMLU_selected_subjects,isot_true_404,meani,0.596,28,588
2025-12-22 02:16:20,Qwen/Qwen3-8B,MMLU_selected_subjects,isot_true_854,clean,0.62,28,743
2025-12-22 02:19:43,Qwen/Qwen3-8B,MMLU_selected_subjects,isot_true_404,wordd,0.561,28,588
2025-12-22 02:21:16,Qwen/Qwen3-8B,MMLU_selected_subjects,isot_true_854,meani,0.609,28,743
2025-12-22 02:25:09,Qwen/Qwen3-8B,MMLU_selected_subjects,isot_true_404,chara,0.537,28,588
2025-12-22 02:26:11,Qwen/Qwen3-8B,MMLU_selected_subjects,isot_true_854,wordd,0.619,28,743
2025-12-22 02:29:59,Qwen/Qwen3-8B,MMLU_selected_subjects,isot_true_405,clean,0.614,28,475
2025-12-22 02:31:57,Qwen/Qwen3-8B,MMLU_selected_subjects,isot_true_854,chara,0.556,28,743
2025-12-22 02:34:45,Qwen/Qwen3-8B,MMLU_selected_subjects,isot_true_405,meani,0.617,28,475
2025-12-22 02:37:11,Qwen/Qwen3-8B,MMLU_selected_subjects,isot_true_855,clean,0.587,28,795
2025-12-22 02:39:32,Qwen/Qwen3-8B,MMLU_selected_subjects,isot_true_405,wordd,0.609,28,475
2025-12-22 02:42:11,Qwen/Qwen3-8B,MMLU_selected_subjects,isot_true_855,meani,0.6,28,795
2025-12-22 02:44:48,Qwen/Qwen3-8B,MMLU_selected_subjects,isot_true_405,chara,0.54,28,475
2025-12-22 02:47:29,Qwen/Qwen3-8B,MMLU_selected_subjects,isot_true_855,wordd,0.577,28,795
2025-12-22 02:49:48,Qwen/Qwen3-8B,MMLU_selected_subjects,isot_true_406,clean,0.599,28,778
2025-12-22 02:53:16,Qwen/Qwen3-8B,MMLU_selected_subjects,isot_true_855,chara,0.526,28,795
2025-12-22 02:54:47,Qwen/Qwen3-8B,MMLU_selected_subjects,isot_true_406,meani,0.59,28,778
2025-12-22 02:58:13,Qwen/Qwen3-8B,MMLU_selected_subjects,isot_true_856,clean,0.59,28,651
2025-12-22 02:59:46,Qwen/Qwen3-8B,MMLU_selected_subjects,isot_true_406,wordd,0.574,28,778
2025-12-22 03:03:11,Qwen/Qwen3-8B,MMLU_selected_subjects,isot_true_856,meani,0.581,28,651
2025-12-22 03:05:33,Qwen/Qwen3-8B,MMLU_selected_subjects,isot_true_406,chara,0.555,28,778
2025-12-22 03:08:10,Qwen/Qwen3-8B,MMLU_selected_subjects,isot_true_856,wordd,0.563,28,651
2025-12-22 03:10:14,Qwen/Qwen3-8B,MMLU_selected_subjects,isot_true_407,clean,0.589,28,520
2025-12-22 03:13:48,Qwen/Qwen3-8B,MMLU_selected_subjects,isot_true_856,chara,0.543,28,651
2025-12-22 03:14:56,Qwen/Qwen3-8B,MMLU_selected_subjects,isot_true_407,meani,0.585,28,520
2025-12-22 03:18:29,Qwen/Qwen3-8B,MMLU_selected_subjects,isot_true_857,clean,0.604,28,439
2025-12-22 03:19:38,Qwen/Qwen3-8B,MMLU_selected_subjects,isot_true_407,wordd,0.592,28,520
2025-12-22 03:23:09,Qwen/Qwen3-8B,MMLU_selected_subjects,isot_true_857,meani,0.613,28,439
2025-12-22 03:24:56,Qwen/Qwen3-8B,MMLU_selected_subjects,isot_true_407,chara,0.529,28,520
2025-12-22 03:27:50,Qwen/Qwen3-8B,MMLU_selected_subjects,isot_true_857,wordd,0.59,28,439
2025-12-22 03:29:36,Qwen/Qwen3-8B,MMLU_selected_subjects,isot_true_408,clean,0.607,28,401
2025-12-22 03:32:57,Qwen/Qwen3-8B,MMLU_selected_subjects,isot_true_857,chara,0.558,28,439
2025-12-22 03:34:16,Qwen/Qwen3-8B,MMLU_selected_subjects,isot_true_408,meani,0.615,28,401
2025-12-22 03:37:40,Qwen/Qwen3-8B,MMLU_selected_subjects,isot_true_858,clean,0.603,28,434
2025-12-22 03:38:57,Qwen/Qwen3-8B,MMLU_selected_subjects,isot_true_408,wordd,0.61,28,401
2025-12-22 03:42:20,Qwen/Qwen3-8B,MMLU_selected_subjects,isot_true_858,meani,0.619,28,434
2025-12-22 03:44:04,Qwen/Qwen3-8B,MMLU_selected_subjects,isot_true_408,chara,0.527,28,401
2025-12-22 03:47:01,Qwen/Qwen3-8B,MMLU_selected_subjects,isot_true_858,wordd,0.6,28,434
2025-12-22 03:48:51,Qwen/Qwen3-8B,MMLU_selected_subjects,isot_true_409,clean,0.609,28,547
2025-12-22 03:52:09,Qwen/Qwen3-8B,MMLU_selected_subjects,isot_true_858,chara,0.568,28,434
2025-12-22 03:53:37,Qwen/Qwen3-8B,MMLU_selected_subjects,isot_true_409,meani,0.589,28,547
2025-12-22 03:56:50,Qwen/Qwen3-8B,MMLU_selected_subjects,isot_true_859,clean,0.619,28,508
2025-12-22 03:58:21,Qwen/Qwen3-8B,MMLU_selected_subjects,isot_true_409,wordd,0.592,28,547
2025-12-22 04:01:36,Qwen/Qwen3-8B,MMLU_selected_subjects,isot_true_859,meani,0.597,28,508
2025-12-22 04:03:39,Qwen/Qwen3-8B,MMLU_selected_subjects,isot_true_409,chara,0.558,28,547
2025-12-22 04:06:17,Qwen/Qwen3-8B,MMLU_selected_subjects,isot_true_859,wordd,0.61,28,508
2025-12-22 04:08:30,Qwen/Qwen3-8B,MMLU_selected_subjects,isot_true_41,clean,0.583,28,571
2025-12-22 04:11:35,Qwen/Qwen3-8B,MMLU_selected_subjects,isot_true_859,chara,0.565,28,508
2025-12-22 04:13:24,Qwen/Qwen3-8B,MMLU_selected_subjects,isot_true_41,meani,0.574,28,571
2025-12-22 04:16:11,Qwen/Qwen3-8B,MMLU_selected_subjects,isot_true_86,clean,0.578,28,390
2025-12-22 04:18:15,Qwen/Qwen3-8B,MMLU_selected_subjects,isot_true_41,wordd,0.595,28,571
2025-12-22 04:20:46,Qwen/Qwen3-8B,MMLU_selected_subjects,isot_true_86,meani,0.601,28,390
2025-12-22 04:23:39,Qwen/Qwen3-8B,MMLU_selected_subjects,isot_true_41,chara,0.549,28,571
2025-12-22 04:25:22,Qwen/Qwen3-8B,MMLU_selected_subjects,isot_true_86,wordd,0.615,28,390
2025-12-22 04:28:16,Qwen/Qwen3-8B,MMLU_selected_subjects,isot_true_410,clean,0.609,28,370
2025-12-22 04:30:24,Qwen/Qwen3-8B,MMLU_selected_subjects,isot_true_86,chara,0.542,28,390
2025-12-22 04:32:54,Qwen/Qwen3-8B,MMLU_selected_subjects,isot_true_410,meani,0.611,28,370
2025-12-22 04:35:16,Qwen/Qwen3-8B,MMLU_selected_subjects,isot_true_860,clean,0.602,28,600
2025-12-22 04:37:32,Qwen/Qwen3-8B,MMLU_selected_subjects,isot_true_410,wordd,0.587,28,370
2025-12-22 04:40:08,Qwen/Qwen3-8B,MMLU_selected_subjects,isot_true_860,meani,0.596,28,600
2025-12-22 04:42:33,Qwen/Qwen3-8B,MMLU_selected_subjects,isot_true_410,chara,0.581,28,370
2025-12-22 04:44:58,Qwen/Qwen3-8B,MMLU_selected_subjects,isot_true_860,wordd,0.581,28,600
2025-12-22 04:47:17,Qwen/Qwen3-8B,MMLU_selected_subjects,isot_true_411,clean,0.598,28,463
2025-12-22 04:50:23,Qwen/Qwen3-8B,MMLU_selected_subjects,isot_true_860,chara,0.55,28,600
2025-12-22 04:52:00,Qwen/Qwen3-8B,MMLU_selected_subjects,isot_true_411,meani,0.603,28,463
2025-12-22 04:55:12,Qwen/Qwen3-8B,MMLU_selected_subjects,isot_true_861,clean,0.605,28,644
2025-12-22 04:56:43,Qwen/Qwen3-8B,MMLU_selected_subjects,isot_true_411,wordd,0.574,28,463
2025-12-22 05:00:02,Qwen/Qwen3-8B,MMLU_selected_subjects,isot_true_861,meani,0.606,28,644
2025-12-22 05:01:55,Qwen/Qwen3-8B,MMLU_selected_subjects,isot_true_411,chara,0.547,28,463
2025-12-22 05:04:51,Qwen/Qwen3-8B,MMLU_selected_subjects,isot_true_861,wordd,0.616,28,644
2025-12-22 05:06:41,Qwen/Qwen3-8B,MMLU_selected_subjects,isot_true_412,clean,0.586,28,514
2025-12-22 05:10:19,Qwen/Qwen3-8B,MMLU_selected_subjects,isot_true_861,chara,0.555,28,644
2025-12-22 05:11:27,Qwen/Qwen3-8B,MMLU_selected_subjects,isot_true_412,meani,0.596,28,514
2025-12-22 05:14:58,Qwen/Qwen3-8B,MMLU_selected_subjects,isot_true_862,clean,0.594,28,335
2025-12-22 05:16:12,Qwen/Qwen3-8B,MMLU_selected_subjects,isot_true_412,wordd,0.604,28,514
2025-12-22 05:19:33,Qwen/Qwen3-8B,MMLU_selected_subjects,isot_true_862,meani,0.594,28,335
2025-12-22 05:21:28,Qwen/Qwen3-8B,MMLU_selected_subjects,isot_true_412,chara,0.548,28,514
2025-12-22 05:24:14,Qwen/Qwen3-8B,MMLU_selected_subjects,isot_true_862,wordd,0.592,28,335
2025-12-22 05:26:13,Qwen/Qwen3-8B,MMLU_selected_subjects,isot_true_413,clean,0.606,28,563
2025-12-22 05:29:11,Qwen/Qwen3-8B,MMLU_selected_subjects,isot_true_862,chara,0.568,28,335
2025-12-22 05:30:57,Qwen/Qwen3-8B,MMLU_selected_subjects,isot_true_413,meani,0.611,28,563
2025-12-22 05:33:40,Qwen/Qwen3-8B,MMLU_selected_subjects,isot_true_863,clean,0.594,28,207
2025-12-22 05:35:41,Qwen/Qwen3-8B,MMLU_selected_subjects,isot_true_413,wordd,0.596,28,563
2025-12-22 05:38:08,Qwen/Qwen3-8B,MMLU_selected_subjects,isot_true_863,meani,0.614,28,207
2025-12-22 05:41:03,Qwen/Qwen3-8B,MMLU_selected_subjects,isot_true_413,chara,0.57,28,563
2025-12-22 05:42:36,Qwen/Qwen3-8B,MMLU_selected_subjects,isot_true_863,wordd,0.59,28,207
2025-12-22 05:45:44,Qwen/Qwen3-8B,MMLU_selected_subjects,isot_true_414,clean,0.631,28,414
2025-12-22 05:47:17,Qwen/Qwen3-8B,MMLU_selected_subjects,isot_true_863,chara,0.569,28,207
2025-12-22 05:50:25,Qwen/Qwen3-8B,MMLU_selected_subjects,isot_true_414,meani,0.595,28,414
2025-12-22 05:52:06,Qwen/Qwen3-8B,MMLU_selected_subjects,isot_true_864,clean,0.611,28,637
2025-12-22 05:55:05,Qwen/Qwen3-8B,MMLU_selected_subjects,isot_true_414,wordd,0.589,28,414
2025-12-22 05:56:54,Qwen/Qwen3-8B,MMLU_selected_subjects,isot_true_864,meani,0.613,28,637
2025-12-22 06:00:10,Qwen/Qwen3-8B,MMLU_selected_subjects,isot_true_414,chara,0.548,28,414
2025-12-22 06:01:43,Qwen/Qwen3-8B,MMLU_selected_subjects,isot_true_864,wordd,0.62,28,637
2025-12-22 06:04:49,Qwen/Qwen3-8B,MMLU_selected_subjects,isot_true_415,clean,0.621,28,351
2025-12-22 06:07:13,Qwen/Qwen3-8B,MMLU_selected_subjects,isot_true_864,chara,0.522,28,637
2025-12-22 06:09:25,Qwen/Qwen3-8B,MMLU_selected_subjects,isot_true_415,meani,0.612,28,351
2025-12-22 06:12:05,Qwen/Qwen3-8B,MMLU_selected_subjects,isot_true_865,clean,0.577,28,575
2025-12-22 06:14:02,Qwen/Qwen3-8B,MMLU_selected_subjects,isot_true_415,wordd,0.589,28,351
2025-12-22 06:16:54,Qwen/Qwen3-8B,MMLU_selected_subjects,isot_true_865,meani,0.612,28,575
2025-12-22 06:19:01,Qwen/Qwen3-8B,MMLU_selected_subjects,isot_true_415,chara,0.562,28,351
2025-12-22 06:21:46,Qwen/Qwen3-8B,MMLU_selected_subjects,isot_true_865,wordd,0.606,28,575
2025-12-22 06:23:48,Qwen/Qwen3-8B,MMLU_selected_subjects,isot_true_416,clean,0.605,28,480
2025-12-22 06:27:06,Qwen/Qwen3-8B,MMLU_selected_subjects,isot_true_865,chara,0.502,28,575
2025-12-22 06:28:35,Qwen/Qwen3-8B,MMLU_selected_subjects,isot_true_416,meani,0.607,28,480
2025-12-22 06:32:00,Qwen/Qwen3-8B,MMLU_selected_subjects,isot_true_866,clean,0.579,28,586
2025-12-22 06:33:21,Qwen/Qwen3-8B,MMLU_selected_subjects,isot_true_416,wordd,0.603,28,480
2025-12-22 06:36:50,Qwen/Qwen3-8B,MMLU_selected_subjects,isot_true_866,meani,0.598,28,586
2025-12-22 06:38:35,Qwen/Qwen3-8B,MMLU_selected_subjects,isot_true_416,chara,0.527,28,480
2025-12-22 06:41:35,Qwen/Qwen3-8B,MMLU_selected_subjects,isot_true_866,wordd,0.581,28,586
2025-12-22 06:43:17,Qwen/Qwen3-8B,MMLU_selected_subjects,isot_true_417,clean,0.596,28,465
2025-12-22 06:47:01,Qwen/Qwen3-8B,MMLU_selected_subjects,isot_true_866,chara,0.519,28,586
2025-12-22 06:47:59,Qwen/Qwen3-8B,MMLU_selected_subjects,isot_true_417,meani,0.596,28,465
2025-12-22 06:51:51,Qwen/Qwen3-8B,MMLU_selected_subjects,isot_true_867,clean,0.602,28,552
2025-12-22 06:52:41,Qwen/Qwen3-8B,MMLU_selected_subjects,isot_true_417,wordd,0.6,28,465
2025-12-22 06:56:38,Qwen/Qwen3-8B,MMLU_selected_subjects,isot_true_867,meani,0.617,28,552
2025-12-22 06:57:53,Qwen/Qwen3-8B,MMLU_selected_subjects,isot_true_417,chara,0.539,28,465
2025-12-22 07:01:24,Qwen/Qwen3-8B,MMLU_selected_subjects,isot_true_867,wordd,0.589,28,552
2025-12-22 07:02:32,Qwen/Qwen3-8B,MMLU_selected_subjects,isot_true_418,clean,0.569,28,413
2025-12-22 07:06:51,Qwen/Qwen3-8B,MMLU_selected_subjects,isot_true_867,chara,0.551,28,552
2025-12-22 07:07:12,Qwen/Qwen3-8B,MMLU_selected_subjects,isot_true_418,meani,0.601,28,413
2025-12-22 07:11:34,Qwen/Qwen3-8B,MMLU_selected_subjects,isot_true_868,clean,0.608,28,467
2025-12-22 07:11:50,Qwen/Qwen3-8B,MMLU_selected_subjects,isot_true_418,wordd,0.589,28,413
2025-12-22 07:16:16,Qwen/Qwen3-8B,MMLU_selected_subjects,isot_true_868,meani,0.608,28,467
2025-12-22 07:16:56,Qwen/Qwen3-8B,MMLU_selected_subjects,isot_true_418,chara,0.525,28,413
2025-12-22 07:20:58,Qwen/Qwen3-8B,MMLU_selected_subjects,isot_true_868,wordd,0.561,28,467
2025-12-22 07:21:52,Qwen/Qwen3-8B,MMLU_selected_subjects,isot_true_419,clean,0.623,28,623
2025-12-22 07:26:08,Qwen/Qwen3-8B,MMLU_selected_subjects,isot_true_868,chara,0.576,28,467
2025-12-22 07:26:47,Qwen/Qwen3-8B,MMLU_selected_subjects,isot_true_419,meani,0.618,28,623
2025-12-22 07:30:43,Qwen/Qwen3-8B,MMLU_selected_subjects,isot_true_869,clean,0.584,28,331
2025-12-22 07:31:42,Qwen/Qwen3-8B,MMLU_selected_subjects,isot_true_419,wordd,0.608,28,623
2025-12-22 07:35:17,Qwen/Qwen3-8B,MMLU_selected_subjects,isot_true_869,meani,0.6,28,331
2025-12-22 07:37:12,Qwen/Qwen3-8B,MMLU_selected_subjects,isot_true_419,chara,0.557,28,623
2025-12-22 07:39:53,Qwen/Qwen3-8B,MMLU_selected_subjects,isot_true_869,wordd,0.596,28,331
2025-12-22 07:41:49,Qwen/Qwen3-8B,MMLU_selected_subjects,isot_true_42,clean,0.619,28,360
2025-12-22 07:44:51,Qwen/Qwen3-8B,MMLU_selected_subjects,isot_true_869,chara,0.515,28,331
2025-12-22 07:46:26,Qwen/Qwen3-8B,MMLU_selected_subjects,isot_true_42,meani,0.586,28,360
2025-12-22 07:49:48,Qwen/Qwen3-8B,MMLU_selected_subjects,isot_true_87,clean,0.585,28,735
2025-12-22 07:51:03,Qwen/Qwen3-8B,MMLU_selected_subjects,isot_true_42,wordd,0.599,28,360
2025-12-22 07:54:44,Qwen/Qwen3-8B,MMLU_selected_subjects,isot_true_87,meani,0.602,28,735
2025-12-22 07:56:05,Qwen/Qwen3-8B,MMLU_selected_subjects,isot_true_42,chara,0.554,28,360
2025-12-22 07:59:40,Qwen/Qwen3-8B,MMLU_selected_subjects,isot_true_87,wordd,0.577,28,735
2025-12-22 08:00:47,Qwen/Qwen3-8B,MMLU_selected_subjects,isot_true_420,clean,0.602,28,387
2025-12-22 08:05:23,Qwen/Qwen3-8B,MMLU_selected_subjects,isot_true_87,chara,0.539,28,735
2025-12-22 08:05:27,Qwen/Qwen3-8B,MMLU_selected_subjects,isot_true_420,meani,0.614,28,387
2025-12-22 08:10:08,Qwen/Qwen3-8B,MMLU_selected_subjects,isot_true_420,wordd,0.601,28,387
2025-12-22 08:10:16,Qwen/Qwen3-8B,MMLU_selected_subjects,isot_true_870,clean,0.595,28,601
2025-12-22 08:15:10,Qwen/Qwen3-8B,MMLU_selected_subjects,isot_true_420,chara,0.541,28,387
2025-12-22 08:15:11,Qwen/Qwen3-8B,MMLU_selected_subjects,isot_true_870,meani,0.582,28,601
2025-12-22 08:19:51,Qwen/Qwen3-8B,MMLU_selected_subjects,isot_true_421,clean,0.61,28,330
2025-12-22 08:20:13,Qwen/Qwen3-8B,MMLU_selected_subjects,isot_true_870,wordd,0.573,28,601
2025-12-22 08:24:30,Qwen/Qwen3-8B,MMLU_selected_subjects,isot_true_421,meani,0.626,28,330
2025-12-22 08:25:48,Qwen/Qwen3-8B,MMLU_selected_subjects,isot_true_870,chara,0.559,28,601
2025-12-22 08:29:09,Qwen/Qwen3-8B,MMLU_selected_subjects,isot_true_421,wordd,0.597,28,330
2025-12-22 08:30:39,Qwen/Qwen3-8B,MMLU_selected_subjects,isot_true_871,clean,0.565,28,547
2025-12-22 08:34:06,Qwen/Qwen3-8B,MMLU_selected_subjects,isot_true_421,chara,0.554,28,330
2025-12-22 08:35:28,Qwen/Qwen3-8B,MMLU_selected_subjects,isot_true_871,meani,0.61,28,547
2025-12-22 08:38:50,Qwen/Qwen3-8B,MMLU_selected_subjects,isot_true_422,clean,0.619,28,471
2025-12-22 08:40:21,Qwen/Qwen3-8B,MMLU_selected_subjects,isot_true_871,wordd,0.61,28,547
2025-12-22 08:43:33,Qwen/Qwen3-8B,MMLU_selected_subjects,isot_true_422,meani,0.591,28,471
2025-12-22 08:45:53,Qwen/Qwen3-8B,MMLU_selected_subjects,isot_true_871,chara,0.56,28,547
2025-12-22 08:48:16,Qwen/Qwen3-8B,MMLU_selected_subjects,isot_true_422,wordd,0.606,28,471
2025-12-22 08:50:42,Qwen/Qwen3-8B,MMLU_selected_subjects,isot_true_872,clean,0.611,28,546
2025-12-22 08:53:27,Qwen/Qwen3-8B,MMLU_selected_subjects,isot_true_422,chara,0.534,28,471
2025-12-22 08:55:27,Qwen/Qwen3-8B,MMLU_selected_subjects,isot_true_872,meani,0.623,28,546
2025-12-22 08:58:19,Qwen/Qwen3-8B,MMLU_selected_subjects,isot_true_423,clean,0.607,28,641
2025-12-22 09:00:10,Qwen/Qwen3-8B,MMLU_selected_subjects,isot_true_872,wordd,0.606,28,546
2025-12-22 09:03:11,Qwen/Qwen3-8B,MMLU_selected_subjects,isot_true_423,meani,0.59,28,641
2025-12-22 09:05:34,Qwen/Qwen3-8B,MMLU_selected_subjects,isot_true_872,chara,0.562,28,546
2025-12-22 09:08:02,Qwen/Qwen3-8B,MMLU_selected_subjects,isot_true_423,wordd,0.584,28,641
2025-12-22 09:10:15,Qwen/Qwen3-8B,MMLU_selected_subjects,isot_true_873,clean,0.628,28,426
2025-12-22 09:13:33,Qwen/Qwen3-8B,MMLU_selected_subjects,isot_true_423,chara,0.559,28,641
2025-12-22 09:14:58,Qwen/Qwen3-8B,MMLU_selected_subjects,isot_true_873,meani,0.605,28,426
2025-12-22 09:18:21,Qwen/Qwen3-8B,MMLU_selected_subjects,isot_true_424,clean,0.587,28,510
2025-12-22 09:19:47,Qwen/Qwen3-8B,MMLU_selected_subjects,isot_true_873,wordd,0.612,28,426
2025-12-22 09:23:10,Qwen/Qwen3-8B,MMLU_selected_subjects,isot_true_424,meani,0.596,28,510
2025-12-22 09:24:53,Qwen/Qwen3-8B,MMLU_selected_subjects,isot_true_873,chara,0.554,28,426
2025-12-22 09:27:57,Qwen/Qwen3-8B,MMLU_selected_subjects,isot_true_424,wordd,0.583,28,510
2025-12-22 09:29:35,Qwen/Qwen3-8B,MMLU_selected_subjects,isot_true_874,clean,0.602,28,444
2025-12-22 09:33:16,Qwen/Qwen3-8B,MMLU_selected_subjects,isot_true_424,chara,0.572,28,510
2025-12-22 09:34:15,Qwen/Qwen3-8B,MMLU_selected_subjects,isot_true_874,meani,0.584,28,444
2025-12-22 09:38:16,Qwen/Qwen3-8B,MMLU_selected_subjects,isot_true_425,clean,0.604,28,799
2025-12-22 09:38:54,Qwen/Qwen3-8B,MMLU_selected_subjects,isot_true_874,wordd,0.586,28,444
2025-12-22 09:43:14,Qwen/Qwen3-8B,MMLU_selected_subjects,isot_true_425,meani,0.621,28,799
2025-12-22 09:44:01,Qwen/Qwen3-8B,MMLU_selected_subjects,isot_true_874,chara,0.602,28,444
2025-12-22 09:48:13,Qwen/Qwen3-8B,MMLU_selected_subjects,isot_true_425,wordd,0.589,28,799
2025-12-22 09:49:13,Qwen/Qwen3-8B,MMLU_selected_subjects,isot_true_875,clean,0.604,28,757
2025-12-22 09:54:05,Qwen/Qwen3-8B,MMLU_selected_subjects,isot_true_425,chara,0.564,28,799
2025-12-22 09:54:09,Qwen/Qwen3-8B,MMLU_selected_subjects,isot_true_875,meani,0.599,28,757
2025-12-22 09:58:58,Qwen/Qwen3-8B,MMLU_selected_subjects,isot_true_426,clean,0.586,28,611
2025-12-22 09:59:08,Qwen/Qwen3-8B,MMLU_selected_subjects,isot_true_875,wordd,0.6,28,757
2025-12-22 10:03:51,Qwen/Qwen3-8B,MMLU_selected_subjects,isot_true_426,meani,0.611,28,611
2025-12-22 10:04:53,Qwen/Qwen3-8B,MMLU_selected_subjects,isot_true_875,chara,0.525,28,757
2025-12-22 10:08:43,Qwen/Qwen3-8B,MMLU_selected_subjects,isot_true_426,wordd,0.59,28,611
2025-12-22 10:09:44,Qwen/Qwen3-8B,MMLU_selected_subjects,isot_true_876,clean,0.585,28,589
2025-12-22 10:14:12,Qwen/Qwen3-8B,MMLU_selected_subjects,isot_true_426,chara,0.553,28,611
2025-12-22 10:14:43,Qwen/Qwen3-8B,MMLU_selected_subjects,isot_true_876,meani,0.603,28,589
2025-12-22 10:18:50,Qwen/Qwen3-8B,MMLU_selected_subjects,isot_true_427,clean,0.595,28,385
2025-12-22 10:19:32,Qwen/Qwen3-8B,MMLU_selected_subjects,isot_true_876,wordd,0.573,28,589
2025-12-22 10:23:28,Qwen/Qwen3-8B,MMLU_selected_subjects,isot_true_427,meani,0.606,28,385
2025-12-22 10:24:58,Qwen/Qwen3-8B,MMLU_selected_subjects,isot_true_876,chara,0.5,28,589
2025-12-22 10:28:07,Qwen/Qwen3-8B,MMLU_selected_subjects,isot_true_427,wordd,0.594,28,385
2025-12-22 10:29:34,Qwen/Qwen3-8B,MMLU_selected_subjects,isot_true_877,clean,0.581,28,249
2025-12-22 10:33:10,Qwen/Qwen3-8B,MMLU_selected_subjects,isot_true_427,chara,0.552,28,385
2025-12-22 10:34:13,Qwen/Qwen3-8B,MMLU_selected_subjects,isot_true_877,meani,0.582,28,249
2025-12-22 10:37:57,Qwen/Qwen3-8B,MMLU_selected_subjects,isot_true_428,clean,0.613,28,582
2025-12-22 10:38:45,Qwen/Qwen3-8B,MMLU_selected_subjects,isot_true_877,wordd,0.583,28,249
2025-12-22 10:42:44,Qwen/Qwen3-8B,MMLU_selected_subjects,isot_true_428,meani,0.602,28,582
2025-12-22 10:43:32,Qwen/Qwen3-8B,MMLU_selected_subjects,isot_true_877,chara,0.539,28,249
2025-12-22 10:47:31,Qwen/Qwen3-8B,MMLU_selected_subjects,isot_true_428,wordd,0.607,28,582
2025-12-22 10:48:28,Qwen/Qwen3-8B,MMLU_selected_subjects,isot_true_878,clean,0.583,28,731
2025-12-22 10:52:55,Qwen/Qwen3-8B,MMLU_selected_subjects,isot_true_428,chara,0.541,28,582
2025-12-22 10:53:23,Qwen/Qwen3-8B,MMLU_selected_subjects,isot_true_878,meani,0.599,28,731
2025-12-22 10:57:25,Qwen/Qwen3-8B,MMLU_selected_subjects,isot_true_429,clean,0.625,28,234
2025-12-22 10:58:17,Qwen/Qwen3-8B,MMLU_selected_subjects,isot_true_878,wordd,0.581,28,731
2025-12-22 11:01:57,Qwen/Qwen3-8B,MMLU_selected_subjects,isot_true_429,meani,0.613,28,234
2025-12-22 11:03:56,Qwen/Qwen3-8B,MMLU_selected_subjects,isot_true_878,chara,0.513,28,731
2025-12-22 11:06:26,Qwen/Qwen3-8B,MMLU_selected_subjects,isot_true_429,wordd,0.59,28,234
2025-12-22 11:08:46,Qwen/Qwen3-8B,MMLU_selected_subjects,isot_true_879,clean,0.604,28,589
2025-12-22 11:11:11,Qwen/Qwen3-8B,MMLU_selected_subjects,isot_true_429,chara,0.574,28,234
2025-12-22 11:13:38,Qwen/Qwen3-8B,MMLU_selected_subjects,isot_true_879,meani,0.591,28,589
2025-12-22 11:16:07,Qwen/Qwen3-8B,MMLU_selected_subjects,isot_true_43,clean,0.613,28,649
2025-12-22 11:18:28,Qwen/Qwen3-8B,MMLU_selected_subjects,isot_true_879,wordd,0.598,28,589
2025-12-22 11:21:01,Qwen/Qwen3-8B,MMLU_selected_subjects,isot_true_43,meani,0.601,28,649
2025-12-22 11:23:53,Qwen/Qwen3-8B,MMLU_selected_subjects,isot_true_879,chara,0.545,28,589
2025-12-22 11:25:55,Qwen/Qwen3-8B,MMLU_selected_subjects,isot_true_43,wordd,0.585,28,649
2025-12-22 11:28:41,Qwen/Qwen3-8B,MMLU_selected_subjects,isot_true_88,clean,0.603,28,655
2025-12-22 11:31:27,Qwen/Qwen3-8B,MMLU_selected_subjects,isot_true_43,chara,0.576,28,649
2025-12-22 11:33:32,Qwen/Qwen3-8B,MMLU_selected_subjects,isot_true_88,meani,0.593,28,655
2025-12-22 11:36:16,Qwen/Qwen3-8B,MMLU_selected_subjects,isot_true_430,clean,0.607,28,569
2025-12-22 11:38:21,Qwen/Qwen3-8B,MMLU_selected_subjects,isot_true_88,wordd,0.599,28,655
2025-12-22 11:41:05,Qwen/Qwen3-8B,MMLU_selected_subjects,isot_true_430,meani,0.605,28,569
2025-12-22 11:43:50,Qwen/Qwen3-8B,MMLU_selected_subjects,isot_true_88,chara,0.573,28,655
2025-12-22 11:45:55,Qwen/Qwen3-8B,MMLU_selected_subjects,isot_true_430,wordd,0.591,28,569
2025-12-22 11:48:36,Qwen/Qwen3-8B,MMLU_selected_subjects,isot_true_880,clean,0.578,28,548
2025-12-22 11:51:19,Qwen/Qwen3-8B,MMLU_selected_subjects,isot_true_430,chara,0.557,28,569
2025-12-22 11:53:21,Qwen/Qwen3-8B,MMLU_selected_subjects,isot_true_880,meani,0.59,28,548
2025-12-22 11:55:57,Qwen/Qwen3-8B,MMLU_selected_subjects,isot_true_431,clean,0.61,28,359
2025-12-22 11:58:05,Qwen/Qwen3-8B,MMLU_selected_subjects,isot_true_880,wordd,0.592,28,548
2025-12-22 12:00:35,Qwen/Qwen3-8B,MMLU_selected_subjects,isot_true_431,meani,0.607,28,359
2025-12-22 12:03:25,Qwen/Qwen3-8B,MMLU_selected_subjects,isot_true_880,chara,0.562,28,548
2025-12-22 12:05:13,Qwen/Qwen3-8B,MMLU_selected_subjects,isot_true_431,wordd,0.607,28,359
2025-12-22 12:08:07,Qwen/Qwen3-8B,MMLU_selected_subjects,isot_true_881,clean,0.615,28,515
2025-12-22 12:10:15,Qwen/Qwen3-8B,MMLU_selected_subjects,isot_true_431,chara,0.562,28,359
2025-12-22 12:12:49,Qwen/Qwen3-8B,MMLU_selected_subjects,isot_true_881,meani,0.606,28,515
2025-12-22 12:15:08,Qwen/Qwen3-8B,MMLU_selected_subjects,isot_true_432,clean,0.585,28,647
2025-12-22 12:17:33,Qwen/Qwen3-8B,MMLU_selected_subjects,isot_true_881,wordd,0.609,28,515
2025-12-22 12:20:01,Qwen/Qwen3-8B,MMLU_selected_subjects,isot_true_432,meani,0.598,28,647
2025-12-22 12:22:49,Qwen/Qwen3-8B,MMLU_selected_subjects,isot_true_881,chara,0.566,28,515
2025-12-22 12:24:56,Qwen/Qwen3-8B,MMLU_selected_subjects,isot_true_432,wordd,0.597,28,647
2025-12-22 12:27:42,Qwen/Qwen3-8B,MMLU_selected_subjects,isot_true_882,clean,0.595,28,586
2025-12-22 12:30:31,Qwen/Qwen3-8B,MMLU_selected_subjects,isot_true_432,chara,0.516,28,647
2025-12-22 12:32:34,Qwen/Qwen3-8B,MMLU_selected_subjects,isot_true_882,meani,0.579,28,586
2025-12-22 12:35:33,Qwen/Qwen3-8B,MMLU_selected_subjects,isot_true_433,clean,0.585,28,771
2025-12-22 12:37:26,Qwen/Qwen3-8B,MMLU_selected_subjects,isot_true_882,wordd,0.59,28,586
2025-12-22 12:40:35,Qwen/Qwen3-8B,MMLU_selected_subjects,isot_true_433,meani,0.583,28,771
2025-12-22 12:42:49,Qwen/Qwen3-8B,MMLU_selected_subjects,isot_true_882,chara,0.544,28,586
2025-12-22 12:45:37,Qwen/Qwen3-8B,MMLU_selected_subjects,isot_true_433,wordd,0.581,28,771
2025-12-22 12:47:53,Qwen/Qwen3-8B,MMLU_selected_subjects,isot_true_883,clean,0.603,28,759
2025-12-22 12:51:23,Qwen/Qwen3-8B,MMLU_selected_subjects,isot_true_433,chara,0.537,28,771
2025-12-22 12:52:47,Qwen/Qwen3-8B,MMLU_selected_subjects,isot_true_883,meani,0.586,28,759
2025-12-22 12:56:27,Qwen/Qwen3-8B,MMLU_selected_subjects,isot_true_434,clean,0.594,28,744
2025-12-22 12:57:42,Qwen/Qwen3-8B,MMLU_selected_subjects,isot_true_883,wordd,0.584,28,759
2025-12-22 13:01:30,Qwen/Qwen3-8B,MMLU_selected_subjects,isot_true_434,meani,0.597,28,744
2025-12-22 13:03:22,Qwen/Qwen3-8B,MMLU_selected_subjects,isot_true_883,chara,0.522,28,759
2025-12-22 13:06:33,Qwen/Qwen3-8B,MMLU_selected_subjects,isot_true_434,wordd,0.584,28,744
2025-12-22 13:08:37,Qwen/Qwen3-8B,MMLU_selected_subjects,isot_true_884,clean,0.612,28,718
2025-12-22 13:12:20,Qwen/Qwen3-8B,MMLU_selected_subjects,isot_true_434,chara,0.516,28,744
2025-12-22 13:13:44,Qwen/Qwen3-8B,MMLU_selected_subjects,isot_true_884,meani,0.574,28,718
2025-12-22 13:16:55,Qwen/Qwen3-8B,MMLU_selected_subjects,isot_true_435,clean,0.582,28,274
2025-12-22 13:18:49,Qwen/Qwen3-8B,MMLU_selected_subjects,isot_true_884,wordd,0.585,28,718
2025-12-22 13:21:29,Qwen/Qwen3-8B,MMLU_selected_subjects,isot_true_435,meani,0.613,28,274
2025-12-22 13:24:37,Qwen/Qwen3-8B,MMLU_selected_subjects,isot_true_884,chara,0.553,28,718
2025-12-22 13:26:06,Qwen/Qwen3-8B,MMLU_selected_subjects,isot_true_435,wordd,0.597,28,274
2025-12-22 13:29:20,Qwen/Qwen3-8B,MMLU_selected_subjects,isot_true_885,clean,0.617,28,389
2025-12-22 13:30:59,Qwen/Qwen3-8B,MMLU_selected_subjects,isot_true_435,chara,0.549,28,274
2025-12-22 13:34:00,Qwen/Qwen3-8B,MMLU_selected_subjects,isot_true_885,meani,0.615,28,389
2025-12-22 13:35:46,Qwen/Qwen3-8B,MMLU_selected_subjects,isot_true_436,clean,0.615,28,507
2025-12-22 13:38:38,Qwen/Qwen3-8B,MMLU_selected_subjects,isot_true_885,wordd,0.612,28,389
2025-12-22 13:40:33,Qwen/Qwen3-8B,MMLU_selected_subjects,isot_true_436,meani,0.61,28,507
2025-12-22 13:43:38,Qwen/Qwen3-8B,MMLU_selected_subjects,isot_true_885,chara,0.531,28,389
2025-12-22 13:45:20,Qwen/Qwen3-8B,MMLU_selected_subjects,isot_true_436,wordd,0.603,28,507
2025-12-22 13:48:23,Qwen/Qwen3-8B,MMLU_selected_subjects,isot_true_886,clean,0.582,28,480
2025-12-22 13:50:37,Qwen/Qwen3-8B,MMLU_selected_subjects,isot_true_436,chara,0.573,28,507
2025-12-22 13:53:08,Qwen/Qwen3-8B,MMLU_selected_subjects,isot_true_886,meani,0.604,28,480
2025-12-22 13:55:33,Qwen/Qwen3-8B,MMLU_selected_subjects,isot_true_437,clean,0.613,28,598
2025-12-22 13:57:53,Qwen/Qwen3-8B,MMLU_selected_subjects,isot_true_886,wordd,0.574,28,480
2025-12-22 14:00:27,Qwen/Qwen3-8B,MMLU_selected_subjects,isot_true_437,meani,0.6,28,598
2025-12-22 14:03:04,Qwen/Qwen3-8B,MMLU_selected_subjects,isot_true_886,chara,0.531,28,480
2025-12-22 14:05:22,Qwen/Qwen3-8B,MMLU_selected_subjects,isot_true_437,wordd,0.625,28,598
2025-12-22 14:07:46,Qwen/Qwen3-8B,MMLU_selected_subjects,isot_true_887,clean,0.616,28,479
2025-12-22 14:10:52,Qwen/Qwen3-8B,MMLU_selected_subjects,isot_true_437,chara,0.54,28,598
2025-12-22 14:12:28,Qwen/Qwen3-8B,MMLU_selected_subjects,isot_true_887,meani,0.603,28,479
2025-12-22 14:15:47,Qwen/Qwen3-8B,MMLU_selected_subjects,isot_true_438,clean,0.593,28,654
2025-12-22 14:17:10,Qwen/Qwen3-8B,MMLU_selected_subjects,isot_true_887,wordd,0.608,28,479
2025-12-22 14:20:40,Qwen/Qwen3-8B,MMLU_selected_subjects,isot_true_438,meani,0.562,28,654
2025-12-22 14:22:23,Qwen/Qwen3-8B,MMLU_selected_subjects,isot_true_887,chara,0.558,28,479
2025-12-22 14:25:35,Qwen/Qwen3-8B,MMLU_selected_subjects,isot_true_438,wordd,0.585,28,654
2025-12-22 14:27:11,Qwen/Qwen3-8B,MMLU_selected_subjects,isot_true_888,clean,0.613,28,596
2025-12-22 14:31:14,Qwen/Qwen3-8B,MMLU_selected_subjects,isot_true_438,chara,0.553,28,654
2025-12-22 14:31:59,Qwen/Qwen3-8B,MMLU_selected_subjects,isot_true_888,meani,0.612,28,596
2025-12-22 14:36:14,Qwen/Qwen3-8B,MMLU_selected_subjects,isot_true_439,clean,0.598,28,656
2025-12-22 14:36:48,Qwen/Qwen3-8B,MMLU_selected_subjects,isot_true_888,wordd,0.594,28,596
2025-12-22 14:41:21,Qwen/Qwen3-8B,MMLU_selected_subjects,isot_true_439,meani,0.615,28,656
2025-12-22 14:42:12,Qwen/Qwen3-8B,MMLU_selected_subjects,isot_true_888,chara,0.534,28,596
2025-12-22 14:46:30,Qwen/Qwen3-8B,MMLU_selected_subjects,isot_true_439,wordd,0.595,28,656
2025-12-22 14:47:09,Qwen/Qwen3-8B,MMLU_selected_subjects,isot_true_889,clean,0.594,28,611
2025-12-22 14:52:04,Qwen/Qwen3-8B,MMLU_selected_subjects,isot_true_889,meani,0.611,28,611
2025-12-22 14:52:12,Qwen/Qwen3-8B,MMLU_selected_subjects,isot_true_439,chara,0.57,28,656
2025-12-22 14:56:55,Qwen/Qwen3-8B,MMLU_selected_subjects,isot_true_44,clean,0.627,28,422
2025-12-22 14:57:04,Qwen/Qwen3-8B,MMLU_selected_subjects,isot_true_889,wordd,0.59,28,611
2025-12-22 15:01:47,Qwen/Qwen3-8B,MMLU_selected_subjects,isot_true_44,meani,0.604,28,422
2025-12-22 15:02:49,Qwen/Qwen3-8B,MMLU_selected_subjects,isot_true_889,chara,0.562,28,611
2025-12-22 15:06:55,Qwen/Qwen3-8B,MMLU_selected_subjects,isot_true_44,wordd,0.605,28,422
2025-12-22 15:07:54,Qwen/Qwen3-8B,MMLU_selected_subjects,isot_true_89,clean,0.625,28,477
2025-12-22 15:12:12,Qwen/Qwen3-8B,MMLU_selected_subjects,isot_true_44,chara,0.557,28,422
2025-12-22 15:12:45,Qwen/Qwen3-8B,MMLU_selected_subjects,isot_true_89,meani,0.614,28,477
2025-12-22 15:17:03,Qwen/Qwen3-8B,MMLU_selected_subjects,isot_true_440,clean,0.605,28,410
2025-12-22 15:17:37,Qwen/Qwen3-8B,MMLU_selected_subjects,isot_true_89,wordd,0.612,28,477
2025-12-22 15:22:07,Qwen/Qwen3-8B,MMLU_selected_subjects,isot_true_440,meani,0.625,28,410
2025-12-22 15:23:08,Qwen/Qwen3-8B,MMLU_selected_subjects,isot_true_89,chara,0.53,28,477
2025-12-22 15:27:03,Qwen/Qwen3-8B,MMLU_selected_subjects,isot_true_440,wordd,0.602,28,410
2025-12-22 15:28:13,Qwen/Qwen3-8B,MMLU_selected_subjects,isot_true_890,clean,0.607,28,654
2025-12-22 15:32:16,Qwen/Qwen3-8B,MMLU_selected_subjects,isot_true_440,chara,0.57,28,410
2025-12-22 15:33:11,Qwen/Qwen3-8B,MMLU_selected_subjects,isot_true_890,meani,0.579,28,654
2025-12-22 15:37:20,Qwen/Qwen3-8B,MMLU_selected_subjects,isot_true_441,clean,0.585,28,761
2025-12-22 15:38:10,Qwen/Qwen3-8B,MMLU_selected_subjects,isot_true_890,wordd,0.577,28,654
2025-12-22 15:42:36,Qwen/Qwen3-8B,MMLU_selected_subjects,isot_true_441,meani,0.577,28,761
2025-12-22 15:43:48,Qwen/Qwen3-8B,MMLU_selected_subjects,isot_true_890,chara,0.556,28,654
2025-12-22 15:47:59,Qwen/Qwen3-8B,MMLU_selected_subjects,isot_true_441,wordd,0.574,28,761
2025-12-22 15:49:02,Qwen/Qwen3-8B,MMLU_selected_subjects,isot_true_891,clean,0.629,28,746
2025-12-22 15:53:51,Qwen/Qwen3-8B,MMLU_selected_subjects,isot_true_441,chara,0.519,28,761
2025-12-22 15:53:59,Qwen/Qwen3-8B,MMLU_selected_subjects,isot_true_891,meani,0.613,28,746
2025-12-22 15:58:48,Qwen/Qwen3-8B,MMLU_selected_subjects,isot_true_442,clean,0.564,28,586
2025-12-22 15:58:56,Qwen/Qwen3-8B,MMLU_selected_subjects,isot_true_891,wordd,0.595,28,746
2025-12-22 16:04:01,Qwen/Qwen3-8B,MMLU_selected_subjects,isot_true_442,meani,0.608,28,586
2025-12-22 16:04:50,Qwen/Qwen3-8B,MMLU_selected_subjects,isot_true_891,chara,0.568,28,746
2025-12-22 16:09:15,Qwen/Qwen3-8B,MMLU_selected_subjects,isot_true_442,wordd,0.568,28,586
2025-12-22 16:09:49,Qwen/Qwen3-8B,MMLU_selected_subjects,isot_true_892,clean,0.598,28,672
2025-12-22 16:14:39,Qwen/Qwen3-8B,MMLU_selected_subjects,isot_true_892,meani,0.597,28,672
2025-12-22 16:14:44,Qwen/Qwen3-8B,MMLU_selected_subjects,isot_true_442,chara,0.554,28,586
2025-12-22 16:19:28,Qwen/Qwen3-8B,MMLU_selected_subjects,isot_true_443,clean,0.625,28,267
2025-12-22 16:19:34,Qwen/Qwen3-8B,MMLU_selected_subjects,isot_true_892,wordd,0.581,28,672
2025-12-22 16:24:25,Qwen/Qwen3-8B,MMLU_selected_subjects,isot_true_443,meani,0.608,28,267
2025-12-22 16:25:21,Qwen/Qwen3-8B,MMLU_selected_subjects,isot_true_892,chara,0.552,28,672
2025-12-22 16:29:17,Qwen/Qwen3-8B,MMLU_selected_subjects,isot_true_443,wordd,0.597,28,267
2025-12-22 16:30:19,Qwen/Qwen3-8B,MMLU_selected_subjects,isot_true_893,clean,0.597,28,701
2025-12-22 16:34:34,Qwen/Qwen3-8B,MMLU_selected_subjects,isot_true_443,chara,0.553,28,267
2025-12-22 16:35:27,Qwen/Qwen3-8B,MMLU_selected_subjects,isot_true_893,meani,0.575,28,701
2025-12-22 16:39:45,Qwen/Qwen3-8B,MMLU_selected_subjects,isot_true_444,clean,0.581,28,356
2025-12-22 16:40:35,Qwen/Qwen3-8B,MMLU_selected_subjects,isot_true_893,wordd,0.56,28,701
2025-12-22 16:44:44,Qwen/Qwen3-8B,MMLU_selected_subjects,isot_true_444,meani,0.593,28,356
2025-12-22 16:46:17,Qwen/Qwen3-8B,MMLU_selected_subjects,isot_true_893,chara,0.526,28,701
2025-12-22 16:49:49,Qwen/Qwen3-8B,MMLU_selected_subjects,isot_true_444,wordd,0.576,28,356
2025-12-22 16:51:25,Qwen/Qwen3-8B,MMLU_selected_subjects,isot_true_894,clean,0.611,28,545
2025-12-22 16:55:14,Qwen/Qwen3-8B,MMLU_selected_subjects,isot_true_444,chara,0.548,28,356
2025-12-22 16:56:25,Qwen/Qwen3-8B,MMLU_selected_subjects,isot_true_894,meani,0.598,28,545
2025-12-22 17:00:27,Qwen/Qwen3-8B,MMLU_selected_subjects,isot_true_445,clean,0.598,28,677
2025-12-22 17:01:24,Qwen/Qwen3-8B,MMLU_selected_subjects,isot_true_894,wordd,0.613,28,545
2025-12-22 17:05:52,Qwen/Qwen3-8B,MMLU_selected_subjects,isot_true_445,meani,0.581,28,677
2025-12-22 17:07:01,Qwen/Qwen3-8B,MMLU_selected_subjects,isot_true_894,chara,0.557,28,545
2025-12-22 17:11:04,Qwen/Qwen3-8B,MMLU_selected_subjects,isot_true_445,wordd,0.57,28,677
2025-12-22 17:11:56,Qwen/Qwen3-8B,MMLU_selected_subjects,isot_true_895,clean,0.598,28,510
2025-12-22 17:16:59,Qwen/Qwen3-8B,MMLU_selected_subjects,isot_true_895,meani,0.612,28,510
2025-12-22 17:17:04,Qwen/Qwen3-8B,MMLU_selected_subjects,isot_true_445,chara,0.557,28,677
2025-12-22 17:22:03,Qwen/Qwen3-8B,MMLU_selected_subjects,isot_true_895,wordd,0.595,28,510
2025-12-22 17:22:16,Qwen/Qwen3-8B,MMLU_selected_subjects,isot_true_446,clean,0.599,28,389
2025-12-22 17:27:15,Qwen/Qwen3-8B,MMLU_selected_subjects,isot_true_446,meani,0.588,28,389
2025-12-22 17:27:31,Qwen/Qwen3-8B,MMLU_selected_subjects,isot_true_895,chara,0.545,28,510
2025-12-22 17:32:16,Qwen/Qwen3-8B,MMLU_selected_subjects,isot_true_446,wordd,0.587,28,389
2025-12-22 17:32:23,Qwen/Qwen3-8B,MMLU_selected_subjects,isot_true_896,clean,0.583,28,347
2025-12-22 17:37:16,Qwen/Qwen3-8B,MMLU_selected_subjects,isot_true_896,meani,0.605,28,347
2025-12-22 17:37:43,Qwen/Qwen3-8B,MMLU_selected_subjects,isot_true_446,chara,0.583,28,389
2025-12-22 17:41:56,Qwen/Qwen3-8B,MMLU_selected_subjects,isot_true_896,wordd,0.611,28,347
2025-12-22 17:42:50,Qwen/Qwen3-8B,MMLU_selected_subjects,isot_true_447,clean,0.633,28,634
2025-12-22 17:47:07,Qwen/Qwen3-8B,MMLU_selected_subjects,isot_true_896,chara,0.553,28,347
2025-12-22 17:48:02,Qwen/Qwen3-8B,MMLU_selected_subjects,isot_true_447,meani,0.604,28,634
2025-12-22 17:52:13,Qwen/Qwen3-8B,MMLU_selected_subjects,isot_true_897,clean,0.591,28,615
2025-12-22 17:53:20,Qwen/Qwen3-8B,MMLU_selected_subjects,isot_true_447,wordd,0.614,28,634
2025-12-22 17:57:11,Qwen/Qwen3-8B,MMLU_selected_subjects,isot_true_897,meani,0.598,28,615
2025-12-22 17:59:02,Qwen/Qwen3-8B,MMLU_selected_subjects,isot_true_447,chara,0.542,28,634
2025-12-22 18:02:10,Qwen/Qwen3-8B,MMLU_selected_subjects,isot_true_897,wordd,0.606,28,615
2025-12-22 18:04:07,Qwen/Qwen3-8B,MMLU_selected_subjects,isot_true_448,clean,0.609,28,446
2025-12-22 18:07:50,Qwen/Qwen3-8B,MMLU_selected_subjects,isot_true_897,chara,0.54,28,615
2025-12-22 18:09:14,Qwen/Qwen3-8B,MMLU_selected_subjects,isot_true_448,meani,0.602,28,446
2025-12-22 18:12:55,Qwen/Qwen3-8B,MMLU_selected_subjects,isot_true_898,clean,0.591,28,629
2025-12-22 18:14:15,Qwen/Qwen3-8B,MMLU_selected_subjects,isot_true_448,wordd,0.617,28,446
2025-12-22 18:17:55,Qwen/Qwen3-8B,MMLU_selected_subjects,isot_true_898,meani,0.607,28,629
2025-12-22 18:19:36,Qwen/Qwen3-8B,MMLU_selected_subjects,isot_true_448,chara,0.577,28,446
2025-12-22 18:22:59,Qwen/Qwen3-8B,MMLU_selected_subjects,isot_true_898,wordd,0.608,28,629
2025-12-22 18:24:47,Qwen/Qwen3-8B,MMLU_selected_subjects,isot_true_449,clean,0.598,28,471
2025-12-22 18:28:46,Qwen/Qwen3-8B,MMLU_selected_subjects,isot_true_898,chara,0.552,28,629
2025-12-22 18:29:59,Qwen/Qwen3-8B,MMLU_selected_subjects,isot_true_449,meani,0.591,28,471
2025-12-22 18:33:47,Qwen/Qwen3-8B,MMLU_selected_subjects,isot_true_899,clean,0.613,28,713
2025-12-22 18:34:52,Qwen/Qwen3-8B,MMLU_selected_subjects,isot_true_449,wordd,0.613,28,471
2025-12-22 18:38:45,Qwen/Qwen3-8B,MMLU_selected_subjects,isot_true_899,meani,0.608,28,713
2025-12-22 18:40:19,Qwen/Qwen3-8B,MMLU_selected_subjects,isot_true_449,chara,0.561,28,471
2025-12-22 18:43:54,Qwen/Qwen3-8B,MMLU_selected_subjects,isot_true_899,wordd,0.605,28,713
2025-12-22 18:45:35,Qwen/Qwen3-8B,MMLU_selected_subjects,isot_true_45,clean,0.601,28,777
2025-12-22 18:49:42,Qwen/Qwen3-8B,MMLU_selected_subjects,isot_true_899,chara,0.581,28,713
2025-12-22 18:50:43,Qwen/Qwen3-8B,MMLU_selected_subjects,isot_true_45,meani,0.585,28,777
2025-12-22 18:54:29,Qwen/Qwen3-8B,MMLU_selected_subjects,isot_true_9,clean,0.611,28,492
2025-12-22 18:55:49,Qwen/Qwen3-8B,MMLU_selected_subjects,isot_true_45,wordd,0.588,28,777
2025-12-22 18:59:24,Qwen/Qwen3-8B,MMLU_selected_subjects,isot_true_9,meani,0.606,28,492
2025-12-22 19:01:53,Qwen/Qwen3-8B,MMLU_selected_subjects,isot_true_45,chara,0.55,28,777
2025-12-22 19:04:23,Qwen/Qwen3-8B,MMLU_selected_subjects,isot_true_9,wordd,0.586,28,492
2025-12-22 19:06:39,Qwen/Qwen3-8B,MMLU_selected_subjects,isot_true_450,clean,0.598,28,260
2025-12-22 19:09:43,Qwen/Qwen3-8B,MMLU_selected_subjects,isot_true_9,chara,0.54,28,492
2025-12-22 19:11:17,Qwen/Qwen3-8B,MMLU_selected_subjects,isot_true_450,meani,0.589,28,260
2025-12-22 19:14:43,Qwen/Qwen3-8B,MMLU_selected_subjects,isot_true_90,clean,0.6,28,562
2025-12-22 19:16:08,Qwen/Qwen3-8B,MMLU_selected_subjects,isot_true_450,wordd,0.602,28,260
2025-12-22 19:19:48,Qwen/Qwen3-8B,MMLU_selected_subjects,isot_true_90,meani,0.619,28,562
2025-12-22 19:21:06,Qwen/Qwen3-8B,MMLU_selected_subjects,isot_true_450,chara,0.531,28,260
2025-12-22 19:24:45,Qwen/Qwen3-8B,MMLU_selected_subjects,isot_true_90,wordd,0.591,28,562
2025-12-22 19:25:45,Qwen/Qwen3-8B,MMLU_selected_subjects,isot_true_451,clean,0.591,28,345
2025-12-22 19:30:18,Qwen/Qwen3-8B,MMLU_selected_subjects,isot_true_90,chara,0.549,28,562
2025-12-22 19:30:33,Qwen/Qwen3-8B,MMLU_selected_subjects,isot_true_451,meani,0.611,28,345
2025-12-22 19:35:19,Qwen/Qwen3-8B,MMLU_selected_subjects,isot_true_900,clean,0.607,28,510
2025-12-22 19:35:23,Qwen/Qwen3-8B,MMLU_selected_subjects,isot_true_451,wordd,0.613,28,345
2025-12-22 19:40:05,Qwen/Qwen3-8B,MMLU_selected_subjects,isot_true_900,meani,0.598,28,510
2025-12-22 19:40:22,Qwen/Qwen3-8B,MMLU_selected_subjects,isot_true_451,chara,0.547,28,345
2025-12-22 19:44:54,Qwen/Qwen3-8B,MMLU_selected_subjects,isot_true_900,wordd,0.591,28,510
2025-12-22 19:45:15,Qwen/Qwen3-8B,MMLU_selected_subjects,isot_true_452,clean,0.619,28,606
2025-12-22 19:50:04,Qwen/Qwen3-8B,MMLU_selected_subjects,isot_true_452,meani,0.591,28,606
2025-12-22 19:50:14,Qwen/Qwen3-8B,MMLU_selected_subjects,isot_true_900,chara,0.569,28,510
2025-12-22 19:54:55,Qwen/Qwen3-8B,MMLU_selected_subjects,isot_true_452,wordd,0.599,28,606
2025-12-22 19:55:00,Qwen/Qwen3-8B,MMLU_selected_subjects,isot_true_901,clean,0.6,28,430
2025-12-22 19:59:45,Qwen/Qwen3-8B,MMLU_selected_subjects,isot_true_901,meani,0.609,28,430
2025-12-22 20:00:29,Qwen/Qwen3-8B,MMLU_selected_subjects,isot_true_452,chara,0.561,28,606
2025-12-22 20:04:29,Qwen/Qwen3-8B,MMLU_selected_subjects,isot_true_901,wordd,0.593,28,430
2025-12-22 20:05:26,Qwen/Qwen3-8B,MMLU_selected_subjects,isot_true_453,clean,0.609,28,587
2025-12-22 20:09:42,Qwen/Qwen3-8B,MMLU_selected_subjects,isot_true_901,chara,0.575,28,430
2025-12-22 20:10:21,Qwen/Qwen3-8B,MMLU_selected_subjects,isot_true_453,meani,0.604,28,587
2025-12-22 20:14:36,Qwen/Qwen3-8B,MMLU_selected_subjects,isot_true_902,clean,0.608,28,532
2025-12-22 20:15:13,Qwen/Qwen3-8B,MMLU_selected_subjects,isot_true_453,wordd,0.599,28,587
2025-12-22 20:19:28,Qwen/Qwen3-8B,MMLU_selected_subjects,isot_true_902,meani,0.607,28,532
2025-12-22 20:20:42,Qwen/Qwen3-8B,MMLU_selected_subjects,isot_true_453,chara,0.541,28,587
2025-12-22 20:24:16,Qwen/Qwen3-8B,MMLU_selected_subjects,isot_true_902,wordd,0.6,28,532
2025-12-22 20:25:38,Qwen/Qwen3-8B,MMLU_selected_subjects,isot_true_454,clean,0.622,28,682
2025-12-22 20:29:39,Qwen/Qwen3-8B,MMLU_selected_subjects,isot_true_902,chara,0.575,28,532
2025-12-22 20:30:36,Qwen/Qwen3-8B,MMLU_selected_subjects,isot_true_454,meani,0.618,28,682
2025-12-22 20:34:44,Qwen/Qwen3-8B,MMLU_selected_subjects,isot_true_903,clean,0.548,28,739
2025-12-22 20:35:32,Qwen/Qwen3-8B,MMLU_selected_subjects,isot_true_454,wordd,0.606,28,682
2025-12-22 20:39:49,Qwen/Qwen3-8B,MMLU_selected_subjects,isot_true_903,meani,0.583,28,739
2025-12-22 20:41:09,Qwen/Qwen3-8B,MMLU_selected_subjects,isot_true_454,chara,0.511,28,682
2025-12-22 20:44:51,Qwen/Qwen3-8B,MMLU_selected_subjects,isot_true_903,wordd,0.574,28,739
2025-12-22 20:45:46,Qwen/Qwen3-8B,MMLU_selected_subjects,isot_true_455,clean,0.613,28,451
2025-12-22 20:50:29,Qwen/Qwen3-8B,MMLU_selected_subjects,isot_true_455,meani,0.612,28,451
2025-12-22 20:50:36,Qwen/Qwen3-8B,MMLU_selected_subjects,isot_true_903,chara,0.514,28,739
2025-12-22 20:55:05,Qwen/Qwen3-8B,MMLU_selected_subjects,isot_true_455,wordd,0.613,28,451
2025-12-22 20:55:18,Qwen/Qwen3-8B,MMLU_selected_subjects,isot_true_904,clean,0.592,28,428
2025-12-22 21:00:08,Qwen/Qwen3-8B,MMLU_selected_subjects,isot_true_904,meani,0.603,28,428
2025-12-22 21:00:15,Qwen/Qwen3-8B,MMLU_selected_subjects,isot_true_455,chara,0.573,28,451
2025-12-22 21:04:48,Qwen/Qwen3-8B,MMLU_selected_subjects,isot_true_904,wordd,0.584,28,428
2025-12-22 21:05:09,Qwen/Qwen3-8B,MMLU_selected_subjects,isot_true_456,clean,0.602,28,628
2025-12-22 21:09:58,Qwen/Qwen3-8B,MMLU_selected_subjects,isot_true_456,meani,0.599,28,628
2025-12-22 21:10:02,Qwen/Qwen3-8B,MMLU_selected_subjects,isot_true_904,chara,0.544,28,428
2025-12-22 21:14:46,Qwen/Qwen3-8B,MMLU_selected_subjects,isot_true_456,wordd,0.597,28,628
2025-12-22 21:14:55,Qwen/Qwen3-8B,MMLU_selected_subjects,isot_true_905,clean,0.582,28,471
2025-12-22 21:19:39,Qwen/Qwen3-8B,MMLU_selected_subjects,isot_true_905,meani,0.615,28,471
2025-12-22 21:20:16,Qwen/Qwen3-8B,MMLU_selected_subjects,isot_true_456,chara,0.567,28,628
2025-12-22 21:24:26,Qwen/Qwen3-8B,MMLU_selected_subjects,isot_true_905,wordd,0.599,28,471
2025-12-22 21:24:58,Qwen/Qwen3-8B,MMLU_selected_subjects,isot_true_457,clean,0.62,28,594
2025-12-22 21:29:42,Qwen/Qwen3-8B,MMLU_selected_subjects,isot_true_457,meani,0.608,28,594
2025-12-22 21:29:46,Qwen/Qwen3-8B,MMLU_selected_subjects,isot_true_905,chara,0.533,28,471
2025-12-22 21:34:27,Qwen/Qwen3-8B,MMLU_selected_subjects,isot_true_457,wordd,0.606,28,594
2025-12-22 21:34:29,Qwen/Qwen3-8B,MMLU_selected_subjects,isot_true_906,clean,0.594,28,443
2025-12-22 21:39:18,Qwen/Qwen3-8B,MMLU_selected_subjects,isot_true_906,meani,0.614,28,443
2025-12-22 21:39:51,Qwen/Qwen3-8B,MMLU_selected_subjects,isot_true_457,chara,0.573,28,594
2025-12-22 21:44:00,Qwen/Qwen3-8B,MMLU_selected_subjects,isot_true_906,wordd,0.596,28,443
2025-12-22 21:44:41,Qwen/Qwen3-8B,MMLU_selected_subjects,isot_true_458,clean,0.609,28,564
2025-12-22 21:49:09,Qwen/Qwen3-8B,MMLU_selected_subjects,isot_true_906,chara,0.558,28,443
2025-12-22 21:49:29,Qwen/Qwen3-8B,MMLU_selected_subjects,isot_true_458,meani,0.616,28,564
2025-12-22 21:54:06,Qwen/Qwen3-8B,MMLU_selected_subjects,isot_true_907,clean,0.583,28,637
2025-12-22 21:54:15,Qwen/Qwen3-8B,MMLU_selected_subjects,isot_true_458,wordd,0.603,28,564
2025-12-22 21:59:00,Qwen/Qwen3-8B,MMLU_selected_subjects,isot_true_907,meani,0.614,28,637
2025-12-22 21:59:35,Qwen/Qwen3-8B,MMLU_selected_subjects,isot_true_458,chara,0.546,28,564
2025-12-22 22:04:01,Qwen/Qwen3-8B,MMLU_selected_subjects,isot_true_907,wordd,0.582,28,637
2025-12-22 22:04:25,Qwen/Qwen3-8B,MMLU_selected_subjects,isot_true_459,clean,0.602,28,734
2025-12-22 22:09:15,Qwen/Qwen3-8B,MMLU_selected_subjects,isot_true_459,meani,0.593,28,734
2025-12-22 22:09:33,Qwen/Qwen3-8B,MMLU_selected_subjects,isot_true_907,chara,0.536,28,637
2025-12-22 22:14:09,Qwen/Qwen3-8B,MMLU_selected_subjects,isot_true_459,wordd,0.58,28,734
2025-12-22 22:14:22,Qwen/Qwen3-8B,MMLU_selected_subjects,isot_true_908,clean,0.601,28,408
2025-12-22 22:19:04,Qwen/Qwen3-8B,MMLU_selected_subjects,isot_true_908,meani,0.61,28,408
2025-12-22 22:19:50,Qwen/Qwen3-8B,MMLU_selected_subjects,isot_true_459,chara,0.543,28,734
2025-12-22 22:23:48,Qwen/Qwen3-8B,MMLU_selected_subjects,isot_true_908,wordd,0.595,28,408
2025-12-22 22:24:17,Qwen/Qwen3-8B,MMLU_selected_subjects,isot_true_46,clean,0.613,28,200
2025-12-22 22:28:48,Qwen/Qwen3-8B,MMLU_selected_subjects,isot_true_46,meani,0.6,28,200
2025-12-22 22:29:01,Qwen/Qwen3-8B,MMLU_selected_subjects,isot_true_908,chara,0.558,28,408
2025-12-22 22:33:14,Qwen/Qwen3-8B,MMLU_selected_subjects,isot_true_46,wordd,0.606,28,200
2025-12-22 22:34:03,Qwen/Qwen3-8B,MMLU_selected_subjects,isot_true_909,clean,0.606,28,656
2025-12-22 22:37:56,Qwen/Qwen3-8B,MMLU_selected_subjects,isot_true_46,chara,0.557,28,200
2025-12-22 22:39:01,Qwen/Qwen3-8B,MMLU_selected_subjects,isot_true_909,meani,0.598,28,656
2025-12-22 22:42:56,Qwen/Qwen3-8B,MMLU_selected_subjects,isot_true_460,clean,0.616,28,761
2025-12-22 22:43:56,Qwen/Qwen3-8B,MMLU_selected_subjects,isot_true_909,wordd,0.562,28,656
2025-12-22 22:47:54,Qwen/Qwen3-8B,MMLU_selected_subjects,isot_true_460,meani,0.581,28,761
2025-12-22 22:49:29,Qwen/Qwen3-8B,MMLU_selected_subjects,isot_true_909,chara,0.547,28,656
2025-12-22 22:52:53,Qwen/Qwen3-8B,MMLU_selected_subjects,isot_true_460,wordd,0.584,28,761
2025-12-22 22:54:21,Qwen/Qwen3-8B,MMLU_selected_subjects,isot_true_91,clean,0.59,28,549
2025-12-22 22:58:41,Qwen/Qwen3-8B,MMLU_selected_subjects,isot_true_460,chara,0.522,28,761
2025-12-22 22:59:11,Qwen/Qwen3-8B,MMLU_selected_subjects,isot_true_91,meani,0.605,28,549
2025-12-22 23:03:21,Qwen/Qwen3-8B,MMLU_selected_subjects,isot_true_461,clean,0.614,28,492
2025-12-22 23:03:59,Qwen/Qwen3-8B,MMLU_selected_subjects,isot_true_91,wordd,0.59,28,549
2025-12-22 23:08:01,Qwen/Qwen3-8B,MMLU_selected_subjects,isot_true_461,meani,0.598,28,492
2025-12-22 23:09:18,Qwen/Qwen3-8B,MMLU_selected_subjects,isot_true_91,chara,0.555,28,549
2025-12-22 23:12:42,Qwen/Qwen3-8B,MMLU_selected_subjects,isot_true_461,wordd,0.584,28,492
2025-12-22 23:14:22,Qwen/Qwen3-8B,MMLU_selected_subjects,isot_true_910,clean,0.594,28,784
2025-12-22 23:18:01,Qwen/Qwen3-8B,MMLU_selected_subjects,isot_true_461,chara,0.539,28,492
2025-12-22 23:19:22,Qwen/Qwen3-8B,MMLU_selected_subjects,isot_true_910,meani,0.587,28,784
2025-12-22 23:22:50,Qwen/Qwen3-8B,MMLU_selected_subjects,isot_true_462,clean,0.621,28,652
2025-12-22 23:24:22,Qwen/Qwen3-8B,MMLU_selected_subjects,isot_true_910,wordd,0.564,28,784
2025-12-22 23:27:41,Qwen/Qwen3-8B,MMLU_selected_subjects,isot_true_462,meani,0.599,28,652
2025-12-22 23:30:20,Qwen/Qwen3-8B,MMLU_selected_subjects,isot_true_910,chara,0.548,28,784
2025-12-22 23:32:36,Qwen/Qwen3-8B,MMLU_selected_subjects,isot_true_462,wordd,0.591,28,652
2025-12-22 23:35:03,Qwen/Qwen3-8B,MMLU_selected_subjects,isot_true_911,clean,0.624,28,424
2025-12-22 23:38:08,Qwen/Qwen3-8B,MMLU_selected_subjects,isot_true_462,chara,0.562,28,652
2025-12-22 23:39:43,Qwen/Qwen3-8B,MMLU_selected_subjects,isot_true_911,meani,0.612,28,424
2025-12-22 23:42:52,Qwen/Qwen3-8B,MMLU_selected_subjects,isot_true_463,clean,0.604,28,571
2025-12-22 23:44:28,Qwen/Qwen3-8B,MMLU_selected_subjects,isot_true_911,wordd,0.609,28,424
2025-12-22 23:47:39,Qwen/Qwen3-8B,MMLU_selected_subjects,isot_true_463,meani,0.609,28,571
2025-12-22 23:49:36,Qwen/Qwen3-8B,MMLU_selected_subjects,isot_true_911,chara,0.582,28,424
2025-12-22 23:52:21,Qwen/Qwen3-8B,MMLU_selected_subjects,isot_true_463,wordd,0.578,28,571
2025-12-22 23:54:34,Qwen/Qwen3-8B,MMLU_selected_subjects,isot_true_912,clean,0.566,28,601
2025-12-22 23:57:48,Qwen/Qwen3-8B,MMLU_selected_subjects,isot_true_463,chara,0.528,28,571
2025-12-22 23:59:32,Qwen/Qwen3-8B,MMLU_selected_subjects,isot_true_912,meani,0.57,28,601
2025-12-23 00:02:45,Qwen/Qwen3-8B,MMLU_selected_subjects,isot_true_464,clean,0.607,28,540
2025-12-23 00:04:27,Qwen/Qwen3-8B,MMLU_selected_subjects,isot_true_912,wordd,0.568,28,601
2025-12-23 00:07:36,Qwen/Qwen3-8B,MMLU_selected_subjects,isot_true_464,meani,0.577,28,540
2025-12-23 00:10:05,Qwen/Qwen3-8B,MMLU_selected_subjects,isot_true_912,chara,0.533,28,601
2025-12-23 00:12:38,Qwen/Qwen3-8B,MMLU_selected_subjects,isot_true_464,wordd,0.586,28,540
2025-12-23 00:15:06,Qwen/Qwen3-8B,MMLU_selected_subjects,isot_true_913,clean,0.621,28,556
2025-12-23 00:18:01,Qwen/Qwen3-8B,MMLU_selected_subjects,isot_true_464,chara,0.519,28,540
2025-12-23 00:19:58,Qwen/Qwen3-8B,MMLU_selected_subjects,isot_true_913,meani,0.628,28,556
2025-12-23 00:22:54,Qwen/Qwen3-8B,MMLU_selected_subjects,isot_true_465,clean,0.602,28,683
2025-12-23 00:24:48,Qwen/Qwen3-8B,MMLU_selected_subjects,isot_true_913,wordd,0.597,28,556
2025-12-23 00:27:48,Qwen/Qwen3-8B,MMLU_selected_subjects,isot_true_465,meani,0.613,28,683
2025-12-23 00:30:10,Qwen/Qwen3-8B,MMLU_selected_subjects,isot_true_913,chara,0.585,28,556
2025-12-23 00:32:40,Qwen/Qwen3-8B,MMLU_selected_subjects,isot_true_465,wordd,0.605,28,683
2025-12-23 00:34:50,Qwen/Qwen3-8B,MMLU_selected_subjects,isot_true_914,clean,0.62,28,390
2025-12-23 00:38:19,Qwen/Qwen3-8B,MMLU_selected_subjects,isot_true_465,chara,0.538,28,683
2025-12-23 00:39:32,Qwen/Qwen3-8B,MMLU_selected_subjects,isot_true_914,meani,0.612,28,390
2025-12-23 00:43:13,Qwen/Qwen3-8B,MMLU_selected_subjects,isot_true_466,clean,0.622,28,665
2025-12-23 00:44:18,Qwen/Qwen3-8B,MMLU_selected_subjects,isot_true_914,wordd,0.595,28,390
2025-12-23 00:48:23,Qwen/Qwen3-8B,MMLU_selected_subjects,isot_true_466,meani,0.608,28,665
2025-12-23 00:49:39,Qwen/Qwen3-8B,MMLU_selected_subjects,isot_true_914,chara,0.501,28,390
2025-12-23 00:53:21,Qwen/Qwen3-8B,MMLU_selected_subjects,isot_true_466,wordd,0.598,28,665
2025-12-23 00:54:20,Qwen/Qwen3-8B,MMLU_selected_subjects,isot_true_915,clean,0.608,28,336
2025-12-23 00:59:11,Qwen/Qwen3-8B,MMLU_selected_subjects,isot_true_466,chara,0.533,28,665
2025-12-23 00:59:19,Qwen/Qwen3-8B,MMLU_selected_subjects,isot_true_915,meani,0.593,28,336
2025-12-23 01:04:12,Qwen/Qwen3-8B,MMLU_selected_subjects,isot_true_467,clean,0.621,28,551
2025-12-23 01:04:13,Qwen/Qwen3-8B,MMLU_selected_subjects,isot_true_915,wordd,0.617,28,336
2025-12-23 01:09:12,Qwen/Qwen3-8B,MMLU_selected_subjects,isot_true_467,meani,0.609,28,551
2025-12-23 01:09:26,Qwen/Qwen3-8B,MMLU_selected_subjects,isot_true_915,chara,0.539,28,336
2025-12-23 01:14:19,Qwen/Qwen3-8B,MMLU_selected_subjects,isot_true_467,wordd,0.6,28,551
2025-12-23 01:14:32,Qwen/Qwen3-8B,MMLU_selected_subjects,isot_true_916,clean,0.59,28,501
2025-12-23 01:19:27,Qwen/Qwen3-8B,MMLU_selected_subjects,isot_true_916,meani,0.597,28,501
2025-12-23 01:19:47,Qwen/Qwen3-8B,MMLU_selected_subjects,isot_true_467,chara,0.52,28,551
2025-12-23 01:24:34,Qwen/Qwen3-8B,MMLU_selected_subjects,isot_true_916,wordd,0.565,28,501
2025-12-23 01:24:57,Qwen/Qwen3-8B,MMLU_selected_subjects,isot_true_468,clean,0.602,28,573
2025-12-23 01:29:59,Qwen/Qwen3-8B,MMLU_selected_subjects,isot_true_916,chara,0.537,28,501
2025-12-23 01:30:01,Qwen/Qwen3-8B,MMLU_selected_subjects,isot_true_468,meani,0.603,28,573
2025-12-23 01:34:43,Qwen/Qwen3-8B,MMLU_selected_subjects,isot_true_917,clean,0.622,28,397
2025-12-23 01:34:56,Qwen/Qwen3-8B,MMLU_selected_subjects,isot_true_468,wordd,0.58,28,573
2025-12-23 01:39:26,Qwen/Qwen3-8B,MMLU_selected_subjects,isot_true_917,meani,0.618,28,397
2025-12-23 01:40:26,Qwen/Qwen3-8B,MMLU_selected_subjects,isot_true_468,chara,0.549,28,573
2025-12-23 01:44:07,Qwen/Qwen3-8B,MMLU_selected_subjects,isot_true_917,wordd,0.61,28,397
2025-12-23 01:45:20,Qwen/Qwen3-8B,MMLU_selected_subjects,isot_true_469,clean,0.592,28,691
2025-12-23 01:49:14,Qwen/Qwen3-8B,MMLU_selected_subjects,isot_true_917,chara,0.573,28,397
2025-12-23 01:50:15,Qwen/Qwen3-8B,MMLU_selected_subjects,isot_true_469,meani,0.607,28,691
2025-12-23 01:54:05,Qwen/Qwen3-8B,MMLU_selected_subjects,isot_true_918,clean,0.609,28,532
2025-12-23 01:55:09,Qwen/Qwen3-8B,MMLU_selected_subjects,isot_true_469,wordd,0.597,28,691
2025-12-23 01:58:54,Qwen/Qwen3-8B,MMLU_selected_subjects,isot_true_918,meani,0.595,28,532
2025-12-23 02:00:49,Qwen/Qwen3-8B,MMLU_selected_subjects,isot_true_469,chara,0.538,28,691
2025-12-23 02:03:44,Qwen/Qwen3-8B,MMLU_selected_subjects,isot_true_918,wordd,0.589,28,532
2025-12-23 02:05:35,Qwen/Qwen3-8B,MMLU_selected_subjects,isot_true_47,clean,0.614,28,445
2025-12-23 02:09:07,Qwen/Qwen3-8B,MMLU_selected_subjects,isot_true_918,chara,0.568,28,532
2025-12-23 02:10:16,Qwen/Qwen3-8B,MMLU_selected_subjects,isot_true_47,meani,0.598,28,445
2025-12-23 02:13:55,Qwen/Qwen3-8B,MMLU_selected_subjects,isot_true_919,clean,0.607,28,504
2025-12-23 02:15:02,Qwen/Qwen3-8B,MMLU_selected_subjects,isot_true_47,wordd,0.596,28,445
2025-12-23 02:18:42,Qwen/Qwen3-8B,MMLU_selected_subjects,isot_true_919,meani,0.578,28,504
2025-12-23 02:20:16,Qwen/Qwen3-8B,MMLU_selected_subjects,isot_true_47,chara,0.557,28,445
2025-12-23 02:23:29,Qwen/Qwen3-8B,MMLU_selected_subjects,isot_true_919,wordd,0.601,28,504
2025-12-23 02:25:02,Qwen/Qwen3-8B,MMLU_selected_subjects,isot_true_470,clean,0.605,28,455
2025-12-23 02:28:50,Qwen/Qwen3-8B,MMLU_selected_subjects,isot_true_919,chara,0.571,28,504
2025-12-23 02:29:48,Qwen/Qwen3-8B,MMLU_selected_subjects,isot_true_470,meani,0.601,28,455
2025-12-23 02:33:40,Qwen/Qwen3-8B,MMLU_selected_subjects,isot_true_92,clean,0.615,28,524
2025-12-23 02:34:31,Qwen/Qwen3-8B,MMLU_selected_subjects,isot_true_470,wordd,0.617,28,455
2025-12-23 02:38:25,Qwen/Qwen3-8B,MMLU_selected_subjects,isot_true_92,meani,0.584,28,524
2025-12-23 02:39:48,Qwen/Qwen3-8B,MMLU_selected_subjects,isot_true_470,chara,0.528,28,455
2025-12-23 02:43:11,Qwen/Qwen3-8B,MMLU_selected_subjects,isot_true_92,wordd,0.587,28,524
2025-12-23 02:44:35,Qwen/Qwen3-8B,MMLU_selected_subjects,isot_true_471,clean,0.599,28,535
2025-12-23 02:48:33,Qwen/Qwen3-8B,MMLU_selected_subjects,isot_true_92,chara,0.553,28,524
2025-12-23 02:49:24,Qwen/Qwen3-8B,MMLU_selected_subjects,isot_true_471,meani,0.615,28,535
2025-12-23 02:53:12,Qwen/Qwen3-8B,MMLU_selected_subjects,isot_true_920,clean,0.624,28,233
2025-12-23 02:54:12,Qwen/Qwen3-8B,MMLU_selected_subjects,isot_true_471,wordd,0.598,28,535
2025-12-23 02:57:51,Qwen/Qwen3-8B,MMLU_selected_subjects,isot_true_920,meani,0.602,28,233
2025-12-23 02:59:33,Qwen/Qwen3-8B,MMLU_selected_subjects,isot_true_471,chara,0.557,28,535
2025-12-23 03:02:28,Qwen/Qwen3-8B,MMLU_selected_subjects,isot_true_920,wordd,0.61,28,233
2025-12-23 03:04:34,Qwen/Qwen3-8B,MMLU_selected_subjects,isot_true_472,clean,0.605,28,732
2025-12-23 03:07:18,Qwen/Qwen3-8B,MMLU_selected_subjects,isot_true_920,chara,0.544,28,233
2025-12-23 03:09:37,Qwen/Qwen3-8B,MMLU_selected_subjects,isot_true_472,meani,0.594,28,732
2025-12-23 03:12:07,Qwen/Qwen3-8B,MMLU_selected_subjects,isot_true_921,clean,0.62,28,509
2025-12-23 03:14:38,Qwen/Qwen3-8B,MMLU_selected_subjects,isot_true_472,wordd,0.577,28,732
2025-12-23 03:16:55,Qwen/Qwen3-8B,MMLU_selected_subjects,isot_true_921,meani,0.616,28,509
2025-12-23 03:20:22,Qwen/Qwen3-8B,MMLU_selected_subjects,isot_true_472,chara,0.534,28,732
2025-12-23 03:21:47,Qwen/Qwen3-8B,MMLU_selected_subjects,isot_true_921,wordd,0.617,28,509
2025-12-23 03:25:07,Qwen/Qwen3-8B,MMLU_selected_subjects,isot_true_473,clean,0.611,28,394
2025-12-23 03:27:08,Qwen/Qwen3-8B,MMLU_selected_subjects,isot_true_921,chara,0.58,28,509
2025-12-23 03:29:48,Qwen/Qwen3-8B,MMLU_selected_subjects,isot_true_473,meani,0.626,28,394
2025-12-23 03:31:54,Qwen/Qwen3-8B,MMLU_selected_subjects,isot_true_922,clean,0.6,28,348
2025-12-23 03:34:27,Qwen/Qwen3-8B,MMLU_selected_subjects,isot_true_473,wordd,0.602,28,394
2025-12-23 03:36:38,Qwen/Qwen3-8B,MMLU_selected_subjects,isot_true_922,meani,0.611,28,348
2025-12-23 03:39:38,Qwen/Qwen3-8B,MMLU_selected_subjects,isot_true_473,chara,0.55,28,394
2025-12-23 03:41:20,Qwen/Qwen3-8B,MMLU_selected_subjects,isot_true_922,wordd,0.603,28,348
2025-12-23 03:44:21,Qwen/Qwen3-8B,MMLU_selected_subjects,isot_true_474,clean,0.606,28,408
2025-12-23 03:46:23,Qwen/Qwen3-8B,MMLU_selected_subjects,isot_true_922,chara,0.55,28,348
2025-12-23 03:49:11,Qwen/Qwen3-8B,MMLU_selected_subjects,isot_true_474,meani,0.614,28,408
2025-12-23 03:51:15,Qwen/Qwen3-8B,MMLU_selected_subjects,isot_true_923,clean,0.613,28,499
2025-12-23 03:53:52,Qwen/Qwen3-8B,MMLU_selected_subjects,isot_true_474,wordd,0.613,28,408
2025-12-23 03:56:06,Qwen/Qwen3-8B,MMLU_selected_subjects,isot_true_923,meani,0.615,28,499
2025-12-23 03:58:59,Qwen/Qwen3-8B,MMLU_selected_subjects,isot_true_474,chara,0.567,28,408
2025-12-23 04:00:59,Qwen/Qwen3-8B,MMLU_selected_subjects,isot_true_923,wordd,0.612,28,499
2025-12-23 04:03:46,Qwen/Qwen3-8B,MMLU_selected_subjects,isot_true_475,clean,0.597,28,568
2025-12-23 04:06:19,Qwen/Qwen3-8B,MMLU_selected_subjects,isot_true_923,chara,0.546,28,499
2025-12-23 04:08:34,Qwen/Qwen3-8B,MMLU_selected_subjects,isot_true_475,meani,0.606,28,568
2025-12-23 04:11:25,Qwen/Qwen3-8B,MMLU_selected_subjects,isot_true_924,clean,0.607,28,799
2025-12-23 04:13:22,Qwen/Qwen3-8B,MMLU_selected_subjects,isot_true_475,wordd,0.606,28,568
2025-12-23 04:16:28,Qwen/Qwen3-8B,MMLU_selected_subjects,isot_true_924,meani,0.616,28,799
2025-12-23 04:18:43,Qwen/Qwen3-8B,MMLU_selected_subjects,isot_true_475,chara,0.559,28,568
2025-12-23 04:21:36,Qwen/Qwen3-8B,MMLU_selected_subjects,isot_true_924,wordd,0.589,28,799
2025-12-23 04:23:37,Qwen/Qwen3-8B,MMLU_selected_subjects,isot_true_476,clean,0.612,28,573
2025-12-23 04:27:30,Qwen/Qwen3-8B,MMLU_selected_subjects,isot_true_924,chara,0.568,28,799
2025-12-23 04:28:31,Qwen/Qwen3-8B,MMLU_selected_subjects,isot_true_476,meani,0.584,28,573
2025-12-23 04:32:35,Qwen/Qwen3-8B,MMLU_selected_subjects,isot_true_925,clean,0.609,28,651
2025-12-23 04:33:25,Qwen/Qwen3-8B,MMLU_selected_subjects,isot_true_476,wordd,0.576,28,573
2025-12-23 04:37:41,Qwen/Qwen3-8B,MMLU_selected_subjects,isot_true_925,meani,0.616,28,651
2025-12-23 04:38:52,Qwen/Qwen3-8B,MMLU_selected_subjects,isot_true_476,chara,0.538,28,573
2025-12-23 04:42:55,Qwen/Qwen3-8B,MMLU_selected_subjects,isot_true_925,wordd,0.582,28,651
2025-12-23 04:43:45,Qwen/Qwen3-8B,MMLU_selected_subjects,isot_true_477,clean,0.582,28,479
2025-12-23 04:48:35,Qwen/Qwen3-8B,MMLU_selected_subjects,isot_true_477,meani,0.592,28,479
2025-12-23 04:48:39,Qwen/Qwen3-8B,MMLU_selected_subjects,isot_true_925,chara,0.54,28,651
2025-12-23 04:53:28,Qwen/Qwen3-8B,MMLU_selected_subjects,isot_true_477,wordd,0.586,28,479
2025-12-23 04:53:41,Qwen/Qwen3-8B,MMLU_selected_subjects,isot_true_926,clean,0.61,28,635
2025-12-23 04:58:40,Qwen/Qwen3-8B,MMLU_selected_subjects,isot_true_926,meani,0.592,28,635
2025-12-23 04:58:51,Qwen/Qwen3-8B,MMLU_selected_subjects,isot_true_477,chara,0.544,28,479
2025-12-23 05:03:39,Qwen/Qwen3-8B,MMLU_selected_subjects,isot_true_926,wordd,0.588,28,635
2025-12-23 05:03:51,Qwen/Qwen3-8B,MMLU_selected_subjects,isot_true_478,clean,0.614,28,741
2025-12-23 05:08:53,Qwen/Qwen3-8B,MMLU_selected_subjects,isot_true_478,meani,0.597,28,741
2025-12-23 05:09:18,Qwen/Qwen3-8B,MMLU_selected_subjects,isot_true_926,chara,0.539,28,635
2025-12-23 05:13:52,Qwen/Qwen3-8B,MMLU_selected_subjects,isot_true_478,wordd,0.607,28,741
2025-12-23 05:14:15,Qwen/Qwen3-8B,MMLU_selected_subjects,isot_true_927,clean,0.586,28,643
2025-12-23 05:19:11,Qwen/Qwen3-8B,MMLU_selected_subjects,isot_true_927,meani,0.607,28,643
2025-12-23 05:19:37,Qwen/Qwen3-8B,MMLU_selected_subjects,isot_true_478,chara,0.555,28,741
2025-12-23 05:24:06,Qwen/Qwen3-8B,MMLU_selected_subjects,isot_true_927,wordd,0.594,28,643
2025-12-23 05:24:28,Qwen/Qwen3-8B,MMLU_selected_subjects,isot_true_479,clean,0.592,28,668
2025-12-23 05:29:28,Qwen/Qwen3-8B,MMLU_selected_subjects,isot_true_479,meani,0.579,28,668
2025-12-23 05:29:44,Qwen/Qwen3-8B,MMLU_selected_subjects,isot_true_927,chara,0.566,28,643
2025-12-23 05:34:25,Qwen/Qwen3-8B,MMLU_selected_subjects,isot_true_479,wordd,0.605,28,668
2025-12-23 05:34:30,Qwen/Qwen3-8B,MMLU_selected_subjects,isot_true_928,clean,0.597,28,461
2025-12-23 05:39:20,Qwen/Qwen3-8B,MMLU_selected_subjects,isot_true_928,meani,0.593,28,461
2025-12-23 05:40:03,Qwen/Qwen3-8B,MMLU_selected_subjects,isot_true_479,chara,0.524,28,668
2025-12-23 05:44:06,Qwen/Qwen3-8B,MMLU_selected_subjects,isot_true_928,wordd,0.597,28,461
2025-12-23 05:45:06,Qwen/Qwen3-8B,MMLU_selected_subjects,isot_true_48,clean,0.609,28,797
2025-12-23 05:49:22,Qwen/Qwen3-8B,MMLU_selected_subjects,isot_true_928,chara,0.562,28,461
2025-12-23 05:50:08,Qwen/Qwen3-8B,MMLU_selected_subjects,isot_true_48,meani,0.584,28,797
2025-12-23 05:54:10,Qwen/Qwen3-8B,MMLU_selected_subjects,isot_true_929,clean,0.611,28,399
2025-12-23 05:55:11,Qwen/Qwen3-8B,MMLU_selected_subjects,isot_true_48,wordd,0.599,28,797
2025-12-23 05:58:55,Qwen/Qwen3-8B,MMLU_selected_subjects,isot_true_929,meani,0.583,28,399
2025-12-23 06:01:02,Qwen/Qwen3-8B,MMLU_selected_subjects,isot_true_48,chara,0.553,28,797
2025-12-23 06:03:45,Qwen/Qwen3-8B,MMLU_selected_subjects,isot_true_929,wordd,0.585,28,399
2025-12-23 06:05:41,Qwen/Qwen3-8B,MMLU_selected_subjects,isot_true_480,clean,0.603,28,327
2025-12-23 06:08:54,Qwen/Qwen3-8B,MMLU_selected_subjects,isot_true_929,chara,0.543,28,399
2025-12-23 06:10:17,Qwen/Qwen3-8B,MMLU_selected_subjects,isot_true_480,meani,0.606,28,327
2025-12-23 06:13:55,Qwen/Qwen3-8B,MMLU_selected_subjects,isot_true_93,clean,0.616,28,734
2025-12-23 06:14:55,Qwen/Qwen3-8B,MMLU_selected_subjects,isot_true_480,wordd,0.59,28,327
2025-12-23 06:18:59,Qwen/Qwen3-8B,MMLU_selected_subjects,isot_true_93,meani,0.602,28,734
2025-12-23 06:19:56,Qwen/Qwen3-8B,MMLU_selected_subjects,isot_true_480,chara,0.54,28,327
2025-12-23 06:24:00,Qwen/Qwen3-8B,MMLU_selected_subjects,isot_true_93,wordd,0.587,28,734
2025-12-23 06:24:37,Qwen/Qwen3-8B,MMLU_selected_subjects,isot_true_481,clean,0.613,28,447
2025-12-23 06:29:17,Qwen/Qwen3-8B,MMLU_selected_subjects,isot_true_481,meani,0.605,28,447
2025-12-23 06:29:43,Qwen/Qwen3-8B,MMLU_selected_subjects,isot_true_93,chara,0.526,28,734
2025-12-23 06:34:00,Qwen/Qwen3-8B,MMLU_selected_subjects,isot_true_481,wordd,0.617,28,447
2025-12-23 06:34:30,Qwen/Qwen3-8B,MMLU_selected_subjects,isot_true_930,clean,0.619,28,401
2025-12-23 06:39:10,Qwen/Qwen3-8B,MMLU_selected_subjects,isot_true_481,chara,0.56,28,447
2025-12-23 06:39:14,Qwen/Qwen3-8B,MMLU_selected_subjects,isot_true_930,meani,0.616,28,401
2025-12-23 06:43:56,Qwen/Qwen3-8B,MMLU_selected_subjects,isot_true_930,wordd,0.588,28,401
2025-12-23 06:44:02,Qwen/Qwen3-8B,MMLU_selected_subjects,isot_true_482,clean,0.619,28,647
2025-12-23 06:48:53,Qwen/Qwen3-8B,MMLU_selected_subjects,isot_true_482,meani,0.613,28,647
2025-12-23 06:49:07,Qwen/Qwen3-8B,MMLU_selected_subjects,isot_true_930,chara,0.579,28,401
2025-12-23 06:53:48,Qwen/Qwen3-8B,MMLU_selected_subjects,isot_true_482,wordd,0.6,28,647
2025-12-23 06:54:23,Qwen/Qwen3-8B,MMLU_selected_subjects,isot_true_931,clean,0.587,28,786
2025-12-23 06:59:17,Qwen/Qwen3-8B,MMLU_selected_subjects,isot_true_482,chara,0.57,28,647
2025-12-23 06:59:31,Qwen/Qwen3-8B,MMLU_selected_subjects,isot_true_931,meani,0.589,28,786
2025-12-23 07:04:09,Qwen/Qwen3-8B,MMLU_selected_subjects,isot_true_483,clean,0.579,28,568
2025-12-23 07:04:41,Qwen/Qwen3-8B,MMLU_selected_subjects,isot_true_931,wordd,0.598,28,786
2025-12-23 07:09:01,Qwen/Qwen3-8B,MMLU_selected_subjects,isot_true_483,meani,0.602,28,568
2025-12-23 07:10:42,Qwen/Qwen3-8B,MMLU_selected_subjects,isot_true_931,chara,0.521,28,786
2025-12-23 07:13:48,Qwen/Qwen3-8B,MMLU_selected_subjects,isot_true_483,wordd,0.588,28,568
2025-12-23 07:15:41,Qwen/Qwen3-8B,MMLU_selected_subjects,isot_true_932,clean,0.613,28,656
2025-12-23 07:19:14,Qwen/Qwen3-8B,MMLU_selected_subjects,isot_true_483,chara,0.537,28,568
2025-12-23 07:20:36,Qwen/Qwen3-8B,MMLU_selected_subjects,isot_true_932,meani,0.628,28,656
2025-12-23 07:24:15,Qwen/Qwen3-8B,MMLU_selected_subjects,isot_true_484,clean,0.615,28,779
2025-12-23 07:25:28,Qwen/Qwen3-8B,MMLU_selected_subjects,isot_true_932,wordd,0.597,28,656
2025-12-23 07:29:16,Qwen/Qwen3-8B,MMLU_selected_subjects,isot_true_484,meani,0.609,28,779
2025-12-23 07:31:04,Qwen/Qwen3-8B,MMLU_selected_subjects,isot_true_932,chara,0.525,28,656
2025-12-23 07:34:16,Qwen/Qwen3-8B,MMLU_selected_subjects,isot_true_484,wordd,0.583,28,779
2025-12-23 07:36:02,Qwen/Qwen3-8B,MMLU_selected_subjects,isot_true_933,clean,0.606,28,655
2025-12-23 07:40:04,Qwen/Qwen3-8B,MMLU_selected_subjects,isot_true_484,chara,0.547,28,779
2025-12-23 07:40:57,Qwen/Qwen3-8B,MMLU_selected_subjects,isot_true_933,meani,0.605,28,655
2025-12-23 07:44:48,Qwen/Qwen3-8B,MMLU_selected_subjects,isot_true_485,clean,0.594,28,449
2025-12-23 07:45:56,Qwen/Qwen3-8B,MMLU_selected_subjects,isot_true_933,wordd,0.594,28,655
2025-12-23 07:49:30,Qwen/Qwen3-8B,MMLU_selected_subjects,isot_true_485,meani,0.596,28,449
2025-12-23 07:51:31,Qwen/Qwen3-8B,MMLU_selected_subjects,isot_true_933,chara,0.559,28,655
2025-12-23 07:54:11,Qwen/Qwen3-8B,MMLU_selected_subjects,isot_true_485,wordd,0.591,28,449
2025-12-23 07:56:12,Qwen/Qwen3-8B,MMLU_selected_subjects,isot_true_934,clean,0.608,28,380
2025-12-23 07:59:19,Qwen/Qwen3-8B,MMLU_selected_subjects,isot_true_485,chara,0.533,28,449
2025-12-23 08:00:51,Qwen/Qwen3-8B,MMLU_selected_subjects,isot_true_934,meani,0.598,28,380
2025-12-23 08:04:06,Qwen/Qwen3-8B,MMLU_selected_subjects,isot_true_486,clean,0.587,28,497
2025-12-23 08:05:33,Qwen/Qwen3-8B,MMLU_selected_subjects,isot_true_934,wordd,0.581,28,380
2025-12-23 08:08:53,Qwen/Qwen3-8B,MMLU_selected_subjects,isot_true_486,meani,0.619,28,497
2025-12-23 08:10:40,Qwen/Qwen3-8B,MMLU_selected_subjects,isot_true_934,chara,0.547,28,380
2025-12-23 08:13:39,Qwen/Qwen3-8B,MMLU_selected_subjects,isot_true_486,wordd,0.588,28,497
2025-12-23 08:15:48,Qwen/Qwen3-8B,MMLU_selected_subjects,isot_true_935,clean,0.598,28,784
2025-12-23 08:19:00,Qwen/Qwen3-8B,MMLU_selected_subjects,isot_true_486,chara,0.556,28,497
2025-12-23 08:20:48,Qwen/Qwen3-8B,MMLU_selected_subjects,isot_true_935,meani,0.605,28,784
2025-12-23 08:23:50,Qwen/Qwen3-8B,MMLU_selected_subjects,isot_true_487,clean,0.579,28,448
2025-12-23 08:25:51,Qwen/Qwen3-8B,MMLU_selected_subjects,isot_true_935,wordd,0.582,28,784
2025-12-23 08:28:36,Qwen/Qwen3-8B,MMLU_selected_subjects,isot_true_487,meani,0.598,28,448
2025-12-23 08:31:41,Qwen/Qwen3-8B,MMLU_selected_subjects,isot_true_935,chara,0.533,28,784
2025-12-23 08:33:22,Qwen/Qwen3-8B,MMLU_selected_subjects,isot_true_487,wordd,0.591,28,448
2025-12-23 08:36:29,Qwen/Qwen3-8B,MMLU_selected_subjects,isot_true_936,clean,0.637,28,529
2025-12-23 08:38:31,Qwen/Qwen3-8B,MMLU_selected_subjects,isot_true_487,chara,0.542,28,448
2025-12-23 08:41:20,Qwen/Qwen3-8B,MMLU_selected_subjects,isot_true_936,meani,0.614,28,529
2025-12-23 08:43:29,Qwen/Qwen3-8B,MMLU_selected_subjects,isot_true_488,clean,0.596,28,715
2025-12-23 08:46:06,Qwen/Qwen3-8B,MMLU_selected_subjects,isot_true_936,wordd,0.607,28,529
2025-12-23 08:48:25,Qwen/Qwen3-8B,MMLU_selected_subjects,isot_true_488,meani,0.584,28,715
2025-12-23 08:51:30,Qwen/Qwen3-8B,MMLU_selected_subjects,isot_true_936,chara,0.564,28,529
2025-12-23 08:53:21,Qwen/Qwen3-8B,MMLU_selected_subjects,isot_true_488,wordd,0.593,28,715
2025-12-23 08:56:17,Qwen/Qwen3-8B,MMLU_selected_subjects,isot_true_937,clean,0.604,28,543
2025-12-23 08:58:59,Qwen/Qwen3-8B,MMLU_selected_subjects,isot_true_488,chara,0.532,28,715
2025-12-23 09:01:04,Qwen/Qwen3-8B,MMLU_selected_subjects,isot_true_937,meani,0.614,28,543
2025-12-23 09:03:38,Qwen/Qwen3-8B,MMLU_selected_subjects,isot_true_489,clean,0.636,28,450
2025-12-23 09:05:50,Qwen/Qwen3-8B,MMLU_selected_subjects,isot_true_937,wordd,0.615,28,543
2025-12-23 09:08:19,Qwen/Qwen3-8B,MMLU_selected_subjects,isot_true_489,meani,0.635,28,450
2025-12-23 09:11:13,Qwen/Qwen3-8B,MMLU_selected_subjects,isot_true_937,chara,0.567,28,543
2025-12-23 09:13:00,Qwen/Qwen3-8B,MMLU_selected_subjects,isot_true_489,wordd,0.617,28,450
2025-12-23 09:16:03,Qwen/Qwen3-8B,MMLU_selected_subjects,isot_true_938,clean,0.627,28,650
2025-12-23 09:18:07,Qwen/Qwen3-8B,MMLU_selected_subjects,isot_true_489,chara,0.592,28,450
2025-12-23 09:20:53,Qwen/Qwen3-8B,MMLU_selected_subjects,isot_true_938,meani,0.613,28,650
2025-12-23 09:23:05,Qwen/Qwen3-8B,MMLU_selected_subjects,isot_true_49,clean,0.619,28,709
2025-12-23 09:25:43,Qwen/Qwen3-8B,MMLU_selected_subjects,isot_true_938,wordd,0.602,28,650
2025-12-23 09:28:03,Qwen/Qwen3-8B,MMLU_selected_subjects,isot_true_49,meani,0.616,28,709
2025-12-23 09:31:14,Qwen/Qwen3-8B,MMLU_selected_subjects,isot_true_938,chara,0.578,28,650
2025-12-23 09:32:59,Qwen/Qwen3-8B,MMLU_selected_subjects,isot_true_49,wordd,0.6,28,709
2025-12-23 09:36:33,Qwen/Qwen3-8B,MMLU_selected_subjects,isot_true_939,clean,0.596,28,797
2025-12-23 09:38:39,Qwen/Qwen3-8B,MMLU_selected_subjects,isot_true_49,chara,0.542,28,709
2025-12-23 09:41:52,Qwen/Qwen3-8B,MMLU_selected_subjects,isot_true_939,meani,0.601,28,797
2025-12-23 09:43:24,Qwen/Qwen3-8B,MMLU_selected_subjects,isot_true_490,clean,0.594,28,543
2025-12-23 09:47:12,Qwen/Qwen3-8B,MMLU_selected_subjects,isot_true_939,wordd,0.607,28,797
2025-12-23 09:48:10,Qwen/Qwen3-8B,MMLU_selected_subjects,isot_true_490,meani,0.616,28,543
2025-12-23 09:52:59,Qwen/Qwen3-8B,MMLU_selected_subjects,isot_true_490,wordd,0.614,28,543
2025-12-23 09:53:13,Qwen/Qwen3-8B,MMLU_selected_subjects,isot_true_939,chara,0.54,28,797
2025-12-23 09:58:06,Qwen/Qwen3-8B,MMLU_selected_subjects,isot_true_94,clean,0.588,28,604
2025-12-23 09:58:16,Qwen/Qwen3-8B,MMLU_selected_subjects,isot_true_490,chara,0.532,28,543
2025-12-23 10:02:57,Qwen/Qwen3-8B,MMLU_selected_subjects,isot_true_491,clean,0.571,28,450
2025-12-23 10:03:02,Qwen/Qwen3-8B,MMLU_selected_subjects,isot_true_94,meani,0.573,28,604
2025-12-23 10:07:38,Qwen/Qwen3-8B,MMLU_selected_subjects,isot_true_491,meani,0.608,28,450
2025-12-23 10:07:57,Qwen/Qwen3-8B,MMLU_selected_subjects,isot_true_94,wordd,0.568,28,604
2025-12-23 10:12:19,Qwen/Qwen3-8B,MMLU_selected_subjects,isot_true_491,wordd,0.589,28,450
2025-12-23 10:13:27,Qwen/Qwen3-8B,MMLU_selected_subjects,isot_true_94,chara,0.551,28,604
2025-12-23 10:17:25,Qwen/Qwen3-8B,MMLU_selected_subjects,isot_true_491,chara,0.545,28,450
2025-12-23 10:18:12,Qwen/Qwen3-8B,MMLU_selected_subjects,isot_true_940,clean,0.579,28,537
2025-12-23 10:22:07,Qwen/Qwen3-8B,MMLU_selected_subjects,isot_true_492,clean,0.607,28,542
2025-12-23 10:22:56,Qwen/Qwen3-8B,MMLU_selected_subjects,isot_true_940,meani,0.579,28,537
2025-12-23 10:26:50,Qwen/Qwen3-8B,MMLU_selected_subjects,isot_true_492,meani,0.614,28,542
2025-12-23 10:27:44,Qwen/Qwen3-8B,MMLU_selected_subjects,isot_true_940,wordd,0.582,28,537
2025-12-23 10:31:34,Qwen/Qwen3-8B,MMLU_selected_subjects,isot_true_492,wordd,0.595,28,542
2025-12-23 10:33:06,Qwen/Qwen3-8B,MMLU_selected_subjects,isot_true_940,chara,0.541,28,537
2025-12-23 10:36:49,Qwen/Qwen3-8B,MMLU_selected_subjects,isot_true_492,chara,0.556,28,542
2025-12-23 10:38:08,Qwen/Qwen3-8B,MMLU_selected_subjects,isot_true_941,clean,0.59,28,771
2025-12-23 10:41:30,Qwen/Qwen3-8B,MMLU_selected_subjects,isot_true_493,clean,0.614,28,546
2025-12-23 10:43:09,Qwen/Qwen3-8B,MMLU_selected_subjects,isot_true_941,meani,0.596,28,771
2025-12-23 10:46:17,Qwen/Qwen3-8B,MMLU_selected_subjects,isot_true_493,meani,0.581,28,546
2025-12-23 10:48:14,Qwen/Qwen3-8B,MMLU_selected_subjects,isot_true_941,wordd,0.589,28,771
2025-12-23 10:51:01,Qwen/Qwen3-8B,MMLU_selected_subjects,isot_true_493,wordd,0.619,28,546
2025-12-23 10:54:02,Qwen/Qwen3-8B,MMLU_selected_subjects,isot_true_941,chara,0.543,28,771
2025-12-23 10:56:17,Qwen/Qwen3-8B,MMLU_selected_subjects,isot_true_493,chara,0.527,28,546
2025-12-23 10:58:49,Qwen/Qwen3-8B,MMLU_selected_subjects,isot_true_942,clean,0.618,28,506
2025-12-23 11:00:52,Qwen/Qwen3-8B,MMLU_selected_subjects,isot_true_494,clean,0.585,28,382
2025-12-23 11:03:36,Qwen/Qwen3-8B,MMLU_selected_subjects,isot_true_942,meani,0.615,28,506
2025-12-23 11:05:26,Qwen/Qwen3-8B,MMLU_selected_subjects,isot_true_494,meani,0.602,28,382
2025-12-23 11:08:23,Qwen/Qwen3-8B,MMLU_selected_subjects,isot_true_942,wordd,0.598,28,506
2025-12-23 11:10:01,Qwen/Qwen3-8B,MMLU_selected_subjects,isot_true_494,wordd,0.588,28,382
2025-12-23 11:13:41,Qwen/Qwen3-8B,MMLU_selected_subjects,isot_true_942,chara,0.567,28,506
2025-12-23 11:14:59,Qwen/Qwen3-8B,MMLU_selected_subjects,isot_true_494,chara,0.519,28,382
2025-12-23 11:18:40,Qwen/Qwen3-8B,MMLU_selected_subjects,isot_true_943,clean,0.604,28,634
2025-12-23 11:19:38,Qwen/Qwen3-8B,MMLU_selected_subjects,isot_true_495,clean,0.618,28,367
2025-12-23 11:23:36,Qwen/Qwen3-8B,MMLU_selected_subjects,isot_true_943,meani,0.6,28,634
2025-12-23 11:24:19,Qwen/Qwen3-8B,MMLU_selected_subjects,isot_true_495,meani,0.622,28,367
2025-12-23 11:28:34,Qwen/Qwen3-8B,MMLU_selected_subjects,isot_true_943,wordd,0.606,28,634
2025-12-23 11:28:56,Qwen/Qwen3-8B,MMLU_selected_subjects,isot_true_495,wordd,0.603,28,367
2025-12-23 11:33:57,Qwen/Qwen3-8B,MMLU_selected_subjects,isot_true_495,chara,0.566,28,367
2025-12-23 11:34:07,Qwen/Qwen3-8B,MMLU_selected_subjects,isot_true_943,chara,0.553,28,634
2025-12-23 11:38:40,Qwen/Qwen3-8B,MMLU_selected_subjects,isot_true_496,clean,0.598,28,494
2025-12-23 11:39:11,Qwen/Qwen3-8B,MMLU_selected_subjects,isot_true_944,clean,0.6,28,743
2025-12-23 11:43:24,Qwen/Qwen3-8B,MMLU_selected_subjects,isot_true_496,meani,0.609,28,494
2025-12-23 11:44:09,Qwen/Qwen3-8B,MMLU_selected_subjects,isot_true_944,meani,0.576,28,743
2025-12-23 11:48:10,Qwen/Qwen3-8B,MMLU_selected_subjects,isot_true_496,wordd,0.58,28,494
2025-12-23 11:49:09,Qwen/Qwen3-8B,MMLU_selected_subjects,isot_true_944,wordd,0.608,28,743
2025-12-23 11:53:27,Qwen/Qwen3-8B,MMLU_selected_subjects,isot_true_496,chara,0.549,28,494
2025-12-23 11:54:58,Qwen/Qwen3-8B,MMLU_selected_subjects,isot_true_944,chara,0.532,28,743
2025-12-23 11:58:01,Qwen/Qwen3-8B,MMLU_selected_subjects,isot_true_497,clean,0.58,28,317
2025-12-23 11:59:41,Qwen/Qwen3-8B,MMLU_selected_subjects,isot_true_945,clean,0.628,28,469
2025-12-23 12:02:39,Qwen/Qwen3-8B,MMLU_selected_subjects,isot_true_497,meani,0.599,28,317
2025-12-23 12:04:36,Qwen/Qwen3-8B,MMLU_selected_subjects,isot_true_945,meani,0.615,28,469
2025-12-23 12:07:26,Qwen/Qwen3-8B,MMLU_selected_subjects,isot_true_497,wordd,0.576,28,317
2025-12-23 12:09:23,Qwen/Qwen3-8B,MMLU_selected_subjects,isot_true_945,wordd,0.596,28,469
2025-12-23 12:12:20,Qwen/Qwen3-8B,MMLU_selected_subjects,isot_true_497,chara,0.547,28,317
2025-12-23 12:14:44,Qwen/Qwen3-8B,MMLU_selected_subjects,isot_true_945,chara,0.576,28,469
2025-12-23 12:17:06,Qwen/Qwen3-8B,MMLU_selected_subjects,isot_true_498,clean,0.61,28,404
2025-12-23 12:19:53,Qwen/Qwen3-8B,MMLU_selected_subjects,isot_true_946,clean,0.613,28,710
2025-12-23 12:21:53,Qwen/Qwen3-8B,MMLU_selected_subjects,isot_true_498,meani,0.62,28,404
2025-12-23 12:24:55,Qwen/Qwen3-8B,MMLU_selected_subjects,isot_true_946,meani,0.595,28,710
2025-12-23 12:26:28,Qwen/Qwen3-8B,MMLU_selected_subjects,isot_true_498,wordd,0.612,28,404
2025-12-23 12:29:53,Qwen/Qwen3-8B,MMLU_selected_subjects,isot_true_946,wordd,0.593,28,710
2025-12-23 12:31:36,Qwen/Qwen3-8B,MMLU_selected_subjects,isot_true_498,chara,0.571,28,404
2025-12-23 12:35:43,Qwen/Qwen3-8B,MMLU_selected_subjects,isot_true_946,chara,0.539,28,710
2025-12-23 12:36:41,Qwen/Qwen3-8B,MMLU_selected_subjects,isot_true_499,clean,0.595,28,730
2025-12-23 12:40:29,Qwen/Qwen3-8B,MMLU_selected_subjects,isot_true_947,clean,0.618,28,408
2025-12-23 12:41:40,Qwen/Qwen3-8B,MMLU_selected_subjects,isot_true_499,meani,0.593,28,730
2025-12-23 12:45:15,Qwen/Qwen3-8B,MMLU_selected_subjects,isot_true_947,meani,0.599,28,408
2025-12-23 12:46:36,Qwen/Qwen3-8B,MMLU_selected_subjects,isot_true_499,wordd,0.594,28,730
2025-12-23 12:50:01,Qwen/Qwen3-8B,MMLU_selected_subjects,isot_true_947,wordd,0.594,28,408
2025-12-23 12:52:16,Qwen/Qwen3-8B,MMLU_selected_subjects,isot_true_499,chara,0.547,28,730
2025-12-23 12:55:07,Qwen/Qwen3-8B,MMLU_selected_subjects,isot_true_947,chara,0.539,28,408
2025-12-23 12:57:09,Qwen/Qwen3-8B,MMLU_selected_subjects,isot_true_5,clean,0.598,28,666
2025-12-23 13:00:00,Qwen/Qwen3-8B,MMLU_selected_subjects,isot_true_948,clean,0.602,28,634
2025-12-23 13:02:06,Qwen/Qwen3-8B,MMLU_selected_subjects,isot_true_5,meani,0.586,28,666
2025-12-23 13:05:00,Qwen/Qwen3-8B,MMLU_selected_subjects,isot_true_948,meani,0.591,28,634
2025-12-23 13:07:05,Qwen/Qwen3-8B,MMLU_selected_subjects,isot_true_5,wordd,0.594,28,666
2025-12-23 13:09:51,Qwen/Qwen3-8B,MMLU_selected_subjects,isot_true_948,wordd,0.594,28,634
2025-12-23 13:12:39,Qwen/Qwen3-8B,MMLU_selected_subjects,isot_true_5,chara,0.559,28,666
2025-12-23 13:15:24,Qwen/Qwen3-8B,MMLU_selected_subjects,isot_true_948,chara,0.548,28,634
2025-12-23 13:17:17,Qwen/Qwen3-8B,MMLU_selected_subjects,isot_true_50,clean,0.59,28,446
2025-12-23 13:20:21,Qwen/Qwen3-8B,MMLU_selected_subjects,isot_true_949,clean,0.585,28,700
2025-12-23 13:22:00,Qwen/Qwen3-8B,MMLU_selected_subjects,isot_true_50,meani,0.597,28,446
2025-12-23 13:25:15,Qwen/Qwen3-8B,MMLU_selected_subjects,isot_true_949,meani,0.582,28,700
2025-12-23 13:26:37,Qwen/Qwen3-8B,MMLU_selected_subjects,isot_true_50,wordd,0.593,28,446
2025-12-23 13:30:10,Qwen/Qwen3-8B,MMLU_selected_subjects,isot_true_949,wordd,0.589,28,700
2025-12-23 13:31:42,Qwen/Qwen3-8B,MMLU_selected_subjects,isot_true_50,chara,0.57,28,446
2025-12-23 13:35:49,Qwen/Qwen3-8B,MMLU_selected_subjects,isot_true_949,chara,0.563,28,700
2025-12-23 13:36:40,Qwen/Qwen3-8B,MMLU_selected_subjects,isot_true_500,clean,0.583,28,766
2025-12-23 13:40:32,Qwen/Qwen3-8B,MMLU_selected_subjects,isot_true_95,clean,0.616,28,521
2025-12-23 13:41:37,Qwen/Qwen3-8B,MMLU_selected_subjects,isot_true_500,meani,0.596,28,766
2025-12-23 13:45:19,Qwen/Qwen3-8B,MMLU_selected_subjects,isot_true_95,meani,0.63,28,521
2025-12-23 13:46:36,Qwen/Qwen3-8B,MMLU_selected_subjects,isot_true_500,wordd,0.599,28,766
2025-12-23 13:50:04,Qwen/Qwen3-8B,MMLU_selected_subjects,isot_true_95,wordd,0.61,28,521
2025-12-23 13:52:20,Qwen/Qwen3-8B,MMLU_selected_subjects,isot_true_500,chara,0.533,28,766
2025-12-23 13:55:31,Qwen/Qwen3-8B,MMLU_selected_subjects,isot_true_95,chara,0.568,28,521
2025-12-23 13:56:57,Qwen/Qwen3-8B,MMLU_selected_subjects,isot_true_501,clean,0.613,28,343
2025-12-23 14:00:26,Qwen/Qwen3-8B,MMLU_selected_subjects,isot_true_950,clean,0.617,28,706
2025-12-23 14:01:33,Qwen/Qwen3-8B,MMLU_selected_subjects,isot_true_501,meani,0.614,28,343
2025-12-23 14:05:23,Qwen/Qwen3-8B,MMLU_selected_subjects,isot_true_950,meani,0.61,28,706
2025-12-23 14:06:11,Qwen/Qwen3-8B,MMLU_selected_subjects,isot_true_501,wordd,0.613,28,343
2025-12-23 14:10:18,Qwen/Qwen3-8B,MMLU_selected_subjects,isot_true_950,wordd,0.582,28,706
2025-12-23 14:11:08,Qwen/Qwen3-8B,MMLU_selected_subjects,isot_true_501,chara,0.539,28,343
2025-12-23 14:16:00,Qwen/Qwen3-8B,MMLU_selected_subjects,isot_true_950,chara,0.513,28,706
2025-12-23 14:16:06,Qwen/Qwen3-8B,MMLU_selected_subjects,isot_true_502,clean,0.589,28,634
2025-12-23 14:20:50,Qwen/Qwen3-8B,MMLU_selected_subjects,isot_true_951,clean,0.603,28,578
2025-12-23 14:21:02,Qwen/Qwen3-8B,MMLU_selected_subjects,isot_true_502,meani,0.587,28,634
2025-12-23 14:25:40,Qwen/Qwen3-8B,MMLU_selected_subjects,isot_true_951,meani,0.586,28,578
2025-12-23 14:25:57,Qwen/Qwen3-8B,MMLU_selected_subjects,isot_true_502,wordd,0.58,28,634
2025-12-23 14:30:35,Qwen/Qwen3-8B,MMLU_selected_subjects,isot_true_951,wordd,0.582,28,578
2025-12-23 14:31:24,Qwen/Qwen3-8B,MMLU_selected_subjects,isot_true_502,chara,0.514,28,634
2025-12-23 14:36:00,Qwen/Qwen3-8B,MMLU_selected_subjects,isot_true_951,chara,0.541,28,578
2025-12-23 14:36:10,Qwen/Qwen3-8B,MMLU_selected_subjects,isot_true_503,clean,0.625,28,541
2025-12-23 14:40:52,Qwen/Qwen3-8B,MMLU_selected_subjects,isot_true_503,meani,0.599,28,541
2025-12-23 14:40:59,Qwen/Qwen3-8B,MMLU_selected_subjects,isot_true_952,clean,0.604,28,692
2025-12-23 14:45:41,Qwen/Qwen3-8B,MMLU_selected_subjects,isot_true_503,wordd,0.595,28,541
2025-12-23 14:45:54,Qwen/Qwen3-8B,MMLU_selected_subjects,isot_true_952,meani,0.607,28,692
2025-12-23 14:50:47,Qwen/Qwen3-8B,MMLU_selected_subjects,isot_true_952,wordd,0.602,28,692
2025-12-23 14:51:00,Qwen/Qwen3-8B,MMLU_selected_subjects,isot_true_503,chara,0.529,28,541
2025-12-23 14:55:38,Qwen/Qwen3-8B,MMLU_selected_subjects,isot_true_504,clean,0.62,28,352
2025-12-23 14:56:31,Qwen/Qwen3-8B,MMLU_selected_subjects,isot_true_952,chara,0.574,28,692
2025-12-23 15:00:11,Qwen/Qwen3-8B,MMLU_selected_subjects,isot_true_504,meani,0.625,28,352
2025-12-23 15:01:21,Qwen/Qwen3-8B,MMLU_selected_subjects,isot_true_953,clean,0.596,28,612
2025-12-23 15:04:46,Qwen/Qwen3-8B,MMLU_selected_subjects,isot_true_504,wordd,0.619,28,352
2025-12-23 15:06:13,Qwen/Qwen3-8B,MMLU_selected_subjects,isot_true_953,meani,0.584,28,612
2025-12-23 15:09:42,Qwen/Qwen3-8B,MMLU_selected_subjects,isot_true_504,chara,0.57,28,352
2025-12-23 15:11:05,Qwen/Qwen3-8B,MMLU_selected_subjects,isot_true_953,wordd,0.575,28,612
2025-12-23 15:14:19,Qwen/Qwen3-8B,MMLU_selected_subjects,isot_true_505,clean,0.595,28,421
2025-12-23 15:16:31,Qwen/Qwen3-8B,MMLU_selected_subjects,isot_true_953,chara,0.532,28,612
2025-12-23 15:18:53,Qwen/Qwen3-8B,MMLU_selected_subjects,isot_true_505,meani,0.597,28,421
2025-12-23 15:21:20,Qwen/Qwen3-8B,MMLU_selected_subjects,isot_true_954,clean,0.62,28,411
2025-12-23 15:23:32,Qwen/Qwen3-8B,MMLU_selected_subjects,isot_true_505,wordd,0.605,28,421
2025-12-23 15:26:03,Qwen/Qwen3-8B,MMLU_selected_subjects,isot_true_954,meani,0.604,28,411
2025-12-23 15:28:35,Qwen/Qwen3-8B,MMLU_selected_subjects,isot_true_505,chara,0.56,28,421
2025-12-23 15:30:43,Qwen/Qwen3-8B,MMLU_selected_subjects,isot_true_954,wordd,0.601,28,411
2025-12-23 15:33:14,Qwen/Qwen3-8B,MMLU_selected_subjects,isot_true_506,clean,0.594,28,423
2025-12-23 15:35:51,Qwen/Qwen3-8B,MMLU_selected_subjects,isot_true_954,chara,0.556,28,411
2025-12-23 15:37:58,Qwen/Qwen3-8B,MMLU_selected_subjects,isot_true_506,meani,0.607,28,423
2025-12-23 15:40:27,Qwen/Qwen3-8B,MMLU_selected_subjects,isot_true_955,clean,0.596,28,340
2025-12-23 15:42:35,Qwen/Qwen3-8B,MMLU_selected_subjects,isot_true_506,wordd,0.586,28,423
2025-12-23 15:45:05,Qwen/Qwen3-8B,MMLU_selected_subjects,isot_true_955,meani,0.63,28,340
2025-12-23 15:47:35,Qwen/Qwen3-8B,MMLU_selected_subjects,isot_true_506,chara,0.542,28,423
2025-12-23 15:49:47,Qwen/Qwen3-8B,MMLU_selected_subjects,isot_true_955,wordd,0.624,28,340
2025-12-23 15:52:25,Qwen/Qwen3-8B,MMLU_selected_subjects,isot_true_507,clean,0.583,28,597
2025-12-23 15:54:47,Qwen/Qwen3-8B,MMLU_selected_subjects,isot_true_955,chara,0.562,28,340
2025-12-23 15:57:11,Qwen/Qwen3-8B,MMLU_selected_subjects,isot_true_507,meani,0.605,28,597
2025-12-23 15:59:23,Qwen/Qwen3-8B,MMLU_selected_subjects,isot_true_956,clean,0.599,28,344
2025-12-23 16:01:54,Qwen/Qwen3-8B,MMLU_selected_subjects,isot_true_507,wordd,0.577,28,597
2025-12-23 16:04:03,Qwen/Qwen3-8B,MMLU_selected_subjects,isot_true_956,meani,0.597,28,344
2025-12-23 16:07:25,Qwen/Qwen3-8B,MMLU_selected_subjects,isot_true_507,chara,0.499,28,597
2025-12-23 16:08:44,Qwen/Qwen3-8B,MMLU_selected_subjects,isot_true_956,wordd,0.618,28,344
2025-12-23 16:12:24,Qwen/Qwen3-8B,MMLU_selected_subjects,isot_true_508,clean,0.628,28,737
2025-12-23 16:13:48,Qwen/Qwen3-8B,MMLU_selected_subjects,isot_true_956,chara,0.52,28,344
2025-12-23 16:17:19,Qwen/Qwen3-8B,MMLU_selected_subjects,isot_true_508,meani,0.6,28,737
2025-12-23 16:18:43,Qwen/Qwen3-8B,MMLU_selected_subjects,isot_true_957,clean,0.577,28,582
2025-12-23 16:22:12,Qwen/Qwen3-8B,MMLU_selected_subjects,isot_true_508,wordd,0.612,28,737
2025-12-23 16:23:40,Qwen/Qwen3-8B,MMLU_selected_subjects,isot_true_957,meani,0.584,28,582
2025-12-23 16:27:53,Qwen/Qwen3-8B,MMLU_selected_subjects,isot_true_508,chara,0.564,28,737
2025-12-23 16:28:33,Qwen/Qwen3-8B,MMLU_selected_subjects,isot_true_957,wordd,0.596,28,582
2025-12-23 16:32:47,Qwen/Qwen3-8B,MMLU_selected_subjects,isot_true_509,clean,0.603,28,725
2025-12-23 16:34:03,Qwen/Qwen3-8B,MMLU_selected_subjects,isot_true_957,chara,0.532,28,582
2025-12-23 16:37:41,Qwen/Qwen3-8B,MMLU_selected_subjects,isot_true_509,meani,0.607,28,725
2025-12-23 16:38:49,Qwen/Qwen3-8B,MMLU_selected_subjects,isot_true_958,clean,0.622,28,445
2025-12-23 16:42:33,Qwen/Qwen3-8B,MMLU_selected_subjects,isot_true_509,wordd,0.596,28,725
2025-12-23 16:43:33,Qwen/Qwen3-8B,MMLU_selected_subjects,isot_true_958,meani,0.602,28,445
2025-12-23 16:48:13,Qwen/Qwen3-8B,MMLU_selected_subjects,isot_true_509,chara,0.555,28,725
2025-12-23 16:48:16,Qwen/Qwen3-8B,MMLU_selected_subjects,isot_true_958,wordd,0.609,28,445
2025-12-23 16:53:00,Qwen/Qwen3-8B,MMLU_selected_subjects,isot_true_51,clean,0.579,28,615
2025-12-23 16:53:24,Qwen/Qwen3-8B,MMLU_selected_subjects,isot_true_958,chara,0.566,28,445
2025-12-23 16:57:52,Qwen/Qwen3-8B,MMLU_selected_subjects,isot_true_51,meani,0.591,28,615
2025-12-23 16:58:22,Qwen/Qwen3-8B,MMLU_selected_subjects,isot_true_959,clean,0.617,28,764
2025-12-23 17:02:40,Qwen/Qwen3-8B,MMLU_selected_subjects,isot_true_51,wordd,0.588,28,615
2025-12-23 17:03:20,Qwen/Qwen3-8B,MMLU_selected_subjects,isot_true_959,meani,0.614,28,764
2025-12-23 17:08:07,Qwen/Qwen3-8B,MMLU_selected_subjects,isot_true_51,chara,0.529,28,615
2025-12-23 17:08:17,Qwen/Qwen3-8B,MMLU_selected_subjects,isot_true_959,wordd,0.62,28,764
2025-12-23 17:12:55,Qwen/Qwen3-8B,MMLU_selected_subjects,isot_true_510,clean,0.568,28,599
2025-12-23 17:14:02,Qwen/Qwen3-8B,MMLU_selected_subjects,isot_true_959,chara,0.531,28,764
2025-12-23 17:17:42,Qwen/Qwen3-8B,MMLU_selected_subjects,isot_true_510,meani,0.585,28,599
2025-12-23 17:18:39,Qwen/Qwen3-8B,MMLU_selected_subjects,isot_true_96,clean,0.573,28,328
2025-12-23 17:22:28,Qwen/Qwen3-8B,MMLU_selected_subjects,isot_true_510,wordd,0.56,28,599
2025-12-23 17:23:16,Qwen/Qwen3-8B,MMLU_selected_subjects,isot_true_96,meani,0.606,28,328
2025-12-23 17:27:50,Qwen/Qwen3-8B,MMLU_selected_subjects,isot_true_510,chara,0.531,28,599
2025-12-23 17:27:54,Qwen/Qwen3-8B,MMLU_selected_subjects,isot_true_96,wordd,0.604,28,328
2025-12-23 17:32:29,Qwen/Qwen3-8B,MMLU_selected_subjects,isot_true_511,clean,0.588,28,500
2025-12-23 17:32:47,Qwen/Qwen3-8B,MMLU_selected_subjects,isot_true_96,chara,0.553,28,328
2025-12-23 17:37:08,Qwen/Qwen3-8B,MMLU_selected_subjects,isot_true_511,meani,0.603,28,500
2025-12-23 17:37:25,Qwen/Qwen3-8B,MMLU_selected_subjects,isot_true_960,clean,0.623,28,402
2025-12-23 17:41:51,Qwen/Qwen3-8B,MMLU_selected_subjects,isot_true_511,wordd,0.6,28,500
2025-12-23 17:42:05,Qwen/Qwen3-8B,MMLU_selected_subjects,isot_true_960,meani,0.613,28,402
2025-12-23 17:46:48,Qwen/Qwen3-8B,MMLU_selected_subjects,isot_true_960,wordd,0.617,28,402
2025-12-23 17:47:06,Qwen/Qwen3-8B,MMLU_selected_subjects,isot_true_511,chara,0.533,28,500
2025-12-23 17:51:52,Qwen/Qwen3-8B,MMLU_selected_subjects,isot_true_960,chara,0.532,28,402
2025-12-23 17:51:53,Qwen/Qwen3-8B,MMLU_selected_subjects,isot_true_512,clean,0.598,28,573
2025-12-23 17:56:38,Qwen/Qwen3-8B,MMLU_selected_subjects,isot_true_512,meani,0.599,28,573
2025-12-23 17:56:57,Qwen/Qwen3-8B,MMLU_selected_subjects,isot_true_961,clean,0.593,28,753
2025-12-23 18:01:28,Qwen/Qwen3-8B,MMLU_selected_subjects,isot_true_512,wordd,0.601,28,573
2025-12-23 18:02:04,Qwen/Qwen3-8B,MMLU_selected_subjects,isot_true_961,meani,0.612,28,753
2025-12-23 18:06:45,Qwen/Qwen3-8B,MMLU_selected_subjects,isot_true_512,chara,0.555,28,573
2025-12-23 18:07:08,Qwen/Qwen3-8B,MMLU_selected_subjects,isot_true_961,wordd,0.592,28,753
2025-12-23 18:11:23,Qwen/Qwen3-8B,MMLU_selected_subjects,isot_true_513,clean,0.589,28,462
2025-12-23 18:12:53,Qwen/Qwen3-8B,MMLU_selected_subjects,isot_true_961,chara,0.542,28,753
2025-12-23 18:16:02,Qwen/Qwen3-8B,MMLU_selected_subjects,isot_true_513,meani,0.583,28,462
2025-12-23 18:17:50,Qwen/Qwen3-8B,MMLU_selected_subjects,isot_true_962,clean,0.59,28,698
2025-12-23 18:20:39,Qwen/Qwen3-8B,MMLU_selected_subjects,isot_true_513,wordd,0.574,28,462
2025-12-23 18:22:46,Qwen/Qwen3-8B,MMLU_selected_subjects,isot_true_962,meani,0.581,28,698
2025-12-23 18:25:46,Qwen/Qwen3-8B,MMLU_selected_subjects,isot_true_513,chara,0.541,28,462
2025-12-23 18:27:42,Qwen/Qwen3-8B,MMLU_selected_subjects,isot_true_962,wordd,0.587,28,698
2025-12-23 18:30:27,Qwen/Qwen3-8B,MMLU_selected_subjects,isot_true_514,clean,0.598,28,372
2025-12-23 18:33:22,Qwen/Qwen3-8B,MMLU_selected_subjects,isot_true_962,chara,0.536,28,698
2025-12-23 18:35:03,Qwen/Qwen3-8B,MMLU_selected_subjects,isot_true_514,meani,0.607,28,372
2025-12-23 18:38:10,Qwen/Qwen3-8B,MMLU_selected_subjects,isot_true_963,clean,0.601,28,549
2025-12-23 18:39:40,Qwen/Qwen3-8B,MMLU_selected_subjects,isot_true_514,wordd,0.596,28,372
2025-12-23 18:43:01,Qwen/Qwen3-8B,MMLU_selected_subjects,isot_true_963,meani,0.596,28,549
2025-12-23 18:44:42,Qwen/Qwen3-8B,MMLU_selected_subjects,isot_true_514,chara,0.559,28,372
2025-12-23 18:47:51,Qwen/Qwen3-8B,MMLU_selected_subjects,isot_true_963,wordd,0.588,28,549
2025-12-23 18:49:12,Qwen/Qwen3-8B,MMLU_selected_subjects,isot_true_515,clean,0.61,28,226
2025-12-23 18:53:15,Qwen/Qwen3-8B,MMLU_selected_subjects,isot_true_963,chara,0.55,28,549
2025-12-23 18:53:43,Qwen/Qwen3-8B,MMLU_selected_subjects,isot_true_515,meani,0.595,28,226
2025-12-23 18:58:05,Qwen/Qwen3-8B,MMLU_selected_subjects,isot_true_964,clean,0.593,28,578
2025-12-23 18:58:15,Qwen/Qwen3-8B,MMLU_selected_subjects,isot_true_515,wordd,0.605,28,226
2025-12-23 19:02:53,Qwen/Qwen3-8B,MMLU_selected_subjects,isot_true_964,meani,0.596,28,578
2025-12-23 19:02:57,Qwen/Qwen3-8B,MMLU_selected_subjects,isot_true_515,chara,0.563,28,226
2025-12-23 19:07:37,Qwen/Qwen3-8B,MMLU_selected_subjects,isot_true_516,clean,0.596,28,405
2025-12-23 19:07:41,Qwen/Qwen3-8B,MMLU_selected_subjects,isot_true_964,wordd,0.585,28,578
2025-12-23 19:12:17,Qwen/Qwen3-8B,MMLU_selected_subjects,isot_true_516,meani,0.598,28,405
2025-12-23 19:13:08,Qwen/Qwen3-8B,MMLU_selected_subjects,isot_true_964,chara,0.518,28,578
2025-12-23 19:17:00,Qwen/Qwen3-8B,MMLU_selected_subjects,isot_true_516,wordd,0.588,28,405
2025-12-23 19:18:00,Qwen/Qwen3-8B,MMLU_selected_subjects,isot_true_965,clean,0.605,28,586
2025-12-23 19:22:04,Qwen/Qwen3-8B,MMLU_selected_subjects,isot_true_516,chara,0.569,28,405
2025-12-23 19:22:48,Qwen/Qwen3-8B,MMLU_selected_subjects,isot_true_965,meani,0.602,28,586
2025-12-23 19:26:49,Qwen/Qwen3-8B,MMLU_selected_subjects,isot_true_517,clean,0.607,28,436
2025-12-23 19:27:35,Qwen/Qwen3-8B,MMLU_selected_subjects,isot_true_965,wordd,0.607,28,586
2025-12-23 19:31:25,Qwen/Qwen3-8B,MMLU_selected_subjects,isot_true_517,meani,0.599,28,436
2025-12-23 19:33:03,Qwen/Qwen3-8B,MMLU_selected_subjects,isot_true_965,chara,0.567,28,586
2025-12-23 19:36:00,Qwen/Qwen3-8B,MMLU_selected_subjects,isot_true_517,wordd,0.595,28,436
2025-12-23 19:37:43,Qwen/Qwen3-8B,MMLU_selected_subjects,isot_true_966,clean,0.628,28,432
2025-12-23 19:41:06,Qwen/Qwen3-8B,MMLU_selected_subjects,isot_true_517,chara,0.532,28,436
2025-12-23 19:42:23,Qwen/Qwen3-8B,MMLU_selected_subjects,isot_true_966,meani,0.626,28,432
2025-12-23 19:45:37,Qwen/Qwen3-8B,MMLU_selected_subjects,isot_true_518,clean,0.575,28,267
2025-12-23 19:47:09,Qwen/Qwen3-8B,MMLU_selected_subjects,isot_true_966,wordd,0.605,28,432
2025-12-23 19:50:07,Qwen/Qwen3-8B,MMLU_selected_subjects,isot_true_518,meani,0.576,28,267
2025-12-23 19:52:19,Qwen/Qwen3-8B,MMLU_selected_subjects,isot_true_966,chara,0.542,28,432
2025-12-23 19:54:36,Qwen/Qwen3-8B,MMLU_selected_subjects,isot_true_518,wordd,0.601,28,267
2025-12-23 19:57:05,Qwen/Qwen3-8B,MMLU_selected_subjects,isot_true_967,clean,0.611,28,516
2025-12-23 19:59:24,Qwen/Qwen3-8B,MMLU_selected_subjects,isot_true_518,chara,0.558,28,267
2025-12-23 20:01:49,Qwen/Qwen3-8B,MMLU_selected_subjects,isot_true_967,meani,0.598,28,516
2025-12-23 20:04:06,Qwen/Qwen3-8B,MMLU_selected_subjects,isot_true_519,clean,0.604,28,514
2025-12-23 20:06:34,Qwen/Qwen3-8B,MMLU_selected_subjects,isot_true_967,wordd,0.605,28,516
2025-12-23 20:08:48,Qwen/Qwen3-8B,MMLU_selected_subjects,isot_true_519,meani,0.611,28,514
2025-12-23 20:11:53,Qwen/Qwen3-8B,MMLU_selected_subjects,isot_true_967,chara,0.552,28,516
2025-12-23 20:13:33,Qwen/Qwen3-8B,MMLU_selected_subjects,isot_true_519,wordd,0.599,28,514
2025-12-23 20:16:43,Qwen/Qwen3-8B,MMLU_selected_subjects,isot_true_968,clean,0.599,28,565
2025-12-23 20:18:53,Qwen/Qwen3-8B,MMLU_selected_subjects,isot_true_519,chara,0.539,28,514
2025-12-23 20:21:27,Qwen/Qwen3-8B,MMLU_selected_subjects,isot_true_968,meani,0.604,28,565
2025-12-23 20:23:32,Qwen/Qwen3-8B,MMLU_selected_subjects,isot_true_52,clean,0.606,28,473
2025-12-23 20:26:11,Qwen/Qwen3-8B,MMLU_selected_subjects,isot_true_968,wordd,0.607,28,565
2025-12-23 20:28:10,Qwen/Qwen3-8B,MMLU_selected_subjects,isot_true_52,meani,0.609,28,473
2025-12-23 20:31:32,Qwen/Qwen3-8B,MMLU_selected_subjects,isot_true_968,chara,0.556,28,565
2025-12-23 20:32:49,Qwen/Qwen3-8B,MMLU_selected_subjects,isot_true_52,wordd,0.599,28,473
2025-12-23 20:36:17,Qwen/Qwen3-8B,MMLU_selected_subjects,isot_true_969,clean,0.581,28,522
2025-12-23 20:37:57,Qwen/Qwen3-8B,MMLU_selected_subjects,isot_true_52,chara,0.557,28,473
2025-12-23 20:41:02,Qwen/Qwen3-8B,MMLU_selected_subjects,isot_true_969,meani,0.609,28,522
2025-12-23 20:42:37,Qwen/Qwen3-8B,MMLU_selected_subjects,isot_true_520,clean,0.619,28,495
2025-12-23 20:45:51,Qwen/Qwen3-8B,MMLU_selected_subjects,isot_true_969,wordd,0.591,28,522
2025-12-23 20:47:19,Qwen/Qwen3-8B,MMLU_selected_subjects,isot_true_520,meani,0.622,28,495
2025-12-23 20:51:12,Qwen/Qwen3-8B,MMLU_selected_subjects,isot_true_969,chara,0.537,28,522
2025-12-23 20:52:00,Qwen/Qwen3-8B,MMLU_selected_subjects,isot_true_520,wordd,0.604,28,495
2025-12-23 20:55:51,Qwen/Qwen3-8B,MMLU_selected_subjects,isot_true_97,clean,0.596,28,430
2025-12-23 20:57:26,Qwen/Qwen3-8B,MMLU_selected_subjects,isot_true_520,chara,0.576,28,495
2025-12-23 21:00:31,Qwen/Qwen3-8B,MMLU_selected_subjects,isot_true_97,meani,0.597,28,430
2025-12-23 21:02:04,Qwen/Qwen3-8B,MMLU_selected_subjects,isot_true_521,clean,0.597,28,474
2025-12-23 21:05:11,Qwen/Qwen3-8B,MMLU_selected_subjects,isot_true_97,wordd,0.586,28,430
2025-12-23 21:06:42,Qwen/Qwen3-8B,MMLU_selected_subjects,isot_true_521,meani,0.603,28,474
2025-12-23 21:10:22,Qwen/Qwen3-8B,MMLU_selected_subjects,isot_true_97,chara,0.565,28,430
2025-12-23 21:11:20,Qwen/Qwen3-8B,MMLU_selected_subjects,isot_true_521,wordd,0.602,28,474
2025-12-23 21:15:16,Qwen/Qwen3-8B,MMLU_selected_subjects,isot_true_970,clean,0.602,28,650
2025-12-23 21:16:29,Qwen/Qwen3-8B,MMLU_selected_subjects,isot_true_521,chara,0.557,28,474
2025-12-23 21:20:14,Qwen/Qwen3-8B,MMLU_selected_subjects,isot_true_970,meani,0.603,28,650
2025-12-23 21:21:20,Qwen/Qwen3-8B,MMLU_selected_subjects,isot_true_522,clean,0.626,28,476
2025-12-23 21:25:07,Qwen/Qwen3-8B,MMLU_selected_subjects,isot_true_970,wordd,0.607,28,650
2025-12-23 21:26:00,Qwen/Qwen3-8B,MMLU_selected_subjects,isot_true_522,meani,0.612,28,476
2025-12-23 21:30:38,Qwen/Qwen3-8B,MMLU_selected_subjects,isot_true_970,chara,0.577,28,650
2025-12-23 21:30:42,Qwen/Qwen3-8B,MMLU_selected_subjects,isot_true_522,wordd,0.607,28,476
2025-12-23 21:35:26,Qwen/Qwen3-8B,MMLU_selected_subjects,isot_true_971,clean,0.624,28,478
2025-12-23 21:35:54,Qwen/Qwen3-8B,MMLU_selected_subjects,isot_true_522,chara,0.534,28,476
2025-12-23 21:40:17,Qwen/Qwen3-8B,MMLU_selected_subjects,isot_true_971,meani,0.613,28,478
2025-12-23 21:40:44,Qwen/Qwen3-8B,MMLU_selected_subjects,isot_true_523,clean,0.595,28,648
2025-12-23 21:45:04,Qwen/Qwen3-8B,MMLU_selected_subjects,isot_true_971,wordd,0.615,28,478
2025-12-23 21:45:38,Qwen/Qwen3-8B,MMLU_selected_subjects,isot_true_523,meani,0.599,28,648
2025-12-23 21:50:16,Qwen/Qwen3-8B,MMLU_selected_subjects,isot_true_971,chara,0.541,28,478
2025-12-23 21:50:29,Qwen/Qwen3-8B,MMLU_selected_subjects,isot_true_523,wordd,0.58,28,648
2025-12-23 21:55:15,Qwen/Qwen3-8B,MMLU_selected_subjects,isot_true_972,clean,0.591,28,751
2025-12-23 21:56:06,Qwen/Qwen3-8B,MMLU_selected_subjects,isot_true_523,chara,0.555,28,648
2025-12-23 22:00:17,Qwen/Qwen3-8B,MMLU_selected_subjects,isot_true_972,meani,0.589,28,751
2025-12-23 22:01:05,Qwen/Qwen3-8B,MMLU_selected_subjects,isot_true_524,clean,0.62,28,776
2025-12-23 22:05:15,Qwen/Qwen3-8B,MMLU_selected_subjects,isot_true_972,wordd,0.595,28,751
2025-12-23 22:06:04,Qwen/Qwen3-8B,MMLU_selected_subjects,isot_true_524,meani,0.585,28,776
2025-12-23 22:11:00,Qwen/Qwen3-8B,MMLU_selected_subjects,isot_true_524,wordd,0.585,28,776
2025-12-23 22:11:00,Qwen/Qwen3-8B,MMLU_selected_subjects,isot_true_972,chara,0.536,28,751
2025-12-23 22:15:59,Qwen/Qwen3-8B,MMLU_selected_subjects,isot_true_973,clean,0.609,28,765
2025-12-23 22:16:46,Qwen/Qwen3-8B,MMLU_selected_subjects,isot_true_524,chara,0.537,28,776
2025-12-23 22:20:56,Qwen/Qwen3-8B,MMLU_selected_subjects,isot_true_973,meani,0.578,28,765
2025-12-23 22:21:32,Qwen/Qwen3-8B,MMLU_selected_subjects,isot_true_525,clean,0.593,28,638
2025-12-23 22:25:53,Qwen/Qwen3-8B,MMLU_selected_subjects,isot_true_973,wordd,0.565,28,765
2025-12-23 22:26:23,Qwen/Qwen3-8B,MMLU_selected_subjects,isot_true_525,meani,0.587,28,638
2025-12-23 22:31:15,Qwen/Qwen3-8B,MMLU_selected_subjects,isot_true_525,wordd,0.569,28,638
2025-12-23 22:31:38,Qwen/Qwen3-8B,MMLU_selected_subjects,isot_true_973,chara,0.563,28,765
2025-12-23 22:36:18,Qwen/Qwen3-8B,MMLU_selected_subjects,isot_true_974,clean,0.616,28,448
2025-12-23 22:36:46,Qwen/Qwen3-8B,MMLU_selected_subjects,isot_true_525,chara,0.549,28,638
2025-12-23 22:41:00,Qwen/Qwen3-8B,MMLU_selected_subjects,isot_true_974,meani,0.622,28,448
2025-12-23 22:41:30,Qwen/Qwen3-8B,MMLU_selected_subjects,isot_true_526,clean,0.609,28,524
2025-12-23 22:45:45,Qwen/Qwen3-8B,MMLU_selected_subjects,isot_true_974,wordd,0.586,28,448
2025-12-23 22:46:11,Qwen/Qwen3-8B,MMLU_selected_subjects,isot_true_526,meani,0.6,28,524
2025-12-23 22:50:51,Qwen/Qwen3-8B,MMLU_selected_subjects,isot_true_526,wordd,0.604,28,524
2025-12-23 22:50:54,Qwen/Qwen3-8B,MMLU_selected_subjects,isot_true_974,chara,0.574,28,448
2025-12-23 22:55:46,Qwen/Qwen3-8B,MMLU_selected_subjects,isot_true_975,clean,0.601,28,628
2025-12-23 22:56:07,Qwen/Qwen3-8B,MMLU_selected_subjects,isot_true_526,chara,0.549,28,524
2025-12-23 23:00:36,Qwen/Qwen3-8B,MMLU_selected_subjects,isot_true_975,meani,0.62,28,628
2025-12-23 23:01:06,Qwen/Qwen3-8B,MMLU_selected_subjects,isot_true_527,clean,0.587,28,776
2025-12-23 23:05:26,Qwen/Qwen3-8B,MMLU_selected_subjects,isot_true_975,wordd,0.608,28,628
2025-12-23 23:06:06,Qwen/Qwen3-8B,MMLU_selected_subjects,isot_true_527,meani,0.597,28,776
2025-12-23 23:10:54,Qwen/Qwen3-8B,MMLU_selected_subjects,isot_true_975,chara,0.562,28,628
2025-12-23 23:11:06,Qwen/Qwen3-8B,MMLU_selected_subjects,isot_true_527,wordd,0.591,28,776
2025-12-23 23:15:40,Qwen/Qwen3-8B,MMLU_selected_subjects,isot_true_976,clean,0.619,28,540
2025-12-23 23:16:50,Qwen/Qwen3-8B,MMLU_selected_subjects,isot_true_527,chara,0.561,28,776
2025-12-23 23:20:29,Qwen/Qwen3-8B,MMLU_selected_subjects,isot_true_976,meani,0.61,28,540
2025-12-23 23:21:35,Qwen/Qwen3-8B,MMLU_selected_subjects,isot_true_528,clean,0.563,28,462
2025-12-23 23:25:13,Qwen/Qwen3-8B,MMLU_selected_subjects,isot_true_976,wordd,0.609,28,540
2025-12-23 23:26:12,Qwen/Qwen3-8B,MMLU_selected_subjects,isot_true_528,meani,0.586,28,462
2025-12-23 23:30:30,Qwen/Qwen3-8B,MMLU_selected_subjects,isot_true_976,chara,0.567,28,540
2025-12-23 23:30:49,Qwen/Qwen3-8B,MMLU_selected_subjects,isot_true_528,wordd,0.587,28,462
2025-12-23 23:35:23,Qwen/Qwen3-8B,MMLU_selected_subjects,isot_true_977,clean,0.622,28,603
2025-12-23 23:35:54,Qwen/Qwen3-8B,MMLU_selected_subjects,isot_true_528,chara,0.537,28,462
2025-12-23 23:40:10,Qwen/Qwen3-8B,MMLU_selected_subjects,isot_true_977,meani,0.589,28,603
2025-12-23 23:40:50,Qwen/Qwen3-8B,MMLU_selected_subjects,isot_true_529,clean,0.582,28,646
2025-12-23 23:45:00,Qwen/Qwen3-8B,MMLU_selected_subjects,isot_true_977,wordd,0.616,28,603
2025-12-23 23:45:46,Qwen/Qwen3-8B,MMLU_selected_subjects,isot_true_529,meani,0.551,28,646
2025-12-23 23:50:26,Qwen/Qwen3-8B,MMLU_selected_subjects,isot_true_977,chara,0.554,28,603
2025-12-23 23:50:41,Qwen/Qwen3-8B,MMLU_selected_subjects,isot_true_529,wordd,0.588,28,646
2025-12-23 23:55:10,Qwen/Qwen3-8B,MMLU_selected_subjects,isot_true_978,clean,0.597,28,618
2025-12-23 23:56:12,Qwen/Qwen3-8B,MMLU_selected_subjects,isot_true_529,chara,0.552,28,646
2025-12-23 23:59:54,Qwen/Qwen3-8B,MMLU_selected_subjects,isot_true_978,meani,0.59,28,618
2025-12-24 00:01:03,Qwen/Qwen3-8B,MMLU_selected_subjects,isot_true_53,clean,0.602,28,689
2025-12-24 00:04:40,Qwen/Qwen3-8B,MMLU_selected_subjects,isot_true_978,wordd,0.59,28,618
2025-12-24 00:05:56,Qwen/Qwen3-8B,MMLU_selected_subjects,isot_true_53,meani,0.595,28,689
2025-12-24 00:10:07,Qwen/Qwen3-8B,MMLU_selected_subjects,isot_true_978,chara,0.547,28,618
2025-12-24 00:10:49,Qwen/Qwen3-8B,MMLU_selected_subjects,isot_true_53,wordd,0.572,28,689
2025-12-24 00:15:10,Qwen/Qwen3-8B,MMLU_selected_subjects,isot_true_979,clean,0.598,28,786
2025-12-24 00:16:21,Qwen/Qwen3-8B,MMLU_selected_subjects,isot_true_53,chara,0.553,28,689
2025-12-24 00:20:14,Qwen/Qwen3-8B,MMLU_selected_subjects,isot_true_979,meani,0.604,28,786
2025-12-24 00:21:12,Qwen/Qwen3-8B,MMLU_selected_subjects,isot_true_530,clean,0.614,28,630
2025-12-24 00:25:18,Qwen/Qwen3-8B,MMLU_selected_subjects,isot_true_979,wordd,0.602,28,786
2025-12-24 00:25:59,Qwen/Qwen3-8B,MMLU_selected_subjects,isot_true_530,meani,0.6,28,630
2025-12-24 00:30:51,Qwen/Qwen3-8B,MMLU_selected_subjects,isot_true_530,wordd,0.582,28,630
2025-12-24 00:31:15,Qwen/Qwen3-8B,MMLU_selected_subjects,isot_true_979,chara,0.545,28,786
2025-12-24 00:36:13,Qwen/Qwen3-8B,MMLU_selected_subjects,isot_true_530,chara,0.542,28,630
2025-12-24 00:36:18,Qwen/Qwen3-8B,MMLU_selected_subjects,isot_true_98,clean,0.588,28,742
2025-12-24 00:40:48,Qwen/Qwen3-8B,MMLU_selected_subjects,isot_true_531,clean,0.594,28,462
2025-12-24 00:41:17,Qwen/Qwen3-8B,MMLU_selected_subjects,isot_true_98,meani,0.597,28,742
2025-12-24 00:45:24,Qwen/Qwen3-8B,MMLU_selected_subjects,isot_true_531,meani,0.614,28,462
2025-12-24 00:46:19,Qwen/Qwen3-8B,MMLU_selected_subjects,isot_true_98,wordd,0.557,28,742
2025-12-24 00:50:02,Qwen/Qwen3-8B,MMLU_selected_subjects,isot_true_531,wordd,0.604,28,462
2025-12-24 00:52:05,Qwen/Qwen3-8B,MMLU_selected_subjects,isot_true_98,chara,0.549,28,742
2025-12-24 00:55:14,Qwen/Qwen3-8B,MMLU_selected_subjects,isot_true_531,chara,0.54,28,462
2025-12-24 00:56:57,Qwen/Qwen3-8B,MMLU_selected_subjects,isot_true_980,clean,0.602,28,611
2025-12-24 00:59:42,Qwen/Qwen3-8B,MMLU_selected_subjects,isot_true_532,clean,0.59,28,259
2025-12-24 01:01:48,Qwen/Qwen3-8B,MMLU_selected_subjects,isot_true_980,meani,0.579,28,611
2025-12-24 01:04:10,Qwen/Qwen3-8B,MMLU_selected_subjects,isot_true_532,meani,0.593,28,259
2025-12-24 01:06:38,Qwen/Qwen3-8B,MMLU_selected_subjects,isot_true_980,wordd,0.596,28,611
2025-12-24 01:08:43,Qwen/Qwen3-8B,MMLU_selected_subjects,isot_true_532,wordd,0.603,28,259
2025-12-24 01:12:06,Qwen/Qwen3-8B,MMLU_selected_subjects,isot_true_980,chara,0.548,28,611
2025-12-24 01:13:27,Qwen/Qwen3-8B,MMLU_selected_subjects,isot_true_532,chara,0.54,28,259
2025-12-24 01:16:42,Qwen/Qwen3-8B,MMLU_selected_subjects,isot_true_981,clean,0.61,28,325
2025-12-24 01:18:19,Qwen/Qwen3-8B,MMLU_selected_subjects,isot_true_533,clean,0.612,28,634
2025-12-24 01:21:20,Qwen/Qwen3-8B,MMLU_selected_subjects,isot_true_981,meani,0.602,28,325
2025-12-24 01:23:04,Qwen/Qwen3-8B,MMLU_selected_subjects,isot_true_533,meani,0.602,28,634
2025-12-24 01:25:55,Qwen/Qwen3-8B,MMLU_selected_subjects,isot_true_981,wordd,0.593,28,325
2025-12-24 01:27:51,Qwen/Qwen3-8B,MMLU_selected_subjects,isot_true_533,wordd,0.597,28,634
2025-12-24 01:30:55,Qwen/Qwen3-8B,MMLU_selected_subjects,isot_true_981,chara,0.55,28,325
2025-12-24 01:33:19,Qwen/Qwen3-8B,MMLU_selected_subjects,isot_true_533,chara,0.533,28,634
2025-12-24 01:35:56,Qwen/Qwen3-8B,MMLU_selected_subjects,isot_true_982,clean,0.616,28,712
2025-12-24 01:38:08,Qwen/Qwen3-8B,MMLU_selected_subjects,isot_true_534,clean,0.624,28,548
2025-12-24 01:40:55,Qwen/Qwen3-8B,MMLU_selected_subjects,isot_true_982,meani,0.603,28,712
2025-12-24 01:42:51,Qwen/Qwen3-8B,MMLU_selected_subjects,isot_true_534,meani,0.611,28,548
2025-12-24 01:45:49,Qwen/Qwen3-8B,MMLU_selected_subjects,isot_true_982,wordd,0.597,28,712
2025-12-24 01:47:38,Qwen/Qwen3-8B,MMLU_selected_subjects,isot_true_534,wordd,0.611,28,548
2025-12-24 01:51:28,Qwen/Qwen3-8B,MMLU_selected_subjects,isot_true_982,chara,0.556,28,712
2025-12-24 01:53:00,Qwen/Qwen3-8B,MMLU_selected_subjects,isot_true_534,chara,0.524,28,548
2025-12-24 01:56:19,Qwen/Qwen3-8B,MMLU_selected_subjects,isot_true_983,clean,0.609,28,627
2025-12-24 01:57:26,Qwen/Qwen3-8B,MMLU_selected_subjects,isot_true_535,clean,0.608,28,260
2025-12-24 02:01:10,Qwen/Qwen3-8B,MMLU_selected_subjects,isot_true_983,meani,0.603,28,627
2025-12-24 02:01:51,Qwen/Qwen3-8B,MMLU_selected_subjects,isot_true_535,meani,0.599,28,260
2025-12-24 02:06:03,Qwen/Qwen3-8B,MMLU_selected_subjects,isot_true_983,wordd,0.592,28,627
2025-12-24 02:06:25,Qwen/Qwen3-8B,MMLU_selected_subjects,isot_true_535,wordd,0.599,28,260
2025-12-24 02:11:08,Qwen/Qwen3-8B,MMLU_selected_subjects,isot_true_535,chara,0.541,28,260
2025-12-24 02:11:36,Qwen/Qwen3-8B,MMLU_selected_subjects,isot_true_983,chara,0.548,28,627
2025-12-24 02:15:46,Qwen/Qwen3-8B,MMLU_selected_subjects,isot_true_536,clean,0.61,28,481
2025-12-24 02:16:29,Qwen/Qwen3-8B,MMLU_selected_subjects,isot_true_984,clean,0.613,28,496
2025-12-24 02:20:35,Qwen/Qwen3-8B,MMLU_selected_subjects,isot_true_536,meani,0.609,28,481
2025-12-24 02:21:11,Qwen/Qwen3-8B,MMLU_selected_subjects,isot_true_984,meani,0.619,28,496
2025-12-24 02:25:18,Qwen/Qwen3-8B,MMLU_selected_subjects,isot_true_536,wordd,0.614,28,481
2025-12-24 02:25:51,Qwen/Qwen3-8B,MMLU_selected_subjects,isot_true_984,wordd,0.59,28,496
2025-12-24 02:30:24,Qwen/Qwen3-8B,MMLU_selected_subjects,isot_true_536,chara,0.56,28,481
2025-12-24 02:31:03,Qwen/Qwen3-8B,MMLU_selected_subjects,isot_true_984,chara,0.561,28,496
2025-12-24 02:35:21,Qwen/Qwen3-8B,MMLU_selected_subjects,isot_true_537,clean,0.588,28,687
2025-12-24 02:35:41,Qwen/Qwen3-8B,MMLU_selected_subjects,isot_true_985,clean,0.618,28,418
2025-12-24 02:40:15,Qwen/Qwen3-8B,MMLU_selected_subjects,isot_true_537,meani,0.602,28,687
2025-12-24 02:40:19,Qwen/Qwen3-8B,MMLU_selected_subjects,isot_true_985,meani,0.61,28,418
2025-12-24 02:44:54,Qwen/Qwen3-8B,MMLU_selected_subjects,isot_true_985,wordd,0.609,28,418
2025-12-24 02:45:09,Qwen/Qwen3-8B,MMLU_selected_subjects,isot_true_537,wordd,0.589,28,687
2025-12-24 02:49:57,Qwen/Qwen3-8B,MMLU_selected_subjects,isot_true_985,chara,0.581,28,418
2025-12-24 02:50:42,Qwen/Qwen3-8B,MMLU_selected_subjects,isot_true_537,chara,0.563,28,687
2025-12-24 02:54:35,Qwen/Qwen3-8B,MMLU_selected_subjects,isot_true_986,clean,0.569,28,344
2025-12-24 02:55:27,Qwen/Qwen3-8B,MMLU_selected_subjects,isot_true_538,clean,0.594,28,454
2025-12-24 02:59:17,Qwen/Qwen3-8B,MMLU_selected_subjects,isot_true_986,meani,0.599,28,344
2025-12-24 03:00:25,Qwen/Qwen3-8B,MMLU_selected_subjects,isot_true_538,meani,0.605,28,454
2025-12-24 03:03:57,Qwen/Qwen3-8B,MMLU_selected_subjects,isot_true_986,wordd,0.578,28,344
2025-12-24 03:05:08,Qwen/Qwen3-8B,MMLU_selected_subjects,isot_true_538,wordd,0.591,28,454
2025-12-24 03:08:51,Qwen/Qwen3-8B,MMLU_selected_subjects,isot_true_986,chara,0.559,28,344
2025-12-24 03:10:19,Qwen/Qwen3-8B,MMLU_selected_subjects,isot_true_538,chara,0.567,28,454
2025-12-24 03:13:45,Qwen/Qwen3-8B,MMLU_selected_subjects,isot_true_987,clean,0.636,28,516
2025-12-24 03:14:57,Qwen/Qwen3-8B,MMLU_selected_subjects,isot_true_539,clean,0.618,28,422
2025-12-24 03:18:30,Qwen/Qwen3-8B,MMLU_selected_subjects,isot_true_987,meani,0.616,28,516
2025-12-24 03:19:32,Qwen/Qwen3-8B,MMLU_selected_subjects,isot_true_539,meani,0.616,28,422
2025-12-24 03:23:17,Qwen/Qwen3-8B,MMLU_selected_subjects,isot_true_987,wordd,0.605,28,516
2025-12-24 03:24:11,Qwen/Qwen3-8B,MMLU_selected_subjects,isot_true_539,wordd,0.599,28,422
2025-12-24 03:28:36,Qwen/Qwen3-8B,MMLU_selected_subjects,isot_true_987,chara,0.553,28,516
2025-12-24 03:29:29,Qwen/Qwen3-8B,MMLU_selected_subjects,isot_true_539,chara,0.509,28,422
2025-12-24 03:33:21,Qwen/Qwen3-8B,MMLU_selected_subjects,isot_true_988,clean,0.609,28,558
2025-12-24 03:34:09,Qwen/Qwen3-8B,MMLU_selected_subjects,isot_true_54,clean,0.6,28,570
2025-12-24 03:38:06,Qwen/Qwen3-8B,MMLU_selected_subjects,isot_true_988,meani,0.62,28,558
2025-12-24 03:38:54,Qwen/Qwen3-8B,MMLU_selected_subjects,isot_true_54,meani,0.608,28,570
2025-12-24 03:42:50,Qwen/Qwen3-8B,MMLU_selected_subjects,isot_true_988,wordd,0.58,28,558
2025-12-24 03:43:35,Qwen/Qwen3-8B,MMLU_selected_subjects,isot_true_54,wordd,0.591,28,570
2025-12-24 03:48:09,Qwen/Qwen3-8B,MMLU_selected_subjects,isot_true_988,chara,0.523,28,558
2025-12-24 03:48:51,Qwen/Qwen3-8B,MMLU_selected_subjects,isot_true_54,chara,0.555,28,570
2025-12-24 03:53:01,Qwen/Qwen3-8B,MMLU_selected_subjects,isot_true_989,clean,0.59,28,608
2025-12-24 03:53:30,Qwen/Qwen3-8B,MMLU_selected_subjects,isot_true_540,clean,0.612,28,480
2025-12-24 03:57:51,Qwen/Qwen3-8B,MMLU_selected_subjects,isot_true_989,meani,0.588,28,608
2025-12-24 03:58:11,Qwen/Qwen3-8B,MMLU_selected_subjects,isot_true_540,meani,0.616,28,480
2025-12-24 04:02:40,Qwen/Qwen3-8B,MMLU_selected_subjects,isot_true_989,wordd,0.573,28,608
2025-12-24 04:02:58,Qwen/Qwen3-8B,MMLU_selected_subjects,isot_true_540,wordd,0.596,28,480
2025-12-24 04:08:06,Qwen/Qwen3-8B,MMLU_selected_subjects,isot_true_540,chara,0.533,28,480
2025-12-24 04:08:11,Qwen/Qwen3-8B,MMLU_selected_subjects,isot_true_989,chara,0.549,28,608
2025-12-24 04:12:34,Qwen/Qwen3-8B,MMLU_selected_subjects,isot_true_541,clean,0.63,28,325
2025-12-24 04:12:53,Qwen/Qwen3-8B,MMLU_selected_subjects,isot_true_99,clean,0.604,28,469
2025-12-24 04:17:09,Qwen/Qwen3-8B,MMLU_selected_subjects,isot_true_541,meani,0.61,28,325
2025-12-24 04:17:46,Qwen/Qwen3-8B,MMLU_selected_subjects,isot_true_99,meani,0.61,28,469
2025-12-24 04:21:41,Qwen/Qwen3-8B,MMLU_selected_subjects,isot_true_541,wordd,0.598,28,325
2025-12-24 04:22:28,Qwen/Qwen3-8B,MMLU_selected_subjects,isot_true_99,wordd,0.612,28,469
2025-12-24 04:26:32,Qwen/Qwen3-8B,MMLU_selected_subjects,isot_true_541,chara,0.553,28,325
2025-12-24 04:27:38,Qwen/Qwen3-8B,MMLU_selected_subjects,isot_true_99,chara,0.562,28,469
2025-12-24 04:31:12,Qwen/Qwen3-8B,MMLU_selected_subjects,isot_true_542,clean,0.627,28,498
2025-12-24 04:32:18,Qwen/Qwen3-8B,MMLU_selected_subjects,isot_true_990,clean,0.628,28,347
2025-12-24 04:35:55,Qwen/Qwen3-8B,MMLU_selected_subjects,isot_true_542,meani,0.606,28,498
2025-12-24 04:37:06,Qwen/Qwen3-8B,MMLU_selected_subjects,isot_true_990,meani,0.591,28,347
2025-12-24 04:40:34,Qwen/Qwen3-8B,MMLU_selected_subjects,isot_true_542,wordd,0.593,28,498
2025-12-24 04:41:44,Qwen/Qwen3-8B,MMLU_selected_subjects,isot_true_990,wordd,0.625,28,347
2025-12-24 04:45:44,Qwen/Qwen3-8B,MMLU_selected_subjects,isot_true_542,chara,0.536,28,498
2025-12-24 04:46:42,Qwen/Qwen3-8B,MMLU_selected_subjects,isot_true_990,chara,0.541,28,347
2025-12-24 04:50:26,Qwen/Qwen3-8B,MMLU_selected_subjects,isot_true_543,clean,0.604,28,595
2025-12-24 04:51:24,Qwen/Qwen3-8B,MMLU_selected_subjects,isot_true_991,clean,0.633,28,400
2025-12-24 04:55:12,Qwen/Qwen3-8B,MMLU_selected_subjects,isot_true_543,meani,0.607,28,595
2025-12-24 04:56:02,Qwen/Qwen3-8B,MMLU_selected_subjects,isot_true_991,meani,0.617,28,400
2025-12-24 04:59:53,Qwen/Qwen3-8B,MMLU_selected_subjects,isot_true_543,wordd,0.586,28,595
2025-12-24 05:00:40,Qwen/Qwen3-8B,MMLU_selected_subjects,isot_true_991,wordd,0.608,28,400
2025-12-24 05:05:18,Qwen/Qwen3-8B,MMLU_selected_subjects,isot_true_543,chara,0.528,28,595
2025-12-24 05:05:45,Qwen/Qwen3-8B,MMLU_selected_subjects,isot_true_991,chara,0.532,28,400
2025-12-24 05:10:01,Qwen/Qwen3-8B,MMLU_selected_subjects,isot_true_544,clean,0.616,28,656
2025-12-24 05:10:33,Qwen/Qwen3-8B,MMLU_selected_subjects,isot_true_992,clean,0.586,28,439
2025-12-24 05:14:47,Qwen/Qwen3-8B,MMLU_selected_subjects,isot_true_544,meani,0.611,28,656
2025-12-24 05:15:18,Qwen/Qwen3-8B,MMLU_selected_subjects,isot_true_992,meani,0.6,28,439
2025-12-24 05:19:30,Qwen/Qwen3-8B,MMLU_selected_subjects,isot_true_544,wordd,0.613,28,656
2025-12-24 05:20:04,Qwen/Qwen3-8B,MMLU_selected_subjects,isot_true_992,wordd,0.603,28,439
2025-12-24 05:24:58,Qwen/Qwen3-8B,MMLU_selected_subjects,isot_true_544,chara,0.557,28,656
2025-12-24 05:25:20,Qwen/Qwen3-8B,MMLU_selected_subjects,isot_true_992,chara,0.545,28,439
2025-12-24 05:29:52,Qwen/Qwen3-8B,MMLU_selected_subjects,isot_true_545,clean,0.567,28,719
2025-12-24 05:30:27,Qwen/Qwen3-8B,MMLU_selected_subjects,isot_true_993,clean,0.597,28,709
2025-12-24 05:34:53,Qwen/Qwen3-8B,MMLU_selected_subjects,isot_true_545,meani,0.582,28,719
2025-12-24 05:35:22,Qwen/Qwen3-8B,MMLU_selected_subjects,isot_true_993,meani,0.603,28,709
2025-12-24 05:39:46,Qwen/Qwen3-8B,MMLU_selected_subjects,isot_true_545,wordd,0.581,28,719
2025-12-24 05:40:20,Qwen/Qwen3-8B,MMLU_selected_subjects,isot_true_993,wordd,0.592,28,709
2025-12-24 05:45:27,Qwen/Qwen3-8B,MMLU_selected_subjects,isot_true_545,chara,0.531,28,719
2025-12-24 05:46:07,Qwen/Qwen3-8B,MMLU_selected_subjects,isot_true_993,chara,0.505,28,709
2025-12-24 05:50:02,Qwen/Qwen3-8B,MMLU_selected_subjects,isot_true_546,clean,0.593,28,428
2025-12-24 05:51:03,Qwen/Qwen3-8B,MMLU_selected_subjects,isot_true_994,clean,0.585,28,787
2025-12-24 05:54:37,Qwen/Qwen3-8B,MMLU_selected_subjects,isot_true_546,meani,0.589,28,428
2025-12-24 05:55:59,Qwen/Qwen3-8B,MMLU_selected_subjects,isot_true_994,meani,0.612,28,787
2025-12-24 05:59:13,Qwen/Qwen3-8B,MMLU_selected_subjects,isot_true_546,wordd,0.573,28,428
2025-12-24 06:00:54,Qwen/Qwen3-8B,MMLU_selected_subjects,isot_true_994,wordd,0.588,28,787
2025-12-24 06:04:18,Qwen/Qwen3-8B,MMLU_selected_subjects,isot_true_546,chara,0.546,28,428
2025-12-24 06:06:43,Qwen/Qwen3-8B,MMLU_selected_subjects,isot_true_994,chara,0.588,28,787
2025-12-24 06:09:17,Qwen/Qwen3-8B,MMLU_selected_subjects,isot_true_547,clean,0.603,28,781
2025-12-24 06:11:37,Qwen/Qwen3-8B,MMLU_selected_subjects,isot_true_995,clean,0.609,28,642
2025-12-24 06:14:18,Qwen/Qwen3-8B,MMLU_selected_subjects,isot_true_547,meani,0.603,28,781
2025-12-24 06:16:30,Qwen/Qwen3-8B,MMLU_selected_subjects,isot_true_995,meani,0.595,28,642
2025-12-24 06:19:16,Qwen/Qwen3-8B,MMLU_selected_subjects,isot_true_547,wordd,0.587,28,781
2025-12-24 06:21:20,Qwen/Qwen3-8B,MMLU_selected_subjects,isot_true_995,wordd,0.582,28,642
2025-12-24 06:24:59,Qwen/Qwen3-8B,MMLU_selected_subjects,isot_true_547,chara,0.562,28,781
2025-12-24 06:26:50,Qwen/Qwen3-8B,MMLU_selected_subjects,isot_true_995,chara,0.546,28,642
2025-12-24 06:29:40,Qwen/Qwen3-8B,MMLU_selected_subjects,isot_true_548,clean,0.603,28,594
2025-12-24 06:31:50,Qwen/Qwen3-8B,MMLU_selected_subjects,isot_true_996,clean,0.604,28,710
2025-12-24 06:34:25,Qwen/Qwen3-8B,MMLU_selected_subjects,isot_true_548,meani,0.579,28,594
2025-12-24 06:36:43,Qwen/Qwen3-8B,MMLU_selected_subjects,isot_true_996,meani,0.599,28,710
2025-12-24 06:39:07,Qwen/Qwen3-8B,MMLU_selected_subjects,isot_true_548,wordd,0.592,28,594
2025-12-24 06:41:37,Qwen/Qwen3-8B,MMLU_selected_subjects,isot_true_996,wordd,0.595,28,710
2025-12-24 06:44:25,Qwen/Qwen3-8B,MMLU_selected_subjects,isot_true_548,chara,0.498,28,594
2025-12-24 06:47:16,Qwen/Qwen3-8B,MMLU_selected_subjects,isot_true_996,chara,0.544,28,710
2025-12-24 06:52:01,Qwen/Qwen3-8B,MMLU_selected_subjects,isot_true_997,clean,0.596,28,548
2025-12-24 06:56:46,Qwen/Qwen3-8B,MMLU_selected_subjects,isot_true_997,meani,0.598,28,548
2025-12-24 07:01:32,Qwen/Qwen3-8B,MMLU_selected_subjects,isot_true_997,wordd,0.583,28,548
2025-12-24 07:06:48,Qwen/Qwen3-8B,MMLU_selected_subjects,isot_true_997,chara,0.534,28,548
2025-12-24 07:11:30,Qwen/Qwen3-8B,MMLU_selected_subjects,isot_true_998,clean,0.578,28,523
2025-12-24 07:16:19,Qwen/Qwen3-8B,MMLU_selected_subjects,isot_true_998,meani,0.603,28,523
2025-12-24 07:21:01,Qwen/Qwen3-8B,MMLU_selected_subjects,isot_true_998,wordd,0.591,28,523
2025-12-24 07:26:14,Qwen/Qwen3-8B,MMLU_selected_subjects,isot_true_998,chara,0.553,28,523
2025-12-24 07:30:56,Qwen/Qwen3-8B,MMLU_selected_subjects,isot_true_999,clean,0.623,28,529
2025-12-24 07:35:38,Qwen/Qwen3-8B,MMLU_selected_subjects,isot_true_999,meani,0.622,28,529
2025-12-24 07:40:23,Qwen/Qwen3-8B,MMLU_selected_subjects,isot_true_999,wordd,0.601,28,529
2025-12-24 07:45:37,Qwen/Qwen3-8B,MMLU_selected_subjects,isot_true_999,chara,0.557,28,529
2026-01-15 11:30:57,google/gemma-2-9b,MMLU_selected_subjects,isot_true_1,clean,0.479,28,220
2026-01-15 11:36:55,google/gemma-2-9b,MMLU_selected_subjects,isot_true_1,meani,0.339,28,220
2026-01-15 11:43:32,google/gemma-2-9b,MMLU_selected_subjects,isot_true_10,clean,0.5,28,746
2026-01-15 11:50:14,google/gemma-2-9b,MMLU_selected_subjects,isot_true_10,meani,0.525,28,746
2026-01-15 11:56:45,google/gemma-2-9b,MMLU_selected_subjects,isot_true_100,clean,0.514,28,506
2026-01-15 12:03:29,google/gemma-2-9b,MMLU_selected_subjects,isot_true_100,meani,0.432,28,506
2026-01-15 12:10:25,google/gemma-2-9b,MMLU_selected_subjects,isot_true_1000,clean,0.334,28,718
2026-01-15 12:17:27,google/gemma-2-9b,MMLU_selected_subjects,isot_true_1000,meani,0.433,28,718
2026-01-15 12:24:13,google/gemma-2-9b,MMLU_selected_subjects,isot_true_101,clean,0.49,28,606
2026-01-15 12:31:01,google/gemma-2-9b,MMLU_selected_subjects,isot_true_101,meani,0.435,28,606
2026-01-15 12:37:48,google/gemma-2-9b,MMLU_selected_subjects,isot_true_102,clean,0.512,28,502
2026-01-15 12:44:36,google/gemma-2-9b,MMLU_selected_subjects,isot_true_102,meani,0.513,28,502
2026-01-15 12:51:14,google/gemma-2-9b,MMLU_selected_subjects,isot_true_103,clean,0.515,28,430
2026-01-15 12:57:53,google/gemma-2-9b,MMLU_selected_subjects,isot_true_103,meani,0.487,28,430
2026-01-15 13:04:59,google/gemma-2-9b,MMLU_selected_subjects,isot_true_104,clean,0.483,28,720
2026-01-15 13:12:05,google/gemma-2-9b,MMLU_selected_subjects,isot_true_104,meani,0.497,28,720
2026-01-15 13:18:52,google/gemma-2-9b,MMLU_selected_subjects,isot_true_105,clean,0.511,28,753
2026-01-15 13:25:24,google/gemma-2-9b,MMLU_selected_subjects,isot_true_105,meani,0.478,28,753
2026-01-15 13:32:02,google/gemma-2-9b,MMLU_selected_subjects,isot_true_106,clean,0.46,28,734
2026-01-15 13:38:38,google/gemma-2-9b,MMLU_selected_subjects,isot_true_106,meani,0.436,28,734
2026-01-15 13:44:43,google/gemma-2-9b,MMLU_selected_subjects,isot_true_107,clean,0.502,28,370
2026-01-15 13:50:49,google/gemma-2-9b,MMLU_selected_subjects,isot_true_107,meani,0.424,28,370
2026-01-15 13:57:25,google/gemma-2-9b,MMLU_selected_subjects,isot_true_108,clean,0.44,28,770
2026-01-15 14:04:00,google/gemma-2-9b,MMLU_selected_subjects,isot_true_108,meani,0.411,28,770
2026-01-15 14:10:36,google/gemma-2-9b,MMLU_selected_subjects,isot_true_109,clean,0.439,28,745
2026-01-15 14:17:16,google/gemma-2-9b,MMLU_selected_subjects,isot_true_109,meani,0.484,28,745
2026-01-15 14:23:54,google/gemma-2-9b,MMLU_selected_subjects,isot_true_11,clean,0.521,28,741
2026-01-15 14:30:36,google/gemma-2-9b,MMLU_selected_subjects,isot_true_11,meani,0.49,28,741
2026-01-15 14:36:56,google/gemma-2-9b,MMLU_selected_subjects,isot_true_110,clean,0.454,28,401
2026-01-15 14:43:17,google/gemma-2-9b,MMLU_selected_subjects,isot_true_110,meani,0.403,28,401
2026-01-15 14:49:50,google/gemma-2-9b,MMLU_selected_subjects,isot_true_111,clean,0.503,28,688
2026-01-15 14:56:21,google/gemma-2-9b,MMLU_selected_subjects,isot_true_111,meani,0.402,28,688
2026-01-15 15:02:37,google/gemma-2-9b,MMLU_selected_subjects,isot_true_112,clean,0.489,28,492
2026-01-15 15:09:05,google/gemma-2-9b,MMLU_selected_subjects,isot_true_112,meani,0.426,28,492
2026-01-15 15:15:39,google/gemma-2-9b,MMLU_selected_subjects,isot_true_113,clean,0.434,28,743
2026-01-15 15:22:17,google/gemma-2-9b,MMLU_selected_subjects,isot_true_113,meani,0.437,28,743
2026-01-15 15:28:41,google/gemma-2-9b,MMLU_selected_subjects,isot_true_114,clean,0.464,28,537
2026-01-15 15:35:01,google/gemma-2-9b,MMLU_selected_subjects,isot_true_114,meani,0.362,28,537
2026-01-15 15:41:24,google/gemma-2-9b,MMLU_selected_subjects,isot_true_115,clean,0.52,28,594
2026-01-15 15:47:44,google/gemma-2-9b,MMLU_selected_subjects,isot_true_115,meani,0.529,28,594
2026-01-15 15:54:02,google/gemma-2-9b,MMLU_selected_subjects,isot_true_116,clean,0.463,28,415
2026-01-15 16:00:19,google/gemma-2-9b,MMLU_selected_subjects,isot_true_116,meani,0.43,28,415
2026-01-15 16:06:19,google/gemma-2-9b,MMLU_selected_subjects,isot_true_117,clean,0.488,28,237
2026-01-15 16:12:16,google/gemma-2-9b,MMLU_selected_subjects,isot_true_117,meani,0.43,28,237
2026-01-15 16:18:26,google/gemma-2-9b,MMLU_selected_subjects,isot_true_118,clean,0.52,28,386
2026-01-15 16:24:39,google/gemma-2-9b,MMLU_selected_subjects,isot_true_118,meani,0.507,28,386
2026-01-15 16:30:59,google/gemma-2-9b,MMLU_selected_subjects,isot_true_119,clean,0.458,28,528
2026-01-15 16:37:13,google/gemma-2-9b,MMLU_selected_subjects,isot_true_119,meani,0.423,28,528
2026-01-15 16:43:28,google/gemma-2-9b,MMLU_selected_subjects,isot_true_12,clean,0.48,28,438
2026-01-15 16:49:42,google/gemma-2-9b,MMLU_selected_subjects,isot_true_12,meani,0.333,28,438
2026-01-15 16:56:02,google/gemma-2-9b,MMLU_selected_subjects,isot_true_120,clean,0.429,28,642
2026-01-15 17:02:38,google/gemma-2-9b,MMLU_selected_subjects,isot_true_120,meani,0.395,28,642
2026-01-15 17:09:03,google/gemma-2-9b,MMLU_selected_subjects,isot_true_121,clean,0.529,28,569
2026-01-15 17:15:30,google/gemma-2-9b,MMLU_selected_subjects,isot_true_121,meani,0.497,28,569
2026-01-15 17:21:40,google/gemma-2-9b,MMLU_selected_subjects,isot_true_122,clean,0.476,28,406
2026-01-15 17:27:55,google/gemma-2-9b,MMLU_selected_subjects,isot_true_122,meani,0.452,28,406
2026-01-15 17:34:28,google/gemma-2-9b,MMLU_selected_subjects,isot_true_123,clean,0.469,28,783
2026-01-15 17:40:59,google/gemma-2-9b,MMLU_selected_subjects,isot_true_123,meani,0.518,28,783
2026-01-15 17:47:31,google/gemma-2-9b,MMLU_selected_subjects,isot_true_124,clean,0.505,28,697
2026-01-15 17:54:00,google/gemma-2-9b,MMLU_selected_subjects,isot_true_124,meani,0.473,28,697
2026-01-15 18:00:33,google/gemma-2-9b,MMLU_selected_subjects,isot_true_125,clean,0.475,28,657
2026-01-15 18:07:01,google/gemma-2-9b,MMLU_selected_subjects,isot_true_125,meani,0.411,28,657
2026-01-15 18:13:32,google/gemma-2-9b,MMLU_selected_subjects,isot_true_126,clean,0.507,28,744
2026-01-15 18:20:04,google/gemma-2-9b,MMLU_selected_subjects,isot_true_126,meani,0.472,28,744
2026-01-15 18:26:24,google/gemma-2-9b,MMLU_selected_subjects,isot_true_127,clean,0.536,28,553
2026-01-15 18:32:41,google/gemma-2-9b,MMLU_selected_subjects,isot_true_127,meani,0.462,28,553
2026-01-15 18:39:11,google/gemma-2-9b,MMLU_selected_subjects,isot_true_128,clean,0.452,28,682
2026-01-15 18:45:40,google/gemma-2-9b,MMLU_selected_subjects,isot_true_128,meani,0.353,28,682
2026-01-15 18:51:59,google/gemma-2-9b,MMLU_selected_subjects,isot_true_129,clean,0.496,28,520
2026-01-15 18:58:16,google/gemma-2-9b,MMLU_selected_subjects,isot_true_129,meani,0.427,28,520
2026-01-15 19:04:50,google/gemma-2-9b,MMLU_selected_subjects,isot_true_13,clean,0.457,28,792
2026-01-15 19:11:25,google/gemma-2-9b,MMLU_selected_subjects,isot_true_13,meani,0.404,28,792
2026-01-15 19:17:41,google/gemma-2-9b,MMLU_selected_subjects,isot_true_130,clean,0.487,28,445
2026-01-15 19:23:59,google/gemma-2-9b,MMLU_selected_subjects,isot_true_130,meani,0.47,28,445
2026-01-15 19:29:58,google/gemma-2-9b,MMLU_selected_subjects,isot_true_131,clean,0.496,28,333
2026-01-15 19:35:57,google/gemma-2-9b,MMLU_selected_subjects,isot_true_131,meani,0.461,28,333
2026-01-15 19:42:01,google/gemma-2-9b,MMLU_selected_subjects,isot_true_132,clean,0.453,28,340
2026-01-15 19:48:10,google/gemma-2-9b,MMLU_selected_subjects,isot_true_132,meani,0.398,28,340
2026-01-15 19:54:26,google/gemma-2-9b,MMLU_selected_subjects,isot_true_133,clean,0.497,28,423
2026-01-15 20:00:37,google/gemma-2-9b,MMLU_selected_subjects,isot_true_133,meani,0.456,28,423
2026-01-15 20:07:09,google/gemma-2-9b,MMLU_selected_subjects,isot_true_134,clean,0.504,28,706
2026-01-15 20:13:41,google/gemma-2-9b,MMLU_selected_subjects,isot_true_134,meani,0.532,28,706
2026-01-15 20:19:59,google/gemma-2-9b,MMLU_selected_subjects,isot_true_135,clean,0.488,28,508
2026-01-15 20:26:22,google/gemma-2-9b,MMLU_selected_subjects,isot_true_135,meani,0.448,28,508
2026-01-15 20:32:41,google/gemma-2-9b,MMLU_selected_subjects,isot_true_136,clean,0.503,28,541
2026-01-15 20:38:57,google/gemma-2-9b,MMLU_selected_subjects,isot_true_136,meani,0.424,28,541
2026-01-15 20:45:27,google/gemma-2-9b,MMLU_selected_subjects,isot_true_137,clean,0.518,28,626
2026-01-15 20:51:51,google/gemma-2-9b,MMLU_selected_subjects,isot_true_137,meani,0.489,28,626
2026-01-15 20:58:05,google/gemma-2-9b,MMLU_selected_subjects,isot_true_138,clean,0.527,28,480
2026-01-15 21:04:19,google/gemma-2-9b,MMLU_selected_subjects,isot_true_138,meani,0.488,28,480
2026-01-15 21:10:28,google/gemma-2-9b,MMLU_selected_subjects,isot_true_139,clean,0.446,28,387
2026-01-15 21:16:39,google/gemma-2-9b,MMLU_selected_subjects,isot_true_139,meani,0.386,28,387
2026-01-15 21:22:45,google/gemma-2-9b,MMLU_selected_subjects,isot_true_14,clean,0.491,28,351
2026-01-15 21:28:49,google/gemma-2-9b,MMLU_selected_subjects,isot_true_14,meani,0.284,28,351
2026-01-15 21:35:07,google/gemma-2-9b,MMLU_selected_subjects,isot_true_140,clean,0.476,28,528
2026-01-15 21:41:23,google/gemma-2-9b,MMLU_selected_subjects,isot_true_140,meani,0.474,28,528
2026-01-15 21:47:37,google/gemma-2-9b,MMLU_selected_subjects,isot_true_141,clean,0.513,28,485
2026-01-15 21:53:47,google/gemma-2-9b,MMLU_selected_subjects,isot_true_141,meani,0.357,28,485
2026-01-15 22:00:16,google/gemma-2-9b,MMLU_selected_subjects,isot_true_142,clean,0.528,28,718
2026-01-15 22:06:42,google/gemma-2-9b,MMLU_selected_subjects,isot_true_142,meani,0.511,28,718
2026-01-15 22:13:15,google/gemma-2-9b,MMLU_selected_subjects,isot_true_143,clean,0.508,28,688
2026-01-15 22:19:54,google/gemma-2-9b,MMLU_selected_subjects,isot_true_143,meani,0.471,28,688
2026-01-15 22:26:04,google/gemma-2-9b,MMLU_selected_subjects,isot_true_144,clean,0.451,28,414
2026-01-15 22:32:10,google/gemma-2-9b,MMLU_selected_subjects,isot_true_144,meani,0.396,28,414
2026-01-15 22:38:32,google/gemma-2-9b,MMLU_selected_subjects,isot_true_145,clean,0.465,28,609
2026-01-15 22:44:54,google/gemma-2-9b,MMLU_selected_subjects,isot_true_145,meani,0.429,28,609
2026-01-15 22:51:15,google/gemma-2-9b,MMLU_selected_subjects,isot_true_146,clean,0.522,28,589
2026-01-15 22:57:35,google/gemma-2-9b,MMLU_selected_subjects,isot_true_146,meani,0.513,28,589
2026-01-15 23:03:37,google/gemma-2-9b,MMLU_selected_subjects,isot_true_147,clean,0.506,28,347
2026-01-15 23:09:47,google/gemma-2-9b,MMLU_selected_subjects,isot_true_147,meani,0.424,28,347
2026-01-15 23:15:55,google/gemma-2-9b,MMLU_selected_subjects,isot_true_148,clean,0.498,28,407
2026-01-15 23:22:09,google/gemma-2-9b,MMLU_selected_subjects,isot_true_148,meani,0.381,28,407
2026-01-15 23:28:31,google/gemma-2-9b,MMLU_selected_subjects,isot_true_149,clean,0.496,28,554
2026-01-15 23:34:53,google/gemma-2-9b,MMLU_selected_subjects,isot_true_149,meani,0.491,28,554
2026-01-15 23:41:05,google/gemma-2-9b,MMLU_selected_subjects,isot_true_15,clean,0.5,28,450
2026-01-15 23:47:18,google/gemma-2-9b,MMLU_selected_subjects,isot_true_15,meani,0.519,28,450
2026-01-15 23:53:39,google/gemma-2-9b,MMLU_selected_subjects,isot_true_150,clean,0.51,28,620
2026-01-15 23:59:59,google/gemma-2-9b,MMLU_selected_subjects,isot_true_150,meani,0.501,28,620
2026-01-16 00:05:59,google/gemma-2-9b,MMLU_selected_subjects,isot_true_151,clean,0.504,28,332
2026-01-16 00:12:07,google/gemma-2-9b,MMLU_selected_subjects,isot_true_151,meani,0.48,28,332
2026-01-16 00:18:32,google/gemma-2-9b,MMLU_selected_subjects,isot_true_152,clean,0.536,28,609
2026-01-16 00:25:00,google/gemma-2-9b,MMLU_selected_subjects,isot_true_152,meani,0.497,28,609
2026-01-16 00:31:04,google/gemma-2-9b,MMLU_selected_subjects,isot_true_153,clean,0.511,28,388
2026-01-16 00:37:13,google/gemma-2-9b,MMLU_selected_subjects,isot_true_153,meani,0.498,28,388
2026-01-16 00:43:33,google/gemma-2-9b,MMLU_selected_subjects,isot_true_154,clean,0.481,28,527
2026-01-16 00:49:52,google/gemma-2-9b,MMLU_selected_subjects,isot_true_154,meani,0.477,28,527
2026-01-16 00:56:17,google/gemma-2-9b,MMLU_selected_subjects,isot_true_155,clean,0.49,28,689
2026-01-16 01:02:42,google/gemma-2-9b,MMLU_selected_subjects,isot_true_155,meani,0.427,28,689
2026-01-16 01:09:13,google/gemma-2-9b,MMLU_selected_subjects,isot_true_156,clean,0.511,28,735
2026-01-16 01:15:44,google/gemma-2-9b,MMLU_selected_subjects,isot_true_156,meani,0.507,28,735
2026-01-16 01:21:58,google/gemma-2-9b,MMLU_selected_subjects,isot_true_157,clean,0.478,28,452
2026-01-16 01:28:08,google/gemma-2-9b,MMLU_selected_subjects,isot_true_157,meani,0.486,28,452
2026-01-16 01:34:19,google/gemma-2-9b,MMLU_selected_subjects,isot_true_158,clean,0.456,28,455
2026-01-16 01:40:27,google/gemma-2-9b,MMLU_selected_subjects,isot_true_158,meani,0.504,28,455
2026-01-16 01:46:34,google/gemma-2-9b,MMLU_selected_subjects,isot_true_159,clean,0.482,28,353
2026-01-16 01:52:44,google/gemma-2-9b,MMLU_selected_subjects,isot_true_159,meani,0.42,28,353
2026-01-16 01:58:59,google/gemma-2-9b,MMLU_selected_subjects,isot_true_16,clean,0.469,28,569
2026-01-16 02:05:21,google/gemma-2-9b,MMLU_selected_subjects,isot_true_16,meani,0.467,28,569
2026-01-16 02:11:25,google/gemma-2-9b,MMLU_selected_subjects,isot_true_160,clean,0.525,28,318
2026-01-16 02:17:23,google/gemma-2-9b,MMLU_selected_subjects,isot_true_160,meani,0.469,28,318
2026-01-16 02:23:41,google/gemma-2-9b,MMLU_selected_subjects,isot_true_161,clean,0.491,28,515
2026-01-16 02:29:55,google/gemma-2-9b,MMLU_selected_subjects,isot_true_161,meani,0.493,28,515
2026-01-16 02:36:07,google/gemma-2-9b,MMLU_selected_subjects,isot_true_162,clean,0.491,28,544
2026-01-16 02:42:21,google/gemma-2-9b,MMLU_selected_subjects,isot_true_162,meani,0.441,28,544
2026-01-16 02:48:34,google/gemma-2-9b,MMLU_selected_subjects,isot_true_163,clean,0.507,28,473
2026-01-16 02:54:50,google/gemma-2-9b,MMLU_selected_subjects,isot_true_163,meani,0.522,28,473
2026-01-16 03:01:10,google/gemma-2-9b,MMLU_selected_subjects,isot_true_164,clean,0.539,28,562
2026-01-16 03:07:30,google/gemma-2-9b,MMLU_selected_subjects,isot_true_164,meani,0.5,28,562
2026-01-16 03:13:39,google/gemma-2-9b,MMLU_selected_subjects,isot_true_165,clean,0.489,28,461
2026-01-16 03:19:47,google/gemma-2-9b,MMLU_selected_subjects,isot_true_165,meani,0.528,28,461
2026-01-16 03:25:56,google/gemma-2-9b,MMLU_selected_subjects,isot_true_166,clean,0.443,28,410
2026-01-16 03:32:03,google/gemma-2-9b,MMLU_selected_subjects,isot_true_166,meani,0.431,28,410
2026-01-16 03:38:20,google/gemma-2-9b,MMLU_selected_subjects,isot_true_167,clean,0.489,28,517
2026-01-16 03:44:35,google/gemma-2-9b,MMLU_selected_subjects,isot_true_167,meani,0.476,28,517
2026-01-16 03:51:07,google/gemma-2-9b,MMLU_selected_subjects,isot_true_168,clean,0.49,28,768
2026-01-16 03:57:39,google/gemma-2-9b,MMLU_selected_subjects,isot_true_168,meani,0.428,28,768
2026-01-16 04:03:51,google/gemma-2-9b,MMLU_selected_subjects,isot_true_169,clean,0.497,28,416
2026-01-16 04:10:00,google/gemma-2-9b,MMLU_selected_subjects,isot_true_169,meani,0.445,28,416
2026-01-16 04:16:01,google/gemma-2-9b,MMLU_selected_subjects,isot_true_17,clean,0.487,28,340
2026-01-16 04:22:08,google/gemma-2-9b,MMLU_selected_subjects,isot_true_17,meani,0.496,28,340
2026-01-16 04:28:28,google/gemma-2-9b,MMLU_selected_subjects,isot_true_170,clean,0.3,28,461
2026-01-16 04:34:45,google/gemma-2-9b,MMLU_selected_subjects,isot_true_170,meani,0.448,28,461
2026-01-16 04:40:57,google/gemma-2-9b,MMLU_selected_subjects,isot_true_171,clean,0.466,28,427
2026-01-16 04:47:06,google/gemma-2-9b,MMLU_selected_subjects,isot_true_171,meani,0.482,28,427
2026-01-16 04:53:21,google/gemma-2-9b,MMLU_selected_subjects,isot_true_172,clean,0.518,28,572
2026-01-16 04:59:35,google/gemma-2-9b,MMLU_selected_subjects,isot_true_172,meani,0.488,28,572
2026-01-16 05:05:47,google/gemma-2-9b,MMLU_selected_subjects,isot_true_173,clean,0.504,28,473
2026-01-16 05:11:59,google/gemma-2-9b,MMLU_selected_subjects,isot_true_173,meani,0.48,28,473
2026-01-16 05:18:00,google/gemma-2-9b,MMLU_selected_subjects,isot_true_174,clean,0.486,28,322
2026-01-16 05:23:58,google/gemma-2-9b,MMLU_selected_subjects,isot_true_174,meani,0.457,28,322
2026-01-16 05:30:04,google/gemma-2-9b,MMLU_selected_subjects,isot_true_175,clean,0.537,28,375
2026-01-16 05:36:10,google/gemma-2-9b,MMLU_selected_subjects,isot_true_175,meani,0.446,28,375
2026-01-16 05:42:45,google/gemma-2-9b,MMLU_selected_subjects,isot_true_176,clean,0.5,28,725
2026-01-16 05:49:15,google/gemma-2-9b,MMLU_selected_subjects,isot_true_176,meani,0.485,28,725
2026-01-16 05:55:25,google/gemma-2-9b,MMLU_selected_subjects,isot_true_177,clean,0.517,28,489
2026-01-16 06:01:37,google/gemma-2-9b,MMLU_selected_subjects,isot_true_177,meani,0.529,28,489
2026-01-16 06:07:54,google/gemma-2-9b,MMLU_selected_subjects,isot_true_178,clean,0.492,28,553
2026-01-16 06:14:09,google/gemma-2-9b,MMLU_selected_subjects,isot_true_178,meani,0.493,28,553
2026-01-16 06:20:35,google/gemma-2-9b,MMLU_selected_subjects,isot_true_179,clean,0.52,28,582
2026-01-16 06:27:00,google/gemma-2-9b,MMLU_selected_subjects,isot_true_179,meani,0.49,28,582
2026-01-16 06:33:27,google/gemma-2-9b,MMLU_selected_subjects,isot_true_18,clean,0.447,28,565
2026-01-16 06:39:42,google/gemma-2-9b,MMLU_selected_subjects,isot_true_18,meani,0.463,28,565
2026-01-16 06:45:55,google/gemma-2-9b,MMLU_selected_subjects,isot_true_180,clean,0.463,28,480
2026-01-16 06:52:07,google/gemma-2-9b,MMLU_selected_subjects,isot_true_180,meani,0.492,28,480
2026-01-16 06:58:26,google/gemma-2-9b,MMLU_selected_subjects,isot_true_181,clean,0.526,28,585
2026-01-16 07:04:45,google/gemma-2-9b,MMLU_selected_subjects,isot_true_181,meani,0.508,28,585
2026-01-16 07:11:14,google/gemma-2-9b,MMLU_selected_subjects,isot_true_182,clean,0.482,28,723
2026-01-16 07:17:45,google/gemma-2-9b,MMLU_selected_subjects,isot_true_182,meani,0.488,28,723
2026-01-16 07:24:15,google/gemma-2-9b,MMLU_selected_subjects,isot_true_183,clean,0.489,28,653
2026-01-16 07:30:45,google/gemma-2-9b,MMLU_selected_subjects,isot_true_183,meani,0.511,28,653
2026-01-16 07:36:54,google/gemma-2-9b,MMLU_selected_subjects,isot_true_184,clean,0.483,28,405
2026-01-16 07:43:07,google/gemma-2-9b,MMLU_selected_subjects,isot_true_184,meani,0.346,28,405
2026-01-16 07:49:17,google/gemma-2-9b,MMLU_selected_subjects,isot_true_185,clean,0.428,28,334
2026-01-16 07:55:20,google/gemma-2-9b,MMLU_selected_subjects,isot_true_185,meani,0.194,28,334
2026-01-16 08:01:44,google/gemma-2-9b,MMLU_selected_subjects,isot_true_186,clean,0.424,28,649
2026-01-16 08:08:07,google/gemma-2-9b,MMLU_selected_subjects,isot_true_186,meani,0.5,28,649
2026-01-16 08:14:35,google/gemma-2-9b,MMLU_selected_subjects,isot_true_187,clean,0.4,28,675
2026-01-16 08:21:01,google/gemma-2-9b,MMLU_selected_subjects,isot_true_187,meani,0.469,28,675
2026-01-16 08:27:40,google/gemma-2-9b,MMLU_selected_subjects,isot_true_188,clean,0.502,28,732
2026-01-16 08:34:13,google/gemma-2-9b,MMLU_selected_subjects,isot_true_188,meani,0.502,28,732
2026-01-16 08:40:35,google/gemma-2-9b,MMLU_selected_subjects,isot_true_189,clean,0.473,28,607
2026-01-16 08:46:58,google/gemma-2-9b,MMLU_selected_subjects,isot_true_189,meani,0.498,28,607
2026-01-16 08:53:29,google/gemma-2-9b,MMLU_selected_subjects,isot_true_19,clean,0.526,28,794
2026-01-16 09:00:06,google/gemma-2-9b,MMLU_selected_subjects,isot_true_19,meani,0.533,28,794
2026-01-16 09:06:36,google/gemma-2-9b,MMLU_selected_subjects,isot_true_190,clean,0.526,28,689
2026-01-16 09:13:06,google/gemma-2-9b,MMLU_selected_subjects,isot_true_190,meani,0.511,28,689
2026-01-16 09:19:52,google/gemma-2-9b,MMLU_selected_subjects,isot_true_191,clean,0.447,28,755
2026-01-16 09:26:48,google/gemma-2-9b,MMLU_selected_subjects,isot_true_191,meani,0.417,28,755
2026-01-16 09:33:10,google/gemma-2-9b,MMLU_selected_subjects,isot_true_192,clean,0.515,28,491
2026-01-16 09:39:29,google/gemma-2-9b,MMLU_selected_subjects,isot_true_192,meani,0.402,28,491
2026-01-16 09:45:42,google/gemma-2-9b,MMLU_selected_subjects,isot_true_193,clean,0.476,28,588
2026-01-16 09:52:00,google/gemma-2-9b,MMLU_selected_subjects,isot_true_193,meani,0.45,28,588
2026-01-16 09:58:25,google/gemma-2-9b,MMLU_selected_subjects,isot_true_194,clean,0.444,28,648
2026-01-16 10:04:53,google/gemma-2-9b,MMLU_selected_subjects,isot_true_194,meani,0.488,28,648
2026-01-16 10:11:14,google/gemma-2-9b,MMLU_selected_subjects,isot_true_195,clean,0.539,28,521
2026-01-16 10:17:32,google/gemma-2-9b,MMLU_selected_subjects,isot_true_195,meani,0.496,28,521
2026-01-16 10:23:39,google/gemma-2-9b,MMLU_selected_subjects,isot_true_196,clean,0.476,28,290
2026-01-16 10:29:40,google/gemma-2-9b,MMLU_selected_subjects,isot_true_196,meani,0.462,28,290
2026-01-16 10:36:22,google/gemma-2-9b,MMLU_selected_subjects,isot_true_197,clean,0.539,28,779
2026-01-16 10:42:57,google/gemma-2-9b,MMLU_selected_subjects,isot_true_197,meani,0.511,28,779
2026-01-16 10:48:53,google/gemma-2-9b,MMLU_selected_subjects,isot_true_198,clean,0.483,28,210
2026-01-16 10:54:52,google/gemma-2-9b,MMLU_selected_subjects,isot_true_198,meani,0.372,28,210
2026-01-16 11:01:00,google/gemma-2-9b,MMLU_selected_subjects,isot_true_199,clean,0.459,28,467
2026-01-16 11:07:13,google/gemma-2-9b,MMLU_selected_subjects,isot_true_199,meani,0.408,28,467
2026-01-16 11:13:31,google/gemma-2-9b,MMLU_selected_subjects,isot_true_2,clean,0.452,28,534
2026-01-16 11:19:44,google/gemma-2-9b,MMLU_selected_subjects,isot_true_2,meani,0.373,28,534
2026-01-16 11:25:50,google/gemma-2-9b,MMLU_selected_subjects,isot_true_20,clean,0.517,28,387
2026-01-16 11:32:01,google/gemma-2-9b,MMLU_selected_subjects,isot_true_20,meani,0.373,28,387
2026-01-16 11:38:31,google/gemma-2-9b,MMLU_selected_subjects,isot_true_200,clean,0.312,28,717
2026-01-16 11:44:59,google/gemma-2-9b,MMLU_selected_subjects,isot_true_200,meani,0.458,28,717
2026-01-16 11:51:12,google/gemma-2-9b,MMLU_selected_subjects,isot_true_201,clean,0.471,28,528
2026-01-16 11:57:27,google/gemma-2-9b,MMLU_selected_subjects,isot_true_201,meani,0.433,28,528
2026-01-16 12:03:36,google/gemma-2-9b,MMLU_selected_subjects,isot_true_202,clean,0.521,28,388
2026-01-16 12:09:43,google/gemma-2-9b,MMLU_selected_subjects,isot_true_202,meani,0.435,28,388
2026-01-16 12:16:01,google/gemma-2-9b,MMLU_selected_subjects,isot_true_203,clean,0.51,28,594
2026-01-16 12:22:22,google/gemma-2-9b,MMLU_selected_subjects,isot_true_203,meani,0.447,28,594
2026-01-16 12:29:06,google/gemma-2-9b,MMLU_selected_subjects,isot_true_204,clean,0.486,28,764
2026-01-16 12:35:53,google/gemma-2-9b,MMLU_selected_subjects,isot_true_204,meani,0.484,28,764
2026-01-16 12:42:17,google/gemma-2-9b,MMLU_selected_subjects,isot_true_205,clean,0.501,28,612
2026-01-16 12:48:56,google/gemma-2-9b,MMLU_selected_subjects,isot_true_205,meani,0.483,28,612
2026-01-16 12:55:02,google/gemma-2-9b,MMLU_selected_subjects,isot_true_206,clean,0.518,28,293
2026-01-16 13:01:11,google/gemma-2-9b,MMLU_selected_subjects,isot_true_206,meani,0.492,28,293
2026-01-16 13:07:34,google/gemma-2-9b,MMLU_selected_subjects,isot_true_207,clean,0.511,28,552
2026-01-16 13:14:08,google/gemma-2-9b,MMLU_selected_subjects,isot_true_207,meani,0.481,28,552
2026-01-16 13:20:22,google/gemma-2-9b,MMLU_selected_subjects,isot_true_208,clean,0.519,28,537
2026-01-16 13:26:36,google/gemma-2-9b,MMLU_selected_subjects,isot_true_208,meani,0.489,28,537
2026-01-16 13:32:55,google/gemma-2-9b,MMLU_selected_subjects,isot_true_209,clean,0.452,28,414
2026-01-16 13:39:14,google/gemma-2-9b,MMLU_selected_subjects,isot_true_209,meani,0.455,28,414
2026-01-16 13:45:11,google/gemma-2-9b,MMLU_selected_subjects,isot_true_21,clean,0.509,28,301
2026-01-16 13:51:32,google/gemma-2-9b,MMLU_selected_subjects,isot_true_21,meani,0.508,28,301
2026-01-16 13:57:56,google/gemma-2-9b,MMLU_selected_subjects,isot_true_210,clean,0.474,28,439
2026-01-16 14:04:13,google/gemma-2-9b,MMLU_selected_subjects,isot_true_210,meani,0.473,28,439
2026-01-16 14:10:22,google/gemma-2-9b,MMLU_selected_subjects,isot_true_211,clean,0.449,28,416
2026-01-16 14:16:30,google/gemma-2-9b,MMLU_selected_subjects,isot_true_211,meani,0.368,28,416
2026-01-16 14:22:45,google/gemma-2-9b,MMLU_selected_subjects,isot_true_212,clean,0.495,28,458
2026-01-16 14:29:12,google/gemma-2-9b,MMLU_selected_subjects,isot_true_212,meani,0.505,28,458
2026-01-16 14:35:19,google/gemma-2-9b,MMLU_selected_subjects,isot_true_213,clean,0.502,28,495
2026-01-16 14:41:23,google/gemma-2-9b,MMLU_selected_subjects,isot_true_213,meani,0.539,28,495
2026-01-16 14:47:37,google/gemma-2-9b,MMLU_selected_subjects,isot_true_214,clean,0.539,28,628
2026-01-16 14:54:36,google/gemma-2-9b,MMLU_selected_subjects,isot_true_214,meani,0.502,28,628
2026-01-16 15:01:16,google/gemma-2-9b,MMLU_selected_subjects,isot_true_215,clean,0.435,28,588
2026-01-16 15:07:51,google/gemma-2-9b,MMLU_selected_subjects,isot_true_215,meani,0.484,28,588
2026-01-16 15:14:25,google/gemma-2-9b,MMLU_selected_subjects,isot_true_216,clean,0.425,28,527
2026-01-16 15:21:01,google/gemma-2-9b,MMLU_selected_subjects,isot_true_216,meani,0.453,28,527
2026-01-16 15:27:59,google/gemma-2-9b,MMLU_selected_subjects,isot_true_217,clean,0.511,28,712
2026-01-16 15:34:53,google/gemma-2-9b,MMLU_selected_subjects,isot_true_217,meani,0.511,28,712
2026-01-16 15:41:48,google/gemma-2-9b,MMLU_selected_subjects,isot_true_218,clean,0.46,28,712
2026-01-16 15:48:43,google/gemma-2-9b,MMLU_selected_subjects,isot_true_218,meani,0.484,28,712
2026-01-16 15:55:39,google/gemma-2-9b,MMLU_selected_subjects,isot_true_219,clean,0.494,28,582
2026-01-16 16:02:23,google/gemma-2-9b,MMLU_selected_subjects,isot_true_219,meani,0.473,28,582
2026-01-16 16:09:11,google/gemma-2-9b,MMLU_selected_subjects,isot_true_22,clean,0.511,28,629
2026-01-16 16:15:56,google/gemma-2-9b,MMLU_selected_subjects,isot_true_22,meani,0.493,28,629
2026-01-16 16:22:26,google/gemma-2-9b,MMLU_selected_subjects,isot_true_220,clean,0.524,28,432
2026-01-16 16:28:54,google/gemma-2-9b,MMLU_selected_subjects,isot_true_220,meani,0.532,28,432
2026-01-16 16:35:19,google/gemma-2-9b,MMLU_selected_subjects,isot_true_221,clean,0.464,28,405
2026-01-16 16:41:52,google/gemma-2-9b,MMLU_selected_subjects,isot_true_221,meani,0.409,28,405
2026-01-16 16:48:45,google/gemma-2-9b,MMLU_selected_subjects,isot_true_222,clean,0.511,28,777
2026-01-16 16:55:29,google/gemma-2-9b,MMLU_selected_subjects,isot_true_222,meani,0.526,28,777
2026-01-16 17:02:07,google/gemma-2-9b,MMLU_selected_subjects,isot_true_223,clean,0.495,28,625
2026-01-16 17:08:51,google/gemma-2-9b,MMLU_selected_subjects,isot_true_223,meani,0.477,28,625
2026-01-16 17:15:37,google/gemma-2-9b,MMLU_selected_subjects,isot_true_224,clean,0.492,28,785
2026-01-16 17:22:18,google/gemma-2-9b,MMLU_selected_subjects,isot_true_224,meani,0.501,28,785
2026-01-16 17:28:47,google/gemma-2-9b,MMLU_selected_subjects,isot_true_225,clean,0.478,28,490
2026-01-16 17:35:19,google/gemma-2-9b,MMLU_selected_subjects,isot_true_225,meani,0.486,28,490
2026-01-16 17:41:54,google/gemma-2-9b,MMLU_selected_subjects,isot_true_226,clean,0.491,28,616
2026-01-16 17:48:30,google/gemma-2-9b,MMLU_selected_subjects,isot_true_226,meani,0.517,28,616
2026-01-16 17:55:05,google/gemma-2-9b,MMLU_selected_subjects,isot_true_227,clean,0.497,28,549
2026-01-16 18:01:42,google/gemma-2-9b,MMLU_selected_subjects,isot_true_227,meani,0.514,28,549
2026-01-16 18:08:09,google/gemma-2-9b,MMLU_selected_subjects,isot_true_228,clean,0.513,28,517
2026-01-16 18:14:36,google/gemma-2-9b,MMLU_selected_subjects,isot_true_228,meani,0.535,28,517
2026-01-16 18:21:15,google/gemma-2-9b,MMLU_selected_subjects,isot_true_229,clean,0.483,28,621
2026-01-16 18:27:56,google/gemma-2-9b,MMLU_selected_subjects,isot_true_229,meani,0.474,28,621
2026-01-16 18:35:04,google/gemma-2-9b,MMLU_selected_subjects,isot_true_23,clean,0.485,28,715
2026-01-16 18:42:07,google/gemma-2-9b,MMLU_selected_subjects,isot_true_23,meani,0.522,28,715
2026-01-16 18:48:40,google/gemma-2-9b,MMLU_selected_subjects,isot_true_230,clean,0.485,28,482
2026-01-16 18:55:07,google/gemma-2-9b,MMLU_selected_subjects,isot_true_230,meani,0.394,28,482
2026-01-16 19:01:43,google/gemma-2-9b,MMLU_selected_subjects,isot_true_231,clean,0.464,28,485
2026-01-16 19:08:10,google/gemma-2-9b,MMLU_selected_subjects,isot_true_231,meani,0.445,28,485
2026-01-16 19:14:39,google/gemma-2-9b,MMLU_selected_subjects,isot_true_232,clean,0.508,28,534
2026-01-16 19:21:05,google/gemma-2-9b,MMLU_selected_subjects,isot_true_232,meani,0.503,28,534
2026-01-16 19:27:14,google/gemma-2-9b,MMLU_selected_subjects,isot_true_233,clean,0.477,28,265
2026-01-16 19:33:25,google/gemma-2-9b,MMLU_selected_subjects,isot_true_233,meani,0.488,28,265
2026-01-16 19:39:56,google/gemma-2-9b,MMLU_selected_subjects,isot_true_234,clean,0.455,28,555
2026-01-16 19:46:26,google/gemma-2-9b,MMLU_selected_subjects,isot_true_234,meani,0.486,28,555
2026-01-16 19:52:59,google/gemma-2-9b,MMLU_selected_subjects,isot_true_235,clean,0.545,28,592
2026-01-16 19:59:33,google/gemma-2-9b,MMLU_selected_subjects,isot_true_235,meani,0.526,28,592
2026-01-16 20:06:19,google/gemma-2-9b,MMLU_selected_subjects,isot_true_236,clean,0.42,28,690
2026-01-16 20:13:05,google/gemma-2-9b,MMLU_selected_subjects,isot_true_236,meani,0.455,28,690
2026-01-16 20:19:43,google/gemma-2-9b,MMLU_selected_subjects,isot_true_237,clean,0.511,28,629
2026-01-16 20:26:21,google/gemma-2-9b,MMLU_selected_subjects,isot_true_237,meani,0.489,28,629
2026-01-16 20:32:46,google/gemma-2-9b,MMLU_selected_subjects,isot_true_238,clean,0.489,28,531
2026-01-16 20:39:12,google/gemma-2-9b,MMLU_selected_subjects,isot_true_238,meani,0.402,28,531
2026-01-16 20:45:59,google/gemma-2-9b,MMLU_selected_subjects,isot_true_239,clean,0.479,28,790
2026-01-16 20:52:47,google/gemma-2-9b,MMLU_selected_subjects,isot_true_239,meani,0.512,28,790
2026-01-16 20:59:17,google/gemma-2-9b,MMLU_selected_subjects,isot_true_24,clean,0.502,28,506
2026-01-16 21:05:43,google/gemma-2-9b,MMLU_selected_subjects,isot_true_24,meani,0.479,28,506
2026-01-16 21:12:11,google/gemma-2-9b,MMLU_selected_subjects,isot_true_240,clean,0.431,28,472
2026-01-16 21:18:35,google/gemma-2-9b,MMLU_selected_subjects,isot_true_240,meani,0.284,28,472
2026-01-16 21:25:10,google/gemma-2-9b,MMLU_selected_subjects,isot_true_241,clean,0.456,28,625
2026-01-16 21:31:49,google/gemma-2-9b,MMLU_selected_subjects,isot_true_241,meani,0.446,28,625
2026-01-16 21:38:24,google/gemma-2-9b,MMLU_selected_subjects,isot_true_242,clean,0.524,28,558
2026-01-16 21:45:02,google/gemma-2-9b,MMLU_selected_subjects,isot_true_242,meani,0.451,28,558
2026-01-16 21:51:24,google/gemma-2-9b,MMLU_selected_subjects,isot_true_243,clean,0.479,28,497
2026-01-16 21:57:46,google/gemma-2-9b,MMLU_selected_subjects,isot_true_243,meani,0.47,28,497
2026-01-16 22:04:08,google/gemma-2-9b,MMLU_selected_subjects,isot_true_244,clean,0.439,28,382
2026-01-16 22:10:28,google/gemma-2-9b,MMLU_selected_subjects,isot_true_244,meani,0.432,28,382
2026-01-16 22:17:01,google/gemma-2-9b,MMLU_selected_subjects,isot_true_245,clean,0.507,28,573
2026-01-16 22:23:38,google/gemma-2-9b,MMLU_selected_subjects,isot_true_245,meani,0.467,28,573
2026-01-16 22:30:02,google/gemma-2-9b,MMLU_selected_subjects,isot_true_246,clean,0.528,28,410
2026-01-16 22:36:24,google/gemma-2-9b,MMLU_selected_subjects,isot_true_246,meani,0.486,28,410
2026-01-16 22:42:49,google/gemma-2-9b,MMLU_selected_subjects,isot_true_247,clean,0.465,28,516
2026-01-16 22:49:15,google/gemma-2-9b,MMLU_selected_subjects,isot_true_247,meani,0.434,28,516
2026-01-16 22:56:02,google/gemma-2-9b,MMLU_selected_subjects,isot_true_248,clean,0.523,28,717
2026-01-16 23:02:46,google/gemma-2-9b,MMLU_selected_subjects,isot_true_248,meani,0.484,28,717
2026-01-16 23:09:23,google/gemma-2-9b,MMLU_selected_subjects,isot_true_249,clean,0.468,28,634
2026-01-16 23:16:03,google/gemma-2-9b,MMLU_selected_subjects,isot_true_249,meani,0.45,28,634
2026-01-16 23:22:24,google/gemma-2-9b,MMLU_selected_subjects,isot_true_25,clean,0.476,28,403
2026-01-16 23:28:43,google/gemma-2-9b,MMLU_selected_subjects,isot_true_25,meani,0.493,28,403
2026-01-16 23:35:20,google/gemma-2-9b,MMLU_selected_subjects,isot_true_250,clean,0.508,28,684
2026-01-16 23:41:58,google/gemma-2-9b,MMLU_selected_subjects,isot_true_250,meani,0.489,28,684
2026-01-16 23:48:18,google/gemma-2-9b,MMLU_selected_subjects,isot_true_251,clean,0.499,28,376
2026-01-16 23:54:39,google/gemma-2-9b,MMLU_selected_subjects,isot_true_251,meani,0.473,28,376
2026-01-17 00:01:23,google/gemma-2-9b,MMLU_selected_subjects,isot_true_252,clean,0.483,28,691
2026-01-17 00:08:09,google/gemma-2-9b,MMLU_selected_subjects,isot_true_252,meani,0.471,28,691
2026-01-17 00:14:40,google/gemma-2-9b,MMLU_selected_subjects,isot_true_253,clean,0.48,28,508
2026-01-17 00:21:14,google/gemma-2-9b,MMLU_selected_subjects,isot_true_253,meani,0.523,28,508
2026-01-17 00:27:32,google/gemma-2-9b,MMLU_selected_subjects,isot_true_254,clean,0.518,28,372
2026-01-17 00:33:51,google/gemma-2-9b,MMLU_selected_subjects,isot_true_254,meani,0.505,28,372
2026-01-17 00:40:15,google/gemma-2-9b,MMLU_selected_subjects,isot_true_255,clean,0.502,28,417
2026-01-17 00:46:36,google/gemma-2-9b,MMLU_selected_subjects,isot_true_255,meani,0.482,28,417
2026-01-17 00:52:59,google/gemma-2-9b,MMLU_selected_subjects,isot_true_256,clean,0.537,28,452
2026-01-17 00:59:20,google/gemma-2-9b,MMLU_selected_subjects,isot_true_256,meani,0.479,28,452
2026-01-17 01:05:53,google/gemma-2-9b,MMLU_selected_subjects,isot_true_257,clean,0.521,28,572
2026-01-17 01:12:25,google/gemma-2-9b,MMLU_selected_subjects,isot_true_257,meani,0.479,28,572
2026-01-17 01:18:57,google/gemma-2-9b,MMLU_selected_subjects,isot_true_258,clean,0.51,28,550
2026-01-17 01:25:30,google/gemma-2-9b,MMLU_selected_subjects,isot_true_258,meani,0.47,28,550
2026-01-17 01:31:59,google/gemma-2-9b,MMLU_selected_subjects,isot_true_259,clean,0.506,28,582
2026-01-17 01:38:29,google/gemma-2-9b,MMLU_selected_subjects,isot_true_259,meani,0.505,28,582
2026-01-17 01:44:53,google/gemma-2-9b,MMLU_selected_subjects,isot_true_26,clean,0.507,28,500
2026-01-17 01:51:20,google/gemma-2-9b,MMLU_selected_subjects,isot_true_26,meani,0.455,28,500
2026-01-17 01:58:00,google/gemma-2-9b,MMLU_selected_subjects,isot_true_260,clean,0.419,28,691
2026-01-17 02:04:43,google/gemma-2-9b,MMLU_selected_subjects,isot_true_260,meani,0.353,28,691
2026-01-17 02:11:07,google/gemma-2-9b,MMLU_selected_subjects,isot_true_261,clean,0.509,28,447
2026-01-17 02:17:33,google/gemma-2-9b,MMLU_selected_subjects,isot_true_261,meani,0.489,28,447
2026-01-17 02:23:49,google/gemma-2-9b,MMLU_selected_subjects,isot_true_262,clean,0.475,28,340
2026-01-17 02:30:05,google/gemma-2-9b,MMLU_selected_subjects,isot_true_262,meani,0.259,28,340
2026-01-17 02:36:31,google/gemma-2-9b,MMLU_selected_subjects,isot_true_263,clean,0.463,28,471
2026-01-17 02:42:56,google/gemma-2-9b,MMLU_selected_subjects,isot_true_263,meani,0.354,28,471
2026-01-17 02:49:32,google/gemma-2-9b,MMLU_selected_subjects,isot_true_264,clean,0.511,28,560
2026-01-17 02:56:04,google/gemma-2-9b,MMLU_selected_subjects,isot_true_264,meani,0.502,28,560
2026-01-17 03:02:35,google/gemma-2-9b,MMLU_selected_subjects,isot_true_265,clean,0.467,28,507
2026-01-17 03:09:05,google/gemma-2-9b,MMLU_selected_subjects,isot_true_265,meani,0.472,28,507
2026-01-17 03:15:30,google/gemma-2-9b,MMLU_selected_subjects,isot_true_266,clean,0.428,28,468
2026-01-17 03:21:53,google/gemma-2-9b,MMLU_selected_subjects,isot_true_266,meani,0.425,28,468
2026-01-17 03:28:42,google/gemma-2-9b,MMLU_selected_subjects,isot_true_267,clean,0.52,28,781
2026-01-17 03:35:30,google/gemma-2-9b,MMLU_selected_subjects,isot_true_267,meani,0.497,28,781
2026-01-17 03:41:54,google/gemma-2-9b,MMLU_selected_subjects,isot_true_268,clean,0.501,28,490
2026-01-17 03:48:22,google/gemma-2-9b,MMLU_selected_subjects,isot_true_268,meani,0.465,28,490
2026-01-17 03:54:52,google/gemma-2-9b,MMLU_selected_subjects,isot_true_269,clean,0.516,28,556
2026-01-17 04:01:26,google/gemma-2-9b,MMLU_selected_subjects,isot_true_269,meani,0.463,28,556
2026-01-17 04:07:47,google/gemma-2-9b,MMLU_selected_subjects,isot_true_27,clean,0.47,28,391
2026-01-17 04:14:10,google/gemma-2-9b,MMLU_selected_subjects,isot_true_27,meani,0.443,28,391
2026-01-17 04:20:40,google/gemma-2-9b,MMLU_selected_subjects,isot_true_270,clean,0.515,28,557
2026-01-17 04:27:13,google/gemma-2-9b,MMLU_selected_subjects,isot_true_270,meani,0.505,28,557
2026-01-17 04:33:42,google/gemma-2-9b,MMLU_selected_subjects,isot_true_271,clean,0.493,28,397
2026-01-17 04:40:14,google/gemma-2-9b,MMLU_selected_subjects,isot_true_271,meani,0.447,28,397
2026-01-17 04:46:50,google/gemma-2-9b,MMLU_selected_subjects,isot_true_272,clean,0.505,28,439
2026-01-17 04:53:30,google/gemma-2-9b,MMLU_selected_subjects,isot_true_272,meani,0.479,28,439
2026-01-17 05:00:20,google/gemma-2-9b,MMLU_selected_subjects,isot_true_273,clean,0.499,28,461
2026-01-17 05:07:12,google/gemma-2-9b,MMLU_selected_subjects,isot_true_273,meani,0.5,28,461
2026-01-17 05:14:01,google/gemma-2-9b,MMLU_selected_subjects,isot_true_274,clean,0.517,28,456
2026-01-17 05:20:52,google/gemma-2-9b,MMLU_selected_subjects,isot_true_274,meani,0.447,28,456
2026-01-17 05:27:30,google/gemma-2-9b,MMLU_selected_subjects,isot_true_275,clean,0.474,28,266
2026-01-17 05:34:08,google/gemma-2-9b,MMLU_selected_subjects,isot_true_275,meani,0.348,28,266
2026-01-17 05:41:16,google/gemma-2-9b,MMLU_selected_subjects,isot_true_276,clean,0.481,28,775
2026-01-17 05:48:25,google/gemma-2-9b,MMLU_selected_subjects,isot_true_276,meani,0.452,28,775
2026-01-17 05:55:06,google/gemma-2-9b,MMLU_selected_subjects,isot_true_277,clean,0.478,28,461
2026-01-17 06:01:52,google/gemma-2-9b,MMLU_selected_subjects,isot_true_277,meani,0.485,28,461
2026-01-17 06:08:30,google/gemma-2-9b,MMLU_selected_subjects,isot_true_278,clean,0.516,28,457
2026-01-17 06:15:02,google/gemma-2-9b,MMLU_selected_subjects,isot_true_278,meani,0.502,28,457
2026-01-17 06:21:31,google/gemma-2-9b,MMLU_selected_subjects,isot_true_279,clean,0.441,28,400
2026-01-17 06:28:02,google/gemma-2-9b,MMLU_selected_subjects,isot_true_279,meani,0.38,28,400
2026-01-17 06:34:33,google/gemma-2-9b,MMLU_selected_subjects,isot_true_28,clean,0.532,28,380
2026-01-17 06:41:01,google/gemma-2-9b,MMLU_selected_subjects,isot_true_28,meani,0.497,28,380
2026-01-17 06:47:42,google/gemma-2-9b,MMLU_selected_subjects,isot_true_280,clean,0.532,28,562
2026-01-17 06:54:22,google/gemma-2-9b,MMLU_selected_subjects,isot_true_280,meani,0.497,28,562
2026-01-17 07:01:03,google/gemma-2-9b,MMLU_selected_subjects,isot_true_281,clean,0.536,28,578
2026-01-17 07:07:45,google/gemma-2-9b,MMLU_selected_subjects,isot_true_281,meani,0.492,28,578
2026-01-17 07:14:28,google/gemma-2-9b,MMLU_selected_subjects,isot_true_282,clean,0.516,28,554
2026-01-17 07:21:18,google/gemma-2-9b,MMLU_selected_subjects,isot_true_282,meani,0.525,28,554
2026-01-17 07:28:13,google/gemma-2-9b,MMLU_selected_subjects,isot_true_283,clean,0.517,28,575
2026-01-17 07:35:06,google/gemma-2-9b,MMLU_selected_subjects,isot_true_283,meani,0.512,28,575
2026-01-17 07:41:56,google/gemma-2-9b,MMLU_selected_subjects,isot_true_284,clean,0.544,28,559
2026-01-17 07:48:26,google/gemma-2-9b,MMLU_selected_subjects,isot_true_284,meani,0.516,28,559
2026-01-17 07:54:47,google/gemma-2-9b,MMLU_selected_subjects,isot_true_285,clean,0.512,28,426
2026-01-17 08:01:12,google/gemma-2-9b,MMLU_selected_subjects,isot_true_285,meani,0.494,28,426
2026-01-17 08:07:36,google/gemma-2-9b,MMLU_selected_subjects,isot_true_286,clean,0.475,28,302
2026-01-17 08:14:00,google/gemma-2-9b,MMLU_selected_subjects,isot_true_286,meani,0.461,28,302
2026-01-17 08:20:37,google/gemma-2-9b,MMLU_selected_subjects,isot_true_287,clean,0.481,28,431
2026-01-17 08:27:11,google/gemma-2-9b,MMLU_selected_subjects,isot_true_287,meani,0.446,28,431
2026-01-17 08:34:09,google/gemma-2-9b,MMLU_selected_subjects,isot_true_288,clean,0.461,28,750
2026-01-17 08:41:08,google/gemma-2-9b,MMLU_selected_subjects,isot_true_288,meani,0.494,28,750
2026-01-17 08:47:38,google/gemma-2-9b,MMLU_selected_subjects,isot_true_289,clean,0.481,28,321
2026-01-17 08:54:06,google/gemma-2-9b,MMLU_selected_subjects,isot_true_289,meani,0.465,28,321
2026-01-17 09:00:55,google/gemma-2-9b,MMLU_selected_subjects,isot_true_29,clean,0.52,28,541
2026-01-17 09:07:50,google/gemma-2-9b,MMLU_selected_subjects,isot_true_29,meani,0.463,28,541
2026-01-17 09:14:43,google/gemma-2-9b,MMLU_selected_subjects,isot_true_290,clean,0.509,28,573
2026-01-17 09:21:38,google/gemma-2-9b,MMLU_selected_subjects,isot_true_290,meani,0.511,28,573
2026-01-17 09:28:04,google/gemma-2-9b,MMLU_selected_subjects,isot_true_291,clean,0.485,28,445
2026-01-17 09:34:29,google/gemma-2-9b,MMLU_selected_subjects,isot_true_291,meani,0.478,28,445
2026-01-17 09:40:56,google/gemma-2-9b,MMLU_selected_subjects,isot_true_292,clean,0.485,28,462
2026-01-17 09:47:24,google/gemma-2-9b,MMLU_selected_subjects,isot_true_292,meani,0.467,28,462
2026-01-17 09:53:57,google/gemma-2-9b,MMLU_selected_subjects,isot_true_293,clean,0.531,28,547
2026-01-17 10:00:35,google/gemma-2-9b,MMLU_selected_subjects,isot_true_293,meani,0.45,28,547
2026-01-17 10:07:21,google/gemma-2-9b,MMLU_selected_subjects,isot_true_294,clean,0.522,28,676
2026-01-17 10:14:07,google/gemma-2-9b,MMLU_selected_subjects,isot_true_294,meani,0.513,28,676
2026-01-17 10:20:52,google/gemma-2-9b,MMLU_selected_subjects,isot_true_295,clean,0.492,28,499
2026-01-17 10:27:38,google/gemma-2-9b,MMLU_selected_subjects,isot_true_295,meani,0.417,28,499
2026-01-17 10:34:41,google/gemma-2-9b,MMLU_selected_subjects,isot_true_296,clean,0.518,28,715
2026-01-17 10:41:44,google/gemma-2-9b,MMLU_selected_subjects,isot_true_296,meani,0.537,28,715
2026-01-17 10:48:41,google/gemma-2-9b,MMLU_selected_subjects,isot_true_297,clean,0.445,28,701
2026-01-17 10:55:45,google/gemma-2-9b,MMLU_selected_subjects,isot_true_297,meani,0.389,28,701
2026-01-17 11:02:33,google/gemma-2-9b,MMLU_selected_subjects,isot_true_298,clean,0.463,28,435
2026-01-17 11:09:20,google/gemma-2-9b,MMLU_selected_subjects,isot_true_298,meani,0.447,28,435
2026-01-17 11:15:44,google/gemma-2-9b,MMLU_selected_subjects,isot_true_299,clean,0.465,28,460
2026-01-17 11:22:12,google/gemma-2-9b,MMLU_selected_subjects,isot_true_299,meani,0.455,28,460
2026-01-17 11:28:35,google/gemma-2-9b,MMLU_selected_subjects,isot_true_3,clean,0.512,28,359
2026-01-17 11:35:02,google/gemma-2-9b,MMLU_selected_subjects,isot_true_3,meani,0.402,28,359
2026-01-17 11:41:42,google/gemma-2-9b,MMLU_selected_subjects,isot_true_30,clean,0.476,28,605
2026-01-17 11:48:24,google/gemma-2-9b,MMLU_selected_subjects,isot_true_30,meani,0.403,28,605
2026-01-17 11:55:00,google/gemma-2-9b,MMLU_selected_subjects,isot_true_300,clean,0.463,28,439
2026-01-17 12:01:39,google/gemma-2-9b,MMLU_selected_subjects,isot_true_300,meani,0.513,28,439
2026-01-17 12:08:32,google/gemma-2-9b,MMLU_selected_subjects,isot_true_301,clean,0.523,28,630
2026-01-17 12:15:28,google/gemma-2-9b,MMLU_selected_subjects,isot_true_301,meani,0.462,28,630
2026-01-17 12:22:10,google/gemma-2-9b,MMLU_selected_subjects,isot_true_302,clean,0.524,28,432
2026-01-17 12:28:57,google/gemma-2-9b,MMLU_selected_subjects,isot_true_302,meani,0.51,28,432
2026-01-17 12:35:43,google/gemma-2-9b,MMLU_selected_subjects,isot_true_303,clean,0.443,28,410
2026-01-17 12:42:30,google/gemma-2-9b,MMLU_selected_subjects,isot_true_303,meani,0.435,28,410
2026-01-17 12:49:48,google/gemma-2-9b,MMLU_selected_subjects,isot_true_304,clean,0.479,28,729
2026-01-17 12:57:00,google/gemma-2-9b,MMLU_selected_subjects,isot_true_304,meani,0.441,28,729
2026-01-17 13:03:22,google/gemma-2-9b,MMLU_selected_subjects,isot_true_305,clean,0.477,28,425
2026-01-17 13:09:45,google/gemma-2-9b,MMLU_selected_subjects,isot_true_305,meani,0.404,28,425
2026-01-17 13:16:13,google/gemma-2-9b,MMLU_selected_subjects,isot_true_306,clean,0.463,28,417
2026-01-17 13:22:46,google/gemma-2-9b,MMLU_selected_subjects,isot_true_306,meani,0.432,28,417
2026-01-17 13:29:44,google/gemma-2-9b,MMLU_selected_subjects,isot_true_307,clean,0.511,28,778
2026-01-17 13:36:45,google/gemma-2-9b,MMLU_selected_subjects,isot_true_307,meani,0.514,28,778
2026-01-17 13:43:37,google/gemma-2-9b,MMLU_selected_subjects,isot_true_308,clean,0.506,28,595
2026-01-17 13:50:33,google/gemma-2-9b,MMLU_selected_subjects,isot_true_308,meani,0.434,28,595
2026-01-17 13:57:17,google/gemma-2-9b,MMLU_selected_subjects,isot_true_309,clean,0.499,28,519
2026-01-17 14:04:07,google/gemma-2-9b,MMLU_selected_subjects,isot_true_309,meani,0.471,28,519
2026-01-17 14:10:48,google/gemma-2-9b,MMLU_selected_subjects,isot_true_31,clean,0.49,28,484
2026-01-17 14:17:35,google/gemma-2-9b,MMLU_selected_subjects,isot_true_31,meani,0.507,28,484
2026-01-17 14:24:17,google/gemma-2-9b,MMLU_selected_subjects,isot_true_310,clean,0.513,28,441
2026-01-17 14:31:03,google/gemma-2-9b,MMLU_selected_subjects,isot_true_310,meani,0.519,28,441
2026-01-17 14:38:04,google/gemma-2-9b,MMLU_selected_subjects,isot_true_311,clean,0.529,28,622
2026-01-17 14:44:54,google/gemma-2-9b,MMLU_selected_subjects,isot_true_311,meani,0.485,28,622
2026-01-17 14:51:43,google/gemma-2-9b,MMLU_selected_subjects,isot_true_312,clean,0.448,28,789
2026-01-17 14:58:34,google/gemma-2-9b,MMLU_selected_subjects,isot_true_312,meani,0.47,28,789
2026-01-17 15:06:17,google/gemma-2-9b,MMLU_selected_subjects,isot_true_313,clean,0.453,28,254
2026-01-17 15:13:18,google/gemma-2-9b,MMLU_selected_subjects,isot_true_313,meani,0.412,28,254
2026-01-17 15:19:45,google/gemma-2-9b,MMLU_selected_subjects,isot_true_314,clean,0.527,28,457
2026-01-17 15:26:16,google/gemma-2-9b,MMLU_selected_subjects,isot_true_314,meani,0.459,28,457
2026-01-17 15:32:43,google/gemma-2-9b,MMLU_selected_subjects,isot_true_315,clean,0.478,28,350
2026-01-17 15:39:12,google/gemma-2-9b,MMLU_selected_subjects,isot_true_315,meani,0.478,28,350
2026-01-17 15:46:07,google/gemma-2-9b,MMLU_selected_subjects,isot_true_316,clean,0.514,28,631
2026-01-17 15:53:02,google/gemma-2-9b,MMLU_selected_subjects,isot_true_316,meani,0.497,28,631
2026-01-17 15:59:43,google/gemma-2-9b,MMLU_selected_subjects,isot_true_317,clean,0.464,28,485
2026-01-17 16:06:28,google/gemma-2-9b,MMLU_selected_subjects,isot_true_317,meani,0.445,28,485
2026-01-17 16:13:21,google/gemma-2-9b,MMLU_selected_subjects,isot_true_318,clean,0.487,28,650
2026-01-17 16:20:19,google/gemma-2-9b,MMLU_selected_subjects,isot_true_318,meani,0.448,28,650
2026-01-17 16:27:05,google/gemma-2-9b,MMLU_selected_subjects,isot_true_319,clean,0.465,28,422
2026-01-17 16:33:25,google/gemma-2-9b,MMLU_selected_subjects,isot_true_319,meani,0.475,28,422
2026-01-17 16:40:25,google/gemma-2-9b,MMLU_selected_subjects,isot_true_32,clean,0.473,28,726
2026-01-17 16:47:30,google/gemma-2-9b,MMLU_selected_subjects,isot_true_32,meani,0.391,28,726
2026-01-17 16:54:06,google/gemma-2-9b,MMLU_selected_subjects,isot_true_320,clean,0.496,28,544
2026-01-17 17:00:44,google/gemma-2-9b,MMLU_selected_subjects,isot_true_320,meani,0.477,28,544
2026-01-17 17:07:20,google/gemma-2-9b,MMLU_selected_subjects,isot_true_321,clean,0.45,28,532
2026-01-17 17:14:02,google/gemma-2-9b,MMLU_selected_subjects,isot_true_321,meani,0.425,28,532
2026-01-17 17:20:49,google/gemma-2-9b,MMLU_selected_subjects,isot_true_322,clean,0.497,28,601
2026-01-17 17:27:36,google/gemma-2-9b,MMLU_selected_subjects,isot_true_322,meani,0.413,28,601
2026-01-17 17:34:23,google/gemma-2-9b,MMLU_selected_subjects,isot_true_323,clean,0.523,28,629
2026-01-17 17:41:11,google/gemma-2-9b,MMLU_selected_subjects,isot_true_323,meani,0.497,28,629
2026-01-17 17:47:50,google/gemma-2-9b,MMLU_selected_subjects,isot_true_324,clean,0.457,28,414
2026-01-17 17:54:30,google/gemma-2-9b,MMLU_selected_subjects,isot_true_324,meani,0.446,28,414
2026-01-17 18:01:07,google/gemma-2-9b,MMLU_selected_subjects,isot_true_325,clean,0.483,28,378
2026-01-17 18:07:48,google/gemma-2-9b,MMLU_selected_subjects,isot_true_325,meani,0.429,28,378
2026-01-17 18:14:37,google/gemma-2-9b,MMLU_selected_subjects,isot_true_326,clean,0.517,28,615
2026-01-17 18:21:09,google/gemma-2-9b,MMLU_selected_subjects,isot_true_326,meani,0.525,28,615
2026-01-17 18:27:20,google/gemma-2-9b,MMLU_selected_subjects,isot_true_327,clean,0.492,28,271
2026-01-17 18:33:37,google/gemma-2-9b,MMLU_selected_subjects,isot_true_327,meani,0.449,28,271
2026-01-17 18:40:12,google/gemma-2-9b,MMLU_selected_subjects,isot_true_328,clean,0.533,28,476
2026-01-17 18:46:49,google/gemma-2-9b,MMLU_selected_subjects,isot_true_328,meani,0.488,28,476
2026-01-17 18:53:26,google/gemma-2-9b,MMLU_selected_subjects,isot_true_329,clean,0.374,28,493
2026-01-17 19:00:05,google/gemma-2-9b,MMLU_selected_subjects,isot_true_329,meani,0.459,28,493
2026-01-17 19:06:43,google/gemma-2-9b,MMLU_selected_subjects,isot_true_33,clean,0.453,28,533
2026-01-17 19:13:24,google/gemma-2-9b,MMLU_selected_subjects,isot_true_33,meani,0.464,28,533
2026-01-17 19:20:07,google/gemma-2-9b,MMLU_selected_subjects,isot_true_330,clean,0.505,28,535
2026-01-17 19:26:46,google/gemma-2-9b,MMLU_selected_subjects,isot_true_330,meani,0.489,28,535
2026-01-17 19:33:41,google/gemma-2-9b,MMLU_selected_subjects,isot_true_331,clean,0.508,28,756
2026-01-17 19:40:38,google/gemma-2-9b,MMLU_selected_subjects,isot_true_331,meani,0.438,28,756
2026-01-17 19:47:19,google/gemma-2-9b,MMLU_selected_subjects,isot_true_332,clean,0.505,28,349
2026-01-17 19:54:02,google/gemma-2-9b,MMLU_selected_subjects,isot_true_332,meani,0.497,28,349
2026-01-17 20:00:48,google/gemma-2-9b,MMLU_selected_subjects,isot_true_333,clean,0.464,28,475
2026-01-17 20:07:15,google/gemma-2-9b,MMLU_selected_subjects,isot_true_333,meani,0.386,28,475
2026-01-17 20:14:04,google/gemma-2-9b,MMLU_selected_subjects,isot_true_334,clean,0.477,28,722
2026-01-17 20:20:52,google/gemma-2-9b,MMLU_selected_subjects,isot_true_334,meani,0.501,28,722
2026-01-17 20:27:40,google/gemma-2-9b,MMLU_selected_subjects,isot_true_335,clean,0.516,28,717
2026-01-17 20:34:31,google/gemma-2-9b,MMLU_selected_subjects,isot_true_335,meani,0.523,28,717
2026-01-17 20:41:07,google/gemma-2-9b,MMLU_selected_subjects,isot_true_336,clean,0.518,28,528
2026-01-17 20:47:49,google/gemma-2-9b,MMLU_selected_subjects,isot_true_336,meani,0.499,28,528
2026-01-17 20:54:24,google/gemma-2-9b,MMLU_selected_subjects,isot_true_337,clean,0.509,28,458
2026-01-17 21:01:00,google/gemma-2-9b,MMLU_selected_subjects,isot_true_337,meani,0.467,28,458
2026-01-17 21:07:46,google/gemma-2-9b,MMLU_selected_subjects,isot_true_338,clean,0.498,28,504
2026-01-17 21:14:30,google/gemma-2-9b,MMLU_selected_subjects,isot_true_338,meani,0.482,28,504
2026-01-17 21:21:16,google/gemma-2-9b,MMLU_selected_subjects,isot_true_339,clean,0.477,28,544
2026-01-17 21:28:03,google/gemma-2-9b,MMLU_selected_subjects,isot_true_339,meani,0.488,28,544
2026-01-17 21:34:30,google/gemma-2-9b,MMLU_selected_subjects,isot_true_34,clean,0.489,28,304
2026-01-17 21:41:03,google/gemma-2-9b,MMLU_selected_subjects,isot_true_34,meani,0.48,28,304
2026-01-17 21:47:54,google/gemma-2-9b,MMLU_selected_subjects,isot_true_340,clean,0.517,28,549
2026-01-17 21:54:28,google/gemma-2-9b,MMLU_selected_subjects,isot_true_340,meani,0.514,28,549
2026-01-17 22:00:43,google/gemma-2-9b,MMLU_selected_subjects,isot_true_341,clean,0.466,28,279
2026-01-17 22:06:59,google/gemma-2-9b,MMLU_selected_subjects,isot_true_341,meani,0.457,28,279
2026-01-17 22:13:21,google/gemma-2-9b,MMLU_selected_subjects,isot_true_342,clean,0.514,28,303
2026-01-17 22:19:44,google/gemma-2-9b,MMLU_selected_subjects,isot_true_342,meani,0.506,28,303
2026-01-17 22:26:27,google/gemma-2-9b,MMLU_selected_subjects,isot_true_343,clean,0.5,28,552
2026-01-17 22:33:12,google/gemma-2-9b,MMLU_selected_subjects,isot_true_343,meani,0.517,28,552
2026-01-17 22:39:57,google/gemma-2-9b,MMLU_selected_subjects,isot_true_344,clean,0.522,28,559
2026-01-17 22:46:43,google/gemma-2-9b,MMLU_selected_subjects,isot_true_344,meani,0.529,28,559
2026-01-17 22:53:20,google/gemma-2-9b,MMLU_selected_subjects,isot_true_345,clean,0.508,28,416
2026-01-17 22:59:57,google/gemma-2-9b,MMLU_selected_subjects,isot_true_345,meani,0.515,28,416
2026-01-17 23:06:43,google/gemma-2-9b,MMLU_selected_subjects,isot_true_346,clean,0.472,28,522
2026-01-17 23:13:30,google/gemma-2-9b,MMLU_selected_subjects,isot_true_346,meani,0.433,28,522
2026-01-17 23:20:13,google/gemma-2-9b,MMLU_selected_subjects,isot_true_347,clean,0.413,28,405
2026-01-17 23:26:52,google/gemma-2-9b,MMLU_selected_subjects,isot_true_347,meani,0.426,28,405
2026-01-17 23:34:07,google/gemma-2-9b,MMLU_selected_subjects,isot_true_348,clean,0.414,28,736
2026-01-17 23:41:01,google/gemma-2-9b,MMLU_selected_subjects,isot_true_348,meani,0.444,28,736
2026-01-17 23:47:47,google/gemma-2-9b,MMLU_selected_subjects,isot_true_349,clean,0.438,28,628
2026-01-17 23:54:29,google/gemma-2-9b,MMLU_selected_subjects,isot_true_349,meani,0.423,28,628
2026-01-18 00:00:59,google/gemma-2-9b,MMLU_selected_subjects,isot_true_35,clean,0.518,28,429
2026-01-18 00:07:32,google/gemma-2-9b,MMLU_selected_subjects,isot_true_35,meani,0.401,28,429
2026-01-18 00:14:23,google/gemma-2-9b,MMLU_selected_subjects,isot_true_350,clean,0.527,28,781
2026-01-18 00:21:17,google/gemma-2-9b,MMLU_selected_subjects,isot_true_350,meani,0.487,28,781
2026-01-18 00:28:12,google/gemma-2-9b,MMLU_selected_subjects,isot_true_351,clean,0.5,28,767
2026-01-18 00:35:07,google/gemma-2-9b,MMLU_selected_subjects,isot_true_351,meani,0.522,28,767
2026-01-18 00:41:48,google/gemma-2-9b,MMLU_selected_subjects,isot_true_352,clean,0.515,28,531
2026-01-18 00:48:34,google/gemma-2-9b,MMLU_selected_subjects,isot_true_352,meani,0.493,28,531
2026-01-18 00:55:07,google/gemma-2-9b,MMLU_selected_subjects,isot_true_353,clean,0.543,28,379
2026-01-18 01:01:42,google/gemma-2-9b,MMLU_selected_subjects,isot_true_353,meani,0.52,28,379
2026-01-18 01:08:29,google/gemma-2-9b,MMLU_selected_subjects,isot_true_354,clean,0.514,28,527
2026-01-18 01:15:12,google/gemma-2-9b,MMLU_selected_subjects,isot_true_354,meani,0.521,28,527
2026-01-18 01:22:03,google/gemma-2-9b,MMLU_selected_subjects,isot_true_355,clean,0.469,28,567
2026-01-18 01:28:37,google/gemma-2-9b,MMLU_selected_subjects,isot_true_355,meani,0.336,28,567
2026-01-18 01:35:04,google/gemma-2-9b,MMLU_selected_subjects,isot_true_356,clean,0.466,28,497
2026-01-18 01:41:35,google/gemma-2-9b,MMLU_selected_subjects,isot_true_356,meani,0.529,28,497
2026-01-18 01:47:53,google/gemma-2-9b,MMLU_selected_subjects,isot_true_357,clean,0.495,28,294
2026-01-18 01:54:09,google/gemma-2-9b,MMLU_selected_subjects,isot_true_357,meani,0.475,28,294
2026-01-18 02:00:53,google/gemma-2-9b,MMLU_selected_subjects,isot_true_358,clean,0.502,28,611
2026-01-18 02:07:43,google/gemma-2-9b,MMLU_selected_subjects,isot_true_358,meani,0.482,28,611
2026-01-18 02:14:17,google/gemma-2-9b,MMLU_selected_subjects,isot_true_359,clean,0.44,28,427
2026-01-18 02:20:51,google/gemma-2-9b,MMLU_selected_subjects,isot_true_359,meani,0.38,28,427
2026-01-18 02:27:25,google/gemma-2-9b,MMLU_selected_subjects,isot_true_36,clean,0.497,28,426
2026-01-18 02:34:02,google/gemma-2-9b,MMLU_selected_subjects,isot_true_36,meani,0.5,28,426
2026-01-18 02:40:39,google/gemma-2-9b,MMLU_selected_subjects,isot_true_360,clean,0.506,28,383
2026-01-18 02:47:15,google/gemma-2-9b,MMLU_selected_subjects,isot_true_360,meani,0.482,28,383
2026-01-18 02:54:12,google/gemma-2-9b,MMLU_selected_subjects,isot_true_361,clean,0.485,28,576
2026-01-18 03:01:11,google/gemma-2-9b,MMLU_selected_subjects,isot_true_361,meani,0.464,28,576
2026-01-18 03:08:02,google/gemma-2-9b,MMLU_selected_subjects,isot_true_362,clean,0.483,28,450
2026-01-18 03:14:32,google/gemma-2-9b,MMLU_selected_subjects,isot_true_362,meani,0.463,28,450
2026-01-18 03:20:49,google/gemma-2-9b,MMLU_selected_subjects,isot_true_363,clean,0.516,28,334
2026-01-18 03:27:07,google/gemma-2-9b,MMLU_selected_subjects,isot_true_363,meani,0.469,28,334
2026-01-18 03:33:38,google/gemma-2-9b,MMLU_selected_subjects,isot_true_364,clean,0.493,28,490
2026-01-18 03:40:07,google/gemma-2-9b,MMLU_selected_subjects,isot_true_364,meani,0.439,28,490
2026-01-18 03:46:47,google/gemma-2-9b,MMLU_selected_subjects,isot_true_365,clean,0.475,28,606
2026-01-18 03:53:30,google/gemma-2-9b,MMLU_selected_subjects,isot_true_365,meani,0.4,28,606
2026-01-18 04:00:23,google/gemma-2-9b,MMLU_selected_subjects,isot_true_366,clean,0.341,28,703
2026-01-18 04:07:19,google/gemma-2-9b,MMLU_selected_subjects,isot_true_366,meani,0.424,28,703
2026-01-18 04:13:52,google/gemma-2-9b,MMLU_selected_subjects,isot_true_367,clean,0.508,28,407
2026-01-18 04:20:26,google/gemma-2-9b,MMLU_selected_subjects,isot_true_367,meani,0.42,28,407
2026-01-18 04:27:01,google/gemma-2-9b,MMLU_selected_subjects,isot_true_368,clean,0.528,28,391
2026-01-18 04:33:38,google/gemma-2-9b,MMLU_selected_subjects,isot_true_368,meani,0.478,28,391
2026-01-18 04:40:19,google/gemma-2-9b,MMLU_selected_subjects,isot_true_369,clean,0.489,28,460
2026-01-18 04:47:04,google/gemma-2-9b,MMLU_selected_subjects,isot_true_369,meani,0.454,28,460
2026-01-18 04:54:00,google/gemma-2-9b,MMLU_selected_subjects,isot_true_37,clean,0.526,28,623
2026-01-18 05:00:47,google/gemma-2-9b,MMLU_selected_subjects,isot_true_37,meani,0.488,28,623
2026-01-18 05:07:30,google/gemma-2-9b,MMLU_selected_subjects,isot_true_370,clean,0.507,28,716
2026-01-18 05:14:18,google/gemma-2-9b,MMLU_selected_subjects,isot_true_370,meani,0.536,28,716
2026-01-18 05:21:02,google/gemma-2-9b,MMLU_selected_subjects,isot_true_371,clean,0.491,28,621
2026-01-18 05:27:51,google/gemma-2-9b,MMLU_selected_subjects,isot_true_371,meani,0.472,28,621
2026-01-18 05:34:17,google/gemma-2-9b,MMLU_selected_subjects,isot_true_372,clean,0.472,28,309
2026-01-18 05:40:48,google/gemma-2-9b,MMLU_selected_subjects,isot_true_372,meani,0.433,28,309
2026-01-18 05:47:26,google/gemma-2-9b,MMLU_selected_subjects,isot_true_373,clean,0.505,28,569
2026-01-18 05:54:04,google/gemma-2-9b,MMLU_selected_subjects,isot_true_373,meani,0.525,28,569
2026-01-18 06:00:55,google/gemma-2-9b,MMLU_selected_subjects,isot_true_374,clean,0.39,28,611
2026-01-18 06:07:44,google/gemma-2-9b,MMLU_selected_subjects,isot_true_374,meani,0.402,28,611
2026-01-18 06:14:36,google/gemma-2-9b,MMLU_selected_subjects,isot_true_375,clean,0.524,28,634
2026-01-18 06:21:29,google/gemma-2-9b,MMLU_selected_subjects,isot_true_375,meani,0.49,28,634
2026-01-18 06:28:30,google/gemma-2-9b,MMLU_selected_subjects,isot_true_376,clean,0.53,28,594
2026-01-18 06:35:28,google/gemma-2-9b,MMLU_selected_subjects,isot_true_376,meani,0.511,28,594
2026-01-18 06:42:18,google/gemma-2-9b,MMLU_selected_subjects,isot_true_377,clean,0.441,28,367
2026-01-18 06:48:51,google/gemma-2-9b,MMLU_selected_subjects,isot_true_377,meani,0.394,28,367
2026-01-18 06:55:16,google/gemma-2-9b,MMLU_selected_subjects,isot_true_378,clean,0.516,28,403
2026-01-18 07:01:38,google/gemma-2-9b,MMLU_selected_subjects,isot_true_378,meani,0.444,28,403
2026-01-18 07:08:10,google/gemma-2-9b,MMLU_selected_subjects,isot_true_379,clean,0.439,28,496
2026-01-18 07:14:42,google/gemma-2-9b,MMLU_selected_subjects,isot_true_379,meani,0.459,28,496
2026-01-18 07:21:11,google/gemma-2-9b,MMLU_selected_subjects,isot_true_38,clean,0.508,28,478
2026-01-18 07:27:45,google/gemma-2-9b,MMLU_selected_subjects,isot_true_38,meani,0.472,28,478
2026-01-18 07:34:22,google/gemma-2-9b,MMLU_selected_subjects,isot_true_380,clean,0.486,28,504
2026-01-18 07:41:00,google/gemma-2-9b,MMLU_selected_subjects,isot_true_380,meani,0.427,28,504
2026-01-18 07:47:38,google/gemma-2-9b,MMLU_selected_subjects,isot_true_381,clean,0.445,28,512
2026-01-18 07:54:24,google/gemma-2-9b,MMLU_selected_subjects,isot_true_381,meani,0.436,28,512
2026-01-18 08:01:04,google/gemma-2-9b,MMLU_selected_subjects,isot_true_382,clean,0.502,28,484
2026-01-18 08:07:40,google/gemma-2-9b,MMLU_selected_subjects,isot_true_382,meani,0.528,28,484
2026-01-18 08:14:35,google/gemma-2-9b,MMLU_selected_subjects,isot_true_383,clean,0.508,28,686
2026-01-18 08:21:36,google/gemma-2-9b,MMLU_selected_subjects,isot_true_383,meani,0.486,28,686
2026-01-18 08:28:22,google/gemma-2-9b,MMLU_selected_subjects,isot_true_384,clean,0.448,28,512
2026-01-18 08:34:54,google/gemma-2-9b,MMLU_selected_subjects,isot_true_384,meani,0.33,28,512
2026-01-18 08:41:39,google/gemma-2-9b,MMLU_selected_subjects,isot_true_385,clean,0.518,28,744
2026-01-18 08:48:26,google/gemma-2-9b,MMLU_selected_subjects,isot_true_385,meani,0.493,28,744
2026-01-18 08:54:50,google/gemma-2-9b,MMLU_selected_subjects,isot_true_386,clean,0.524,28,407
2026-01-18 09:01:15,google/gemma-2-9b,MMLU_selected_subjects,isot_true_386,meani,0.428,28,407
2026-01-18 09:07:48,google/gemma-2-9b,MMLU_selected_subjects,isot_true_387,clean,0.51,28,494
2026-01-18 09:14:20,google/gemma-2-9b,MMLU_selected_subjects,isot_true_387,meani,0.509,28,494
2026-01-18 09:20:50,google/gemma-2-9b,MMLU_selected_subjects,isot_true_388,clean,0.504,28,428
2026-01-18 09:27:23,google/gemma-2-9b,MMLU_selected_subjects,isot_true_388,meani,0.432,28,428
2026-01-18 09:34:17,google/gemma-2-9b,MMLU_selected_subjects,isot_true_389,clean,0.507,28,633
2026-01-18 09:41:08,google/gemma-2-9b,MMLU_selected_subjects,isot_true_389,meani,0.511,28,633
2026-01-18 09:47:56,google/gemma-2-9b,MMLU_selected_subjects,isot_true_39,clean,0.457,28,586
2026-01-18 09:54:47,google/gemma-2-9b,MMLU_selected_subjects,isot_true_39,meani,0.423,28,586
2026-01-18 10:01:42,google/gemma-2-9b,MMLU_selected_subjects,isot_true_390,clean,0.468,28,593
2026-01-18 10:08:38,google/gemma-2-9b,MMLU_selected_subjects,isot_true_390,meani,0.442,28,593
2026-01-18 10:15:17,google/gemma-2-9b,MMLU_selected_subjects,isot_true_391,clean,0.451,28,455
2026-01-18 10:21:48,google/gemma-2-9b,MMLU_selected_subjects,isot_true_391,meani,0.465,28,455
2026-01-18 10:28:11,google/gemma-2-9b,MMLU_selected_subjects,isot_true_392,clean,0.507,28,399
2026-01-18 10:34:30,google/gemma-2-9b,MMLU_selected_subjects,isot_true_392,meani,0.44,28,399
2026-01-18 10:40:54,google/gemma-2-9b,MMLU_selected_subjects,isot_true_393,clean,0.502,28,416
2026-01-18 10:47:21,google/gemma-2-9b,MMLU_selected_subjects,isot_true_393,meani,0.471,28,416
2026-01-18 10:53:52,google/gemma-2-9b,MMLU_selected_subjects,isot_true_394,clean,0.503,28,489
2026-01-18 11:00:26,google/gemma-2-9b,MMLU_selected_subjects,isot_true_394,meani,0.494,28,489
2026-01-18 11:06:49,google/gemma-2-9b,MMLU_selected_subjects,isot_true_395,clean,0.497,28,274
2026-01-18 11:13:16,google/gemma-2-9b,MMLU_selected_subjects,isot_true_395,meani,0.378,28,274
2026-01-18 11:20:02,google/gemma-2-9b,MMLU_selected_subjects,isot_true_396,clean,0.493,28,599
2026-01-18 11:26:51,google/gemma-2-9b,MMLU_selected_subjects,isot_true_396,meani,0.368,28,599
2026-01-18 11:33:28,google/gemma-2-9b,MMLU_selected_subjects,isot_true_397,clean,0.46,28,461
2026-01-18 11:40:05,google/gemma-2-9b,MMLU_selected_subjects,isot_true_397,meani,0.454,28,461
2026-01-18 11:46:41,google/gemma-2-9b,MMLU_selected_subjects,isot_true_398,clean,0.51,28,332
2026-01-18 11:53:21,google/gemma-2-9b,MMLU_selected_subjects,isot_true_398,meani,0.465,28,332
2026-01-18 12:00:08,google/gemma-2-9b,MMLU_selected_subjects,isot_true_399,clean,0.452,28,467
2026-01-18 12:06:53,google/gemma-2-9b,MMLU_selected_subjects,isot_true_399,meani,0.411,28,467
2026-01-18 12:13:27,google/gemma-2-9b,MMLU_selected_subjects,isot_true_4,clean,0.478,28,581
2026-01-18 12:20:09,google/gemma-2-9b,MMLU_selected_subjects,isot_true_4,meani,0.376,28,581
2026-01-18 12:26:44,google/gemma-2-9b,MMLU_selected_subjects,isot_true_40,clean,0.505,28,381
2026-01-18 12:33:27,google/gemma-2-9b,MMLU_selected_subjects,isot_true_40,meani,0.514,28,381
2026-01-18 12:40:10,google/gemma-2-9b,MMLU_selected_subjects,isot_true_400,clean,0.531,28,376
2026-01-18 12:46:56,google/gemma-2-9b,MMLU_selected_subjects,isot_true_400,meani,0.512,28,376
2026-01-18 12:53:36,google/gemma-2-9b,MMLU_selected_subjects,isot_true_401,clean,0.494,28,303
2026-01-18 13:00:18,google/gemma-2-9b,MMLU_selected_subjects,isot_true_401,meani,0.367,28,303
2026-01-18 13:07:03,google/gemma-2-9b,MMLU_selected_subjects,isot_true_402,clean,0.499,28,465
2026-01-18 13:13:48,google/gemma-2-9b,MMLU_selected_subjects,isot_true_402,meani,0.514,28,465
2026-01-18 13:20:36,google/gemma-2-9b,MMLU_selected_subjects,isot_true_403,clean,0.481,28,539
2026-01-18 13:27:30,google/gemma-2-9b,MMLU_selected_subjects,isot_true_403,meani,0.429,28,539
2026-01-18 13:34:30,google/gemma-2-9b,MMLU_selected_subjects,isot_true_404,clean,0.496,28,588
2026-01-18 13:41:30,google/gemma-2-9b,MMLU_selected_subjects,isot_true_404,meani,0.471,28,588
2026-01-18 13:48:24,google/gemma-2-9b,MMLU_selected_subjects,isot_true_405,clean,0.449,28,475
2026-01-18 13:55:05,google/gemma-2-9b,MMLU_selected_subjects,isot_true_405,meani,0.463,28,475
2026-01-18 14:01:55,google/gemma-2-9b,MMLU_selected_subjects,isot_true_406,clean,0.53,28,778
2026-01-18 14:08:47,google/gemma-2-9b,MMLU_selected_subjects,isot_true_406,meani,0.499,28,778
2026-01-18 14:15:19,google/gemma-2-9b,MMLU_selected_subjects,isot_true_407,clean,0.495,28,520
2026-01-18 14:21:49,google/gemma-2-9b,MMLU_selected_subjects,isot_true_407,meani,0.505,28,520
2026-01-18 14:28:18,google/gemma-2-9b,MMLU_selected_subjects,isot_true_408,clean,0.518,28,401
2026-01-18 14:34:53,google/gemma-2-9b,MMLU_selected_subjects,isot_true_408,meani,0.517,28,401
2026-01-18 14:41:37,google/gemma-2-9b,MMLU_selected_subjects,isot_true_409,clean,0.513,28,547
2026-01-18 14:48:20,google/gemma-2-9b,MMLU_selected_subjects,isot_true_409,meani,0.539,28,547
2026-01-18 14:55:10,google/gemma-2-9b,MMLU_selected_subjects,isot_true_41,clean,0.471,28,571
2026-01-18 15:02:04,google/gemma-2-9b,MMLU_selected_subjects,isot_true_41,meani,0.417,28,571
2026-01-18 15:08:36,google/gemma-2-9b,MMLU_selected_subjects,isot_true_410,clean,0.525,28,370
2026-01-18 15:15:04,google/gemma-2-9b,MMLU_selected_subjects,isot_true_410,meani,0.521,28,370
2026-01-18 15:21:45,google/gemma-2-9b,MMLU_selected_subjects,isot_true_411,clean,0.446,28,463
2026-01-18 15:28:28,google/gemma-2-9b,MMLU_selected_subjects,isot_true_411,meani,0.185,28,463
2026-01-18 15:35:07,google/gemma-2-9b,MMLU_selected_subjects,isot_true_412,clean,0.428,28,514
2026-01-18 15:41:33,google/gemma-2-9b,MMLU_selected_subjects,isot_true_412,meani,0.483,28,514
2026-01-18 15:47:50,google/gemma-2-9b,MMLU_selected_subjects,isot_true_413,clean,0.523,28,563
2026-01-18 15:54:07,google/gemma-2-9b,MMLU_selected_subjects,isot_true_413,meani,0.495,28,563
2026-01-18 16:00:19,google/gemma-2-9b,MMLU_selected_subjects,isot_true_414,clean,0.491,28,414
2026-01-18 16:06:31,google/gemma-2-9b,MMLU_selected_subjects,isot_true_414,meani,0.442,28,414
2026-01-18 16:12:39,google/gemma-2-9b,MMLU_selected_subjects,isot_true_415,clean,0.495,28,351
2026-01-18 16:18:46,google/gemma-2-9b,MMLU_selected_subjects,isot_true_415,meani,0.488,28,351
2026-01-18 16:25:06,google/gemma-2-9b,MMLU_selected_subjects,isot_true_416,clean,0.468,28,480
2026-01-18 16:31:26,google/gemma-2-9b,MMLU_selected_subjects,isot_true_416,meani,0.413,28,480
2026-01-18 16:37:37,google/gemma-2-9b,MMLU_selected_subjects,isot_true_417,clean,0.471,28,465
2026-01-18 16:43:48,google/gemma-2-9b,MMLU_selected_subjects,isot_true_417,meani,0.422,28,465
2026-01-18 16:49:57,google/gemma-2-9b,MMLU_selected_subjects,isot_true_418,clean,0.466,28,413
2026-01-18 16:56:07,google/gemma-2-9b,MMLU_selected_subjects,isot_true_418,meani,0.456,28,413
2026-01-18 17:02:44,google/gemma-2-9b,MMLU_selected_subjects,isot_true_419,clean,0.53,28,623
2026-01-18 17:09:16,google/gemma-2-9b,MMLU_selected_subjects,isot_true_419,meani,0.505,28,623
2026-01-18 17:15:25,google/gemma-2-9b,MMLU_selected_subjects,isot_true_42,clean,0.529,28,360
2026-01-18 17:21:34,google/gemma-2-9b,MMLU_selected_subjects,isot_true_42,meani,0.492,28,360
2026-01-18 17:27:46,google/gemma-2-9b,MMLU_selected_subjects,isot_true_420,clean,0.51,28,387
2026-01-18 17:33:57,google/gemma-2-9b,MMLU_selected_subjects,isot_true_420,meani,0.522,28,387
2026-01-18 17:40:10,google/gemma-2-9b,MMLU_selected_subjects,isot_true_421,clean,0.485,28,330
2026-01-18 17:46:23,google/gemma-2-9b,MMLU_selected_subjects,isot_true_421,meani,0.412,28,330
2026-01-18 17:52:38,google/gemma-2-9b,MMLU_selected_subjects,isot_true_422,clean,0.473,28,471
2026-01-18 17:58:54,google/gemma-2-9b,MMLU_selected_subjects,isot_true_422,meani,0.451,28,471
2026-01-18 18:05:23,google/gemma-2-9b,MMLU_selected_subjects,isot_true_423,clean,0.521,28,641
2026-01-18 18:11:51,google/gemma-2-9b,MMLU_selected_subjects,isot_true_423,meani,0.546,28,641
2026-01-18 18:18:13,google/gemma-2-9b,MMLU_selected_subjects,isot_true_424,clean,0.519,28,510
2026-01-18 18:24:35,google/gemma-2-9b,MMLU_selected_subjects,isot_true_424,meani,0.477,28,510
2026-01-18 18:31:13,google/gemma-2-9b,MMLU_selected_subjects,isot_true_425,clean,0.506,28,799
2026-01-18 18:37:50,google/gemma-2-9b,MMLU_selected_subjects,isot_true_425,meani,0.433,28,799
2026-01-18 18:44:19,google/gemma-2-9b,MMLU_selected_subjects,isot_true_426,clean,0.508,28,611
2026-01-18 18:50:50,google/gemma-2-9b,MMLU_selected_subjects,isot_true_426,meani,0.502,28,611
2026-01-18 18:56:59,google/gemma-2-9b,MMLU_selected_subjects,isot_true_427,clean,0.484,28,385
2026-01-18 19:03:08,google/gemma-2-9b,MMLU_selected_subjects,isot_true_427,meani,0.439,28,385
2026-01-18 19:09:31,google/gemma-2-9b,MMLU_selected_subjects,isot_true_428,clean,0.432,28,582
2026-01-18 19:15:53,google/gemma-2-9b,MMLU_selected_subjects,isot_true_428,meani,0.492,28,582
2026-01-18 19:21:52,google/gemma-2-9b,MMLU_selected_subjects,isot_true_429,clean,0.48,28,234
2026-01-18 19:27:51,google/gemma-2-9b,MMLU_selected_subjects,isot_true_429,meani,0.424,28,234
2026-01-18 19:34:24,google/gemma-2-9b,MMLU_selected_subjects,isot_true_43,clean,0.521,28,649
2026-01-18 19:40:57,google/gemma-2-9b,MMLU_selected_subjects,isot_true_43,meani,0.513,28,649
2026-01-18 19:47:21,google/gemma-2-9b,MMLU_selected_subjects,isot_true_430,clean,0.482,28,569
2026-01-18 19:53:45,google/gemma-2-9b,MMLU_selected_subjects,isot_true_430,meani,0.478,28,569
2026-01-18 19:59:59,google/gemma-2-9b,MMLU_selected_subjects,isot_true_431,clean,0.497,28,359
2026-01-18 20:06:08,google/gemma-2-9b,MMLU_selected_subjects,isot_true_431,meani,0.384,28,359
2026-01-18 20:12:38,google/gemma-2-9b,MMLU_selected_subjects,isot_true_432,clean,0.496,28,647
2026-01-18 20:19:08,google/gemma-2-9b,MMLU_selected_subjects,isot_true_432,meani,0.361,28,647
2026-01-18 20:25:48,google/gemma-2-9b,MMLU_selected_subjects,isot_true_433,clean,0.522,28,771
2026-01-18 20:32:27,google/gemma-2-9b,MMLU_selected_subjects,isot_true_433,meani,0.514,28,771
2026-01-18 20:39:09,google/gemma-2-9b,MMLU_selected_subjects,isot_true_434,clean,0.51,28,744
2026-01-18 20:45:49,google/gemma-2-9b,MMLU_selected_subjects,isot_true_434,meani,0.524,28,744
2026-01-18 20:51:54,google/gemma-2-9b,MMLU_selected_subjects,isot_true_435,clean,0.407,28,274
2026-01-18 20:57:58,google/gemma-2-9b,MMLU_selected_subjects,isot_true_435,meani,0.41,28,274
2026-01-18 21:04:18,google/gemma-2-9b,MMLU_selected_subjects,isot_true_436,clean,0.536,28,507
2026-01-18 21:10:38,google/gemma-2-9b,MMLU_selected_subjects,isot_true_436,meani,0.542,28,507
2026-01-18 21:17:10,google/gemma-2-9b,MMLU_selected_subjects,isot_true_437,clean,0.475,28,598
2026-01-18 21:23:41,google/gemma-2-9b,MMLU_selected_subjects,isot_true_437,meani,0.472,28,598
2026-01-18 21:30:11,google/gemma-2-9b,MMLU_selected_subjects,isot_true_438,clean,0.489,28,654
2026-01-18 21:36:40,google/gemma-2-9b,MMLU_selected_subjects,isot_true_438,meani,0.5,28,654
2026-01-18 21:43:14,google/gemma-2-9b,MMLU_selected_subjects,isot_true_439,clean,0.498,28,656
2026-01-18 21:49:49,google/gemma-2-9b,MMLU_selected_subjects,isot_true_439,meani,0.491,28,656
2026-01-18 21:56:03,google/gemma-2-9b,MMLU_selected_subjects,isot_true_44,clean,0.467,28,422
2026-01-18 22:02:18,google/gemma-2-9b,MMLU_selected_subjects,isot_true_44,meani,0.489,28,422
2026-01-18 22:08:30,google/gemma-2-9b,MMLU_selected_subjects,isot_true_440,clean,0.446,28,410
2026-01-18 22:14:43,google/gemma-2-9b,MMLU_selected_subjects,isot_true_440,meani,0.45,28,410
2026-01-18 22:21:17,google/gemma-2-9b,MMLU_selected_subjects,isot_true_441,clean,0.438,28,761
2026-01-18 22:27:50,google/gemma-2-9b,MMLU_selected_subjects,isot_true_441,meani,0.494,28,761
2026-01-18 22:34:12,google/gemma-2-9b,MMLU_selected_subjects,isot_true_442,clean,0.532,28,586
2026-01-18 22:40:35,google/gemma-2-9b,MMLU_selected_subjects,isot_true_442,meani,0.443,28,586
2026-01-18 22:46:39,google/gemma-2-9b,MMLU_selected_subjects,isot_true_443,clean,0.509,28,267
2026-01-18 22:52:43,google/gemma-2-9b,MMLU_selected_subjects,isot_true_443,meani,0.489,28,267
2026-01-18 22:58:53,google/gemma-2-9b,MMLU_selected_subjects,isot_true_444,clean,0.489,28,356
2026-01-18 23:05:04,google/gemma-2-9b,MMLU_selected_subjects,isot_true_444,meani,0.449,28,356
2026-01-18 23:11:36,google/gemma-2-9b,MMLU_selected_subjects,isot_true_445,clean,0.478,28,677
2026-01-18 23:18:08,google/gemma-2-9b,MMLU_selected_subjects,isot_true_445,meani,0.523,28,677
2026-01-18 23:24:20,google/gemma-2-9b,MMLU_selected_subjects,isot_true_446,clean,0.503,28,389
2026-01-18 23:30:32,google/gemma-2-9b,MMLU_selected_subjects,isot_true_446,meani,0.39,28,389
2026-01-18 23:37:00,google/gemma-2-9b,MMLU_selected_subjects,isot_true_447,clean,0.503,28,634
2026-01-18 23:43:29,google/gemma-2-9b,MMLU_selected_subjects,isot_true_447,meani,0.445,28,634
2026-01-18 23:49:45,google/gemma-2-9b,MMLU_selected_subjects,isot_true_448,clean,0.51,28,446
2026-01-18 23:56:01,google/gemma-2-9b,MMLU_selected_subjects,isot_true_448,meani,0.468,28,446
2026-01-19 00:02:17,google/gemma-2-9b,MMLU_selected_subjects,isot_true_449,clean,0.471,28,471
2026-01-19 00:08:34,google/gemma-2-9b,MMLU_selected_subjects,isot_true_449,meani,0.512,28,471
2026-01-19 00:15:11,google/gemma-2-9b,MMLU_selected_subjects,isot_true_45,clean,0.429,28,777
2026-01-19 00:21:49,google/gemma-2-9b,MMLU_selected_subjects,isot_true_45,meani,0.528,28,777
2026-01-19 00:27:51,google/gemma-2-9b,MMLU_selected_subjects,isot_true_450,clean,0.482,28,260
2026-01-19 00:33:54,google/gemma-2-9b,MMLU_selected_subjects,isot_true_450,meani,0.242,28,260
2026-01-19 00:40:02,google/gemma-2-9b,MMLU_selected_subjects,isot_true_451,clean,0.499,28,345
2026-01-19 00:46:10,google/gemma-2-9b,MMLU_selected_subjects,isot_true_451,meani,0.474,28,345
2026-01-19 00:52:36,google/gemma-2-9b,MMLU_selected_subjects,isot_true_452,clean,0.537,28,606
2026-01-19 00:59:01,google/gemma-2-9b,MMLU_selected_subjects,isot_true_452,meani,0.483,28,606
2026-01-19 01:05:30,google/gemma-2-9b,MMLU_selected_subjects,isot_true_453,clean,0.468,28,587
2026-01-19 01:11:57,google/gemma-2-9b,MMLU_selected_subjects,isot_true_453,meani,0.499,28,587
2026-01-19 01:18:29,google/gemma-2-9b,MMLU_selected_subjects,isot_true_454,clean,0.451,28,682
2026-01-19 01:25:01,google/gemma-2-9b,MMLU_selected_subjects,isot_true_454,meani,0.473,28,682
2026-01-19 01:31:15,google/gemma-2-9b,MMLU_selected_subjects,isot_true_455,clean,0.507,28,451
2026-01-19 01:37:29,google/gemma-2-9b,MMLU_selected_subjects,isot_true_455,meani,0.466,28,451
2026-01-19 01:43:59,google/gemma-2-9b,MMLU_selected_subjects,isot_true_456,clean,0.472,28,628
2026-01-19 01:50:29,google/gemma-2-9b,MMLU_selected_subjects,isot_true_456,meani,0.42,28,628
2026-01-19 01:56:51,google/gemma-2-9b,MMLU_selected_subjects,isot_true_457,clean,0.516,28,594
2026-01-19 02:03:12,google/gemma-2-9b,MMLU_selected_subjects,isot_true_457,meani,0.485,28,594
2026-01-19 02:09:34,google/gemma-2-9b,MMLU_selected_subjects,isot_true_458,clean,0.522,28,564
2026-01-19 02:15:57,google/gemma-2-9b,MMLU_selected_subjects,isot_true_458,meani,0.51,28,564
2026-01-19 02:22:28,google/gemma-2-9b,MMLU_selected_subjects,isot_true_459,clean,0.483,28,734
2026-01-19 02:28:58,google/gemma-2-9b,MMLU_selected_subjects,isot_true_459,meani,0.451,28,734
2026-01-19 02:34:59,google/gemma-2-9b,MMLU_selected_subjects,isot_true_46,clean,0.501,28,200
2026-01-19 02:40:59,google/gemma-2-9b,MMLU_selected_subjects,isot_true_46,meani,0.457,28,200
2026-01-19 02:47:37,google/gemma-2-9b,MMLU_selected_subjects,isot_true_460,clean,0.493,28,761
2026-01-19 02:54:16,google/gemma-2-9b,MMLU_selected_subjects,isot_true_460,meani,0.466,28,761
2026-01-19 03:00:34,google/gemma-2-9b,MMLU_selected_subjects,isot_true_461,clean,0.49,28,492
2026-01-19 03:06:52,google/gemma-2-9b,MMLU_selected_subjects,isot_true_461,meani,0.495,28,492
2026-01-19 03:13:20,google/gemma-2-9b,MMLU_selected_subjects,isot_true_462,clean,0.547,28,652
2026-01-19 03:19:48,google/gemma-2-9b,MMLU_selected_subjects,isot_true_462,meani,0.522,28,652
2026-01-19 03:26:08,google/gemma-2-9b,MMLU_selected_subjects,isot_true_463,clean,0.498,28,571
2026-01-19 03:32:27,google/gemma-2-9b,MMLU_selected_subjects,isot_true_463,meani,0.475,28,571
2026-01-19 03:38:48,google/gemma-2-9b,MMLU_selected_subjects,isot_true_464,clean,0.486,28,540
2026-01-19 03:45:10,google/gemma-2-9b,MMLU_selected_subjects,isot_true_464,meani,0.438,28,540
2026-01-19 03:51:41,google/gemma-2-9b,MMLU_selected_subjects,isot_true_465,clean,0.511,28,683
2026-01-19 03:58:12,google/gemma-2-9b,MMLU_selected_subjects,isot_true_465,meani,0.467,28,683
2026-01-19 04:04:43,google/gemma-2-9b,MMLU_selected_subjects,isot_true_466,clean,0.346,28,665
2026-01-19 04:11:14,google/gemma-2-9b,MMLU_selected_subjects,isot_true_466,meani,0.418,28,665
2026-01-19 04:17:38,google/gemma-2-9b,MMLU_selected_subjects,isot_true_467,clean,0.508,28,551
2026-01-19 04:24:01,google/gemma-2-9b,MMLU_selected_subjects,isot_true_467,meani,0.389,28,551
2026-01-19 04:30:29,google/gemma-2-9b,MMLU_selected_subjects,isot_true_468,clean,0.469,28,573
2026-01-19 04:36:58,google/gemma-2-9b,MMLU_selected_subjects,isot_true_468,meani,0.436,28,573
2026-01-19 04:43:28,google/gemma-2-9b,MMLU_selected_subjects,isot_true_469,clean,0.51,28,691
2026-01-19 04:49:58,google/gemma-2-9b,MMLU_selected_subjects,isot_true_469,meani,0.455,28,691
2026-01-19 04:56:13,google/gemma-2-9b,MMLU_selected_subjects,isot_true_47,clean,0.444,28,445
2026-01-19 05:02:28,google/gemma-2-9b,MMLU_selected_subjects,isot_true_47,meani,0.474,28,445
2026-01-19 05:08:44,google/gemma-2-9b,MMLU_selected_subjects,isot_true_470,clean,0.488,28,455
2026-01-19 05:15:00,google/gemma-2-9b,MMLU_selected_subjects,isot_true_470,meani,0.45,28,455
2026-01-19 05:21:23,google/gemma-2-9b,MMLU_selected_subjects,isot_true_471,clean,0.495,28,535
2026-01-19 05:27:46,google/gemma-2-9b,MMLU_selected_subjects,isot_true_471,meani,0.456,28,535
2026-01-19 05:34:24,google/gemma-2-9b,MMLU_selected_subjects,isot_true_472,clean,0.518,28,732
2026-01-19 05:41:01,google/gemma-2-9b,MMLU_selected_subjects,isot_true_472,meani,0.438,28,732
2026-01-19 05:47:17,google/gemma-2-9b,MMLU_selected_subjects,isot_true_473,clean,0.474,28,394
2026-01-19 05:53:33,google/gemma-2-9b,MMLU_selected_subjects,isot_true_473,meani,0.413,28,394
2026-01-19 05:59:46,google/gemma-2-9b,MMLU_selected_subjects,isot_true_474,clean,0.496,28,408
2026-01-19 06:05:59,google/gemma-2-9b,MMLU_selected_subjects,isot_true_474,meani,0.448,28,408
2026-01-19 06:12:19,google/gemma-2-9b,MMLU_selected_subjects,isot_true_475,clean,0.497,28,568
2026-01-19 06:18:40,google/gemma-2-9b,MMLU_selected_subjects,isot_true_475,meani,0.506,28,568
2026-01-19 06:25:09,google/gemma-2-9b,MMLU_selected_subjects,isot_true_476,clean,0.476,28,573
2026-01-19 06:31:38,google/gemma-2-9b,MMLU_selected_subjects,isot_true_476,meani,0.402,28,573
2026-01-19 06:38:02,google/gemma-2-9b,MMLU_selected_subjects,isot_true_477,clean,0.495,28,479
2026-01-19 06:44:26,google/gemma-2-9b,MMLU_selected_subjects,isot_true_477,meani,0.472,28,479
2026-01-19 06:51:04,google/gemma-2-9b,MMLU_selected_subjects,isot_true_478,clean,0.503,28,741
2026-01-19 06:57:42,google/gemma-2-9b,MMLU_selected_subjects,isot_true_478,meani,0.501,28,741
2026-01-19 07:04:12,google/gemma-2-9b,MMLU_selected_subjects,isot_true_479,clean,0.483,28,668
2026-01-19 07:10:42,google/gemma-2-9b,MMLU_selected_subjects,isot_true_479,meani,0.472,28,668
2026-01-19 07:17:24,google/gemma-2-9b,MMLU_selected_subjects,isot_true_48,clean,0.53,28,797
2026-01-19 07:24:05,google/gemma-2-9b,MMLU_selected_subjects,isot_true_48,meani,0.527,28,797
2026-01-19 07:30:13,google/gemma-2-9b,MMLU_selected_subjects,isot_true_480,clean,0.448,28,327
2026-01-19 07:36:21,google/gemma-2-9b,MMLU_selected_subjects,isot_true_480,meani,0.424,28,327
2026-01-19 07:42:36,google/gemma-2-9b,MMLU_selected_subjects,isot_true_481,clean,0.516,28,447
2026-01-19 07:48:50,google/gemma-2-9b,MMLU_selected_subjects,isot_true_481,meani,0.475,28,447
2026-01-19 07:55:18,google/gemma-2-9b,MMLU_selected_subjects,isot_true_482,clean,0.51,28,647
2026-01-19 08:01:45,google/gemma-2-9b,MMLU_selected_subjects,isot_true_482,meani,0.511,28,647
2026-01-19 08:08:03,google/gemma-2-9b,MMLU_selected_subjects,isot_true_483,clean,0.491,28,568
2026-01-19 08:14:24,google/gemma-2-9b,MMLU_selected_subjects,isot_true_483,meani,0.428,28,568
2026-01-19 08:21:00,google/gemma-2-9b,MMLU_selected_subjects,isot_true_484,clean,0.536,28,779
2026-01-19 08:27:35,google/gemma-2-9b,MMLU_selected_subjects,isot_true_484,meani,0.5,28,779
2026-01-19 08:33:49,google/gemma-2-9b,MMLU_selected_subjects,isot_true_485,clean,0.387,28,449
2026-01-19 08:39:59,google/gemma-2-9b,MMLU_selected_subjects,isot_true_485,meani,0.357,28,449
2026-01-19 08:46:19,google/gemma-2-9b,MMLU_selected_subjects,isot_true_486,clean,0.514,28,497
2026-01-19 08:52:40,google/gemma-2-9b,MMLU_selected_subjects,isot_true_486,meani,0.48,28,497
2026-01-19 08:59:01,google/gemma-2-9b,MMLU_selected_subjects,isot_true_487,clean,0.481,28,448
2026-01-19 09:05:21,google/gemma-2-9b,MMLU_selected_subjects,isot_true_487,meani,0.426,28,448
2026-01-19 09:11:55,google/gemma-2-9b,MMLU_selected_subjects,isot_true_488,clean,0.481,28,715
2026-01-19 09:18:29,google/gemma-2-9b,MMLU_selected_subjects,isot_true_488,meani,0.389,28,715
2026-01-19 09:24:46,google/gemma-2-9b,MMLU_selected_subjects,isot_true_489,clean,0.51,28,450
2026-01-19 09:31:03,google/gemma-2-9b,MMLU_selected_subjects,isot_true_489,meani,0.5,28,450
2026-01-19 09:37:43,google/gemma-2-9b,MMLU_selected_subjects,isot_true_49,clean,0.496,28,709
2026-01-19 09:44:22,google/gemma-2-9b,MMLU_selected_subjects,isot_true_49,meani,0.466,28,709
2026-01-19 09:50:42,google/gemma-2-9b,MMLU_selected_subjects,isot_true_490,clean,0.479,28,543
2026-01-19 09:57:06,google/gemma-2-9b,MMLU_selected_subjects,isot_true_490,meani,0.492,28,543
2026-01-19 10:03:28,google/gemma-2-9b,MMLU_selected_subjects,isot_true_491,clean,0.439,28,450
2026-01-19 10:09:47,google/gemma-2-9b,MMLU_selected_subjects,isot_true_491,meani,0.413,28,450
2026-01-19 10:16:13,google/gemma-2-9b,MMLU_selected_subjects,isot_true_492,clean,0.446,28,542
2026-01-19 10:22:45,google/gemma-2-9b,MMLU_selected_subjects,isot_true_492,meani,0.458,28,542
2026-01-19 10:29:13,google/gemma-2-9b,MMLU_selected_subjects,isot_true_493,clean,0.516,28,546
2026-01-19 10:35:45,google/gemma-2-9b,MMLU_selected_subjects,isot_true_493,meani,0.468,28,546
2026-01-19 10:42:13,google/gemma-2-9b,MMLU_selected_subjects,isot_true_494,clean,0.486,28,382
2026-01-19 10:48:44,google/gemma-2-9b,MMLU_selected_subjects,isot_true_494,meani,0.487,28,382
2026-01-19 10:55:16,google/gemma-2-9b,MMLU_selected_subjects,isot_true_495,clean,0.539,28,367
2026-01-19 11:01:44,google/gemma-2-9b,MMLU_selected_subjects,isot_true_495,meani,0.5,28,367
2026-01-19 11:08:25,google/gemma-2-9b,MMLU_selected_subjects,isot_true_496,clean,0.477,28,494
2026-01-19 11:15:04,google/gemma-2-9b,MMLU_selected_subjects,isot_true_496,meani,0.422,28,494
2026-01-19 11:21:26,google/gemma-2-9b,MMLU_selected_subjects,isot_true_497,clean,0.453,28,317
2026-01-19 11:27:50,google/gemma-2-9b,MMLU_selected_subjects,isot_true_497,meani,0.337,28,317
2026-01-19 11:34:18,google/gemma-2-9b,MMLU_selected_subjects,isot_true_498,clean,0.492,28,404
2026-01-19 11:40:44,google/gemma-2-9b,MMLU_selected_subjects,isot_true_498,meani,0.503,28,404
2026-01-19 11:47:31,google/gemma-2-9b,MMLU_selected_subjects,isot_true_499,clean,0.43,28,730
2026-01-19 11:54:21,google/gemma-2-9b,MMLU_selected_subjects,isot_true_499,meani,0.404,28,730
2026-01-19 12:01:12,google/gemma-2-9b,MMLU_selected_subjects,isot_true_5,clean,0.453,28,666
2026-01-19 12:08:00,google/gemma-2-9b,MMLU_selected_subjects,isot_true_5,meani,0.425,28,666
2026-01-19 12:14:36,google/gemma-2-9b,MMLU_selected_subjects,isot_true_50,clean,0.48,28,446
2026-01-19 12:21:10,google/gemma-2-9b,MMLU_selected_subjects,isot_true_50,meani,0.507,28,446
2026-01-19 12:28:11,google/gemma-2-9b,MMLU_selected_subjects,isot_true_500,clean,0.501,28,766
2026-01-19 12:35:13,google/gemma-2-9b,MMLU_selected_subjects,isot_true_500,meani,0.52,28,766
2026-01-19 12:41:44,google/gemma-2-9b,MMLU_selected_subjects,isot_true_501,clean,0.521,28,343
2026-01-19 12:48:17,google/gemma-2-9b,MMLU_selected_subjects,isot_true_501,meani,0.511,28,343
2026-01-19 12:55:11,google/gemma-2-9b,MMLU_selected_subjects,isot_true_502,clean,0.422,28,634
2026-01-19 13:02:13,google/gemma-2-9b,MMLU_selected_subjects,isot_true_502,meani,0.442,28,634
2026-01-19 13:09:10,google/gemma-2-9b,MMLU_selected_subjects,isot_true_503,clean,0.459,28,541
2026-01-19 13:16:03,google/gemma-2-9b,MMLU_selected_subjects,isot_true_503,meani,0.465,28,541
2026-01-19 13:22:37,google/gemma-2-9b,MMLU_selected_subjects,isot_true_504,clean,0.487,28,352
2026-01-19 13:29:18,google/gemma-2-9b,MMLU_selected_subjects,isot_true_504,meani,0.365,28,352
2026-01-19 13:35:41,google/gemma-2-9b,MMLU_selected_subjects,isot_true_505,clean,0.456,28,421
2026-01-19 13:41:53,google/gemma-2-9b,MMLU_selected_subjects,isot_true_505,meani,0.496,28,421
2026-01-19 13:48:08,google/gemma-2-9b,MMLU_selected_subjects,isot_true_506,clean,0.443,28,423
2026-01-19 13:54:26,google/gemma-2-9b,MMLU_selected_subjects,isot_true_506,meani,0.403,28,423
2026-01-19 14:00:52,google/gemma-2-9b,MMLU_selected_subjects,isot_true_507,clean,0.441,28,597
2026-01-19 14:07:16,google/gemma-2-9b,MMLU_selected_subjects,isot_true_507,meani,0.41,28,597
2026-01-19 14:13:55,google/gemma-2-9b,MMLU_selected_subjects,isot_true_508,clean,0.415,28,737
2026-01-19 14:20:37,google/gemma-2-9b,MMLU_selected_subjects,isot_true_508,meani,0.49,28,737
2026-01-19 14:27:14,google/gemma-2-9b,MMLU_selected_subjects,isot_true_509,clean,0.508,28,725
2026-01-19 14:33:48,google/gemma-2-9b,MMLU_selected_subjects,isot_true_509,meani,0.454,28,725
2026-01-19 14:40:15,google/gemma-2-9b,MMLU_selected_subjects,isot_true_51,clean,0.491,28,615
2026-01-19 14:46:47,google/gemma-2-9b,MMLU_selected_subjects,isot_true_51,meani,0.445,28,615
2026-01-19 14:53:17,google/gemma-2-9b,MMLU_selected_subjects,isot_true_510,clean,0.472,28,599
2026-01-19 14:59:47,google/gemma-2-9b,MMLU_selected_subjects,isot_true_510,meani,0.417,28,599
2026-01-19 15:06:11,google/gemma-2-9b,MMLU_selected_subjects,isot_true_511,clean,0.483,28,500
2026-01-19 15:12:32,google/gemma-2-9b,MMLU_selected_subjects,isot_true_511,meani,0.468,28,500
2026-01-19 15:18:58,google/gemma-2-9b,MMLU_selected_subjects,isot_true_512,clean,0.445,28,573
2026-01-19 15:25:30,google/gemma-2-9b,MMLU_selected_subjects,isot_true_512,meani,0.46,28,573
2026-01-19 15:31:49,google/gemma-2-9b,MMLU_selected_subjects,isot_true_513,clean,0.496,28,462
2026-01-19 15:38:09,google/gemma-2-9b,MMLU_selected_subjects,isot_true_513,meani,0.479,28,462
2026-01-19 15:44:30,google/gemma-2-9b,MMLU_selected_subjects,isot_true_514,clean,0.518,28,372
2026-01-19 15:50:49,google/gemma-2-9b,MMLU_selected_subjects,isot_true_514,meani,0.46,28,372
2026-01-19 15:56:59,google/gemma-2-9b,MMLU_selected_subjects,isot_true_515,clean,0.529,28,226
2026-01-19 16:03:15,google/gemma-2-9b,MMLU_selected_subjects,isot_true_515,meani,0.488,28,226
2026-01-19 16:09:44,google/gemma-2-9b,MMLU_selected_subjects,isot_true_516,clean,0.465,28,405
2026-01-19 16:16:10,google/gemma-2-9b,MMLU_selected_subjects,isot_true_516,meani,0.492,28,405
2026-01-19 16:22:31,google/gemma-2-9b,MMLU_selected_subjects,isot_true_517,clean,0.497,28,436
2026-01-19 16:28:48,google/gemma-2-9b,MMLU_selected_subjects,isot_true_517,meani,0.509,28,436
2026-01-19 16:34:57,google/gemma-2-9b,MMLU_selected_subjects,isot_true_518,clean,0.477,28,267
2026-01-19 16:41:08,google/gemma-2-9b,MMLU_selected_subjects,isot_true_518,meani,0.494,28,267
2026-01-19 16:47:40,google/gemma-2-9b,MMLU_selected_subjects,isot_true_519,clean,0.53,28,514
2026-01-19 16:54:10,google/gemma-2-9b,MMLU_selected_subjects,isot_true_519,meani,0.429,28,514
2026-01-19 17:00:32,google/gemma-2-9b,MMLU_selected_subjects,isot_true_52,clean,0.49,28,473
2026-01-19 17:06:52,google/gemma-2-9b,MMLU_selected_subjects,isot_true_52,meani,0.417,28,473
2026-01-19 17:13:12,google/gemma-2-9b,MMLU_selected_subjects,isot_true_520,clean,0.525,28,495
2026-01-19 17:19:36,google/gemma-2-9b,MMLU_selected_subjects,isot_true_520,meani,0.526,28,495
2026-01-19 17:26:07,google/gemma-2-9b,MMLU_selected_subjects,isot_true_521,clean,0.528,28,474
2026-01-19 17:32:36,google/gemma-2-9b,MMLU_selected_subjects,isot_true_521,meani,0.499,28,474
2026-01-19 17:38:54,google/gemma-2-9b,MMLU_selected_subjects,isot_true_522,clean,0.467,28,476
2026-01-19 17:45:16,google/gemma-2-9b,MMLU_selected_subjects,isot_true_522,meani,0.413,28,476
2026-01-19 17:51:50,google/gemma-2-9b,MMLU_selected_subjects,isot_true_523,clean,0.504,28,648
2026-01-19 17:58:22,google/gemma-2-9b,MMLU_selected_subjects,isot_true_523,meani,0.485,28,648
2026-01-19 18:05:05,google/gemma-2-9b,MMLU_selected_subjects,isot_true_524,clean,0.517,28,776
2026-01-19 18:11:49,google/gemma-2-9b,MMLU_selected_subjects,isot_true_524,meani,0.523,28,776
2026-01-19 18:18:19,google/gemma-2-9b,MMLU_selected_subjects,isot_true_525,clean,0.502,28,638
2026-01-19 18:24:48,google/gemma-2-9b,MMLU_selected_subjects,isot_true_525,meani,0.537,28,638
2026-01-19 18:31:08,google/gemma-2-9b,MMLU_selected_subjects,isot_true_526,clean,0.487,28,524
2026-01-19 18:37:27,google/gemma-2-9b,MMLU_selected_subjects,isot_true_526,meani,0.452,28,524
2026-01-19 18:44:10,google/gemma-2-9b,MMLU_selected_subjects,isot_true_527,clean,0.474,28,776
2026-01-19 18:50:55,google/gemma-2-9b,MMLU_selected_subjects,isot_true_527,meani,0.503,28,776
2026-01-19 18:57:10,google/gemma-2-9b,MMLU_selected_subjects,isot_true_528,clean,0.485,28,462
2026-01-19 19:03:25,google/gemma-2-9b,MMLU_selected_subjects,isot_true_528,meani,0.318,28,462
2026-01-19 19:10:04,google/gemma-2-9b,MMLU_selected_subjects,isot_true_529,clean,0.476,28,646
2026-01-19 19:16:41,google/gemma-2-9b,MMLU_selected_subjects,isot_true_529,meani,0.409,28,646
2026-01-19 19:23:15,google/gemma-2-9b,MMLU_selected_subjects,isot_true_53,clean,0.414,28,689
2026-01-19 19:29:49,google/gemma-2-9b,MMLU_selected_subjects,isot_true_53,meani,0.475,28,689
2026-01-19 19:36:19,google/gemma-2-9b,MMLU_selected_subjects,isot_true_530,clean,0.514,28,630
2026-01-19 19:42:48,google/gemma-2-9b,MMLU_selected_subjects,isot_true_530,meani,0.512,28,630
2026-01-19 19:49:01,google/gemma-2-9b,MMLU_selected_subjects,isot_true_531,clean,0.498,28,462
2026-01-19 19:55:16,google/gemma-2-9b,MMLU_selected_subjects,isot_true_531,meani,0.469,28,462
2026-01-19 20:01:21,google/gemma-2-9b,MMLU_selected_subjects,isot_true_532,clean,0.469,28,259
2026-01-19 20:07:23,google/gemma-2-9b,MMLU_selected_subjects,isot_true_532,meani,0.502,28,259
2026-01-19 20:13:50,google/gemma-2-9b,MMLU_selected_subjects,isot_true_533,clean,0.511,28,634
2026-01-19 20:20:20,google/gemma-2-9b,MMLU_selected_subjects,isot_true_533,meani,0.386,28,634
2026-01-19 20:26:42,google/gemma-2-9b,MMLU_selected_subjects,isot_true_534,clean,0.499,28,548
2026-01-19 20:33:05,google/gemma-2-9b,MMLU_selected_subjects,isot_true_534,meani,0.453,28,548
2026-01-19 20:39:08,google/gemma-2-9b,MMLU_selected_subjects,isot_true_535,clean,0.483,28,260
2026-01-19 20:45:11,google/gemma-2-9b,MMLU_selected_subjects,isot_true_535,meani,0.343,28,260
2026-01-19 20:51:23,google/gemma-2-9b,MMLU_selected_subjects,isot_true_536,clean,0.515,28,481
2026-01-19 20:57:35,google/gemma-2-9b,MMLU_selected_subjects,isot_true_536,meani,0.499,28,481
2026-01-19 21:04:11,google/gemma-2-9b,MMLU_selected_subjects,isot_true_537,clean,0.536,28,687
2026-01-19 21:10:48,google/gemma-2-9b,MMLU_selected_subjects,isot_true_537,meani,0.473,28,687
2026-01-19 21:17:10,google/gemma-2-9b,MMLU_selected_subjects,isot_true_538,clean,0.464,28,454
2026-01-19 21:23:32,google/gemma-2-9b,MMLU_selected_subjects,isot_true_538,meani,0.439,28,454
2026-01-19 21:29:42,google/gemma-2-9b,MMLU_selected_subjects,isot_true_539,clean,0.519,28,422
2026-01-19 21:35:53,google/gemma-2-9b,MMLU_selected_subjects,isot_true_539,meani,0.531,28,422
2026-01-19 21:42:10,google/gemma-2-9b,MMLU_selected_subjects,isot_true_54,clean,0.514,28,570
2026-01-19 21:48:28,google/gemma-2-9b,MMLU_selected_subjects,isot_true_54,meani,0.5,28,570
2026-01-19 21:54:47,google/gemma-2-9b,MMLU_selected_subjects,isot_true_540,clean,0.485,28,480
2026-01-19 22:01:04,google/gemma-2-9b,MMLU_selected_subjects,isot_true_540,meani,0.452,28,480
2026-01-19 22:07:07,google/gemma-2-9b,MMLU_selected_subjects,isot_true_541,clean,0.503,28,325
2026-01-19 22:13:09,google/gemma-2-9b,MMLU_selected_subjects,isot_true_541,meani,0.493,28,325
2026-01-19 22:19:24,google/gemma-2-9b,MMLU_selected_subjects,isot_true_542,clean,0.477,28,498
2026-01-19 22:25:41,google/gemma-2-9b,MMLU_selected_subjects,isot_true_542,meani,0.476,28,498
2026-01-19 22:32:02,google/gemma-2-9b,MMLU_selected_subjects,isot_true_543,clean,0.517,28,595
2026-01-19 22:38:22,google/gemma-2-9b,MMLU_selected_subjects,isot_true_543,meani,0.533,28,595
2026-01-19 22:44:46,google/gemma-2-9b,MMLU_selected_subjects,isot_true_544,clean,0.502,28,656
2026-01-19 22:51:11,google/gemma-2-9b,MMLU_selected_subjects,isot_true_544,meani,0.482,28,656
2026-01-19 22:57:44,google/gemma-2-9b,MMLU_selected_subjects,isot_true_545,clean,0.389,28,719
2026-01-19 23:04:17,google/gemma-2-9b,MMLU_selected_subjects,isot_true_545,meani,0.311,28,719
2026-01-19 23:10:29,google/gemma-2-9b,MMLU_selected_subjects,isot_true_546,clean,0.437,28,428
2026-01-19 23:16:41,google/gemma-2-9b,MMLU_selected_subjects,isot_true_546,meani,0.425,28,428
2026-01-19 23:23:20,google/gemma-2-9b,MMLU_selected_subjects,isot_true_547,clean,0.512,28,781
2026-01-19 23:29:58,google/gemma-2-9b,MMLU_selected_subjects,isot_true_547,meani,0.516,28,781
2026-01-19 23:36:20,google/gemma-2-9b,MMLU_selected_subjects,isot_true_548,clean,0.523,28,594
2026-01-19 23:42:41,google/gemma-2-9b,MMLU_selected_subjects,isot_true_548,meani,0.507,28,594
2026-01-19 23:49:00,google/gemma-2-9b,MMLU_selected_subjects,isot_true_549,clean,0.514,28,435
2026-01-19 23:55:19,google/gemma-2-9b,MMLU_selected_subjects,isot_true_549,meani,0.495,28,435
2026-01-20 00:01:31,google/gemma-2-9b,MMLU_selected_subjects,isot_true_55,clean,0.454,28,445
2026-01-20 00:07:43,google/gemma-2-9b,MMLU_selected_subjects,isot_true_55,meani,0.448,28,445
2026-01-20 00:14:09,google/gemma-2-9b,MMLU_selected_subjects,isot_true_550,clean,0.466,28,683
2026-01-20 00:20:35,google/gemma-2-9b,MMLU_selected_subjects,isot_true_550,meani,0.426,28,683
2026-01-20 00:26:53,google/gemma-2-9b,MMLU_selected_subjects,isot_true_551,clean,0.495,28,482
2026-01-20 00:33:12,google/gemma-2-9b,MMLU_selected_subjects,isot_true_551,meani,0.466,28,482
2026-01-20 00:39:17,google/gemma-2-9b,MMLU_selected_subjects,isot_true_552,clean,0.519,28,313
2026-01-20 00:45:23,google/gemma-2-9b,MMLU_selected_subjects,isot_true_552,meani,0.521,28,313
2026-01-20 00:52:01,google/gemma-2-9b,MMLU_selected_subjects,isot_true_553,clean,0.523,28,786
2026-01-20 00:58:38,google/gemma-2-9b,MMLU_selected_subjects,isot_true_553,meani,0.466,28,786
2026-01-20 01:04:59,google/gemma-2-9b,MMLU_selected_subjects,isot_true_554,clean,0.52,28,589
2026-01-20 01:11:19,google/gemma-2-9b,MMLU_selected_subjects,isot_true_554,meani,0.521,28,589
2026-01-20 01:17:49,google/gemma-2-9b,MMLU_selected_subjects,isot_true_555,clean,0.492,28,696
2026-01-20 01:24:20,google/gemma-2-9b,MMLU_selected_subjects,isot_true_555,meani,0.44,28,696
2026-01-20 01:30:43,google/gemma-2-9b,MMLU_selected_subjects,isot_true_556,clean,0.455,28,602
2026-01-20 01:37:09,google/gemma-2-9b,MMLU_selected_subjects,isot_true_556,meani,0.438,28,602
2026-01-20 01:43:34,google/gemma-2-9b,MMLU_selected_subjects,isot_true_557,clean,0.511,28,626
2026-01-20 01:49:59,google/gemma-2-9b,MMLU_selected_subjects,isot_true_557,meani,0.489,28,626
2026-01-20 01:56:10,google/gemma-2-9b,MMLU_selected_subjects,isot_true_558,clean,0.427,28,428
2026-01-20 02:02:20,google/gemma-2-9b,MMLU_selected_subjects,isot_true_558,meani,0.382,28,428
2026-01-20 02:08:21,google/gemma-2-9b,MMLU_selected_subjects,isot_true_559,clean,0.468,28,275
2026-01-20 02:14:22,google/gemma-2-9b,MMLU_selected_subjects,isot_true_559,meani,0.413,28,275
2026-01-20 02:20:48,google/gemma-2-9b,MMLU_selected_subjects,isot_true_56,clean,0.505,28,632
2026-01-20 02:27:13,google/gemma-2-9b,MMLU_selected_subjects,isot_true_56,meani,0.458,28,632
2026-01-20 02:33:20,google/gemma-2-9b,MMLU_selected_subjects,isot_true_560,clean,0.505,28,394
2026-01-20 02:39:28,google/gemma-2-9b,MMLU_selected_subjects,isot_true_560,meani,0.473,28,394
2026-01-20 02:45:46,google/gemma-2-9b,MMLU_selected_subjects,isot_true_561,clean,0.511,28,506
2026-01-20 02:52:04,google/gemma-2-9b,MMLU_selected_subjects,isot_true_561,meani,0.486,28,506
2026-01-20 02:58:30,google/gemma-2-9b,MMLU_selected_subjects,isot_true_562,clean,0.405,28,638
2026-01-20 03:04:56,google/gemma-2-9b,MMLU_selected_subjects,isot_true_562,meani,0.245,28,638
2026-01-20 03:11:14,google/gemma-2-9b,MMLU_selected_subjects,isot_true_563,clean,0.54,28,475
2026-01-20 03:17:32,google/gemma-2-9b,MMLU_selected_subjects,isot_true_563,meani,0.524,28,475
2026-01-20 03:23:43,google/gemma-2-9b,MMLU_selected_subjects,isot_true_564,clean,0.536,28,422
2026-01-20 03:29:53,google/gemma-2-9b,MMLU_selected_subjects,isot_true_564,meani,0.493,28,422
2026-01-20 03:36:32,google/gemma-2-9b,MMLU_selected_subjects,isot_true_565,clean,0.451,28,712
2026-01-20 03:43:10,google/gemma-2-9b,MMLU_selected_subjects,isot_true_565,meani,0.448,28,712
2026-01-20 03:49:23,google/gemma-2-9b,MMLU_selected_subjects,isot_true_566,clean,0.509,28,429
2026-01-20 03:55:36,google/gemma-2-9b,MMLU_selected_subjects,isot_true_566,meani,0.459,28,429
2026-01-20 04:01:49,google/gemma-2-9b,MMLU_selected_subjects,isot_true_567,clean,0.469,28,472
2026-01-20 04:08:03,google/gemma-2-9b,MMLU_selected_subjects,isot_true_567,meani,0.425,28,472
2026-01-20 04:14:31,google/gemma-2-9b,MMLU_selected_subjects,isot_true_568,clean,0.462,28,685
2026-01-20 04:20:58,google/gemma-2-9b,MMLU_selected_subjects,isot_true_568,meani,0.483,28,685
2026-01-20 04:27:10,google/gemma-2-9b,MMLU_selected_subjects,isot_true_569,clean,0.497,28,395
2026-01-20 04:33:21,google/gemma-2-9b,MMLU_selected_subjects,isot_true_569,meani,0.485,28,395
2026-01-20 04:39:37,google/gemma-2-9b,MMLU_selected_subjects,isot_true_57,clean,0.436,28,445
2026-01-20 04:45:51,google/gemma-2-9b,MMLU_selected_subjects,isot_true_57,meani,0.426,28,445
2026-01-20 04:51:58,google/gemma-2-9b,MMLU_selected_subjects,isot_true_570,clean,0.494,28,370
2026-01-20 04:58:06,google/gemma-2-9b,MMLU_selected_subjects,isot_true_570,meani,0.466,28,370
2026-01-20 05:04:18,google/gemma-2-9b,MMLU_selected_subjects,isot_true_571,clean,0.509,28,441
2026-01-20 05:10:29,google/gemma-2-9b,MMLU_selected_subjects,isot_true_571,meani,0.498,28,441
2026-01-20 05:16:45,google/gemma-2-9b,MMLU_selected_subjects,isot_true_572,clean,0.481,28,468
2026-01-20 05:23:02,google/gemma-2-9b,MMLU_selected_subjects,isot_true_572,meani,0.396,28,468
2026-01-20 05:29:26,google/gemma-2-9b,MMLU_selected_subjects,isot_true_573,clean,0.51,28,586
2026-01-20 05:35:48,google/gemma-2-9b,MMLU_selected_subjects,isot_true_573,meani,0.5,28,586
2026-01-20 05:41:46,google/gemma-2-9b,MMLU_selected_subjects,isot_true_574,clean,0.499,28,239
2026-01-20 05:47:45,google/gemma-2-9b,MMLU_selected_subjects,isot_true_574,meani,0.459,28,239
2026-01-20 05:54:20,google/gemma-2-9b,MMLU_selected_subjects,isot_true_575,clean,0.472,28,771
2026-01-20 06:00:56,google/gemma-2-9b,MMLU_selected_subjects,isot_true_575,meani,0.459,28,771
2026-01-20 06:07:13,google/gemma-2-9b,MMLU_selected_subjects,isot_true_576,clean,0.529,28,526
2026-01-20 06:13:30,google/gemma-2-9b,MMLU_selected_subjects,isot_true_576,meani,0.5,28,526
2026-01-20 06:19:44,google/gemma-2-9b,MMLU_selected_subjects,isot_true_577,clean,0.519,28,484
2026-01-20 06:25:56,google/gemma-2-9b,MMLU_selected_subjects,isot_true_577,meani,0.496,28,484
2026-01-20 06:31:53,google/gemma-2-9b,MMLU_selected_subjects,isot_true_578,clean,0.504,28,209
2026-01-20 06:37:50,google/gemma-2-9b,MMLU_selected_subjects,isot_true_578,meani,0.482,28,209
2026-01-20 06:44:11,google/gemma-2-9b,MMLU_selected_subjects,isot_true_579,clean,0.368,28,534
2026-01-20 06:50:31,google/gemma-2-9b,MMLU_selected_subjects,isot_true_579,meani,0.378,28,534
2026-01-20 06:56:50,google/gemma-2-9b,MMLU_selected_subjects,isot_true_58,clean,0.484,28,570
2026-01-20 07:03:08,google/gemma-2-9b,MMLU_selected_subjects,isot_true_58,meani,0.48,28,570
2026-01-20 07:09:32,google/gemma-2-9b,MMLU_selected_subjects,isot_true_580,clean,0.397,28,626
2026-01-20 07:15:58,google/gemma-2-9b,MMLU_selected_subjects,isot_true_580,meani,0.333,28,626
2026-01-20 07:22:12,google/gemma-2-9b,MMLU_selected_subjects,isot_true_581,clean,0.497,28,491
2026-01-20 07:28:28,google/gemma-2-9b,MMLU_selected_subjects,isot_true_581,meani,0.47,28,491
2026-01-20 07:34:52,google/gemma-2-9b,MMLU_selected_subjects,isot_true_582,clean,0.498,28,598
2026-01-20 07:41:16,google/gemma-2-9b,MMLU_selected_subjects,isot_true_582,meani,0.421,28,598
2026-01-20 07:47:12,google/gemma-2-9b,MMLU_selected_subjects,isot_true_583,clean,0.45,28,232
2026-01-20 07:53:08,google/gemma-2-9b,MMLU_selected_subjects,isot_true_583,meani,0.433,28,232
2026-01-20 07:59:32,google/gemma-2-9b,MMLU_selected_subjects,isot_true_584,clean,0.488,28,511
2026-01-20 08:05:54,google/gemma-2-9b,MMLU_selected_subjects,isot_true_584,meani,0.512,28,511
2026-01-20 08:12:05,google/gemma-2-9b,MMLU_selected_subjects,isot_true_585,clean,0.48,28,480
2026-01-20 08:18:17,google/gemma-2-9b,MMLU_selected_subjects,isot_true_585,meani,0.5,28,480
2026-01-20 08:24:27,google/gemma-2-9b,MMLU_selected_subjects,isot_true_586,clean,0.529,28,386
2026-01-20 08:30:38,google/gemma-2-9b,MMLU_selected_subjects,isot_true_586,meani,0.495,28,386
2026-01-20 08:36:57,google/gemma-2-9b,MMLU_selected_subjects,isot_true_587,clean,0.474,28,471
2026-01-20 08:43:15,google/gemma-2-9b,MMLU_selected_subjects,isot_true_587,meani,0.443,28,471
2026-01-20 08:49:36,google/gemma-2-9b,MMLU_selected_subjects,isot_true_588,clean,0.402,28,602
2026-01-20 08:55:58,google/gemma-2-9b,MMLU_selected_subjects,isot_true_588,meani,0.446,28,602
2026-01-20 09:02:17,google/gemma-2-9b,MMLU_selected_subjects,isot_true_589,clean,0.516,28,588
2026-01-20 09:08:34,google/gemma-2-9b,MMLU_selected_subjects,isot_true_589,meani,0.481,28,588
2026-01-20 09:14:39,google/gemma-2-9b,MMLU_selected_subjects,isot_true_59,clean,0.521,28,353
2026-01-20 09:20:46,google/gemma-2-9b,MMLU_selected_subjects,isot_true_59,meani,0.494,28,353
2026-01-20 09:27:03,google/gemma-2-9b,MMLU_selected_subjects,isot_true_590,clean,0.501,28,486
2026-01-20 09:33:19,google/gemma-2-9b,MMLU_selected_subjects,isot_true_590,meani,0.502,28,486
2026-01-20 09:39:51,google/gemma-2-9b,MMLU_selected_subjects,isot_true_591,clean,0.529,28,746
2026-01-20 09:46:23,google/gemma-2-9b,MMLU_selected_subjects,isot_true_591,meani,0.487,28,746
2026-01-20 09:52:47,google/gemma-2-9b,MMLU_selected_subjects,isot_true_592,clean,0.498,28,608
2026-01-20 09:59:12,google/gemma-2-9b,MMLU_selected_subjects,isot_true_592,meani,0.449,28,608
2026-01-20 10:05:40,google/gemma-2-9b,MMLU_selected_subjects,isot_true_593,clean,0.51,28,630
2026-01-20 10:12:08,google/gemma-2-9b,MMLU_selected_subjects,isot_true_593,meani,0.411,28,630
2026-01-20 10:18:23,google/gemma-2-9b,MMLU_selected_subjects,isot_true_594,clean,0.516,28,507
2026-01-20 10:24:40,google/gemma-2-9b,MMLU_selected_subjects,isot_true_594,meani,0.525,28,507
2026-01-20 10:31:07,google/gemma-2-9b,MMLU_selected_subjects,isot_true_595,clean,0.503,28,599
2026-01-20 10:37:33,google/gemma-2-9b,MMLU_selected_subjects,isot_true_595,meani,0.465,28,599
2026-01-20 10:43:59,google/gemma-2-9b,MMLU_selected_subjects,isot_true_596,clean,0.512,28,570
2026-01-20 10:50:26,google/gemma-2-9b,MMLU_selected_subjects,isot_true_596,meani,0.495,28,570
2026-01-20 10:56:53,google/gemma-2-9b,MMLU_selected_subjects,isot_true_597,clean,0.508,28,668
2026-01-20 11:03:24,google/gemma-2-9b,MMLU_selected_subjects,isot_true_597,meani,0.43,28,668
2026-01-20 11:09:32,google/gemma-2-9b,MMLU_selected_subjects,isot_true_598,clean,0.519,28,428
2026-01-20 11:15:39,google/gemma-2-9b,MMLU_selected_subjects,isot_true_598,meani,0.494,28,428
2026-01-20 11:21:59,google/gemma-2-9b,MMLU_selected_subjects,isot_true_599,clean,0.486,28,555
2026-01-20 11:28:19,google/gemma-2-9b,MMLU_selected_subjects,isot_true_599,meani,0.495,28,555
2026-01-20 11:34:26,google/gemma-2-9b,MMLU_selected_subjects,isot_true_6,clean,0.452,28,375
2026-01-20 11:40:34,google/gemma-2-9b,MMLU_selected_subjects,isot_true_6,meani,0.451,28,375
2026-01-20 11:46:57,google/gemma-2-9b,MMLU_selected_subjects,isot_true_60,clean,0.403,28,579
2026-01-20 11:53:20,google/gemma-2-9b,MMLU_selected_subjects,isot_true_60,meani,0.474,28,579
2026-01-20 11:59:38,google/gemma-2-9b,MMLU_selected_subjects,isot_true_600,clean,0.484,28,546
2026-01-20 12:05:57,google/gemma-2-9b,MMLU_selected_subjects,isot_true_600,meani,0.491,28,546
2026-01-20 12:12:14,google/gemma-2-9b,MMLU_selected_subjects,isot_true_601,clean,0.529,28,503
2026-01-20 12:18:31,google/gemma-2-9b,MMLU_selected_subjects,isot_true_601,meani,0.509,28,503
2026-01-20 12:24:59,google/gemma-2-9b,MMLU_selected_subjects,isot_true_602,clean,0.511,28,650
2026-01-20 12:31:28,google/gemma-2-9b,MMLU_selected_subjects,isot_true_602,meani,0.442,28,650
2026-01-20 12:37:45,google/gemma-2-9b,MMLU_selected_subjects,isot_true_603,clean,0.448,28,497
2026-01-20 12:44:00,google/gemma-2-9b,MMLU_selected_subjects,isot_true_603,meani,0.453,28,497
2026-01-20 12:50:30,google/gemma-2-9b,MMLU_selected_subjects,isot_true_604,clean,0.507,28,729
2026-01-20 12:56:57,google/gemma-2-9b,MMLU_selected_subjects,isot_true_604,meani,0.492,28,729
2026-01-20 13:03:31,google/gemma-2-9b,MMLU_selected_subjects,isot_true_605,clean,0.501,28,738
2026-01-20 13:10:18,google/gemma-2-9b,MMLU_selected_subjects,isot_true_605,meani,0.502,28,738
2026-01-20 13:16:37,google/gemma-2-9b,MMLU_selected_subjects,isot_true_606,clean,0.499,28,461
2026-01-20 13:22:56,google/gemma-2-9b,MMLU_selected_subjects,isot_true_606,meani,0.512,28,461
2026-01-20 13:29:20,google/gemma-2-9b,MMLU_selected_subjects,isot_true_607,clean,0.544,28,555
2026-01-20 13:35:43,google/gemma-2-9b,MMLU_selected_subjects,isot_true_607,meani,0.5,28,555
2026-01-20 13:42:01,google/gemma-2-9b,MMLU_selected_subjects,isot_true_608,clean,0.436,28,482
2026-01-20 13:48:19,google/gemma-2-9b,MMLU_selected_subjects,isot_true_608,meani,0.425,28,482
2026-01-20 13:54:33,google/gemma-2-9b,MMLU_selected_subjects,isot_true_609,clean,0.514,28,374
2026-01-20 14:00:46,google/gemma-2-9b,MMLU_selected_subjects,isot_true_609,meani,0.508,28,374
2026-01-20 14:07:03,google/gemma-2-9b,MMLU_selected_subjects,isot_true_61,clean,0.497,28,476
2026-01-20 14:13:25,google/gemma-2-9b,MMLU_selected_subjects,isot_true_61,meani,0.476,28,476
2026-01-20 14:19:32,google/gemma-2-9b,MMLU_selected_subjects,isot_true_610,clean,0.484,28,353
2026-01-20 14:25:38,google/gemma-2-9b,MMLU_selected_subjects,isot_true_610,meani,0.485,28,353
2026-01-20 14:31:47,google/gemma-2-9b,MMLU_selected_subjects,isot_true_611,clean,0.48,28,334
2026-01-20 14:37:59,google/gemma-2-9b,MMLU_selected_subjects,isot_true_611,meani,0.436,28,334
2026-01-20 14:44:19,google/gemma-2-9b,MMLU_selected_subjects,isot_true_612,clean,0.518,28,440
2026-01-20 14:50:35,google/gemma-2-9b,MMLU_selected_subjects,isot_true_612,meani,0.423,28,440
2026-01-20 14:56:50,google/gemma-2-9b,MMLU_selected_subjects,isot_true_613,clean,0.494,28,423
2026-01-20 15:03:04,google/gemma-2-9b,MMLU_selected_subjects,isot_true_613,meani,0.469,28,423
2026-01-20 15:09:15,google/gemma-2-9b,MMLU_selected_subjects,isot_true_614,clean,0.476,28,363
2026-01-20 15:15:29,google/gemma-2-9b,MMLU_selected_subjects,isot_true_614,meani,0.455,28,363
2026-01-20 15:21:44,google/gemma-2-9b,MMLU_selected_subjects,isot_true_615,clean,0.525,28,444
2026-01-20 15:28:02,google/gemma-2-9b,MMLU_selected_subjects,isot_true_615,meani,0.49,28,444
2026-01-20 15:34:49,google/gemma-2-9b,MMLU_selected_subjects,isot_true_616,clean,0.51,28,698
2026-01-20 15:41:44,google/gemma-2-9b,MMLU_selected_subjects,isot_true_616,meani,0.497,28,698
2026-01-20 15:48:24,google/gemma-2-9b,MMLU_selected_subjects,isot_true_617,clean,0.503,28,664
2026-01-20 15:54:53,google/gemma-2-9b,MMLU_selected_subjects,isot_true_617,meani,0.464,28,664
2026-01-20 16:01:38,google/gemma-2-9b,MMLU_selected_subjects,isot_true_618,clean,0.491,28,773
2026-01-20 16:08:18,google/gemma-2-9b,MMLU_selected_subjects,isot_true_618,meani,0.51,28,773
2026-01-20 16:14:25,google/gemma-2-9b,MMLU_selected_subjects,isot_true_619,clean,0.527,28,294
2026-01-20 16:20:29,google/gemma-2-9b,MMLU_selected_subjects,isot_true_619,meani,0.505,28,294
2026-01-20 16:26:57,google/gemma-2-9b,MMLU_selected_subjects,isot_true_62,clean,0.461,28,604
2026-01-20 16:33:27,google/gemma-2-9b,MMLU_selected_subjects,isot_true_62,meani,0.477,28,604
2026-01-20 16:40:48,google/gemma-2-9b,MMLU_selected_subjects,isot_true_620,clean,0.524,28,734
2026-01-20 16:47:36,google/gemma-2-9b,MMLU_selected_subjects,isot_true_620,meani,0.467,28,734
2026-01-20 16:54:03,google/gemma-2-9b,MMLU_selected_subjects,isot_true_621,clean,0.524,28,615
2026-01-20 17:00:26,google/gemma-2-9b,MMLU_selected_subjects,isot_true_621,meani,0.516,28,615
2026-01-20 17:06:44,google/gemma-2-9b,MMLU_selected_subjects,isot_true_622,clean,0.483,28,477
2026-01-20 17:13:03,google/gemma-2-9b,MMLU_selected_subjects,isot_true_622,meani,0.472,28,477
2026-01-20 17:19:25,google/gemma-2-9b,MMLU_selected_subjects,isot_true_623,clean,0.53,28,594
2026-01-20 17:25:47,google/gemma-2-9b,MMLU_selected_subjects,isot_true_623,meani,0.478,28,594
2026-01-20 17:32:19,google/gemma-2-9b,MMLU_selected_subjects,isot_true_624,clean,0.517,28,722
2026-01-20 17:38:49,google/gemma-2-9b,MMLU_selected_subjects,isot_true_624,meani,0.452,28,722
2026-01-20 17:45:05,google/gemma-2-9b,MMLU_selected_subjects,isot_true_625,clean,0.496,28,529
2026-01-20 17:51:20,google/gemma-2-9b,MMLU_selected_subjects,isot_true_625,meani,0.452,28,529
2026-01-20 17:57:15,google/gemma-2-9b,MMLU_selected_subjects,isot_true_626,clean,0.506,28,278
2026-01-20 18:03:11,google/gemma-2-9b,MMLU_selected_subjects,isot_true_626,meani,0.468,28,278
2026-01-20 18:09:41,google/gemma-2-9b,MMLU_selected_subjects,isot_true_627,clean,0.447,28,752
2026-01-20 18:16:12,google/gemma-2-9b,MMLU_selected_subjects,isot_true_627,meani,0.444,28,752
2026-01-20 18:22:26,google/gemma-2-9b,MMLU_selected_subjects,isot_true_628,clean,0.497,28,517
2026-01-20 18:28:39,google/gemma-2-9b,MMLU_selected_subjects,isot_true_628,meani,0.487,28,517
2026-01-20 18:34:34,google/gemma-2-9b,MMLU_selected_subjects,isot_true_629,clean,0.451,28,210
2026-01-20 18:40:28,google/gemma-2-9b,MMLU_selected_subjects,isot_true_629,meani,0.437,28,210
2026-01-20 18:46:53,google/gemma-2-9b,MMLU_selected_subjects,isot_true_63,clean,0.49,28,548
2026-01-20 18:53:18,google/gemma-2-9b,MMLU_selected_subjects,isot_true_63,meani,0.477,28,548
2026-01-20 18:59:35,google/gemma-2-9b,MMLU_selected_subjects,isot_true_630,clean,0.399,28,547
2026-01-20 19:05:56,google/gemma-2-9b,MMLU_selected_subjects,isot_true_630,meani,0.371,28,547
2026-01-20 19:12:10,google/gemma-2-9b,MMLU_selected_subjects,isot_true_631,clean,0.451,28,478
2026-01-20 19:18:25,google/gemma-2-9b,MMLU_selected_subjects,isot_true_631,meani,0.399,28,478
2026-01-20 19:24:42,google/gemma-2-9b,MMLU_selected_subjects,isot_true_632,clean,0.48,28,556
2026-01-20 19:31:02,google/gemma-2-9b,MMLU_selected_subjects,isot_true_632,meani,0.514,28,556
2026-01-20 19:37:28,google/gemma-2-9b,MMLU_selected_subjects,isot_true_633,clean,0.494,28,673
2026-01-20 19:43:55,google/gemma-2-9b,MMLU_selected_subjects,isot_true_633,meani,0.409,28,673
2026-01-20 19:50:09,google/gemma-2-9b,MMLU_selected_subjects,isot_true_634,clean,0.502,28,489
2026-01-20 19:56:25,google/gemma-2-9b,MMLU_selected_subjects,isot_true_634,meani,0.488,28,489
2026-01-20 20:02:51,google/gemma-2-9b,MMLU_selected_subjects,isot_true_635,clean,0.498,28,558
2026-01-20 20:09:17,google/gemma-2-9b,MMLU_selected_subjects,isot_true_635,meani,0.486,28,558
2026-01-20 20:15:50,google/gemma-2-9b,MMLU_selected_subjects,isot_true_636,clean,0.506,28,767
2026-01-20 20:22:38,google/gemma-2-9b,MMLU_selected_subjects,isot_true_636,meani,0.523,28,767
2026-01-20 20:29:08,google/gemma-2-9b,MMLU_selected_subjects,isot_true_637,clean,0.514,28,729
2026-01-20 20:35:35,google/gemma-2-9b,MMLU_selected_subjects,isot_true_637,meani,0.502,28,729
2026-01-20 20:41:46,google/gemma-2-9b,MMLU_selected_subjects,isot_true_638,clean,0.443,28,450
2026-01-20 20:47:54,google/gemma-2-9b,MMLU_selected_subjects,isot_true_638,meani,0.323,28,450
2026-01-20 20:53:59,google/gemma-2-9b,MMLU_selected_subjects,isot_true_639,clean,0.402,28,429
2026-01-20 21:00:08,google/gemma-2-9b,MMLU_selected_subjects,isot_true_639,meani,0.297,28,429
2026-01-20 21:06:17,google/gemma-2-9b,MMLU_selected_subjects,isot_true_64,clean,0.5,28,470
2026-01-20 21:12:39,google/gemma-2-9b,MMLU_selected_subjects,isot_true_64,meani,0.515,28,470
2026-01-20 21:19:08,google/gemma-2-9b,MMLU_selected_subjects,isot_true_640,clean,0.452,28,597
2026-01-20 21:25:35,google/gemma-2-9b,MMLU_selected_subjects,isot_true_640,meani,0.343,28,597
2026-01-20 21:31:40,google/gemma-2-9b,MMLU_selected_subjects,isot_true_641,clean,0.508,28,400
2026-01-20 21:37:46,google/gemma-2-9b,MMLU_selected_subjects,isot_true_641,meani,0.499,28,400
2026-01-20 21:44:10,google/gemma-2-9b,MMLU_selected_subjects,isot_true_642,clean,0.441,28,535
2026-01-20 21:50:32,google/gemma-2-9b,MMLU_selected_subjects,isot_true_642,meani,0.415,28,535
2026-01-20 21:56:36,google/gemma-2-9b,MMLU_selected_subjects,isot_true_643,clean,0.5,28,400
2026-01-20 22:02:41,google/gemma-2-9b,MMLU_selected_subjects,isot_true_643,meani,0.48,28,400
2026-01-20 22:08:47,google/gemma-2-9b,MMLU_selected_subjects,isot_true_644,clean,0.519,28,401
2026-01-20 22:14:55,google/gemma-2-9b,MMLU_selected_subjects,isot_true_644,meani,0.514,28,401
2026-01-20 22:21:16,google/gemma-2-9b,MMLU_selected_subjects,isot_true_645,clean,0.527,28,550
2026-01-20 22:27:36,google/gemma-2-9b,MMLU_selected_subjects,isot_true_645,meani,0.505,28,550
2026-01-20 22:33:55,google/gemma-2-9b,MMLU_selected_subjects,isot_true_646,clean,0.526,28,561
2026-01-20 22:40:19,google/gemma-2-9b,MMLU_selected_subjects,isot_true_646,meani,0.497,28,561
2026-01-20 22:46:36,google/gemma-2-9b,MMLU_selected_subjects,isot_true_647,clean,0.492,28,527
2026-01-20 22:52:59,google/gemma-2-9b,MMLU_selected_subjects,isot_true_647,meani,0.461,28,527
2026-01-20 22:59:14,google/gemma-2-9b,MMLU_selected_subjects,isot_true_648,clean,0.452,28,327
2026-01-20 23:05:21,google/gemma-2-9b,MMLU_selected_subjects,isot_true_648,meani,0.356,28,327
2026-01-20 23:11:42,google/gemma-2-9b,MMLU_selected_subjects,isot_true_649,clean,0.515,28,572
2026-01-20 23:18:12,google/gemma-2-9b,MMLU_selected_subjects,isot_true_649,meani,0.463,28,572
2026-01-20 23:24:39,google/gemma-2-9b,MMLU_selected_subjects,isot_true_65,clean,0.514,28,665
2026-01-20 23:31:08,google/gemma-2-9b,MMLU_selected_subjects,isot_true_65,meani,0.51,28,665
2026-01-20 23:37:26,google/gemma-2-9b,MMLU_selected_subjects,isot_true_650,clean,0.517,28,548
2026-01-20 23:43:40,google/gemma-2-9b,MMLU_selected_subjects,isot_true_650,meani,0.495,28,548
2026-01-20 23:49:44,google/gemma-2-9b,MMLU_selected_subjects,isot_true_651,clean,0.521,28,335
2026-01-20 23:55:49,google/gemma-2-9b,MMLU_selected_subjects,isot_true_651,meani,0.508,28,335
2026-01-21 00:02:04,google/gemma-2-9b,MMLU_selected_subjects,isot_true_652,clean,0.517,28,440
2026-01-21 00:08:14,google/gemma-2-9b,MMLU_selected_subjects,isot_true_652,meani,0.48,28,440
2026-01-21 00:14:22,google/gemma-2-9b,MMLU_selected_subjects,isot_true_653,clean,0.494,28,388
2026-01-21 00:20:30,google/gemma-2-9b,MMLU_selected_subjects,isot_true_653,meani,0.486,28,388
2026-01-21 00:27:01,google/gemma-2-9b,MMLU_selected_subjects,isot_true_654,clean,0.498,28,693
2026-01-21 00:33:30,google/gemma-2-9b,MMLU_selected_subjects,isot_true_654,meani,0.543,28,693
2026-01-21 00:39:59,google/gemma-2-9b,MMLU_selected_subjects,isot_true_655,clean,0.527,28,619
2026-01-21 00:46:23,google/gemma-2-9b,MMLU_selected_subjects,isot_true_655,meani,0.456,28,619
2026-01-21 00:52:31,google/gemma-2-9b,MMLU_selected_subjects,isot_true_656,clean,0.493,28,347
2026-01-21 00:58:36,google/gemma-2-9b,MMLU_selected_subjects,isot_true_656,meani,0.47,28,347
2026-01-21 01:05:02,google/gemma-2-9b,MMLU_selected_subjects,isot_true_657,clean,0.462,28,683
2026-01-21 01:11:33,google/gemma-2-9b,MMLU_selected_subjects,isot_true_657,meani,0.413,28,683
2026-01-21 01:17:45,google/gemma-2-9b,MMLU_selected_subjects,isot_true_658,clean,0.448,28,422
2026-01-21 01:23:56,google/gemma-2-9b,MMLU_selected_subjects,isot_true_658,meani,0.417,28,422
2026-01-21 01:30:28,google/gemma-2-9b,MMLU_selected_subjects,isot_true_659,clean,0.489,28,625
2026-01-21 01:37:00,google/gemma-2-9b,MMLU_selected_subjects,isot_true_659,meani,0.499,28,625
2026-01-21 01:43:19,google/gemma-2-9b,MMLU_selected_subjects,isot_true_66,clean,0.507,28,475
2026-01-21 01:49:39,google/gemma-2-9b,MMLU_selected_subjects,isot_true_66,meani,0.519,28,475
2026-01-21 01:56:14,google/gemma-2-9b,MMLU_selected_subjects,isot_true_660,clean,0.425,28,791
2026-01-21 02:02:48,google/gemma-2-9b,MMLU_selected_subjects,isot_true_660,meani,0.435,28,791
2026-01-21 02:08:51,google/gemma-2-9b,MMLU_selected_subjects,isot_true_661,clean,0.459,28,302
2026-01-21 02:14:51,google/gemma-2-9b,MMLU_selected_subjects,isot_true_661,meani,0.474,28,302
2026-01-21 02:21:12,google/gemma-2-9b,MMLU_selected_subjects,isot_true_662,clean,0.474,28,593
2026-01-21 02:27:34,google/gemma-2-9b,MMLU_selected_subjects,isot_true_662,meani,0.45,28,593
2026-01-21 02:33:54,google/gemma-2-9b,MMLU_selected_subjects,isot_true_663,clean,0.517,28,559
2026-01-21 02:40:13,google/gemma-2-9b,MMLU_selected_subjects,isot_true_663,meani,0.482,28,559
2026-01-21 02:46:22,google/gemma-2-9b,MMLU_selected_subjects,isot_true_664,clean,0.475,28,452
2026-01-21 02:52:33,google/gemma-2-9b,MMLU_selected_subjects,isot_true_664,meani,0.434,28,452
2026-01-21 02:58:45,google/gemma-2-9b,MMLU_selected_subjects,isot_true_665,clean,0.465,28,434
2026-01-21 03:04:56,google/gemma-2-9b,MMLU_selected_subjects,isot_true_665,meani,0.482,28,434
2026-01-21 03:11:17,google/gemma-2-9b,MMLU_selected_subjects,isot_true_666,clean,0.464,28,545
2026-01-21 03:17:45,google/gemma-2-9b,MMLU_selected_subjects,isot_true_666,meani,0.526,28,545
2026-01-21 03:23:54,google/gemma-2-9b,MMLU_selected_subjects,isot_true_667,clean,0.5,28,482
2026-01-21 03:30:04,google/gemma-2-9b,MMLU_selected_subjects,isot_true_667,meani,0.491,28,482
2026-01-21 03:36:16,google/gemma-2-9b,MMLU_selected_subjects,isot_true_668,clean,0.394,28,369
2026-01-21 03:42:22,google/gemma-2-9b,MMLU_selected_subjects,isot_true_668,meani,0.363,28,369
2026-01-21 03:48:58,google/gemma-2-9b,MMLU_selected_subjects,isot_true_669,clean,0.412,28,782
2026-01-21 03:55:33,google/gemma-2-9b,MMLU_selected_subjects,isot_true_669,meani,0.469,28,782
2026-01-21 04:02:00,google/gemma-2-9b,MMLU_selected_subjects,isot_true_67,clean,0.487,28,568
2026-01-21 04:08:26,google/gemma-2-9b,MMLU_selected_subjects,isot_true_67,meani,0.51,28,568
2026-01-21 04:14:48,google/gemma-2-9b,MMLU_selected_subjects,isot_true_670,clean,0.479,28,520
2026-01-21 04:21:08,google/gemma-2-9b,MMLU_selected_subjects,isot_true_670,meani,0.47,28,520
2026-01-21 04:27:11,google/gemma-2-9b,MMLU_selected_subjects,isot_true_671,clean,0.459,28,336
2026-01-21 04:33:17,google/gemma-2-9b,MMLU_selected_subjects,isot_true_671,meani,0.376,28,336
2026-01-21 04:39:31,google/gemma-2-9b,MMLU_selected_subjects,isot_true_672,clean,0.534,28,498
2026-01-21 04:45:49,google/gemma-2-9b,MMLU_selected_subjects,isot_true_672,meani,0.495,28,498
2026-01-21 04:52:02,google/gemma-2-9b,MMLU_selected_subjects,isot_true_673,clean,0.476,28,395
2026-01-21 04:58:07,google/gemma-2-9b,MMLU_selected_subjects,isot_true_673,meani,0.493,28,395
2026-01-21 05:04:40,google/gemma-2-9b,MMLU_selected_subjects,isot_true_674,clean,0.51,28,652
2026-01-21 05:11:12,google/gemma-2-9b,MMLU_selected_subjects,isot_true_674,meani,0.499,28,652
2026-01-21 05:17:25,google/gemma-2-9b,MMLU_selected_subjects,isot_true_675,clean,0.493,28,318
2026-01-21 05:23:25,google/gemma-2-9b,MMLU_selected_subjects,isot_true_675,meani,0.476,28,318
2026-01-21 05:29:28,google/gemma-2-9b,MMLU_selected_subjects,isot_true_676,clean,0.473,28,361
2026-01-21 05:35:31,google/gemma-2-9b,MMLU_selected_subjects,isot_true_676,meani,0.498,28,361
2026-01-21 05:41:43,google/gemma-2-9b,MMLU_selected_subjects,isot_true_677,clean,0.488,28,506
2026-01-21 05:47:54,google/gemma-2-9b,MMLU_selected_subjects,isot_true_677,meani,0.465,28,506
2026-01-21 05:54:27,google/gemma-2-9b,MMLU_selected_subjects,isot_true_678,clean,0.461,28,596
2026-01-21 06:01:06,google/gemma-2-9b,MMLU_selected_subjects,isot_true_678,meani,0.509,28,596
2026-01-21 06:07:13,google/gemma-2-9b,MMLU_selected_subjects,isot_true_679,clean,0.438,28,337
2026-01-21 06:13:17,google/gemma-2-9b,MMLU_selected_subjects,isot_true_679,meani,0.274,28,337
2026-01-21 06:19:22,google/gemma-2-9b,MMLU_selected_subjects,isot_true_68,clean,0.479,28,346
2026-01-21 06:25:25,google/gemma-2-9b,MMLU_selected_subjects,isot_true_68,meani,0.428,28,346
2026-01-21 06:31:49,google/gemma-2-9b,MMLU_selected_subjects,isot_true_680,clean,0.473,28,580
2026-01-21 06:38:13,google/gemma-2-9b,MMLU_selected_subjects,isot_true_680,meani,0.393,28,580
2026-01-21 06:44:36,google/gemma-2-9b,MMLU_selected_subjects,isot_true_681,clean,0.492,28,550
2026-01-21 06:50:57,google/gemma-2-9b,MMLU_selected_subjects,isot_true_681,meani,0.465,28,550
2026-01-21 06:57:01,google/gemma-2-9b,MMLU_selected_subjects,isot_true_682,clean,0.488,28,410
2026-01-21 07:03:02,google/gemma-2-9b,MMLU_selected_subjects,isot_true_682,meani,0.48,28,410
2026-01-21 07:09:06,google/gemma-2-9b,MMLU_selected_subjects,isot_true_683,clean,0.49,28,338
2026-01-21 07:15:08,google/gemma-2-9b,MMLU_selected_subjects,isot_true_683,meani,0.436,28,338
2026-01-21 07:21:20,google/gemma-2-9b,MMLU_selected_subjects,isot_true_684,clean,0.511,28,497
2026-01-21 07:27:37,google/gemma-2-9b,MMLU_selected_subjects,isot_true_684,meani,0.478,28,497
2026-01-21 07:33:43,google/gemma-2-9b,MMLU_selected_subjects,isot_true_685,clean,0.453,28,451
2026-01-21 07:39:57,google/gemma-2-9b,MMLU_selected_subjects,isot_true_685,meani,0.382,28,451
2026-01-21 07:46:33,google/gemma-2-9b,MMLU_selected_subjects,isot_true_686,clean,0.462,28,656
2026-01-21 07:53:15,google/gemma-2-9b,MMLU_selected_subjects,isot_true_686,meani,0.444,28,656
2026-01-21 07:59:10,google/gemma-2-9b,MMLU_selected_subjects,isot_true_687,clean,0.51,28,262
2026-01-21 08:05:04,google/gemma-2-9b,MMLU_selected_subjects,isot_true_687,meani,0.47,28,262
2026-01-21 08:11:13,google/gemma-2-9b,MMLU_selected_subjects,isot_true_688,clean,0.504,28,480
2026-01-21 08:17:25,google/gemma-2-9b,MMLU_selected_subjects,isot_true_688,meani,0.509,28,480
2026-01-21 08:23:36,google/gemma-2-9b,MMLU_selected_subjects,isot_true_689,clean,0.458,28,466
2026-01-21 08:29:42,google/gemma-2-9b,MMLU_selected_subjects,isot_true_689,meani,0.474,28,466
2026-01-21 08:36:11,google/gemma-2-9b,MMLU_selected_subjects,isot_true_69,clean,0.506,28,724
2026-01-21 08:42:37,google/gemma-2-9b,MMLU_selected_subjects,isot_true_69,meani,0.507,28,724
2026-01-21 08:48:47,google/gemma-2-9b,MMLU_selected_subjects,isot_true_690,clean,0.516,28,480
2026-01-21 08:54:58,google/gemma-2-9b,MMLU_selected_subjects,isot_true_690,meani,0.52,28,480
2026-01-21 09:01:19,google/gemma-2-9b,MMLU_selected_subjects,isot_true_691,clean,0.49,28,643
2026-01-21 09:07:41,google/gemma-2-9b,MMLU_selected_subjects,isot_true_691,meani,0.491,28,643
2026-01-21 09:13:55,google/gemma-2-9b,MMLU_selected_subjects,isot_true_692,clean,0.511,28,536
2026-01-21 09:20:18,google/gemma-2-9b,MMLU_selected_subjects,isot_true_692,meani,0.477,28,536
2026-01-21 09:26:34,google/gemma-2-9b,MMLU_selected_subjects,isot_true_693,clean,0.471,28,635
2026-01-21 09:32:51,google/gemma-2-9b,MMLU_selected_subjects,isot_true_693,meani,0.446,28,635
2026-01-21 09:39:09,google/gemma-2-9b,MMLU_selected_subjects,isot_true_694,clean,0.515,28,610
2026-01-21 09:45:30,google/gemma-2-9b,MMLU_selected_subjects,isot_true_694,meani,0.531,28,610
2026-01-21 09:51:43,google/gemma-2-9b,MMLU_selected_subjects,isot_true_695,clean,0.45,28,446
2026-01-21 09:57:56,google/gemma-2-9b,MMLU_selected_subjects,isot_true_695,meani,0.354,28,446
2026-01-21 10:03:54,google/gemma-2-9b,MMLU_selected_subjects,isot_true_696,clean,0.523,28,337
2026-01-21 10:09:52,google/gemma-2-9b,MMLU_selected_subjects,isot_true_696,meani,0.494,28,337
2026-01-21 10:16:07,google/gemma-2-9b,MMLU_selected_subjects,isot_true_697,clean,0.525,28,446
2026-01-21 10:22:23,google/gemma-2-9b,MMLU_selected_subjects,isot_true_697,meani,0.516,28,446
2026-01-21 10:28:39,google/gemma-2-9b,MMLU_selected_subjects,isot_true_698,clean,0.409,28,628
2026-01-21 10:35:03,google/gemma-2-9b,MMLU_selected_subjects,isot_true_698,meani,0.444,28,628
2026-01-21 10:41:10,google/gemma-2-9b,MMLU_selected_subjects,isot_true_699,clean,0.534,28,399
2026-01-21 10:47:23,google/gemma-2-9b,MMLU_selected_subjects,isot_true_699,meani,0.519,28,399
2026-01-21 10:53:33,google/gemma-2-9b,MMLU_selected_subjects,isot_true_7,clean,0.523,28,395
2026-01-21 10:59:42,google/gemma-2-9b,MMLU_selected_subjects,isot_true_7,meani,0.512,28,395
2026-01-21 11:05:55,google/gemma-2-9b,MMLU_selected_subjects,isot_true_70,clean,0.5,28,458
2026-01-21 11:12:30,google/gemma-2-9b,MMLU_selected_subjects,isot_true_70,meani,0.444,28,458
2026-01-21 11:19:02,google/gemma-2-9b,MMLU_selected_subjects,isot_true_700,clean,0.52,28,640
2026-01-21 11:25:56,google/gemma-2-9b,MMLU_selected_subjects,isot_true_700,meani,0.434,28,640
2026-01-21 11:32:33,google/gemma-2-9b,MMLU_selected_subjects,isot_true_701,clean,0.49,28,537
2026-01-21 11:39:00,google/gemma-2-9b,MMLU_selected_subjects,isot_true_701,meani,0.494,28,537
2026-01-21 11:45:34,google/gemma-2-9b,MMLU_selected_subjects,isot_true_702,clean,0.344,28,690
2026-01-21 11:52:07,google/gemma-2-9b,MMLU_selected_subjects,isot_true_702,meani,0.188,28,690
2026-01-21 11:58:41,google/gemma-2-9b,MMLU_selected_subjects,isot_true_703,clean,0.509,28,656
2026-01-21 12:05:01,google/gemma-2-9b,MMLU_selected_subjects,isot_true_703,meani,0.47,28,656
2026-01-21 12:11:28,google/gemma-2-9b,MMLU_selected_subjects,isot_true_704,clean,0.513,28,713
2026-01-21 12:17:52,google/gemma-2-9b,MMLU_selected_subjects,isot_true_704,meani,0.528,28,713
2026-01-21 12:24:29,google/gemma-2-9b,MMLU_selected_subjects,isot_true_705,clean,0.462,28,783
2026-01-21 12:30:58,google/gemma-2-9b,MMLU_selected_subjects,isot_true_705,meani,0.43,28,783
2026-01-21 12:37:08,google/gemma-2-9b,MMLU_selected_subjects,isot_true_706,clean,0.516,28,433
2026-01-21 12:43:19,google/gemma-2-9b,MMLU_selected_subjects,isot_true_706,meani,0.441,28,433
2026-01-21 12:49:31,google/gemma-2-9b,MMLU_selected_subjects,isot_true_707,clean,0.477,28,504
2026-01-21 12:55:42,google/gemma-2-9b,MMLU_selected_subjects,isot_true_707,meani,0.544,28,504
2026-01-21 13:01:54,google/gemma-2-9b,MMLU_selected_subjects,isot_true_708,clean,0.526,28,492
2026-01-21 13:04:45,mistralai/Mistral-7B-Instruct-v0.3,MMLU_selected_subjects,isot_true_1,clean,0.544,28,220
2026-01-21 13:08:06,google/gemma-2-9b,MMLU_selected_subjects,isot_true_708,meani,0.474,28,492
2026-01-21 13:10:00,mistralai/Mistral-7B-Instruct-v0.3,MMLU_selected_subjects,isot_true_1,meani,0.557,28,220
2026-01-21 13:14:40,google/gemma-2-9b,MMLU_selected_subjects,isot_true_709,clean,0.444,28,702
2026-01-21 13:16:03,mistralai/Mistral-7B-Instruct-v0.3,MMLU_selected_subjects,isot_true_10,clean,0.549,28,746
2026-01-21 13:21:14,google/gemma-2-9b,MMLU_selected_subjects,isot_true_709,meani,0.413,28,702
2026-01-21 13:22:06,mistralai/Mistral-7B-Instruct-v0.3,MMLU_selected_subjects,isot_true_10,meani,0.558,28,746
2026-01-21 13:27:43,mistralai/Mistral-7B-Instruct-v0.3,MMLU_selected_subjects,isot_true_100,clean,0.554,28,506
2026-01-21 13:27:45,google/gemma-2-9b,MMLU_selected_subjects,isot_true_71,clean,0.421,28,615
2026-01-21 13:33:18,mistralai/Mistral-7B-Instruct-v0.3,MMLU_selected_subjects,isot_true_100,meani,0.557,28,506
2026-01-21 13:34:10,google/gemma-2-9b,MMLU_selected_subjects,isot_true_71,meani,0.371,28,615
2026-01-21 13:40:10,mistralai/Mistral-7B-Instruct-v0.3,MMLU_selected_subjects,isot_true_1000,clean,0.545,28,718
2026-01-21 13:41:49,google/gemma-2-9b,MMLU_selected_subjects,isot_true_710,clean,0.46,28,344
2026-01-21 13:46:27,mistralai/Mistral-7B-Instruct-v0.3,MMLU_selected_subjects,isot_true_1000,meani,0.552,28,718
2026-01-21 13:48:02,google/gemma-2-9b,MMLU_selected_subjects,isot_true_710,meani,0.393,28,344
2026-01-21 13:52:08,mistralai/Mistral-7B-Instruct-v0.3,MMLU_selected_subjects,isot_true_101,clean,0.547,28,606
2026-01-21 13:54:27,google/gemma-2-9b,MMLU_selected_subjects,isot_true_711,clean,0.429,28,575
2026-01-21 13:57:50,mistralai/Mistral-7B-Instruct-v0.3,MMLU_selected_subjects,isot_true_101,meani,0.537,28,606
2026-01-21 14:00:55,google/gemma-2-9b,MMLU_selected_subjects,isot_true_711,meani,0.298,28,575
2026-01-21 14:03:46,mistralai/Mistral-7B-Instruct-v0.3,MMLU_selected_subjects,isot_true_102,clean,0.547,28,502
2026-01-21 14:07:21,google/gemma-2-9b,MMLU_selected_subjects,isot_true_712,clean,0.427,28,633
2026-01-21 14:09:29,mistralai/Mistral-7B-Instruct-v0.3,MMLU_selected_subjects,isot_true_102,meani,0.553,28,502
2026-01-21 14:13:58,google/gemma-2-9b,MMLU_selected_subjects,isot_true_712,meani,0.364,28,633
2026-01-21 14:15:10,mistralai/Mistral-7B-Instruct-v0.3,MMLU_selected_subjects,isot_true_103,clean,0.548,28,430
2026-01-21 14:20:16,google/gemma-2-9b,MMLU_selected_subjects,isot_true_713,clean,0.459,28,550
2026-01-21 14:20:44,mistralai/Mistral-7B-Instruct-v0.3,MMLU_selected_subjects,isot_true_103,meani,0.551,28,430
2026-01-21 14:26:30,google/gemma-2-9b,MMLU_selected_subjects,isot_true_713,meani,0.456,28,550
2026-01-21 14:26:44,mistralai/Mistral-7B-Instruct-v0.3,MMLU_selected_subjects,isot_true_104,clean,0.551,28,720
2026-01-21 14:32:46,mistralai/Mistral-7B-Instruct-v0.3,MMLU_selected_subjects,isot_true_104,meani,0.543,28,720
2026-01-21 14:32:47,google/gemma-2-9b,MMLU_selected_subjects,isot_true_714,clean,0.469,28,398
2026-01-21 14:38:46,mistralai/Mistral-7B-Instruct-v0.3,MMLU_selected_subjects,isot_true_105,clean,0.544,28,753
2026-01-21 14:39:00,google/gemma-2-9b,MMLU_selected_subjects,isot_true_714,meani,0.497,28,398
2026-01-21 14:44:46,mistralai/Mistral-7B-Instruct-v0.3,MMLU_selected_subjects,isot_true_105,meani,0.549,28,753
2026-01-21 14:45:18,google/gemma-2-9b,MMLU_selected_subjects,isot_true_715,clean,0.439,28,564
2026-01-21 14:50:47,mistralai/Mistral-7B-Instruct-v0.3,MMLU_selected_subjects,isot_true_106,clean,0.553,28,734
2026-01-21 14:51:38,google/gemma-2-9b,MMLU_selected_subjects,isot_true_715,meani,0.44,28,564
2026-01-21 14:56:51,mistralai/Mistral-7B-Instruct-v0.3,MMLU_selected_subjects,isot_true_106,meani,0.559,28,734
2026-01-21 14:57:54,google/gemma-2-9b,MMLU_selected_subjects,isot_true_716,clean,0.477,28,460
2026-01-21 15:02:17,mistralai/Mistral-7B-Instruct-v0.3,MMLU_selected_subjects,isot_true_107,clean,0.548,28,370
2026-01-21 15:04:13,google/gemma-2-9b,MMLU_selected_subjects,isot_true_716,meani,0.475,28,460
2026-01-21 15:07:39,mistralai/Mistral-7B-Instruct-v0.3,MMLU_selected_subjects,isot_true_107,meani,0.546,28,370
2026-01-21 15:10:24,google/gemma-2-9b,MMLU_selected_subjects,isot_true_717,clean,0.485,28,524
2026-01-21 15:13:35,mistralai/Mistral-7B-Instruct-v0.3,MMLU_selected_subjects,isot_true_108,clean,0.548,28,770
2026-01-21 15:16:37,google/gemma-2-9b,MMLU_selected_subjects,isot_true_717,meani,0.459,28,524
2026-01-21 15:19:32,mistralai/Mistral-7B-Instruct-v0.3,MMLU_selected_subjects,isot_true_108,meani,0.562,28,770
2026-01-21 15:23:11,google/gemma-2-9b,MMLU_selected_subjects,isot_true_718,clean,0.423,28,601
2026-01-21 15:25:26,mistralai/Mistral-7B-Instruct-v0.3,MMLU_selected_subjects,isot_true_109,clean,0.55,28,745
2026-01-21 15:29:53,google/gemma-2-9b,MMLU_selected_subjects,isot_true_718,meani,0.449,28,601
2026-01-21 15:31:18,mistralai/Mistral-7B-Instruct-v0.3,MMLU_selected_subjects,isot_true_109,meani,0.557,28,745
2026-01-21 15:36:26,google/gemma-2-9b,MMLU_selected_subjects,isot_true_719,clean,0.491,28,731
2026-01-21 15:37:19,mistralai/Mistral-7B-Instruct-v0.3,MMLU_selected_subjects,isot_true_11,clean,0.54,28,741
2026-01-21 15:42:54,google/gemma-2-9b,MMLU_selected_subjects,isot_true_719,meani,0.447,28,731
2026-01-21 15:43:21,mistralai/Mistral-7B-Instruct-v0.3,MMLU_selected_subjects,isot_true_11,meani,0.535,28,741
2026-01-21 15:48:58,mistralai/Mistral-7B-Instruct-v0.3,MMLU_selected_subjects,isot_true_110,clean,0.549,28,401
2026-01-21 15:49:21,google/gemma-2-9b,MMLU_selected_subjects,isot_true_72,clean,0.487,28,628
2026-01-21 15:54:32,mistralai/Mistral-7B-Instruct-v0.3,MMLU_selected_subjects,isot_true_110,meani,0.553,28,401
2026-01-21 15:55:47,google/gemma-2-9b,MMLU_selected_subjects,isot_true_72,meani,0.494,28,628
2026-01-21 16:00:31,mistralai/Mistral-7B-Instruct-v0.3,MMLU_selected_subjects,isot_true_111,clean,0.55,28,688
2026-01-21 16:02:12,google/gemma-2-9b,MMLU_selected_subjects,isot_true_720,clean,0.428,28,607
2026-01-21 16:06:25,mistralai/Mistral-7B-Instruct-v0.3,MMLU_selected_subjects,isot_true_111,meani,0.548,28,688
2026-01-21 16:08:38,google/gemma-2-9b,MMLU_selected_subjects,isot_true_720,meani,0.435,28,607
2026-01-21 16:12:06,mistralai/Mistral-7B-Instruct-v0.3,MMLU_selected_subjects,isot_true_112,clean,0.545,28,492
2026-01-21 16:15:06,google/gemma-2-9b,MMLU_selected_subjects,isot_true_721,clean,0.425,28,669
2026-01-21 16:17:46,mistralai/Mistral-7B-Instruct-v0.3,MMLU_selected_subjects,isot_true_112,meani,0.547,28,492
2026-01-21 16:21:32,google/gemma-2-9b,MMLU_selected_subjects,isot_true_721,meani,0.418,28,669
2026-01-21 16:23:46,mistralai/Mistral-7B-Instruct-v0.3,MMLU_selected_subjects,isot_true_113,clean,0.537,28,743
2026-01-21 16:27:51,google/gemma-2-9b,MMLU_selected_subjects,isot_true_722,clean,0.444,28,501
2026-01-21 16:29:46,mistralai/Mistral-7B-Instruct-v0.3,MMLU_selected_subjects,isot_true_113,meani,0.543,28,743
2026-01-21 16:34:20,google/gemma-2-9b,MMLU_selected_subjects,isot_true_722,meani,0.406,28,501
2026-01-21 16:35:30,mistralai/Mistral-7B-Instruct-v0.3,MMLU_selected_subjects,isot_true_114,clean,0.545,28,537
2026-01-21 16:40:46,google/gemma-2-9b,MMLU_selected_subjects,isot_true_723,clean,0.458,28,502
2026-01-21 16:41:17,mistralai/Mistral-7B-Instruct-v0.3,MMLU_selected_subjects,isot_true_114,meani,0.554,28,537
2026-01-21 16:47:00,mistralai/Mistral-7B-Instruct-v0.3,MMLU_selected_subjects,isot_true_115,clean,0.543,28,594
2026-01-21 16:47:09,google/gemma-2-9b,MMLU_selected_subjects,isot_true_723,meani,0.447,28,502
2026-01-21 16:52:45,mistralai/Mistral-7B-Instruct-v0.3,MMLU_selected_subjects,isot_true_115,meani,0.552,28,594
2026-01-21 16:53:45,google/gemma-2-9b,MMLU_selected_subjects,isot_true_724,clean,0.473,28,687
2026-01-21 16:58:18,mistralai/Mistral-7B-Instruct-v0.3,MMLU_selected_subjects,isot_true_116,clean,0.538,28,415
2026-01-21 17:00:19,google/gemma-2-9b,MMLU_selected_subjects,isot_true_724,meani,0.48,28,687
2026-01-21 17:03:51,mistralai/Mistral-7B-Instruct-v0.3,MMLU_selected_subjects,isot_true_116,meani,0.551,28,415
2026-01-21 17:06:41,google/gemma-2-9b,MMLU_selected_subjects,isot_true_725,clean,0.406,28,625
2026-01-21 17:09:10,mistralai/Mistral-7B-Instruct-v0.3,MMLU_selected_subjects,isot_true_117,clean,0.544,28,237
2026-01-21 17:13:04,google/gemma-2-9b,MMLU_selected_subjects,isot_true_725,meani,0.347,28,625
2026-01-21 17:14:24,mistralai/Mistral-7B-Instruct-v0.3,MMLU_selected_subjects,isot_true_117,meani,0.545,28,237
2026-01-21 17:19:16,google/gemma-2-9b,MMLU_selected_subjects,isot_true_726,clean,0.452,28,427
2026-01-21 17:20:01,mistralai/Mistral-7B-Instruct-v0.3,MMLU_selected_subjects,isot_true_118,clean,0.545,28,386
2026-01-21 17:25:26,google/gemma-2-9b,MMLU_selected_subjects,isot_true_726,meani,0.446,28,427
2026-01-21 17:25:32,mistralai/Mistral-7B-Instruct-v0.3,MMLU_selected_subjects,isot_true_118,meani,0.556,28,386
2026-01-21 17:31:20,mistralai/Mistral-7B-Instruct-v0.3,MMLU_selected_subjects,isot_true_119,clean,0.554,28,528
2026-01-21 17:32:17,google/gemma-2-9b,MMLU_selected_subjects,isot_true_727,clean,0.512,28,792
2026-01-21 17:36:58,mistralai/Mistral-7B-Instruct-v0.3,MMLU_selected_subjects,isot_true_119,meani,0.557,28,528
2026-01-21 17:38:50,google/gemma-2-9b,MMLU_selected_subjects,isot_true_727,meani,0.497,28,792
2026-01-21 17:42:30,mistralai/Mistral-7B-Instruct-v0.3,MMLU_selected_subjects,isot_true_12,clean,0.548,28,438
2026-01-21 17:44:49,google/gemma-2-9b,MMLU_selected_subjects,isot_true_728,clean,0.493,28,268
2026-01-21 17:48:02,mistralai/Mistral-7B-Instruct-v0.3,MMLU_selected_subjects,isot_true_12,meani,0.546,28,438
2026-01-21 17:50:48,google/gemma-2-9b,MMLU_selected_subjects,isot_true_728,meani,0.505,28,268
2026-01-21 17:53:47,mistralai/Mistral-7B-Instruct-v0.3,MMLU_selected_subjects,isot_true_120,clean,0.541,28,642
2026-01-21 17:57:02,google/gemma-2-9b,MMLU_selected_subjects,isot_true_729,clean,0.518,28,474
2026-01-21 17:59:35,mistralai/Mistral-7B-Instruct-v0.3,MMLU_selected_subjects,isot_true_120,meani,0.541,28,642
2026-01-21 18:03:13,google/gemma-2-9b,MMLU_selected_subjects,isot_true_729,meani,0.487,28,474
2026-01-21 18:05:23,mistralai/Mistral-7B-Instruct-v0.3,MMLU_selected_subjects,isot_true_121,clean,0.564,28,569
2026-01-21 18:09:29,google/gemma-2-9b,MMLU_selected_subjects,isot_true_73,clean,0.462,28,457
2026-01-21 18:11:10,mistralai/Mistral-7B-Instruct-v0.3,MMLU_selected_subjects,isot_true_121,meani,0.557,28,569
2026-01-21 18:15:40,google/gemma-2-9b,MMLU_selected_subjects,isot_true_73,meani,0.439,28,457
2026-01-21 18:16:38,mistralai/Mistral-7B-Instruct-v0.3,MMLU_selected_subjects,isot_true_122,clean,0.547,28,406
2026-01-21 18:21:55,google/gemma-2-9b,MMLU_selected_subjects,isot_true_730,clean,0.509,28,522
2026-01-21 18:22:12,mistralai/Mistral-7B-Instruct-v0.3,MMLU_selected_subjects,isot_true_122,meani,0.545,28,406
2026-01-21 18:28:07,google/gemma-2-9b,MMLU_selected_subjects,isot_true_730,meani,0.512,28,522
2026-01-21 18:28:09,mistralai/Mistral-7B-Instruct-v0.3,MMLU_selected_subjects,isot_true_123,clean,0.542,28,783
2026-01-21 18:34:06,mistralai/Mistral-7B-Instruct-v0.3,MMLU_selected_subjects,isot_true_123,meani,0.543,28,783
2026-01-21 18:34:22,google/gemma-2-9b,MMLU_selected_subjects,isot_true_731,clean,0.448,28,468
2026-01-21 18:40:00,mistralai/Mistral-7B-Instruct-v0.3,MMLU_selected_subjects,isot_true_124,clean,0.548,28,697
2026-01-21 18:40:35,google/gemma-2-9b,MMLU_selected_subjects,isot_true_731,meani,0.317,28,468
2026-01-21 18:45:58,mistralai/Mistral-7B-Instruct-v0.3,MMLU_selected_subjects,isot_true_124,meani,0.553,28,697
2026-01-21 18:46:51,google/gemma-2-9b,MMLU_selected_subjects,isot_true_732,clean,0.508,28,472
2026-01-21 18:51:54,mistralai/Mistral-7B-Instruct-v0.3,MMLU_selected_subjects,isot_true_125,clean,0.544,28,657
2026-01-21 18:53:03,google/gemma-2-9b,MMLU_selected_subjects,isot_true_732,meani,0.483,28,472
2026-01-21 18:57:46,mistralai/Mistral-7B-Instruct-v0.3,MMLU_selected_subjects,isot_true_125,meani,0.559,28,657
2026-01-21 18:59:17,google/gemma-2-9b,MMLU_selected_subjects,isot_true_733,clean,0.482,28,525
2026-01-21 19:03:40,mistralai/Mistral-7B-Instruct-v0.3,MMLU_selected_subjects,isot_true_126,clean,0.559,28,744
2026-01-21 19:05:31,google/gemma-2-9b,MMLU_selected_subjects,isot_true_733,meani,0.422,28,525
2026-01-21 19:09:36,mistralai/Mistral-7B-Instruct-v0.3,MMLU_selected_subjects,isot_true_126,meani,0.552,28,744
2026-01-21 19:11:52,google/gemma-2-9b,MMLU_selected_subjects,isot_true_734,clean,0.451,28,672
2026-01-21 19:15:14,mistralai/Mistral-7B-Instruct-v0.3,MMLU_selected_subjects,isot_true_127,clean,0.543,28,553
2026-01-21 19:18:15,google/gemma-2-9b,MMLU_selected_subjects,isot_true_734,meani,0.32,28,672
2026-01-21 19:20:49,mistralai/Mistral-7B-Instruct-v0.3,MMLU_selected_subjects,isot_true_127,meani,0.551,28,553
2026-01-21 19:24:20,google/gemma-2-9b,MMLU_selected_subjects,isot_true_735,clean,0.523,28,380
2026-01-21 19:26:39,mistralai/Mistral-7B-Instruct-v0.3,MMLU_selected_subjects,isot_true_128,clean,0.542,28,682
2026-01-21 19:30:24,google/gemma-2-9b,MMLU_selected_subjects,isot_true_735,meani,0.496,28,380
2026-01-21 19:32:29,mistralai/Mistral-7B-Instruct-v0.3,MMLU_selected_subjects,isot_true_128,meani,0.551,28,682
2026-01-21 19:36:23,google/gemma-2-9b,MMLU_selected_subjects,isot_true_736,clean,0.503,28,297
2026-01-21 19:38:07,mistralai/Mistral-7B-Instruct-v0.3,MMLU_selected_subjects,isot_true_129,clean,0.541,28,520
2026-01-21 19:42:23,google/gemma-2-9b,MMLU_selected_subjects,isot_true_736,meani,0.411,28,297
2026-01-21 19:43:43,mistralai/Mistral-7B-Instruct-v0.3,MMLU_selected_subjects,isot_true_129,meani,0.546,28,520
2026-01-21 19:48:55,google/gemma-2-9b,MMLU_selected_subjects,isot_true_737,clean,0.417,28,656
2026-01-21 19:49:42,mistralai/Mistral-7B-Instruct-v0.3,MMLU_selected_subjects,isot_true_13,clean,0.545,28,792
2026-01-21 19:55:24,google/gemma-2-9b,MMLU_selected_subjects,isot_true_737,meani,0.39,28,656
2026-01-21 19:55:42,mistralai/Mistral-7B-Instruct-v0.3,MMLU_selected_subjects,isot_true_13,meani,0.555,28,792
2026-01-21 20:01:21,mistralai/Mistral-7B-Instruct-v0.3,MMLU_selected_subjects,isot_true_130,clean,0.556,28,445
2026-01-21 20:01:34,google/gemma-2-9b,MMLU_selected_subjects,isot_true_738,clean,0.493,28,424
2026-01-21 20:07:03,mistralai/Mistral-7B-Instruct-v0.3,MMLU_selected_subjects,isot_true_130,meani,0.544,28,445
2026-01-21 20:07:44,google/gemma-2-9b,MMLU_selected_subjects,isot_true_738,meani,0.443,28,424
2026-01-21 20:12:25,mistralai/Mistral-7B-Instruct-v0.3,MMLU_selected_subjects,isot_true_131,clean,0.552,28,333
2026-01-21 20:14:15,google/gemma-2-9b,MMLU_selected_subjects,isot_true_739,clean,0.499,28,611
2026-01-21 20:17:47,mistralai/Mistral-7B-Instruct-v0.3,MMLU_selected_subjects,isot_true_131,meani,0.559,28,333
2026-01-21 20:20:40,google/gemma-2-9b,MMLU_selected_subjects,isot_true_739,meani,0.489,28,611
2026-01-21 20:23:15,mistralai/Mistral-7B-Instruct-v0.3,MMLU_selected_subjects,isot_true_132,clean,0.537,28,340
2026-01-21 20:26:43,google/gemma-2-9b,MMLU_selected_subjects,isot_true_74,clean,0.495,28,226
2026-01-21 20:28:40,mistralai/Mistral-7B-Instruct-v0.3,MMLU_selected_subjects,isot_true_132,meani,0.546,28,340
2026-01-21 20:32:40,google/gemma-2-9b,MMLU_selected_subjects,isot_true_74,meani,0.392,28,226
2026-01-21 20:34:13,mistralai/Mistral-7B-Instruct-v0.3,MMLU_selected_subjects,isot_true_133,clean,0.554,28,423
2026-01-21 20:38:49,google/gemma-2-9b,MMLU_selected_subjects,isot_true_740,clean,0.495,28,401
2026-01-21 20:39:50,mistralai/Mistral-7B-Instruct-v0.3,MMLU_selected_subjects,isot_true_133,meani,0.558,28,423
2026-01-21 20:45:03,google/gemma-2-9b,MMLU_selected_subjects,isot_true_740,meani,0.463,28,401
2026-01-21 20:45:48,mistralai/Mistral-7B-Instruct-v0.3,MMLU_selected_subjects,isot_true_134,clean,0.546,28,706
2026-01-21 20:51:29,google/gemma-2-9b,MMLU_selected_subjects,isot_true_741,clean,0.398,28,625
2026-01-21 20:51:46,mistralai/Mistral-7B-Instruct-v0.3,MMLU_selected_subjects,isot_true_134,meani,0.545,28,706
2026-01-21 20:57:28,mistralai/Mistral-7B-Instruct-v0.3,MMLU_selected_subjects,isot_true_135,clean,0.557,28,508
2026-01-21 20:57:57,google/gemma-2-9b,MMLU_selected_subjects,isot_true_741,meani,0.446,28,625
2026-01-21 21:03:12,mistralai/Mistral-7B-Instruct-v0.3,MMLU_selected_subjects,isot_true_135,meani,0.548,28,508
2026-01-21 21:04:18,google/gemma-2-9b,MMLU_selected_subjects,isot_true_742,clean,0.518,28,457
2026-01-21 21:08:53,mistralai/Mistral-7B-Instruct-v0.3,MMLU_selected_subjects,isot_true_136,clean,0.544,28,541
2026-01-21 21:10:36,google/gemma-2-9b,MMLU_selected_subjects,isot_true_742,meani,0.485,28,457
2026-01-21 21:14:34,mistralai/Mistral-7B-Instruct-v0.3,MMLU_selected_subjects,isot_true_136,meani,0.546,28,541
2026-01-21 21:16:44,google/gemma-2-9b,MMLU_selected_subjects,isot_true_743,clean,0.454,28,446
2026-01-21 21:20:21,mistralai/Mistral-7B-Instruct-v0.3,MMLU_selected_subjects,isot_true_137,clean,0.55,28,626
2026-01-21 21:22:54,google/gemma-2-9b,MMLU_selected_subjects,isot_true_743,meani,0.295,28,446
2026-01-21 21:26:05,mistralai/Mistral-7B-Instruct-v0.3,MMLU_selected_subjects,isot_true_137,meani,0.549,28,626
2026-01-21 21:28:55,google/gemma-2-9b,MMLU_selected_subjects,isot_true_744,clean,0.518,28,316
2026-01-21 21:31:39,mistralai/Mistral-7B-Instruct-v0.3,MMLU_selected_subjects,isot_true_138,clean,0.555,28,480
2026-01-21 21:34:58,google/gemma-2-9b,MMLU_selected_subjects,isot_true_744,meani,0.516,28,316
2026-01-21 21:37:13,mistralai/Mistral-7B-Instruct-v0.3,MMLU_selected_subjects,isot_true_138,meani,0.555,28,480
2026-01-21 21:41:08,google/gemma-2-9b,MMLU_selected_subjects,isot_true_745,clean,0.504,28,521
2026-01-21 21:42:39,mistralai/Mistral-7B-Instruct-v0.3,MMLU_selected_subjects,isot_true_139,clean,0.548,28,387
2026-01-21 21:47:29,google/gemma-2-9b,MMLU_selected_subjects,isot_true_745,meani,0.516,28,521
2026-01-21 21:48:08,mistralai/Mistral-7B-Instruct-v0.3,MMLU_selected_subjects,isot_true_139,meani,0.553,28,387
2026-01-21 21:53:38,mistralai/Mistral-7B-Instruct-v0.3,MMLU_selected_subjects,isot_true_14,clean,0.552,28,351
2026-01-21 21:53:58,google/gemma-2-9b,MMLU_selected_subjects,isot_true_746,clean,0.49,28,718
2026-01-21 21:59:06,mistralai/Mistral-7B-Instruct-v0.3,MMLU_selected_subjects,isot_true_14,meani,0.545,28,351
2026-01-21 22:00:30,google/gemma-2-9b,MMLU_selected_subjects,isot_true_746,meani,0.483,28,718
2026-01-21 22:04:44,mistralai/Mistral-7B-Instruct-v0.3,MMLU_selected_subjects,isot_true_140,clean,0.552,28,528
2026-01-21 22:06:32,google/gemma-2-9b,MMLU_selected_subjects,isot_true_747,clean,0.48,28,214
2026-01-21 22:10:25,mistralai/Mistral-7B-Instruct-v0.3,MMLU_selected_subjects,isot_true_140,meani,0.55,28,528
2026-01-21 22:12:29,google/gemma-2-9b,MMLU_selected_subjects,isot_true_747,meani,0.465,28,214
2026-01-21 22:15:57,mistralai/Mistral-7B-Instruct-v0.3,MMLU_selected_subjects,isot_true_141,clean,0.549,28,485
2026-01-21 22:18:40,google/gemma-2-9b,MMLU_selected_subjects,isot_true_748,clean,0.479,28,440
2026-01-21 22:21:30,mistralai/Mistral-7B-Instruct-v0.3,MMLU_selected_subjects,isot_true_141,meani,0.554,28,485
2026-01-21 22:24:57,google/gemma-2-9b,MMLU_selected_subjects,isot_true_748,meani,0.44,28,440
2026-01-21 22:27:23,mistralai/Mistral-7B-Instruct-v0.3,MMLU_selected_subjects,isot_true_142,clean,0.553,28,718
2026-01-21 22:31:07,google/gemma-2-9b,MMLU_selected_subjects,isot_true_749,clean,0.529,28,298
2026-01-21 22:33:15,mistralai/Mistral-7B-Instruct-v0.3,MMLU_selected_subjects,isot_true_142,meani,0.546,28,718
2026-01-21 22:37:14,google/gemma-2-9b,MMLU_selected_subjects,isot_true_749,meani,0.524,28,298
2026-01-21 22:39:16,mistralai/Mistral-7B-Instruct-v0.3,MMLU_selected_subjects,isot_true_143,clean,0.545,28,688
2026-01-21 22:43:40,google/gemma-2-9b,MMLU_selected_subjects,isot_true_75,clean,0.458,28,651
2026-01-21 22:45:12,mistralai/Mistral-7B-Instruct-v0.3,MMLU_selected_subjects,isot_true_143,meani,0.543,28,688
2026-01-21 22:50:08,google/gemma-2-9b,MMLU_selected_subjects,isot_true_75,meani,0.5,28,651
2026-01-21 22:50:44,mistralai/Mistral-7B-Instruct-v0.3,MMLU_selected_subjects,isot_true_144,clean,0.554,28,414
2026-01-21 22:56:18,mistralai/Mistral-7B-Instruct-v0.3,MMLU_selected_subjects,isot_true_144,meani,0.555,28,414
2026-01-21 22:56:36,google/gemma-2-9b,MMLU_selected_subjects,isot_true_750,clean,0.467,28,661
2026-01-21 23:02:07,mistralai/Mistral-7B-Instruct-v0.3,MMLU_selected_subjects,isot_true_145,clean,0.531,28,609
2026-01-21 23:03:07,google/gemma-2-9b,MMLU_selected_subjects,isot_true_750,meani,0.431,28,661
2026-01-21 23:07:49,mistralai/Mistral-7B-Instruct-v0.3,MMLU_selected_subjects,isot_true_145,meani,0.538,28,609
2026-01-21 23:09:38,google/gemma-2-9b,MMLU_selected_subjects,isot_true_751,clean,0.474,28,555
2026-01-21 23:13:40,mistralai/Mistral-7B-Instruct-v0.3,MMLU_selected_subjects,isot_true_146,clean,0.554,28,589
2026-01-21 23:16:02,google/gemma-2-9b,MMLU_selected_subjects,isot_true_751,meani,0.419,28,555
2026-01-21 23:19:24,mistralai/Mistral-7B-Instruct-v0.3,MMLU_selected_subjects,isot_true_146,meani,0.543,28,589
2026-01-21 23:22:10,google/gemma-2-9b,MMLU_selected_subjects,isot_true_752,clean,0.516,28,420
2026-01-21 23:24:54,mistralai/Mistral-7B-Instruct-v0.3,MMLU_selected_subjects,isot_true_147,clean,0.557,28,347
2026-01-21 23:28:15,google/gemma-2-9b,MMLU_selected_subjects,isot_true_752,meani,0.524,28,420
2026-01-21 23:30:17,mistralai/Mistral-7B-Instruct-v0.3,MMLU_selected_subjects,isot_true_147,meani,0.549,28,347
2026-01-21 23:34:29,google/gemma-2-9b,MMLU_selected_subjects,isot_true_753,clean,0.486,28,390
2026-01-21 23:35:51,mistralai/Mistral-7B-Instruct-v0.3,MMLU_selected_subjects,isot_true_148,clean,0.557,28,407
2026-01-21 23:40:53,google/gemma-2-9b,MMLU_selected_subjects,isot_true_753,meani,0.409,28,390
2026-01-21 23:41:34,mistralai/Mistral-7B-Instruct-v0.3,MMLU_selected_subjects,isot_true_148,meani,0.551,28,407
2026-01-21 23:47:26,google/gemma-2-9b,MMLU_selected_subjects,isot_true_754,clean,0.436,28,538
2026-01-21 23:47:35,mistralai/Mistral-7B-Instruct-v0.3,MMLU_selected_subjects,isot_true_149,clean,0.541,28,554
2026-01-21 23:53:32,mistralai/Mistral-7B-Instruct-v0.3,MMLU_selected_subjects,isot_true_149,meani,0.544,28,554
2026-01-21 23:54:05,google/gemma-2-9b,MMLU_selected_subjects,isot_true_754,meani,0.434,28,538
2026-01-21 23:59:23,mistralai/Mistral-7B-Instruct-v0.3,MMLU_selected_subjects,isot_true_15,clean,0.549,28,450
2026-01-22 00:00:31,google/gemma-2-9b,MMLU_selected_subjects,isot_true_755,clean,0.471,28,438
2026-01-22 00:05:10,mistralai/Mistral-7B-Instruct-v0.3,MMLU_selected_subjects,isot_true_15,meani,0.541,28,450
2026-01-22 00:06:54,google/gemma-2-9b,MMLU_selected_subjects,isot_true_755,meani,0.354,28,438
2026-01-22 00:11:06,mistralai/Mistral-7B-Instruct-v0.3,MMLU_selected_subjects,isot_true_150,clean,0.54,28,620
2026-01-22 00:13:43,google/gemma-2-9b,MMLU_selected_subjects,isot_true_756,clean,0.519,28,694
2026-01-22 00:17:01,mistralai/Mistral-7B-Instruct-v0.3,MMLU_selected_subjects,isot_true_150,meani,0.558,28,620
2026-01-22 00:20:35,google/gemma-2-9b,MMLU_selected_subjects,isot_true_756,meani,0.494,28,694
2026-01-22 00:22:40,mistralai/Mistral-7B-Instruct-v0.3,MMLU_selected_subjects,isot_true_151,clean,0.549,28,332
2026-01-22 00:27:10,google/gemma-2-9b,MMLU_selected_subjects,isot_true_757,clean,0.502,28,565
2026-01-22 00:28:16,mistralai/Mistral-7B-Instruct-v0.3,MMLU_selected_subjects,isot_true_151,meani,0.542,28,332
2026-01-22 00:35:03,google/gemma-2-9b,MMLU_selected_subjects,isot_true_757,meani,0.401,28,565
2026-01-22 00:36:23,mistralai/Mistral-7B-Instruct-v0.3,MMLU_selected_subjects,isot_true_152,clean,0.556,28,609
2026-01-22 00:41:40,google/gemma-2-9b,MMLU_selected_subjects,isot_true_758,clean,0.533,28,506
2026-01-22 00:42:29,mistralai/Mistral-7B-Instruct-v0.3,MMLU_selected_subjects,isot_true_152,meani,0.546,28,609
2026-01-22 00:48:23,mistralai/Mistral-7B-Instruct-v0.3,MMLU_selected_subjects,isot_true_153,clean,0.539,28,388
2026-01-22 00:48:28,google/gemma-2-9b,MMLU_selected_subjects,isot_true_758,meani,0.534,28,506
2026-01-22 00:55:00,mistralai/Mistral-7B-Instruct-v0.3,MMLU_selected_subjects,isot_true_153,meani,0.543,28,388
2026-01-22 00:56:50,google/gemma-2-9b,MMLU_selected_subjects,isot_true_759,clean,0.395,28,785
2026-01-22 01:01:04,mistralai/Mistral-7B-Instruct-v0.3,MMLU_selected_subjects,isot_true_154,clean,0.547,28,527
2026-01-22 01:04:03,google/gemma-2-9b,MMLU_selected_subjects,isot_true_759,meani,0.403,28,785
2026-01-22 01:07:08,mistralai/Mistral-7B-Instruct-v0.3,MMLU_selected_subjects,isot_true_154,meani,0.543,28,527
2026-01-22 01:11:01,google/gemma-2-9b,MMLU_selected_subjects,isot_true_76,clean,0.412,28,762
2026-01-22 01:13:11,mistralai/Mistral-7B-Instruct-v0.3,MMLU_selected_subjects,isot_true_155,clean,0.552,28,689
2026-01-22 01:17:38,google/gemma-2-9b,MMLU_selected_subjects,isot_true_76,meani,0.454,28,762
2026-01-22 01:19:01,mistralai/Mistral-7B-Instruct-v0.3,MMLU_selected_subjects,isot_true_155,meani,0.548,28,689
2026-01-22 01:23:38,google/gemma-2-9b,MMLU_selected_subjects,isot_true_760,clean,0.518,28,300
2026-01-22 01:24:56,mistralai/Mistral-7B-Instruct-v0.3,MMLU_selected_subjects,isot_true_156,clean,0.543,28,735
2026-01-22 01:29:39,google/gemma-2-9b,MMLU_selected_subjects,isot_true_760,meani,0.451,28,300
2026-01-22 01:30:47,mistralai/Mistral-7B-Instruct-v0.3,MMLU_selected_subjects,isot_true_156,meani,0.547,28,735
2026-01-22 01:35:57,google/gemma-2-9b,MMLU_selected_subjects,isot_true_761,clean,0.484,28,520
2026-01-22 01:36:27,mistralai/Mistral-7B-Instruct-v0.3,MMLU_selected_subjects,isot_true_157,clean,0.547,28,452
2026-01-22 01:42:00,mistralai/Mistral-7B-Instruct-v0.3,MMLU_selected_subjects,isot_true_157,meani,0.555,28,452
2026-01-22 01:42:14,google/gemma-2-9b,MMLU_selected_subjects,isot_true_761,meani,0.511,28,520
2026-01-22 01:47:33,mistralai/Mistral-7B-Instruct-v0.3,MMLU_selected_subjects,isot_true_158,clean,0.542,28,455
2026-01-22 01:48:41,google/gemma-2-9b,MMLU_selected_subjects,isot_true_762,clean,0.461,28,588
2026-01-22 01:53:06,mistralai/Mistral-7B-Instruct-v0.3,MMLU_selected_subjects,isot_true_158,meani,0.548,28,455
2026-01-22 01:55:09,google/gemma-2-9b,MMLU_selected_subjects,isot_true_762,meani,0.393,28,588
2026-01-22 01:58:33,mistralai/Mistral-7B-Instruct-v0.3,MMLU_selected_subjects,isot_true_159,clean,0.549,28,353
2026-01-22 02:01:24,google/gemma-2-9b,MMLU_selected_subjects,isot_true_763,clean,0.514,28,460
2026-01-22 02:04:00,mistralai/Mistral-7B-Instruct-v0.3,MMLU_selected_subjects,isot_true_159,meani,0.539,28,353
2026-01-22 02:07:35,google/gemma-2-9b,MMLU_selected_subjects,isot_true_763,meani,0.507,28,460
2026-01-22 02:09:38,mistralai/Mistral-7B-Instruct-v0.3,MMLU_selected_subjects,isot_true_16,clean,0.547,28,569
2026-01-22 02:14:05,google/gemma-2-9b,MMLU_selected_subjects,isot_true_764,clean,0.537,28,644
2026-01-22 02:15:17,mistralai/Mistral-7B-Instruct-v0.3,MMLU_selected_subjects,isot_true_16,meani,0.559,28,569
2026-01-22 02:20:35,google/gemma-2-9b,MMLU_selected_subjects,isot_true_764,meani,0.53,28,644
2026-01-22 02:20:42,mistralai/Mistral-7B-Instruct-v0.3,MMLU_selected_subjects,isot_true_160,clean,0.547,28,318
2026-01-22 02:26:05,mistralai/Mistral-7B-Instruct-v0.3,MMLU_selected_subjects,isot_true_160,meani,0.553,28,318
2026-01-22 02:26:45,google/gemma-2-9b,MMLU_selected_subjects,isot_true_765,clean,0.451,28,388
2026-01-22 02:31:43,mistralai/Mistral-7B-Instruct-v0.3,MMLU_selected_subjects,isot_true_161,clean,0.548,28,515
2026-01-22 02:32:53,google/gemma-2-9b,MMLU_selected_subjects,isot_true_765,meani,0.379,28,388
2026-01-22 02:37:18,mistralai/Mistral-7B-Instruct-v0.3,MMLU_selected_subjects,isot_true_161,meani,0.543,28,515
2026-01-22 02:39:07,google/gemma-2-9b,MMLU_selected_subjects,isot_true_766,clean,0.46,28,446
2026-01-22 02:42:58,mistralai/Mistral-7B-Instruct-v0.3,MMLU_selected_subjects,isot_true_162,clean,0.562,28,544
2026-01-22 02:45:20,google/gemma-2-9b,MMLU_selected_subjects,isot_true_766,meani,0.45,28,446
2026-01-22 02:48:38,mistralai/Mistral-7B-Instruct-v0.3,MMLU_selected_subjects,isot_true_162,meani,0.552,28,544
2026-01-22 02:51:28,google/gemma-2-9b,MMLU_selected_subjects,isot_true_767,clean,0.497,28,426
2026-01-22 02:54:11,mistralai/Mistral-7B-Instruct-v0.3,MMLU_selected_subjects,isot_true_163,clean,0.542,28,473
2026-01-22 02:57:38,google/gemma-2-9b,MMLU_selected_subjects,isot_true_767,meani,0.469,28,426
2026-01-22 02:59:43,mistralai/Mistral-7B-Instruct-v0.3,MMLU_selected_subjects,isot_true_163,meani,0.553,28,473
2026-01-22 03:03:49,google/gemma-2-9b,MMLU_selected_subjects,isot_true_768,clean,0.496,28,452
2026-01-22 03:05:27,mistralai/Mistral-7B-Instruct-v0.3,MMLU_selected_subjects,isot_true_164,clean,0.54,28,562
2026-01-22 03:09:59,google/gemma-2-9b,MMLU_selected_subjects,isot_true_768,meani,0.436,28,452
2026-01-22 03:11:08,mistralai/Mistral-7B-Instruct-v0.3,MMLU_selected_subjects,isot_true_164,meani,0.553,28,562
2026-01-22 03:16:27,google/gemma-2-9b,MMLU_selected_subjects,isot_true_769,clean,0.465,28,729
2026-01-22 03:16:43,mistralai/Mistral-7B-Instruct-v0.3,MMLU_selected_subjects,isot_true_165,clean,0.555,28,461
2026-01-22 03:22:19,mistralai/Mistral-7B-Instruct-v0.3,MMLU_selected_subjects,isot_true_165,meani,0.547,28,461
2026-01-22 03:23:06,google/gemma-2-9b,MMLU_selected_subjects,isot_true_769,meani,0.526,28,729
2026-01-22 03:27:52,mistralai/Mistral-7B-Instruct-v0.3,MMLU_selected_subjects,isot_true_166,clean,0.54,28,410
2026-01-22 03:29:20,google/gemma-2-9b,MMLU_selected_subjects,isot_true_77,clean,0.475,28,520
2026-01-22 03:33:23,mistralai/Mistral-7B-Instruct-v0.3,MMLU_selected_subjects,isot_true_166,meani,0.55,28,410
2026-01-22 03:35:29,google/gemma-2-9b,MMLU_selected_subjects,isot_true_77,meani,0.481,28,520
2026-01-22 03:38:58,mistralai/Mistral-7B-Instruct-v0.3,MMLU_selected_subjects,isot_true_167,clean,0.554,28,517
2026-01-22 03:41:41,google/gemma-2-9b,MMLU_selected_subjects,isot_true_770,clean,0.459,28,441
2026-01-22 03:44:34,mistralai/Mistral-7B-Instruct-v0.3,MMLU_selected_subjects,isot_true_167,meani,0.547,28,517
2026-01-22 03:47:57,google/gemma-2-9b,MMLU_selected_subjects,isot_true_770,meani,0.401,28,441
2026-01-22 03:50:33,mistralai/Mistral-7B-Instruct-v0.3,MMLU_selected_subjects,isot_true_168,clean,0.543,28,768
2026-01-22 03:54:23,google/gemma-2-9b,MMLU_selected_subjects,isot_true_771,clean,0.46,28,584
2026-01-22 03:56:31,mistralai/Mistral-7B-Instruct-v0.3,MMLU_selected_subjects,isot_true_168,meani,0.553,28,768
2026-01-22 04:00:51,google/gemma-2-9b,MMLU_selected_subjects,isot_true_771,meani,0.45,28,584
2026-01-22 04:02:06,mistralai/Mistral-7B-Instruct-v0.3,MMLU_selected_subjects,isot_true_169,clean,0.551,28,416
2026-01-22 04:07:18,google/gemma-2-9b,MMLU_selected_subjects,isot_true_772,clean,0.5,28,642
2026-01-22 04:07:39,mistralai/Mistral-7B-Instruct-v0.3,MMLU_selected_subjects,isot_true_169,meani,0.55,28,416
2026-01-22 04:13:06,mistralai/Mistral-7B-Instruct-v0.3,MMLU_selected_subjects,isot_true_17,clean,0.543,28,340
2026-01-22 04:13:46,google/gemma-2-9b,MMLU_selected_subjects,isot_true_772,meani,0.451,28,642
2026-01-22 04:18:34,mistralai/Mistral-7B-Instruct-v0.3,MMLU_selected_subjects,isot_true_17,meani,0.547,28,340
2026-01-22 04:19:58,google/gemma-2-9b,MMLU_selected_subjects,isot_true_773,clean,0.533,28,468
2026-01-22 04:24:14,mistralai/Mistral-7B-Instruct-v0.3,MMLU_selected_subjects,isot_true_170,clean,0.547,28,461
2026-01-22 04:26:09,google/gemma-2-9b,MMLU_selected_subjects,isot_true_773,meani,0.527,28,468
2026-01-22 04:29:53,mistralai/Mistral-7B-Instruct-v0.3,MMLU_selected_subjects,isot_true_170,meani,0.542,28,461
2026-01-22 04:32:25,google/gemma-2-9b,MMLU_selected_subjects,isot_true_774,clean,0.451,28,560
2026-01-22 04:35:30,mistralai/Mistral-7B-Instruct-v0.3,MMLU_selected_subjects,isot_true_171,clean,0.557,28,427
2026-01-22 04:38:44,google/gemma-2-9b,MMLU_selected_subjects,isot_true_774,meani,0.511,28,560
2026-01-22 04:41:03,mistralai/Mistral-7B-Instruct-v0.3,MMLU_selected_subjects,isot_true_171,meani,0.552,28,427
2026-01-22 04:45:11,google/gemma-2-9b,MMLU_selected_subjects,isot_true_775,clean,0.442,28,693
2026-01-22 04:46:44,mistralai/Mistral-7B-Instruct-v0.3,MMLU_selected_subjects,isot_true_172,clean,0.55,28,572
2026-01-22 04:51:35,google/gemma-2-9b,MMLU_selected_subjects,isot_true_775,meani,0.507,28,693
2026-01-22 04:52:26,mistralai/Mistral-7B-Instruct-v0.3,MMLU_selected_subjects,isot_true_172,meani,0.551,28,572
2026-01-22 04:57:53,google/gemma-2-9b,MMLU_selected_subjects,isot_true_776,clean,0.508,28,498
2026-01-22 04:58:01,mistralai/Mistral-7B-Instruct-v0.3,MMLU_selected_subjects,isot_true_173,clean,0.541,28,473
2026-01-22 05:03:37,mistralai/Mistral-7B-Instruct-v0.3,MMLU_selected_subjects,isot_true_173,meani,0.545,28,473
2026-01-22 05:04:07,google/gemma-2-9b,MMLU_selected_subjects,isot_true_776,meani,0.428,28,498
2026-01-22 05:09:00,mistralai/Mistral-7B-Instruct-v0.3,MMLU_selected_subjects,isot_true_174,clean,0.535,28,322
2026-01-22 05:10:23,google/gemma-2-9b,MMLU_selected_subjects,isot_true_777,clean,0.535,28,544
2026-01-22 05:14:19,mistralai/Mistral-7B-Instruct-v0.3,MMLU_selected_subjects,isot_true_174,meani,0.541,28,322
2026-01-22 05:16:37,google/gemma-2-9b,MMLU_selected_subjects,isot_true_777,meani,0.505,28,544
2026-01-22 05:19:48,mistralai/Mistral-7B-Instruct-v0.3,MMLU_selected_subjects,isot_true_175,clean,0.548,28,375
2026-01-22 05:22:32,google/gemma-2-9b,MMLU_selected_subjects,isot_true_778,clean,0.475,28,267
2026-01-22 05:25:15,mistralai/Mistral-7B-Instruct-v0.3,MMLU_selected_subjects,isot_true_175,meani,0.547,28,375
2026-01-22 05:28:28,google/gemma-2-9b,MMLU_selected_subjects,isot_true_778,meani,0.354,28,267
2026-01-22 05:31:11,mistralai/Mistral-7B-Instruct-v0.3,MMLU_selected_subjects,isot_true_176,clean,0.551,28,725
2026-01-22 05:34:43,google/gemma-2-9b,MMLU_selected_subjects,isot_true_779,clean,0.434,28,565
2026-01-22 05:37:05,mistralai/Mistral-7B-Instruct-v0.3,MMLU_selected_subjects,isot_true_176,meani,0.545,28,725
2026-01-22 05:41:01,google/gemma-2-9b,MMLU_selected_subjects,isot_true_779,meani,0.418,28,565
2026-01-22 05:42:36,mistralai/Mistral-7B-Instruct-v0.3,MMLU_selected_subjects,isot_true_177,clean,0.553,28,489
2026-01-22 05:47:30,google/gemma-2-9b,MMLU_selected_subjects,isot_true_78,clean,0.521,28,765
2026-01-22 05:48:08,mistralai/Mistral-7B-Instruct-v0.3,MMLU_selected_subjects,isot_true_177,meani,0.553,28,489
2026-01-22 05:53:45,mistralai/Mistral-7B-Instruct-v0.3,MMLU_selected_subjects,isot_true_178,clean,0.538,28,553
2026-01-22 05:54:01,google/gemma-2-9b,MMLU_selected_subjects,isot_true_78,meani,0.517,28,765
2026-01-22 05:59:18,mistralai/Mistral-7B-Instruct-v0.3,MMLU_selected_subjects,isot_true_178,meani,0.54,28,553
2026-01-22 06:00:17,google/gemma-2-9b,MMLU_selected_subjects,isot_true_780,clean,0.517,28,577
2026-01-22 06:05:10,mistralai/Mistral-7B-Instruct-v0.3,MMLU_selected_subjects,isot_true_179,clean,0.563,28,582
2026-01-22 06:06:33,google/gemma-2-9b,MMLU_selected_subjects,isot_true_780,meani,0.476,28,577
2026-01-22 06:10:59,mistralai/Mistral-7B-Instruct-v0.3,MMLU_selected_subjects,isot_true_179,meani,0.555,28,582
2026-01-22 06:12:31,google/gemma-2-9b,MMLU_selected_subjects,isot_true_781,clean,0.49,28,214
2026-01-22 06:16:41,mistralai/Mistral-7B-Instruct-v0.3,MMLU_selected_subjects,isot_true_18,clean,0.546,28,565
2026-01-22 06:18:25,google/gemma-2-9b,MMLU_selected_subjects,isot_true_781,meani,0.451,28,214
2026-01-22 06:22:22,mistralai/Mistral-7B-Instruct-v0.3,MMLU_selected_subjects,isot_true_18,meani,0.543,28,565
2026-01-22 06:24:35,google/gemma-2-9b,MMLU_selected_subjects,isot_true_782,clean,0.492,28,388
2026-01-22 06:28:02,mistralai/Mistral-7B-Instruct-v0.3,MMLU_selected_subjects,isot_true_180,clean,0.547,28,480
2026-01-22 06:30:45,google/gemma-2-9b,MMLU_selected_subjects,isot_true_782,meani,0.339,28,388
2026-01-22 06:33:42,mistralai/Mistral-7B-Instruct-v0.3,MMLU_selected_subjects,isot_true_180,meani,0.549,28,480
2026-01-22 06:36:59,google/gemma-2-9b,MMLU_selected_subjects,isot_true_783,clean,0.474,28,537
2026-01-22 06:39:25,mistralai/Mistral-7B-Instruct-v0.3,MMLU_selected_subjects,isot_true_181,clean,0.548,28,585
2026-01-22 06:43:11,google/gemma-2-9b,MMLU_selected_subjects,isot_true_783,meani,0.442,28,537
2026-01-22 06:45:14,mistralai/Mistral-7B-Instruct-v0.3,MMLU_selected_subjects,isot_true_181,meani,0.548,28,585
2026-01-22 06:49:22,google/gemma-2-9b,MMLU_selected_subjects,isot_true_784,clean,0.522,28,412
2026-01-22 06:51:11,mistralai/Mistral-7B-Instruct-v0.3,MMLU_selected_subjects,isot_true_182,clean,0.543,28,723
2026-01-22 06:55:38,google/gemma-2-9b,MMLU_selected_subjects,isot_true_784,meani,0.516,28,412
2026-01-22 06:57:11,mistralai/Mistral-7B-Instruct-v0.3,MMLU_selected_subjects,isot_true_182,meani,0.546,28,723
2026-01-22 07:02:02,google/gemma-2-9b,MMLU_selected_subjects,isot_true_785,clean,0.499,28,505
2026-01-22 07:03:04,mistralai/Mistral-7B-Instruct-v0.3,MMLU_selected_subjects,isot_true_183,clean,0.547,28,653
2026-01-22 07:08:23,google/gemma-2-9b,MMLU_selected_subjects,isot_true_785,meani,0.488,28,505
2026-01-22 07:08:57,mistralai/Mistral-7B-Instruct-v0.3,MMLU_selected_subjects,isot_true_183,meani,0.533,28,653
2026-01-22 07:14:23,google/gemma-2-9b,MMLU_selected_subjects,isot_true_786,clean,0.427,28,222
2026-01-22 07:14:27,mistralai/Mistral-7B-Instruct-v0.3,MMLU_selected_subjects,isot_true_184,clean,0.542,28,405
2026-01-22 07:19:56,mistralai/Mistral-7B-Instruct-v0.3,MMLU_selected_subjects,isot_true_184,meani,0.551,28,405
2026-01-22 07:20:16,google/gemma-2-9b,MMLU_selected_subjects,isot_true_786,meani,0.243,28,222
2026-01-22 07:25:21,mistralai/Mistral-7B-Instruct-v0.3,MMLU_selected_subjects,isot_true_185,clean,0.553,28,334
2026-01-22 07:26:41,google/gemma-2-9b,MMLU_selected_subjects,isot_true_787,clean,0.507,28,551
2026-01-22 07:30:44,mistralai/Mistral-7B-Instruct-v0.3,MMLU_selected_subjects,isot_true_185,meani,0.54,28,334
2026-01-22 07:32:58,google/gemma-2-9b,MMLU_selected_subjects,isot_true_787,meani,0.465,28,551
2026-01-22 07:36:40,mistralai/Mistral-7B-Instruct-v0.3,MMLU_selected_subjects,isot_true_186,clean,0.554,28,649
2026-01-22 07:39:15,google/gemma-2-9b,MMLU_selected_subjects,isot_true_788,clean,0.49,28,559
2026-01-22 07:42:31,mistralai/Mistral-7B-Instruct-v0.3,MMLU_selected_subjects,isot_true_186,meani,0.552,28,649
2026-01-22 07:45:28,google/gemma-2-9b,MMLU_selected_subjects,isot_true_788,meani,0.521,28,559
2026-01-22 07:48:22,mistralai/Mistral-7B-Instruct-v0.3,MMLU_selected_subjects,isot_true_187,clean,0.551,28,675
2026-01-22 07:51:36,google/gemma-2-9b,MMLU_selected_subjects,isot_true_789,clean,0.524,28,401
2026-01-22 07:54:10,mistralai/Mistral-7B-Instruct-v0.3,MMLU_selected_subjects,isot_true_187,meani,0.542,28,675
2026-01-22 07:57:42,google/gemma-2-9b,MMLU_selected_subjects,isot_true_789,meani,0.439,28,401
2026-01-22 08:00:17,mistralai/Mistral-7B-Instruct-v0.3,MMLU_selected_subjects,isot_true_188,clean,0.56,28,732
2026-01-22 08:03:44,google/gemma-2-9b,MMLU_selected_subjects,isot_true_79,clean,0.505,28,248
2026-01-22 08:06:20,mistralai/Mistral-7B-Instruct-v0.3,MMLU_selected_subjects,isot_true_188,meani,0.544,28,732
2026-01-22 08:09:41,google/gemma-2-9b,MMLU_selected_subjects,isot_true_79,meani,0.51,28,248
2026-01-22 08:12:07,mistralai/Mistral-7B-Instruct-v0.3,MMLU_selected_subjects,isot_true_189,clean,0.537,28,607
2026-01-22 08:15:50,google/gemma-2-9b,MMLU_selected_subjects,isot_true_790,clean,0.502,28,333
2026-01-22 08:17:47,mistralai/Mistral-7B-Instruct-v0.3,MMLU_selected_subjects,isot_true_189,meani,0.55,28,607
2026-01-22 08:21:59,google/gemma-2-9b,MMLU_selected_subjects,isot_true_790,meani,0.473,28,333
2026-01-22 08:23:51,mistralai/Mistral-7B-Instruct-v0.3,MMLU_selected_subjects,isot_true_19,clean,0.537,28,794
2026-01-22 08:28:34,google/gemma-2-9b,MMLU_selected_subjects,isot_true_791,clean,0.461,28,717
2026-01-22 08:29:51,mistralai/Mistral-7B-Instruct-v0.3,MMLU_selected_subjects,isot_true_19,meani,0.544,28,794
2026-01-22 08:35:14,google/gemma-2-9b,MMLU_selected_subjects,isot_true_791,meani,0.498,28,717
2026-01-22 08:35:48,mistralai/Mistral-7B-Instruct-v0.3,MMLU_selected_subjects,isot_true_190,clean,0.552,28,689
2026-01-22 08:41:35,google/gemma-2-9b,MMLU_selected_subjects,isot_true_792,clean,0.448,28,543
2026-01-22 08:41:44,mistralai/Mistral-7B-Instruct-v0.3,MMLU_selected_subjects,isot_true_190,meani,0.549,28,689
2026-01-22 08:47:53,mistralai/Mistral-7B-Instruct-v0.3,MMLU_selected_subjects,isot_true_191,clean,0.562,28,755
2026-01-22 08:47:55,google/gemma-2-9b,MMLU_selected_subjects,isot_true_792,meani,0.409,28,543
2026-01-22 08:53:57,mistralai/Mistral-7B-Instruct-v0.3,MMLU_selected_subjects,isot_true_191,meani,0.552,28,755
2026-01-22 08:54:22,google/gemma-2-9b,MMLU_selected_subjects,isot_true_793,clean,0.417,28,711
2026-01-22 08:59:39,mistralai/Mistral-7B-Instruct-v0.3,MMLU_selected_subjects,isot_true_192,clean,0.541,28,491
2026-01-22 09:00:50,google/gemma-2-9b,MMLU_selected_subjects,isot_true_793,meani,0.49,28,711
2026-01-22 09:05:29,mistralai/Mistral-7B-Instruct-v0.3,MMLU_selected_subjects,isot_true_192,meani,0.548,28,491
2026-01-22 09:07:17,google/gemma-2-9b,MMLU_selected_subjects,isot_true_794,clean,0.482,28,572
2026-01-22 09:11:19,mistralai/Mistral-7B-Instruct-v0.3,MMLU_selected_subjects,isot_true_193,clean,0.549,28,588
2026-01-22 09:13:41,google/gemma-2-9b,MMLU_selected_subjects,isot_true_794,meani,0.529,28,572
2026-01-22 09:17:50,mistralai/Mistral-7B-Instruct-v0.3,MMLU_selected_subjects,isot_true_193,meani,0.554,28,588
2026-01-22 09:20:40,google/gemma-2-9b,MMLU_selected_subjects,isot_true_795,clean,0.497,28,401
2026-01-22 09:23:42,mistralai/Mistral-7B-Instruct-v0.3,MMLU_selected_subjects,isot_true_194,clean,0.551,28,648
2026-01-22 09:26:52,google/gemma-2-9b,MMLU_selected_subjects,isot_true_795,meani,0.507,28,401
2026-01-22 09:29:32,mistralai/Mistral-7B-Instruct-v0.3,MMLU_selected_subjects,isot_true_194,meani,0.542,28,648
2026-01-22 09:33:15,google/gemma-2-9b,MMLU_selected_subjects,isot_true_796,clean,0.448,28,579
2026-01-22 09:35:18,mistralai/Mistral-7B-Instruct-v0.3,MMLU_selected_subjects,isot_true_195,clean,0.547,28,521
2026-01-22 09:39:39,google/gemma-2-9b,MMLU_selected_subjects,isot_true_796,meani,0.353,28,579
2026-01-22 09:41:01,mistralai/Mistral-7B-Instruct-v0.3,MMLU_selected_subjects,isot_true_195,meani,0.552,28,521
2026-01-22 09:45:42,google/gemma-2-9b,MMLU_selected_subjects,isot_true_797,clean,0.494,28,405
2026-01-22 09:46:25,mistralai/Mistral-7B-Instruct-v0.3,MMLU_selected_subjects,isot_true_196,clean,0.55,28,290
2026-01-22 09:51:49,google/gemma-2-9b,MMLU_selected_subjects,isot_true_797,meani,0.527,28,405
2026-01-22 09:51:50,mistralai/Mistral-7B-Instruct-v0.3,MMLU_selected_subjects,isot_true_196,meani,0.555,28,290
2026-01-22 09:58:00,mistralai/Mistral-7B-Instruct-v0.3,MMLU_selected_subjects,isot_true_197,clean,0.549,28,779
2026-01-22 09:58:52,google/gemma-2-9b,MMLU_selected_subjects,isot_true_798,clean,0.456,28,765
2026-01-22 10:04:45,mistralai/Mistral-7B-Instruct-v0.3,MMLU_selected_subjects,isot_true_197,meani,0.549,28,779
2026-01-22 10:06:38,google/gemma-2-9b,MMLU_selected_subjects,isot_true_798,meani,0.525,28,765
2026-01-22 10:10:45,mistralai/Mistral-7B-Instruct-v0.3,MMLU_selected_subjects,isot_true_198,clean,0.541,28,210
2026-01-22 10:13:39,google/gemma-2-9b,MMLU_selected_subjects,isot_true_799,clean,0.443,28,526
2026-01-22 10:16:11,mistralai/Mistral-7B-Instruct-v0.3,MMLU_selected_subjects,isot_true_198,meani,0.544,28,210
2026-01-22 10:19:56,google/gemma-2-9b,MMLU_selected_subjects,isot_true_799,meani,0.406,28,526
2026-01-22 10:21:46,mistralai/Mistral-7B-Instruct-v0.3,MMLU_selected_subjects,isot_true_199,clean,0.541,28,467
2026-01-22 10:26:11,google/gemma-2-9b,MMLU_selected_subjects,isot_true_8,clean,0.508,28,453
2026-01-22 10:27:24,mistralai/Mistral-7B-Instruct-v0.3,MMLU_selected_subjects,isot_true_199,meani,0.546,28,467
2026-01-22 10:32:32,google/gemma-2-9b,MMLU_selected_subjects,isot_true_8,meani,0.48,28,453
2026-01-22 10:33:13,mistralai/Mistral-7B-Instruct-v0.3,MMLU_selected_subjects,isot_true_2,clean,0.54,28,534
2026-01-22 10:38:34,google/gemma-2-9b,MMLU_selected_subjects,isot_true_80,clean,0.493,28,314
2026-01-22 10:38:54,mistralai/Mistral-7B-Instruct-v0.3,MMLU_selected_subjects,isot_true_2,meani,0.546,28,534
2026-01-22 10:44:27,mistralai/Mistral-7B-Instruct-v0.3,MMLU_selected_subjects,isot_true_20,clean,0.554,28,387
2026-01-22 10:44:34,google/gemma-2-9b,MMLU_selected_subjects,isot_true_80,meani,0.488,28,314
2026-01-22 10:49:52,mistralai/Mistral-7B-Instruct-v0.3,MMLU_selected_subjects,isot_true_20,meani,0.556,28,387
2026-01-22 10:50:54,google/gemma-2-9b,MMLU_selected_subjects,isot_true_800,clean,0.514,28,573
2026-01-22 10:55:46,mistralai/Mistral-7B-Instruct-v0.3,MMLU_selected_subjects,isot_true_200,clean,0.55,28,717
2026-01-22 10:57:15,google/gemma-2-9b,MMLU_selected_subjects,isot_true_800,meani,0.462,28,573
2026-01-22 11:01:44,mistralai/Mistral-7B-Instruct-v0.3,MMLU_selected_subjects,isot_true_200,meani,0.532,28,717
2026-01-22 11:03:57,google/gemma-2-9b,MMLU_selected_subjects,isot_true_801,clean,0.496,28,535
2026-01-22 11:08:01,mistralai/Mistral-7B-Instruct-v0.3,MMLU_selected_subjects,isot_true_201,clean,0.549,28,528
2026-01-22 11:11:18,google/gemma-2-9b,MMLU_selected_subjects,isot_true_801,meani,0.482,28,535
2026-01-22 11:14:07,mistralai/Mistral-7B-Instruct-v0.3,MMLU_selected_subjects,isot_true_201,meani,0.558,28,528
2026-01-22 11:17:34,google/gemma-2-9b,MMLU_selected_subjects,isot_true_802,clean,0.513,28,405
2026-01-22 11:19:46,mistralai/Mistral-7B-Instruct-v0.3,MMLU_selected_subjects,isot_true_202,clean,0.553,28,388
2026-01-22 11:23:49,google/gemma-2-9b,MMLU_selected_subjects,isot_true_802,meani,0.471,28,405
2026-01-22 11:25:22,mistralai/Mistral-7B-Instruct-v0.3,MMLU_selected_subjects,isot_true_202,meani,0.552,28,388
2026-01-22 11:30:00,google/gemma-2-9b,MMLU_selected_subjects,isot_true_803,clean,0.465,28,398
2026-01-22 11:31:11,mistralai/Mistral-7B-Instruct-v0.3,MMLU_selected_subjects,isot_true_203,clean,0.546,28,594
2026-01-22 11:36:10,google/gemma-2-9b,MMLU_selected_subjects,isot_true_803,meani,0.513,28,398
2026-01-22 11:36:56,mistralai/Mistral-7B-Instruct-v0.3,MMLU_selected_subjects,isot_true_203,meani,0.541,28,594
2026-01-22 11:42:36,google/gemma-2-9b,MMLU_selected_subjects,isot_true_804,clean,0.516,28,632
2026-01-22 11:43:07,mistralai/Mistral-7B-Instruct-v0.3,MMLU_selected_subjects,isot_true_204,clean,0.553,28,764
2026-01-22 11:49:07,google/gemma-2-9b,MMLU_selected_subjects,isot_true_804,meani,0.483,28,632
2026-01-22 11:49:18,mistralai/Mistral-7B-Instruct-v0.3,MMLU_selected_subjects,isot_true_204,meani,0.547,28,764
2026-01-22 11:55:09,mistralai/Mistral-7B-Instruct-v0.3,MMLU_selected_subjects,isot_true_205,clean,0.546,28,612
2026-01-22 11:55:36,google/gemma-2-9b,MMLU_selected_subjects,isot_true_805,clean,0.524,28,686
2026-01-22 12:01:00,mistralai/Mistral-7B-Instruct-v0.3,MMLU_selected_subjects,isot_true_205,meani,0.537,28,612
2026-01-22 12:02:04,google/gemma-2-9b,MMLU_selected_subjects,isot_true_805,meani,0.519,28,686
2026-01-22 12:06:28,mistralai/Mistral-7B-Instruct-v0.3,MMLU_selected_subjects,isot_true_206,clean,0.556,28,293
2026-01-22 12:08:41,google/gemma-2-9b,MMLU_selected_subjects,isot_true_806,clean,0.5,28,742
2026-01-22 12:12:00,mistralai/Mistral-7B-Instruct-v0.3,MMLU_selected_subjects,isot_true_206,meani,0.546,28,293
2026-01-22 12:15:27,google/gemma-2-9b,MMLU_selected_subjects,isot_true_806,meani,0.426,28,742
2026-01-22 12:17:51,mistralai/Mistral-7B-Instruct-v0.3,MMLU_selected_subjects,isot_true_207,clean,0.556,28,552
2026-01-22 12:21:47,google/gemma-2-9b,MMLU_selected_subjects,isot_true_807,clean,0.496,28,502
2026-01-22 12:23:39,mistralai/Mistral-7B-Instruct-v0.3,MMLU_selected_subjects,isot_true_207,meani,0.547,28,552
2026-01-22 12:28:10,google/gemma-2-9b,MMLU_selected_subjects,isot_true_807,meani,0.532,28,502
2026-01-22 12:29:24,mistralai/Mistral-7B-Instruct-v0.3,MMLU_selected_subjects,isot_true_208,clean,0.542,28,537
2026-01-22 12:34:19,google/gemma-2-9b,MMLU_selected_subjects,isot_true_808,clean,0.519,28,378
2026-01-22 12:35:07,mistralai/Mistral-7B-Instruct-v0.3,MMLU_selected_subjects,isot_true_208,meani,0.557,28,537
2026-01-22 12:40:30,google/gemma-2-9b,MMLU_selected_subjects,isot_true_808,meani,0.494,28,378
2026-01-22 12:40:45,mistralai/Mistral-7B-Instruct-v0.3,MMLU_selected_subjects,isot_true_209,clean,0.548,28,414
2026-01-22 12:46:18,mistralai/Mistral-7B-Instruct-v0.3,MMLU_selected_subjects,isot_true_209,meani,0.546,28,414
2026-01-22 12:46:49,google/gemma-2-9b,MMLU_selected_subjects,isot_true_809,clean,0.43,28,403
2026-01-22 12:51:39,mistralai/Mistral-7B-Instruct-v0.3,MMLU_selected_subjects,isot_true_21,clean,0.551,28,301
2026-01-22 12:53:09,google/gemma-2-9b,MMLU_selected_subjects,isot_true_809,meani,0.388,28,403
2026-01-22 12:56:56,mistralai/Mistral-7B-Instruct-v0.3,MMLU_selected_subjects,isot_true_21,meani,0.548,28,301
2026-01-22 12:59:27,google/gemma-2-9b,MMLU_selected_subjects,isot_true_81,clean,0.438,28,511
2026-01-22 13:02:24,mistralai/Mistral-7B-Instruct-v0.3,MMLU_selected_subjects,isot_true_210,clean,0.55,28,439
2026-01-22 13:05:49,google/gemma-2-9b,MMLU_selected_subjects,isot_true_81,meani,0.51,28,511
2026-01-22 13:08:04,mistralai/Mistral-7B-Instruct-v0.3,MMLU_selected_subjects,isot_true_210,meani,0.553,28,439
2026-01-22 13:12:35,google/gemma-2-9b,MMLU_selected_subjects,isot_true_810,clean,0.428,28,753
2026-01-22 13:13:55,mistralai/Mistral-7B-Instruct-v0.3,MMLU_selected_subjects,isot_true_211,clean,0.539,28,416
2026-01-22 13:19:31,google/gemma-2-9b,MMLU_selected_subjects,isot_true_810,meani,0.512,28,753
2026-01-22 13:19:43,mistralai/Mistral-7B-Instruct-v0.3,MMLU_selected_subjects,isot_true_211,meani,0.541,28,416
2026-01-22 13:25:37,mistralai/Mistral-7B-Instruct-v0.3,MMLU_selected_subjects,isot_true_212,clean,0.541,28,458
2026-01-22 13:25:45,google/gemma-2-9b,MMLU_selected_subjects,isot_true_811,clean,0.446,28,312
2026-01-22 13:31:23,mistralai/Mistral-7B-Instruct-v0.3,MMLU_selected_subjects,isot_true_212,meani,0.542,28,458
2026-01-22 13:31:58,google/gemma-2-9b,MMLU_selected_subjects,isot_true_811,meani,0.442,28,312
2026-01-22 13:37:03,mistralai/Mistral-7B-Instruct-v0.3,MMLU_selected_subjects,isot_true_213,clean,0.56,28,495
2026-01-22 13:38:14,google/gemma-2-9b,MMLU_selected_subjects,isot_true_812,clean,0.442,28,425
2026-01-22 13:42:43,mistralai/Mistral-7B-Instruct-v0.3,MMLU_selected_subjects,isot_true_213,meani,0.547,28,495
2026-01-22 13:44:33,google/gemma-2-9b,MMLU_selected_subjects,isot_true_812,meani,0.385,28,425
2026-01-22 13:48:31,mistralai/Mistral-7B-Instruct-v0.3,MMLU_selected_subjects,isot_true_214,clean,0.545,28,628
2026-01-22 13:50:49,google/gemma-2-9b,MMLU_selected_subjects,isot_true_813,clean,0.516,28,429
2026-01-22 13:54:19,mistralai/Mistral-7B-Instruct-v0.3,MMLU_selected_subjects,isot_true_214,meani,0.547,28,628
2026-01-22 13:57:01,google/gemma-2-9b,MMLU_selected_subjects,isot_true_813,meani,0.449,28,429
2026-01-22 14:00:08,mistralai/Mistral-7B-Instruct-v0.3,MMLU_selected_subjects,isot_true_215,clean,0.545,28,588
2026-01-22 14:03:08,google/gemma-2-9b,MMLU_selected_subjects,isot_true_814,clean,0.482,28,253
2026-01-22 14:05:57,mistralai/Mistral-7B-Instruct-v0.3,MMLU_selected_subjects,isot_true_215,meani,0.547,28,588
2026-01-22 14:09:18,google/gemma-2-9b,MMLU_selected_subjects,isot_true_814,meani,0.488,28,253
2026-01-22 14:11:44,mistralai/Mistral-7B-Instruct-v0.3,MMLU_selected_subjects,isot_true_216,clean,0.553,28,527
2026-01-22 14:15:26,google/gemma-2-9b,MMLU_selected_subjects,isot_true_815,clean,0.475,28,248
2026-01-22 14:17:29,mistralai/Mistral-7B-Instruct-v0.3,MMLU_selected_subjects,isot_true_216,meani,0.557,28,527
2026-01-22 14:21:39,google/gemma-2-9b,MMLU_selected_subjects,isot_true_815,meani,0.357,28,248
2026-01-22 14:23:35,mistralai/Mistral-7B-Instruct-v0.3,MMLU_selected_subjects,isot_true_217,clean,0.551,28,712
2026-01-22 14:27:58,google/gemma-2-9b,MMLU_selected_subjects,isot_true_816,clean,0.484,28,397
2026-01-22 14:29:40,mistralai/Mistral-7B-Instruct-v0.3,MMLU_selected_subjects,isot_true_217,meani,0.55,28,712
2026-01-22 14:34:15,google/gemma-2-9b,MMLU_selected_subjects,isot_true_816,meani,0.475,28,397
2026-01-22 14:35:39,mistralai/Mistral-7B-Instruct-v0.3,MMLU_selected_subjects,isot_true_218,clean,0.546,28,712
2026-01-22 14:40:45,google/gemma-2-9b,MMLU_selected_subjects,isot_true_817,clean,0.45,28,645
2026-01-22 14:41:36,mistralai/Mistral-7B-Instruct-v0.3,MMLU_selected_subjects,isot_true_218,meani,0.539,28,712
2026-01-22 14:47:18,google/gemma-2-9b,MMLU_selected_subjects,isot_true_817,meani,0.377,28,645
2026-01-22 14:47:23,mistralai/Mistral-7B-Instruct-v0.3,MMLU_selected_subjects,isot_true_219,clean,0.554,28,582
2026-01-22 14:53:07,mistralai/Mistral-7B-Instruct-v0.3,MMLU_selected_subjects,isot_true_219,meani,0.554,28,582
2026-01-22 14:53:41,google/gemma-2-9b,MMLU_selected_subjects,isot_true_818,clean,0.515,28,525
2026-01-22 14:58:58,mistralai/Mistral-7B-Instruct-v0.3,MMLU_selected_subjects,isot_true_22,clean,0.547,28,629
2026-01-22 15:00:05,google/gemma-2-9b,MMLU_selected_subjects,isot_true_818,meani,0.516,28,525
2026-01-22 15:04:52,mistralai/Mistral-7B-Instruct-v0.3,MMLU_selected_subjects,isot_true_22,meani,0.545,28,629
2026-01-22 15:06:36,google/gemma-2-9b,MMLU_selected_subjects,isot_true_819,clean,0.46,28,644
2026-01-22 15:10:31,mistralai/Mistral-7B-Instruct-v0.3,MMLU_selected_subjects,isot_true_220,clean,0.549,28,432
2026-01-22 15:13:07,google/gemma-2-9b,MMLU_selected_subjects,isot_true_819,meani,0.505,28,644
2026-01-22 15:16:07,mistralai/Mistral-7B-Instruct-v0.3,MMLU_selected_subjects,isot_true_220,meani,0.541,28,432
2026-01-22 15:19:37,google/gemma-2-9b,MMLU_selected_subjects,isot_true_82,clean,0.493,28,597
2026-01-22 15:21:41,mistralai/Mistral-7B-Instruct-v0.3,MMLU_selected_subjects,isot_true_221,clean,0.544,28,405
2026-01-22 15:26:13,google/gemma-2-9b,MMLU_selected_subjects,isot_true_82,meani,0.481,28,597
2026-01-22 15:27:16,mistralai/Mistral-7B-Instruct-v0.3,MMLU_selected_subjects,isot_true_221,meani,0.54,28,405
2026-01-22 15:32:37,google/gemma-2-9b,MMLU_selected_subjects,isot_true_820,clean,0.441,28,512
2026-01-22 15:33:21,mistralai/Mistral-7B-Instruct-v0.3,MMLU_selected_subjects,isot_true_222,clean,0.547,28,777
2026-01-22 15:38:58,google/gemma-2-9b,MMLU_selected_subjects,isot_true_820,meani,0.434,28,512
2026-01-22 15:39:27,mistralai/Mistral-7B-Instruct-v0.3,MMLU_selected_subjects,isot_true_222,meani,0.544,28,777
2026-01-22 15:45:20,google/gemma-2-9b,MMLU_selected_subjects,isot_true_821,clean,0.509,28,559
2026-01-22 15:45:24,mistralai/Mistral-7B-Instruct-v0.3,MMLU_selected_subjects,isot_true_223,clean,0.551,28,625
2026-01-22 15:51:19,mistralai/Mistral-7B-Instruct-v0.3,MMLU_selected_subjects,isot_true_223,meani,0.557,28,625
2026-01-22 15:51:50,google/gemma-2-9b,MMLU_selected_subjects,isot_true_821,meani,0.498,28,559
2026-01-22 15:57:18,mistralai/Mistral-7B-Instruct-v0.3,MMLU_selected_subjects,isot_true_224,clean,0.549,28,785
2026-01-22 15:58:15,google/gemma-2-9b,MMLU_selected_subjects,isot_true_822,clean,0.47,28,554
2026-01-22 16:03:16,mistralai/Mistral-7B-Instruct-v0.3,MMLU_selected_subjects,isot_true_224,meani,0.542,28,785
2026-01-22 16:04:42,google/gemma-2-9b,MMLU_selected_subjects,isot_true_822,meani,0.514,28,554
2026-01-22 16:08:59,mistralai/Mistral-7B-Instruct-v0.3,MMLU_selected_subjects,isot_true_225,clean,0.545,28,490
2026-01-22 16:11:44,google/gemma-2-9b,MMLU_selected_subjects,isot_true_823,clean,0.474,28,746
2026-01-22 16:14:41,mistralai/Mistral-7B-Instruct-v0.3,MMLU_selected_subjects,isot_true_225,meani,0.551,28,490
2026-01-22 16:18:40,google/gemma-2-9b,MMLU_selected_subjects,isot_true_823,meani,0.453,28,746
2026-01-22 16:20:33,mistralai/Mistral-7B-Instruct-v0.3,MMLU_selected_subjects,isot_true_226,clean,0.55,28,616
2026-01-22 16:25:15,google/gemma-2-9b,MMLU_selected_subjects,isot_true_824,clean,0.501,28,385
2026-01-22 16:26:31,mistralai/Mistral-7B-Instruct-v0.3,MMLU_selected_subjects,isot_true_226,meani,0.558,28,616
2026-01-22 16:31:42,google/gemma-2-9b,MMLU_selected_subjects,isot_true_824,meani,0.48,28,385
2026-01-22 16:32:25,mistralai/Mistral-7B-Instruct-v0.3,MMLU_selected_subjects,isot_true_227,clean,0.55,28,549
2026-01-22 16:38:14,google/gemma-2-9b,MMLU_selected_subjects,isot_true_825,clean,0.471,28,625
2026-01-22 16:38:14,mistralai/Mistral-7B-Instruct-v0.3,MMLU_selected_subjects,isot_true_227,meani,0.547,28,549
2026-01-22 16:43:55,mistralai/Mistral-7B-Instruct-v0.3,MMLU_selected_subjects,isot_true_228,clean,0.545,28,517
2026-01-22 16:44:44,google/gemma-2-9b,MMLU_selected_subjects,isot_true_825,meani,0.428,28,625
2026-01-22 16:49:38,mistralai/Mistral-7B-Instruct-v0.3,MMLU_selected_subjects,isot_true_228,meani,0.555,28,517
2026-01-22 16:51:26,google/gemma-2-9b,MMLU_selected_subjects,isot_true_826,clean,0.426,28,637
2026-01-22 16:55:33,mistralai/Mistral-7B-Instruct-v0.3,MMLU_selected_subjects,isot_true_229,clean,0.548,28,621
2026-01-22 16:57:52,google/gemma-2-9b,MMLU_selected_subjects,isot_true_826,meani,0.31,28,637
2026-01-22 17:01:25,mistralai/Mistral-7B-Instruct-v0.3,MMLU_selected_subjects,isot_true_229,meani,0.554,28,621
2026-01-22 17:04:00,google/gemma-2-9b,MMLU_selected_subjects,isot_true_827,clean,0.486,28,390
2026-01-22 17:07:22,mistralai/Mistral-7B-Instruct-v0.3,MMLU_selected_subjects,isot_true_23,clean,0.552,28,715
2026-01-22 17:10:10,google/gemma-2-9b,MMLU_selected_subjects,isot_true_827,meani,0.472,28,390
2026-01-22 17:13:19,mistralai/Mistral-7B-Instruct-v0.3,MMLU_selected_subjects,isot_true_23,meani,0.552,28,715
2026-01-22 17:16:19,google/gemma-2-9b,MMLU_selected_subjects,isot_true_828,clean,0.463,28,497
2026-01-22 17:18:58,mistralai/Mistral-7B-Instruct-v0.3,MMLU_selected_subjects,isot_true_230,clean,0.543,28,482
2026-01-22 17:22:29,google/gemma-2-9b,MMLU_selected_subjects,isot_true_828,meani,0.428,28,497
2026-01-22 17:24:32,mistralai/Mistral-7B-Instruct-v0.3,MMLU_selected_subjects,isot_true_230,meani,0.549,28,482
2026-01-22 17:29:11,google/gemma-2-9b,MMLU_selected_subjects,isot_true_829,clean,0.39,28,781
2026-01-22 17:30:10,mistralai/Mistral-7B-Instruct-v0.3,MMLU_selected_subjects,isot_true_231,clean,0.549,28,485
2026-01-22 17:35:43,mistralai/Mistral-7B-Instruct-v0.3,MMLU_selected_subjects,isot_true_231,meani,0.551,28,485
2026-01-22 17:35:50,google/gemma-2-9b,MMLU_selected_subjects,isot_true_829,meani,0.406,28,781
2026-01-22 17:41:23,mistralai/Mistral-7B-Instruct-v0.3,MMLU_selected_subjects,isot_true_232,clean,0.552,28,534
2026-01-22 17:42:05,google/gemma-2-9b,MMLU_selected_subjects,isot_true_83,clean,0.526,28,547
2026-01-22 17:46:59,mistralai/Mistral-7B-Instruct-v0.3,MMLU_selected_subjects,isot_true_232,meani,0.552,28,534
2026-01-22 17:48:22,google/gemma-2-9b,MMLU_selected_subjects,isot_true_83,meani,0.513,28,547
2026-01-22 17:52:17,mistralai/Mistral-7B-Instruct-v0.3,MMLU_selected_subjects,isot_true_233,clean,0.554,28,265
2026-01-22 17:54:43,google/gemma-2-9b,MMLU_selected_subjects,isot_true_830,clean,0.504,28,630
2026-01-22 17:57:35,mistralai/Mistral-7B-Instruct-v0.3,MMLU_selected_subjects,isot_true_233,meani,0.544,28,265
2026-01-22 18:01:07,google/gemma-2-9b,MMLU_selected_subjects,isot_true_830,meani,0.434,28,630
2026-01-22 18:03:13,mistralai/Mistral-7B-Instruct-v0.3,MMLU_selected_subjects,isot_true_234,clean,0.549,28,555
2026-01-22 18:07:04,google/gemma-2-9b,MMLU_selected_subjects,isot_true_831,clean,0.506,28,247
2026-01-22 18:08:57,mistralai/Mistral-7B-Instruct-v0.3,MMLU_selected_subjects,isot_true_234,meani,0.549,28,555
2026-01-22 18:13:07,google/gemma-2-9b,MMLU_selected_subjects,isot_true_831,meani,0.477,28,247
2026-01-22 18:14:41,mistralai/Mistral-7B-Instruct-v0.3,MMLU_selected_subjects,isot_true_235,clean,0.55,28,592
2026-01-22 18:19:37,google/gemma-2-9b,MMLU_selected_subjects,isot_true_832,clean,0.473,28,697
2026-01-22 18:20:25,mistralai/Mistral-7B-Instruct-v0.3,MMLU_selected_subjects,isot_true_235,meani,0.544,28,592
2026-01-22 18:26:06,google/gemma-2-9b,MMLU_selected_subjects,isot_true_832,meani,0.507,28,697
2026-01-22 18:26:24,mistralai/Mistral-7B-Instruct-v0.3,MMLU_selected_subjects,isot_true_236,clean,0.545,28,690
2026-01-22 18:32:21,mistralai/Mistral-7B-Instruct-v0.3,MMLU_selected_subjects,isot_true_236,meani,0.548,28,690
2026-01-22 18:32:29,google/gemma-2-9b,MMLU_selected_subjects,isot_true_833,clean,0.515,28,570
2026-01-22 18:38:17,mistralai/Mistral-7B-Instruct-v0.3,MMLU_selected_subjects,isot_true_237,clean,0.542,28,629
2026-01-22 18:38:51,google/gemma-2-9b,MMLU_selected_subjects,isot_true_833,meani,0.522,28,570
2026-01-22 18:44:05,mistralai/Mistral-7B-Instruct-v0.3,MMLU_selected_subjects,isot_true_237,meani,0.554,28,629
2026-01-22 18:45:04,google/gemma-2-9b,MMLU_selected_subjects,isot_true_834,clean,0.489,28,489
2026-01-22 18:49:43,mistralai/Mistral-7B-Instruct-v0.3,MMLU_selected_subjects,isot_true_238,clean,0.533,28,531
2026-01-22 18:51:17,google/gemma-2-9b,MMLU_selected_subjects,isot_true_834,meani,0.51,28,489
2026-01-22 18:55:21,mistralai/Mistral-7B-Instruct-v0.3,MMLU_selected_subjects,isot_true_238,meani,0.546,28,531
2026-01-22 18:57:32,google/gemma-2-9b,MMLU_selected_subjects,isot_true_835,clean,0.519,28,497
2026-01-22 19:01:18,mistralai/Mistral-7B-Instruct-v0.3,MMLU_selected_subjects,isot_true_239,clean,0.546,28,790
2026-01-22 19:03:59,google/gemma-2-9b,MMLU_selected_subjects,isot_true_835,meani,0.472,28,497
2026-01-22 19:07:15,mistralai/Mistral-7B-Instruct-v0.3,MMLU_selected_subjects,isot_true_239,meani,0.545,28,790
2026-01-22 19:10:12,google/gemma-2-9b,MMLU_selected_subjects,isot_true_836,clean,0.317,28,500
2026-01-22 19:12:56,mistralai/Mistral-7B-Instruct-v0.3,MMLU_selected_subjects,isot_true_24,clean,0.535,28,506
2026-01-22 19:16:34,google/gemma-2-9b,MMLU_selected_subjects,isot_true_836,meani,0.339,28,500
2026-01-22 19:18:31,mistralai/Mistral-7B-Instruct-v0.3,MMLU_selected_subjects,isot_true_24,meani,0.542,28,506
2026-01-22 19:22:45,google/gemma-2-9b,MMLU_selected_subjects,isot_true_837,clean,0.525,28,437
2026-01-22 19:24:09,mistralai/Mistral-7B-Instruct-v0.3,MMLU_selected_subjects,isot_true_240,clean,0.549,28,472
2026-01-22 19:28:56,google/gemma-2-9b,MMLU_selected_subjects,isot_true_837,meani,0.518,28,437
2026-01-22 19:29:44,mistralai/Mistral-7B-Instruct-v0.3,MMLU_selected_subjects,isot_true_240,meani,0.56,28,472
2026-01-22 19:35:10,google/gemma-2-9b,MMLU_selected_subjects,isot_true_838,clean,0.497,28,441
2026-01-22 19:35:37,mistralai/Mistral-7B-Instruct-v0.3,MMLU_selected_subjects,isot_true_241,clean,0.543,28,625
2026-01-22 19:41:25,mistralai/Mistral-7B-Instruct-v0.3,MMLU_selected_subjects,isot_true_241,meani,0.545,28,625
2026-01-22 19:41:28,google/gemma-2-9b,MMLU_selected_subjects,isot_true_838,meani,0.466,28,441
2026-01-22 19:47:28,mistralai/Mistral-7B-Instruct-v0.3,MMLU_selected_subjects,isot_true_242,clean,0.559,28,558
2026-01-22 19:47:33,google/gemma-2-9b,MMLU_selected_subjects,isot_true_839,clean,0.508,28,343
2026-01-22 19:53:17,mistralai/Mistral-7B-Instruct-v0.3,MMLU_selected_subjects,isot_true_242,meani,0.549,28,558
2026-01-22 19:53:36,google/gemma-2-9b,MMLU_selected_subjects,isot_true_839,meani,0.456,28,343
2026-01-22 19:58:55,mistralai/Mistral-7B-Instruct-v0.3,MMLU_selected_subjects,isot_true_243,clean,0.551,28,497
2026-01-22 19:59:44,google/gemma-2-9b,MMLU_selected_subjects,isot_true_84,clean,0.517,28,422
2026-01-22 20:04:29,mistralai/Mistral-7B-Instruct-v0.3,MMLU_selected_subjects,isot_true_243,meani,0.555,28,497
2026-01-22 20:05:47,google/gemma-2-9b,MMLU_selected_subjects,isot_true_84,meani,0.5,28,422
2026-01-22 20:09:55,mistralai/Mistral-7B-Instruct-v0.3,MMLU_selected_subjects,isot_true_244,clean,0.552,28,382
2026-01-22 20:12:05,google/gemma-2-9b,MMLU_selected_subjects,isot_true_840,clean,0.462,28,584
2026-01-22 20:15:18,mistralai/Mistral-7B-Instruct-v0.3,MMLU_selected_subjects,isot_true_244,meani,0.551,28,382
2026-01-22 20:18:24,google/gemma-2-9b,MMLU_selected_subjects,isot_true_840,meani,0.326,28,584
2026-01-22 20:21:02,mistralai/Mistral-7B-Instruct-v0.3,MMLU_selected_subjects,isot_true_245,clean,0.555,28,573
2026-01-22 20:24:51,google/gemma-2-9b,MMLU_selected_subjects,isot_true_841,clean,0.502,28,577
2026-01-22 20:26:43,mistralai/Mistral-7B-Instruct-v0.3,MMLU_selected_subjects,isot_true_245,meani,0.548,28,573
2026-01-22 20:31:17,google/gemma-2-9b,MMLU_selected_subjects,isot_true_841,meani,0.48,28,577
2026-01-22 20:32:17,mistralai/Mistral-7B-Instruct-v0.3,MMLU_selected_subjects,isot_true_246,clean,0.543,28,410
2026-01-22 20:37:37,google/gemma-2-9b,MMLU_selected_subjects,isot_true_842,clean,0.501,28,619
2026-01-22 20:37:52,mistralai/Mistral-7B-Instruct-v0.3,MMLU_selected_subjects,isot_true_246,meani,0.538,28,410
2026-01-22 20:43:29,mistralai/Mistral-7B-Instruct-v0.3,MMLU_selected_subjects,isot_true_247,clean,0.548,28,516
2026-01-22 20:43:56,google/gemma-2-9b,MMLU_selected_subjects,isot_true_842,meani,0.466,28,619
2026-01-22 20:49:05,mistralai/Mistral-7B-Instruct-v0.3,MMLU_selected_subjects,isot_true_247,meani,0.554,28,516
2026-01-22 20:50:08,google/gemma-2-9b,MMLU_selected_subjects,isot_true_843,clean,0.522,28,527
2026-01-22 20:54:58,mistralai/Mistral-7B-Instruct-v0.3,MMLU_selected_subjects,isot_true_248,clean,0.549,28,717
2026-01-22 20:56:20,google/gemma-2-9b,MMLU_selected_subjects,isot_true_843,meani,0.503,28,527
2026-01-22 21:00:51,mistralai/Mistral-7B-Instruct-v0.3,MMLU_selected_subjects,isot_true_248,meani,0.55,28,717
2026-01-22 21:02:23,google/gemma-2-9b,MMLU_selected_subjects,isot_true_844,clean,0.509,28,355
2026-01-22 21:06:45,mistralai/Mistral-7B-Instruct-v0.3,MMLU_selected_subjects,isot_true_249,clean,0.553,28,634
2026-01-22 21:08:27,google/gemma-2-9b,MMLU_selected_subjects,isot_true_844,meani,0.511,28,355
2026-01-22 21:12:28,mistralai/Mistral-7B-Instruct-v0.3,MMLU_selected_subjects,isot_true_249,meani,0.551,28,634
2026-01-22 21:14:20,google/gemma-2-9b,MMLU_selected_subjects,isot_true_845,clean,0.469,28,215
2026-01-22 21:18:01,mistralai/Mistral-7B-Instruct-v0.3,MMLU_selected_subjects,isot_true_25,clean,0.552,28,403
2026-01-22 21:20:12,google/gemma-2-9b,MMLU_selected_subjects,isot_true_845,meani,0.447,28,215
2026-01-22 21:23:34,mistralai/Mistral-7B-Instruct-v0.3,MMLU_selected_subjects,isot_true_25,meani,0.546,28,403
2026-01-22 21:26:33,google/gemma-2-9b,MMLU_selected_subjects,isot_true_846,clean,0.516,28,490
2026-01-22 21:29:23,mistralai/Mistral-7B-Instruct-v0.3,MMLU_selected_subjects,isot_true_250,clean,0.543,28,684
2026-01-22 21:32:48,google/gemma-2-9b,MMLU_selected_subjects,isot_true_846,meani,0.484,28,490
2026-01-22 21:35:12,mistralai/Mistral-7B-Instruct-v0.3,MMLU_selected_subjects,isot_true_250,meani,0.545,28,684
2026-01-22 21:39:19,google/gemma-2-9b,MMLU_selected_subjects,isot_true_847,clean,0.421,28,659
2026-01-22 21:40:43,mistralai/Mistral-7B-Instruct-v0.3,MMLU_selected_subjects,isot_true_251,clean,0.553,28,376
2026-01-22 21:45:46,google/gemma-2-9b,MMLU_selected_subjects,isot_true_847,meani,0.433,28,659
2026-01-22 21:46:11,mistralai/Mistral-7B-Instruct-v0.3,MMLU_selected_subjects,isot_true_251,meani,0.553,28,376
2026-01-22 21:52:02,google/gemma-2-9b,MMLU_selected_subjects,isot_true_848,clean,0.478,28,493
2026-01-22 21:52:11,mistralai/Mistral-7B-Instruct-v0.3,MMLU_selected_subjects,isot_true_252,clean,0.55,28,691
2026-01-22 21:58:12,mistralai/Mistral-7B-Instruct-v0.3,MMLU_selected_subjects,isot_true_252,meani,0.548,28,691
2026-01-22 21:58:17,google/gemma-2-9b,MMLU_selected_subjects,isot_true_848,meani,0.386,28,493
2026-01-22 22:03:55,mistralai/Mistral-7B-Instruct-v0.3,MMLU_selected_subjects,isot_true_253,clean,0.553,28,508
2026-01-22 22:04:43,google/gemma-2-9b,MMLU_selected_subjects,isot_true_849,clean,0.441,28,622
2026-01-22 22:09:37,mistralai/Mistral-7B-Instruct-v0.3,MMLU_selected_subjects,isot_true_253,meani,0.55,28,508
2026-01-22 22:11:05,google/gemma-2-9b,MMLU_selected_subjects,isot_true_849,meani,0.524,28,622
2026-01-22 22:15:06,mistralai/Mistral-7B-Instruct-v0.3,MMLU_selected_subjects,isot_true_254,clean,0.549,28,372
2026-01-22 22:17:18,google/gemma-2-9b,MMLU_selected_subjects,isot_true_85,clean,0.504,28,473
2026-01-22 22:20:36,mistralai/Mistral-7B-Instruct-v0.3,MMLU_selected_subjects,isot_true_254,meani,0.557,28,372
2026-01-22 22:23:31,google/gemma-2-9b,MMLU_selected_subjects,isot_true_85,meani,0.463,28,473
2026-01-22 22:26:08,mistralai/Mistral-7B-Instruct-v0.3,MMLU_selected_subjects,isot_true_255,clean,0.558,28,417
2026-01-22 22:29:31,google/gemma-2-9b,MMLU_selected_subjects,isot_true_850,clean,0.45,28,293
2026-01-22 22:31:45,mistralai/Mistral-7B-Instruct-v0.3,MMLU_selected_subjects,isot_true_255,meani,0.558,28,417
2026-01-22 22:35:34,google/gemma-2-9b,MMLU_selected_subjects,isot_true_850,meani,0.333,28,293
2026-01-22 22:37:24,mistralai/Mistral-7B-Instruct-v0.3,MMLU_selected_subjects,isot_true_256,clean,0.545,28,452
2026-01-22 22:41:46,google/gemma-2-9b,MMLU_selected_subjects,isot_true_851,clean,0.503,28,483
2026-01-22 22:43:01,mistralai/Mistral-7B-Instruct-v0.3,MMLU_selected_subjects,isot_true_256,meani,0.557,28,452
2026-01-22 22:47:57,google/gemma-2-9b,MMLU_selected_subjects,isot_true_851,meani,0.468,28,483
2026-01-22 22:48:41,mistralai/Mistral-7B-Instruct-v0.3,MMLU_selected_subjects,isot_true_257,clean,0.544,28,572
2026-01-22 22:54:08,google/gemma-2-9b,MMLU_selected_subjects,isot_true_852,clean,0.489,28,437
2026-01-22 22:54:21,mistralai/Mistral-7B-Instruct-v0.3,MMLU_selected_subjects,isot_true_257,meani,0.542,28,572
2026-01-22 23:00:06,mistralai/Mistral-7B-Instruct-v0.3,MMLU_selected_subjects,isot_true_258,clean,0.551,28,550
2026-01-22 23:00:20,google/gemma-2-9b,MMLU_selected_subjects,isot_true_852,meani,0.505,28,437
2026-01-22 23:05:50,mistralai/Mistral-7B-Instruct-v0.3,MMLU_selected_subjects,isot_true_258,meani,0.54,28,550
2026-01-22 23:06:41,google/gemma-2-9b,MMLU_selected_subjects,isot_true_853,clean,0.37,28,573
2026-01-22 23:11:34,mistralai/Mistral-7B-Instruct-v0.3,MMLU_selected_subjects,isot_true_259,clean,0.542,28,582
2026-01-22 23:13:01,google/gemma-2-9b,MMLU_selected_subjects,isot_true_853,meani,0.479,28,573
2026-01-22 23:17:17,mistralai/Mistral-7B-Instruct-v0.3,MMLU_selected_subjects,isot_true_259,meani,0.548,28,582
2026-01-22 23:19:34,google/gemma-2-9b,MMLU_selected_subjects,isot_true_854,clean,0.525,28,743
2026-01-22 23:22:53,mistralai/Mistral-7B-Instruct-v0.3,MMLU_selected_subjects,isot_true_26,clean,0.54,28,500
2026-01-22 23:26:04,google/gemma-2-9b,MMLU_selected_subjects,isot_true_854,meani,0.506,28,743
2026-01-22 23:28:31,mistralai/Mistral-7B-Instruct-v0.3,MMLU_selected_subjects,isot_true_26,meani,0.552,28,500
2026-01-22 23:32:43,google/gemma-2-9b,MMLU_selected_subjects,isot_true_855,clean,0.523,28,795
2026-01-22 23:34:20,mistralai/Mistral-7B-Instruct-v0.3,MMLU_selected_subjects,isot_true_260,clean,0.546,28,691
2026-01-22 23:39:15,google/gemma-2-9b,MMLU_selected_subjects,isot_true_855,meani,0.5,28,795
2026-01-22 23:40:08,mistralai/Mistral-7B-Instruct-v0.3,MMLU_selected_subjects,isot_true_260,meani,0.561,28,691
2026-01-22 23:45:47,google/gemma-2-9b,MMLU_selected_subjects,isot_true_856,clean,0.503,28,651
2026-01-22 23:45:47,mistralai/Mistral-7B-Instruct-v0.3,MMLU_selected_subjects,isot_true_261,clean,0.552,28,447
2026-01-22 23:51:29,mistralai/Mistral-7B-Instruct-v0.3,MMLU_selected_subjects,isot_true_261,meani,0.552,28,447
2026-01-22 23:52:16,google/gemma-2-9b,MMLU_selected_subjects,isot_true_856,meani,0.481,28,651
2026-01-22 23:56:51,mistralai/Mistral-7B-Instruct-v0.3,MMLU_selected_subjects,isot_true_262,clean,0.542,28,340
2026-01-22 23:58:28,google/gemma-2-9b,MMLU_selected_subjects,isot_true_857,clean,0.479,28,439
2026-01-23 00:02:12,mistralai/Mistral-7B-Instruct-v0.3,MMLU_selected_subjects,isot_true_262,meani,0.53,28,340
2026-01-23 00:04:35,google/gemma-2-9b,MMLU_selected_subjects,isot_true_857,meani,0.487,28,439
2026-01-23 00:07:46,mistralai/Mistral-7B-Instruct-v0.3,MMLU_selected_subjects,isot_true_263,clean,0.551,28,471
2026-01-23 00:10:43,google/gemma-2-9b,MMLU_selected_subjects,isot_true_858,clean,0.523,28,434
2026-01-23 00:13:19,mistralai/Mistral-7B-Instruct-v0.3,MMLU_selected_subjects,isot_true_263,meani,0.544,28,471
2026-01-23 00:16:52,google/gemma-2-9b,MMLU_selected_subjects,isot_true_858,meani,0.522,28,434
2026-01-23 00:19:04,mistralai/Mistral-7B-Instruct-v0.3,MMLU_selected_subjects,isot_true_264,clean,0.562,28,560
2026-01-23 00:23:11,google/gemma-2-9b,MMLU_selected_subjects,isot_true_859,clean,0.516,28,508
2026-01-23 00:24:45,mistralai/Mistral-7B-Instruct-v0.3,MMLU_selected_subjects,isot_true_264,meani,0.55,28,560
2026-01-23 00:29:23,google/gemma-2-9b,MMLU_selected_subjects,isot_true_859,meani,0.451,28,508
2026-01-23 00:30:30,mistralai/Mistral-7B-Instruct-v0.3,MMLU_selected_subjects,isot_true_265,clean,0.549,28,507
2026-01-23 00:35:27,google/gemma-2-9b,MMLU_selected_subjects,isot_true_86,clean,0.534,28,390
2026-01-23 00:36:13,mistralai/Mistral-7B-Instruct-v0.3,MMLU_selected_subjects,isot_true_265,meani,0.546,28,507
2026-01-23 00:41:35,google/gemma-2-9b,MMLU_selected_subjects,isot_true_86,meani,0.466,28,390
2026-01-23 00:41:50,mistralai/Mistral-7B-Instruct-v0.3,MMLU_selected_subjects,isot_true_266,clean,0.55,28,468
2026-01-23 00:47:24,mistralai/Mistral-7B-Instruct-v0.3,MMLU_selected_subjects,isot_true_266,meani,0.559,28,468
2026-01-23 00:48:02,google/gemma-2-9b,MMLU_selected_subjects,isot_true_860,clean,0.528,28,600
2026-01-23 00:53:26,mistralai/Mistral-7B-Instruct-v0.3,MMLU_selected_subjects,isot_true_267,clean,0.549,28,781
2026-01-23 00:54:26,google/gemma-2-9b,MMLU_selected_subjects,isot_true_860,meani,0.501,28,600
2026-01-23 00:59:28,mistralai/Mistral-7B-Instruct-v0.3,MMLU_selected_subjects,isot_true_267,meani,0.546,28,781
2026-01-23 01:00:48,google/gemma-2-9b,MMLU_selected_subjects,isot_true_861,clean,0.436,28,644
2026-01-23 01:05:04,mistralai/Mistral-7B-Instruct-v0.3,MMLU_selected_subjects,isot_true_268,clean,0.549,28,490
2026-01-23 01:07:10,google/gemma-2-9b,MMLU_selected_subjects,isot_true_861,meani,0.354,28,644
2026-01-23 01:10:40,mistralai/Mistral-7B-Instruct-v0.3,MMLU_selected_subjects,isot_true_268,meani,0.566,28,490
2026-01-23 01:13:17,google/gemma-2-9b,MMLU_selected_subjects,isot_true_862,clean,0.472,28,335
2026-01-23 01:16:24,mistralai/Mistral-7B-Instruct-v0.3,MMLU_selected_subjects,isot_true_269,clean,0.538,28,556
2026-01-23 01:19:19,google/gemma-2-9b,MMLU_selected_subjects,isot_true_862,meani,0.429,28,335
2026-01-23 01:22:12,mistralai/Mistral-7B-Instruct-v0.3,MMLU_selected_subjects,isot_true_269,meani,0.55,28,556
2026-01-23 01:25:13,google/gemma-2-9b,MMLU_selected_subjects,isot_true_863,clean,0.499,28,207
2026-01-23 01:27:48,mistralai/Mistral-7B-Instruct-v0.3,MMLU_selected_subjects,isot_true_27,clean,0.546,28,391
2026-01-23 01:31:16,google/gemma-2-9b,MMLU_selected_subjects,isot_true_863,meani,0.307,28,207
2026-01-23 01:33:18,mistralai/Mistral-7B-Instruct-v0.3,MMLU_selected_subjects,isot_true_27,meani,0.545,28,391
2026-01-23 01:37:37,google/gemma-2-9b,MMLU_selected_subjects,isot_true_864,clean,0.495,28,637
2026-01-23 01:39:05,mistralai/Mistral-7B-Instruct-v0.3,MMLU_selected_subjects,isot_true_270,clean,0.55,28,557
2026-01-23 01:44:01,google/gemma-2-9b,MMLU_selected_subjects,isot_true_864,meani,0.354,28,637
2026-01-23 01:44:47,mistralai/Mistral-7B-Instruct-v0.3,MMLU_selected_subjects,isot_true_270,meani,0.545,28,557
2026-01-23 01:50:18,google/gemma-2-9b,MMLU_selected_subjects,isot_true_865,clean,0.49,28,575
2026-01-23 01:50:19,mistralai/Mistral-7B-Instruct-v0.3,MMLU_selected_subjects,isot_true_271,clean,0.55,28,397
2026-01-23 01:55:53,mistralai/Mistral-7B-Instruct-v0.3,MMLU_selected_subjects,isot_true_271,meani,0.548,28,397
2026-01-23 01:56:34,google/gemma-2-9b,MMLU_selected_subjects,isot_true_865,meani,0.533,28,575
2026-01-23 02:01:28,mistralai/Mistral-7B-Instruct-v0.3,MMLU_selected_subjects,isot_true_272,clean,0.535,28,439
2026-01-23 02:02:57,google/gemma-2-9b,MMLU_selected_subjects,isot_true_866,clean,0.447,28,586
2026-01-23 02:07:02,mistralai/Mistral-7B-Instruct-v0.3,MMLU_selected_subjects,isot_true_272,meani,0.551,28,439
2026-01-23 02:09:17,google/gemma-2-9b,MMLU_selected_subjects,isot_true_866,meani,0.471,28,586
2026-01-23 02:12:44,mistralai/Mistral-7B-Instruct-v0.3,MMLU_selected_subjects,isot_true_273,clean,0.552,28,461
2026-01-23 02:15:35,google/gemma-2-9b,MMLU_selected_subjects,isot_true_867,clean,0.504,28,552
2026-01-23 02:18:26,mistralai/Mistral-7B-Instruct-v0.3,MMLU_selected_subjects,isot_true_273,meani,0.534,28,461
2026-01-23 02:21:55,google/gemma-2-9b,MMLU_selected_subjects,isot_true_867,meani,0.49,28,552
2026-01-23 02:24:04,mistralai/Mistral-7B-Instruct-v0.3,MMLU_selected_subjects,isot_true_274,clean,0.547,28,456
2026-01-23 02:28:10,google/gemma-2-9b,MMLU_selected_subjects,isot_true_868,clean,0.512,28,467
2026-01-23 02:29:38,mistralai/Mistral-7B-Instruct-v0.3,MMLU_selected_subjects,isot_true_274,meani,0.546,28,456
2026-01-23 02:34:21,google/gemma-2-9b,MMLU_selected_subjects,isot_true_868,meani,0.492,28,467
2026-01-23 02:35:05,mistralai/Mistral-7B-Instruct-v0.3,MMLU_selected_subjects,isot_true_275,clean,0.545,28,266
2026-01-23 02:40:25,google/gemma-2-9b,MMLU_selected_subjects,isot_true_869,clean,0.502,28,331
2026-01-23 02:40:27,mistralai/Mistral-7B-Instruct-v0.3,MMLU_selected_subjects,isot_true_275,meani,0.542,28,266
2026-01-23 02:46:29,mistralai/Mistral-7B-Instruct-v0.3,MMLU_selected_subjects,isot_true_276,clean,0.539,28,775
2026-01-23 02:46:31,google/gemma-2-9b,MMLU_selected_subjects,isot_true_869,meani,0.475,28,331
2026-01-23 02:52:23,mistralai/Mistral-7B-Instruct-v0.3,MMLU_selected_subjects,isot_true_276,meani,0.542,28,775
2026-01-23 02:53:07,google/gemma-2-9b,MMLU_selected_subjects,isot_true_87,clean,0.422,28,735
2026-01-23 02:58:00,mistralai/Mistral-7B-Instruct-v0.3,MMLU_selected_subjects,isot_true_277,clean,0.549,28,461
2026-01-23 02:59:40,google/gemma-2-9b,MMLU_selected_subjects,isot_true_87,meani,0.519,28,735
2026-01-23 03:03:29,mistralai/Mistral-7B-Instruct-v0.3,MMLU_selected_subjects,isot_true_277,meani,0.549,28,461
2026-01-23 03:06:05,google/gemma-2-9b,MMLU_selected_subjects,isot_true_870,clean,0.475,28,601
2026-01-23 03:09:06,mistralai/Mistral-7B-Instruct-v0.3,MMLU_selected_subjects,isot_true_278,clean,0.553,28,457
2026-01-23 03:12:28,google/gemma-2-9b,MMLU_selected_subjects,isot_true_870,meani,0.454,28,601
2026-01-23 03:14:41,mistralai/Mistral-7B-Instruct-v0.3,MMLU_selected_subjects,isot_true_278,meani,0.549,28,457
2026-01-23 03:18:44,google/gemma-2-9b,MMLU_selected_subjects,isot_true_871,clean,0.488,28,547
2026-01-23 03:20:11,mistralai/Mistral-7B-Instruct-v0.3,MMLU_selected_subjects,isot_true_279,clean,0.545,28,400
2026-01-23 03:25:04,google/gemma-2-9b,MMLU_selected_subjects,isot_true_871,meani,0.398,28,547
2026-01-23 03:25:44,mistralai/Mistral-7B-Instruct-v0.3,MMLU_selected_subjects,isot_true_279,meani,0.556,28,400
2026-01-23 03:31:17,mistralai/Mistral-7B-Instruct-v0.3,MMLU_selected_subjects,isot_true_28,clean,0.546,28,380
2026-01-23 03:31:24,google/gemma-2-9b,MMLU_selected_subjects,isot_true_872,clean,0.523,28,546
2026-01-23 03:36:52,mistralai/Mistral-7B-Instruct-v0.3,MMLU_selected_subjects,isot_true_28,meani,0.55,28,380
2026-01-23 03:37:43,google/gemma-2-9b,MMLU_selected_subjects,isot_true_872,meani,0.486,28,546
2026-01-23 03:42:35,mistralai/Mistral-7B-Instruct-v0.3,MMLU_selected_subjects,isot_true_280,clean,0.543,28,562
2026-01-23 03:43:58,google/gemma-2-9b,MMLU_selected_subjects,isot_true_873,clean,0.512,28,426
2026-01-23 03:48:17,mistralai/Mistral-7B-Instruct-v0.3,MMLU_selected_subjects,isot_true_280,meani,0.549,28,562
2026-01-23 03:50:13,google/gemma-2-9b,MMLU_selected_subjects,isot_true_873,meani,0.515,28,426
2026-01-23 03:53:59,mistralai/Mistral-7B-Instruct-v0.3,MMLU_selected_subjects,isot_true_281,clean,0.537,28,578
2026-01-23 03:56:23,google/gemma-2-9b,MMLU_selected_subjects,isot_true_874,clean,0.521,28,444
2026-01-23 03:59:44,mistralai/Mistral-7B-Instruct-v0.3,MMLU_selected_subjects,isot_true_281,meani,0.539,28,578
2026-01-23 04:02:31,google/gemma-2-9b,MMLU_selected_subjects,isot_true_874,meani,0.505,28,444
2026-01-23 04:05:25,mistralai/Mistral-7B-Instruct-v0.3,MMLU_selected_subjects,isot_true_282,clean,0.547,28,554
2026-01-23 04:09:06,google/gemma-2-9b,MMLU_selected_subjects,isot_true_875,clean,0.467,28,757
2026-01-23 04:11:09,mistralai/Mistral-7B-Instruct-v0.3,MMLU_selected_subjects,isot_true_282,meani,0.547,28,554
2026-01-23 04:15:38,google/gemma-2-9b,MMLU_selected_subjects,isot_true_875,meani,0.494,28,757
2026-01-23 04:16:46,mistralai/Mistral-7B-Instruct-v0.3,MMLU_selected_subjects,isot_true_283,clean,0.551,28,575
2026-01-23 04:21:57,google/gemma-2-9b,MMLU_selected_subjects,isot_true_876,clean,0.473,28,589
2026-01-23 04:22:26,mistralai/Mistral-7B-Instruct-v0.3,MMLU_selected_subjects,isot_true_283,meani,0.558,28,575
2026-01-23 04:28:09,mistralai/Mistral-7B-Instruct-v0.3,MMLU_selected_subjects,isot_true_284,clean,0.551,28,559
2026-01-23 04:28:26,google/gemma-2-9b,MMLU_selected_subjects,isot_true_876,meani,0.345,28,589
2026-01-23 04:33:51,mistralai/Mistral-7B-Instruct-v0.3,MMLU_selected_subjects,isot_true_284,meani,0.559,28,559
2026-01-23 04:34:22,google/gemma-2-9b,MMLU_selected_subjects,isot_true_877,clean,0.497,28,249
2026-01-23 04:39:24,mistralai/Mistral-7B-Instruct-v0.3,MMLU_selected_subjects,isot_true_285,clean,0.549,28,426
2026-01-23 04:40:16,google/gemma-2-9b,MMLU_selected_subjects,isot_true_877,meani,0.485,28,249
2026-01-23 04:44:53,mistralai/Mistral-7B-Instruct-v0.3,MMLU_selected_subjects,isot_true_285,meani,0.544,28,426
2026-01-23 04:46:48,google/gemma-2-9b,MMLU_selected_subjects,isot_true_878,clean,0.465,28,731
2026-01-23 04:50:16,mistralai/Mistral-7B-Instruct-v0.3,MMLU_selected_subjects,isot_true_286,clean,0.542,28,302
2026-01-23 04:53:15,google/gemma-2-9b,MMLU_selected_subjects,isot_true_878,meani,0.5,28,731
2026-01-23 04:55:41,mistralai/Mistral-7B-Instruct-v0.3,MMLU_selected_subjects,isot_true_286,meani,0.548,28,302
2026-01-23 04:59:49,google/gemma-2-9b,MMLU_selected_subjects,isot_true_879,clean,0.489,28,589
2026-01-23 05:01:13,mistralai/Mistral-7B-Instruct-v0.3,MMLU_selected_subjects,isot_true_287,clean,0.541,28,431
2026-01-23 05:06:23,google/gemma-2-9b,MMLU_selected_subjects,isot_true_879,meani,0.492,28,589
2026-01-23 05:06:45,mistralai/Mistral-7B-Instruct-v0.3,MMLU_selected_subjects,isot_true_287,meani,0.534,28,431
2026-01-23 05:12:42,mistralai/Mistral-7B-Instruct-v0.3,MMLU_selected_subjects,isot_true_288,clean,0.538,28,750
2026-01-23 05:12:43,google/gemma-2-9b,MMLU_selected_subjects,isot_true_88,clean,0.524,28,655
2026-01-23 05:18:37,mistralai/Mistral-7B-Instruct-v0.3,MMLU_selected_subjects,isot_true_288,meani,0.552,28,750
2026-01-23 05:19:03,google/gemma-2-9b,MMLU_selected_subjects,isot_true_88,meani,0.527,28,655
2026-01-23 05:24:00,mistralai/Mistral-7B-Instruct-v0.3,MMLU_selected_subjects,isot_true_289,clean,0.557,28,321
2026-01-23 05:25:23,google/gemma-2-9b,MMLU_selected_subjects,isot_true_880,clean,0.426,28,548
2026-01-23 05:29:23,mistralai/Mistral-7B-Instruct-v0.3,MMLU_selected_subjects,isot_true_289,meani,0.55,28,321
2026-01-23 05:31:42,google/gemma-2-9b,MMLU_selected_subjects,isot_true_880,meani,0.341,28,548
2026-01-23 05:35:01,mistralai/Mistral-7B-Instruct-v0.3,MMLU_selected_subjects,isot_true_29,clean,0.543,28,541
2026-01-23 05:37:56,google/gemma-2-9b,MMLU_selected_subjects,isot_true_881,clean,0.514,28,515
2026-01-23 05:40:37,mistralai/Mistral-7B-Instruct-v0.3,MMLU_selected_subjects,isot_true_29,meani,0.558,28,541
2026-01-23 05:44:08,google/gemma-2-9b,MMLU_selected_subjects,isot_true_881,meani,0.5,28,515
2026-01-23 05:46:17,mistralai/Mistral-7B-Instruct-v0.3,MMLU_selected_subjects,isot_true_290,clean,0.56,28,573
2026-01-23 05:50:32,google/gemma-2-9b,MMLU_selected_subjects,isot_true_882,clean,0.499,28,586
2026-01-23 05:51:56,mistralai/Mistral-7B-Instruct-v0.3,MMLU_selected_subjects,isot_true_290,meani,0.551,28,573
2026-01-23 05:56:56,google/gemma-2-9b,MMLU_selected_subjects,isot_true_882,meani,0.43,28,586
2026-01-23 05:57:27,mistralai/Mistral-7B-Instruct-v0.3,MMLU_selected_subjects,isot_true_291,clean,0.542,28,445
2026-01-23 06:02:58,mistralai/Mistral-7B-Instruct-v0.3,MMLU_selected_subjects,isot_true_291,meani,0.551,28,445
2026-01-23 06:03:23,google/gemma-2-9b,MMLU_selected_subjects,isot_true_883,clean,0.438,28,759
2026-01-23 06:08:34,mistralai/Mistral-7B-Instruct-v0.3,MMLU_selected_subjects,isot_true_292,clean,0.559,28,462
2026-01-23 06:09:51,google/gemma-2-9b,MMLU_selected_subjects,isot_true_883,meani,0.435,28,759
2026-01-23 06:14:08,mistralai/Mistral-7B-Instruct-v0.3,MMLU_selected_subjects,isot_true_292,meani,0.559,28,462
2026-01-23 06:16:33,google/gemma-2-9b,MMLU_selected_subjects,isot_true_884,clean,0.501,28,718
2026-01-23 06:19:53,mistralai/Mistral-7B-Instruct-v0.3,MMLU_selected_subjects,isot_true_293,clean,0.546,28,547
2026-01-23 06:23:13,google/gemma-2-9b,MMLU_selected_subjects,isot_true_884,meani,0.497,28,718
2026-01-23 06:25:32,mistralai/Mistral-7B-Instruct-v0.3,MMLU_selected_subjects,isot_true_293,meani,0.553,28,547
2026-01-23 06:29:18,google/gemma-2-9b,MMLU_selected_subjects,isot_true_885,clean,0.52,28,389
2026-01-23 06:31:15,mistralai/Mistral-7B-Instruct-v0.3,MMLU_selected_subjects,isot_true_294,clean,0.55,28,676
2026-01-23 06:35:30,google/gemma-2-9b,MMLU_selected_subjects,isot_true_885,meani,0.453,28,389
2026-01-23 06:36:59,mistralai/Mistral-7B-Instruct-v0.3,MMLU_selected_subjects,isot_true_294,meani,0.555,28,676
2026-01-23 06:41:48,google/gemma-2-9b,MMLU_selected_subjects,isot_true_886,clean,0.451,28,480
2026-01-23 06:42:35,mistralai/Mistral-7B-Instruct-v0.3,MMLU_selected_subjects,isot_true_295,clean,0.548,28,499
2026-01-23 06:48:05,google/gemma-2-9b,MMLU_selected_subjects,isot_true_886,meani,0.447,28,480
2026-01-23 06:48:12,mistralai/Mistral-7B-Instruct-v0.3,MMLU_selected_subjects,isot_true_295,meani,0.545,28,499
2026-01-23 06:54:14,google/gemma-2-9b,MMLU_selected_subjects,isot_true_887,clean,0.531,28,479
2026-01-23 06:54:15,mistralai/Mistral-7B-Instruct-v0.3,MMLU_selected_subjects,isot_true_296,clean,0.552,28,715
2026-01-23 07:00:13,mistralai/Mistral-7B-Instruct-v0.3,MMLU_selected_subjects,isot_true_296,meani,0.537,28,715
2026-01-23 07:00:24,google/gemma-2-9b,MMLU_selected_subjects,isot_true_887,meani,0.508,28,479
2026-01-23 07:06:06,mistralai/Mistral-7B-Instruct-v0.3,MMLU_selected_subjects,isot_true_297,clean,0.541,28,701
2026-01-23 07:06:48,google/gemma-2-9b,MMLU_selected_subjects,isot_true_888,clean,0.515,28,596
2026-01-23 07:11:55,mistralai/Mistral-7B-Instruct-v0.3,MMLU_selected_subjects,isot_true_297,meani,0.549,28,701
2026-01-23 07:13:11,google/gemma-2-9b,MMLU_selected_subjects,isot_true_888,meani,0.407,28,596
2026-01-23 07:17:29,mistralai/Mistral-7B-Instruct-v0.3,MMLU_selected_subjects,isot_true_298,clean,0.557,28,435
2026-01-23 07:19:34,google/gemma-2-9b,MMLU_selected_subjects,isot_true_889,clean,0.483,28,611
2026-01-23 07:23:02,mistralai/Mistral-7B-Instruct-v0.3,MMLU_selected_subjects,isot_true_298,meani,0.549,28,435
2026-01-23 07:26:01,google/gemma-2-9b,MMLU_selected_subjects,isot_true_889,meani,0.504,28,611
2026-01-23 07:28:38,mistralai/Mistral-7B-Instruct-v0.3,MMLU_selected_subjects,isot_true_299,clean,0.555,28,460
2026-01-23 07:32:18,google/gemma-2-9b,MMLU_selected_subjects,isot_true_89,clean,0.475,28,477
2026-01-23 07:34:10,mistralai/Mistral-7B-Instruct-v0.3,MMLU_selected_subjects,isot_true_299,meani,0.551,28,460
2026-01-23 07:38:34,google/gemma-2-9b,MMLU_selected_subjects,isot_true_89,meani,0.5,28,477
2026-01-23 07:39:41,mistralai/Mistral-7B-Instruct-v0.3,MMLU_selected_subjects,isot_true_3,clean,0.546,28,359
2026-01-23 07:45:06,google/gemma-2-9b,MMLU_selected_subjects,isot_true_890,clean,0.52,28,654
2026-01-23 07:45:10,mistralai/Mistral-7B-Instruct-v0.3,MMLU_selected_subjects,isot_true_3,meani,0.546,28,359
2026-01-23 07:50:51,mistralai/Mistral-7B-Instruct-v0.3,MMLU_selected_subjects,isot_true_30,clean,0.536,28,605
2026-01-23 07:51:39,google/gemma-2-9b,MMLU_selected_subjects,isot_true_890,meani,0.483,28,654
2026-01-23 07:56:34,mistralai/Mistral-7B-Instruct-v0.3,MMLU_selected_subjects,isot_true_30,meani,0.54,28,605
2026-01-23 07:58:10,google/gemma-2-9b,MMLU_selected_subjects,isot_true_891,clean,0.505,28,746
2026-01-23 08:02:05,mistralai/Mistral-7B-Instruct-v0.3,MMLU_selected_subjects,isot_true_300,clean,0.553,28,439
2026-01-23 08:04:42,google/gemma-2-9b,MMLU_selected_subjects,isot_true_891,meani,0.514,28,746
2026-01-23 08:07:37,mistralai/Mistral-7B-Instruct-v0.3,MMLU_selected_subjects,isot_true_300,meani,0.554,28,439
2026-01-23 08:11:04,google/gemma-2-9b,MMLU_selected_subjects,isot_true_892,clean,0.477,28,672
2026-01-23 08:13:24,mistralai/Mistral-7B-Instruct-v0.3,MMLU_selected_subjects,isot_true_301,clean,0.543,28,630
2026-01-23 08:17:22,google/gemma-2-9b,MMLU_selected_subjects,isot_true_892,meani,0.517,28,672
2026-01-23 08:19:12,mistralai/Mistral-7B-Instruct-v0.3,MMLU_selected_subjects,isot_true_301,meani,0.545,28,630
2026-01-23 08:23:50,google/gemma-2-9b,MMLU_selected_subjects,isot_true_893,clean,0.46,28,701
2026-01-23 08:24:45,mistralai/Mistral-7B-Instruct-v0.3,MMLU_selected_subjects,isot_true_302,clean,0.555,28,432
2026-01-23 08:30:16,google/gemma-2-9b,MMLU_selected_subjects,isot_true_893,meani,0.484,28,701
2026-01-23 08:30:17,mistralai/Mistral-7B-Instruct-v0.3,MMLU_selected_subjects,isot_true_302,meani,0.551,28,432
2026-01-23 08:35:52,mistralai/Mistral-7B-Instruct-v0.3,MMLU_selected_subjects,isot_true_303,clean,0.54,28,410
2026-01-23 08:36:36,google/gemma-2-9b,MMLU_selected_subjects,isot_true_894,clean,0.514,28,545
2026-01-23 08:41:23,mistralai/Mistral-7B-Instruct-v0.3,MMLU_selected_subjects,isot_true_303,meani,0.544,28,410
2026-01-23 08:42:59,google/gemma-2-9b,MMLU_selected_subjects,isot_true_894,meani,0.465,28,545
2026-01-23 08:47:27,mistralai/Mistral-7B-Instruct-v0.3,MMLU_selected_subjects,isot_true_304,clean,0.538,28,729
2026-01-23 08:49:26,google/gemma-2-9b,MMLU_selected_subjects,isot_true_895,clean,0.477,28,510
2026-01-23 08:53:28,mistralai/Mistral-7B-Instruct-v0.3,MMLU_selected_subjects,isot_true_304,meani,0.539,28,729
2026-01-23 08:55:44,google/gemma-2-9b,MMLU_selected_subjects,isot_true_895,meani,0.429,28,510
2026-01-23 08:58:58,mistralai/Mistral-7B-Instruct-v0.3,MMLU_selected_subjects,isot_true_305,clean,0.555,28,425
2026-01-23 09:01:59,google/gemma-2-9b,MMLU_selected_subjects,isot_true_896,clean,0.492,28,347
2026-01-23 09:04:29,mistralai/Mistral-7B-Instruct-v0.3,MMLU_selected_subjects,isot_true_305,meani,0.543,28,425
2026-01-23 09:08:09,google/gemma-2-9b,MMLU_selected_subjects,isot_true_896,meani,0.509,28,347
2026-01-23 09:10:04,mistralai/Mistral-7B-Instruct-v0.3,MMLU_selected_subjects,isot_true_306,clean,0.548,28,417
2026-01-23 09:14:26,google/gemma-2-9b,MMLU_selected_subjects,isot_true_897,clean,0.483,28,615
2026-01-23 09:15:34,mistralai/Mistral-7B-Instruct-v0.3,MMLU_selected_subjects,isot_true_306,meani,0.547,28,417
2026-01-23 09:20:44,google/gemma-2-9b,MMLU_selected_subjects,isot_true_897,meani,0.523,28,615
2026-01-23 09:21:33,mistralai/Mistral-7B-Instruct-v0.3,MMLU_selected_subjects,isot_true_307,clean,0.549,28,778
2026-01-23 09:27:19,google/gemma-2-9b,MMLU_selected_subjects,isot_true_898,clean,0.429,28,629
2026-01-23 09:27:30,mistralai/Mistral-7B-Instruct-v0.3,MMLU_selected_subjects,isot_true_307,meani,0.545,28,778
2026-01-23 09:33:19,mistralai/Mistral-7B-Instruct-v0.3,MMLU_selected_subjects,isot_true_308,clean,0.547,28,595
2026-01-23 09:33:46,google/gemma-2-9b,MMLU_selected_subjects,isot_true_898,meani,0.479,28,629
2026-01-23 09:39:06,mistralai/Mistral-7B-Instruct-v0.3,MMLU_selected_subjects,isot_true_308,meani,0.556,28,595
2026-01-23 09:40:15,google/gemma-2-9b,MMLU_selected_subjects,isot_true_899,clean,0.533,28,713
2026-01-23 09:44:48,mistralai/Mistral-7B-Instruct-v0.3,MMLU_selected_subjects,isot_true_309,clean,0.548,28,519
2026-01-23 09:46:46,google/gemma-2-9b,MMLU_selected_subjects,isot_true_899,meani,0.467,28,713
2026-01-23 09:50:26,mistralai/Mistral-7B-Instruct-v0.3,MMLU_selected_subjects,isot_true_309,meani,0.544,28,519
2026-01-23 09:52:55,google/gemma-2-9b,MMLU_selected_subjects,isot_true_9,clean,0.483,28,492
2026-01-23 09:56:01,mistralai/Mistral-7B-Instruct-v0.3,MMLU_selected_subjects,isot_true_31,clean,0.554,28,484
2026-01-23 09:59:04,google/gemma-2-9b,MMLU_selected_subjects,isot_true_9,meani,0.507,28,492
2026-01-23 10:01:33,mistralai/Mistral-7B-Instruct-v0.3,MMLU_selected_subjects,isot_true_31,meani,0.544,28,484
2026-01-23 10:05:25,google/gemma-2-9b,MMLU_selected_subjects,isot_true_90,clean,0.47,28,562
2026-01-23 10:07:02,mistralai/Mistral-7B-Instruct-v0.3,MMLU_selected_subjects,isot_true_310,clean,0.546,28,441
2026-01-23 10:11:51,google/gemma-2-9b,MMLU_selected_subjects,isot_true_90,meani,0.422,28,562
2026-01-23 10:12:31,mistralai/Mistral-7B-Instruct-v0.3,MMLU_selected_subjects,isot_true_310,meani,0.544,28,441
2026-01-23 10:18:06,google/gemma-2-9b,MMLU_selected_subjects,isot_true_900,clean,0.497,28,510
2026-01-23 10:18:22,mistralai/Mistral-7B-Instruct-v0.3,MMLU_selected_subjects,isot_true_311,clean,0.539,28,622
2026-01-23 10:24:12,mistralai/Mistral-7B-Instruct-v0.3,MMLU_selected_subjects,isot_true_311,meani,0.549,28,622
2026-01-23 10:24:28,google/gemma-2-9b,MMLU_selected_subjects,isot_true_900,meani,0.511,28,510
2026-01-23 10:30:10,mistralai/Mistral-7B-Instruct-v0.3,MMLU_selected_subjects,isot_true_312,clean,0.542,28,789
2026-01-23 10:30:36,google/gemma-2-9b,MMLU_selected_subjects,isot_true_901,clean,0.547,28,430
2026-01-23 10:36:07,mistralai/Mistral-7B-Instruct-v0.3,MMLU_selected_subjects,isot_true_312,meani,0.557,28,789
2026-01-23 10:36:44,google/gemma-2-9b,MMLU_selected_subjects,isot_true_901,meani,0.536,28,430
2026-01-23 10:41:31,mistralai/Mistral-7B-Instruct-v0.3,MMLU_selected_subjects,isot_true_313,clean,0.543,28,254
2026-01-23 10:43:02,google/gemma-2-9b,MMLU_selected_subjects,isot_true_902,clean,0.494,28,532
2026-01-23 10:46:54,mistralai/Mistral-7B-Instruct-v0.3,MMLU_selected_subjects,isot_true_313,meani,0.542,28,254
2026-01-23 10:49:30,google/gemma-2-9b,MMLU_selected_subjects,isot_true_902,meani,0.428,28,532
2026-01-23 10:53:14,mistralai/Mistral-7B-Instruct-v0.3,MMLU_selected_subjects,isot_true_314,clean,0.552,28,457
2026-01-23 10:56:38,google/gemma-2-9b,MMLU_selected_subjects,isot_true_903,clean,0.458,28,739
2026-01-23 10:58:47,mistralai/Mistral-7B-Instruct-v0.3,MMLU_selected_subjects,isot_true_314,meani,0.549,28,457
2026-01-23 11:03:08,google/gemma-2-9b,MMLU_selected_subjects,isot_true_903,meani,0.463,28,739
2026-01-23 11:04:12,mistralai/Mistral-7B-Instruct-v0.3,MMLU_selected_subjects,isot_true_315,clean,0.553,28,350
2026-01-23 11:09:12,google/gemma-2-9b,MMLU_selected_subjects,isot_true_904,clean,0.523,28,428
2026-01-23 11:09:38,mistralai/Mistral-7B-Instruct-v0.3,MMLU_selected_subjects,isot_true_315,meani,0.549,28,350
2026-01-23 11:15:21,google/gemma-2-9b,MMLU_selected_subjects,isot_true_904,meani,0.503,28,428
2026-01-23 11:15:25,mistralai/Mistral-7B-Instruct-v0.3,MMLU_selected_subjects,isot_true_316,clean,0.547,28,631
2026-01-23 11:21:09,mistralai/Mistral-7B-Instruct-v0.3,MMLU_selected_subjects,isot_true_316,meani,0.545,28,631
2026-01-23 11:21:30,google/gemma-2-9b,MMLU_selected_subjects,isot_true_905,clean,0.491,28,471
2026-01-23 11:26:51,mistralai/Mistral-7B-Instruct-v0.3,MMLU_selected_subjects,isot_true_317,clean,0.55,28,485
2026-01-23 11:27:46,google/gemma-2-9b,MMLU_selected_subjects,isot_true_905,meani,0.464,28,471
2026-01-23 11:32:30,mistralai/Mistral-7B-Instruct-v0.3,MMLU_selected_subjects,isot_true_317,meani,0.541,28,485
2026-01-23 11:33:56,google/gemma-2-9b,MMLU_selected_subjects,isot_true_906,clean,0.456,28,443
2026-01-23 11:38:20,mistralai/Mistral-7B-Instruct-v0.3,MMLU_selected_subjects,isot_true_318,clean,0.546,28,650
2026-01-23 11:40:06,google/gemma-2-9b,MMLU_selected_subjects,isot_true_906,meani,0.427,28,443
2026-01-23 11:44:11,mistralai/Mistral-7B-Instruct-v0.3,MMLU_selected_subjects,isot_true_318,meani,0.553,28,650
2026-01-23 11:46:43,google/gemma-2-9b,MMLU_selected_subjects,isot_true_907,clean,0.452,28,637
2026-01-23 11:49:43,mistralai/Mistral-7B-Instruct-v0.3,MMLU_selected_subjects,isot_true_319,clean,0.554,28,422
2026-01-23 11:53:09,google/gemma-2-9b,MMLU_selected_subjects,isot_true_907,meani,0.456,28,637
2026-01-23 11:55:11,mistralai/Mistral-7B-Instruct-v0.3,MMLU_selected_subjects,isot_true_319,meani,0.543,28,422
2026-01-23 11:59:15,google/gemma-2-9b,MMLU_selected_subjects,isot_true_908,clean,0.478,28,408
2026-01-23 12:01:17,mistralai/Mistral-7B-Instruct-v0.3,MMLU_selected_subjects,isot_true_32,clean,0.557,28,726
2026-01-23 12:05:21,google/gemma-2-9b,MMLU_selected_subjects,isot_true_908,meani,0.491,28,408
2026-01-23 12:07:17,mistralai/Mistral-7B-Instruct-v0.3,MMLU_selected_subjects,isot_true_32,meani,0.544,28,726
2026-01-23 12:11:45,google/gemma-2-9b,MMLU_selected_subjects,isot_true_909,clean,0.337,28,656
2026-01-23 12:12:57,mistralai/Mistral-7B-Instruct-v0.3,MMLU_selected_subjects,isot_true_320,clean,0.554,28,544
2026-01-23 12:18:18,google/gemma-2-9b,MMLU_selected_subjects,isot_true_909,meani,0.39,28,656
2026-01-23 12:18:33,mistralai/Mistral-7B-Instruct-v0.3,MMLU_selected_subjects,isot_true_320,meani,0.56,28,544
2026-01-23 12:24:08,mistralai/Mistral-7B-Instruct-v0.3,MMLU_selected_subjects,isot_true_321,clean,0.551,28,532
2026-01-23 12:24:35,google/gemma-2-9b,MMLU_selected_subjects,isot_true_91,clean,0.45,28,549
2026-01-23 12:29:48,mistralai/Mistral-7B-Instruct-v0.3,MMLU_selected_subjects,isot_true_321,meani,0.546,28,532
2026-01-23 12:30:52,google/gemma-2-9b,MMLU_selected_subjects,isot_true_91,meani,0.495,28,549
2026-01-23 12:35:32,mistralai/Mistral-7B-Instruct-v0.3,MMLU_selected_subjects,isot_true_322,clean,0.549,28,601
2026-01-23 12:37:24,google/gemma-2-9b,MMLU_selected_subjects,isot_true_910,clean,0.499,28,784
2026-01-23 12:41:18,mistralai/Mistral-7B-Instruct-v0.3,MMLU_selected_subjects,isot_true_322,meani,0.537,28,601
2026-01-23 12:43:52,google/gemma-2-9b,MMLU_selected_subjects,isot_true_910,meani,0.525,28,784
2026-01-23 12:47:03,mistralai/Mistral-7B-Instruct-v0.3,MMLU_selected_subjects,isot_true_323,clean,0.548,28,629
2026-01-23 12:50:05,google/gemma-2-9b,MMLU_selected_subjects,isot_true_911,clean,0.524,28,424
2026-01-23 12:52:39,mistralai/Mistral-7B-Instruct-v0.3,MMLU_selected_subjects,isot_true_323,meani,0.542,28,629
2026-01-23 12:56:13,google/gemma-2-9b,MMLU_selected_subjects,isot_true_911,meani,0.516,28,424
2026-01-23 12:58:12,mistralai/Mistral-7B-Instruct-v0.3,MMLU_selected_subjects,isot_true_324,clean,0.547,28,414
2026-01-23 13:02:36,google/gemma-2-9b,MMLU_selected_subjects,isot_true_912,clean,0.515,28,601
2026-01-23 13:03:42,mistralai/Mistral-7B-Instruct-v0.3,MMLU_selected_subjects,isot_true_324,meani,0.549,28,414
2026-01-23 13:09:04,google/gemma-2-9b,MMLU_selected_subjects,isot_true_912,meani,0.512,28,601
2026-01-23 13:09:13,mistralai/Mistral-7B-Instruct-v0.3,MMLU_selected_subjects,isot_true_325,clean,0.544,28,378
2026-01-23 13:14:48,mistralai/Mistral-7B-Instruct-v0.3,MMLU_selected_subjects,isot_true_325,meani,0.559,28,378
2026-01-23 13:15:27,google/gemma-2-9b,MMLU_selected_subjects,isot_true_913,clean,0.532,28,556
2026-01-23 13:20:33,mistralai/Mistral-7B-Instruct-v0.3,MMLU_selected_subjects,isot_true_326,clean,0.548,28,615
2026-01-23 13:21:47,google/gemma-2-9b,MMLU_selected_subjects,isot_true_913,meani,0.515,28,556
2026-01-23 13:26:20,mistralai/Mistral-7B-Instruct-v0.3,MMLU_selected_subjects,isot_true_326,meani,0.554,28,615
2026-01-23 13:27:59,google/gemma-2-9b,MMLU_selected_subjects,isot_true_914,clean,0.445,28,390
2026-01-23 13:31:45,mistralai/Mistral-7B-Instruct-v0.3,MMLU_selected_subjects,isot_true_327,clean,0.546,28,271
2026-01-23 13:34:12,google/gemma-2-9b,MMLU_selected_subjects,isot_true_914,meani,0.445,28,390
2026-01-23 13:37:04,mistralai/Mistral-7B-Instruct-v0.3,MMLU_selected_subjects,isot_true_327,meani,0.547,28,271
2026-01-23 13:40:21,google/gemma-2-9b,MMLU_selected_subjects,isot_true_915,clean,0.523,28,336
2026-01-23 13:42:45,mistralai/Mistral-7B-Instruct-v0.3,MMLU_selected_subjects,isot_true_328,clean,0.541,28,476
2026-01-23 13:46:39,google/gemma-2-9b,MMLU_selected_subjects,isot_true_915,meani,0.405,28,336
2026-01-23 13:48:18,mistralai/Mistral-7B-Instruct-v0.3,MMLU_selected_subjects,isot_true_328,meani,0.556,28,476
2026-01-23 13:52:49,google/gemma-2-9b,MMLU_selected_subjects,isot_true_916,clean,0.431,28,501
2026-01-23 13:53:53,mistralai/Mistral-7B-Instruct-v0.3,MMLU_selected_subjects,isot_true_329,clean,0.548,28,493
2026-01-23 13:58:57,google/gemma-2-9b,MMLU_selected_subjects,isot_true_916,meani,0.441,28,501
2026-01-23 13:59:24,mistralai/Mistral-7B-Instruct-v0.3,MMLU_selected_subjects,isot_true_329,meani,0.558,28,493
2026-01-23 14:05:03,mistralai/Mistral-7B-Instruct-v0.3,MMLU_selected_subjects,isot_true_33,clean,0.552,28,533
2026-01-23 14:05:04,google/gemma-2-9b,MMLU_selected_subjects,isot_true_917,clean,0.534,28,397
2026-01-23 14:10:38,mistralai/Mistral-7B-Instruct-v0.3,MMLU_selected_subjects,isot_true_33,meani,0.545,28,533
2026-01-23 14:11:12,google/gemma-2-9b,MMLU_selected_subjects,isot_true_917,meani,0.516,28,397
2026-01-23 14:16:15,mistralai/Mistral-7B-Instruct-v0.3,MMLU_selected_subjects,isot_true_330,clean,0.549,28,535
2026-01-23 14:17:28,google/gemma-2-9b,MMLU_selected_subjects,isot_true_918,clean,0.528,28,532
2026-01-23 14:21:51,mistralai/Mistral-7B-Instruct-v0.3,MMLU_selected_subjects,isot_true_330,meani,0.553,28,535
2026-01-23 14:23:47,google/gemma-2-9b,MMLU_selected_subjects,isot_true_918,meani,0.531,28,532
2026-01-23 14:27:41,mistralai/Mistral-7B-Instruct-v0.3,MMLU_selected_subjects,isot_true_331,clean,0.541,28,756
2026-01-23 14:30:02,google/gemma-2-9b,MMLU_selected_subjects,isot_true_919,clean,0.492,28,504
2026-01-23 14:33:36,mistralai/Mistral-7B-Instruct-v0.3,MMLU_selected_subjects,isot_true_331,meani,0.55,28,756
2026-01-23 14:36:15,google/gemma-2-9b,MMLU_selected_subjects,isot_true_919,meani,0.499,28,504
2026-01-23 14:39:09,mistralai/Mistral-7B-Instruct-v0.3,MMLU_selected_subjects,isot_true_332,clean,0.553,28,349
2026-01-23 14:42:31,google/gemma-2-9b,MMLU_selected_subjects,isot_true_92,clean,0.511,28,524
2026-01-23 14:44:37,mistralai/Mistral-7B-Instruct-v0.3,MMLU_selected_subjects,isot_true_332,meani,0.545,28,349
2026-01-23 14:48:48,google/gemma-2-9b,MMLU_selected_subjects,isot_true_92,meani,0.415,28,524
2026-01-23 14:50:14,mistralai/Mistral-7B-Instruct-v0.3,MMLU_selected_subjects,isot_true_333,clean,0.548,28,475
2026-01-23 14:54:48,google/gemma-2-9b,MMLU_selected_subjects,isot_true_920,clean,0.419,28,233
2026-01-23 14:55:49,mistralai/Mistral-7B-Instruct-v0.3,MMLU_selected_subjects,isot_true_333,meani,0.548,28,475
2026-01-23 15:00:48,google/gemma-2-9b,MMLU_selected_subjects,isot_true_920,meani,0.382,28,233
2026-01-23 15:01:47,mistralai/Mistral-7B-Instruct-v0.3,MMLU_selected_subjects,isot_true_334,clean,0.548,28,722
2026-01-23 15:07:13,google/gemma-2-9b,MMLU_selected_subjects,isot_true_921,clean,0.532,28,509
2026-01-23 15:07:39,mistralai/Mistral-7B-Instruct-v0.3,MMLU_selected_subjects,isot_true_334,meani,0.542,28,722
2026-01-23 15:13:33,mistralai/Mistral-7B-Instruct-v0.3,MMLU_selected_subjects,isot_true_335,clean,0.537,28,717
2026-01-23 15:13:34,google/gemma-2-9b,MMLU_selected_subjects,isot_true_921,meani,0.532,28,509
2026-01-23 15:19:30,mistralai/Mistral-7B-Instruct-v0.3,MMLU_selected_subjects,isot_true_335,meani,0.549,28,717
2026-01-23 15:19:42,google/gemma-2-9b,MMLU_selected_subjects,isot_true_922,clean,0.506,28,348
2026-01-23 15:25:10,mistralai/Mistral-7B-Instruct-v0.3,MMLU_selected_subjects,isot_true_336,clean,0.553,28,528
2026-01-23 15:25:51,google/gemma-2-9b,MMLU_selected_subjects,isot_true_922,meani,0.425,28,348
2026-01-23 15:30:46,mistralai/Mistral-7B-Instruct-v0.3,MMLU_selected_subjects,isot_true_336,meani,0.549,28,528
2026-01-23 15:32:13,google/gemma-2-9b,MMLU_selected_subjects,isot_true_923,clean,0.492,28,499
2026-01-23 15:36:21,mistralai/Mistral-7B-Instruct-v0.3,MMLU_selected_subjects,isot_true_337,clean,0.549,28,458
2026-01-23 15:38:31,google/gemma-2-9b,MMLU_selected_subjects,isot_true_923,meani,0.475,28,499
2026-01-23 15:41:54,mistralai/Mistral-7B-Instruct-v0.3,MMLU_selected_subjects,isot_true_337,meani,0.548,28,458
2026-01-23 15:45:09,google/gemma-2-9b,MMLU_selected_subjects,isot_true_924,clean,0.477,28,799
2026-01-23 15:47:33,mistralai/Mistral-7B-Instruct-v0.3,MMLU_selected_subjects,isot_true_338,clean,0.559,28,504
2026-01-23 15:51:44,google/gemma-2-9b,MMLU_selected_subjects,isot_true_924,meani,0.447,28,799
2026-01-23 15:53:07,mistralai/Mistral-7B-Instruct-v0.3,MMLU_selected_subjects,isot_true_338,meani,0.553,28,504
2026-01-23 15:58:20,google/gemma-2-9b,MMLU_selected_subjects,isot_true_925,clean,0.53,28,651
2026-01-23 15:58:46,mistralai/Mistral-7B-Instruct-v0.3,MMLU_selected_subjects,isot_true_339,clean,0.546,28,544
2026-01-23 16:04:30,mistralai/Mistral-7B-Instruct-v0.3,MMLU_selected_subjects,isot_true_339,meani,0.55,28,544
2026-01-23 16:05:04,google/gemma-2-9b,MMLU_selected_subjects,isot_true_925,meani,0.479,28,651
2026-01-23 16:09:57,mistralai/Mistral-7B-Instruct-v0.3,MMLU_selected_subjects,isot_true_34,clean,0.56,28,304
2026-01-23 16:11:34,google/gemma-2-9b,MMLU_selected_subjects,isot_true_926,clean,0.494,28,635
2026-01-23 16:15:26,mistralai/Mistral-7B-Instruct-v0.3,MMLU_selected_subjects,isot_true_34,meani,0.543,28,304
2026-01-23 16:18:05,google/gemma-2-9b,MMLU_selected_subjects,isot_true_926,meani,0.529,28,635
2026-01-23 16:21:13,mistralai/Mistral-7B-Instruct-v0.3,MMLU_selected_subjects,isot_true_340,clean,0.542,28,549
2026-01-23 16:24:38,google/gemma-2-9b,MMLU_selected_subjects,isot_true_927,clean,0.498,28,643
2026-01-23 16:26:56,mistralai/Mistral-7B-Instruct-v0.3,MMLU_selected_subjects,isot_true_340,meani,0.551,28,549
2026-01-23 16:31:05,google/gemma-2-9b,MMLU_selected_subjects,isot_true_927,meani,0.436,28,643
2026-01-23 16:32:27,mistralai/Mistral-7B-Instruct-v0.3,MMLU_selected_subjects,isot_true_341,clean,0.556,28,279
2026-01-23 16:37:22,google/gemma-2-9b,MMLU_selected_subjects,isot_true_928,clean,0.504,28,461
2026-01-23 16:37:52,mistralai/Mistral-7B-Instruct-v0.3,MMLU_selected_subjects,isot_true_341,meani,0.546,28,279
2026-01-23 16:43:18,mistralai/Mistral-7B-Instruct-v0.3,MMLU_selected_subjects,isot_true_342,clean,0.549,28,303
2026-01-23 16:43:37,google/gemma-2-9b,MMLU_selected_subjects,isot_true_928,meani,0.513,28,461
2026-01-23 16:48:41,mistralai/Mistral-7B-Instruct-v0.3,MMLU_selected_subjects,isot_true_342,meani,0.559,28,303
2026-01-23 16:49:51,google/gemma-2-9b,MMLU_selected_subjects,isot_true_929,clean,0.478,28,399
2026-01-23 16:54:26,mistralai/Mistral-7B-Instruct-v0.3,MMLU_selected_subjects,isot_true_343,clean,0.551,28,552
2026-01-23 16:55:59,google/gemma-2-9b,MMLU_selected_subjects,isot_true_929,meani,0.431,28,399
2026-01-23 17:00:17,mistralai/Mistral-7B-Instruct-v0.3,MMLU_selected_subjects,isot_true_343,meani,0.551,28,552
2026-01-23 17:02:37,google/gemma-2-9b,MMLU_selected_subjects,isot_true_93,clean,0.505,28,734
2026-01-23 17:06:02,mistralai/Mistral-7B-Instruct-v0.3,MMLU_selected_subjects,isot_true_344,clean,0.546,28,559
2026-01-23 17:09:09,google/gemma-2-9b,MMLU_selected_subjects,isot_true_93,meani,0.496,28,734
2026-01-23 17:11:51,mistralai/Mistral-7B-Instruct-v0.3,MMLU_selected_subjects,isot_true_344,meani,0.545,28,559
2026-01-23 17:15:21,google/gemma-2-9b,MMLU_selected_subjects,isot_true_930,clean,0.508,28,401
2026-01-23 17:17:26,mistralai/Mistral-7B-Instruct-v0.3,MMLU_selected_subjects,isot_true_345,clean,0.539,28,416
2026-01-23 17:21:31,google/gemma-2-9b,MMLU_selected_subjects,isot_true_930,meani,0.522,28,401
2026-01-23 17:23:01,mistralai/Mistral-7B-Instruct-v0.3,MMLU_selected_subjects,isot_true_345,meani,0.535,28,416
2026-01-23 17:28:20,google/gemma-2-9b,MMLU_selected_subjects,isot_true_931,clean,0.488,28,786
2026-01-23 17:28:37,mistralai/Mistral-7B-Instruct-v0.3,MMLU_selected_subjects,isot_true_346,clean,0.548,28,522
2026-01-23 17:34:07,mistralai/Mistral-7B-Instruct-v0.3,MMLU_selected_subjects,isot_true_346,meani,0.551,28,522
2026-01-23 17:35:08,google/gemma-2-9b,MMLU_selected_subjects,isot_true_931,meani,0.487,28,786
2026-01-23 17:39:41,mistralai/Mistral-7B-Instruct-v0.3,MMLU_selected_subjects,isot_true_347,clean,0.555,28,405
2026-01-23 17:41:40,google/gemma-2-9b,MMLU_selected_subjects,isot_true_932,clean,0.466,28,656
2026-01-23 17:45:36,mistralai/Mistral-7B-Instruct-v0.3,MMLU_selected_subjects,isot_true_347,meani,0.551,28,405
2026-01-23 17:49:11,google/gemma-2-9b,MMLU_selected_subjects,isot_true_932,meani,0.342,28,656
2026-01-23 17:52:30,mistralai/Mistral-7B-Instruct-v0.3,MMLU_selected_subjects,isot_true_348,clean,0.546,28,736
2026-01-23 17:57:01,google/gemma-2-9b,MMLU_selected_subjects,isot_true_933,clean,0.51,28,655
2026-01-23 17:59:28,mistralai/Mistral-7B-Instruct-v0.3,MMLU_selected_subjects,isot_true_348,meani,0.556,28,736
2026-01-23 18:04:45,google/gemma-2-9b,MMLU_selected_subjects,isot_true_933,meani,0.463,28,655
2026-01-23 18:06:11,mistralai/Mistral-7B-Instruct-v0.3,MMLU_selected_subjects,isot_true_349,clean,0.544,28,628
2026-01-23 18:12:00,google/gemma-2-9b,MMLU_selected_subjects,isot_true_934,clean,0.506,28,380
2026-01-23 18:12:49,mistralai/Mistral-7B-Instruct-v0.3,MMLU_selected_subjects,isot_true_349,meani,0.548,28,628
2026-01-23 18:18:47,mistralai/Mistral-7B-Instruct-v0.3,MMLU_selected_subjects,isot_true_35,clean,0.556,28,429
2026-01-23 18:18:50,google/gemma-2-9b,MMLU_selected_subjects,isot_true_934,meani,0.529,28,380
2026-01-23 18:24:39,mistralai/Mistral-7B-Instruct-v0.3,MMLU_selected_subjects,isot_true_35,meani,0.54,28,429
2026-01-23 18:25:52,google/gemma-2-9b,MMLU_selected_subjects,isot_true_935,clean,0.495,28,784
2026-01-23 18:30:57,mistralai/Mistral-7B-Instruct-v0.3,MMLU_selected_subjects,isot_true_350,clean,0.545,28,781
2026-01-23 18:33:18,google/gemma-2-9b,MMLU_selected_subjects,isot_true_935,meani,0.468,28,784
2026-01-23 18:37:23,mistralai/Mistral-7B-Instruct-v0.3,MMLU_selected_subjects,isot_true_350,meani,0.55,28,781
2026-01-23 18:39:52,google/gemma-2-9b,MMLU_selected_subjects,isot_true_936,clean,0.528,28,529
2026-01-23 18:43:22,mistralai/Mistral-7B-Instruct-v0.3,MMLU_selected_subjects,isot_true_351,clean,0.555,28,767
2026-01-23 18:46:09,google/gemma-2-9b,MMLU_selected_subjects,isot_true_936,meani,0.425,28,529
2026-01-23 18:49:18,mistralai/Mistral-7B-Instruct-v0.3,MMLU_selected_subjects,isot_true_351,meani,0.542,28,767
2026-01-23 18:52:31,google/gemma-2-9b,MMLU_selected_subjects,isot_true_937,clean,0.508,28,543
2026-01-23 18:54:58,mistralai/Mistral-7B-Instruct-v0.3,MMLU_selected_subjects,isot_true_352,clean,0.546,28,531
2026-01-23 18:58:46,google/gemma-2-9b,MMLU_selected_subjects,isot_true_937,meani,0.517,28,543
2026-01-23 19:00:32,mistralai/Mistral-7B-Instruct-v0.3,MMLU_selected_subjects,isot_true_352,meani,0.552,28,531
2026-01-23 19:05:06,google/gemma-2-9b,MMLU_selected_subjects,isot_true_938,clean,0.551,28,650
2026-01-23 19:06:04,mistralai/Mistral-7B-Instruct-v0.3,MMLU_selected_subjects,isot_true_353,clean,0.554,28,379
2026-01-23 19:11:28,google/gemma-2-9b,MMLU_selected_subjects,isot_true_938,meani,0.513,28,650
2026-01-23 19:11:33,mistralai/Mistral-7B-Instruct-v0.3,MMLU_selected_subjects,isot_true_353,meani,0.537,28,379
2026-01-23 19:17:09,mistralai/Mistral-7B-Instruct-v0.3,MMLU_selected_subjects,isot_true_354,clean,0.548,28,527
2026-01-23 19:18:22,google/gemma-2-9b,MMLU_selected_subjects,isot_true_939,clean,0.437,28,797
2026-01-23 19:22:48,mistralai/Mistral-7B-Instruct-v0.3,MMLU_selected_subjects,isot_true_354,meani,0.544,28,527
2026-01-23 19:25:17,google/gemma-2-9b,MMLU_selected_subjects,isot_true_939,meani,0.467,28,797
2026-01-23 19:28:32,mistralai/Mistral-7B-Instruct-v0.3,MMLU_selected_subjects,isot_true_355,clean,0.551,28,567
2026-01-23 19:31:45,google/gemma-2-9b,MMLU_selected_subjects,isot_true_94,clean,0.307,28,604
2026-01-23 19:34:17,mistralai/Mistral-7B-Instruct-v0.3,MMLU_selected_subjects,isot_true_355,meani,0.542,28,567
2026-01-23 19:38:18,google/gemma-2-9b,MMLU_selected_subjects,isot_true_94,meani,0.364,28,604
2026-01-23 19:40:00,mistralai/Mistral-7B-Instruct-v0.3,MMLU_selected_subjects,isot_true_356,clean,0.548,28,497
2026-01-23 19:44:35,google/gemma-2-9b,MMLU_selected_subjects,isot_true_940,clean,0.461,28,537
2026-01-23 19:45:47,mistralai/Mistral-7B-Instruct-v0.3,MMLU_selected_subjects,isot_true_356,meani,0.543,28,497
2026-01-23 19:50:50,google/gemma-2-9b,MMLU_selected_subjects,isot_true_940,meani,0.441,28,537
2026-01-23 19:51:11,mistralai/Mistral-7B-Instruct-v0.3,MMLU_selected_subjects,isot_true_357,clean,0.556,28,294
2026-01-23 19:56:37,mistralai/Mistral-7B-Instruct-v0.3,MMLU_selected_subjects,isot_true_357,meani,0.559,28,294
2026-01-23 19:57:23,google/gemma-2-9b,MMLU_selected_subjects,isot_true_941,clean,0.527,28,771
2026-01-23 20:02:29,mistralai/Mistral-7B-Instruct-v0.3,MMLU_selected_subjects,isot_true_358,clean,0.548,28,611
2026-01-23 20:03:59,google/gemma-2-9b,MMLU_selected_subjects,isot_true_941,meani,0.509,28,771
2026-01-23 20:08:21,mistralai/Mistral-7B-Instruct-v0.3,MMLU_selected_subjects,isot_true_358,meani,0.542,28,611
2026-01-23 20:10:18,google/gemma-2-9b,MMLU_selected_subjects,isot_true_942,clean,0.513,28,506
2026-01-23 20:13:54,mistralai/Mistral-7B-Instruct-v0.3,MMLU_selected_subjects,isot_true_359,clean,0.547,28,427
2026-01-23 20:16:39,google/gemma-2-9b,MMLU_selected_subjects,isot_true_942,meani,0.475,28,506
2026-01-23 20:19:26,mistralai/Mistral-7B-Instruct-v0.3,MMLU_selected_subjects,isot_true_359,meani,0.548,28,427
2026-01-23 20:23:10,google/gemma-2-9b,MMLU_selected_subjects,isot_true_943,clean,0.475,28,634
2026-01-23 20:25:00,mistralai/Mistral-7B-Instruct-v0.3,MMLU_selected_subjects,isot_true_36,clean,0.55,28,426
2026-01-23 20:29:38,google/gemma-2-9b,MMLU_selected_subjects,isot_true_943,meani,0.499,28,634
2026-01-23 20:30:35,mistralai/Mistral-7B-Instruct-v0.3,MMLU_selected_subjects,isot_true_36,meani,0.553,28,426
2026-01-23 20:36:07,mistralai/Mistral-7B-Instruct-v0.3,MMLU_selected_subjects,isot_true_360,clean,0.543,28,383
2026-01-23 20:36:13,google/gemma-2-9b,MMLU_selected_subjects,isot_true_944,clean,0.417,28,743
2026-01-23 20:41:40,mistralai/Mistral-7B-Instruct-v0.3,MMLU_selected_subjects,isot_true_360,meani,0.541,28,383
2026-01-23 20:42:44,google/gemma-2-9b,MMLU_selected_subjects,isot_true_944,meani,0.363,28,743
2026-01-23 20:47:30,mistralai/Mistral-7B-Instruct-v0.3,MMLU_selected_subjects,isot_true_361,clean,0.555,28,576
2026-01-23 20:48:57,google/gemma-2-9b,MMLU_selected_subjects,isot_true_945,clean,0.472,28,469
2026-01-23 20:53:17,mistralai/Mistral-7B-Instruct-v0.3,MMLU_selected_subjects,isot_true_361,meani,0.555,28,576
2026-01-23 20:55:10,google/gemma-2-9b,MMLU_selected_subjects,isot_true_945,meani,0.484,28,469
2026-01-23 20:58:55,mistralai/Mistral-7B-Instruct-v0.3,MMLU_selected_subjects,isot_true_362,clean,0.547,28,450
2026-01-23 21:01:38,google/gemma-2-9b,MMLU_selected_subjects,isot_true_946,clean,0.533,28,710
2026-01-23 21:04:28,mistralai/Mistral-7B-Instruct-v0.3,MMLU_selected_subjects,isot_true_362,meani,0.547,28,450
2026-01-23 21:08:05,google/gemma-2-9b,MMLU_selected_subjects,isot_true_946,meani,0.539,28,710
2026-01-23 21:09:55,mistralai/Mistral-7B-Instruct-v0.3,MMLU_selected_subjects,isot_true_363,clean,0.552,28,334
2026-01-23 21:14:13,google/gemma-2-9b,MMLU_selected_subjects,isot_true_947,clean,0.485,28,408
2026-01-23 21:15:19,mistralai/Mistral-7B-Instruct-v0.3,MMLU_selected_subjects,isot_true_363,meani,0.548,28,334
2026-01-23 21:20:22,google/gemma-2-9b,MMLU_selected_subjects,isot_true_947,meani,0.465,28,408
2026-01-23 21:20:55,mistralai/Mistral-7B-Instruct-v0.3,MMLU_selected_subjects,isot_true_364,clean,0.554,28,490
2026-01-23 21:26:22,mistralai/Mistral-7B-Instruct-v0.3,MMLU_selected_subjects,isot_true_364,meani,0.563,28,490
2026-01-23 21:26:44,google/gemma-2-9b,MMLU_selected_subjects,isot_true_948,clean,0.5,28,634
2026-01-23 21:32:04,mistralai/Mistral-7B-Instruct-v0.3,MMLU_selected_subjects,isot_true_365,clean,0.552,28,606
2026-01-23 21:33:05,google/gemma-2-9b,MMLU_selected_subjects,isot_true_948,meani,0.525,28,634
2026-01-23 21:37:44,mistralai/Mistral-7B-Instruct-v0.3,MMLU_selected_subjects,isot_true_365,meani,0.55,28,606
2026-01-23 21:39:34,google/gemma-2-9b,MMLU_selected_subjects,isot_true_949,clean,0.457,28,700
2026-01-23 21:43:36,mistralai/Mistral-7B-Instruct-v0.3,MMLU_selected_subjects,isot_true_366,clean,0.546,28,703
2026-01-23 21:46:02,google/gemma-2-9b,MMLU_selected_subjects,isot_true_949,meani,0.505,28,700
2026-01-23 21:49:26,mistralai/Mistral-7B-Instruct-v0.3,MMLU_selected_subjects,isot_true_366,meani,0.548,28,703
2026-01-23 21:52:16,google/gemma-2-9b,MMLU_selected_subjects,isot_true_95,clean,0.494,28,521
2026-01-23 21:54:57,mistralai/Mistral-7B-Instruct-v0.3,MMLU_selected_subjects,isot_true_367,clean,0.541,28,407
2026-01-23 21:58:30,google/gemma-2-9b,MMLU_selected_subjects,isot_true_95,meani,0.494,28,521
2026-01-23 22:00:28,mistralai/Mistral-7B-Instruct-v0.3,MMLU_selected_subjects,isot_true_367,meani,0.545,28,407
2026-01-23 22:04:55,google/gemma-2-9b,MMLU_selected_subjects,isot_true_950,clean,0.502,28,706
2026-01-23 22:05:59,mistralai/Mistral-7B-Instruct-v0.3,MMLU_selected_subjects,isot_true_368,clean,0.552,28,391
2026-01-23 22:11:20,google/gemma-2-9b,MMLU_selected_subjects,isot_true_950,meani,0.498,28,706
2026-01-23 22:11:28,mistralai/Mistral-7B-Instruct-v0.3,MMLU_selected_subjects,isot_true_368,meani,0.553,28,391
2026-01-23 22:17:03,mistralai/Mistral-7B-Instruct-v0.3,MMLU_selected_subjects,isot_true_369,clean,0.551,28,460
2026-01-23 22:17:39,google/gemma-2-9b,MMLU_selected_subjects,isot_true_951,clean,0.44,28,578
2026-01-23 22:22:39,mistralai/Mistral-7B-Instruct-v0.3,MMLU_selected_subjects,isot_true_369,meani,0.559,28,460
2026-01-23 22:23:59,google/gemma-2-9b,MMLU_selected_subjects,isot_true_951,meani,0.353,28,578
2026-01-23 22:28:30,mistralai/Mistral-7B-Instruct-v0.3,MMLU_selected_subjects,isot_true_37,clean,0.544,28,623
2026-01-23 22:30:31,google/gemma-2-9b,MMLU_selected_subjects,isot_true_952,clean,0.514,28,692
2026-01-23 22:34:17,mistralai/Mistral-7B-Instruct-v0.3,MMLU_selected_subjects,isot_true_37,meani,0.548,28,623
2026-01-23 22:37:04,google/gemma-2-9b,MMLU_selected_subjects,isot_true_952,meani,0.523,28,692
2026-01-23 22:40:14,mistralai/Mistral-7B-Instruct-v0.3,MMLU_selected_subjects,isot_true_370,clean,0.548,28,716
2026-01-23 22:43:27,google/gemma-2-9b,MMLU_selected_subjects,isot_true_953,clean,0.468,28,612
2026-01-23 22:46:08,mistralai/Mistral-7B-Instruct-v0.3,MMLU_selected_subjects,isot_true_370,meani,0.559,28,716
2026-01-23 22:49:53,google/gemma-2-9b,MMLU_selected_subjects,isot_true_953,meani,0.477,28,612
2026-01-23 22:52:00,mistralai/Mistral-7B-Instruct-v0.3,MMLU_selected_subjects,isot_true_371,clean,0.555,28,621
2026-01-23 22:56:08,google/gemma-2-9b,MMLU_selected_subjects,isot_true_954,clean,0.529,28,411
2026-01-23 22:57:51,mistralai/Mistral-7B-Instruct-v0.3,MMLU_selected_subjects,isot_true_371,meani,0.554,28,621
2026-01-23 23:02:17,google/gemma-2-9b,MMLU_selected_subjects,isot_true_954,meani,0.5,28,411
2026-01-23 23:03:19,mistralai/Mistral-7B-Instruct-v0.3,MMLU_selected_subjects,isot_true_372,clean,0.549,28,309
2026-01-23 23:08:21,google/gemma-2-9b,MMLU_selected_subjects,isot_true_955,clean,0.455,28,340
2026-01-23 23:08:51,mistralai/Mistral-7B-Instruct-v0.3,MMLU_selected_subjects,isot_true_372,meani,0.553,28,309
2026-01-23 23:14:26,google/gemma-2-9b,MMLU_selected_subjects,isot_true_955,meani,0.346,28,340
2026-01-23 23:14:32,mistralai/Mistral-7B-Instruct-v0.3,MMLU_selected_subjects,isot_true_373,clean,0.558,28,569
2026-01-23 23:20:11,mistralai/Mistral-7B-Instruct-v0.3,MMLU_selected_subjects,isot_true_373,meani,0.554,28,569
2026-01-23 23:20:30,google/gemma-2-9b,MMLU_selected_subjects,isot_true_956,clean,0.521,28,344
2026-01-23 23:25:57,mistralai/Mistral-7B-Instruct-v0.3,MMLU_selected_subjects,isot_true_374,clean,0.552,28,611
2026-01-23 23:26:34,google/gemma-2-9b,MMLU_selected_subjects,isot_true_956,meani,0.47,28,344
2026-01-23 23:31:45,mistralai/Mistral-7B-Instruct-v0.3,MMLU_selected_subjects,isot_true_374,meani,0.546,28,611
2026-01-23 23:32:57,google/gemma-2-9b,MMLU_selected_subjects,isot_true_957,clean,0.399,28,582
2026-01-23 23:37:35,mistralai/Mistral-7B-Instruct-v0.3,MMLU_selected_subjects,isot_true_375,clean,0.556,28,634
2026-01-23 23:39:25,google/gemma-2-9b,MMLU_selected_subjects,isot_true_957,meani,0.213,28,582
2026-01-23 23:43:25,mistralai/Mistral-7B-Instruct-v0.3,MMLU_selected_subjects,isot_true_375,meani,0.55,28,634
2026-01-23 23:45:37,google/gemma-2-9b,MMLU_selected_subjects,isot_true_958,clean,0.501,28,445
2026-01-23 23:49:19,mistralai/Mistral-7B-Instruct-v0.3,MMLU_selected_subjects,isot_true_376,clean,0.561,28,594
2026-01-23 23:51:49,google/gemma-2-9b,MMLU_selected_subjects,isot_true_958,meani,0.506,28,445
2026-01-23 23:55:10,mistralai/Mistral-7B-Instruct-v0.3,MMLU_selected_subjects,isot_true_376,meani,0.538,28,594
2026-01-23 23:58:26,google/gemma-2-9b,MMLU_selected_subjects,isot_true_959,clean,0.545,28,764
2026-01-24 00:00:47,mistralai/Mistral-7B-Instruct-v0.3,MMLU_selected_subjects,isot_true_377,clean,0.544,28,367
2026-01-24 00:05:01,google/gemma-2-9b,MMLU_selected_subjects,isot_true_959,meani,0.521,28,764
2026-01-24 00:06:21,mistralai/Mistral-7B-Instruct-v0.3,MMLU_selected_subjects,isot_true_377,meani,0.555,28,367
2026-01-24 00:11:05,google/gemma-2-9b,MMLU_selected_subjects,isot_true_96,clean,0.51,28,328
2026-01-24 00:11:53,mistralai/Mistral-7B-Instruct-v0.3,MMLU_selected_subjects,isot_true_378,clean,0.557,28,403
2026-01-24 00:17:08,google/gemma-2-9b,MMLU_selected_subjects,isot_true_96,meani,0.411,28,328
2026-01-24 00:17:22,mistralai/Mistral-7B-Instruct-v0.3,MMLU_selected_subjects,isot_true_378,meani,0.553,28,403
2026-01-24 00:23:00,mistralai/Mistral-7B-Instruct-v0.3,MMLU_selected_subjects,isot_true_379,clean,0.548,28,496
2026-01-24 00:23:14,google/gemma-2-9b,MMLU_selected_subjects,isot_true_960,clean,0.5,28,402
2026-01-24 00:28:33,mistralai/Mistral-7B-Instruct-v0.3,MMLU_selected_subjects,isot_true_379,meani,0.549,28,496
2026-01-24 00:29:22,google/gemma-2-9b,MMLU_selected_subjects,isot_true_960,meani,0.478,28,402
2026-01-24 00:34:08,mistralai/Mistral-7B-Instruct-v0.3,MMLU_selected_subjects,isot_true_38,clean,0.553,28,478
2026-01-24 00:35:57,google/gemma-2-9b,MMLU_selected_subjects,isot_true_961,clean,0.522,28,753
2026-01-24 00:39:45,mistralai/Mistral-7B-Instruct-v0.3,MMLU_selected_subjects,isot_true_38,meani,0.554,28,478
2026-01-24 00:42:35,google/gemma-2-9b,MMLU_selected_subjects,isot_true_961,meani,0.49,28,753
2026-01-24 00:45:21,mistralai/Mistral-7B-Instruct-v0.3,MMLU_selected_subjects,isot_true_380,clean,0.545,28,504
2026-01-24 00:49:04,google/gemma-2-9b,MMLU_selected_subjects,isot_true_962,clean,0.442,28,698
2026-01-24 00:50:56,mistralai/Mistral-7B-Instruct-v0.3,MMLU_selected_subjects,isot_true_380,meani,0.546,28,504
2026-01-24 00:55:33,google/gemma-2-9b,MMLU_selected_subjects,isot_true_962,meani,0.435,28,698
2026-01-24 00:56:36,mistralai/Mistral-7B-Instruct-v0.3,MMLU_selected_subjects,isot_true_381,clean,0.554,28,512
2026-01-24 01:01:54,google/gemma-2-9b,MMLU_selected_subjects,isot_true_963,clean,0.509,28,549
2026-01-24 01:02:15,mistralai/Mistral-7B-Instruct-v0.3,MMLU_selected_subjects,isot_true_381,meani,0.547,28,512
2026-01-24 01:07:52,mistralai/Mistral-7B-Instruct-v0.3,MMLU_selected_subjects,isot_true_382,clean,0.556,28,484
2026-01-24 01:08:13,google/gemma-2-9b,MMLU_selected_subjects,isot_true_963,meani,0.504,28,549
2026-01-24 01:13:27,mistralai/Mistral-7B-Instruct-v0.3,MMLU_selected_subjects,isot_true_382,meani,0.549,28,484
2026-01-24 01:14:37,google/gemma-2-9b,MMLU_selected_subjects,isot_true_964,clean,0.445,28,578
2026-01-24 01:19:17,mistralai/Mistral-7B-Instruct-v0.3,MMLU_selected_subjects,isot_true_383,clean,0.542,28,686
2026-01-24 01:20:54,google/gemma-2-9b,MMLU_selected_subjects,isot_true_964,meani,0.376,28,578
2026-01-24 01:25:04,mistralai/Mistral-7B-Instruct-v0.3,MMLU_selected_subjects,isot_true_383,meani,0.546,28,686
2026-01-24 01:27:11,google/gemma-2-9b,MMLU_selected_subjects,isot_true_965,clean,0.425,28,586
2026-01-24 01:30:41,mistralai/Mistral-7B-Instruct-v0.3,MMLU_selected_subjects,isot_true_384,clean,0.548,28,512
2026-01-24 01:33:29,google/gemma-2-9b,MMLU_selected_subjects,isot_true_965,meani,0.4,28,586
2026-01-24 01:36:17,mistralai/Mistral-7B-Instruct-v0.3,MMLU_selected_subjects,isot_true_384,meani,0.547,28,512
2026-01-24 01:39:39,google/gemma-2-9b,MMLU_selected_subjects,isot_true_966,clean,0.518,28,432
2026-01-24 01:42:18,mistralai/Mistral-7B-Instruct-v0.3,MMLU_selected_subjects,isot_true_385,clean,0.548,28,744
2026-01-24 01:45:58,google/gemma-2-9b,MMLU_selected_subjects,isot_true_966,meani,0.476,28,432
2026-01-24 01:48:14,mistralai/Mistral-7B-Instruct-v0.3,MMLU_selected_subjects,isot_true_385,meani,0.55,28,744
2026-01-24 01:52:13,google/gemma-2-9b,MMLU_selected_subjects,isot_true_967,clean,0.504,28,516
2026-01-24 01:53:48,mistralai/Mistral-7B-Instruct-v0.3,MMLU_selected_subjects,isot_true_386,clean,0.546,28,407
2026-01-24 01:58:29,google/gemma-2-9b,MMLU_selected_subjects,isot_true_967,meani,0.487,28,516
2026-01-24 01:59:18,mistralai/Mistral-7B-Instruct-v0.3,MMLU_selected_subjects,isot_true_386,meani,0.545,28,407
2026-01-24 02:04:50,google/gemma-2-9b,MMLU_selected_subjects,isot_true_968,clean,0.541,28,565
2026-01-24 02:04:58,mistralai/Mistral-7B-Instruct-v0.3,MMLU_selected_subjects,isot_true_387,clean,0.552,28,494
2026-01-24 02:10:32,mistralai/Mistral-7B-Instruct-v0.3,MMLU_selected_subjects,isot_true_387,meani,0.555,28,494
2026-01-24 02:11:14,google/gemma-2-9b,MMLU_selected_subjects,isot_true_968,meani,0.515,28,565
2026-01-24 02:16:07,mistralai/Mistral-7B-Instruct-v0.3,MMLU_selected_subjects,isot_true_388,clean,0.555,28,428
2026-01-24 02:17:31,google/gemma-2-9b,MMLU_selected_subjects,isot_true_969,clean,0.508,28,522
2026-01-24 02:21:41,mistralai/Mistral-7B-Instruct-v0.3,MMLU_selected_subjects,isot_true_388,meani,0.556,28,428
2026-01-24 02:23:52,google/gemma-2-9b,MMLU_selected_subjects,isot_true_969,meani,0.499,28,522
2026-01-24 02:27:33,mistralai/Mistral-7B-Instruct-v0.3,MMLU_selected_subjects,isot_true_389,clean,0.549,28,633
2026-01-24 02:30:01,google/gemma-2-9b,MMLU_selected_subjects,isot_true_97,clean,0.503,28,430
2026-01-24 02:33:23,mistralai/Mistral-7B-Instruct-v0.3,MMLU_selected_subjects,isot_true_389,meani,0.548,28,633
2026-01-24 02:36:14,google/gemma-2-9b,MMLU_selected_subjects,isot_true_97,meani,0.481,28,430
2026-01-24 02:39:08,mistralai/Mistral-7B-Instruct-v0.3,MMLU_selected_subjects,isot_true_39,clean,0.551,28,586
2026-01-24 02:42:41,google/gemma-2-9b,MMLU_selected_subjects,isot_true_970,clean,0.528,28,650
2026-01-24 02:44:52,mistralai/Mistral-7B-Instruct-v0.3,MMLU_selected_subjects,isot_true_39,meani,0.549,28,586
2026-01-24 02:49:06,google/gemma-2-9b,MMLU_selected_subjects,isot_true_970,meani,0.513,28,650
2026-01-24 02:50:39,mistralai/Mistral-7B-Instruct-v0.3,MMLU_selected_subjects,isot_true_390,clean,0.544,28,593
2026-01-24 02:55:21,google/gemma-2-9b,MMLU_selected_subjects,isot_true_971,clean,0.517,28,478
2026-01-24 02:56:26,mistralai/Mistral-7B-Instruct-v0.3,MMLU_selected_subjects,isot_true_390,meani,0.543,28,593
2026-01-24 03:01:35,google/gemma-2-9b,MMLU_selected_subjects,isot_true_971,meani,0.508,28,478
2026-01-24 03:02:01,mistralai/Mistral-7B-Instruct-v0.3,MMLU_selected_subjects,isot_true_391,clean,0.536,28,455
2026-01-24 03:07:34,mistralai/Mistral-7B-Instruct-v0.3,MMLU_selected_subjects,isot_true_391,meani,0.553,28,455
2026-01-24 03:08:12,google/gemma-2-9b,MMLU_selected_subjects,isot_true_972,clean,0.489,28,751
2026-01-24 03:13:02,mistralai/Mistral-7B-Instruct-v0.3,MMLU_selected_subjects,isot_true_392,clean,0.551,28,399
2026-01-24 03:14:42,google/gemma-2-9b,MMLU_selected_subjects,isot_true_972,meani,0.528,28,751
2026-01-24 03:18:32,mistralai/Mistral-7B-Instruct-v0.3,MMLU_selected_subjects,isot_true_392,meani,0.544,28,399
2026-01-24 03:21:21,google/gemma-2-9b,MMLU_selected_subjects,isot_true_973,clean,0.525,28,765
2026-01-24 03:24:08,mistralai/Mistral-7B-Instruct-v0.3,MMLU_selected_subjects,isot_true_393,clean,0.556,28,416
2026-01-24 03:28:02,google/gemma-2-9b,MMLU_selected_subjects,isot_true_973,meani,0.533,28,765
2026-01-24 03:29:43,mistralai/Mistral-7B-Instruct-v0.3,MMLU_selected_subjects,isot_true_393,meani,0.547,28,416
2026-01-24 03:34:17,google/gemma-2-9b,MMLU_selected_subjects,isot_true_974,clean,0.465,28,448
2026-01-24 03:35:19,mistralai/Mistral-7B-Instruct-v0.3,MMLU_selected_subjects,isot_true_394,clean,0.539,28,489
2026-01-24 03:40:31,google/gemma-2-9b,MMLU_selected_subjects,isot_true_974,meani,0.458,28,448
2026-01-24 03:40:54,mistralai/Mistral-7B-Instruct-v0.3,MMLU_selected_subjects,isot_true_394,meani,0.55,28,489
2026-01-24 03:46:19,mistralai/Mistral-7B-Instruct-v0.3,MMLU_selected_subjects,isot_true_395,clean,0.53,28,274
2026-01-24 03:47:00,google/gemma-2-9b,MMLU_selected_subjects,isot_true_975,clean,0.489,28,628
2026-01-24 03:51:42,mistralai/Mistral-7B-Instruct-v0.3,MMLU_selected_subjects,isot_true_395,meani,0.538,28,274
2026-01-24 03:53:26,google/gemma-2-9b,MMLU_selected_subjects,isot_true_975,meani,0.454,28,628
2026-01-24 03:57:26,mistralai/Mistral-7B-Instruct-v0.3,MMLU_selected_subjects,isot_true_396,clean,0.546,28,599
2026-01-24 03:59:45,google/gemma-2-9b,MMLU_selected_subjects,isot_true_976,clean,0.527,28,540
2026-01-24 04:03:14,mistralai/Mistral-7B-Instruct-v0.3,MMLU_selected_subjects,isot_true_396,meani,0.534,28,599
2026-01-24 04:06:07,google/gemma-2-9b,MMLU_selected_subjects,isot_true_976,meani,0.517,28,540
2026-01-24 04:08:46,mistralai/Mistral-7B-Instruct-v0.3,MMLU_selected_subjects,isot_true_397,clean,0.539,28,461
2026-01-24 04:12:30,google/gemma-2-9b,MMLU_selected_subjects,isot_true_977,clean,0.511,28,603
2026-01-24 04:14:21,mistralai/Mistral-7B-Instruct-v0.3,MMLU_selected_subjects,isot_true_397,meani,0.55,28,461
2026-01-24 04:18:54,google/gemma-2-9b,MMLU_selected_subjects,isot_true_977,meani,0.525,28,603
2026-01-24 04:19:52,mistralai/Mistral-7B-Instruct-v0.3,MMLU_selected_subjects,isot_true_398,clean,0.545,28,332
2026-01-24 04:25:16,google/gemma-2-9b,MMLU_selected_subjects,isot_true_978,clean,0.509,28,618
2026-01-24 04:25:24,mistralai/Mistral-7B-Instruct-v0.3,MMLU_selected_subjects,isot_true_398,meani,0.559,28,332
2026-01-24 04:31:01,mistralai/Mistral-7B-Instruct-v0.3,MMLU_selected_subjects,isot_true_399,clean,0.544,28,467
2026-01-24 04:31:38,google/gemma-2-9b,MMLU_selected_subjects,isot_true_978,meani,0.347,28,618
2026-01-24 04:36:35,mistralai/Mistral-7B-Instruct-v0.3,MMLU_selected_subjects,isot_true_399,meani,0.56,28,467
2026-01-24 04:38:21,google/gemma-2-9b,MMLU_selected_subjects,isot_true_979,clean,0.47,28,786
2026-01-24 04:42:25,mistralai/Mistral-7B-Instruct-v0.3,MMLU_selected_subjects,isot_true_4,clean,0.548,28,581
2026-01-24 04:45:05,google/gemma-2-9b,MMLU_selected_subjects,isot_true_979,meani,0.475,28,786
2026-01-24 04:48:13,mistralai/Mistral-7B-Instruct-v0.3,MMLU_selected_subjects,isot_true_4,meani,0.556,28,581
2026-01-24 04:51:38,google/gemma-2-9b,MMLU_selected_subjects,isot_true_98,clean,0.47,28,742
2026-01-24 04:53:43,mistralai/Mistral-7B-Instruct-v0.3,MMLU_selected_subjects,isot_true_40,clean,0.556,28,381
2026-01-24 04:58:18,google/gemma-2-9b,MMLU_selected_subjects,isot_true_98,meani,0.469,28,742
2026-01-24 04:59:08,mistralai/Mistral-7B-Instruct-v0.3,MMLU_selected_subjects,isot_true_40,meani,0.555,28,381
2026-01-24 05:04:40,mistralai/Mistral-7B-Instruct-v0.3,MMLU_selected_subjects,isot_true_400,clean,0.544,28,376
2026-01-24 05:04:43,google/gemma-2-9b,MMLU_selected_subjects,isot_true_980,clean,0.39,28,611
2026-01-24 05:10:16,mistralai/Mistral-7B-Instruct-v0.3,MMLU_selected_subjects,isot_true_400,meani,0.553,28,376
2026-01-24 05:11:09,google/gemma-2-9b,MMLU_selected_subjects,isot_true_980,meani,0.389,28,611
2026-01-24 05:15:41,mistralai/Mistral-7B-Instruct-v0.3,MMLU_selected_subjects,isot_true_401,clean,0.565,28,303
2026-01-24 05:17:18,google/gemma-2-9b,MMLU_selected_subjects,isot_true_981,clean,0.498,28,325
2026-01-24 05:21:05,mistralai/Mistral-7B-Instruct-v0.3,MMLU_selected_subjects,isot_true_401,meani,0.548,28,303
2026-01-24 05:23:26,google/gemma-2-9b,MMLU_selected_subjects,isot_true_981,meani,0.516,28,325
2026-01-24 05:26:45,mistralai/Mistral-7B-Instruct-v0.3,MMLU_selected_subjects,isot_true_402,clean,0.544,28,465
2026-01-24 05:30:02,google/gemma-2-9b,MMLU_selected_subjects,isot_true_982,clean,0.513,28,712
2026-01-24 05:32:19,mistralai/Mistral-7B-Instruct-v0.3,MMLU_selected_subjects,isot_true_402,meani,0.559,28,465
2026-01-24 05:36:39,google/gemma-2-9b,MMLU_selected_subjects,isot_true_982,meani,0.498,28,712
2026-01-24 05:37:59,mistralai/Mistral-7B-Instruct-v0.3,MMLU_selected_subjects,isot_true_403,clean,0.565,28,539
2026-01-24 05:43:10,google/gemma-2-9b,MMLU_selected_subjects,isot_true_983,clean,0.399,28,627
2026-01-24 05:43:40,mistralai/Mistral-7B-Instruct-v0.3,MMLU_selected_subjects,isot_true_403,meani,0.558,28,539
2026-01-24 05:49:30,mistralai/Mistral-7B-Instruct-v0.3,MMLU_selected_subjects,isot_true_404,clean,0.552,28,588
2026-01-24 05:49:38,google/gemma-2-9b,MMLU_selected_subjects,isot_true_983,meani,0.49,28,627
2026-01-24 05:55:17,mistralai/Mistral-7B-Instruct-v0.3,MMLU_selected_subjects,isot_true_404,meani,0.54,28,588
2026-01-24 05:55:53,google/gemma-2-9b,MMLU_selected_subjects,isot_true_984,clean,0.501,28,496
2026-01-24 06:01:04,mistralai/Mistral-7B-Instruct-v0.3,MMLU_selected_subjects,isot_true_405,clean,0.547,28,475
2026-01-24 06:02:08,google/gemma-2-9b,MMLU_selected_subjects,isot_true_984,meani,0.495,28,496
2026-01-24 06:06:50,mistralai/Mistral-7B-Instruct-v0.3,MMLU_selected_subjects,isot_true_405,meani,0.544,28,475
2026-01-24 06:08:23,google/gemma-2-9b,MMLU_selected_subjects,isot_true_985,clean,0.489,28,418
2026-01-24 06:12:54,mistralai/Mistral-7B-Instruct-v0.3,MMLU_selected_subjects,isot_true_406,clean,0.546,28,778
2026-01-24 06:14:37,google/gemma-2-9b,MMLU_selected_subjects,isot_true_985,meani,0.475,28,418
2026-01-24 06:18:50,mistralai/Mistral-7B-Instruct-v0.3,MMLU_selected_subjects,isot_true_406,meani,0.551,28,778
2026-01-24 06:20:46,google/gemma-2-9b,MMLU_selected_subjects,isot_true_986,clean,0.501,28,344
2026-01-24 06:24:30,mistralai/Mistral-7B-Instruct-v0.3,MMLU_selected_subjects,isot_true_407,clean,0.555,28,520
2026-01-24 06:26:59,google/gemma-2-9b,MMLU_selected_subjects,isot_true_986,meani,0.47,28,344
2026-01-24 06:30:06,mistralai/Mistral-7B-Instruct-v0.3,MMLU_selected_subjects,isot_true_407,meani,0.552,28,520
2026-01-24 06:33:22,google/gemma-2-9b,MMLU_selected_subjects,isot_true_987,clean,0.53,28,516
2026-01-24 06:35:40,mistralai/Mistral-7B-Instruct-v0.3,MMLU_selected_subjects,isot_true_408,clean,0.553,28,401
2026-01-24 06:39:54,google/gemma-2-9b,MMLU_selected_subjects,isot_true_987,meani,0.453,28,516
2026-01-24 06:41:14,mistralai/Mistral-7B-Instruct-v0.3,MMLU_selected_subjects,isot_true_408,meani,0.561,28,401
2026-01-24 06:46:14,google/gemma-2-9b,MMLU_selected_subjects,isot_true_988,clean,0.489,28,558
2026-01-24 06:46:54,mistralai/Mistral-7B-Instruct-v0.3,MMLU_selected_subjects,isot_true_409,clean,0.554,28,547
2026-01-24 06:52:31,mistralai/Mistral-7B-Instruct-v0.3,MMLU_selected_subjects,isot_true_409,meani,0.551,28,547
2026-01-24 06:52:34,google/gemma-2-9b,MMLU_selected_subjects,isot_true_988,meani,0.509,28,558
2026-01-24 06:58:20,mistralai/Mistral-7B-Instruct-v0.3,MMLU_selected_subjects,isot_true_41,clean,0.554,28,571
2026-01-24 06:59:09,google/gemma-2-9b,MMLU_selected_subjects,isot_true_989,clean,0.463,28,608
2026-01-24 07:04:11,mistralai/Mistral-7B-Instruct-v0.3,MMLU_selected_subjects,isot_true_41,meani,0.556,28,571
2026-01-24 07:05:38,google/gemma-2-9b,MMLU_selected_subjects,isot_true_989,meani,0.463,28,608
2026-01-24 07:09:41,mistralai/Mistral-7B-Instruct-v0.3,MMLU_selected_subjects,isot_true_410,clean,0.559,28,370
2026-01-24 07:11:53,google/gemma-2-9b,MMLU_selected_subjects,isot_true_99,clean,0.523,28,469
2026-01-24 07:15:09,mistralai/Mistral-7B-Instruct-v0.3,MMLU_selected_subjects,isot_true_410,meani,0.546,28,370
2026-01-24 07:18:10,google/gemma-2-9b,MMLU_selected_subjects,isot_true_99,meani,0.537,28,469
2026-01-24 07:20:49,mistralai/Mistral-7B-Instruct-v0.3,MMLU_selected_subjects,isot_true_411,clean,0.545,28,463
2026-01-24 07:24:18,google/gemma-2-9b,MMLU_selected_subjects,isot_true_990,clean,0.515,28,347
2026-01-24 07:26:26,mistralai/Mistral-7B-Instruct-v0.3,MMLU_selected_subjects,isot_true_411,meani,0.558,28,463
2026-01-24 07:30:28,google/gemma-2-9b,MMLU_selected_subjects,isot_true_990,meani,0.515,28,347
2026-01-24 07:32:07,mistralai/Mistral-7B-Instruct-v0.3,MMLU_selected_subjects,isot_true_412,clean,0.557,28,514
2026-01-24 07:36:43,google/gemma-2-9b,MMLU_selected_subjects,isot_true_991,clean,0.514,28,400
2026-01-24 07:37:48,mistralai/Mistral-7B-Instruct-v0.3,MMLU_selected_subjects,isot_true_412,meani,0.547,28,514
2026-01-24 07:42:57,google/gemma-2-9b,MMLU_selected_subjects,isot_true_991,meani,0.446,28,400
2026-01-24 07:43:29,mistralai/Mistral-7B-Instruct-v0.3,MMLU_selected_subjects,isot_true_413,clean,0.55,28,563
2026-01-24 07:49:15,mistralai/Mistral-7B-Instruct-v0.3,MMLU_selected_subjects,isot_true_413,meani,0.542,28,563
2026-01-24 07:49:18,google/gemma-2-9b,MMLU_selected_subjects,isot_true_992,clean,0.497,28,439
2026-01-24 07:54:51,mistralai/Mistral-7B-Instruct-v0.3,MMLU_selected_subjects,isot_true_414,clean,0.543,28,414
2026-01-24 07:55:40,google/gemma-2-9b,MMLU_selected_subjects,isot_true_992,meani,0.49,28,439
2026-01-24 08:00:25,mistralai/Mistral-7B-Instruct-v0.3,MMLU_selected_subjects,isot_true_414,meani,0.559,28,414
2026-01-24 08:02:16,google/gemma-2-9b,MMLU_selected_subjects,isot_true_993,clean,0.464,28,709
2026-01-24 08:05:54,mistralai/Mistral-7B-Instruct-v0.3,MMLU_selected_subjects,isot_true_415,clean,0.559,28,351
2026-01-24 08:08:44,google/gemma-2-9b,MMLU_selected_subjects,isot_true_993,meani,0.359,28,709
2026-01-24 08:11:21,mistralai/Mistral-7B-Instruct-v0.3,MMLU_selected_subjects,isot_true_415,meani,0.554,28,351
2026-01-24 08:15:21,google/gemma-2-9b,MMLU_selected_subjects,isot_true_994,clean,0.511,28,787
2026-01-24 08:17:01,mistralai/Mistral-7B-Instruct-v0.3,MMLU_selected_subjects,isot_true_416,clean,0.553,28,480
2026-01-24 08:21:59,google/gemma-2-9b,MMLU_selected_subjects,isot_true_994,meani,0.502,28,787
2026-01-24 08:22:41,mistralai/Mistral-7B-Instruct-v0.3,MMLU_selected_subjects,isot_true_416,meani,0.552,28,480
2026-01-24 08:28:16,mistralai/Mistral-7B-Instruct-v0.3,MMLU_selected_subjects,isot_true_417,clean,0.553,28,465
2026-01-24 08:28:29,google/gemma-2-9b,MMLU_selected_subjects,isot_true_995,clean,0.429,28,642
2026-01-24 08:33:53,mistralai/Mistral-7B-Instruct-v0.3,MMLU_selected_subjects,isot_true_417,meani,0.544,28,465
2026-01-24 08:34:56,google/gemma-2-9b,MMLU_selected_subjects,isot_true_995,meani,0.396,28,642
2026-01-24 08:39:24,mistralai/Mistral-7B-Instruct-v0.3,MMLU_selected_subjects,isot_true_418,clean,0.539,28,413
2026-01-24 08:41:32,google/gemma-2-9b,MMLU_selected_subjects,isot_true_996,clean,0.515,28,710
2026-01-24 08:44:56,mistralai/Mistral-7B-Instruct-v0.3,MMLU_selected_subjects,isot_true_418,meani,0.542,28,413
2026-01-24 08:48:04,google/gemma-2-9b,MMLU_selected_subjects,isot_true_996,meani,0.497,28,710
2026-01-24 08:50:55,mistralai/Mistral-7B-Instruct-v0.3,MMLU_selected_subjects,isot_true_419,clean,0.554,28,623
2026-01-24 08:54:29,google/gemma-2-9b,MMLU_selected_subjects,isot_true_997,clean,0.439,28,548
2026-01-24 08:56:53,mistralai/Mistral-7B-Instruct-v0.3,MMLU_selected_subjects,isot_true_419,meani,0.552,28,623
2026-01-24 09:00:52,google/gemma-2-9b,MMLU_selected_subjects,isot_true_997,meani,0.401,28,548
2026-01-24 09:02:23,mistralai/Mistral-7B-Instruct-v0.3,MMLU_selected_subjects,isot_true_42,clean,0.552,28,360
2026-01-24 09:07:12,google/gemma-2-9b,MMLU_selected_subjects,isot_true_998,clean,0.481,28,523
2026-01-24 09:07:55,mistralai/Mistral-7B-Instruct-v0.3,MMLU_selected_subjects,isot_true_42,meani,0.56,28,360
2026-01-24 09:13:28,mistralai/Mistral-7B-Instruct-v0.3,MMLU_selected_subjects,isot_true_420,clean,0.555,28,387
2026-01-24 09:13:31,google/gemma-2-9b,MMLU_selected_subjects,isot_true_998,meani,0.449,28,523
2026-01-24 09:18:58,mistralai/Mistral-7B-Instruct-v0.3,MMLU_selected_subjects,isot_true_420,meani,0.551,28,387
2026-01-24 09:19:51,google/gemma-2-9b,MMLU_selected_subjects,isot_true_999,clean,0.506,28,529
2026-01-24 09:24:32,mistralai/Mistral-7B-Instruct-v0.3,MMLU_selected_subjects,isot_true_421,clean,0.536,28,330
2026-01-24 09:26:13,google/gemma-2-9b,MMLU_selected_subjects,isot_true_999,meani,0.475,28,529
2026-01-24 09:30:01,mistralai/Mistral-7B-Instruct-v0.3,MMLU_selected_subjects,isot_true_421,meani,0.541,28,330
2026-01-24 09:35:39,mistralai/Mistral-7B-Instruct-v0.3,MMLU_selected_subjects,isot_true_422,clean,0.553,28,471
2026-01-24 09:41:17,mistralai/Mistral-7B-Instruct-v0.3,MMLU_selected_subjects,isot_true_422,meani,0.554,28,471
2026-01-24 09:47:07,mistralai/Mistral-7B-Instruct-v0.3,MMLU_selected_subjects,isot_true_423,clean,0.553,28,641
2026-01-24 09:52:56,mistralai/Mistral-7B-Instruct-v0.3,MMLU_selected_subjects,isot_true_423,meani,0.545,28,641
2026-01-24 09:58:41,mistralai/Mistral-7B-Instruct-v0.3,MMLU_selected_subjects,isot_true_424,clean,0.552,28,510
2026-01-24 10:04:25,mistralai/Mistral-7B-Instruct-v0.3,MMLU_selected_subjects,isot_true_424,meani,0.556,28,510
2026-01-24 10:10:19,mistralai/Mistral-7B-Instruct-v0.3,MMLU_selected_subjects,isot_true_425,clean,0.55,28,799
2026-01-24 10:16:16,mistralai/Mistral-7B-Instruct-v0.3,MMLU_selected_subjects,isot_true_425,meani,0.541,28,799
2026-01-24 10:22:05,mistralai/Mistral-7B-Instruct-v0.3,MMLU_selected_subjects,isot_true_426,clean,0.556,28,611
2026-01-24 10:27:55,mistralai/Mistral-7B-Instruct-v0.3,MMLU_selected_subjects,isot_true_426,meani,0.546,28,611
2026-01-24 10:33:30,mistralai/Mistral-7B-Instruct-v0.3,MMLU_selected_subjects,isot_true_427,clean,0.538,28,385
2026-01-24 10:39:01,mistralai/Mistral-7B-Instruct-v0.3,MMLU_selected_subjects,isot_true_427,meani,0.55,28,385
2026-01-24 10:44:43,mistralai/Mistral-7B-Instruct-v0.3,MMLU_selected_subjects,isot_true_428,clean,0.556,28,582
2026-01-24 10:50:23,mistralai/Mistral-7B-Instruct-v0.3,MMLU_selected_subjects,isot_true_428,meani,0.556,28,582
2026-01-24 10:55:48,mistralai/Mistral-7B-Instruct-v0.3,MMLU_selected_subjects,isot_true_429,clean,0.541,28,234
2026-01-24 11:01:08,mistralai/Mistral-7B-Instruct-v0.3,MMLU_selected_subjects,isot_true_429,meani,0.548,28,234
2026-01-24 11:07:00,mistralai/Mistral-7B-Instruct-v0.3,MMLU_selected_subjects,isot_true_43,clean,0.556,28,649
2026-01-24 11:12:51,mistralai/Mistral-7B-Instruct-v0.3,MMLU_selected_subjects,isot_true_43,meani,0.537,28,649
2026-01-24 11:18:35,mistralai/Mistral-7B-Instruct-v0.3,MMLU_selected_subjects,isot_true_430,clean,0.534,28,569
2026-01-24 11:24:18,mistralai/Mistral-7B-Instruct-v0.3,MMLU_selected_subjects,isot_true_430,meani,0.543,28,569
2026-01-24 11:29:49,mistralai/Mistral-7B-Instruct-v0.3,MMLU_selected_subjects,isot_true_431,clean,0.552,28,359
2026-01-24 11:35:17,mistralai/Mistral-7B-Instruct-v0.3,MMLU_selected_subjects,isot_true_431,meani,0.551,28,359
2026-01-24 11:41:10,mistralai/Mistral-7B-Instruct-v0.3,MMLU_selected_subjects,isot_true_432,clean,0.551,28,647
2026-01-24 11:47:01,mistralai/Mistral-7B-Instruct-v0.3,MMLU_selected_subjects,isot_true_432,meani,0.542,28,647
2026-01-24 11:53:03,mistralai/Mistral-7B-Instruct-v0.3,MMLU_selected_subjects,isot_true_433,clean,0.553,28,771
2026-01-24 11:59:04,mistralai/Mistral-7B-Instruct-v0.3,MMLU_selected_subjects,isot_true_433,meani,0.553,28,771
2026-01-24 12:05:06,mistralai/Mistral-7B-Instruct-v0.3,MMLU_selected_subjects,isot_true_434,clean,0.541,28,744
2026-01-24 12:11:11,mistralai/Mistral-7B-Instruct-v0.3,MMLU_selected_subjects,isot_true_434,meani,0.554,28,744
2026-01-24 12:16:38,mistralai/Mistral-7B-Instruct-v0.3,MMLU_selected_subjects,isot_true_435,clean,0.541,28,274
2026-01-24 12:22:02,mistralai/Mistral-7B-Instruct-v0.3,MMLU_selected_subjects,isot_true_435,meani,0.548,28,274
2026-01-24 12:27:42,mistralai/Mistral-7B-Instruct-v0.3,MMLU_selected_subjects,isot_true_436,clean,0.552,28,507
2026-01-24 12:33:24,mistralai/Mistral-7B-Instruct-v0.3,MMLU_selected_subjects,isot_true_436,meani,0.541,28,507
2026-01-24 12:39:14,mistralai/Mistral-7B-Instruct-v0.3,MMLU_selected_subjects,isot_true_437,clean,0.547,28,598
2026-01-24 12:45:04,mistralai/Mistral-7B-Instruct-v0.3,MMLU_selected_subjects,isot_true_437,meani,0.543,28,598
2026-01-24 12:50:51,mistralai/Mistral-7B-Instruct-v0.3,MMLU_selected_subjects,isot_true_438,clean,0.544,28,654
2026-01-24 12:56:38,mistralai/Mistral-7B-Instruct-v0.3,MMLU_selected_subjects,isot_true_438,meani,0.55,28,654
2026-01-24 13:02:36,mistralai/Mistral-7B-Instruct-v0.3,MMLU_selected_subjects,isot_true_439,clean,0.545,28,656
2026-01-24 13:08:29,mistralai/Mistral-7B-Instruct-v0.3,MMLU_selected_subjects,isot_true_439,meani,0.548,28,656
2026-01-24 13:14:04,mistralai/Mistral-7B-Instruct-v0.3,MMLU_selected_subjects,isot_true_44,clean,0.539,28,422
2026-01-24 13:19:37,mistralai/Mistral-7B-Instruct-v0.3,MMLU_selected_subjects,isot_true_44,meani,0.544,28,422
2026-01-24 13:25:15,mistralai/Mistral-7B-Instruct-v0.3,MMLU_selected_subjects,isot_true_440,clean,0.545,28,410
2026-01-24 13:30:50,mistralai/Mistral-7B-Instruct-v0.3,MMLU_selected_subjects,isot_true_440,meani,0.553,28,410
2026-01-24 13:36:45,mistralai/Mistral-7B-Instruct-v0.3,MMLU_selected_subjects,isot_true_441,clean,0.551,28,761
2026-01-24 13:42:35,mistralai/Mistral-7B-Instruct-v0.3,MMLU_selected_subjects,isot_true_441,meani,0.552,28,761
2026-01-24 13:48:19,mistralai/Mistral-7B-Instruct-v0.3,MMLU_selected_subjects,isot_true_442,clean,0.546,28,586
2026-01-24 13:54:00,mistralai/Mistral-7B-Instruct-v0.3,MMLU_selected_subjects,isot_true_442,meani,0.538,28,586
2026-01-24 13:59:25,mistralai/Mistral-7B-Instruct-v0.3,MMLU_selected_subjects,isot_true_443,clean,0.543,28,267
2026-01-24 14:04:49,mistralai/Mistral-7B-Instruct-v0.3,MMLU_selected_subjects,isot_true_443,meani,0.544,28,267
2026-01-24 14:10:16,mistralai/Mistral-7B-Instruct-v0.3,MMLU_selected_subjects,isot_true_444,clean,0.545,28,356
2026-01-24 14:15:40,mistralai/Mistral-7B-Instruct-v0.3,MMLU_selected_subjects,isot_true_444,meani,0.563,28,356
2026-01-24 14:21:32,mistralai/Mistral-7B-Instruct-v0.3,MMLU_selected_subjects,isot_true_445,clean,0.533,28,677
2026-01-24 14:27:25,mistralai/Mistral-7B-Instruct-v0.3,MMLU_selected_subjects,isot_true_445,meani,0.545,28,677
2026-01-24 14:33:00,mistralai/Mistral-7B-Instruct-v0.3,MMLU_selected_subjects,isot_true_446,clean,0.552,28,389
2026-01-24 14:38:30,mistralai/Mistral-7B-Instruct-v0.3,MMLU_selected_subjects,isot_true_446,meani,0.549,28,389
2026-01-24 14:44:23,mistralai/Mistral-7B-Instruct-v0.3,MMLU_selected_subjects,isot_true_447,clean,0.554,28,634
2026-01-24 14:50:12,mistralai/Mistral-7B-Instruct-v0.3,MMLU_selected_subjects,isot_true_447,meani,0.552,28,634
2026-01-24 14:55:45,mistralai/Mistral-7B-Instruct-v0.3,MMLU_selected_subjects,isot_true_448,clean,0.561,28,446
2026-01-24 15:01:20,mistralai/Mistral-7B-Instruct-v0.3,MMLU_selected_subjects,isot_true_448,meani,0.552,28,446
2026-01-24 15:06:57,mistralai/Mistral-7B-Instruct-v0.3,MMLU_selected_subjects,isot_true_449,clean,0.543,28,471
2026-01-24 15:12:37,mistralai/Mistral-7B-Instruct-v0.3,MMLU_selected_subjects,isot_true_449,meani,0.55,28,471
2026-01-24 15:18:39,mistralai/Mistral-7B-Instruct-v0.3,MMLU_selected_subjects,isot_true_45,clean,0.547,28,777
2026-01-24 15:24:38,mistralai/Mistral-7B-Instruct-v0.3,MMLU_selected_subjects,isot_true_45,meani,0.542,28,777
2026-01-24 15:30:00,mistralai/Mistral-7B-Instruct-v0.3,MMLU_selected_subjects,isot_true_450,clean,0.537,28,260
2026-01-24 15:35:21,mistralai/Mistral-7B-Instruct-v0.3,MMLU_selected_subjects,isot_true_450,meani,0.539,28,260
2026-01-24 15:40:48,mistralai/Mistral-7B-Instruct-v0.3,MMLU_selected_subjects,isot_true_451,clean,0.542,28,345
2026-01-24 15:46:16,mistralai/Mistral-7B-Instruct-v0.3,MMLU_selected_subjects,isot_true_451,meani,0.547,28,345
2026-01-24 15:52:02,mistralai/Mistral-7B-Instruct-v0.3,MMLU_selected_subjects,isot_true_452,clean,0.542,28,606
2026-01-24 15:57:53,mistralai/Mistral-7B-Instruct-v0.3,MMLU_selected_subjects,isot_true_452,meani,0.546,28,606
2026-01-24 16:03:42,mistralai/Mistral-7B-Instruct-v0.3,MMLU_selected_subjects,isot_true_453,clean,0.543,28,587
2026-01-24 16:09:29,mistralai/Mistral-7B-Instruct-v0.3,MMLU_selected_subjects,isot_true_453,meani,0.545,28,587
2026-01-24 16:15:20,mistralai/Mistral-7B-Instruct-v0.3,MMLU_selected_subjects,isot_true_454,clean,0.548,28,682
2026-01-24 16:21:10,mistralai/Mistral-7B-Instruct-v0.3,MMLU_selected_subjects,isot_true_454,meani,0.557,28,682
2026-01-24 16:26:41,mistralai/Mistral-7B-Instruct-v0.3,MMLU_selected_subjects,isot_true_455,clean,0.549,28,451
2026-01-24 16:32:10,mistralai/Mistral-7B-Instruct-v0.3,MMLU_selected_subjects,isot_true_455,meani,0.544,28,451
2026-01-24 16:38:00,mistralai/Mistral-7B-Instruct-v0.3,MMLU_selected_subjects,isot_true_456,clean,0.55,28,628
2026-01-24 16:43:45,mistralai/Mistral-7B-Instruct-v0.3,MMLU_selected_subjects,isot_true_456,meani,0.538,28,628
2026-01-24 16:49:26,mistralai/Mistral-7B-Instruct-v0.3,MMLU_selected_subjects,isot_true_457,clean,0.545,28,594
2026-01-24 16:55:03,mistralai/Mistral-7B-Instruct-v0.3,MMLU_selected_subjects,isot_true_457,meani,0.546,28,594
2026-01-24 17:00:45,mistralai/Mistral-7B-Instruct-v0.3,MMLU_selected_subjects,isot_true_458,clean,0.559,28,564
2026-01-24 17:06:28,mistralai/Mistral-7B-Instruct-v0.3,MMLU_selected_subjects,isot_true_458,meani,0.549,28,564
2026-01-24 17:12:19,mistralai/Mistral-7B-Instruct-v0.3,MMLU_selected_subjects,isot_true_459,clean,0.548,28,734
2026-01-24 17:18:08,mistralai/Mistral-7B-Instruct-v0.3,MMLU_selected_subjects,isot_true_459,meani,0.554,28,734
2026-01-24 17:23:28,mistralai/Mistral-7B-Instruct-v0.3,MMLU_selected_subjects,isot_true_46,clean,0.554,28,200
2026-01-24 17:28:48,mistralai/Mistral-7B-Instruct-v0.3,MMLU_selected_subjects,isot_true_46,meani,0.545,28,200
2026-01-24 17:34:47,mistralai/Mistral-7B-Instruct-v0.3,MMLU_selected_subjects,isot_true_460,clean,0.55,28,761
2026-01-24 17:40:45,mistralai/Mistral-7B-Instruct-v0.3,MMLU_selected_subjects,isot_true_460,meani,0.543,28,761
2026-01-24 17:46:26,mistralai/Mistral-7B-Instruct-v0.3,MMLU_selected_subjects,isot_true_461,clean,0.544,28,492
2026-01-24 17:52:02,mistralai/Mistral-7B-Instruct-v0.3,MMLU_selected_subjects,isot_true_461,meani,0.538,28,492
2026-01-24 17:57:50,mistralai/Mistral-7B-Instruct-v0.3,MMLU_selected_subjects,isot_true_462,clean,0.547,28,652
2026-01-24 18:03:36,mistralai/Mistral-7B-Instruct-v0.3,MMLU_selected_subjects,isot_true_462,meani,0.548,28,652
2026-01-24 18:09:12,mistralai/Mistral-7B-Instruct-v0.3,MMLU_selected_subjects,isot_true_463,clean,0.548,28,571
2026-01-24 18:14:51,mistralai/Mistral-7B-Instruct-v0.3,MMLU_selected_subjects,isot_true_463,meani,0.547,28,571
2026-01-24 18:20:27,mistralai/Mistral-7B-Instruct-v0.3,MMLU_selected_subjects,isot_true_464,clean,0.544,28,540
2026-01-24 18:25:58,mistralai/Mistral-7B-Instruct-v0.3,MMLU_selected_subjects,isot_true_464,meani,0.542,28,540
2026-01-24 18:31:50,mistralai/Mistral-7B-Instruct-v0.3,MMLU_selected_subjects,isot_true_465,clean,0.547,28,683
2026-01-24 18:37:40,mistralai/Mistral-7B-Instruct-v0.3,MMLU_selected_subjects,isot_true_465,meani,0.547,28,683
2026-01-24 18:43:25,mistralai/Mistral-7B-Instruct-v0.3,MMLU_selected_subjects,isot_true_466,clean,0.551,28,665
2026-01-24 18:49:11,mistralai/Mistral-7B-Instruct-v0.3,MMLU_selected_subjects,isot_true_466,meani,0.547,28,665
2026-01-24 18:54:50,mistralai/Mistral-7B-Instruct-v0.3,MMLU_selected_subjects,isot_true_467,clean,0.547,28,551
2026-01-24 19:00:34,mistralai/Mistral-7B-Instruct-v0.3,MMLU_selected_subjects,isot_true_467,meani,0.556,28,551
2026-01-24 19:06:23,mistralai/Mistral-7B-Instruct-v0.3,MMLU_selected_subjects,isot_true_468,clean,0.541,28,573
2026-01-24 19:12:07,mistralai/Mistral-7B-Instruct-v0.3,MMLU_selected_subjects,isot_true_468,meani,0.555,28,573
2026-01-24 19:17:57,mistralai/Mistral-7B-Instruct-v0.3,MMLU_selected_subjects,isot_true_469,clean,0.551,28,691
2026-01-24 19:23:46,mistralai/Mistral-7B-Instruct-v0.3,MMLU_selected_subjects,isot_true_469,meani,0.549,28,691
2026-01-24 19:29:21,mistralai/Mistral-7B-Instruct-v0.3,MMLU_selected_subjects,isot_true_47,clean,0.557,28,445
2026-01-24 19:34:51,mistralai/Mistral-7B-Instruct-v0.3,MMLU_selected_subjects,isot_true_47,meani,0.544,28,445
2026-01-24 19:40:31,mistralai/Mistral-7B-Instruct-v0.3,MMLU_selected_subjects,isot_true_470,clean,0.538,28,455
2026-01-24 19:46:07,mistralai/Mistral-7B-Instruct-v0.3,MMLU_selected_subjects,isot_true_470,meani,0.54,28,455
2026-01-24 19:51:43,mistralai/Mistral-7B-Instruct-v0.3,MMLU_selected_subjects,isot_true_471,clean,0.541,28,535
2026-01-24 19:57:15,mistralai/Mistral-7B-Instruct-v0.3,MMLU_selected_subjects,isot_true_471,meani,0.55,28,535
2026-01-24 20:03:11,mistralai/Mistral-7B-Instruct-v0.3,MMLU_selected_subjects,isot_true_472,clean,0.54,28,732
2026-01-24 20:09:01,mistralai/Mistral-7B-Instruct-v0.3,MMLU_selected_subjects,isot_true_472,meani,0.548,28,732
2026-01-24 20:14:37,mistralai/Mistral-7B-Instruct-v0.3,MMLU_selected_subjects,isot_true_473,clean,0.543,28,394
2026-01-24 20:20:12,mistralai/Mistral-7B-Instruct-v0.3,MMLU_selected_subjects,isot_true_473,meani,0.543,28,394
2026-01-24 20:25:45,mistralai/Mistral-7B-Instruct-v0.3,MMLU_selected_subjects,isot_true_474,clean,0.554,28,408
2026-01-24 20:31:13,mistralai/Mistral-7B-Instruct-v0.3,MMLU_selected_subjects,isot_true_474,meani,0.551,28,408
2026-01-24 20:36:51,mistralai/Mistral-7B-Instruct-v0.3,MMLU_selected_subjects,isot_true_475,clean,0.556,28,568
2026-01-24 20:42:31,mistralai/Mistral-7B-Instruct-v0.3,MMLU_selected_subjects,isot_true_475,meani,0.547,28,568
2026-01-24 20:48:16,mistralai/Mistral-7B-Instruct-v0.3,MMLU_selected_subjects,isot_true_476,clean,0.55,28,573
2026-01-24 20:54:06,mistralai/Mistral-7B-Instruct-v0.3,MMLU_selected_subjects,isot_true_476,meani,0.55,28,573
2026-01-24 20:59:49,mistralai/Mistral-7B-Instruct-v0.3,MMLU_selected_subjects,isot_true_477,clean,0.542,28,479
2026-01-24 21:05:33,mistralai/Mistral-7B-Instruct-v0.3,MMLU_selected_subjects,isot_true_477,meani,0.545,28,479
2026-01-24 21:11:32,mistralai/Mistral-7B-Instruct-v0.3,MMLU_selected_subjects,isot_true_478,clean,0.548,28,741
2026-01-24 21:17:26,mistralai/Mistral-7B-Instruct-v0.3,MMLU_selected_subjects,isot_true_478,meani,0.55,28,741
2026-01-24 21:23:17,mistralai/Mistral-7B-Instruct-v0.3,MMLU_selected_subjects,isot_true_479,clean,0.552,28,668
2026-01-24 21:29:07,mistralai/Mistral-7B-Instruct-v0.3,MMLU_selected_subjects,isot_true_479,meani,0.552,28,668
2026-01-24 21:35:06,mistralai/Mistral-7B-Instruct-v0.3,MMLU_selected_subjects,isot_true_48,clean,0.551,28,797
2026-01-24 21:41:06,mistralai/Mistral-7B-Instruct-v0.3,MMLU_selected_subjects,isot_true_48,meani,0.552,28,797
2026-01-24 21:46:34,mistralai/Mistral-7B-Instruct-v0.3,MMLU_selected_subjects,isot_true_480,clean,0.546,28,327
2026-01-24 21:51:56,mistralai/Mistral-7B-Instruct-v0.3,MMLU_selected_subjects,isot_true_480,meani,0.543,28,327
2026-01-24 21:57:27,mistralai/Mistral-7B-Instruct-v0.3,MMLU_selected_subjects,isot_true_481,clean,0.548,28,447
2026-01-24 22:03:00,mistralai/Mistral-7B-Instruct-v0.3,MMLU_selected_subjects,isot_true_481,meani,0.537,28,447
2026-01-24 22:08:44,mistralai/Mistral-7B-Instruct-v0.3,MMLU_selected_subjects,isot_true_482,clean,0.554,28,647
2026-01-24 22:14:29,mistralai/Mistral-7B-Instruct-v0.3,MMLU_selected_subjects,isot_true_482,meani,0.55,28,647
2026-01-24 22:20:08,mistralai/Mistral-7B-Instruct-v0.3,MMLU_selected_subjects,isot_true_483,clean,0.552,28,568
2026-01-24 22:25:51,mistralai/Mistral-7B-Instruct-v0.3,MMLU_selected_subjects,isot_true_483,meani,0.547,28,568
2026-01-24 22:31:53,mistralai/Mistral-7B-Instruct-v0.3,MMLU_selected_subjects,isot_true_484,clean,0.538,28,779
2026-01-24 22:37:54,mistralai/Mistral-7B-Instruct-v0.3,MMLU_selected_subjects,isot_true_484,meani,0.542,28,779
2026-01-24 22:43:28,mistralai/Mistral-7B-Instruct-v0.3,MMLU_selected_subjects,isot_true_485,clean,0.549,28,449
2026-01-24 22:48:59,mistralai/Mistral-7B-Instruct-v0.3,MMLU_selected_subjects,isot_true_485,meani,0.536,28,449
2026-01-24 22:54:37,mistralai/Mistral-7B-Instruct-v0.3,MMLU_selected_subjects,isot_true_486,clean,0.551,28,497
2026-01-24 23:00:16,mistralai/Mistral-7B-Instruct-v0.3,MMLU_selected_subjects,isot_true_486,meani,0.545,28,497
2026-01-24 23:05:54,mistralai/Mistral-7B-Instruct-v0.3,MMLU_selected_subjects,isot_true_487,clean,0.545,28,448
2026-01-24 23:11:45,mistralai/Mistral-7B-Instruct-v0.3,MMLU_selected_subjects,isot_true_487,meani,0.546,28,448
2026-01-24 23:17:44,mistralai/Mistral-7B-Instruct-v0.3,MMLU_selected_subjects,isot_true_488,clean,0.551,28,715
2026-01-24 23:23:38,mistralai/Mistral-7B-Instruct-v0.3,MMLU_selected_subjects,isot_true_488,meani,0.552,28,715
2026-01-24 23:29:13,mistralai/Mistral-7B-Instruct-v0.3,MMLU_selected_subjects,isot_true_489,clean,0.554,28,450
2026-01-24 23:34:45,mistralai/Mistral-7B-Instruct-v0.3,MMLU_selected_subjects,isot_true_489,meani,0.56,28,450
2026-01-24 23:40:41,mistralai/Mistral-7B-Instruct-v0.3,MMLU_selected_subjects,isot_true_49,clean,0.546,28,709
2026-01-24 23:46:45,mistralai/Mistral-7B-Instruct-v0.3,MMLU_selected_subjects,isot_true_49,meani,0.55,28,709
2026-01-24 23:52:23,mistralai/Mistral-7B-Instruct-v0.3,MMLU_selected_subjects,isot_true_490,clean,0.549,28,543
2026-01-24 23:58:03,mistralai/Mistral-7B-Instruct-v0.3,MMLU_selected_subjects,isot_true_490,meani,0.546,28,543
2026-01-25 00:03:36,mistralai/Mistral-7B-Instruct-v0.3,MMLU_selected_subjects,isot_true_491,clean,0.542,28,450
2026-01-25 00:09:08,mistralai/Mistral-7B-Instruct-v0.3,MMLU_selected_subjects,isot_true_491,meani,0.548,28,450
2026-01-25 00:14:49,mistralai/Mistral-7B-Instruct-v0.3,MMLU_selected_subjects,isot_true_492,clean,0.558,28,542
2026-01-25 00:20:32,mistralai/Mistral-7B-Instruct-v0.3,MMLU_selected_subjects,isot_true_492,meani,0.557,28,542
2026-01-25 00:26:11,mistralai/Mistral-7B-Instruct-v0.3,MMLU_selected_subjects,isot_true_493,clean,0.533,28,546
2026-01-25 00:31:51,mistralai/Mistral-7B-Instruct-v0.3,MMLU_selected_subjects,isot_true_493,meani,0.538,28,546
2026-01-25 00:37:23,mistralai/Mistral-7B-Instruct-v0.3,MMLU_selected_subjects,isot_true_494,clean,0.546,28,382
2026-01-25 00:42:50,mistralai/Mistral-7B-Instruct-v0.3,MMLU_selected_subjects,isot_true_494,meani,0.55,28,382
2026-01-25 00:48:17,mistralai/Mistral-7B-Instruct-v0.3,MMLU_selected_subjects,isot_true_495,clean,0.546,28,367
2026-01-25 00:53:45,mistralai/Mistral-7B-Instruct-v0.3,MMLU_selected_subjects,isot_true_495,meani,0.549,28,367
2026-01-25 00:59:28,mistralai/Mistral-7B-Instruct-v0.3,MMLU_selected_subjects,isot_true_496,clean,0.552,28,494
2026-01-25 01:05:06,mistralai/Mistral-7B-Instruct-v0.3,MMLU_selected_subjects,isot_true_496,meani,0.546,28,494
2026-01-25 01:10:31,mistralai/Mistral-7B-Instruct-v0.3,MMLU_selected_subjects,isot_true_497,clean,0.546,28,317
2026-01-25 01:15:53,mistralai/Mistral-7B-Instruct-v0.3,MMLU_selected_subjects,isot_true_497,meani,0.54,28,317
2026-01-25 01:21:24,mistralai/Mistral-7B-Instruct-v0.3,MMLU_selected_subjects,isot_true_498,clean,0.534,28,404
2026-01-25 01:26:52,mistralai/Mistral-7B-Instruct-v0.3,MMLU_selected_subjects,isot_true_498,meani,0.543,28,404
2026-01-25 01:32:44,mistralai/Mistral-7B-Instruct-v0.3,MMLU_selected_subjects,isot_true_499,clean,0.549,28,730
2026-01-25 01:38:36,mistralai/Mistral-7B-Instruct-v0.3,MMLU_selected_subjects,isot_true_499,meani,0.55,28,730
2026-01-25 01:44:29,mistralai/Mistral-7B-Instruct-v0.3,MMLU_selected_subjects,isot_true_5,clean,0.538,28,666
2026-01-25 01:50:19,mistralai/Mistral-7B-Instruct-v0.3,MMLU_selected_subjects,isot_true_5,meani,0.544,28,666
2026-01-25 01:56:02,mistralai/Mistral-7B-Instruct-v0.3,MMLU_selected_subjects,isot_true_50,clean,0.554,28,446
2026-01-25 02:01:33,mistralai/Mistral-7B-Instruct-v0.3,MMLU_selected_subjects,isot_true_50,meani,0.554,28,446
2026-01-25 02:07:38,mistralai/Mistral-7B-Instruct-v0.3,MMLU_selected_subjects,isot_true_500,clean,0.541,28,766
2026-01-25 02:13:33,mistralai/Mistral-7B-Instruct-v0.3,MMLU_selected_subjects,isot_true_500,meani,0.557,28,766
2026-01-25 02:19:04,mistralai/Mistral-7B-Instruct-v0.3,MMLU_selected_subjects,isot_true_501,clean,0.543,28,343
2026-01-25 02:24:38,mistralai/Mistral-7B-Instruct-v0.3,MMLU_selected_subjects,isot_true_501,meani,0.547,28,343
2026-01-25 02:30:29,mistralai/Mistral-7B-Instruct-v0.3,MMLU_selected_subjects,isot_true_502,clean,0.537,28,634
2026-01-25 02:36:22,mistralai/Mistral-7B-Instruct-v0.3,MMLU_selected_subjects,isot_true_502,meani,0.54,28,634
2026-01-25 02:42:01,mistralai/Mistral-7B-Instruct-v0.3,MMLU_selected_subjects,isot_true_503,clean,0.548,28,541
2026-01-25 02:47:40,mistralai/Mistral-7B-Instruct-v0.3,MMLU_selected_subjects,isot_true_503,meani,0.561,28,541
2026-01-25 02:53:04,mistralai/Mistral-7B-Instruct-v0.3,MMLU_selected_subjects,isot_true_504,clean,0.552,28,352
2026-01-25 02:58:26,mistralai/Mistral-7B-Instruct-v0.3,MMLU_selected_subjects,isot_true_504,meani,0.536,28,352
2026-01-25 03:03:52,mistralai/Mistral-7B-Instruct-v0.3,MMLU_selected_subjects,isot_true_505,clean,0.552,28,421
2026-01-25 03:09:19,mistralai/Mistral-7B-Instruct-v0.3,MMLU_selected_subjects,isot_true_505,meani,0.549,28,421
2026-01-25 03:14:51,mistralai/Mistral-7B-Instruct-v0.3,MMLU_selected_subjects,isot_true_506,clean,0.544,28,423
2026-01-25 03:20:22,mistralai/Mistral-7B-Instruct-v0.3,MMLU_selected_subjects,isot_true_506,meani,0.555,28,423
2026-01-25 03:26:00,mistralai/Mistral-7B-Instruct-v0.3,MMLU_selected_subjects,isot_true_507,clean,0.536,28,597
2026-01-25 03:31:42,mistralai/Mistral-7B-Instruct-v0.3,MMLU_selected_subjects,isot_true_507,meani,0.546,28,597
2026-01-25 03:37:40,mistralai/Mistral-7B-Instruct-v0.3,MMLU_selected_subjects,isot_true_508,clean,0.549,28,737
2026-01-25 03:43:36,mistralai/Mistral-7B-Instruct-v0.3,MMLU_selected_subjects,isot_true_508,meani,0.546,28,737
2026-01-25 03:49:29,mistralai/Mistral-7B-Instruct-v0.3,MMLU_selected_subjects,isot_true_509,clean,0.559,28,725
2026-01-25 03:55:24,mistralai/Mistral-7B-Instruct-v0.3,MMLU_selected_subjects,isot_true_509,meani,0.551,28,725
2026-01-25 04:01:10,mistralai/Mistral-7B-Instruct-v0.3,MMLU_selected_subjects,isot_true_51,clean,0.553,28,615
2026-01-25 04:07:03,mistralai/Mistral-7B-Instruct-v0.3,MMLU_selected_subjects,isot_true_51,meani,0.559,28,615
2026-01-25 04:12:46,mistralai/Mistral-7B-Instruct-v0.3,MMLU_selected_subjects,isot_true_510,clean,0.538,28,599
2026-01-25 04:18:26,mistralai/Mistral-7B-Instruct-v0.3,MMLU_selected_subjects,isot_true_510,meani,0.551,28,599
2026-01-25 04:24:02,mistralai/Mistral-7B-Instruct-v0.3,MMLU_selected_subjects,isot_true_511,clean,0.547,28,500
2026-01-25 04:29:39,mistralai/Mistral-7B-Instruct-v0.3,MMLU_selected_subjects,isot_true_511,meani,0.547,28,500
2026-01-25 04:35:28,mistralai/Mistral-7B-Instruct-v0.3,MMLU_selected_subjects,isot_true_512,clean,0.549,28,573
2026-01-25 04:41:12,mistralai/Mistral-7B-Instruct-v0.3,MMLU_selected_subjects,isot_true_512,meani,0.549,28,573
2026-01-25 04:46:45,mistralai/Mistral-7B-Instruct-v0.3,MMLU_selected_subjects,isot_true_513,clean,0.55,28,462
2026-01-25 04:52:19,mistralai/Mistral-7B-Instruct-v0.3,MMLU_selected_subjects,isot_true_513,meani,0.551,28,462
2026-01-25 04:57:50,mistralai/Mistral-7B-Instruct-v0.3,MMLU_selected_subjects,isot_true_514,clean,0.548,28,372
2026-01-25 05:03:21,mistralai/Mistral-7B-Instruct-v0.3,MMLU_selected_subjects,isot_true_514,meani,0.556,28,372
2026-01-25 05:08:43,mistralai/Mistral-7B-Instruct-v0.3,MMLU_selected_subjects,isot_true_515,clean,0.545,28,226
2026-01-25 05:14:05,mistralai/Mistral-7B-Instruct-v0.3,MMLU_selected_subjects,isot_true_515,meani,0.557,28,226
2026-01-25 05:19:36,mistralai/Mistral-7B-Instruct-v0.3,MMLU_selected_subjects,isot_true_516,clean,0.555,28,405
2026-01-25 05:25:09,mistralai/Mistral-7B-Instruct-v0.3,MMLU_selected_subjects,isot_true_516,meani,0.549,28,405
2026-01-25 05:30:40,mistralai/Mistral-7B-Instruct-v0.3,MMLU_selected_subjects,isot_true_517,clean,0.557,28,436
2026-01-25 05:36:11,mistralai/Mistral-7B-Instruct-v0.3,MMLU_selected_subjects,isot_true_517,meani,0.557,28,436
2026-01-25 05:41:31,mistralai/Mistral-7B-Instruct-v0.3,MMLU_selected_subjects,isot_true_518,clean,0.55,28,267
2026-01-25 05:46:49,mistralai/Mistral-7B-Instruct-v0.3,MMLU_selected_subjects,isot_true_518,meani,0.556,28,267
2026-01-25 05:52:29,mistralai/Mistral-7B-Instruct-v0.3,MMLU_selected_subjects,isot_true_519,clean,0.542,28,514
2026-01-25 05:58:09,mistralai/Mistral-7B-Instruct-v0.3,MMLU_selected_subjects,isot_true_519,meani,0.547,28,514
2026-01-25 06:03:43,mistralai/Mistral-7B-Instruct-v0.3,MMLU_selected_subjects,isot_true_52,clean,0.535,28,473
2026-01-25 06:09:19,mistralai/Mistral-7B-Instruct-v0.3,MMLU_selected_subjects,isot_true_52,meani,0.535,28,473
2026-01-25 06:14:55,mistralai/Mistral-7B-Instruct-v0.3,MMLU_selected_subjects,isot_true_520,clean,0.546,28,495
2026-01-25 06:20:26,mistralai/Mistral-7B-Instruct-v0.3,MMLU_selected_subjects,isot_true_520,meani,0.544,28,495
2026-01-25 06:26:02,mistralai/Mistral-7B-Instruct-v0.3,MMLU_selected_subjects,isot_true_521,clean,0.554,28,474
2026-01-25 06:31:36,mistralai/Mistral-7B-Instruct-v0.3,MMLU_selected_subjects,isot_true_521,meani,0.545,28,474
2026-01-25 06:37:11,mistralai/Mistral-7B-Instruct-v0.3,MMLU_selected_subjects,isot_true_522,clean,0.532,28,476
2026-01-25 06:42:48,mistralai/Mistral-7B-Instruct-v0.3,MMLU_selected_subjects,isot_true_522,meani,0.548,28,476
2026-01-25 06:48:36,mistralai/Mistral-7B-Instruct-v0.3,MMLU_selected_subjects,isot_true_523,clean,0.545,28,648
2026-01-25 06:54:29,mistralai/Mistral-7B-Instruct-v0.3,MMLU_selected_subjects,isot_true_523,meani,0.548,28,648
2026-01-25 07:00:32,mistralai/Mistral-7B-Instruct-v0.3,MMLU_selected_subjects,isot_true_524,clean,0.545,28,776
2026-01-25 07:06:34,mistralai/Mistral-7B-Instruct-v0.3,MMLU_selected_subjects,isot_true_524,meani,0.548,28,776
2026-01-25 07:12:19,mistralai/Mistral-7B-Instruct-v0.3,MMLU_selected_subjects,isot_true_525,clean,0.543,28,638
2026-01-25 07:18:09,mistralai/Mistral-7B-Instruct-v0.3,MMLU_selected_subjects,isot_true_525,meani,0.553,28,638
2026-01-25 07:23:52,mistralai/Mistral-7B-Instruct-v0.3,MMLU_selected_subjects,isot_true_526,clean,0.542,28,524
2026-01-25 07:29:35,mistralai/Mistral-7B-Instruct-v0.3,MMLU_selected_subjects,isot_true_526,meani,0.54,28,524
2026-01-25 07:35:34,mistralai/Mistral-7B-Instruct-v0.3,MMLU_selected_subjects,isot_true_527,clean,0.546,28,776
2026-01-25 07:41:32,mistralai/Mistral-7B-Instruct-v0.3,MMLU_selected_subjects,isot_true_527,meani,0.552,28,776
2026-01-25 07:47:08,mistralai/Mistral-7B-Instruct-v0.3,MMLU_selected_subjects,isot_true_528,clean,0.546,28,462
2026-01-25 07:52:45,mistralai/Mistral-7B-Instruct-v0.3,MMLU_selected_subjects,isot_true_528,meani,0.54,28,462
2026-01-25 07:58:45,mistralai/Mistral-7B-Instruct-v0.3,MMLU_selected_subjects,isot_true_529,clean,0.546,28,646
2026-01-25 08:04:47,mistralai/Mistral-7B-Instruct-v0.3,MMLU_selected_subjects,isot_true_529,meani,0.544,28,646
2026-01-25 08:10:36,mistralai/Mistral-7B-Instruct-v0.3,MMLU_selected_subjects,isot_true_53,clean,0.545,28,689
2026-01-25 08:16:29,mistralai/Mistral-7B-Instruct-v0.3,MMLU_selected_subjects,isot_true_53,meani,0.559,28,689
2026-01-25 08:22:15,mistralai/Mistral-7B-Instruct-v0.3,MMLU_selected_subjects,isot_true_530,clean,0.558,28,630
2026-01-25 08:28:02,mistralai/Mistral-7B-Instruct-v0.3,MMLU_selected_subjects,isot_true_530,meani,0.557,28,630
2026-01-25 08:33:31,mistralai/Mistral-7B-Instruct-v0.3,MMLU_selected_subjects,isot_true_531,clean,0.547,28,462
2026-01-25 08:39:05,mistralai/Mistral-7B-Instruct-v0.3,MMLU_selected_subjects,isot_true_531,meani,0.55,28,462
2026-01-25 08:44:24,mistralai/Mistral-7B-Instruct-v0.3,MMLU_selected_subjects,isot_true_532,clean,0.539,28,259
2026-01-25 08:49:41,mistralai/Mistral-7B-Instruct-v0.3,MMLU_selected_subjects,isot_true_532,meani,0.554,28,259
2026-01-25 08:55:26,mistralai/Mistral-7B-Instruct-v0.3,MMLU_selected_subjects,isot_true_533,clean,0.542,28,634
2026-01-25 09:01:10,mistralai/Mistral-7B-Instruct-v0.3,MMLU_selected_subjects,isot_true_533,meani,0.552,28,634
2026-01-25 09:06:52,mistralai/Mistral-7B-Instruct-v0.3,MMLU_selected_subjects,isot_true_534,clean,0.544,28,548
2026-01-25 09:12:37,mistralai/Mistral-7B-Instruct-v0.3,MMLU_selected_subjects,isot_true_534,meani,0.549,28,548
2026-01-25 09:17:57,mistralai/Mistral-7B-Instruct-v0.3,MMLU_selected_subjects,isot_true_535,clean,0.547,28,260
2026-01-25 09:23:14,mistralai/Mistral-7B-Instruct-v0.3,MMLU_selected_subjects,isot_true_535,meani,0.539,28,260
2026-01-25 09:28:46,mistralai/Mistral-7B-Instruct-v0.3,MMLU_selected_subjects,isot_true_536,clean,0.553,28,481
2026-01-25 09:34:21,mistralai/Mistral-7B-Instruct-v0.3,MMLU_selected_subjects,isot_true_536,meani,0.549,28,481
2026-01-25 09:40:18,mistralai/Mistral-7B-Instruct-v0.3,MMLU_selected_subjects,isot_true_537,clean,0.541,28,687
2026-01-25 09:46:15,mistralai/Mistral-7B-Instruct-v0.3,MMLU_selected_subjects,isot_true_537,meani,0.549,28,687
2026-01-25 09:51:56,mistralai/Mistral-7B-Instruct-v0.3,MMLU_selected_subjects,isot_true_538,clean,0.537,28,454
2026-01-25 09:57:37,mistralai/Mistral-7B-Instruct-v0.3,MMLU_selected_subjects,isot_true_538,meani,0.531,28,454
2026-01-25 10:03:11,mistralai/Mistral-7B-Instruct-v0.3,MMLU_selected_subjects,isot_true_539,clean,0.546,28,422
2026-01-25 10:08:41,mistralai/Mistral-7B-Instruct-v0.3,MMLU_selected_subjects,isot_true_539,meani,0.55,28,422
2026-01-25 10:14:21,mistralai/Mistral-7B-Instruct-v0.3,MMLU_selected_subjects,isot_true_54,clean,0.555,28,570
2026-01-25 10:20:00,mistralai/Mistral-7B-Instruct-v0.3,MMLU_selected_subjects,isot_true_54,meani,0.552,28,570
2026-01-25 10:25:42,mistralai/Mistral-7B-Instruct-v0.3,MMLU_selected_subjects,isot_true_540,clean,0.555,28,480
2026-01-25 10:31:25,mistralai/Mistral-7B-Instruct-v0.3,MMLU_selected_subjects,isot_true_540,meani,0.558,28,480
2026-01-25 10:36:47,mistralai/Mistral-7B-Instruct-v0.3,MMLU_selected_subjects,isot_true_541,clean,0.562,28,325
2026-01-25 10:42:11,mistralai/Mistral-7B-Instruct-v0.3,MMLU_selected_subjects,isot_true_541,meani,0.544,28,325
2026-01-25 10:47:50,mistralai/Mistral-7B-Instruct-v0.3,MMLU_selected_subjects,isot_true_542,clean,0.542,28,498
2026-01-25 10:53:28,mistralai/Mistral-7B-Instruct-v0.3,MMLU_selected_subjects,isot_true_542,meani,0.551,28,498
2026-01-25 10:59:08,mistralai/Mistral-7B-Instruct-v0.3,MMLU_selected_subjects,isot_true_543,clean,0.55,28,595
2026-01-25 11:04:49,mistralai/Mistral-7B-Instruct-v0.3,MMLU_selected_subjects,isot_true_543,meani,0.54,28,595
2026-01-25 11:10:35,mistralai/Mistral-7B-Instruct-v0.3,MMLU_selected_subjects,isot_true_544,clean,0.554,28,656
2026-01-25 11:16:24,mistralai/Mistral-7B-Instruct-v0.3,MMLU_selected_subjects,isot_true_544,meani,0.541,28,656
2026-01-25 11:22:19,mistralai/Mistral-7B-Instruct-v0.3,MMLU_selected_subjects,isot_true_545,clean,0.542,28,719
2026-01-25 11:28:16,mistralai/Mistral-7B-Instruct-v0.3,MMLU_selected_subjects,isot_true_545,meani,0.556,28,719
2026-01-25 11:33:43,mistralai/Mistral-7B-Instruct-v0.3,MMLU_selected_subjects,isot_true_546,clean,0.539,28,428
2026-01-25 11:39:10,mistralai/Mistral-7B-Instruct-v0.3,MMLU_selected_subjects,isot_true_546,meani,0.553,28,428
2026-01-25 11:45:12,mistralai/Mistral-7B-Instruct-v0.3,MMLU_selected_subjects,isot_true_547,clean,0.546,28,781
2026-01-25 11:51:13,mistralai/Mistral-7B-Instruct-v0.3,MMLU_selected_subjects,isot_true_547,meani,0.552,28,781
2026-01-25 11:56:55,mistralai/Mistral-7B-Instruct-v0.3,MMLU_selected_subjects,isot_true_548,clean,0.545,28,594
2026-01-25 12:02:37,mistralai/Mistral-7B-Instruct-v0.3,MMLU_selected_subjects,isot_true_548,meani,0.536,28,594
2026-01-25 12:08:15,mistralai/Mistral-7B-Instruct-v0.3,MMLU_selected_subjects,isot_true_549,clean,0.536,28,435
2026-01-25 12:13:53,mistralai/Mistral-7B-Instruct-v0.3,MMLU_selected_subjects,isot_true_549,meani,0.549,28,435
2026-01-25 12:19:26,mistralai/Mistral-7B-Instruct-v0.3,MMLU_selected_subjects,isot_true_55,clean,0.534,28,445
2026-01-25 12:24:59,mistralai/Mistral-7B-Instruct-v0.3,MMLU_selected_subjects,isot_true_55,meani,0.539,28,445
2026-01-25 12:30:45,mistralai/Mistral-7B-Instruct-v0.3,MMLU_selected_subjects,isot_true_550,clean,0.545,28,683
2026-01-25 12:36:33,mistralai/Mistral-7B-Instruct-v0.3,MMLU_selected_subjects,isot_true_550,meani,0.544,28,683
2026-01-25 12:42:14,mistralai/Mistral-7B-Instruct-v0.3,MMLU_selected_subjects,isot_true_551,clean,0.553,28,482
2026-01-25 12:47:51,mistralai/Mistral-7B-Instruct-v0.3,MMLU_selected_subjects,isot_true_551,meani,0.563,28,482
2026-01-25 12:53:16,mistralai/Mistral-7B-Instruct-v0.3,MMLU_selected_subjects,isot_true_552,clean,0.555,28,313
2026-01-25 12:58:37,mistralai/Mistral-7B-Instruct-v0.3,MMLU_selected_subjects,isot_true_552,meani,0.557,28,313
2026-01-25 13:04:37,mistralai/Mistral-7B-Instruct-v0.3,MMLU_selected_subjects,isot_true_553,clean,0.541,28,786
2026-01-25 13:10:35,mistralai/Mistral-7B-Instruct-v0.3,MMLU_selected_subjects,isot_true_553,meani,0.557,28,786
2026-01-25 13:16:17,mistralai/Mistral-7B-Instruct-v0.3,MMLU_selected_subjects,isot_true_554,clean,0.554,28,589
2026-01-25 13:21:54,mistralai/Mistral-7B-Instruct-v0.3,MMLU_selected_subjects,isot_true_554,meani,0.555,28,589
2026-01-25 13:27:47,mistralai/Mistral-7B-Instruct-v0.3,MMLU_selected_subjects,isot_true_555,clean,0.537,28,696
2026-01-25 13:33:35,mistralai/Mistral-7B-Instruct-v0.3,MMLU_selected_subjects,isot_true_555,meani,0.545,28,696
2026-01-25 13:39:22,mistralai/Mistral-7B-Instruct-v0.3,MMLU_selected_subjects,isot_true_556,clean,0.546,28,602
2026-01-25 13:45:08,mistralai/Mistral-7B-Instruct-v0.3,MMLU_selected_subjects,isot_true_556,meani,0.555,28,602
2026-01-25 13:51:01,mistralai/Mistral-7B-Instruct-v0.3,MMLU_selected_subjects,isot_true_557,clean,0.547,28,626
2026-01-25 13:56:56,mistralai/Mistral-7B-Instruct-v0.3,MMLU_selected_subjects,isot_true_557,meani,0.561,28,626
2026-01-25 14:02:29,mistralai/Mistral-7B-Instruct-v0.3,MMLU_selected_subjects,isot_true_558,clean,0.545,28,428
2026-01-25 14:07:55,mistralai/Mistral-7B-Instruct-v0.3,MMLU_selected_subjects,isot_true_558,meani,0.545,28,428
2026-01-25 14:13:15,mistralai/Mistral-7B-Instruct-v0.3,MMLU_selected_subjects,isot_true_559,clean,0.546,28,275
2026-01-25 14:18:39,mistralai/Mistral-7B-Instruct-v0.3,MMLU_selected_subjects,isot_true_559,meani,0.55,28,275
2026-01-25 14:24:26,mistralai/Mistral-7B-Instruct-v0.3,MMLU_selected_subjects,isot_true_56,clean,0.548,28,632
2026-01-25 14:30:09,mistralai/Mistral-7B-Instruct-v0.3,MMLU_selected_subjects,isot_true_56,meani,0.543,28,632
2026-01-25 14:35:36,mistralai/Mistral-7B-Instruct-v0.3,MMLU_selected_subjects,isot_true_560,clean,0.543,28,394
2026-01-25 14:41:06,mistralai/Mistral-7B-Instruct-v0.3,MMLU_selected_subjects,isot_true_560,meani,0.557,28,394
2026-01-25 14:46:45,mistralai/Mistral-7B-Instruct-v0.3,MMLU_selected_subjects,isot_true_561,clean,0.55,28,506
2026-01-25 14:52:23,mistralai/Mistral-7B-Instruct-v0.3,MMLU_selected_subjects,isot_true_561,meani,0.559,28,506
2026-01-25 14:58:07,mistralai/Mistral-7B-Instruct-v0.3,MMLU_selected_subjects,isot_true_562,clean,0.552,28,638
2026-01-25 15:03:52,mistralai/Mistral-7B-Instruct-v0.3,MMLU_selected_subjects,isot_true_562,meani,0.556,28,638
2026-01-25 15:09:35,mistralai/Mistral-7B-Instruct-v0.3,MMLU_selected_subjects,isot_true_563,clean,0.553,28,475
2026-01-25 15:15:09,mistralai/Mistral-7B-Instruct-v0.3,MMLU_selected_subjects,isot_true_563,meani,0.557,28,475
2026-01-25 15:20:40,mistralai/Mistral-7B-Instruct-v0.3,MMLU_selected_subjects,isot_true_564,clean,0.553,28,422
2026-01-25 15:26:11,mistralai/Mistral-7B-Instruct-v0.3,MMLU_selected_subjects,isot_true_564,meani,0.542,28,422
2026-01-25 15:32:12,mistralai/Mistral-7B-Instruct-v0.3,MMLU_selected_subjects,isot_true_565,clean,0.548,28,712
2026-01-25 15:38:12,mistralai/Mistral-7B-Instruct-v0.3,MMLU_selected_subjects,isot_true_565,meani,0.554,28,712
2026-01-25 15:43:49,mistralai/Mistral-7B-Instruct-v0.3,MMLU_selected_subjects,isot_true_566,clean,0.547,28,429
2026-01-25 15:49:19,mistralai/Mistral-7B-Instruct-v0.3,MMLU_selected_subjects,isot_true_566,meani,0.547,28,429
2026-01-25 15:54:57,mistralai/Mistral-7B-Instruct-v0.3,MMLU_selected_subjects,isot_true_567,clean,0.55,28,472
2026-01-25 16:00:30,mistralai/Mistral-7B-Instruct-v0.3,MMLU_selected_subjects,isot_true_567,meani,0.543,28,472
2026-01-25 16:06:21,mistralai/Mistral-7B-Instruct-v0.3,MMLU_selected_subjects,isot_true_568,clean,0.55,28,685
2026-01-25 16:12:05,mistralai/Mistral-7B-Instruct-v0.3,MMLU_selected_subjects,isot_true_568,meani,0.556,28,685
2026-01-25 16:17:44,mistralai/Mistral-7B-Instruct-v0.3,MMLU_selected_subjects,isot_true_569,clean,0.545,28,395
2026-01-25 16:23:17,mistralai/Mistral-7B-Instruct-v0.3,MMLU_selected_subjects,isot_true_569,meani,0.558,28,395
2026-01-25 16:28:47,mistralai/Mistral-7B-Instruct-v0.3,MMLU_selected_subjects,isot_true_57,clean,0.544,28,445
2026-01-25 16:34:25,mistralai/Mistral-7B-Instruct-v0.3,MMLU_selected_subjects,isot_true_57,meani,0.548,28,445
2026-01-25 16:39:51,mistralai/Mistral-7B-Instruct-v0.3,MMLU_selected_subjects,isot_true_570,clean,0.547,28,370
2026-01-25 16:45:21,mistralai/Mistral-7B-Instruct-v0.3,MMLU_selected_subjects,isot_true_570,meani,0.549,28,370
2026-01-25 16:50:57,mistralai/Mistral-7B-Instruct-v0.3,MMLU_selected_subjects,isot_true_571,clean,0.549,28,441
2026-01-25 16:56:30,mistralai/Mistral-7B-Instruct-v0.3,MMLU_selected_subjects,isot_true_571,meani,0.551,28,441
2026-01-25 17:02:12,mistralai/Mistral-7B-Instruct-v0.3,MMLU_selected_subjects,isot_true_572,clean,0.544,28,468
2026-01-25 17:07:47,mistralai/Mistral-7B-Instruct-v0.3,MMLU_selected_subjects,isot_true_572,meani,0.548,28,468
2026-01-25 17:13:34,mistralai/Mistral-7B-Instruct-v0.3,MMLU_selected_subjects,isot_true_573,clean,0.528,28,586
2026-01-25 17:19:16,mistralai/Mistral-7B-Instruct-v0.3,MMLU_selected_subjects,isot_true_573,meani,0.539,28,586
2026-01-25 17:24:33,mistralai/Mistral-7B-Instruct-v0.3,MMLU_selected_subjects,isot_true_574,clean,0.543,28,239
2026-01-25 17:29:52,mistralai/Mistral-7B-Instruct-v0.3,MMLU_selected_subjects,isot_true_574,meani,0.561,28,239
2026-01-25 17:35:47,mistralai/Mistral-7B-Instruct-v0.3,MMLU_selected_subjects,isot_true_575,clean,0.548,28,771
2026-01-25 17:41:39,mistralai/Mistral-7B-Instruct-v0.3,MMLU_selected_subjects,isot_true_575,meani,0.554,28,771
2026-01-25 17:47:13,mistralai/Mistral-7B-Instruct-v0.3,MMLU_selected_subjects,isot_true_576,clean,0.555,28,526
2026-01-25 17:52:48,mistralai/Mistral-7B-Instruct-v0.3,MMLU_selected_subjects,isot_true_576,meani,0.548,28,526
2026-01-25 17:58:20,mistralai/Mistral-7B-Instruct-v0.3,MMLU_selected_subjects,isot_true_577,clean,0.552,28,484
2026-01-25 18:03:56,mistralai/Mistral-7B-Instruct-v0.3,MMLU_selected_subjects,isot_true_577,meani,0.547,28,484
2026-01-25 18:09:14,mistralai/Mistral-7B-Instruct-v0.3,MMLU_selected_subjects,isot_true_578,clean,0.551,28,209
2026-01-25 18:14:25,mistralai/Mistral-7B-Instruct-v0.3,MMLU_selected_subjects,isot_true_578,meani,0.554,28,209
2026-01-25 18:20:05,mistralai/Mistral-7B-Instruct-v0.3,MMLU_selected_subjects,isot_true_579,clean,0.557,28,534
2026-01-25 18:25:42,mistralai/Mistral-7B-Instruct-v0.3,MMLU_selected_subjects,isot_true_579,meani,0.549,28,534
2026-01-25 18:31:23,mistralai/Mistral-7B-Instruct-v0.3,MMLU_selected_subjects,isot_true_58,clean,0.553,28,570
2026-01-25 18:37:04,mistralai/Mistral-7B-Instruct-v0.3,MMLU_selected_subjects,isot_true_58,meani,0.553,28,570
2026-01-25 18:42:45,mistralai/Mistral-7B-Instruct-v0.3,MMLU_selected_subjects,isot_true_580,clean,0.542,28,626
2026-01-25 18:48:33,mistralai/Mistral-7B-Instruct-v0.3,MMLU_selected_subjects,isot_true_580,meani,0.549,28,626
2026-01-25 18:54:11,mistralai/Mistral-7B-Instruct-v0.3,MMLU_selected_subjects,isot_true_581,clean,0.545,28,491
2026-01-25 18:59:48,mistralai/Mistral-7B-Instruct-v0.3,MMLU_selected_subjects,isot_true_581,meani,0.553,28,491
2026-01-25 19:05:29,mistralai/Mistral-7B-Instruct-v0.3,MMLU_selected_subjects,isot_true_582,clean,0.552,28,598
2026-01-25 19:11:08,mistralai/Mistral-7B-Instruct-v0.3,MMLU_selected_subjects,isot_true_582,meani,0.546,28,598
2026-01-25 19:16:27,mistralai/Mistral-7B-Instruct-v0.3,MMLU_selected_subjects,isot_true_583,clean,0.551,28,232
2026-01-25 19:21:46,mistralai/Mistral-7B-Instruct-v0.3,MMLU_selected_subjects,isot_true_583,meani,0.552,28,232
2026-01-25 19:27:31,mistralai/Mistral-7B-Instruct-v0.3,MMLU_selected_subjects,isot_true_584,clean,0.552,28,511
2026-01-25 19:33:19,mistralai/Mistral-7B-Instruct-v0.3,MMLU_selected_subjects,isot_true_584,meani,0.538,28,511
2026-01-25 19:38:53,mistralai/Mistral-7B-Instruct-v0.3,MMLU_selected_subjects,isot_true_585,clean,0.546,28,480
2026-01-25 19:44:30,mistralai/Mistral-7B-Instruct-v0.3,MMLU_selected_subjects,isot_true_585,meani,0.553,28,480
2026-01-25 19:49:58,mistralai/Mistral-7B-Instruct-v0.3,MMLU_selected_subjects,isot_true_586,clean,0.559,28,386
2026-01-25 19:55:25,mistralai/Mistral-7B-Instruct-v0.3,MMLU_selected_subjects,isot_true_586,meani,0.555,28,386
2026-01-25 20:01:04,mistralai/Mistral-7B-Instruct-v0.3,MMLU_selected_subjects,isot_true_587,clean,0.536,28,471
2026-01-25 20:06:40,mistralai/Mistral-7B-Instruct-v0.3,MMLU_selected_subjects,isot_true_587,meani,0.56,28,471
2026-01-25 20:12:27,mistralai/Mistral-7B-Instruct-v0.3,MMLU_selected_subjects,isot_true_588,clean,0.546,28,602
2026-01-25 20:18:07,mistralai/Mistral-7B-Instruct-v0.3,MMLU_selected_subjects,isot_true_588,meani,0.554,28,602
2026-01-25 20:23:49,mistralai/Mistral-7B-Instruct-v0.3,MMLU_selected_subjects,isot_true_589,clean,0.546,28,588
2026-01-25 20:29:32,mistralai/Mistral-7B-Instruct-v0.3,MMLU_selected_subjects,isot_true_589,meani,0.541,28,588
2026-01-25 20:35:01,mistralai/Mistral-7B-Instruct-v0.3,MMLU_selected_subjects,isot_true_59,clean,0.555,28,353
2026-01-25 20:40:31,mistralai/Mistral-7B-Instruct-v0.3,MMLU_selected_subjects,isot_true_59,meani,0.548,28,353
2026-01-25 20:46:10,mistralai/Mistral-7B-Instruct-v0.3,MMLU_selected_subjects,isot_true_590,clean,0.552,28,486
2026-01-25 20:51:52,mistralai/Mistral-7B-Instruct-v0.3,MMLU_selected_subjects,isot_true_590,meani,0.548,28,486
2026-01-25 20:57:51,mistralai/Mistral-7B-Instruct-v0.3,MMLU_selected_subjects,isot_true_591,clean,0.547,28,746
2026-01-25 21:03:47,mistralai/Mistral-7B-Instruct-v0.3,MMLU_selected_subjects,isot_true_591,meani,0.553,28,746
2026-01-25 21:09:33,mistralai/Mistral-7B-Instruct-v0.3,MMLU_selected_subjects,isot_true_592,clean,0.538,28,608
2026-01-25 21:15:21,mistralai/Mistral-7B-Instruct-v0.3,MMLU_selected_subjects,isot_true_592,meani,0.556,28,608
2026-01-25 21:21:09,mistralai/Mistral-7B-Instruct-v0.3,MMLU_selected_subjects,isot_true_593,clean,0.541,28,630
2026-01-25 21:26:54,mistralai/Mistral-7B-Instruct-v0.3,MMLU_selected_subjects,isot_true_593,meani,0.555,28,630
2026-01-25 21:32:30,mistralai/Mistral-7B-Instruct-v0.3,MMLU_selected_subjects,isot_true_594,clean,0.551,28,507
2026-01-25 21:38:06,mistralai/Mistral-7B-Instruct-v0.3,MMLU_selected_subjects,isot_true_594,meani,0.557,28,507
2026-01-25 21:43:51,mistralai/Mistral-7B-Instruct-v0.3,MMLU_selected_subjects,isot_true_595,clean,0.548,28,599
2026-01-25 21:49:34,mistralai/Mistral-7B-Instruct-v0.3,MMLU_selected_subjects,isot_true_595,meani,0.557,28,599
2026-01-25 21:55:20,mistralai/Mistral-7B-Instruct-v0.3,MMLU_selected_subjects,isot_true_596,clean,0.546,28,570
2026-01-25 22:01:01,mistralai/Mistral-7B-Instruct-v0.3,MMLU_selected_subjects,isot_true_596,meani,0.548,28,570
2026-01-25 22:06:49,mistralai/Mistral-7B-Instruct-v0.3,MMLU_selected_subjects,isot_true_597,clean,0.551,28,668
2026-01-25 22:12:33,mistralai/Mistral-7B-Instruct-v0.3,MMLU_selected_subjects,isot_true_597,meani,0.551,28,668
2026-01-25 22:18:04,mistralai/Mistral-7B-Instruct-v0.3,MMLU_selected_subjects,isot_true_598,clean,0.555,28,428
2026-01-25 22:23:31,mistralai/Mistral-7B-Instruct-v0.3,MMLU_selected_subjects,isot_true_598,meani,0.553,28,428
2026-01-25 22:29:10,mistralai/Mistral-7B-Instruct-v0.3,MMLU_selected_subjects,isot_true_599,clean,0.543,28,555
2026-01-25 22:34:49,mistralai/Mistral-7B-Instruct-v0.3,MMLU_selected_subjects,isot_true_599,meani,0.548,28,555
2026-01-25 22:40:18,mistralai/Mistral-7B-Instruct-v0.3,MMLU_selected_subjects,isot_true_6,clean,0.542,28,375
2026-01-25 22:45:50,mistralai/Mistral-7B-Instruct-v0.3,MMLU_selected_subjects,isot_true_6,meani,0.558,28,375
2026-01-25 22:51:41,mistralai/Mistral-7B-Instruct-v0.3,MMLU_selected_subjects,isot_true_60,clean,0.547,28,579
2026-01-25 22:57:23,mistralai/Mistral-7B-Instruct-v0.3,MMLU_selected_subjects,isot_true_60,meani,0.551,28,579
2026-01-25 23:03:10,mistralai/Mistral-7B-Instruct-v0.3,MMLU_selected_subjects,isot_true_600,clean,0.548,28,546
2026-01-25 23:08:48,mistralai/Mistral-7B-Instruct-v0.3,MMLU_selected_subjects,isot_true_600,meani,0.551,28,546
2026-01-25 23:14:26,mistralai/Mistral-7B-Instruct-v0.3,MMLU_selected_subjects,isot_true_601,clean,0.554,28,503
2026-01-25 23:20:05,mistralai/Mistral-7B-Instruct-v0.3,MMLU_selected_subjects,isot_true_601,meani,0.557,28,503
2026-01-25 23:25:57,mistralai/Mistral-7B-Instruct-v0.3,MMLU_selected_subjects,isot_true_602,clean,0.552,28,650
2026-01-25 23:31:46,mistralai/Mistral-7B-Instruct-v0.3,MMLU_selected_subjects,isot_true_602,meani,0.552,28,650
2026-01-25 23:37:24,mistralai/Mistral-7B-Instruct-v0.3,MMLU_selected_subjects,isot_true_603,clean,0.557,28,497
2026-01-25 23:42:58,mistralai/Mistral-7B-Instruct-v0.3,MMLU_selected_subjects,isot_true_603,meani,0.55,28,497
2026-01-25 23:48:51,mistralai/Mistral-7B-Instruct-v0.3,MMLU_selected_subjects,isot_true_604,clean,0.545,28,729
2026-01-25 23:54:39,mistralai/Mistral-7B-Instruct-v0.3,MMLU_selected_subjects,isot_true_604,meani,0.546,28,729
2026-01-26 00:00:34,mistralai/Mistral-7B-Instruct-v0.3,MMLU_selected_subjects,isot_true_605,clean,0.547,28,738
2026-01-26 00:06:26,mistralai/Mistral-7B-Instruct-v0.3,MMLU_selected_subjects,isot_true_605,meani,0.551,28,738
2026-01-26 00:12:10,mistralai/Mistral-7B-Instruct-v0.3,MMLU_selected_subjects,isot_true_606,clean,0.547,28,461
2026-01-26 00:17:47,mistralai/Mistral-7B-Instruct-v0.3,MMLU_selected_subjects,isot_true_606,meani,0.556,28,461
2026-01-26 00:23:33,mistralai/Mistral-7B-Instruct-v0.3,MMLU_selected_subjects,isot_true_607,clean,0.554,28,555
2026-01-26 00:29:17,mistralai/Mistral-7B-Instruct-v0.3,MMLU_selected_subjects,isot_true_607,meani,0.55,28,555
2026-01-26 00:34:54,mistralai/Mistral-7B-Instruct-v0.3,MMLU_selected_subjects,isot_true_608,clean,0.555,28,482
2026-01-26 00:40:31,mistralai/Mistral-7B-Instruct-v0.3,MMLU_selected_subjects,isot_true_608,meani,0.554,28,482
2026-01-26 00:46:05,mistralai/Mistral-7B-Instruct-v0.3,MMLU_selected_subjects,isot_true_609,clean,0.552,28,374
2026-01-26 00:51:40,mistralai/Mistral-7B-Instruct-v0.3,MMLU_selected_subjects,isot_true_609,meani,0.546,28,374
2026-01-26 00:57:21,mistralai/Mistral-7B-Instruct-v0.3,MMLU_selected_subjects,isot_true_61,clean,0.556,28,476
2026-01-26 01:03:02,mistralai/Mistral-7B-Instruct-v0.3,MMLU_selected_subjects,isot_true_61,meani,0.551,28,476
2026-01-26 01:08:29,mistralai/Mistral-7B-Instruct-v0.3,MMLU_selected_subjects,isot_true_610,clean,0.551,28,353
2026-01-26 01:13:55,mistralai/Mistral-7B-Instruct-v0.3,MMLU_selected_subjects,isot_true_610,meani,0.542,28,353
2026-01-26 01:19:20,mistralai/Mistral-7B-Instruct-v0.3,MMLU_selected_subjects,isot_true_611,clean,0.549,28,334
2026-01-26 01:24:42,mistralai/Mistral-7B-Instruct-v0.3,MMLU_selected_subjects,isot_true_611,meani,0.547,28,334
2026-01-26 01:30:15,mistralai/Mistral-7B-Instruct-v0.3,MMLU_selected_subjects,isot_true_612,clean,0.558,28,440
2026-01-26 01:35:44,mistralai/Mistral-7B-Instruct-v0.3,MMLU_selected_subjects,isot_true_612,meani,0.56,28,440
2026-01-26 01:41:12,mistralai/Mistral-7B-Instruct-v0.3,MMLU_selected_subjects,isot_true_613,clean,0.558,28,423
2026-01-26 01:46:42,mistralai/Mistral-7B-Instruct-v0.3,MMLU_selected_subjects,isot_true_613,meani,0.547,28,423
2026-01-26 01:52:03,mistralai/Mistral-7B-Instruct-v0.3,MMLU_selected_subjects,isot_true_614,clean,0.543,28,363
2026-01-26 01:57:32,mistralai/Mistral-7B-Instruct-v0.3,MMLU_selected_subjects,isot_true_614,meani,0.54,28,363
2026-01-26 02:03:10,mistralai/Mistral-7B-Instruct-v0.3,MMLU_selected_subjects,isot_true_615,clean,0.546,28,444
2026-01-26 02:08:43,mistralai/Mistral-7B-Instruct-v0.3,MMLU_selected_subjects,isot_true_615,meani,0.546,28,444
2026-01-26 02:14:49,mistralai/Mistral-7B-Instruct-v0.3,MMLU_selected_subjects,isot_true_616,clean,0.556,28,698
2026-01-26 02:20:50,mistralai/Mistral-7B-Instruct-v0.3,MMLU_selected_subjects,isot_true_616,meani,0.556,28,698
2026-01-26 02:26:42,mistralai/Mistral-7B-Instruct-v0.3,MMLU_selected_subjects,isot_true_617,clean,0.551,28,664
2026-01-26 02:32:32,mistralai/Mistral-7B-Instruct-v0.3,MMLU_selected_subjects,isot_true_617,meani,0.547,28,664
2026-01-26 02:38:27,mistralai/Mistral-7B-Instruct-v0.3,MMLU_selected_subjects,isot_true_618,clean,0.558,28,773
2026-01-26 02:44:20,mistralai/Mistral-7B-Instruct-v0.3,MMLU_selected_subjects,isot_true_618,meani,0.56,28,773
2026-01-26 02:49:47,mistralai/Mistral-7B-Instruct-v0.3,MMLU_selected_subjects,isot_true_619,clean,0.562,28,294
2026-01-26 02:55:14,mistralai/Mistral-7B-Instruct-v0.3,MMLU_selected_subjects,isot_true_619,meani,0.548,28,294
2026-01-26 03:01:01,mistralai/Mistral-7B-Instruct-v0.3,MMLU_selected_subjects,isot_true_62,clean,0.548,28,604
2026-01-26 03:06:44,mistralai/Mistral-7B-Instruct-v0.3,MMLU_selected_subjects,isot_true_62,meani,0.544,28,604
2026-01-26 03:12:44,mistralai/Mistral-7B-Instruct-v0.3,MMLU_selected_subjects,isot_true_620,clean,0.537,28,734
2026-01-26 03:18:38,mistralai/Mistral-7B-Instruct-v0.3,MMLU_selected_subjects,isot_true_620,meani,0.549,28,734
2026-01-26 03:24:23,mistralai/Mistral-7B-Instruct-v0.3,MMLU_selected_subjects,isot_true_621,clean,0.547,28,615
2026-01-26 03:30:09,mistralai/Mistral-7B-Instruct-v0.3,MMLU_selected_subjects,isot_true_621,meani,0.547,28,615
2026-01-26 03:35:46,mistralai/Mistral-7B-Instruct-v0.3,MMLU_selected_subjects,isot_true_622,clean,0.544,28,477
2026-01-26 03:41:20,mistralai/Mistral-7B-Instruct-v0.3,MMLU_selected_subjects,isot_true_622,meani,0.542,28,477
2026-01-26 03:46:56,mistralai/Mistral-7B-Instruct-v0.3,MMLU_selected_subjects,isot_true_623,clean,0.537,28,594
2026-01-26 03:52:35,mistralai/Mistral-7B-Instruct-v0.3,MMLU_selected_subjects,isot_true_623,meani,0.546,28,594
2026-01-26 03:58:29,mistralai/Mistral-7B-Instruct-v0.3,MMLU_selected_subjects,isot_true_624,clean,0.546,28,722
2026-01-26 04:04:23,mistralai/Mistral-7B-Instruct-v0.3,MMLU_selected_subjects,isot_true_624,meani,0.544,28,722
2026-01-26 04:09:59,mistralai/Mistral-7B-Instruct-v0.3,MMLU_selected_subjects,isot_true_625,clean,0.548,28,529
2026-01-26 04:15:37,mistralai/Mistral-7B-Instruct-v0.3,MMLU_selected_subjects,isot_true_625,meani,0.548,28,529
2026-01-26 04:20:57,mistralai/Mistral-7B-Instruct-v0.3,MMLU_selected_subjects,isot_true_626,clean,0.552,28,278
2026-01-26 04:26:16,mistralai/Mistral-7B-Instruct-v0.3,MMLU_selected_subjects,isot_true_626,meani,0.551,28,278
2026-01-26 04:32:13,mistralai/Mistral-7B-Instruct-v0.3,MMLU_selected_subjects,isot_true_627,clean,0.556,28,752
2026-01-26 04:38:07,mistralai/Mistral-7B-Instruct-v0.3,MMLU_selected_subjects,isot_true_627,meani,0.554,28,752
2026-01-26 04:43:46,mistralai/Mistral-7B-Instruct-v0.3,MMLU_selected_subjects,isot_true_628,clean,0.543,28,517
2026-01-26 04:49:23,mistralai/Mistral-7B-Instruct-v0.3,MMLU_selected_subjects,isot_true_628,meani,0.555,28,517
2026-01-26 04:54:42,mistralai/Mistral-7B-Instruct-v0.3,MMLU_selected_subjects,isot_true_629,clean,0.553,28,210
2026-01-26 04:59:57,mistralai/Mistral-7B-Instruct-v0.3,MMLU_selected_subjects,isot_true_629,meani,0.557,28,210
2026-01-26 05:05:45,mistralai/Mistral-7B-Instruct-v0.3,MMLU_selected_subjects,isot_true_63,clean,0.547,28,548
2026-01-26 05:11:37,mistralai/Mistral-7B-Instruct-v0.3,MMLU_selected_subjects,isot_true_63,meani,0.555,28,548
2026-01-26 05:17:17,mistralai/Mistral-7B-Instruct-v0.3,MMLU_selected_subjects,isot_true_630,clean,0.539,28,547
2026-01-26 05:22:55,mistralai/Mistral-7B-Instruct-v0.3,MMLU_selected_subjects,isot_true_630,meani,0.547,28,547
2026-01-26 05:28:31,mistralai/Mistral-7B-Instruct-v0.3,MMLU_selected_subjects,isot_true_631,clean,0.556,28,478
2026-01-26 05:34:03,mistralai/Mistral-7B-Instruct-v0.3,MMLU_selected_subjects,isot_true_631,meani,0.558,28,478
2026-01-26 05:39:45,mistralai/Mistral-7B-Instruct-v0.3,MMLU_selected_subjects,isot_true_632,clean,0.553,28,556
2026-01-26 05:45:24,mistralai/Mistral-7B-Instruct-v0.3,MMLU_selected_subjects,isot_true_632,meani,0.551,28,556
2026-01-26 05:51:13,mistralai/Mistral-7B-Instruct-v0.3,MMLU_selected_subjects,isot_true_633,clean,0.554,28,673
2026-01-26 05:57:06,mistralai/Mistral-7B-Instruct-v0.3,MMLU_selected_subjects,isot_true_633,meani,0.562,28,673
2026-01-26 06:02:44,mistralai/Mistral-7B-Instruct-v0.3,MMLU_selected_subjects,isot_true_634,clean,0.548,28,489
2026-01-26 06:08:19,mistralai/Mistral-7B-Instruct-v0.3,MMLU_selected_subjects,isot_true_634,meani,0.549,28,489
2026-01-26 06:14:00,mistralai/Mistral-7B-Instruct-v0.3,MMLU_selected_subjects,isot_true_635,clean,0.542,28,558
2026-01-26 06:19:49,mistralai/Mistral-7B-Instruct-v0.3,MMLU_selected_subjects,isot_true_635,meani,0.549,28,558
2026-01-26 06:25:46,mistralai/Mistral-7B-Instruct-v0.3,MMLU_selected_subjects,isot_true_636,clean,0.545,28,767
2026-01-26 06:31:37,mistralai/Mistral-7B-Instruct-v0.3,MMLU_selected_subjects,isot_true_636,meani,0.555,28,767
2026-01-26 06:37:29,mistralai/Mistral-7B-Instruct-v0.3,MMLU_selected_subjects,isot_true_637,clean,0.553,28,729
2026-01-26 06:43:21,mistralai/Mistral-7B-Instruct-v0.3,MMLU_selected_subjects,isot_true_637,meani,0.551,28,729
2026-01-26 06:48:52,mistralai/Mistral-7B-Instruct-v0.3,MMLU_selected_subjects,isot_true_638,clean,0.537,28,450
2026-01-26 06:54:20,mistralai/Mistral-7B-Instruct-v0.3,MMLU_selected_subjects,isot_true_638,meani,0.554,28,450
2026-01-26 06:59:48,mistralai/Mistral-7B-Instruct-v0.3,MMLU_selected_subjects,isot_true_639,clean,0.549,28,429
2026-01-26 07:05:19,mistralai/Mistral-7B-Instruct-v0.3,MMLU_selected_subjects,isot_true_639,meani,0.551,28,429
2026-01-26 07:10:55,mistralai/Mistral-7B-Instruct-v0.3,MMLU_selected_subjects,isot_true_64,clean,0.554,28,470
2026-01-26 07:16:33,mistralai/Mistral-7B-Instruct-v0.3,MMLU_selected_subjects,isot_true_64,meani,0.565,28,470
2026-01-26 07:22:26,mistralai/Mistral-7B-Instruct-v0.3,MMLU_selected_subjects,isot_true_640,clean,0.537,28,597
2026-01-26 07:28:18,mistralai/Mistral-7B-Instruct-v0.3,MMLU_selected_subjects,isot_true_640,meani,0.536,28,597
2026-01-26 07:33:44,mistralai/Mistral-7B-Instruct-v0.3,MMLU_selected_subjects,isot_true_641,clean,0.553,28,400
2026-01-26 07:39:14,mistralai/Mistral-7B-Instruct-v0.3,MMLU_selected_subjects,isot_true_641,meani,0.545,28,400
2026-01-26 07:45:00,mistralai/Mistral-7B-Instruct-v0.3,MMLU_selected_subjects,isot_true_642,clean,0.553,28,535
2026-01-26 07:50:42,mistralai/Mistral-7B-Instruct-v0.3,MMLU_selected_subjects,isot_true_642,meani,0.545,28,535
2026-01-26 07:56:11,mistralai/Mistral-7B-Instruct-v0.3,MMLU_selected_subjects,isot_true_643,clean,0.551,28,400
2026-01-26 08:01:40,mistralai/Mistral-7B-Instruct-v0.3,MMLU_selected_subjects,isot_true_643,meani,0.542,28,400
2026-01-26 08:07:14,mistralai/Mistral-7B-Instruct-v0.3,MMLU_selected_subjects,isot_true_644,clean,0.542,28,401
2026-01-26 08:12:45,mistralai/Mistral-7B-Instruct-v0.3,MMLU_selected_subjects,isot_true_644,meani,0.554,28,401
2026-01-26 08:18:27,mistralai/Mistral-7B-Instruct-v0.3,MMLU_selected_subjects,isot_true_645,clean,0.548,28,550
2026-01-26 08:24:08,mistralai/Mistral-7B-Instruct-v0.3,MMLU_selected_subjects,isot_true_645,meani,0.551,28,550
2026-01-26 08:29:51,mistralai/Mistral-7B-Instruct-v0.3,MMLU_selected_subjects,isot_true_646,clean,0.544,28,561
2026-01-26 08:35:33,mistralai/Mistral-7B-Instruct-v0.3,MMLU_selected_subjects,isot_true_646,meani,0.549,28,561
2026-01-26 08:41:17,mistralai/Mistral-7B-Instruct-v0.3,MMLU_selected_subjects,isot_true_647,clean,0.556,28,527
2026-01-26 08:46:53,mistralai/Mistral-7B-Instruct-v0.3,MMLU_selected_subjects,isot_true_647,meani,0.55,28,527
2026-01-26 08:52:26,mistralai/Mistral-7B-Instruct-v0.3,MMLU_selected_subjects,isot_true_648,clean,0.549,28,327
2026-01-26 08:57:47,mistralai/Mistral-7B-Instruct-v0.3,MMLU_selected_subjects,isot_true_648,meani,0.555,28,327
2026-01-26 09:03:28,mistralai/Mistral-7B-Instruct-v0.3,MMLU_selected_subjects,isot_true_649,clean,0.555,28,572
2026-01-26 09:09:09,mistralai/Mistral-7B-Instruct-v0.3,MMLU_selected_subjects,isot_true_649,meani,0.548,28,572
2026-01-26 09:14:55,mistralai/Mistral-7B-Instruct-v0.3,MMLU_selected_subjects,isot_true_65,clean,0.545,28,665
2026-01-26 09:20:43,mistralai/Mistral-7B-Instruct-v0.3,MMLU_selected_subjects,isot_true_65,meani,0.555,28,665
2026-01-26 09:26:25,mistralai/Mistral-7B-Instruct-v0.3,MMLU_selected_subjects,isot_true_650,clean,0.556,28,548
2026-01-26 09:32:02,mistralai/Mistral-7B-Instruct-v0.3,MMLU_selected_subjects,isot_true_650,meani,0.556,28,548
2026-01-26 09:37:31,mistralai/Mistral-7B-Instruct-v0.3,MMLU_selected_subjects,isot_true_651,clean,0.561,28,335
2026-01-26 09:43:01,mistralai/Mistral-7B-Instruct-v0.3,MMLU_selected_subjects,isot_true_651,meani,0.561,28,335
2026-01-26 09:48:35,mistralai/Mistral-7B-Instruct-v0.3,MMLU_selected_subjects,isot_true_652,clean,0.542,28,440
2026-01-26 09:54:09,mistralai/Mistral-7B-Instruct-v0.3,MMLU_selected_subjects,isot_true_652,meani,0.557,28,440
2026-01-26 09:59:37,mistralai/Mistral-7B-Instruct-v0.3,MMLU_selected_subjects,isot_true_653,clean,0.557,28,388
2026-01-26 10:05:09,mistralai/Mistral-7B-Instruct-v0.3,MMLU_selected_subjects,isot_true_653,meani,0.552,28,388
2026-01-26 10:10:58,mistralai/Mistral-7B-Instruct-v0.3,MMLU_selected_subjects,isot_true_654,clean,0.536,28,693
2026-01-26 10:16:47,mistralai/Mistral-7B-Instruct-v0.3,MMLU_selected_subjects,isot_true_654,meani,0.547,28,693
2026-01-26 10:22:37,mistralai/Mistral-7B-Instruct-v0.3,MMLU_selected_subjects,isot_true_655,clean,0.556,28,619
2026-01-26 10:28:32,mistralai/Mistral-7B-Instruct-v0.3,MMLU_selected_subjects,isot_true_655,meani,0.548,28,619
2026-01-26 10:33:59,mistralai/Mistral-7B-Instruct-v0.3,MMLU_selected_subjects,isot_true_656,clean,0.548,28,347
2026-01-26 10:39:25,mistralai/Mistral-7B-Instruct-v0.3,MMLU_selected_subjects,isot_true_656,meani,0.548,28,347
2026-01-26 10:45:17,mistralai/Mistral-7B-Instruct-v0.3,MMLU_selected_subjects,isot_true_657,clean,0.547,28,683
2026-01-26 10:50:57,mistralai/Mistral-7B-Instruct-v0.3,MMLU_selected_subjects,isot_true_657,meani,0.555,28,683
2026-01-26 10:56:35,mistralai/Mistral-7B-Instruct-v0.3,MMLU_selected_subjects,isot_true_658,clean,0.543,28,422
2026-01-26 11:02:08,mistralai/Mistral-7B-Instruct-v0.3,MMLU_selected_subjects,isot_true_658,meani,0.552,28,422
2026-01-26 11:08:03,mistralai/Mistral-7B-Instruct-v0.3,MMLU_selected_subjects,isot_true_659,clean,0.55,28,625
2026-01-26 11:13:49,mistralai/Mistral-7B-Instruct-v0.3,MMLU_selected_subjects,isot_true_659,meani,0.546,28,625
2026-01-26 11:19:26,mistralai/Mistral-7B-Instruct-v0.3,MMLU_selected_subjects,isot_true_66,clean,0.541,28,475
2026-01-26 11:25:03,mistralai/Mistral-7B-Instruct-v0.3,MMLU_selected_subjects,isot_true_66,meani,0.539,28,475
2026-01-26 11:31:00,mistralai/Mistral-7B-Instruct-v0.3,MMLU_selected_subjects,isot_true_660,clean,0.551,28,791
2026-01-26 11:36:56,mistralai/Mistral-7B-Instruct-v0.3,MMLU_selected_subjects,isot_true_660,meani,0.554,28,791
2026-01-26 11:42:14,mistralai/Mistral-7B-Instruct-v0.3,MMLU_selected_subjects,isot_true_661,clean,0.551,28,302
2026-01-26 11:47:33,mistralai/Mistral-7B-Instruct-v0.3,MMLU_selected_subjects,isot_true_661,meani,0.548,28,302
2026-01-26 11:53:21,mistralai/Mistral-7B-Instruct-v0.3,MMLU_selected_subjects,isot_true_662,clean,0.53,28,593
2026-01-26 11:59:04,mistralai/Mistral-7B-Instruct-v0.3,MMLU_selected_subjects,isot_true_662,meani,0.544,28,593
2026-01-26 12:04:42,mistralai/Mistral-7B-Instruct-v0.3,MMLU_selected_subjects,isot_true_663,clean,0.545,28,559
2026-01-26 12:10:24,mistralai/Mistral-7B-Instruct-v0.3,MMLU_selected_subjects,isot_true_663,meani,0.551,28,559
2026-01-26 12:15:55,mistralai/Mistral-7B-Instruct-v0.3,MMLU_selected_subjects,isot_true_664,clean,0.549,28,452
2026-01-26 12:21:27,mistralai/Mistral-7B-Instruct-v0.3,MMLU_selected_subjects,isot_true_664,meani,0.554,28,452
2026-01-26 12:26:58,mistralai/Mistral-7B-Instruct-v0.3,MMLU_selected_subjects,isot_true_665,clean,0.54,28,434
2026-01-26 12:32:30,mistralai/Mistral-7B-Instruct-v0.3,MMLU_selected_subjects,isot_true_665,meani,0.538,28,434
2026-01-26 12:38:18,mistralai/Mistral-7B-Instruct-v0.3,MMLU_selected_subjects,isot_true_666,clean,0.544,28,545
2026-01-26 12:44:02,mistralai/Mistral-7B-Instruct-v0.3,MMLU_selected_subjects,isot_true_666,meani,0.544,28,545
2026-01-26 12:49:37,mistralai/Mistral-7B-Instruct-v0.3,MMLU_selected_subjects,isot_true_667,clean,0.547,28,482
2026-01-26 12:55:10,mistralai/Mistral-7B-Instruct-v0.3,MMLU_selected_subjects,isot_true_667,meani,0.559,28,482
2026-01-26 13:00:39,mistralai/Mistral-7B-Instruct-v0.3,MMLU_selected_subjects,isot_true_668,clean,0.549,28,369
2026-01-26 13:06:09,mistralai/Mistral-7B-Instruct-v0.3,MMLU_selected_subjects,isot_true_668,meani,0.544,28,369
2026-01-26 13:12:12,mistralai/Mistral-7B-Instruct-v0.3,MMLU_selected_subjects,isot_true_669,clean,0.545,28,782
2026-01-26 13:18:11,mistralai/Mistral-7B-Instruct-v0.3,MMLU_selected_subjects,isot_true_669,meani,0.563,28,782
2026-01-26 13:23:57,mistralai/Mistral-7B-Instruct-v0.3,MMLU_selected_subjects,isot_true_67,clean,0.552,28,568
2026-01-26 13:29:38,mistralai/Mistral-7B-Instruct-v0.3,MMLU_selected_subjects,isot_true_67,meani,0.549,28,568
2026-01-26 13:35:16,mistralai/Mistral-7B-Instruct-v0.3,MMLU_selected_subjects,isot_true_670,clean,0.536,28,520
2026-01-26 13:40:50,mistralai/Mistral-7B-Instruct-v0.3,MMLU_selected_subjects,isot_true_670,meani,0.541,28,520
2026-01-26 13:46:16,mistralai/Mistral-7B-Instruct-v0.3,MMLU_selected_subjects,isot_true_671,clean,0.542,28,336
2026-01-26 13:51:49,mistralai/Mistral-7B-Instruct-v0.3,MMLU_selected_subjects,isot_true_671,meani,0.535,28,336
2026-01-26 13:57:29,mistralai/Mistral-7B-Instruct-v0.3,MMLU_selected_subjects,isot_true_672,clean,0.531,28,498
2026-01-26 14:03:13,mistralai/Mistral-7B-Instruct-v0.3,MMLU_selected_subjects,isot_true_672,meani,0.549,28,498
2026-01-26 14:08:43,mistralai/Mistral-7B-Instruct-v0.3,MMLU_selected_subjects,isot_true_673,clean,0.545,28,395
2026-01-26 14:14:09,mistralai/Mistral-7B-Instruct-v0.3,MMLU_selected_subjects,isot_true_673,meani,0.556,28,395
2026-01-26 14:20:01,mistralai/Mistral-7B-Instruct-v0.3,MMLU_selected_subjects,isot_true_674,clean,0.545,28,652
2026-01-26 14:25:48,mistralai/Mistral-7B-Instruct-v0.3,MMLU_selected_subjects,isot_true_674,meani,0.556,28,652
2026-01-26 14:31:12,mistralai/Mistral-7B-Instruct-v0.3,MMLU_selected_subjects,isot_true_675,clean,0.539,28,318
2026-01-26 14:36:36,mistralai/Mistral-7B-Instruct-v0.3,MMLU_selected_subjects,isot_true_675,meani,0.561,28,318
2026-01-26 14:42:00,mistralai/Mistral-7B-Instruct-v0.3,MMLU_selected_subjects,isot_true_676,clean,0.542,28,361
2026-01-26 14:47:25,mistralai/Mistral-7B-Instruct-v0.3,MMLU_selected_subjects,isot_true_676,meani,0.554,28,361
2026-01-26 14:53:03,mistralai/Mistral-7B-Instruct-v0.3,MMLU_selected_subjects,isot_true_677,clean,0.552,28,506
2026-01-26 14:58:39,mistralai/Mistral-7B-Instruct-v0.3,MMLU_selected_subjects,isot_true_677,meani,0.546,28,506
2026-01-26 15:04:33,mistralai/Mistral-7B-Instruct-v0.3,MMLU_selected_subjects,isot_true_678,clean,0.546,28,596
2026-01-26 15:10:21,mistralai/Mistral-7B-Instruct-v0.3,MMLU_selected_subjects,isot_true_678,meani,0.548,28,596
2026-01-26 15:15:43,mistralai/Mistral-7B-Instruct-v0.3,MMLU_selected_subjects,isot_true_679,clean,0.535,28,337
2026-01-26 15:21:03,mistralai/Mistral-7B-Instruct-v0.3,MMLU_selected_subjects,isot_true_679,meani,0.547,28,337
2026-01-26 15:26:29,mistralai/Mistral-7B-Instruct-v0.3,MMLU_selected_subjects,isot_true_68,clean,0.546,28,346
2026-01-26 15:31:56,mistralai/Mistral-7B-Instruct-v0.3,MMLU_selected_subjects,isot_true_68,meani,0.541,28,346
2026-01-26 15:37:39,mistralai/Mistral-7B-Instruct-v0.3,MMLU_selected_subjects,isot_true_680,clean,0.548,28,580
2026-01-26 15:43:25,mistralai/Mistral-7B-Instruct-v0.3,MMLU_selected_subjects,isot_true_680,meani,0.56,28,580
2026-01-26 15:49:06,mistralai/Mistral-7B-Instruct-v0.3,MMLU_selected_subjects,isot_true_681,clean,0.548,28,550
2026-01-26 15:54:47,mistralai/Mistral-7B-Instruct-v0.3,MMLU_selected_subjects,isot_true_681,meani,0.54,28,550
2026-01-26 16:00:19,mistralai/Mistral-7B-Instruct-v0.3,MMLU_selected_subjects,isot_true_682,clean,0.555,28,410
2026-01-26 16:05:47,mistralai/Mistral-7B-Instruct-v0.3,MMLU_selected_subjects,isot_true_682,meani,0.545,28,410
2026-01-26 16:11:12,mistralai/Mistral-7B-Instruct-v0.3,MMLU_selected_subjects,isot_true_683,clean,0.537,28,338
2026-01-26 16:16:38,mistralai/Mistral-7B-Instruct-v0.3,MMLU_selected_subjects,isot_true_683,meani,0.546,28,338
2026-01-26 16:22:15,mistralai/Mistral-7B-Instruct-v0.3,MMLU_selected_subjects,isot_true_684,clean,0.541,28,497
2026-01-26 16:27:52,mistralai/Mistral-7B-Instruct-v0.3,MMLU_selected_subjects,isot_true_684,meani,0.553,28,497
2026-01-26 16:33:27,mistralai/Mistral-7B-Instruct-v0.3,MMLU_selected_subjects,isot_true_685,clean,0.544,28,451
2026-01-26 16:39:08,mistralai/Mistral-7B-Instruct-v0.3,MMLU_selected_subjects,isot_true_685,meani,0.55,28,451
2026-01-26 16:45:14,mistralai/Mistral-7B-Instruct-v0.3,MMLU_selected_subjects,isot_true_686,clean,0.552,28,656
2026-01-26 16:51:16,mistralai/Mistral-7B-Instruct-v0.3,MMLU_selected_subjects,isot_true_686,meani,0.54,28,656
2026-01-26 16:56:36,mistralai/Mistral-7B-Instruct-v0.3,MMLU_selected_subjects,isot_true_687,clean,0.548,28,262
2026-01-26 17:02:00,mistralai/Mistral-7B-Instruct-v0.3,MMLU_selected_subjects,isot_true_687,meani,0.545,28,262
2026-01-26 17:07:41,mistralai/Mistral-7B-Instruct-v0.3,MMLU_selected_subjects,isot_true_688,clean,0.549,28,480
2026-01-26 17:13:19,mistralai/Mistral-7B-Instruct-v0.3,MMLU_selected_subjects,isot_true_688,meani,0.548,28,480
2026-01-26 17:18:51,mistralai/Mistral-7B-Instruct-v0.3,MMLU_selected_subjects,isot_true_689,clean,0.538,28,466
2026-01-26 17:24:20,mistralai/Mistral-7B-Instruct-v0.3,MMLU_selected_subjects,isot_true_689,meani,0.552,28,466
2026-01-26 17:30:16,mistralai/Mistral-7B-Instruct-v0.3,MMLU_selected_subjects,isot_true_69,clean,0.548,28,724
2026-01-26 17:36:08,mistralai/Mistral-7B-Instruct-v0.3,MMLU_selected_subjects,isot_true_69,meani,0.55,28,724
2026-01-26 17:41:43,mistralai/Mistral-7B-Instruct-v0.3,MMLU_selected_subjects,isot_true_690,clean,0.554,28,480
2026-01-26 17:47:20,mistralai/Mistral-7B-Instruct-v0.3,MMLU_selected_subjects,isot_true_690,meani,0.548,28,480
2026-01-26 17:53:09,mistralai/Mistral-7B-Instruct-v0.3,MMLU_selected_subjects,isot_true_691,clean,0.55,28,643
2026-01-26 17:58:59,mistralai/Mistral-7B-Instruct-v0.3,MMLU_selected_subjects,isot_true_691,meani,0.543,28,643
2026-01-26 18:04:37,mistralai/Mistral-7B-Instruct-v0.3,MMLU_selected_subjects,isot_true_692,clean,0.553,28,536
2026-01-26 18:10:17,mistralai/Mistral-7B-Instruct-v0.3,MMLU_selected_subjects,isot_true_692,meani,0.549,28,536
2026-01-26 18:16:01,mistralai/Mistral-7B-Instruct-v0.3,MMLU_selected_subjects,isot_true_693,clean,0.537,28,635
2026-01-26 18:21:42,mistralai/Mistral-7B-Instruct-v0.3,MMLU_selected_subjects,isot_true_693,meani,0.536,28,635
2026-01-26 18:27:32,mistralai/Mistral-7B-Instruct-v0.3,MMLU_selected_subjects,isot_true_694,clean,0.541,28,610
2026-01-26 18:33:16,mistralai/Mistral-7B-Instruct-v0.3,MMLU_selected_subjects,isot_true_694,meani,0.547,28,610
2026-01-26 18:38:54,mistralai/Mistral-7B-Instruct-v0.3,MMLU_selected_subjects,isot_true_695,clean,0.544,28,446
2026-01-26 18:44:28,mistralai/Mistral-7B-Instruct-v0.3,MMLU_selected_subjects,isot_true_695,meani,0.555,28,446
2026-01-26 18:49:52,mistralai/Mistral-7B-Instruct-v0.3,MMLU_selected_subjects,isot_true_696,clean,0.557,28,337
2026-01-26 18:55:14,mistralai/Mistral-7B-Instruct-v0.3,MMLU_selected_subjects,isot_true_696,meani,0.539,28,337
2026-01-26 19:00:52,mistralai/Mistral-7B-Instruct-v0.3,MMLU_selected_subjects,isot_true_697,clean,0.539,28,446
2026-01-26 19:06:25,mistralai/Mistral-7B-Instruct-v0.3,MMLU_selected_subjects,isot_true_697,meani,0.545,28,446
2026-01-26 19:12:05,mistralai/Mistral-7B-Instruct-v0.3,MMLU_selected_subjects,isot_true_698,clean,0.546,28,628
2026-01-26 19:17:51,mistralai/Mistral-7B-Instruct-v0.3,MMLU_selected_subjects,isot_true_698,meani,0.549,28,628
2026-01-26 19:23:21,mistralai/Mistral-7B-Instruct-v0.3,MMLU_selected_subjects,isot_true_699,clean,0.545,28,399
2026-01-26 19:28:47,mistralai/Mistral-7B-Instruct-v0.3,MMLU_selected_subjects,isot_true_699,meani,0.551,28,399
2026-01-26 19:34:24,mistralai/Mistral-7B-Instruct-v0.3,MMLU_selected_subjects,isot_true_7,clean,0.549,28,395
2026-01-26 19:39:53,mistralai/Mistral-7B-Instruct-v0.3,MMLU_selected_subjects,isot_true_7,meani,0.548,28,395
2026-01-26 19:45:25,mistralai/Mistral-7B-Instruct-v0.3,MMLU_selected_subjects,isot_true_70,clean,0.534,28,458
2026-01-26 19:50:53,mistralai/Mistral-7B-Instruct-v0.3,MMLU_selected_subjects,isot_true_70,meani,0.541,28,458
2026-01-26 19:56:37,mistralai/Mistral-7B-Instruct-v0.3,MMLU_selected_subjects,isot_true_700,clean,0.554,28,640
2026-01-26 20:02:21,mistralai/Mistral-7B-Instruct-v0.3,MMLU_selected_subjects,isot_true_700,meani,0.553,28,640
2026-01-26 20:07:52,mistralai/Mistral-7B-Instruct-v0.3,MMLU_selected_subjects,isot_true_701,clean,0.553,28,537
2026-01-26 20:13:23,mistralai/Mistral-7B-Instruct-v0.3,MMLU_selected_subjects,isot_true_701,meani,0.559,28,537
2026-01-26 20:19:08,mistralai/Mistral-7B-Instruct-v0.3,MMLU_selected_subjects,isot_true_702,clean,0.545,28,690
2026-01-26 20:25:06,mistralai/Mistral-7B-Instruct-v0.3,MMLU_selected_subjects,isot_true_702,meani,0.555,28,690
2026-01-26 20:30:53,mistralai/Mistral-7B-Instruct-v0.3,MMLU_selected_subjects,isot_true_703,clean,0.562,28,656
2026-01-26 20:36:41,mistralai/Mistral-7B-Instruct-v0.3,MMLU_selected_subjects,isot_true_703,meani,0.555,28,656
2026-01-26 20:42:30,mistralai/Mistral-7B-Instruct-v0.3,MMLU_selected_subjects,isot_true_704,clean,0.559,28,713
2026-01-26 20:48:16,mistralai/Mistral-7B-Instruct-v0.3,MMLU_selected_subjects,isot_true_704,meani,0.555,28,713
2026-01-26 20:54:04,mistralai/Mistral-7B-Instruct-v0.3,MMLU_selected_subjects,isot_true_705,clean,0.541,28,783
2026-01-26 20:59:54,mistralai/Mistral-7B-Instruct-v0.3,MMLU_selected_subjects,isot_true_705,meani,0.55,28,783
2026-01-26 21:05:17,mistralai/Mistral-7B-Instruct-v0.3,MMLU_selected_subjects,isot_true_706,clean,0.545,28,433
2026-01-26 21:10:42,mistralai/Mistral-7B-Instruct-v0.3,MMLU_selected_subjects,isot_true_706,meani,0.553,28,433
2026-01-26 21:16:18,mistralai/Mistral-7B-Instruct-v0.3,MMLU_selected_subjects,isot_true_707,clean,0.548,28,504
2026-01-26 21:21:48,mistralai/Mistral-7B-Instruct-v0.3,MMLU_selected_subjects,isot_true_707,meani,0.556,28,504
2026-01-26 21:27:18,mistralai/Mistral-7B-Instruct-v0.3,MMLU_selected_subjects,isot_true_708,clean,0.557,28,492
2026-01-26 21:32:48,mistralai/Mistral-7B-Instruct-v0.3,MMLU_selected_subjects,isot_true_708,meani,0.552,28,492
2026-01-26 21:38:46,mistralai/Mistral-7B-Instruct-v0.3,MMLU_selected_subjects,isot_true_709,clean,0.542,28,702
2026-01-26 21:44:34,mistralai/Mistral-7B-Instruct-v0.3,MMLU_selected_subjects,isot_true_709,meani,0.549,28,702
2026-01-26 21:50:20,mistralai/Mistral-7B-Instruct-v0.3,MMLU_selected_subjects,isot_true_71,clean,0.543,28,615
2026-01-26 21:56:03,mistralai/Mistral-7B-Instruct-v0.3,MMLU_selected_subjects,isot_true_71,meani,0.544,28,615
2026-01-26 22:01:23,mistralai/Mistral-7B-Instruct-v0.3,MMLU_selected_subjects,isot_true_710,clean,0.553,28,344
2026-01-26 22:06:48,mistralai/Mistral-7B-Instruct-v0.3,MMLU_selected_subjects,isot_true_710,meani,0.551,28,344
2026-01-26 22:12:27,mistralai/Mistral-7B-Instruct-v0.3,MMLU_selected_subjects,isot_true_711,clean,0.544,28,575
2026-01-26 22:18:02,mistralai/Mistral-7B-Instruct-v0.3,MMLU_selected_subjects,isot_true_711,meani,0.542,28,575
2026-01-26 22:23:42,mistralai/Mistral-7B-Instruct-v0.3,MMLU_selected_subjects,isot_true_712,clean,0.55,28,633
2026-01-26 22:29:20,mistralai/Mistral-7B-Instruct-v0.3,MMLU_selected_subjects,isot_true_712,meani,0.552,28,633
2026-01-26 22:34:54,mistralai/Mistral-7B-Instruct-v0.3,MMLU_selected_subjects,isot_true_713,clean,0.554,28,550
2026-01-26 22:40:30,mistralai/Mistral-7B-Instruct-v0.3,MMLU_selected_subjects,isot_true_713,meani,0.55,28,550
2026-01-26 22:46:01,mistralai/Mistral-7B-Instruct-v0.3,MMLU_selected_subjects,isot_true_714,clean,0.544,28,398
2026-01-26 22:51:36,mistralai/Mistral-7B-Instruct-v0.3,MMLU_selected_subjects,isot_true_714,meani,0.553,28,398
2026-01-26 22:57:14,mistralai/Mistral-7B-Instruct-v0.3,MMLU_selected_subjects,isot_true_715,clean,0.542,28,564
2026-01-26 23:02:54,mistralai/Mistral-7B-Instruct-v0.3,MMLU_selected_subjects,isot_true_715,meani,0.547,28,564
2026-01-26 23:08:30,mistralai/Mistral-7B-Instruct-v0.3,MMLU_selected_subjects,isot_true_716,clean,0.538,28,460
2026-01-26 23:14:09,mistralai/Mistral-7B-Instruct-v0.3,MMLU_selected_subjects,isot_true_716,meani,0.542,28,460
2026-01-26 23:19:45,mistralai/Mistral-7B-Instruct-v0.3,MMLU_selected_subjects,isot_true_717,clean,0.54,28,524
2026-01-26 23:25:17,mistralai/Mistral-7B-Instruct-v0.3,MMLU_selected_subjects,isot_true_717,meani,0.556,28,524
2026-01-26 23:31:14,mistralai/Mistral-7B-Instruct-v0.3,MMLU_selected_subjects,isot_true_718,clean,0.548,28,601
2026-01-26 23:37:01,mistralai/Mistral-7B-Instruct-v0.3,MMLU_selected_subjects,isot_true_718,meani,0.542,28,601
2026-01-26 23:42:52,mistralai/Mistral-7B-Instruct-v0.3,MMLU_selected_subjects,isot_true_719,clean,0.553,28,731
2026-01-26 23:48:41,mistralai/Mistral-7B-Instruct-v0.3,MMLU_selected_subjects,isot_true_719,meani,0.56,28,731
2026-01-26 23:54:28,mistralai/Mistral-7B-Instruct-v0.3,MMLU_selected_subjects,isot_true_72,clean,0.551,28,628
2026-01-27 00:00:14,mistralai/Mistral-7B-Instruct-v0.3,MMLU_selected_subjects,isot_true_72,meani,0.553,28,628
2026-01-27 00:06:04,mistralai/Mistral-7B-Instruct-v0.3,MMLU_selected_subjects,isot_true_720,clean,0.546,28,607
2026-01-27 00:11:49,mistralai/Mistral-7B-Instruct-v0.3,MMLU_selected_subjects,isot_true_720,meani,0.551,28,607
2026-01-27 00:17:40,mistralai/Mistral-7B-Instruct-v0.3,MMLU_selected_subjects,isot_true_721,clean,0.55,28,669
2026-01-27 00:23:33,mistralai/Mistral-7B-Instruct-v0.3,MMLU_selected_subjects,isot_true_721,meani,0.558,28,669
2026-01-27 00:29:18,mistralai/Mistral-7B-Instruct-v0.3,MMLU_selected_subjects,isot_true_722,clean,0.541,28,501
2026-01-27 00:34:56,mistralai/Mistral-7B-Instruct-v0.3,MMLU_selected_subjects,isot_true_722,meani,0.542,28,501
2026-01-27 00:40:41,mistralai/Mistral-7B-Instruct-v0.3,MMLU_selected_subjects,isot_true_723,clean,0.55,28,502
2026-01-27 00:46:24,mistralai/Mistral-7B-Instruct-v0.3,MMLU_selected_subjects,isot_true_723,meani,0.553,28,502
2026-01-27 00:52:18,mistralai/Mistral-7B-Instruct-v0.3,MMLU_selected_subjects,isot_true_724,clean,0.537,28,687
2026-01-27 00:58:09,mistralai/Mistral-7B-Instruct-v0.3,MMLU_selected_subjects,isot_true_724,meani,0.545,28,687
2026-01-27 01:03:51,mistralai/Mistral-7B-Instruct-v0.3,MMLU_selected_subjects,isot_true_725,clean,0.561,28,625
2026-01-27 01:09:34,mistralai/Mistral-7B-Instruct-v0.3,MMLU_selected_subjects,isot_true_725,meani,0.547,28,625
2026-01-27 01:15:07,mistralai/Mistral-7B-Instruct-v0.3,MMLU_selected_subjects,isot_true_726,clean,0.55,28,427
2026-01-27 01:20:42,mistralai/Mistral-7B-Instruct-v0.3,MMLU_selected_subjects,isot_true_726,meani,0.563,28,427
2026-01-27 01:26:38,mistralai/Mistral-7B-Instruct-v0.3,MMLU_selected_subjects,isot_true_727,clean,0.546,28,792
2026-01-27 01:32:34,mistralai/Mistral-7B-Instruct-v0.3,MMLU_selected_subjects,isot_true_727,meani,0.553,28,792
2026-01-27 01:38:00,mistralai/Mistral-7B-Instruct-v0.3,MMLU_selected_subjects,isot_true_728,clean,0.553,28,268
2026-01-27 01:43:24,mistralai/Mistral-7B-Instruct-v0.3,MMLU_selected_subjects,isot_true_728,meani,0.556,28,268
2026-01-27 01:48:55,mistralai/Mistral-7B-Instruct-v0.3,MMLU_selected_subjects,isot_true_729,clean,0.546,28,474
2026-01-27 01:54:25,mistralai/Mistral-7B-Instruct-v0.3,MMLU_selected_subjects,isot_true_729,meani,0.556,28,474
2026-01-27 02:00:03,mistralai/Mistral-7B-Instruct-v0.3,MMLU_selected_subjects,isot_true_73,clean,0.551,28,457
2026-01-27 02:05:39,mistralai/Mistral-7B-Instruct-v0.3,MMLU_selected_subjects,isot_true_73,meani,0.551,28,457
2026-01-27 02:11:12,mistralai/Mistral-7B-Instruct-v0.3,MMLU_selected_subjects,isot_true_730,clean,0.553,28,522
2026-01-27 02:16:45,mistralai/Mistral-7B-Instruct-v0.3,MMLU_selected_subjects,isot_true_730,meani,0.546,28,522
2026-01-27 02:22:18,mistralai/Mistral-7B-Instruct-v0.3,MMLU_selected_subjects,isot_true_731,clean,0.555,28,468
2026-01-27 02:27:53,mistralai/Mistral-7B-Instruct-v0.3,MMLU_selected_subjects,isot_true_731,meani,0.546,28,468
2026-01-27 02:33:29,mistralai/Mistral-7B-Instruct-v0.3,MMLU_selected_subjects,isot_true_732,clean,0.558,28,472
2026-01-27 02:38:58,mistralai/Mistral-7B-Instruct-v0.3,MMLU_selected_subjects,isot_true_732,meani,0.549,28,472
2026-01-27 02:44:35,mistralai/Mistral-7B-Instruct-v0.3,MMLU_selected_subjects,isot_true_733,clean,0.544,28,525
2026-01-27 02:50:08,mistralai/Mistral-7B-Instruct-v0.3,MMLU_selected_subjects,isot_true_733,meani,0.561,28,525
2026-01-27 02:55:57,mistralai/Mistral-7B-Instruct-v0.3,MMLU_selected_subjects,isot_true_734,clean,0.541,28,672
2026-01-27 03:01:43,mistralai/Mistral-7B-Instruct-v0.3,MMLU_selected_subjects,isot_true_734,meani,0.541,28,672
2026-01-27 03:07:12,mistralai/Mistral-7B-Instruct-v0.3,MMLU_selected_subjects,isot_true_735,clean,0.558,28,380
2026-01-27 03:12:38,mistralai/Mistral-7B-Instruct-v0.3,MMLU_selected_subjects,isot_true_735,meani,0.558,28,380
2026-01-27 03:17:57,mistralai/Mistral-7B-Instruct-v0.3,MMLU_selected_subjects,isot_true_736,clean,0.546,28,297
2026-01-27 03:23:16,mistralai/Mistral-7B-Instruct-v0.3,MMLU_selected_subjects,isot_true_736,meani,0.549,28,297
2026-01-27 03:29:07,mistralai/Mistral-7B-Instruct-v0.3,MMLU_selected_subjects,isot_true_737,clean,0.553,28,656
2026-01-27 03:34:58,mistralai/Mistral-7B-Instruct-v0.3,MMLU_selected_subjects,isot_true_737,meani,0.54,28,656
2026-01-27 03:40:29,mistralai/Mistral-7B-Instruct-v0.3,MMLU_selected_subjects,isot_true_738,clean,0.547,28,424
2026-01-27 03:45:57,mistralai/Mistral-7B-Instruct-v0.3,MMLU_selected_subjects,isot_true_738,meani,0.553,28,424
2026-01-27 03:51:51,mistralai/Mistral-7B-Instruct-v0.3,MMLU_selected_subjects,isot_true_739,clean,0.543,28,611
2026-01-27 03:57:37,mistralai/Mistral-7B-Instruct-v0.3,MMLU_selected_subjects,isot_true_739,meani,0.539,28,611
2026-01-27 04:02:54,mistralai/Mistral-7B-Instruct-v0.3,MMLU_selected_subjects,isot_true_74,clean,0.553,28,226
2026-01-27 04:08:11,mistralai/Mistral-7B-Instruct-v0.3,MMLU_selected_subjects,isot_true_74,meani,0.546,28,226
2026-01-27 04:13:42,mistralai/Mistral-7B-Instruct-v0.3,MMLU_selected_subjects,isot_true_740,clean,0.551,28,401
2026-01-27 04:19:06,mistralai/Mistral-7B-Instruct-v0.3,MMLU_selected_subjects,isot_true_740,meani,0.548,28,401
2026-01-27 04:24:53,mistralai/Mistral-7B-Instruct-v0.3,MMLU_selected_subjects,isot_true_741,clean,0.556,28,625
2026-01-27 04:30:40,mistralai/Mistral-7B-Instruct-v0.3,MMLU_selected_subjects,isot_true_741,meani,0.546,28,625
2026-01-27 04:36:19,mistralai/Mistral-7B-Instruct-v0.3,MMLU_selected_subjects,isot_true_742,clean,0.545,28,457
2026-01-27 04:41:55,mistralai/Mistral-7B-Instruct-v0.3,MMLU_selected_subjects,isot_true_742,meani,0.56,28,457
2026-01-27 04:47:24,mistralai/Mistral-7B-Instruct-v0.3,MMLU_selected_subjects,isot_true_743,clean,0.558,28,446
2026-01-27 04:52:51,mistralai/Mistral-7B-Instruct-v0.3,MMLU_selected_subjects,isot_true_743,meani,0.56,28,446
2026-01-27 04:58:17,mistralai/Mistral-7B-Instruct-v0.3,MMLU_selected_subjects,isot_true_744,clean,0.557,28,316
2026-01-27 05:03:44,mistralai/Mistral-7B-Instruct-v0.3,MMLU_selected_subjects,isot_true_744,meani,0.548,28,316
2026-01-27 05:09:21,mistralai/Mistral-7B-Instruct-v0.3,MMLU_selected_subjects,isot_true_745,clean,0.54,28,521
2026-01-27 05:14:58,mistralai/Mistral-7B-Instruct-v0.3,MMLU_selected_subjects,isot_true_745,meani,0.555,28,521
2026-01-27 05:20:54,mistralai/Mistral-7B-Instruct-v0.3,MMLU_selected_subjects,isot_true_746,clean,0.554,28,718
2026-01-27 05:26:47,mistralai/Mistral-7B-Instruct-v0.3,MMLU_selected_subjects,isot_true_746,meani,0.552,28,718
2026-01-27 05:32:09,mistralai/Mistral-7B-Instruct-v0.3,MMLU_selected_subjects,isot_true_747,clean,0.538,28,214
2026-01-27 05:37:24,mistralai/Mistral-7B-Instruct-v0.3,MMLU_selected_subjects,isot_true_747,meani,0.552,28,214
2026-01-27 05:42:55,mistralai/Mistral-7B-Instruct-v0.3,MMLU_selected_subjects,isot_true_748,clean,0.552,28,440
2026-01-27 05:48:24,mistralai/Mistral-7B-Instruct-v0.3,MMLU_selected_subjects,isot_true_748,meani,0.555,28,440
2026-01-27 05:53:49,mistralai/Mistral-7B-Instruct-v0.3,MMLU_selected_subjects,isot_true_749,clean,0.54,28,298
2026-01-27 05:59:14,mistralai/Mistral-7B-Instruct-v0.3,MMLU_selected_subjects,isot_true_749,meani,0.546,28,298
2026-01-27 06:05:06,mistralai/Mistral-7B-Instruct-v0.3,MMLU_selected_subjects,isot_true_75,clean,0.543,28,651
2026-01-27 06:10:49,mistralai/Mistral-7B-Instruct-v0.3,MMLU_selected_subjects,isot_true_75,meani,0.543,28,651
2026-01-27 06:16:44,mistralai/Mistral-7B-Instruct-v0.3,MMLU_selected_subjects,isot_true_750,clean,0.544,28,661
2026-01-27 06:22:38,mistralai/Mistral-7B-Instruct-v0.3,MMLU_selected_subjects,isot_true_750,meani,0.55,28,661
2026-01-27 06:28:28,mistralai/Mistral-7B-Instruct-v0.3,MMLU_selected_subjects,isot_true_751,clean,0.544,28,555
2026-01-27 06:34:16,mistralai/Mistral-7B-Instruct-v0.3,MMLU_selected_subjects,isot_true_751,meani,0.548,28,555
2026-01-27 06:39:45,mistralai/Mistral-7B-Instruct-v0.3,MMLU_selected_subjects,isot_true_752,clean,0.545,28,420
2026-01-27 06:45:15,mistralai/Mistral-7B-Instruct-v0.3,MMLU_selected_subjects,isot_true_752,meani,0.548,28,420
2026-01-27 06:50:40,mistralai/Mistral-7B-Instruct-v0.3,MMLU_selected_subjects,isot_true_753,clean,0.539,28,390
2026-01-27 06:56:07,mistralai/Mistral-7B-Instruct-v0.3,MMLU_selected_subjects,isot_true_753,meani,0.547,28,390
2026-01-27 07:01:49,mistralai/Mistral-7B-Instruct-v0.3,MMLU_selected_subjects,isot_true_754,clean,0.552,28,538
2026-01-27 07:07:28,mistralai/Mistral-7B-Instruct-v0.3,MMLU_selected_subjects,isot_true_754,meani,0.546,28,538
2026-01-27 07:12:57,mistralai/Mistral-7B-Instruct-v0.3,MMLU_selected_subjects,isot_true_755,clean,0.541,28,438
2026-01-27 07:18:26,mistralai/Mistral-7B-Instruct-v0.3,MMLU_selected_subjects,isot_true_755,meani,0.547,28,438
2026-01-27 07:24:18,mistralai/Mistral-7B-Instruct-v0.3,MMLU_selected_subjects,isot_true_756,clean,0.55,28,694
2026-01-27 07:30:03,mistralai/Mistral-7B-Instruct-v0.3,MMLU_selected_subjects,isot_true_756,meani,0.539,28,694
2026-01-27 07:35:43,mistralai/Mistral-7B-Instruct-v0.3,MMLU_selected_subjects,isot_true_757,clean,0.548,28,565
2026-01-27 07:41:19,mistralai/Mistral-7B-Instruct-v0.3,MMLU_selected_subjects,isot_true_757,meani,0.546,28,565
2026-01-27 07:46:53,mistralai/Mistral-7B-Instruct-v0.3,MMLU_selected_subjects,isot_true_758,clean,0.548,28,506
2026-01-27 07:52:30,mistralai/Mistral-7B-Instruct-v0.3,MMLU_selected_subjects,isot_true_758,meani,0.544,28,506
2026-01-27 07:58:36,mistralai/Mistral-7B-Instruct-v0.3,MMLU_selected_subjects,isot_true_759,clean,0.539,28,785
2026-01-27 08:04:52,mistralai/Mistral-7B-Instruct-v0.3,MMLU_selected_subjects,isot_true_759,meani,0.544,28,785
2026-01-27 08:10:56,mistralai/Mistral-7B-Instruct-v0.3,MMLU_selected_subjects,isot_true_76,clean,0.543,28,762
2026-01-27 08:17:01,mistralai/Mistral-7B-Instruct-v0.3,MMLU_selected_subjects,isot_true_76,meani,0.553,28,762
2026-01-27 08:22:22,mistralai/Mistral-7B-Instruct-v0.3,MMLU_selected_subjects,isot_true_760,clean,0.539,28,300
2026-01-27 08:27:41,mistralai/Mistral-7B-Instruct-v0.3,MMLU_selected_subjects,isot_true_760,meani,0.54,28,300
2026-01-27 08:33:24,mistralai/Mistral-7B-Instruct-v0.3,MMLU_selected_subjects,isot_true_761,clean,0.546,28,520
2026-01-27 08:39:10,mistralai/Mistral-7B-Instruct-v0.3,MMLU_selected_subjects,isot_true_761,meani,0.543,28,520
2026-01-27 08:44:50,mistralai/Mistral-7B-Instruct-v0.3,MMLU_selected_subjects,isot_true_762,clean,0.549,28,588
2026-01-27 08:52:19,mistralai/Mistral-7B-Instruct-v0.3,MMLU_selected_subjects,isot_true_762,meani,0.562,28,588
2026-01-27 09:01:02,mistralai/Mistral-7B-Instruct-v0.3,MMLU_selected_subjects,isot_true_763,clean,0.55,28,460
2026-01-27 09:07:13,mistralai/Mistral-7B-Instruct-v0.3,MMLU_selected_subjects,isot_true_763,meani,0.549,28,460
2026-01-27 09:13:05,mistralai/Mistral-7B-Instruct-v0.3,MMLU_selected_subjects,isot_true_764,clean,0.544,28,644
2026-01-27 09:18:56,mistralai/Mistral-7B-Instruct-v0.3,MMLU_selected_subjects,isot_true_764,meani,0.558,28,644
2026-01-27 09:24:27,mistralai/Mistral-7B-Instruct-v0.3,MMLU_selected_subjects,isot_true_765,clean,0.557,28,388
2026-01-27 09:29:55,mistralai/Mistral-7B-Instruct-v0.3,MMLU_selected_subjects,isot_true_765,meani,0.549,28,388
2026-01-27 09:35:27,mistralai/Mistral-7B-Instruct-v0.3,MMLU_selected_subjects,isot_true_766,clean,0.546,28,446
2026-01-27 09:40:56,mistralai/Mistral-7B-Instruct-v0.3,MMLU_selected_subjects,isot_true_766,meani,0.549,28,446
2026-01-27 09:46:27,mistralai/Mistral-7B-Instruct-v0.3,MMLU_selected_subjects,isot_true_767,clean,0.553,28,426
2026-01-27 09:51:57,mistralai/Mistral-7B-Instruct-v0.3,MMLU_selected_subjects,isot_true_767,meani,0.547,28,426
2026-01-27 09:57:29,mistralai/Mistral-7B-Instruct-v0.3,MMLU_selected_subjects,isot_true_768,clean,0.55,28,452
2026-01-27 10:04:02,mistralai/Mistral-7B-Instruct-v0.3,MMLU_selected_subjects,isot_true_768,meani,0.546,28,452
2026-01-27 10:13:53,mistralai/Mistral-7B-Instruct-v0.3,MMLU_selected_subjects,isot_true_769,clean,0.537,28,729
2026-01-27 10:20:38,mistralai/Mistral-7B-Instruct-v0.3,MMLU_selected_subjects,isot_true_769,meani,0.544,28,729
2026-01-27 10:26:18,mistralai/Mistral-7B-Instruct-v0.3,MMLU_selected_subjects,isot_true_77,clean,0.544,28,520
2026-01-27 10:32:05,mistralai/Mistral-7B-Instruct-v0.3,MMLU_selected_subjects,isot_true_77,meani,0.545,28,520
2026-01-27 10:37:45,mistralai/Mistral-7B-Instruct-v0.3,MMLU_selected_subjects,isot_true_770,clean,0.549,28,441
2026-01-27 10:43:28,mistralai/Mistral-7B-Instruct-v0.3,MMLU_selected_subjects,isot_true_770,meani,0.553,28,441
2026-01-27 10:49:22,mistralai/Mistral-7B-Instruct-v0.3,MMLU_selected_subjects,isot_true_771,clean,0.54,28,584
2026-01-27 10:55:12,mistralai/Mistral-7B-Instruct-v0.3,MMLU_selected_subjects,isot_true_771,meani,0.55,28,584
2026-01-27 11:01:01,mistralai/Mistral-7B-Instruct-v0.3,MMLU_selected_subjects,isot_true_772,clean,0.554,28,642
2026-01-27 11:06:49,mistralai/Mistral-7B-Instruct-v0.3,MMLU_selected_subjects,isot_true_772,meani,0.545,28,642
2026-01-27 11:12:31,mistralai/Mistral-7B-Instruct-v0.3,MMLU_selected_subjects,isot_true_773,clean,0.558,28,468
2026-01-27 11:18:10,mistralai/Mistral-7B-Instruct-v0.3,MMLU_selected_subjects,isot_true_773,meani,0.553,28,468
2026-01-27 11:24:41,mistralai/Mistral-7B-Instruct-v0.3,MMLU_selected_subjects,isot_true_774,clean,0.552,28,560
2026-01-27 11:34:25,mistralai/Mistral-7B-Instruct-v0.3,MMLU_selected_subjects,isot_true_774,meani,0.55,28,560
2026-01-27 11:44:10,mistralai/Mistral-7B-Instruct-v0.3,MMLU_selected_subjects,isot_true_775,clean,0.541,28,693
2026-01-27 11:53:41,mistralai/Mistral-7B-Instruct-v0.3,MMLU_selected_subjects,isot_true_775,meani,0.556,28,693
2026-01-27 12:03:18,mistralai/Mistral-7B-Instruct-v0.3,MMLU_selected_subjects,isot_true_776,clean,0.559,28,498
2026-01-27 12:13:14,mistralai/Mistral-7B-Instruct-v0.3,MMLU_selected_subjects,isot_true_776,meani,0.541,28,498
2026-01-27 12:22:59,mistralai/Mistral-7B-Instruct-v0.3,MMLU_selected_subjects,isot_true_777,clean,0.54,28,544
2026-01-27 12:32:39,mistralai/Mistral-7B-Instruct-v0.3,MMLU_selected_subjects,isot_true_777,meani,0.544,28,544
2026-01-27 12:38:12,mistralai/Mistral-7B-Instruct-v0.3,MMLU_selected_subjects,isot_true_778,clean,0.541,28,267
2026-01-27 12:43:35,mistralai/Mistral-7B-Instruct-v0.3,MMLU_selected_subjects,isot_true_778,meani,0.533,28,267
2026-01-27 12:49:18,mistralai/Mistral-7B-Instruct-v0.3,MMLU_selected_subjects,isot_true_779,clean,0.545,28,565
2026-01-27 12:54:57,mistralai/Mistral-7B-Instruct-v0.3,MMLU_selected_subjects,isot_true_779,meani,0.552,28,565
2026-01-27 13:00:58,mistralai/Mistral-7B-Instruct-v0.3,MMLU_selected_subjects,isot_true_78,clean,0.543,28,765
2026-01-27 13:06:53,mistralai/Mistral-7B-Instruct-v0.3,MMLU_selected_subjects,isot_true_78,meani,0.543,28,765
2026-01-27 13:12:38,mistralai/Mistral-7B-Instruct-v0.3,MMLU_selected_subjects,isot_true_780,clean,0.55,28,577
2026-01-27 13:18:18,mistralai/Mistral-7B-Instruct-v0.3,MMLU_selected_subjects,isot_true_780,meani,0.552,28,577
2026-01-27 13:25:37,mistralai/Mistral-7B-Instruct-v0.3,MMLU_selected_subjects,isot_true_781,clean,0.534,28,214
2026-01-27 13:34:38,mistralai/Mistral-7B-Instruct-v0.3,MMLU_selected_subjects,isot_true_781,meani,0.552,28,214
2026-01-27 13:44:01,mistralai/Mistral-7B-Instruct-v0.3,MMLU_selected_subjects,isot_true_782,clean,0.548,28,388
2026-01-27 13:53:25,mistralai/Mistral-7B-Instruct-v0.3,MMLU_selected_subjects,isot_true_782,meani,0.552,28,388
2026-01-27 14:02:53,mistralai/Mistral-7B-Instruct-v0.3,MMLU_selected_subjects,isot_true_783,clean,0.541,28,537
2026-01-27 14:11:56,mistralai/Mistral-7B-Instruct-v0.3,MMLU_selected_subjects,isot_true_783,meani,0.553,28,537
2026-01-27 14:21:26,mistralai/Mistral-7B-Instruct-v0.3,MMLU_selected_subjects,isot_true_784,clean,0.544,28,412
2026-01-27 14:30:47,mistralai/Mistral-7B-Instruct-v0.3,MMLU_selected_subjects,isot_true_784,meani,0.551,28,412
2026-01-27 14:36:29,mistralai/Mistral-7B-Instruct-v0.3,MMLU_selected_subjects,isot_true_785,clean,0.548,28,505
2026-01-27 14:42:14,mistralai/Mistral-7B-Instruct-v0.3,MMLU_selected_subjects,isot_true_785,meani,0.536,28,505
2026-01-27 14:47:30,mistralai/Mistral-7B-Instruct-v0.3,MMLU_selected_subjects,isot_true_786,clean,0.542,28,222
2026-01-27 14:52:48,mistralai/Mistral-7B-Instruct-v0.3,MMLU_selected_subjects,isot_true_786,meani,0.535,28,222
2026-01-27 14:58:33,mistralai/Mistral-7B-Instruct-v0.3,MMLU_selected_subjects,isot_true_787,clean,0.548,28,551
2026-01-27 15:04:19,mistralai/Mistral-7B-Instruct-v0.3,MMLU_selected_subjects,isot_true_787,meani,0.551,28,551
2026-01-27 15:10:01,mistralai/Mistral-7B-Instruct-v0.3,MMLU_selected_subjects,isot_true_788,clean,0.539,28,559
2026-01-27 15:15:46,mistralai/Mistral-7B-Instruct-v0.3,MMLU_selected_subjects,isot_true_788,meani,0.543,28,559
2026-01-27 15:21:20,mistralai/Mistral-7B-Instruct-v0.3,MMLU_selected_subjects,isot_true_789,clean,0.543,28,401
2026-01-27 15:26:52,mistralai/Mistral-7B-Instruct-v0.3,MMLU_selected_subjects,isot_true_789,meani,0.544,28,401
2026-01-27 15:32:13,mistralai/Mistral-7B-Instruct-v0.3,MMLU_selected_subjects,isot_true_79,clean,0.539,28,248
2026-01-27 15:40:22,mistralai/Mistral-7B-Instruct-v0.3,MMLU_selected_subjects,isot_true_79,meani,0.561,28,248
2026-01-27 15:49:40,mistralai/Mistral-7B-Instruct-v0.3,MMLU_selected_subjects,isot_true_790,clean,0.551,28,333
2026-01-27 15:59:23,mistralai/Mistral-7B-Instruct-v0.3,MMLU_selected_subjects,isot_true_790,meani,0.55,28,333
2026-01-27 16:09:53,mistralai/Mistral-7B-Instruct-v0.3,MMLU_selected_subjects,isot_true_791,clean,0.548,28,717
2026-01-27 16:20:11,mistralai/Mistral-7B-Instruct-v0.3,MMLU_selected_subjects,isot_true_791,meani,0.555,28,717
2026-01-27 16:29:30,mistralai/Mistral-7B-Instruct-v0.3,MMLU_selected_subjects,isot_true_792,clean,0.547,28,543
2026-01-27 16:39:25,mistralai/Mistral-7B-Instruct-v0.3,MMLU_selected_subjects,isot_true_792,meani,0.547,28,543
2026-01-27 16:47:09,mistralai/Mistral-7B-Instruct-v0.3,MMLU_selected_subjects,isot_true_793,clean,0.544,28,711
2026-01-27 16:53:03,mistralai/Mistral-7B-Instruct-v0.3,MMLU_selected_subjects,isot_true_793,meani,0.546,28,711
2026-01-27 16:58:49,mistralai/Mistral-7B-Instruct-v0.3,MMLU_selected_subjects,isot_true_794,clean,0.545,28,572
2026-01-27 17:04:37,mistralai/Mistral-7B-Instruct-v0.3,MMLU_selected_subjects,isot_true_794,meani,0.54,28,572
2026-01-27 17:10:12,mistralai/Mistral-7B-Instruct-v0.3,MMLU_selected_subjects,isot_true_795,clean,0.547,28,401
2026-01-27 17:15:48,mistralai/Mistral-7B-Instruct-v0.3,MMLU_selected_subjects,isot_true_795,meani,0.54,28,401
2026-01-27 17:21:37,mistralai/Mistral-7B-Instruct-v0.3,MMLU_selected_subjects,isot_true_796,clean,0.545,28,579
2026-01-27 17:27:19,mistralai/Mistral-7B-Instruct-v0.3,MMLU_selected_subjects,isot_true_796,meani,0.547,28,579
2026-01-27 17:32:48,mistralai/Mistral-7B-Instruct-v0.3,MMLU_selected_subjects,isot_true_797,clean,0.552,28,405
2026-01-27 17:38:19,mistralai/Mistral-7B-Instruct-v0.3,MMLU_selected_subjects,isot_true_797,meani,0.55,28,405
2026-01-27 17:44:24,mistralai/Mistral-7B-Instruct-v0.3,MMLU_selected_subjects,isot_true_798,clean,0.552,28,765
2026-01-27 17:50:30,mistralai/Mistral-7B-Instruct-v0.3,MMLU_selected_subjects,isot_true_798,meani,0.558,28,765
2026-01-27 17:56:06,mistralai/Mistral-7B-Instruct-v0.3,MMLU_selected_subjects,isot_true_799,clean,0.548,28,526
2026-01-27 18:01:47,mistralai/Mistral-7B-Instruct-v0.3,MMLU_selected_subjects,isot_true_799,meani,0.552,28,526
2026-01-27 18:07:29,mistralai/Mistral-7B-Instruct-v0.3,MMLU_selected_subjects,isot_true_8,clean,0.544,28,453
2026-01-27 18:13:07,mistralai/Mistral-7B-Instruct-v0.3,MMLU_selected_subjects,isot_true_8,meani,0.547,28,453
2026-01-27 18:18:30,mistralai/Mistral-7B-Instruct-v0.3,MMLU_selected_subjects,isot_true_80,clean,0.546,28,314
2026-01-27 18:23:57,mistralai/Mistral-7B-Instruct-v0.3,MMLU_selected_subjects,isot_true_80,meani,0.558,28,314
2026-01-27 18:29:39,mistralai/Mistral-7B-Instruct-v0.3,MMLU_selected_subjects,isot_true_800,clean,0.549,28,573
2026-01-27 18:35:22,mistralai/Mistral-7B-Instruct-v0.3,MMLU_selected_subjects,isot_true_800,meani,0.554,28,573
2026-01-27 18:41:08,mistralai/Mistral-7B-Instruct-v0.3,MMLU_selected_subjects,isot_true_801,clean,0.554,28,535
2026-01-27 18:46:52,mistralai/Mistral-7B-Instruct-v0.3,MMLU_selected_subjects,isot_true_801,meani,0.553,28,535
2026-01-27 18:52:29,mistralai/Mistral-7B-Instruct-v0.3,MMLU_selected_subjects,isot_true_802,clean,0.546,28,405
2026-01-27 18:58:02,mistralai/Mistral-7B-Instruct-v0.3,MMLU_selected_subjects,isot_true_802,meani,0.552,28,405
2026-01-27 19:03:29,mistralai/Mistral-7B-Instruct-v0.3,MMLU_selected_subjects,isot_true_803,clean,0.55,28,398
2026-01-27 19:08:56,mistralai/Mistral-7B-Instruct-v0.3,MMLU_selected_subjects,isot_true_803,meani,0.562,28,398
2026-01-27 19:14:40,mistralai/Mistral-7B-Instruct-v0.3,MMLU_selected_subjects,isot_true_804,clean,0.552,28,632
2026-01-27 19:20:22,mistralai/Mistral-7B-Instruct-v0.3,MMLU_selected_subjects,isot_true_804,meani,0.558,28,632
2026-01-27 19:26:08,mistralai/Mistral-7B-Instruct-v0.3,MMLU_selected_subjects,isot_true_805,clean,0.551,28,686
2026-01-27 19:31:55,mistralai/Mistral-7B-Instruct-v0.3,MMLU_selected_subjects,isot_true_805,meani,0.555,28,686
2026-01-27 19:37:55,mistralai/Mistral-7B-Instruct-v0.3,MMLU_selected_subjects,isot_true_806,clean,0.553,28,742
2026-01-27 19:44:45,mistralai/Mistral-7B-Instruct-v0.3,MMLU_selected_subjects,isot_true_806,meani,0.543,28,742
2026-01-27 19:52:05,mistralai/Mistral-7B-Instruct-v0.3,MMLU_selected_subjects,isot_true_807,clean,0.55,28,502
2026-01-27 19:59:36,mistralai/Mistral-7B-Instruct-v0.3,MMLU_selected_subjects,isot_true_807,meani,0.563,28,502
2026-01-27 20:07:25,mistralai/Mistral-7B-Instruct-v0.3,MMLU_selected_subjects,isot_true_808,clean,0.551,28,378
2026-01-27 20:14:17,mistralai/Mistral-7B-Instruct-v0.3,MMLU_selected_subjects,isot_true_808,meani,0.543,28,378
2026-01-27 20:19:52,mistralai/Mistral-7B-Instruct-v0.3,MMLU_selected_subjects,isot_true_809,clean,0.535,28,403
2026-01-27 20:25:27,mistralai/Mistral-7B-Instruct-v0.3,MMLU_selected_subjects,isot_true_809,meani,0.543,28,403
2026-01-27 20:31:06,mistralai/Mistral-7B-Instruct-v0.3,MMLU_selected_subjects,isot_true_81,clean,0.549,28,511
2026-01-27 20:36:43,mistralai/Mistral-7B-Instruct-v0.3,MMLU_selected_subjects,isot_true_81,meani,0.564,28,511
2026-01-27 20:42:38,mistralai/Mistral-7B-Instruct-v0.3,MMLU_selected_subjects,isot_true_810,clean,0.553,28,753
2026-01-27 20:48:36,mistralai/Mistral-7B-Instruct-v0.3,MMLU_selected_subjects,isot_true_810,meani,0.55,28,753
2026-01-27 20:53:59,mistralai/Mistral-7B-Instruct-v0.3,MMLU_selected_subjects,isot_true_811,clean,0.54,28,312
2026-01-27 20:59:25,mistralai/Mistral-7B-Instruct-v0.3,MMLU_selected_subjects,isot_true_811,meani,0.562,28,312
2026-01-27 21:04:54,mistralai/Mistral-7B-Instruct-v0.3,MMLU_selected_subjects,isot_true_812,clean,0.532,28,425
2026-01-27 21:10:26,mistralai/Mistral-7B-Instruct-v0.3,MMLU_selected_subjects,isot_true_812,meani,0.547,28,425
2026-01-27 21:15:56,mistralai/Mistral-7B-Instruct-v0.3,MMLU_selected_subjects,isot_true_813,clean,0.551,28,429
2026-01-27 21:21:27,mistralai/Mistral-7B-Instruct-v0.3,MMLU_selected_subjects,isot_true_813,meani,0.541,28,429
2026-01-27 21:26:43,mistralai/Mistral-7B-Instruct-v0.3,MMLU_selected_subjects,isot_true_814,clean,0.548,28,253
2026-01-27 21:32:06,mistralai/Mistral-7B-Instruct-v0.3,MMLU_selected_subjects,isot_true_814,meani,0.543,28,253
2026-01-27 21:37:28,mistralai/Mistral-7B-Instruct-v0.3,MMLU_selected_subjects,isot_true_815,clean,0.547,28,248
2026-01-27 21:42:50,mistralai/Mistral-7B-Instruct-v0.3,MMLU_selected_subjects,isot_true_815,meani,0.541,28,248
2026-01-27 21:48:22,mistralai/Mistral-7B-Instruct-v0.3,MMLU_selected_subjects,isot_true_816,clean,0.558,28,397
2026-01-27 21:53:56,mistralai/Mistral-7B-Instruct-v0.3,MMLU_selected_subjects,isot_true_816,meani,0.552,28,397
2026-01-27 21:59:48,mistralai/Mistral-7B-Instruct-v0.3,MMLU_selected_subjects,isot_true_817,clean,0.544,28,645
2026-01-27 22:05:38,mistralai/Mistral-7B-Instruct-v0.3,MMLU_selected_subjects,isot_true_817,meani,0.55,28,645
2026-01-27 22:11:21,mistralai/Mistral-7B-Instruct-v0.3,MMLU_selected_subjects,isot_true_818,clean,0.549,28,525
2026-01-27 22:17:00,mistralai/Mistral-7B-Instruct-v0.3,MMLU_selected_subjects,isot_true_818,meani,0.542,28,525
2026-01-27 22:22:55,mistralai/Mistral-7B-Instruct-v0.3,MMLU_selected_subjects,isot_true_819,clean,0.545,28,644
2026-01-27 22:28:44,mistralai/Mistral-7B-Instruct-v0.3,MMLU_selected_subjects,isot_true_819,meani,0.544,28,644
2026-01-27 22:34:34,mistralai/Mistral-7B-Instruct-v0.3,MMLU_selected_subjects,isot_true_82,clean,0.552,28,597
2026-01-27 22:40:23,mistralai/Mistral-7B-Instruct-v0.3,MMLU_selected_subjects,isot_true_82,meani,0.56,28,597
2026-01-27 22:46:01,mistralai/Mistral-7B-Instruct-v0.3,MMLU_selected_subjects,isot_true_820,clean,0.548,28,512
2026-01-27 22:51:38,mistralai/Mistral-7B-Instruct-v0.3,MMLU_selected_subjects,isot_true_820,meani,0.559,28,512
2026-01-27 22:57:21,mistralai/Mistral-7B-Instruct-v0.3,MMLU_selected_subjects,isot_true_821,clean,0.556,28,559
2026-01-27 23:03:07,mistralai/Mistral-7B-Instruct-v0.3,MMLU_selected_subjects,isot_true_821,meani,0.548,28,559
2026-01-27 23:08:39,mistralai/Mistral-7B-Instruct-v0.3,MMLU_selected_subjects,isot_true_822,clean,0.552,28,554
2026-01-27 23:14:21,mistralai/Mistral-7B-Instruct-v0.3,MMLU_selected_subjects,isot_true_822,meani,0.556,28,554
2026-01-27 23:20:39,mistralai/Mistral-7B-Instruct-v0.3,MMLU_selected_subjects,isot_true_823,clean,0.551,28,746
2026-01-27 23:26:45,mistralai/Mistral-7B-Instruct-v0.3,MMLU_selected_subjects,isot_true_823,meani,0.55,28,746
2026-01-27 23:32:18,mistralai/Mistral-7B-Instruct-v0.3,MMLU_selected_subjects,isot_true_824,clean,0.533,28,385
2026-01-27 23:37:48,mistralai/Mistral-7B-Instruct-v0.3,MMLU_selected_subjects,isot_true_824,meani,0.544,28,385
2026-01-27 23:43:34,mistralai/Mistral-7B-Instruct-v0.3,MMLU_selected_subjects,isot_true_825,clean,0.55,28,625
2026-01-27 23:49:20,mistralai/Mistral-7B-Instruct-v0.3,MMLU_selected_subjects,isot_true_825,meani,0.534,28,625
2026-01-27 23:55:16,mistralai/Mistral-7B-Instruct-v0.3,MMLU_selected_subjects,isot_true_826,clean,0.548,28,637
2026-01-28 00:01:10,mistralai/Mistral-7B-Instruct-v0.3,MMLU_selected_subjects,isot_true_826,meani,0.55,28,637
2026-01-28 00:06:43,mistralai/Mistral-7B-Instruct-v0.3,MMLU_selected_subjects,isot_true_827,clean,0.562,28,390
2026-01-28 00:12:13,mistralai/Mistral-7B-Instruct-v0.3,MMLU_selected_subjects,isot_true_827,meani,0.545,28,390
2026-01-28 00:17:56,mistralai/Mistral-7B-Instruct-v0.3,MMLU_selected_subjects,isot_true_828,clean,0.547,28,497
2026-01-28 00:23:41,mistralai/Mistral-7B-Instruct-v0.3,MMLU_selected_subjects,isot_true_828,meani,0.537,28,497
2026-01-28 00:29:44,mistralai/Mistral-7B-Instruct-v0.3,MMLU_selected_subjects,isot_true_829,clean,0.54,28,781
2026-01-28 00:35:44,mistralai/Mistral-7B-Instruct-v0.3,MMLU_selected_subjects,isot_true_829,meani,0.538,28,781
2026-01-28 00:41:26,mistralai/Mistral-7B-Instruct-v0.3,MMLU_selected_subjects,isot_true_83,clean,0.547,28,547
2026-01-28 00:47:07,mistralai/Mistral-7B-Instruct-v0.3,MMLU_selected_subjects,isot_true_83,meani,0.546,28,547
2026-01-28 00:52:54,mistralai/Mistral-7B-Instruct-v0.3,MMLU_selected_subjects,isot_true_830,clean,0.547,28,630
2026-01-28 00:58:46,mistralai/Mistral-7B-Instruct-v0.3,MMLU_selected_subjects,isot_true_830,meani,0.546,28,630
2026-01-28 01:04:10,mistralai/Mistral-7B-Instruct-v0.3,MMLU_selected_subjects,isot_true_831,clean,0.55,28,247
2026-01-28 01:09:36,mistralai/Mistral-7B-Instruct-v0.3,MMLU_selected_subjects,isot_true_831,meani,0.553,28,247
2026-01-28 01:15:33,mistralai/Mistral-7B-Instruct-v0.3,MMLU_selected_subjects,isot_true_832,clean,0.559,28,697
2026-01-28 01:21:30,mistralai/Mistral-7B-Instruct-v0.3,MMLU_selected_subjects,isot_true_832,meani,0.549,28,697
2026-01-28 01:27:21,mistralai/Mistral-7B-Instruct-v0.3,MMLU_selected_subjects,isot_true_833,clean,0.552,28,570
2026-01-28 01:33:11,mistralai/Mistral-7B-Instruct-v0.3,MMLU_selected_subjects,isot_true_833,meani,0.556,28,570
2026-01-28 01:38:55,mistralai/Mistral-7B-Instruct-v0.3,MMLU_selected_subjects,isot_true_834,clean,0.559,28,489
2026-01-28 01:44:34,mistralai/Mistral-7B-Instruct-v0.3,MMLU_selected_subjects,isot_true_834,meani,0.55,28,489
2026-01-28 01:50:16,mistralai/Mistral-7B-Instruct-v0.3,MMLU_selected_subjects,isot_true_835,clean,0.544,28,497
2026-01-28 01:55:54,mistralai/Mistral-7B-Instruct-v0.3,MMLU_selected_subjects,isot_true_835,meani,0.546,28,497
2026-01-28 02:01:31,mistralai/Mistral-7B-Instruct-v0.3,MMLU_selected_subjects,isot_true_836,clean,0.547,28,500
2026-01-28 02:07:07,mistralai/Mistral-7B-Instruct-v0.3,MMLU_selected_subjects,isot_true_836,meani,0.536,28,500
2026-01-28 02:12:38,mistralai/Mistral-7B-Instruct-v0.3,MMLU_selected_subjects,isot_true_837,clean,0.541,28,437
2026-01-28 02:18:12,mistralai/Mistral-7B-Instruct-v0.3,MMLU_selected_subjects,isot_true_837,meani,0.546,28,437
2026-01-28 02:23:53,mistralai/Mistral-7B-Instruct-v0.3,MMLU_selected_subjects,isot_true_838,clean,0.547,28,441
2026-01-28 02:29:30,mistralai/Mistral-7B-Instruct-v0.3,MMLU_selected_subjects,isot_true_838,meani,0.543,28,441
2026-01-28 02:34:54,mistralai/Mistral-7B-Instruct-v0.3,MMLU_selected_subjects,isot_true_839,clean,0.541,28,343
2026-01-28 02:40:19,mistralai/Mistral-7B-Instruct-v0.3,MMLU_selected_subjects,isot_true_839,meani,0.555,28,343
2026-01-28 02:45:49,mistralai/Mistral-7B-Instruct-v0.3,MMLU_selected_subjects,isot_true_84,clean,0.537,28,422
2026-01-28 02:51:16,mistralai/Mistral-7B-Instruct-v0.3,MMLU_selected_subjects,isot_true_84,meani,0.542,28,422
2026-01-28 02:57:01,mistralai/Mistral-7B-Instruct-v0.3,MMLU_selected_subjects,isot_true_840,clean,0.551,28,584
2026-01-28 03:02:47,mistralai/Mistral-7B-Instruct-v0.3,MMLU_selected_subjects,isot_true_840,meani,0.558,28,584
2026-01-28 03:08:40,mistralai/Mistral-7B-Instruct-v0.3,MMLU_selected_subjects,isot_true_841,clean,0.558,28,577
2026-01-28 03:14:33,mistralai/Mistral-7B-Instruct-v0.3,MMLU_selected_subjects,isot_true_841,meani,0.551,28,577
2026-01-28 03:20:19,mistralai/Mistral-7B-Instruct-v0.3,MMLU_selected_subjects,isot_true_842,clean,0.547,28,619
2026-01-28 03:26:07,mistralai/Mistral-7B-Instruct-v0.3,MMLU_selected_subjects,isot_true_842,meani,0.554,28,619
2026-01-28 03:31:50,mistralai/Mistral-7B-Instruct-v0.3,MMLU_selected_subjects,isot_true_843,clean,0.55,28,527
2026-01-28 03:37:31,mistralai/Mistral-7B-Instruct-v0.3,MMLU_selected_subjects,isot_true_843,meani,0.552,28,527
2026-01-28 03:43:01,mistralai/Mistral-7B-Instruct-v0.3,MMLU_selected_subjects,isot_true_844,clean,0.544,28,355
2026-01-28 03:48:31,mistralai/Mistral-7B-Instruct-v0.3,MMLU_selected_subjects,isot_true_844,meani,0.545,28,355
2026-01-28 03:53:52,mistralai/Mistral-7B-Instruct-v0.3,MMLU_selected_subjects,isot_true_845,clean,0.551,28,215
2026-01-28 03:59:12,mistralai/Mistral-7B-Instruct-v0.3,MMLU_selected_subjects,isot_true_845,meani,0.562,28,215
2026-01-28 04:04:55,mistralai/Mistral-7B-Instruct-v0.3,MMLU_selected_subjects,isot_true_846,clean,0.547,28,490
2026-01-28 04:10:33,mistralai/Mistral-7B-Instruct-v0.3,MMLU_selected_subjects,isot_true_846,meani,0.553,28,490
2026-01-28 04:16:25,mistralai/Mistral-7B-Instruct-v0.3,MMLU_selected_subjects,isot_true_847,clean,0.553,28,659
2026-01-28 04:22:17,mistralai/Mistral-7B-Instruct-v0.3,MMLU_selected_subjects,isot_true_847,meani,0.552,28,659
2026-01-28 04:27:57,mistralai/Mistral-7B-Instruct-v0.3,MMLU_selected_subjects,isot_true_848,clean,0.542,28,493
2026-01-28 04:33:33,mistralai/Mistral-7B-Instruct-v0.3,MMLU_selected_subjects,isot_true_848,meani,0.553,28,493
2026-01-28 04:39:24,mistralai/Mistral-7B-Instruct-v0.3,MMLU_selected_subjects,isot_true_849,clean,0.552,28,622
2026-01-28 04:45:15,mistralai/Mistral-7B-Instruct-v0.3,MMLU_selected_subjects,isot_true_849,meani,0.55,28,622
2026-01-28 04:50:54,mistralai/Mistral-7B-Instruct-v0.3,MMLU_selected_subjects,isot_true_85,clean,0.546,28,473
2026-01-28 04:56:30,mistralai/Mistral-7B-Instruct-v0.3,MMLU_selected_subjects,isot_true_85,meani,0.546,28,473
2026-01-28 05:01:57,mistralai/Mistral-7B-Instruct-v0.3,MMLU_selected_subjects,isot_true_850,clean,0.545,28,293
2026-01-28 05:07:19,mistralai/Mistral-7B-Instruct-v0.3,MMLU_selected_subjects,isot_true_850,meani,0.552,28,293
2026-01-28 05:13:00,mistralai/Mistral-7B-Instruct-v0.3,MMLU_selected_subjects,isot_true_851,clean,0.556,28,483
2026-01-28 05:18:31,mistralai/Mistral-7B-Instruct-v0.3,MMLU_selected_subjects,isot_true_851,meani,0.556,28,483
2026-01-28 05:24:10,mistralai/Mistral-7B-Instruct-v0.3,MMLU_selected_subjects,isot_true_852,clean,0.554,28,437
2026-01-28 05:29:45,mistralai/Mistral-7B-Instruct-v0.3,MMLU_selected_subjects,isot_true_852,meani,0.552,28,437
2026-01-28 05:35:19,mistralai/Mistral-7B-Instruct-v0.3,MMLU_selected_subjects,isot_true_853,clean,0.542,28,573
2026-01-28 05:40:59,mistralai/Mistral-7B-Instruct-v0.3,MMLU_selected_subjects,isot_true_853,meani,0.554,28,573
2026-01-28 05:46:55,mistralai/Mistral-7B-Instruct-v0.3,MMLU_selected_subjects,isot_true_854,clean,0.535,28,743
2026-01-28 05:52:50,mistralai/Mistral-7B-Instruct-v0.3,MMLU_selected_subjects,isot_true_854,meani,0.542,28,743
2026-01-28 05:58:51,mistralai/Mistral-7B-Instruct-v0.3,MMLU_selected_subjects,isot_true_855,clean,0.543,28,795
2026-01-28 06:04:50,mistralai/Mistral-7B-Instruct-v0.3,MMLU_selected_subjects,isot_true_855,meani,0.556,28,795
2026-01-28 06:10:44,mistralai/Mistral-7B-Instruct-v0.3,MMLU_selected_subjects,isot_true_856,clean,0.554,28,651
2026-01-28 06:16:38,mistralai/Mistral-7B-Instruct-v0.3,MMLU_selected_subjects,isot_true_856,meani,0.548,28,651
2026-01-28 06:22:14,mistralai/Mistral-7B-Instruct-v0.3,MMLU_selected_subjects,isot_true_857,clean,0.549,28,439
2026-01-28 06:27:47,mistralai/Mistral-7B-Instruct-v0.3,MMLU_selected_subjects,isot_true_857,meani,0.55,28,439
2026-01-28 06:33:27,mistralai/Mistral-7B-Instruct-v0.3,MMLU_selected_subjects,isot_true_858,clean,0.546,28,434
2026-01-28 06:39:01,mistralai/Mistral-7B-Instruct-v0.3,MMLU_selected_subjects,isot_true_858,meani,0.549,28,434
2026-01-28 06:44:40,mistralai/Mistral-7B-Instruct-v0.3,MMLU_selected_subjects,isot_true_859,clean,0.541,28,508
2026-01-28 06:50:15,mistralai/Mistral-7B-Instruct-v0.3,MMLU_selected_subjects,isot_true_859,meani,0.552,28,508
2026-01-28 06:55:47,mistralai/Mistral-7B-Instruct-v0.3,MMLU_selected_subjects,isot_true_86,clean,0.559,28,390
2026-01-28 07:01:15,mistralai/Mistral-7B-Instruct-v0.3,MMLU_selected_subjects,isot_true_86,meani,0.552,28,390
2026-01-28 07:07:06,mistralai/Mistral-7B-Instruct-v0.3,MMLU_selected_subjects,isot_true_860,clean,0.554,28,600
2026-01-28 07:12:58,mistralai/Mistral-7B-Instruct-v0.3,MMLU_selected_subjects,isot_true_860,meani,0.547,28,600
2026-01-28 07:18:42,mistralai/Mistral-7B-Instruct-v0.3,MMLU_selected_subjects,isot_true_861,clean,0.545,28,644
2026-01-28 07:24:32,mistralai/Mistral-7B-Instruct-v0.3,MMLU_selected_subjects,isot_true_861,meani,0.551,28,644
2026-01-28 07:29:58,mistralai/Mistral-7B-Instruct-v0.3,MMLU_selected_subjects,isot_true_862,clean,0.54,28,335
2026-01-28 07:35:24,mistralai/Mistral-7B-Instruct-v0.3,MMLU_selected_subjects,isot_true_862,meani,0.544,28,335
2026-01-28 07:40:43,mistralai/Mistral-7B-Instruct-v0.3,MMLU_selected_subjects,isot_true_863,clean,0.536,28,207
2026-01-28 07:46:05,mistralai/Mistral-7B-Instruct-v0.3,MMLU_selected_subjects,isot_true_863,meani,0.533,28,207
2026-01-28 07:51:54,mistralai/Mistral-7B-Instruct-v0.3,MMLU_selected_subjects,isot_true_864,clean,0.548,28,637
2026-01-28 07:57:41,mistralai/Mistral-7B-Instruct-v0.3,MMLU_selected_subjects,isot_true_864,meani,0.552,28,637
2026-01-28 08:03:26,mistralai/Mistral-7B-Instruct-v0.3,MMLU_selected_subjects,isot_true_865,clean,0.547,28,575
2026-01-28 08:09:14,mistralai/Mistral-7B-Instruct-v0.3,MMLU_selected_subjects,isot_true_865,meani,0.545,28,575
2026-01-28 08:14:55,mistralai/Mistral-7B-Instruct-v0.3,MMLU_selected_subjects,isot_true_866,clean,0.555,28,586
2026-01-28 08:20:40,mistralai/Mistral-7B-Instruct-v0.3,MMLU_selected_subjects,isot_true_866,meani,0.565,28,586
2026-01-28 08:26:26,mistralai/Mistral-7B-Instruct-v0.3,MMLU_selected_subjects,isot_true_867,clean,0.544,28,552
2026-01-28 08:32:11,mistralai/Mistral-7B-Instruct-v0.3,MMLU_selected_subjects,isot_true_867,meani,0.548,28,552
2026-01-28 08:37:50,mistralai/Mistral-7B-Instruct-v0.3,MMLU_selected_subjects,isot_true_868,clean,0.549,28,467
2026-01-28 08:43:27,mistralai/Mistral-7B-Instruct-v0.3,MMLU_selected_subjects,isot_true_868,meani,0.551,28,467
2026-01-28 08:48:55,mistralai/Mistral-7B-Instruct-v0.3,MMLU_selected_subjects,isot_true_869,clean,0.542,28,331
2026-01-28 08:54:22,mistralai/Mistral-7B-Instruct-v0.3,MMLU_selected_subjects,isot_true_869,meani,0.551,28,331
2026-01-28 09:00:18,mistralai/Mistral-7B-Instruct-v0.3,MMLU_selected_subjects,isot_true_87,clean,0.542,28,735
2026-01-28 09:06:14,mistralai/Mistral-7B-Instruct-v0.3,MMLU_selected_subjects,isot_true_87,meani,0.555,28,735
2026-01-28 09:12:07,mistralai/Mistral-7B-Instruct-v0.3,MMLU_selected_subjects,isot_true_870,clean,0.532,28,601
2026-01-28 09:17:56,mistralai/Mistral-7B-Instruct-v0.3,MMLU_selected_subjects,isot_true_870,meani,0.552,28,601
2026-01-28 09:23:48,mistralai/Mistral-7B-Instruct-v0.3,MMLU_selected_subjects,isot_true_871,clean,0.538,28,547
2026-01-28 09:29:42,mistralai/Mistral-7B-Instruct-v0.3,MMLU_selected_subjects,isot_true_871,meani,0.54,28,547
2026-01-28 09:35:25,mistralai/Mistral-7B-Instruct-v0.3,MMLU_selected_subjects,isot_true_872,clean,0.554,28,546
2026-01-28 09:41:06,mistralai/Mistral-7B-Instruct-v0.3,MMLU_selected_subjects,isot_true_872,meani,0.547,28,546
2026-01-28 09:46:50,mistralai/Mistral-7B-Instruct-v0.3,MMLU_selected_subjects,isot_true_873,clean,0.555,28,426
2026-01-28 09:52:27,mistralai/Mistral-7B-Instruct-v0.3,MMLU_selected_subjects,isot_true_873,meani,0.546,28,426
2026-01-28 09:58:10,mistralai/Mistral-7B-Instruct-v0.3,MMLU_selected_subjects,isot_true_874,clean,0.552,28,444
2026-01-28 10:03:55,mistralai/Mistral-7B-Instruct-v0.3,MMLU_selected_subjects,isot_true_874,meani,0.549,28,444
2026-01-28 10:10:05,mistralai/Mistral-7B-Instruct-v0.3,MMLU_selected_subjects,isot_true_875,clean,0.547,28,757
2026-01-28 10:16:17,mistralai/Mistral-7B-Instruct-v0.3,MMLU_selected_subjects,isot_true_875,meani,0.554,28,757
2026-01-28 10:22:11,mistralai/Mistral-7B-Instruct-v0.3,MMLU_selected_subjects,isot_true_876,clean,0.544,28,589
2026-01-28 10:28:03,mistralai/Mistral-7B-Instruct-v0.3,MMLU_selected_subjects,isot_true_876,meani,0.555,28,589
2026-01-28 10:33:32,mistralai/Mistral-7B-Instruct-v0.3,MMLU_selected_subjects,isot_true_877,clean,0.542,28,249
2026-01-28 10:38:57,mistralai/Mistral-7B-Instruct-v0.3,MMLU_selected_subjects,isot_true_877,meani,0.55,28,249
2026-01-28 10:45:00,mistralai/Mistral-7B-Instruct-v0.3,MMLU_selected_subjects,isot_true_878,clean,0.542,28,731
2026-01-28 10:50:59,mistralai/Mistral-7B-Instruct-v0.3,MMLU_selected_subjects,isot_true_878,meani,0.555,28,731
2026-01-28 10:56:53,mistralai/Mistral-7B-Instruct-v0.3,MMLU_selected_subjects,isot_true_879,clean,0.546,28,589
2026-01-28 11:02:46,mistralai/Mistral-7B-Instruct-v0.3,MMLU_selected_subjects,isot_true_879,meani,0.541,28,589
2026-01-28 11:08:42,mistralai/Mistral-7B-Instruct-v0.3,MMLU_selected_subjects,isot_true_88,clean,0.547,28,655
2026-01-28 11:14:31,mistralai/Mistral-7B-Instruct-v0.3,MMLU_selected_subjects,isot_true_88,meani,0.549,28,655
2026-01-28 11:20:11,mistralai/Mistral-7B-Instruct-v0.3,MMLU_selected_subjects,isot_true_880,clean,0.545,28,548
2026-01-28 11:25:52,mistralai/Mistral-7B-Instruct-v0.3,MMLU_selected_subjects,isot_true_880,meani,0.554,28,548
2026-01-28 11:31:30,mistralai/Mistral-7B-Instruct-v0.3,MMLU_selected_subjects,isot_true_881,clean,0.545,28,515
2026-01-28 11:37:09,mistralai/Mistral-7B-Instruct-v0.3,MMLU_selected_subjects,isot_true_881,meani,0.555,28,515
2026-01-28 11:43:01,mistralai/Mistral-7B-Instruct-v0.3,MMLU_selected_subjects,isot_true_882,clean,0.55,28,586
2026-01-28 11:48:53,mistralai/Mistral-7B-Instruct-v0.3,MMLU_selected_subjects,isot_true_882,meani,0.544,28,586
2026-01-28 11:54:48,mistralai/Mistral-7B-Instruct-v0.3,MMLU_selected_subjects,isot_true_883,clean,0.539,28,759
2026-01-28 12:00:43,mistralai/Mistral-7B-Instruct-v0.3,MMLU_selected_subjects,isot_true_883,meani,0.561,28,759
2026-01-28 12:06:50,mistralai/Mistral-7B-Instruct-v0.3,MMLU_selected_subjects,isot_true_884,clean,0.549,28,718
2026-01-28 12:13:03,mistralai/Mistral-7B-Instruct-v0.3,MMLU_selected_subjects,isot_true_884,meani,0.549,28,718
2026-01-28 12:18:39,mistralai/Mistral-7B-Instruct-v0.3,MMLU_selected_subjects,isot_true_885,clean,0.549,28,389
2026-01-28 12:24:20,mistralai/Mistral-7B-Instruct-v0.3,MMLU_selected_subjects,isot_true_885,meani,0.542,28,389
2026-01-28 12:30:04,mistralai/Mistral-7B-Instruct-v0.3,MMLU_selected_subjects,isot_true_886,clean,0.55,28,480
2026-01-28 12:35:51,mistralai/Mistral-7B-Instruct-v0.3,MMLU_selected_subjects,isot_true_886,meani,0.554,28,480
2026-01-28 12:41:32,mistralai/Mistral-7B-Instruct-v0.3,MMLU_selected_subjects,isot_true_887,clean,0.558,28,479
2026-01-28 12:47:16,mistralai/Mistral-7B-Instruct-v0.3,MMLU_selected_subjects,isot_true_887,meani,0.543,28,479
2026-01-28 12:53:36,mistralai/Mistral-7B-Instruct-v0.3,MMLU_selected_subjects,isot_true_888,clean,0.551,28,596
2026-01-28 12:59:53,mistralai/Mistral-7B-Instruct-v0.3,MMLU_selected_subjects,isot_true_888,meani,0.555,28,596
2026-01-28 13:05:42,mistralai/Mistral-7B-Instruct-v0.3,MMLU_selected_subjects,isot_true_889,clean,0.546,28,611
2026-01-28 13:11:31,mistralai/Mistral-7B-Instruct-v0.3,MMLU_selected_subjects,isot_true_889,meani,0.546,28,611
2026-01-28 13:17:15,mistralai/Mistral-7B-Instruct-v0.3,MMLU_selected_subjects,isot_true_89,clean,0.55,28,477
2026-01-28 13:23:04,mistralai/Mistral-7B-Instruct-v0.3,MMLU_selected_subjects,isot_true_89,meani,0.547,28,477
2026-01-28 13:29:00,mistralai/Mistral-7B-Instruct-v0.3,MMLU_selected_subjects,isot_true_890,clean,0.554,28,654
2026-01-28 13:34:49,mistralai/Mistral-7B-Instruct-v0.3,MMLU_selected_subjects,isot_true_890,meani,0.551,28,654
2026-01-28 13:40:54,mistralai/Mistral-7B-Instruct-v0.3,MMLU_selected_subjects,isot_true_891,clean,0.546,28,746
2026-01-28 13:46:52,mistralai/Mistral-7B-Instruct-v0.3,MMLU_selected_subjects,isot_true_891,meani,0.555,28,746
2026-01-28 13:52:40,mistralai/Mistral-7B-Instruct-v0.3,MMLU_selected_subjects,isot_true_892,clean,0.541,28,672
2026-01-28 13:58:28,mistralai/Mistral-7B-Instruct-v0.3,MMLU_selected_subjects,isot_true_892,meani,0.552,28,672
2026-01-28 14:04:27,mistralai/Mistral-7B-Instruct-v0.3,MMLU_selected_subjects,isot_true_893,clean,0.554,28,701
2026-01-28 14:10:25,mistralai/Mistral-7B-Instruct-v0.3,MMLU_selected_subjects,isot_true_893,meani,0.55,28,701
2026-01-28 14:16:28,mistralai/Mistral-7B-Instruct-v0.3,MMLU_selected_subjects,isot_true_894,clean,0.553,28,545
2026-01-28 14:22:17,mistralai/Mistral-7B-Instruct-v0.3,MMLU_selected_subjects,isot_true_894,meani,0.543,28,545
2026-01-28 14:28:06,mistralai/Mistral-7B-Instruct-v0.3,MMLU_selected_subjects,isot_true_895,clean,0.546,28,510
2026-01-28 14:33:57,mistralai/Mistral-7B-Instruct-v0.3,MMLU_selected_subjects,isot_true_895,meani,0.555,28,510
2026-01-28 14:39:27,mistralai/Mistral-7B-Instruct-v0.3,MMLU_selected_subjects,isot_true_896,clean,0.553,28,347
2026-01-28 14:44:56,mistralai/Mistral-7B-Instruct-v0.3,MMLU_selected_subjects,isot_true_896,meani,0.555,28,347
2026-01-28 14:50:41,mistralai/Mistral-7B-Instruct-v0.3,MMLU_selected_subjects,isot_true_897,clean,0.55,28,615
2026-01-28 14:56:26,mistralai/Mistral-7B-Instruct-v0.3,MMLU_selected_subjects,isot_true_897,meani,0.547,28,615
2026-01-28 15:02:22,mistralai/Mistral-7B-Instruct-v0.3,MMLU_selected_subjects,isot_true_898,clean,0.557,28,629
2026-01-28 15:08:18,mistralai/Mistral-7B-Instruct-v0.3,MMLU_selected_subjects,isot_true_898,meani,0.556,28,629
2026-01-28 15:14:16,mistralai/Mistral-7B-Instruct-v0.3,MMLU_selected_subjects,isot_true_899,clean,0.556,28,713
2026-01-28 15:20:10,mistralai/Mistral-7B-Instruct-v0.3,MMLU_selected_subjects,isot_true_899,meani,0.55,28,713
2026-01-28 15:25:47,mistralai/Mistral-7B-Instruct-v0.3,MMLU_selected_subjects,isot_true_9,clean,0.551,28,492
2026-01-28 15:31:21,mistralai/Mistral-7B-Instruct-v0.3,MMLU_selected_subjects,isot_true_9,meani,0.556,28,492
2026-01-28 15:37:12,mistralai/Mistral-7B-Instruct-v0.3,MMLU_selected_subjects,isot_true_90,clean,0.544,28,562
2026-01-28 15:42:52,mistralai/Mistral-7B-Instruct-v0.3,MMLU_selected_subjects,isot_true_90,meani,0.542,28,562
2026-01-28 15:48:34,mistralai/Mistral-7B-Instruct-v0.3,MMLU_selected_subjects,isot_true_900,clean,0.555,28,510
2026-01-28 15:54:17,mistralai/Mistral-7B-Instruct-v0.3,MMLU_selected_subjects,isot_true_900,meani,0.555,28,510
2026-01-28 15:59:52,mistralai/Mistral-7B-Instruct-v0.3,MMLU_selected_subjects,isot_true_901,clean,0.548,28,430
2026-01-28 16:05:21,mistralai/Mistral-7B-Instruct-v0.3,MMLU_selected_subjects,isot_true_901,meani,0.549,28,430
2026-01-28 16:11:02,mistralai/Mistral-7B-Instruct-v0.3,MMLU_selected_subjects,isot_true_902,clean,0.567,28,532
2026-01-28 16:16:43,mistralai/Mistral-7B-Instruct-v0.3,MMLU_selected_subjects,isot_true_902,meani,0.552,28,532
2026-01-28 16:22:39,mistralai/Mistral-7B-Instruct-v0.3,MMLU_selected_subjects,isot_true_903,clean,0.548,28,739
2026-01-28 16:28:36,mistralai/Mistral-7B-Instruct-v0.3,MMLU_selected_subjects,isot_true_903,meani,0.55,28,739
2026-01-28 16:34:11,mistralai/Mistral-7B-Instruct-v0.3,MMLU_selected_subjects,isot_true_904,clean,0.549,28,428
2026-01-28 16:39:43,mistralai/Mistral-7B-Instruct-v0.3,MMLU_selected_subjects,isot_true_904,meani,0.55,28,428
2026-01-28 16:45:20,mistralai/Mistral-7B-Instruct-v0.3,MMLU_selected_subjects,isot_true_905,clean,0.546,28,471
2026-01-28 16:50:56,mistralai/Mistral-7B-Instruct-v0.3,MMLU_selected_subjects,isot_true_905,meani,0.55,28,471
2026-01-28 16:56:29,mistralai/Mistral-7B-Instruct-v0.3,MMLU_selected_subjects,isot_true_906,clean,0.547,28,443
2026-01-28 17:02:02,mistralai/Mistral-7B-Instruct-v0.3,MMLU_selected_subjects,isot_true_906,meani,0.554,28,443
2026-01-28 17:08:02,mistralai/Mistral-7B-Instruct-v0.3,MMLU_selected_subjects,isot_true_907,clean,0.548,28,637
2026-01-28 17:13:56,mistralai/Mistral-7B-Instruct-v0.3,MMLU_selected_subjects,isot_true_907,meani,0.543,28,637
2026-01-28 17:19:32,mistralai/Mistral-7B-Instruct-v0.3,MMLU_selected_subjects,isot_true_908,clean,0.561,28,408
2026-01-28 17:25:06,mistralai/Mistral-7B-Instruct-v0.3,MMLU_selected_subjects,isot_true_908,meani,0.554,28,408
2026-01-28 17:30:54,mistralai/Mistral-7B-Instruct-v0.3,MMLU_selected_subjects,isot_true_909,clean,0.549,28,656
2026-01-28 17:36:39,mistralai/Mistral-7B-Instruct-v0.3,MMLU_selected_subjects,isot_true_909,meani,0.55,28,656
2026-01-28 17:42:26,mistralai/Mistral-7B-Instruct-v0.3,MMLU_selected_subjects,isot_true_91,clean,0.544,28,549
2026-01-28 17:48:14,mistralai/Mistral-7B-Instruct-v0.3,MMLU_selected_subjects,isot_true_91,meani,0.54,28,549
2026-01-28 17:54:11,mistralai/Mistral-7B-Instruct-v0.3,MMLU_selected_subjects,isot_true_910,clean,0.551,28,784
2026-01-28 18:00:03,mistralai/Mistral-7B-Instruct-v0.3,MMLU_selected_subjects,isot_true_910,meani,0.545,28,784
2026-01-28 18:05:34,mistralai/Mistral-7B-Instruct-v0.3,MMLU_selected_subjects,isot_true_911,clean,0.553,28,424
2026-01-28 18:11:03,mistralai/Mistral-7B-Instruct-v0.3,MMLU_selected_subjects,isot_true_911,meani,0.558,28,424
2026-01-28 18:16:47,mistralai/Mistral-7B-Instruct-v0.3,MMLU_selected_subjects,isot_true_912,clean,0.533,28,601
2026-01-28 18:22:31,mistralai/Mistral-7B-Instruct-v0.3,MMLU_selected_subjects,isot_true_912,meani,0.552,28,601
2026-01-28 18:28:14,mistralai/Mistral-7B-Instruct-v0.3,MMLU_selected_subjects,isot_true_913,clean,0.557,28,556
2026-01-28 18:33:54,mistralai/Mistral-7B-Instruct-v0.3,MMLU_selected_subjects,isot_true_913,meani,0.545,28,556
2026-01-28 18:39:28,mistralai/Mistral-7B-Instruct-v0.3,MMLU_selected_subjects,isot_true_914,clean,0.545,28,390
2026-01-28 18:45:01,mistralai/Mistral-7B-Instruct-v0.3,MMLU_selected_subjects,isot_true_914,meani,0.548,28,390
2026-01-28 18:50:34,mistralai/Mistral-7B-Instruct-v0.3,MMLU_selected_subjects,isot_true_915,clean,0.557,28,336
2026-01-28 18:56:05,mistralai/Mistral-7B-Instruct-v0.3,MMLU_selected_subjects,isot_true_915,meani,0.56,28,336
2026-01-28 19:01:48,mistralai/Mistral-7B-Instruct-v0.3,MMLU_selected_subjects,isot_true_916,clean,0.549,28,501
2026-01-28 19:07:36,mistralai/Mistral-7B-Instruct-v0.3,MMLU_selected_subjects,isot_true_916,meani,0.549,28,501
2026-01-28 19:13:10,mistralai/Mistral-7B-Instruct-v0.3,MMLU_selected_subjects,isot_true_917,clean,0.546,28,397
2026-01-28 19:18:47,mistralai/Mistral-7B-Instruct-v0.3,MMLU_selected_subjects,isot_true_917,meani,0.551,28,397
2026-01-28 19:24:28,mistralai/Mistral-7B-Instruct-v0.3,MMLU_selected_subjects,isot_true_918,clean,0.547,28,532
2026-01-28 19:30:05,mistralai/Mistral-7B-Instruct-v0.3,MMLU_selected_subjects,isot_true_918,meani,0.544,28,532
2026-01-28 19:35:42,mistralai/Mistral-7B-Instruct-v0.3,MMLU_selected_subjects,isot_true_919,clean,0.547,28,504
2026-01-28 19:41:19,mistralai/Mistral-7B-Instruct-v0.3,MMLU_selected_subjects,isot_true_919,meani,0.56,28,504
2026-01-28 19:46:54,mistralai/Mistral-7B-Instruct-v0.3,MMLU_selected_subjects,isot_true_92,clean,0.545,28,524
2026-01-28 19:52:33,mistralai/Mistral-7B-Instruct-v0.3,MMLU_selected_subjects,isot_true_92,meani,0.55,28,524
2026-01-28 19:57:50,mistralai/Mistral-7B-Instruct-v0.3,MMLU_selected_subjects,isot_true_920,clean,0.538,28,233
2026-01-28 20:03:06,mistralai/Mistral-7B-Instruct-v0.3,MMLU_selected_subjects,isot_true_920,meani,0.549,28,233
2026-01-28 20:08:46,mistralai/Mistral-7B-Instruct-v0.3,MMLU_selected_subjects,isot_true_921,clean,0.552,28,509
2026-01-28 20:14:23,mistralai/Mistral-7B-Instruct-v0.3,MMLU_selected_subjects,isot_true_921,meani,0.545,28,509
2026-01-28 20:19:53,mistralai/Mistral-7B-Instruct-v0.3,MMLU_selected_subjects,isot_true_922,clean,0.544,28,348
2026-01-28 20:25:25,mistralai/Mistral-7B-Instruct-v0.3,MMLU_selected_subjects,isot_true_922,meani,0.546,28,348
2026-01-28 20:31:03,mistralai/Mistral-7B-Instruct-v0.3,MMLU_selected_subjects,isot_true_923,clean,0.548,28,499
2026-01-28 20:36:42,mistralai/Mistral-7B-Instruct-v0.3,MMLU_selected_subjects,isot_true_923,meani,0.559,28,499
2026-01-28 20:42:47,mistralai/Mistral-7B-Instruct-v0.3,MMLU_selected_subjects,isot_true_924,clean,0.546,28,799
2026-01-28 20:48:46,mistralai/Mistral-7B-Instruct-v0.3,MMLU_selected_subjects,isot_true_924,meani,0.551,28,799
2026-01-28 20:54:44,mistralai/Mistral-7B-Instruct-v0.3,MMLU_selected_subjects,isot_true_925,clean,0.548,28,651
2026-01-28 21:00:43,mistralai/Mistral-7B-Instruct-v0.3,MMLU_selected_subjects,isot_true_925,meani,0.554,28,651
2026-01-28 21:06:33,mistralai/Mistral-7B-Instruct-v0.3,MMLU_selected_subjects,isot_true_926,clean,0.545,28,635
2026-01-28 21:12:23,mistralai/Mistral-7B-Instruct-v0.3,MMLU_selected_subjects,isot_true_926,meani,0.542,28,635
2026-01-28 21:18:12,mistralai/Mistral-7B-Instruct-v0.3,MMLU_selected_subjects,isot_true_927,clean,0.552,28,643
2026-01-28 21:23:53,mistralai/Mistral-7B-Instruct-v0.3,MMLU_selected_subjects,isot_true_927,meani,0.554,28,643
2026-01-28 21:29:29,mistralai/Mistral-7B-Instruct-v0.3,MMLU_selected_subjects,isot_true_928,clean,0.546,28,461
2026-01-28 21:35:05,mistralai/Mistral-7B-Instruct-v0.3,MMLU_selected_subjects,isot_true_928,meani,0.549,28,461
2026-01-28 21:40:39,mistralai/Mistral-7B-Instruct-v0.3,MMLU_selected_subjects,isot_true_929,clean,0.55,28,399
2026-01-28 21:46:04,mistralai/Mistral-7B-Instruct-v0.3,MMLU_selected_subjects,isot_true_929,meani,0.551,28,399
2026-01-28 21:51:58,mistralai/Mistral-7B-Instruct-v0.3,MMLU_selected_subjects,isot_true_93,clean,0.551,28,734
2026-01-28 21:57:55,mistralai/Mistral-7B-Instruct-v0.3,MMLU_selected_subjects,isot_true_93,meani,0.548,28,734
2026-01-28 22:03:27,mistralai/Mistral-7B-Instruct-v0.3,MMLU_selected_subjects,isot_true_930,clean,0.553,28,401
2026-01-28 22:08:55,mistralai/Mistral-7B-Instruct-v0.3,MMLU_selected_subjects,isot_true_930,meani,0.556,28,401
2026-01-28 22:15:10,mistralai/Mistral-7B-Instruct-v0.3,MMLU_selected_subjects,isot_true_931,clean,0.545,28,786
2026-01-28 22:21:15,mistralai/Mistral-7B-Instruct-v0.3,MMLU_selected_subjects,isot_true_931,meani,0.543,28,786
2026-01-28 22:26:58,mistralai/Mistral-7B-Instruct-v0.3,MMLU_selected_subjects,isot_true_932,clean,0.541,28,656
2026-01-28 22:32:44,mistralai/Mistral-7B-Instruct-v0.3,MMLU_selected_subjects,isot_true_932,meani,0.548,28,656
2026-01-28 22:38:33,mistralai/Mistral-7B-Instruct-v0.3,MMLU_selected_subjects,isot_true_933,clean,0.551,28,655
2026-01-28 22:44:18,mistralai/Mistral-7B-Instruct-v0.3,MMLU_selected_subjects,isot_true_933,meani,0.546,28,655
2026-01-28 22:49:46,mistralai/Mistral-7B-Instruct-v0.3,MMLU_selected_subjects,isot_true_934,clean,0.542,28,380
2026-01-28 22:55:22,mistralai/Mistral-7B-Instruct-v0.3,MMLU_selected_subjects,isot_true_934,meani,0.551,28,380
2026-01-28 23:01:18,mistralai/Mistral-7B-Instruct-v0.3,MMLU_selected_subjects,isot_true_935,clean,0.545,28,784
2026-01-28 23:07:11,mistralai/Mistral-7B-Instruct-v0.3,MMLU_selected_subjects,isot_true_935,meani,0.544,28,784
2026-01-28 23:12:54,mistralai/Mistral-7B-Instruct-v0.3,MMLU_selected_subjects,isot_true_936,clean,0.544,28,529
2026-01-28 23:18:31,mistralai/Mistral-7B-Instruct-v0.3,MMLU_selected_subjects,isot_true_936,meani,0.543,28,529
2026-01-28 23:24:13,mistralai/Mistral-7B-Instruct-v0.3,MMLU_selected_subjects,isot_true_937,clean,0.554,28,543
2026-01-28 23:29:56,mistralai/Mistral-7B-Instruct-v0.3,MMLU_selected_subjects,isot_true_937,meani,0.547,28,543
2026-01-28 23:35:47,mistralai/Mistral-7B-Instruct-v0.3,MMLU_selected_subjects,isot_true_938,clean,0.558,28,650
2026-01-28 23:41:35,mistralai/Mistral-7B-Instruct-v0.3,MMLU_selected_subjects,isot_true_938,meani,0.539,28,650
2026-01-28 23:47:54,mistralai/Mistral-7B-Instruct-v0.3,MMLU_selected_subjects,isot_true_939,clean,0.54,28,797
2026-01-28 23:54:16,mistralai/Mistral-7B-Instruct-v0.3,MMLU_selected_subjects,isot_true_939,meani,0.551,28,797
2026-01-29 00:00:08,mistralai/Mistral-7B-Instruct-v0.3,MMLU_selected_subjects,isot_true_94,clean,0.552,28,604
2026-01-29 00:06:01,mistralai/Mistral-7B-Instruct-v0.3,MMLU_selected_subjects,isot_true_94,meani,0.546,28,604
2026-01-29 00:11:37,mistralai/Mistral-7B-Instruct-v0.3,MMLU_selected_subjects,isot_true_940,clean,0.56,28,537
2026-01-29 00:17:08,mistralai/Mistral-7B-Instruct-v0.3,MMLU_selected_subjects,isot_true_940,meani,0.553,28,537
2026-01-29 00:23:07,mistralai/Mistral-7B-Instruct-v0.3,MMLU_selected_subjects,isot_true_941,clean,0.554,28,771
2026-01-29 00:29:09,mistralai/Mistral-7B-Instruct-v0.3,MMLU_selected_subjects,isot_true_941,meani,0.551,28,771
2026-01-29 00:34:50,mistralai/Mistral-7B-Instruct-v0.3,MMLU_selected_subjects,isot_true_942,clean,0.54,28,506
2026-01-29 00:40:33,mistralai/Mistral-7B-Instruct-v0.3,MMLU_selected_subjects,isot_true_942,meani,0.537,28,506
2026-01-29 00:46:30,mistralai/Mistral-7B-Instruct-v0.3,MMLU_selected_subjects,isot_true_943,clean,0.552,28,634
2026-01-29 00:52:28,mistralai/Mistral-7B-Instruct-v0.3,MMLU_selected_subjects,isot_true_943,meani,0.55,28,634
2026-01-29 00:58:22,mistralai/Mistral-7B-Instruct-v0.3,MMLU_selected_subjects,isot_true_944,clean,0.55,28,743
2026-01-29 01:04:14,mistralai/Mistral-7B-Instruct-v0.3,MMLU_selected_subjects,isot_true_944,meani,0.548,28,743
2026-01-29 01:09:54,mistralai/Mistral-7B-Instruct-v0.3,MMLU_selected_subjects,isot_true_945,clean,0.543,28,469
2026-01-29 01:15:30,mistralai/Mistral-7B-Instruct-v0.3,MMLU_selected_subjects,isot_true_945,meani,0.546,28,469
2026-01-29 01:21:26,mistralai/Mistral-7B-Instruct-v0.3,MMLU_selected_subjects,isot_true_946,clean,0.546,28,710
2026-01-29 01:27:19,mistralai/Mistral-7B-Instruct-v0.3,MMLU_selected_subjects,isot_true_946,meani,0.556,28,710
2026-01-29 01:32:52,mistralai/Mistral-7B-Instruct-v0.3,MMLU_selected_subjects,isot_true_947,clean,0.553,28,408
2026-01-29 01:38:25,mistralai/Mistral-7B-Instruct-v0.3,MMLU_selected_subjects,isot_true_947,meani,0.544,28,408
2026-01-29 01:44:14,mistralai/Mistral-7B-Instruct-v0.3,MMLU_selected_subjects,isot_true_948,clean,0.551,28,634
2026-01-29 01:50:01,mistralai/Mistral-7B-Instruct-v0.3,MMLU_selected_subjects,isot_true_948,meani,0.551,28,634
2026-01-29 01:55:54,mistralai/Mistral-7B-Instruct-v0.3,MMLU_selected_subjects,isot_true_949,clean,0.543,28,700
2026-01-29 02:01:52,mistralai/Mistral-7B-Instruct-v0.3,MMLU_selected_subjects,isot_true_949,meani,0.553,28,700
2026-01-29 02:07:34,mistralai/Mistral-7B-Instruct-v0.3,MMLU_selected_subjects,isot_true_95,clean,0.542,28,521
2026-01-29 02:13:18,mistralai/Mistral-7B-Instruct-v0.3,MMLU_selected_subjects,isot_true_95,meani,0.542,28,521
2026-01-29 02:19:10,mistralai/Mistral-7B-Instruct-v0.3,MMLU_selected_subjects,isot_true_950,clean,0.551,28,706
2026-01-29 02:25:09,mistralai/Mistral-7B-Instruct-v0.3,MMLU_selected_subjects,isot_true_950,meani,0.549,28,706
2026-01-29 02:30:57,mistralai/Mistral-7B-Instruct-v0.3,MMLU_selected_subjects,isot_true_951,clean,0.539,28,578
2026-01-29 02:36:41,mistralai/Mistral-7B-Instruct-v0.3,MMLU_selected_subjects,isot_true_951,meani,0.541,28,578
2026-01-29 02:42:35,mistralai/Mistral-7B-Instruct-v0.3,MMLU_selected_subjects,isot_true_952,clean,0.558,28,692
2026-01-29 02:48:22,mistralai/Mistral-7B-Instruct-v0.3,MMLU_selected_subjects,isot_true_952,meani,0.548,28,692
2026-01-29 02:54:10,mistralai/Mistral-7B-Instruct-v0.3,MMLU_selected_subjects,isot_true_953,clean,0.548,28,612
2026-01-29 03:00:01,mistralai/Mistral-7B-Instruct-v0.3,MMLU_selected_subjects,isot_true_953,meani,0.55,28,612
2026-01-29 03:05:35,mistralai/Mistral-7B-Instruct-v0.3,MMLU_selected_subjects,isot_true_954,clean,0.559,28,411
2026-01-29 03:11:10,mistralai/Mistral-7B-Instruct-v0.3,MMLU_selected_subjects,isot_true_954,meani,0.555,28,411
2026-01-29 03:16:37,mistralai/Mistral-7B-Instruct-v0.3,MMLU_selected_subjects,isot_true_955,clean,0.553,28,340
2026-01-29 03:22:01,mistralai/Mistral-7B-Instruct-v0.3,MMLU_selected_subjects,isot_true_955,meani,0.545,28,340
2026-01-29 03:27:29,mistralai/Mistral-7B-Instruct-v0.3,MMLU_selected_subjects,isot_true_956,clean,0.55,28,344
2026-01-29 03:32:56,mistralai/Mistral-7B-Instruct-v0.3,MMLU_selected_subjects,isot_true_956,meani,0.551,28,344
2026-01-29 03:38:45,mistralai/Mistral-7B-Instruct-v0.3,MMLU_selected_subjects,isot_true_957,clean,0.543,28,582
2026-01-29 03:44:33,mistralai/Mistral-7B-Instruct-v0.3,MMLU_selected_subjects,isot_true_957,meani,0.542,28,582
2026-01-29 03:50:12,mistralai/Mistral-7B-Instruct-v0.3,MMLU_selected_subjects,isot_true_958,clean,0.542,28,445
2026-01-29 03:55:56,mistralai/Mistral-7B-Instruct-v0.3,MMLU_selected_subjects,isot_true_958,meani,0.548,28,445
2026-01-29 04:02:01,mistralai/Mistral-7B-Instruct-v0.3,MMLU_selected_subjects,isot_true_959,clean,0.553,28,764
2026-01-29 04:08:00,mistralai/Mistral-7B-Instruct-v0.3,MMLU_selected_subjects,isot_true_959,meani,0.544,28,764
2026-01-29 04:13:25,mistralai/Mistral-7B-Instruct-v0.3,MMLU_selected_subjects,isot_true_96,clean,0.55,28,328
2026-01-29 04:18:49,mistralai/Mistral-7B-Instruct-v0.3,MMLU_selected_subjects,isot_true_96,meani,0.562,28,328
2026-01-29 04:24:19,mistralai/Mistral-7B-Instruct-v0.3,MMLU_selected_subjects,isot_true_960,clean,0.548,28,402
2026-01-29 04:29:51,mistralai/Mistral-7B-Instruct-v0.3,MMLU_selected_subjects,isot_true_960,meani,0.551,28,402
2026-01-29 04:35:51,mistralai/Mistral-7B-Instruct-v0.3,MMLU_selected_subjects,isot_true_961,clean,0.547,28,753
2026-01-29 04:41:46,mistralai/Mistral-7B-Instruct-v0.3,MMLU_selected_subjects,isot_true_961,meani,0.55,28,753
2026-01-29 04:47:41,mistralai/Mistral-7B-Instruct-v0.3,MMLU_selected_subjects,isot_true_962,clean,0.541,28,698
2026-01-29 04:53:37,mistralai/Mistral-7B-Instruct-v0.3,MMLU_selected_subjects,isot_true_962,meani,0.539,28,698
2026-01-29 04:59:27,mistralai/Mistral-7B-Instruct-v0.3,MMLU_selected_subjects,isot_true_963,clean,0.547,28,549
2026-01-29 05:05:17,mistralai/Mistral-7B-Instruct-v0.3,MMLU_selected_subjects,isot_true_963,meani,0.541,28,549
2026-01-29 05:10:56,mistralai/Mistral-7B-Instruct-v0.3,MMLU_selected_subjects,isot_true_964,clean,0.538,28,578
2026-01-29 05:16:44,mistralai/Mistral-7B-Instruct-v0.3,MMLU_selected_subjects,isot_true_964,meani,0.551,28,578
2026-01-29 05:22:24,mistralai/Mistral-7B-Instruct-v0.3,MMLU_selected_subjects,isot_true_965,clean,0.539,28,586
2026-01-29 05:28:08,mistralai/Mistral-7B-Instruct-v0.3,MMLU_selected_subjects,isot_true_965,meani,0.548,28,586
2026-01-29 05:33:47,mistralai/Mistral-7B-Instruct-v0.3,MMLU_selected_subjects,isot_true_966,clean,0.54,28,432
2026-01-29 05:39:24,mistralai/Mistral-7B-Instruct-v0.3,MMLU_selected_subjects,isot_true_966,meani,0.547,28,432
2026-01-29 05:45:05,mistralai/Mistral-7B-Instruct-v0.3,MMLU_selected_subjects,isot_true_967,clean,0.545,28,516
2026-01-29 05:50:46,mistralai/Mistral-7B-Instruct-v0.3,MMLU_selected_subjects,isot_true_967,meani,0.544,28,516
2026-01-29 05:56:29,mistralai/Mistral-7B-Instruct-v0.3,MMLU_selected_subjects,isot_true_968,clean,0.557,28,565
2026-01-29 06:02:12,mistralai/Mistral-7B-Instruct-v0.3,MMLU_selected_subjects,isot_true_968,meani,0.542,28,565
2026-01-29 06:07:51,mistralai/Mistral-7B-Instruct-v0.3,MMLU_selected_subjects,isot_true_969,clean,0.554,28,522
2026-01-29 06:13:26,mistralai/Mistral-7B-Instruct-v0.3,MMLU_selected_subjects,isot_true_969,meani,0.546,28,522
2026-01-29 06:18:55,mistralai/Mistral-7B-Instruct-v0.3,MMLU_selected_subjects,isot_true_97,clean,0.555,28,430
2026-01-29 06:24:24,mistralai/Mistral-7B-Instruct-v0.3,MMLU_selected_subjects,isot_true_97,meani,0.55,28,430
2026-01-29 06:30:15,mistralai/Mistral-7B-Instruct-v0.3,MMLU_selected_subjects,isot_true_970,clean,0.562,28,650
2026-01-29 06:36:03,mistralai/Mistral-7B-Instruct-v0.3,MMLU_selected_subjects,isot_true_970,meani,0.552,28,650
2026-01-29 06:41:40,mistralai/Mistral-7B-Instruct-v0.3,MMLU_selected_subjects,isot_true_971,clean,0.543,28,478
2026-01-29 06:47:19,mistralai/Mistral-7B-Instruct-v0.3,MMLU_selected_subjects,isot_true_971,meani,0.548,28,478
2026-01-29 06:53:16,mistralai/Mistral-7B-Instruct-v0.3,MMLU_selected_subjects,isot_true_972,clean,0.551,28,751
2026-01-29 06:59:11,mistralai/Mistral-7B-Instruct-v0.3,MMLU_selected_subjects,isot_true_972,meani,0.556,28,751
2026-01-29 07:05:14,mistralai/Mistral-7B-Instruct-v0.3,MMLU_selected_subjects,isot_true_973,clean,0.544,28,765
2026-01-29 07:11:18,mistralai/Mistral-7B-Instruct-v0.3,MMLU_selected_subjects,isot_true_973,meani,0.556,28,765
2026-01-29 07:16:56,mistralai/Mistral-7B-Instruct-v0.3,MMLU_selected_subjects,isot_true_974,clean,0.553,28,448
2026-01-29 07:22:37,mistralai/Mistral-7B-Instruct-v0.3,MMLU_selected_subjects,isot_true_974,meani,0.55,28,448
2026-01-29 07:28:29,mistralai/Mistral-7B-Instruct-v0.3,MMLU_selected_subjects,isot_true_975,clean,0.553,28,628
2026-01-29 07:34:16,mistralai/Mistral-7B-Instruct-v0.3,MMLU_selected_subjects,isot_true_975,meani,0.55,28,628
2026-01-29 07:39:56,mistralai/Mistral-7B-Instruct-v0.3,MMLU_selected_subjects,isot_true_976,clean,0.546,28,540
2026-01-29 07:45:38,mistralai/Mistral-7B-Instruct-v0.3,MMLU_selected_subjects,isot_true_976,meani,0.566,28,540
2026-01-29 07:51:23,mistralai/Mistral-7B-Instruct-v0.3,MMLU_selected_subjects,isot_true_977,clean,0.546,28,603
2026-01-29 07:57:09,mistralai/Mistral-7B-Instruct-v0.3,MMLU_selected_subjects,isot_true_977,meani,0.553,28,603
2026-01-29 08:02:53,mistralai/Mistral-7B-Instruct-v0.3,MMLU_selected_subjects,isot_true_978,clean,0.561,28,618
2026-01-29 08:08:34,mistralai/Mistral-7B-Instruct-v0.3,MMLU_selected_subjects,isot_true_978,meani,0.553,28,618
2026-01-29 08:14:43,mistralai/Mistral-7B-Instruct-v0.3,MMLU_selected_subjects,isot_true_979,clean,0.56,28,786
2026-01-29 08:20:47,mistralai/Mistral-7B-Instruct-v0.3,MMLU_selected_subjects,isot_true_979,meani,0.547,28,786
2026-01-29 08:26:49,mistralai/Mistral-7B-Instruct-v0.3,MMLU_selected_subjects,isot_true_98,clean,0.542,28,742
2026-01-29 08:32:49,mistralai/Mistral-7B-Instruct-v0.3,MMLU_selected_subjects,isot_true_98,meani,0.557,28,742
2026-01-29 08:38:34,mistralai/Mistral-7B-Instruct-v0.3,MMLU_selected_subjects,isot_true_980,clean,0.552,28,611
2026-01-29 08:38:34,mistralai/Mistral-7B-Instruct-v0.3,MMLU_selected_subjects,isot_true_980,meani,0.550,28,611
2026-01-29 08:55:16,mistralai/Mistral-7B-Instruct-v0.3,MMLU_selected_subjects,isot_true_981,clean,0.543,28,325
2026-01-29 08:55:16,mistralai/Mistral-7B-Instruct-v0.3,MMLU_selected_subjects,isot_true_981,meani,0.551,28,325
2026-01-29 09:01:17,mistralai/Mistral-7B-Instruct-v0.3,MMLU_selected_subjects,isot_true_982,clean,0.547,28,712
2026-01-29 09:07:12,mistralai/Mistral-7B-Instruct-v0.3,MMLU_selected_subjects,isot_true_982,meani,0.551,28,712
2026-01-29 09:13:06,mistralai/Mistral-7B-Instruct-v0.3,MMLU_selected_subjects,isot_true_983,clean,0.541,28,627
2026-01-29 09:18:58,mistralai/Mistral-7B-Instruct-v0.3,MMLU_selected_subjects,isot_true_983,meani,0.548,28,627
2026-01-29 09:24:35,mistralai/Mistral-7B-Instruct-v0.3,MMLU_selected_subjects,isot_true_984,clean,0.546,28,496
2026-01-29 09:30:11,mistralai/Mistral-7B-Instruct-v0.3,MMLU_selected_subjects,isot_true_984,meani,0.551,28,496
2026-01-29 09:37:38,mistralai/Mistral-7B-Instruct-v0.3,MMLU_selected_subjects,isot_true_985,clean,0.552,28,418
2026-01-29 09:45:35,mistralai/Mistral-7B-Instruct-v0.3,MMLU_selected_subjects,isot_true_985,meani,0.546,28,418
2026-01-29 09:53:13,mistralai/Mistral-7B-Instruct-v0.3,MMLU_selected_subjects,isot_true_986,clean,0.549,28,344
2026-01-29 10:00:55,mistralai/Mistral-7B-Instruct-v0.3,MMLU_selected_subjects,isot_true_986,meani,0.544,28,344
2026-01-29 10:09:02,mistralai/Mistral-7B-Instruct-v0.3,MMLU_selected_subjects,isot_true_987,clean,0.556,28,516
2026-01-29 10:17:15,mistralai/Mistral-7B-Instruct-v0.3,MMLU_selected_subjects,isot_true_987,meani,0.538,28,516
2026-01-29 10:25:17,mistralai/Mistral-7B-Instruct-v0.3,MMLU_selected_subjects,isot_true_988,clean,0.549,28,558
2026-01-29 10:31:08,mistralai/Mistral-7B-Instruct-v0.3,MMLU_selected_subjects,isot_true_988,meani,0.557,28,558
2026-01-29 10:37:44,mistralai/Mistral-7B-Instruct-v0.3,MMLU_selected_subjects,isot_true_989,clean,0.544,28,608
2026-01-29 10:45:49,mistralai/Mistral-7B-Instruct-v0.3,MMLU_selected_subjects,isot_true_989,meani,0.561,28,608
2026-01-29 10:53:35,mistralai/Mistral-7B-Instruct-v0.3,MMLU_selected_subjects,isot_true_99,clean,0.551,28,469
2026-01-29 11:01:36,mistralai/Mistral-7B-Instruct-v0.3,MMLU_selected_subjects,isot_true_99,meani,0.553,28,469
2026-01-29 11:09:30,mistralai/Mistral-7B-Instruct-v0.3,MMLU_selected_subjects,isot_true_990,clean,0.553,28,347
2026-01-29 11:17:28,mistralai/Mistral-7B-Instruct-v0.3,MMLU_selected_subjects,isot_true_990,meani,0.562,28,347
2026-01-29 11:25:40,mistralai/Mistral-7B-Instruct-v0.3,MMLU_selected_subjects,isot_true_991,clean,0.547,28,400
2026-01-29 11:33:34,mistralai/Mistral-7B-Instruct-v0.3,MMLU_selected_subjects,isot_true_991,meani,0.549,28,400
2026-01-29 11:41:35,mistralai/Mistral-7B-Instruct-v0.3,MMLU_selected_subjects,isot_true_992,clean,0.548,28,439
2026-01-29 11:49:41,mistralai/Mistral-7B-Instruct-v0.3,MMLU_selected_subjects,isot_true_992,meani,0.548,28,439
2026-01-29 11:57:55,mistralai/Mistral-7B-Instruct-v0.3,MMLU_selected_subjects,isot_true_993,clean,0.552,28,709
2026-01-29 12:06:09,mistralai/Mistral-7B-Instruct-v0.3,MMLU_selected_subjects,isot_true_993,meani,0.549,28,709
2026-01-29 12:14:23,mistralai/Mistral-7B-Instruct-v0.3,MMLU_selected_subjects,isot_true_994,clean,0.546,28,787
2026-01-29 12:22:45,mistralai/Mistral-7B-Instruct-v0.3,MMLU_selected_subjects,isot_true_994,meani,0.553,28,787
2026-01-29 12:31:03,mistralai/Mistral-7B-Instruct-v0.3,MMLU_selected_subjects,isot_true_995,clean,0.554,28,642
2026-01-29 12:39:21,mistralai/Mistral-7B-Instruct-v0.3,MMLU_selected_subjects,isot_true_995,meani,0.566,28,642
2026-01-29 12:47:38,mistralai/Mistral-7B-Instruct-v0.3,MMLU_selected_subjects,isot_true_996,clean,0.554,28,710
2026-01-29 12:56:01,mistralai/Mistral-7B-Instruct-v0.3,MMLU_selected_subjects,isot_true_996,meani,0.544,28,710
2026-01-29 13:04:17,mistralai/Mistral-7B-Instruct-v0.3,MMLU_selected_subjects,isot_true_997,clean,0.539,28,548
2026-01-29 13:12:30,mistralai/Mistral-7B-Instruct-v0.3,MMLU_selected_subjects,isot_true_997,meani,0.559,28,548
2026-01-29 13:20:22,mistralai/Mistral-7B-Instruct-v0.3,MMLU_selected_subjects,isot_true_998,clean,0.547,28,523
2026-01-29 13:28:33,mistralai/Mistral-7B-Instruct-v0.3,MMLU_selected_subjects,isot_true_998,meani,0.541,28,523
2026-01-29 13:36:37,mistralai/Mistral-7B-Instruct-v0.3,MMLU_selected_subjects,isot_true_999,clean,0.568,28,529
2026-01-29 13:44:30,mistralai/Mistral-7B-Instruct-v0.3,MMLU_selected_subjects,isot_true_999,meani,0.559,28,529
2026-01-24 19:01:35,meta-llama/Llama-3.1-8B,MMLU_selected_subjects,isot_true_1,clean,0.535,28,220
2026-01-24 19:05:00,meta-llama/Llama-3.1-8B,MMLU_selected_subjects,isot_true_1,meani,0.527,28,220
2026-01-24 19:08:29,meta-llama/Llama-3.1-8B,MMLU_selected_subjects,isot_true_10,clean,0.526,28,746
2026-01-24 19:12:27,meta-llama/Llama-3.1-8B,MMLU_selected_subjects,isot_true_10,meani,0.533,28,746
2026-01-24 19:15:31,meta-llama/Llama-3.1-8B,MMLU_selected_subjects,isot_true_100,clean,0.542,28,506
2026-01-24 19:18:17,meta-llama/Llama-3.1-8B,MMLU_selected_subjects,isot_true_100,meani,0.539,28,506
2026-01-24 19:21:31,meta-llama/Llama-3.1-8B,MMLU_selected_subjects,isot_true_1000,clean,0.517,28,718
2026-01-24 19:25:29,meta-llama/Llama-3.1-8B,MMLU_selected_subjects,isot_true_1000,meani,0.523,28,718
2026-01-24 19:28:55,meta-llama/Llama-3.1-8B,MMLU_selected_subjects,isot_true_101,clean,0.516,28,606
2026-01-24 19:32:56,meta-llama/Llama-3.1-8B,MMLU_selected_subjects,isot_true_101,meani,0.54,28,606
2026-01-24 19:35:42,meta-llama/Llama-3.1-8B,MMLU_selected_subjects,isot_true_102,clean,0.515,28,502
2026-01-24 19:38:09,meta-llama/Llama-3.1-8B,MMLU_selected_subjects,isot_true_102,meani,0.523,28,502
2026-01-24 19:40:49,meta-llama/Llama-3.1-8B,MMLU_selected_subjects,isot_true_103,clean,0.509,28,430
2026-01-24 19:43:22,meta-llama/Llama-3.1-8B,MMLU_selected_subjects,isot_true_103,meani,0.508,28,430
2026-01-24 19:46:49,meta-llama/Llama-3.1-8B,MMLU_selected_subjects,isot_true_104,clean,0.532,28,720
2026-01-24 19:50:22,meta-llama/Llama-3.1-8B,MMLU_selected_subjects,isot_true_104,meani,0.53,28,720
2026-01-24 19:53:18,meta-llama/Llama-3.1-8B,MMLU_selected_subjects,isot_true_105,clean,0.521,28,753
2026-01-24 19:56:34,meta-llama/Llama-3.1-8B,MMLU_selected_subjects,isot_true_105,meani,0.513,28,753
2026-01-24 19:59:56,meta-llama/Llama-3.1-8B,MMLU_selected_subjects,isot_true_106,clean,0.501,28,734
2026-01-24 20:03:33,meta-llama/Llama-3.1-8B,MMLU_selected_subjects,isot_true_106,meani,0.523,28,734
2026-01-24 20:06:06,meta-llama/Llama-3.1-8B,MMLU_selected_subjects,isot_true_107,clean,0.511,28,370
2026-01-24 20:08:47,meta-llama/Llama-3.1-8B,MMLU_selected_subjects,isot_true_107,meani,0.522,28,370
2026-01-24 20:11:50,meta-llama/Llama-3.1-8B,MMLU_selected_subjects,isot_true_108,clean,0.533,28,770
2026-01-24 20:15:11,meta-llama/Llama-3.1-8B,MMLU_selected_subjects,isot_true_108,meani,0.532,28,770
2026-01-24 20:18:31,meta-llama/Llama-3.1-8B,MMLU_selected_subjects,isot_true_109,clean,0.505,28,745
2026-01-24 20:22:44,meta-llama/Llama-3.1-8B,MMLU_selected_subjects,isot_true_109,meani,0.516,28,745
2026-01-24 20:26:16,meta-llama/Llama-3.1-8B,MMLU_selected_subjects,isot_true_11,clean,0.525,28,741
2026-01-24 20:29:24,meta-llama/Llama-3.1-8B,MMLU_selected_subjects,isot_true_11,meani,0.522,28,741
2026-01-24 20:32:22,meta-llama/Llama-3.1-8B,MMLU_selected_subjects,isot_true_110,clean,0.501,28,401
2026-01-24 20:36:30,meta-llama/Llama-3.1-8B,MMLU_selected_subjects,isot_true_110,meani,0.504,28,401
2026-01-24 20:40:04,meta-llama/Llama-3.1-8B,MMLU_selected_subjects,isot_true_111,clean,0.505,28,688
2026-01-24 20:44:15,meta-llama/Llama-3.1-8B,MMLU_selected_subjects,isot_true_111,meani,0.51,28,688
2026-01-24 20:47:28,meta-llama/Llama-3.1-8B,MMLU_selected_subjects,isot_true_112,clean,0.525,28,492
2026-01-24 20:51:03,meta-llama/Llama-3.1-8B,MMLU_selected_subjects,isot_true_112,meani,0.52,28,492
2026-01-24 20:54:18,meta-llama/Llama-3.1-8B,MMLU_selected_subjects,isot_true_113,clean,0.521,28,743
2026-01-24 20:58:24,meta-llama/Llama-3.1-8B,MMLU_selected_subjects,isot_true_113,meani,0.509,28,743
2026-01-24 21:01:31,meta-llama/Llama-3.1-8B,MMLU_selected_subjects,isot_true_114,clean,0.524,28,537
2026-01-24 21:05:13,meta-llama/Llama-3.1-8B,MMLU_selected_subjects,isot_true_114,meani,0.523,28,537
2026-01-24 21:07:55,meta-llama/Llama-3.1-8B,MMLU_selected_subjects,isot_true_115,clean,0.487,28,594
2026-01-24 21:10:35,meta-llama/Llama-3.1-8B,MMLU_selected_subjects,isot_true_115,meani,0.506,28,594
2026-01-24 21:13:30,meta-llama/Llama-3.1-8B,MMLU_selected_subjects,isot_true_116,clean,0.507,28,415
2026-01-24 21:17:04,meta-llama/Llama-3.1-8B,MMLU_selected_subjects,isot_true_116,meani,0.52,28,415
2026-01-24 21:20:14,meta-llama/Llama-3.1-8B,MMLU_selected_subjects,isot_true_117,clean,0.509,28,237
2026-01-24 21:23:46,meta-llama/Llama-3.1-8B,MMLU_selected_subjects,isot_true_117,meani,0.549,28,237
2026-01-24 21:26:41,meta-llama/Llama-3.1-8B,MMLU_selected_subjects,isot_true_118,clean,0.539,28,386
2026-01-24 21:29:41,meta-llama/Llama-3.1-8B,MMLU_selected_subjects,isot_true_118,meani,0.547,28,386
2026-01-24 21:32:52,meta-llama/Llama-3.1-8B,MMLU_selected_subjects,isot_true_119,clean,0.529,28,528
2026-01-24 21:36:18,meta-llama/Llama-3.1-8B,MMLU_selected_subjects,isot_true_119,meani,0.532,28,528
2026-01-24 21:39:22,meta-llama/Llama-3.1-8B,MMLU_selected_subjects,isot_true_12,clean,0.5,28,438
2026-01-24 21:42:45,meta-llama/Llama-3.1-8B,MMLU_selected_subjects,isot_true_12,meani,0.529,28,438
2026-01-24 21:45:36,meta-llama/Llama-3.1-8B,MMLU_selected_subjects,isot_true_120,clean,0.522,28,642
2026-01-24 21:48:59,meta-llama/Llama-3.1-8B,MMLU_selected_subjects,isot_true_120,meani,0.525,28,642
2026-01-24 21:51:52,meta-llama/Llama-3.1-8B,MMLU_selected_subjects,isot_true_121,clean,0.512,28,569
2026-01-24 21:54:55,meta-llama/Llama-3.1-8B,MMLU_selected_subjects,isot_true_121,meani,0.514,28,569
2026-01-24 21:58:07,meta-llama/Llama-3.1-8B,MMLU_selected_subjects,isot_true_122,clean,0.528,28,406
2026-01-24 22:02:01,meta-llama/Llama-3.1-8B,MMLU_selected_subjects,isot_true_122,meani,0.532,28,406
2026-01-24 22:05:31,meta-llama/Llama-3.1-8B,MMLU_selected_subjects,isot_true_123,clean,0.533,28,783
2026-01-24 22:09:20,meta-llama/Llama-3.1-8B,MMLU_selected_subjects,isot_true_123,meani,0.534,28,783
2026-01-24 22:13:06,meta-llama/Llama-3.1-8B,MMLU_selected_subjects,isot_true_124,clean,0.52,28,697
2026-01-24 22:16:19,meta-llama/Llama-3.1-8B,MMLU_selected_subjects,isot_true_124,meani,0.53,28,697
2026-01-24 22:19:49,meta-llama/Llama-3.1-8B,MMLU_selected_subjects,isot_true_125,clean,0.513,28,657
2026-01-24 22:23:32,meta-llama/Llama-3.1-8B,MMLU_selected_subjects,isot_true_125,meani,0.523,28,657
2026-01-24 22:26:26,meta-llama/Llama-3.1-8B,MMLU_selected_subjects,isot_true_126,clean,0.511,28,744
2026-01-24 22:30:26,meta-llama/Llama-3.1-8B,MMLU_selected_subjects,isot_true_126,meani,0.512,28,744
2026-01-24 22:33:26,meta-llama/Llama-3.1-8B,MMLU_selected_subjects,isot_true_127,clean,0.516,28,553
2026-01-24 22:36:16,meta-llama/Llama-3.1-8B,MMLU_selected_subjects,isot_true_127,meani,0.513,28,553
2026-01-24 22:39:53,meta-llama/Llama-3.1-8B,MMLU_selected_subjects,isot_true_128,clean,0.501,28,682
2026-01-24 22:43:00,meta-llama/Llama-3.1-8B,MMLU_selected_subjects,isot_true_128,meani,0.48,28,682
2026-01-24 22:46:15,meta-llama/Llama-3.1-8B,MMLU_selected_subjects,isot_true_129,clean,0.509,28,520
2026-01-24 22:49:38,meta-llama/Llama-3.1-8B,MMLU_selected_subjects,isot_true_129,meani,0.525,28,520
2026-01-24 22:53:05,meta-llama/Llama-3.1-8B,MMLU_selected_subjects,isot_true_13,clean,0.517,28,792
2026-01-24 22:57:19,meta-llama/Llama-3.1-8B,MMLU_selected_subjects,isot_true_13,meani,0.533,28,792
2026-01-24 23:00:43,meta-llama/Llama-3.1-8B,MMLU_selected_subjects,isot_true_130,clean,0.517,28,445
2026-01-24 23:04:31,meta-llama/Llama-3.1-8B,MMLU_selected_subjects,isot_true_130,meani,0.521,28,445
2026-01-24 23:07:47,meta-llama/Llama-3.1-8B,MMLU_selected_subjects,isot_true_131,clean,0.534,28,333
2026-01-24 23:11:47,meta-llama/Llama-3.1-8B,MMLU_selected_subjects,isot_true_131,meani,0.515,28,333
2026-01-24 23:14:50,meta-llama/Llama-3.1-8B,MMLU_selected_subjects,isot_true_132,clean,0.515,28,340
2026-01-24 23:17:49,meta-llama/Llama-3.1-8B,MMLU_selected_subjects,isot_true_132,meani,0.529,28,340
2026-01-24 23:21:03,meta-llama/Llama-3.1-8B,MMLU_selected_subjects,isot_true_133,clean,0.505,28,423
2026-01-24 23:24:50,meta-llama/Llama-3.1-8B,MMLU_selected_subjects,isot_true_133,meani,0.539,28,423
2026-01-24 23:27:56,meta-llama/Llama-3.1-8B,MMLU_selected_subjects,isot_true_134,clean,0.506,28,706
2026-01-24 23:31:47,meta-llama/Llama-3.1-8B,MMLU_selected_subjects,isot_true_134,meani,0.535,28,706
2026-01-24 23:34:46,meta-llama/Llama-3.1-8B,MMLU_selected_subjects,isot_true_135,clean,0.526,28,508
2026-01-24 23:37:58,meta-llama/Llama-3.1-8B,MMLU_selected_subjects,isot_true_135,meani,0.53,28,508
2026-01-24 23:41:12,meta-llama/Llama-3.1-8B,MMLU_selected_subjects,isot_true_136,clean,0.51,28,541
2026-01-24 23:44:30,meta-llama/Llama-3.1-8B,MMLU_selected_subjects,isot_true_136,meani,0.515,28,541
2026-01-24 23:48:13,meta-llama/Llama-3.1-8B,MMLU_selected_subjects,isot_true_137,clean,0.515,28,626
2026-01-24 23:51:43,meta-llama/Llama-3.1-8B,MMLU_selected_subjects,isot_true_137,meani,0.527,28,626
2026-01-24 23:54:22,meta-llama/Llama-3.1-8B,MMLU_selected_subjects,isot_true_138,clean,0.509,28,480
2026-01-24 23:56:45,meta-llama/Llama-3.1-8B,MMLU_selected_subjects,isot_true_138,meani,0.503,28,480
2026-01-24 23:59:30,meta-llama/Llama-3.1-8B,MMLU_selected_subjects,isot_true_139,clean,0.52,28,387
2026-01-25 00:03:04,meta-llama/Llama-3.1-8B,MMLU_selected_subjects,isot_true_139,meani,0.512,28,387
2026-01-25 00:06:07,meta-llama/Llama-3.1-8B,MMLU_selected_subjects,isot_true_14,clean,0.528,28,351
2026-01-25 00:09:32,meta-llama/Llama-3.1-8B,MMLU_selected_subjects,isot_true_14,meani,0.523,28,351
2026-01-25 00:12:33,meta-llama/Llama-3.1-8B,MMLU_selected_subjects,isot_true_140,clean,0.526,28,528
2026-01-25 00:15:56,meta-llama/Llama-3.1-8B,MMLU_selected_subjects,isot_true_140,meani,0.528,28,528
2026-01-25 00:18:38,meta-llama/Llama-3.1-8B,MMLU_selected_subjects,isot_true_141,clean,0.525,28,485
2026-01-25 00:21:51,meta-llama/Llama-3.1-8B,MMLU_selected_subjects,isot_true_141,meani,0.532,28,485
2026-01-25 00:25:19,meta-llama/Llama-3.1-8B,MMLU_selected_subjects,isot_true_142,clean,0.525,28,718
2026-01-25 00:29:13,meta-llama/Llama-3.1-8B,MMLU_selected_subjects,isot_true_142,meani,0.522,28,718
2026-01-25 00:32:32,meta-llama/Llama-3.1-8B,MMLU_selected_subjects,isot_true_143,clean,0.511,28,688
2026-01-25 00:36:18,meta-llama/Llama-3.1-8B,MMLU_selected_subjects,isot_true_143,meani,0.532,28,688
2026-01-25 00:39:12,meta-llama/Llama-3.1-8B,MMLU_selected_subjects,isot_true_144,clean,0.533,28,414
2026-01-25 00:42:44,meta-llama/Llama-3.1-8B,MMLU_selected_subjects,isot_true_144,meani,0.554,28,414
2026-01-25 00:45:44,meta-llama/Llama-3.1-8B,MMLU_selected_subjects,isot_true_145,clean,0.529,28,609
2026-01-25 00:49:08,meta-llama/Llama-3.1-8B,MMLU_selected_subjects,isot_true_145,meani,0.526,28,609
2026-01-25 00:52:47,meta-llama/Llama-3.1-8B,MMLU_selected_subjects,isot_true_146,clean,0.523,28,589
2026-01-25 00:56:27,meta-llama/Llama-3.1-8B,MMLU_selected_subjects,isot_true_146,meani,0.519,28,589
2026-01-25 00:59:33,meta-llama/Llama-3.1-8B,MMLU_selected_subjects,isot_true_147,clean,0.51,28,347
2026-01-25 01:02:42,meta-llama/Llama-3.1-8B,MMLU_selected_subjects,isot_true_147,meani,0.519,28,347
2026-01-25 01:05:23,meta-llama/Llama-3.1-8B,MMLU_selected_subjects,isot_true_148,clean,0.5,28,407
2026-01-25 01:09:07,meta-llama/Llama-3.1-8B,MMLU_selected_subjects,isot_true_148,meani,0.528,28,407
2026-01-25 01:11:57,meta-llama/Llama-3.1-8B,MMLU_selected_subjects,isot_true_149,clean,0.513,28,554
2026-01-25 01:14:32,meta-llama/Llama-3.1-8B,MMLU_selected_subjects,isot_true_149,meani,0.504,28,554
2026-01-25 01:17:27,meta-llama/Llama-3.1-8B,MMLU_selected_subjects,isot_true_15,clean,0.509,28,450
2026-01-25 01:21:04,meta-llama/Llama-3.1-8B,MMLU_selected_subjects,isot_true_15,meani,0.537,28,450
2026-01-25 01:24:29,meta-llama/Llama-3.1-8B,MMLU_selected_subjects,isot_true_150,clean,0.52,28,620
2026-01-25 01:27:22,meta-llama/Llama-3.1-8B,MMLU_selected_subjects,isot_true_150,meani,0.516,28,620
2026-01-25 01:29:53,meta-llama/Llama-3.1-8B,MMLU_selected_subjects,isot_true_151,clean,0.515,28,332
2026-01-25 01:32:45,meta-llama/Llama-3.1-8B,MMLU_selected_subjects,isot_true_151,meani,0.513,28,332
2026-01-25 01:35:38,meta-llama/Llama-3.1-8B,MMLU_selected_subjects,isot_true_152,clean,0.494,28,609
2026-01-25 01:38:46,meta-llama/Llama-3.1-8B,MMLU_selected_subjects,isot_true_152,meani,0.519,28,609
2026-01-25 01:42:23,meta-llama/Llama-3.1-8B,MMLU_selected_subjects,isot_true_153,clean,0.513,28,388
2026-01-25 01:45:56,meta-llama/Llama-3.1-8B,MMLU_selected_subjects,isot_true_153,meani,0.511,28,388
2026-01-25 01:49:14,meta-llama/Llama-3.1-8B,MMLU_selected_subjects,isot_true_154,clean,0.538,28,527
2026-01-25 01:52:53,meta-llama/Llama-3.1-8B,MMLU_selected_subjects,isot_true_154,meani,0.539,28,527
2026-01-25 01:55:46,meta-llama/Llama-3.1-8B,MMLU_selected_subjects,isot_true_155,clean,0.514,28,689
2026-01-25 01:59:24,meta-llama/Llama-3.1-8B,MMLU_selected_subjects,isot_true_155,meani,0.537,28,689
2026-01-25 02:02:10,meta-llama/Llama-3.1-8B,MMLU_selected_subjects,isot_true_156,clean,0.514,28,735
2026-01-25 02:04:54,meta-llama/Llama-3.1-8B,MMLU_selected_subjects,isot_true_156,meani,0.498,28,735
2026-01-25 02:08:32,meta-llama/Llama-3.1-8B,MMLU_selected_subjects,isot_true_157,clean,0.526,28,452
2026-01-25 02:12:17,meta-llama/Llama-3.1-8B,MMLU_selected_subjects,isot_true_157,meani,0.527,28,452
2026-01-25 02:15:22,meta-llama/Llama-3.1-8B,MMLU_selected_subjects,isot_true_158,clean,0.524,28,455
2026-01-25 02:19:00,meta-llama/Llama-3.1-8B,MMLU_selected_subjects,isot_true_158,meani,0.518,28,455
2026-01-25 02:22:12,meta-llama/Llama-3.1-8B,MMLU_selected_subjects,isot_true_159,clean,0.505,28,353
2026-01-25 02:25:41,meta-llama/Llama-3.1-8B,MMLU_selected_subjects,isot_true_159,meani,0.517,28,353
2026-01-25 02:28:55,meta-llama/Llama-3.1-8B,MMLU_selected_subjects,isot_true_16,clean,0.526,28,569
2026-01-25 02:32:57,meta-llama/Llama-3.1-8B,MMLU_selected_subjects,isot_true_16,meani,0.534,28,569
2026-01-25 02:36:00,meta-llama/Llama-3.1-8B,MMLU_selected_subjects,isot_true_160,clean,0.501,28,318
2026-01-25 02:39:56,meta-llama/Llama-3.1-8B,MMLU_selected_subjects,isot_true_160,meani,0.514,28,318
2026-01-25 02:43:07,meta-llama/Llama-3.1-8B,MMLU_selected_subjects,isot_true_161,clean,0.492,28,515
2026-01-25 02:46:13,meta-llama/Llama-3.1-8B,MMLU_selected_subjects,isot_true_161,meani,0.508,28,515
2026-01-25 02:49:27,meta-llama/Llama-3.1-8B,MMLU_selected_subjects,isot_true_162,clean,0.533,28,544
2026-01-25 02:52:48,meta-llama/Llama-3.1-8B,MMLU_selected_subjects,isot_true_162,meani,0.505,28,544
2026-01-25 02:56:02,meta-llama/Llama-3.1-8B,MMLU_selected_subjects,isot_true_163,clean,0.501,28,473
2026-01-25 02:59:21,meta-llama/Llama-3.1-8B,MMLU_selected_subjects,isot_true_163,meani,0.52,28,473
2026-01-25 03:02:08,meta-llama/Llama-3.1-8B,MMLU_selected_subjects,isot_true_164,clean,0.513,28,562
2026-01-25 03:05:02,meta-llama/Llama-3.1-8B,MMLU_selected_subjects,isot_true_164,meani,0.511,28,562
2026-01-25 03:08:01,meta-llama/Llama-3.1-8B,MMLU_selected_subjects,isot_true_165,clean,0.522,28,461
2026-01-25 03:11:15,meta-llama/Llama-3.1-8B,MMLU_selected_subjects,isot_true_165,meani,0.518,28,461
2026-01-25 03:14:00,meta-llama/Llama-3.1-8B,MMLU_selected_subjects,isot_true_166,clean,0.524,28,410
2026-01-25 03:17:26,meta-llama/Llama-3.1-8B,MMLU_selected_subjects,isot_true_166,meani,0.534,28,410
2026-01-25 03:20:43,meta-llama/Llama-3.1-8B,MMLU_selected_subjects,isot_true_167,clean,0.525,28,517
2026-01-25 03:24:06,meta-llama/Llama-3.1-8B,MMLU_selected_subjects,isot_true_167,meani,0.524,28,517
2026-01-25 03:27:30,meta-llama/Llama-3.1-8B,MMLU_selected_subjects,isot_true_168,clean,0.521,28,768
2026-01-25 03:31:38,meta-llama/Llama-3.1-8B,MMLU_selected_subjects,isot_true_168,meani,0.512,28,768
2026-01-25 03:34:59,meta-llama/Llama-3.1-8B,MMLU_selected_subjects,isot_true_169,clean,0.526,28,416
2026-01-25 03:38:50,meta-llama/Llama-3.1-8B,MMLU_selected_subjects,isot_true_169,meani,0.526,28,416
2026-01-25 03:41:46,meta-llama/Llama-3.1-8B,MMLU_selected_subjects,isot_true_17,clean,0.527,28,340
2026-01-25 03:44:48,meta-llama/Llama-3.1-8B,MMLU_selected_subjects,isot_true_17,meani,0.52,28,340
2026-01-25 03:48:52,meta-llama/Llama-3.1-8B,MMLU_selected_subjects,isot_true_170,clean,0.53,28,461
2026-01-25 03:52:05,meta-llama/Llama-3.1-8B,MMLU_selected_subjects,isot_true_170,meani,0.512,28,461
2026-01-25 03:55:09,meta-llama/Llama-3.1-8B,MMLU_selected_subjects,isot_true_171,clean,0.525,28,427
2026-01-25 03:59:00,meta-llama/Llama-3.1-8B,MMLU_selected_subjects,isot_true_171,meani,0.525,28,427
2026-01-25 04:02:11,meta-llama/Llama-3.1-8B,MMLU_selected_subjects,isot_true_172,clean,0.508,28,572
2026-01-25 04:05:02,meta-llama/Llama-3.1-8B,MMLU_selected_subjects,isot_true_172,meani,0.515,28,572
2026-01-25 04:07:48,meta-llama/Llama-3.1-8B,MMLU_selected_subjects,isot_true_173,clean,0.516,28,473
2026-01-25 04:10:20,meta-llama/Llama-3.1-8B,MMLU_selected_subjects,isot_true_173,meani,0.526,28,473
2026-01-25 04:13:40,meta-llama/Llama-3.1-8B,MMLU_selected_subjects,isot_true_174,clean,0.535,28,322
2026-01-25 04:17:34,meta-llama/Llama-3.1-8B,MMLU_selected_subjects,isot_true_174,meani,0.53,28,322
2026-01-25 04:20:34,meta-llama/Llama-3.1-8B,MMLU_selected_subjects,isot_true_175,clean,0.509,28,375
2026-01-25 04:24:31,meta-llama/Llama-3.1-8B,MMLU_selected_subjects,isot_true_175,meani,0.527,28,375
2026-01-25 04:27:53,meta-llama/Llama-3.1-8B,MMLU_selected_subjects,isot_true_176,clean,0.511,28,725
2026-01-25 04:30:55,meta-llama/Llama-3.1-8B,MMLU_selected_subjects,isot_true_176,meani,0.511,28,725
2026-01-25 04:33:51,meta-llama/Llama-3.1-8B,MMLU_selected_subjects,isot_true_177,clean,0.53,28,489
2026-01-25 04:36:32,meta-llama/Llama-3.1-8B,MMLU_selected_subjects,isot_true_177,meani,0.531,28,489
2026-01-25 04:39:20,meta-llama/Llama-3.1-8B,MMLU_selected_subjects,isot_true_178,clean,0.525,28,553
2026-01-25 04:42:14,meta-llama/Llama-3.1-8B,MMLU_selected_subjects,isot_true_178,meani,0.519,28,553
2026-01-25 04:45:26,meta-llama/Llama-3.1-8B,MMLU_selected_subjects,isot_true_179,clean,0.523,28,582
2026-01-25 04:48:07,meta-llama/Llama-3.1-8B,MMLU_selected_subjects,isot_true_179,meani,0.531,28,582
2026-01-25 04:51:48,meta-llama/Llama-3.1-8B,MMLU_selected_subjects,isot_true_18,clean,0.523,28,565
2026-01-25 04:55:42,meta-llama/Llama-3.1-8B,MMLU_selected_subjects,isot_true_18,meani,0.537,28,565
2026-01-25 04:58:32,meta-llama/Llama-3.1-8B,MMLU_selected_subjects,isot_true_180,clean,0.537,28,480
2026-01-25 05:01:49,meta-llama/Llama-3.1-8B,MMLU_selected_subjects,isot_true_180,meani,0.532,28,480
2026-01-25 05:04:39,meta-llama/Llama-3.1-8B,MMLU_selected_subjects,isot_true_181,clean,0.508,28,585
2026-01-25 05:07:50,meta-llama/Llama-3.1-8B,MMLU_selected_subjects,isot_true_181,meani,0.526,28,585
2026-01-25 05:10:31,meta-llama/Llama-3.1-8B,MMLU_selected_subjects,isot_true_182,clean,0.472,28,723
2026-01-25 05:14:41,meta-llama/Llama-3.1-8B,MMLU_selected_subjects,isot_true_182,meani,0.516,28,723
2026-01-25 05:18:34,meta-llama/Llama-3.1-8B,MMLU_selected_subjects,isot_true_183,clean,0.524,28,653
2026-01-25 05:22:00,meta-llama/Llama-3.1-8B,MMLU_selected_subjects,isot_true_183,meani,0.517,28,653
2026-01-25 05:25:17,meta-llama/Llama-3.1-8B,MMLU_selected_subjects,isot_true_184,clean,0.521,28,405
2026-01-25 05:28:53,meta-llama/Llama-3.1-8B,MMLU_selected_subjects,isot_true_184,meani,0.53,28,405
2026-01-25 05:32:14,meta-llama/Llama-3.1-8B,MMLU_selected_subjects,isot_true_185,clean,0.525,28,334
2026-01-25 05:36:00,meta-llama/Llama-3.1-8B,MMLU_selected_subjects,isot_true_185,meani,0.533,28,334
2026-01-25 05:39:15,meta-llama/Llama-3.1-8B,MMLU_selected_subjects,isot_true_186,clean,0.535,28,649
2026-01-25 05:43:15,meta-llama/Llama-3.1-8B,MMLU_selected_subjects,isot_true_186,meani,0.536,28,649
2026-01-25 05:46:22,meta-llama/Llama-3.1-8B,MMLU_selected_subjects,isot_true_187,clean,0.524,28,675
2026-01-25 05:49:41,meta-llama/Llama-3.1-8B,MMLU_selected_subjects,isot_true_187,meani,0.503,28,675
2026-01-25 05:52:44,meta-llama/Llama-3.1-8B,MMLU_selected_subjects,isot_true_188,clean,0.503,28,732
2026-01-25 05:55:54,meta-llama/Llama-3.1-8B,MMLU_selected_subjects,isot_true_188,meani,0.513,28,732
2026-01-25 05:59:02,meta-llama/Llama-3.1-8B,MMLU_selected_subjects,isot_true_189,clean,0.524,28,607
2026-01-25 06:02:27,meta-llama/Llama-3.1-8B,MMLU_selected_subjects,isot_true_189,meani,0.531,28,607
2026-01-25 06:05:42,meta-llama/Llama-3.1-8B,MMLU_selected_subjects,isot_true_19,clean,0.511,28,794
2026-01-25 06:08:56,meta-llama/Llama-3.1-8B,MMLU_selected_subjects,isot_true_19,meani,0.51,28,794
2026-01-25 06:12:11,meta-llama/Llama-3.1-8B,MMLU_selected_subjects,isot_true_190,clean,0.511,28,689
2026-01-25 06:15:35,meta-llama/Llama-3.1-8B,MMLU_selected_subjects,isot_true_190,meani,0.515,28,689
2026-01-25 06:19:02,meta-llama/Llama-3.1-8B,MMLU_selected_subjects,isot_true_191,clean,0.51,28,755
2026-01-25 06:23:07,meta-llama/Llama-3.1-8B,MMLU_selected_subjects,isot_true_191,meani,0.498,28,755
2026-01-25 06:26:14,meta-llama/Llama-3.1-8B,MMLU_selected_subjects,isot_true_192,clean,0.535,28,491
2026-01-25 06:28:46,meta-llama/Llama-3.1-8B,MMLU_selected_subjects,isot_true_192,meani,0.517,28,491
2026-01-25 06:32:06,meta-llama/Llama-3.1-8B,MMLU_selected_subjects,isot_true_193,clean,0.505,28,588
2026-01-25 06:36:08,meta-llama/Llama-3.1-8B,MMLU_selected_subjects,isot_true_193,meani,0.524,28,588
2026-01-25 06:39:15,meta-llama/Llama-3.1-8B,MMLU_selected_subjects,isot_true_194,clean,0.521,28,648
2026-01-25 06:42:38,meta-llama/Llama-3.1-8B,MMLU_selected_subjects,isot_true_194,meani,0.524,28,648
2026-01-25 06:45:50,meta-llama/Llama-3.1-8B,MMLU_selected_subjects,isot_true_195,clean,0.519,28,521
2026-01-25 06:49:57,meta-llama/Llama-3.1-8B,MMLU_selected_subjects,isot_true_195,meani,0.535,28,521
2026-01-25 06:52:30,meta-llama/Llama-3.1-8B,MMLU_selected_subjects,isot_true_196,clean,0.519,28,290
2026-01-25 06:55:31,meta-llama/Llama-3.1-8B,MMLU_selected_subjects,isot_true_196,meani,0.522,28,290
2026-01-25 06:58:38,meta-llama/Llama-3.1-8B,MMLU_selected_subjects,isot_true_197,clean,0.533,28,779
2026-01-25 07:02:25,meta-llama/Llama-3.1-8B,MMLU_selected_subjects,isot_true_197,meani,0.533,28,779
2026-01-25 07:05:39,meta-llama/Llama-3.1-8B,MMLU_selected_subjects,isot_true_198,clean,0.514,28,210
2026-01-25 07:09:13,meta-llama/Llama-3.1-8B,MMLU_selected_subjects,isot_true_198,meani,0.519,28,210
2026-01-25 07:12:34,meta-llama/Llama-3.1-8B,MMLU_selected_subjects,isot_true_199,clean,0.52,28,467
2026-01-25 07:16:05,meta-llama/Llama-3.1-8B,MMLU_selected_subjects,isot_true_199,meani,0.521,28,467
2026-01-25 07:18:44,meta-llama/Llama-3.1-8B,MMLU_selected_subjects,isot_true_2,clean,0.52,28,534
2026-01-25 07:22:27,meta-llama/Llama-3.1-8B,MMLU_selected_subjects,isot_true_2,meani,0.531,28,534
2026-01-25 07:25:33,meta-llama/Llama-3.1-8B,MMLU_selected_subjects,isot_true_20,clean,0.536,28,387
2026-01-25 07:28:36,meta-llama/Llama-3.1-8B,MMLU_selected_subjects,isot_true_20,meani,0.533,28,387
2026-01-25 07:31:51,meta-llama/Llama-3.1-8B,MMLU_selected_subjects,isot_true_200,clean,0.519,28,717
2026-01-25 07:35:44,meta-llama/Llama-3.1-8B,MMLU_selected_subjects,isot_true_200,meani,0.523,28,717
2026-01-25 07:38:24,meta-llama/Llama-3.1-8B,MMLU_selected_subjects,isot_true_201,clean,0.524,28,528
2026-01-25 07:41:20,meta-llama/Llama-3.1-8B,MMLU_selected_subjects,isot_true_201,meani,0.509,28,528
2026-01-25 07:44:21,meta-llama/Llama-3.1-8B,MMLU_selected_subjects,isot_true_202,clean,0.509,28,388
2026-01-25 07:48:02,meta-llama/Llama-3.1-8B,MMLU_selected_subjects,isot_true_202,meani,0.514,28,388
2026-01-25 07:50:57,meta-llama/Llama-3.1-8B,MMLU_selected_subjects,isot_true_203,clean,0.521,28,594
2026-01-25 07:54:14,meta-llama/Llama-3.1-8B,MMLU_selected_subjects,isot_true_203,meani,0.522,28,594
2026-01-25 07:57:26,meta-llama/Llama-3.1-8B,MMLU_selected_subjects,isot_true_204,clean,0.509,28,764
2026-01-25 08:00:59,meta-llama/Llama-3.1-8B,MMLU_selected_subjects,isot_true_204,meani,0.515,28,764
2026-01-25 08:04:11,meta-llama/Llama-3.1-8B,MMLU_selected_subjects,isot_true_205,clean,0.518,28,612
2026-01-25 08:07:24,meta-llama/Llama-3.1-8B,MMLU_selected_subjects,isot_true_205,meani,0.527,28,612
2026-01-25 08:10:04,meta-llama/Llama-3.1-8B,MMLU_selected_subjects,isot_true_206,clean,0.519,28,293
2026-01-25 08:12:22,meta-llama/Llama-3.1-8B,MMLU_selected_subjects,isot_true_206,meani,0.506,28,293
2026-01-25 08:15:17,meta-llama/Llama-3.1-8B,MMLU_selected_subjects,isot_true_207,clean,0.494,28,552
2026-01-25 08:18:34,meta-llama/Llama-3.1-8B,MMLU_selected_subjects,isot_true_207,meani,0.528,28,552
2026-01-25 08:21:37,meta-llama/Llama-3.1-8B,MMLU_selected_subjects,isot_true_208,clean,0.526,28,537
2026-01-25 08:24:12,meta-llama/Llama-3.1-8B,MMLU_selected_subjects,isot_true_208,meani,0.506,28,537
2026-01-25 08:27:23,meta-llama/Llama-3.1-8B,MMLU_selected_subjects,isot_true_209,clean,0.539,28,414
2026-01-25 08:30:33,meta-llama/Llama-3.1-8B,MMLU_selected_subjects,isot_true_209,meani,0.514,28,414
2026-01-25 08:33:30,meta-llama/Llama-3.1-8B,MMLU_selected_subjects,isot_true_21,clean,0.505,28,301
2026-01-25 08:36:46,meta-llama/Llama-3.1-8B,MMLU_selected_subjects,isot_true_21,meani,0.532,28,301
2026-01-25 08:39:48,meta-llama/Llama-3.1-8B,MMLU_selected_subjects,isot_true_210,clean,0.536,28,439
2026-01-25 08:42:18,meta-llama/Llama-3.1-8B,MMLU_selected_subjects,isot_true_210,meani,0.527,28,439
2026-01-25 08:45:27,meta-llama/Llama-3.1-8B,MMLU_selected_subjects,isot_true_211,clean,0.511,28,416
2026-01-25 08:49:12,meta-llama/Llama-3.1-8B,MMLU_selected_subjects,isot_true_211,meani,0.52,28,416
2026-01-25 08:52:21,meta-llama/Llama-3.1-8B,MMLU_selected_subjects,isot_true_212,clean,0.534,28,458
2026-01-25 08:55:14,meta-llama/Llama-3.1-8B,MMLU_selected_subjects,isot_true_212,meani,0.511,28,458
2026-01-25 08:58:22,meta-llama/Llama-3.1-8B,MMLU_selected_subjects,isot_true_213,clean,0.526,28,495
2026-01-25 09:02:19,meta-llama/Llama-3.1-8B,MMLU_selected_subjects,isot_true_213,meani,0.517,28,495
2026-01-25 09:05:22,meta-llama/Llama-3.1-8B,MMLU_selected_subjects,isot_true_214,clean,0.519,28,628
2026-01-25 09:08:04,meta-llama/Llama-3.1-8B,MMLU_selected_subjects,isot_true_214,meani,0.522,28,628
2026-01-25 09:11:40,meta-llama/Llama-3.1-8B,MMLU_selected_subjects,isot_true_215,clean,0.525,28,588
2026-01-25 09:15:18,meta-llama/Llama-3.1-8B,MMLU_selected_subjects,isot_true_215,meani,0.51,28,588
2026-01-25 09:18:04,meta-llama/Llama-3.1-8B,MMLU_selected_subjects,isot_true_216,clean,0.529,28,527
2026-01-25 09:21:48,meta-llama/Llama-3.1-8B,MMLU_selected_subjects,isot_true_216,meani,0.518,28,527
2026-01-25 09:24:53,meta-llama/Llama-3.1-8B,MMLU_selected_subjects,isot_true_217,clean,0.522,28,712
2026-01-25 09:27:56,meta-llama/Llama-3.1-8B,MMLU_selected_subjects,isot_true_217,meani,0.536,28,712
2026-01-25 09:31:31,meta-llama/Llama-3.1-8B,MMLU_selected_subjects,isot_true_218,clean,0.529,28,712
2026-01-25 09:35:44,meta-llama/Llama-3.1-8B,MMLU_selected_subjects,isot_true_218,meani,0.531,28,712
2026-01-25 09:38:42,meta-llama/Llama-3.1-8B,MMLU_selected_subjects,isot_true_219,clean,0.517,28,582
2026-01-25 09:41:57,meta-llama/Llama-3.1-8B,MMLU_selected_subjects,isot_true_219,meani,0.526,28,582
2026-01-25 09:45:00,meta-llama/Llama-3.1-8B,MMLU_selected_subjects,isot_true_22,clean,0.54,28,629
2026-01-25 09:48:49,meta-llama/Llama-3.1-8B,MMLU_selected_subjects,isot_true_22,meani,0.521,28,629
2026-01-25 09:51:50,meta-llama/Llama-3.1-8B,MMLU_selected_subjects,isot_true_220,clean,0.504,28,432
2026-01-25 09:54:45,meta-llama/Llama-3.1-8B,MMLU_selected_subjects,isot_true_220,meani,0.502,28,432
2026-01-25 09:57:48,meta-llama/Llama-3.1-8B,MMLU_selected_subjects,isot_true_221,clean,0.52,28,405
2026-01-25 10:01:06,meta-llama/Llama-3.1-8B,MMLU_selected_subjects,isot_true_221,meani,0.523,28,405
2026-01-25 10:05:04,meta-llama/Llama-3.1-8B,MMLU_selected_subjects,isot_true_222,clean,0.535,28,777
2026-01-25 10:09:14,meta-llama/Llama-3.1-8B,MMLU_selected_subjects,isot_true_222,meani,0.516,28,777
2026-01-25 10:12:06,meta-llama/Llama-3.1-8B,MMLU_selected_subjects,isot_true_223,clean,0.507,28,625
2026-01-25 10:15:06,meta-llama/Llama-3.1-8B,MMLU_selected_subjects,isot_true_223,meani,0.499,28,625
2026-01-25 10:18:32,meta-llama/Llama-3.1-8B,MMLU_selected_subjects,isot_true_224,clean,0.5,28,785
2026-01-25 10:22:48,meta-llama/Llama-3.1-8B,MMLU_selected_subjects,isot_true_224,meani,0.53,28,785
2026-01-25 10:26:24,meta-llama/Llama-3.1-8B,MMLU_selected_subjects,isot_true_225,clean,0.535,28,490
2026-01-25 10:30:14,meta-llama/Llama-3.1-8B,MMLU_selected_subjects,isot_true_225,meani,0.524,28,490
2026-01-25 10:33:01,meta-llama/Llama-3.1-8B,MMLU_selected_subjects,isot_true_226,clean,0.495,28,616
2026-01-25 10:36:52,meta-llama/Llama-3.1-8B,MMLU_selected_subjects,isot_true_226,meani,0.537,28,616
2026-01-25 10:40:17,meta-llama/Llama-3.1-8B,MMLU_selected_subjects,isot_true_227,clean,0.538,28,549
2026-01-25 10:43:41,meta-llama/Llama-3.1-8B,MMLU_selected_subjects,isot_true_227,meani,0.536,28,549
2026-01-25 10:46:22,meta-llama/Llama-3.1-8B,MMLU_selected_subjects,isot_true_228,clean,0.495,28,517
2026-01-25 10:48:47,meta-llama/Llama-3.1-8B,MMLU_selected_subjects,isot_true_228,meani,0.529,28,517
2026-01-25 10:51:30,meta-llama/Llama-3.1-8B,MMLU_selected_subjects,isot_true_229,clean,0.498,28,621
2026-01-25 10:54:51,meta-llama/Llama-3.1-8B,MMLU_selected_subjects,isot_true_229,meani,0.517,28,621
2026-01-25 10:58:18,meta-llama/Llama-3.1-8B,MMLU_selected_subjects,isot_true_23,clean,0.498,28,715
2026-01-25 11:01:07,meta-llama/Llama-3.1-8B,MMLU_selected_subjects,isot_true_23,meani,0.506,28,715
2026-01-25 11:04:04,meta-llama/Llama-3.1-8B,MMLU_selected_subjects,isot_true_230,clean,0.531,28,482
2026-01-25 11:07:57,meta-llama/Llama-3.1-8B,MMLU_selected_subjects,isot_true_230,meani,0.514,28,482
2026-01-25 11:11:00,meta-llama/Llama-3.1-8B,MMLU_selected_subjects,isot_true_231,clean,0.517,28,485
2026-01-25 11:14:41,meta-llama/Llama-3.1-8B,MMLU_selected_subjects,isot_true_231,meani,0.521,28,485
2026-01-25 11:17:40,meta-llama/Llama-3.1-8B,MMLU_selected_subjects,isot_true_232,clean,0.522,28,534
2026-01-25 11:21:00,meta-llama/Llama-3.1-8B,MMLU_selected_subjects,isot_true_232,meani,0.531,28,534
2026-01-25 11:23:56,meta-llama/Llama-3.1-8B,MMLU_selected_subjects,isot_true_233,clean,0.498,28,265
2026-01-25 11:27:07,meta-llama/Llama-3.1-8B,MMLU_selected_subjects,isot_true_233,meani,0.531,28,265
2026-01-25 11:30:13,meta-llama/Llama-3.1-8B,MMLU_selected_subjects,isot_true_234,clean,0.523,28,555
2026-01-25 11:33:54,meta-llama/Llama-3.1-8B,MMLU_selected_subjects,isot_true_234,meani,0.535,28,555
2026-01-25 11:36:52,meta-llama/Llama-3.1-8B,MMLU_selected_subjects,isot_true_235,clean,0.524,28,592
2026-01-25 11:39:49,meta-llama/Llama-3.1-8B,MMLU_selected_subjects,isot_true_235,meani,0.501,28,592
2026-01-25 11:43:11,meta-llama/Llama-3.1-8B,MMLU_selected_subjects,isot_true_236,clean,0.497,28,690
2026-01-25 11:47:14,meta-llama/Llama-3.1-8B,MMLU_selected_subjects,isot_true_236,meani,0.507,28,690
2026-01-25 11:49:58,meta-llama/Llama-3.1-8B,MMLU_selected_subjects,isot_true_237,clean,0.52,28,629
2026-01-25 11:52:39,meta-llama/Llama-3.1-8B,MMLU_selected_subjects,isot_true_237,meani,0.52,28,629
2026-01-25 11:55:46,meta-llama/Llama-3.1-8B,MMLU_selected_subjects,isot_true_238,clean,0.503,28,531
2026-01-25 11:59:34,meta-llama/Llama-3.1-8B,MMLU_selected_subjects,isot_true_238,meani,0.507,28,531
2026-01-25 12:02:36,meta-llama/Llama-3.1-8B,MMLU_selected_subjects,isot_true_239,clean,0.506,28,790
2026-01-25 12:05:28,meta-llama/Llama-3.1-8B,MMLU_selected_subjects,isot_true_239,meani,0.531,28,790
2026-01-25 12:08:57,meta-llama/Llama-3.1-8B,MMLU_selected_subjects,isot_true_24,clean,0.519,28,506
2026-01-25 12:12:08,meta-llama/Llama-3.1-8B,MMLU_selected_subjects,isot_true_24,meani,0.534,28,506
2026-01-25 12:15:13,meta-llama/Llama-3.1-8B,MMLU_selected_subjects,isot_true_240,clean,0.522,28,472
2026-01-25 12:18:52,meta-llama/Llama-3.1-8B,MMLU_selected_subjects,isot_true_240,meani,0.529,28,472
2026-01-25 12:21:56,meta-llama/Llama-3.1-8B,MMLU_selected_subjects,isot_true_241,clean,0.502,28,625
2026-01-25 12:25:47,meta-llama/Llama-3.1-8B,MMLU_selected_subjects,isot_true_241,meani,0.526,28,625
2026-01-25 12:28:47,meta-llama/Llama-3.1-8B,MMLU_selected_subjects,isot_true_242,clean,0.508,28,558
2026-01-25 12:31:22,meta-llama/Llama-3.1-8B,MMLU_selected_subjects,isot_true_242,meani,0.512,28,558
2026-01-25 12:34:33,meta-llama/Llama-3.1-8B,MMLU_selected_subjects,isot_true_243,clean,0.529,28,497
2026-01-25 12:38:26,meta-llama/Llama-3.1-8B,MMLU_selected_subjects,isot_true_243,meani,0.53,28,497
2026-01-25 12:42:03,meta-llama/Llama-3.1-8B,MMLU_selected_subjects,isot_true_244,clean,0.545,28,382
2026-01-25 12:46:06,meta-llama/Llama-3.1-8B,MMLU_selected_subjects,isot_true_244,meani,0.526,28,382
2026-01-25 12:48:46,meta-llama/Llama-3.1-8B,MMLU_selected_subjects,isot_true_245,clean,0.509,28,573
2026-01-25 12:51:17,meta-llama/Llama-3.1-8B,MMLU_selected_subjects,isot_true_245,meani,0.506,28,573
2026-01-25 12:54:17,meta-llama/Llama-3.1-8B,MMLU_selected_subjects,isot_true_246,clean,0.515,28,410
2026-01-25 12:57:15,meta-llama/Llama-3.1-8B,MMLU_selected_subjects,isot_true_246,meani,0.5,28,410
2026-01-25 13:00:38,meta-llama/Llama-3.1-8B,MMLU_selected_subjects,isot_true_247,clean,0.515,28,516
2026-01-25 13:04:24,meta-llama/Llama-3.1-8B,MMLU_selected_subjects,isot_true_247,meani,0.528,28,516
2026-01-25 13:07:43,meta-llama/Llama-3.1-8B,MMLU_selected_subjects,isot_true_248,clean,0.525,28,717
2026-01-25 13:10:27,meta-llama/Llama-3.1-8B,MMLU_selected_subjects,isot_true_248,meani,0.532,28,717
2026-01-25 13:13:05,meta-llama/Llama-3.1-8B,MMLU_selected_subjects,isot_true_249,clean,0.512,28,634
2026-01-25 13:16:56,meta-llama/Llama-3.1-8B,MMLU_selected_subjects,isot_true_249,meani,0.528,28,634
2026-01-25 13:19:50,meta-llama/Llama-3.1-8B,MMLU_selected_subjects,isot_true_25,clean,0.537,28,403
2026-01-25 13:22:47,meta-llama/Llama-3.1-8B,MMLU_selected_subjects,isot_true_25,meani,0.529,28,403
2026-01-25 13:25:45,meta-llama/Llama-3.1-8B,MMLU_selected_subjects,isot_true_250,clean,0.51,28,684
2026-01-25 13:29:20,meta-llama/Llama-3.1-8B,MMLU_selected_subjects,isot_true_250,meani,0.516,28,684
2026-01-25 13:32:30,meta-llama/Llama-3.1-8B,MMLU_selected_subjects,isot_true_251,clean,0.515,28,376
2026-01-25 13:35:29,meta-llama/Llama-3.1-8B,MMLU_selected_subjects,isot_true_251,meani,0.529,28,376
2026-01-25 13:38:59,meta-llama/Llama-3.1-8B,MMLU_selected_subjects,isot_true_252,clean,0.503,28,691
2026-01-25 13:43:14,meta-llama/Llama-3.1-8B,MMLU_selected_subjects,isot_true_252,meani,0.532,28,691
2026-01-25 13:46:10,meta-llama/Llama-3.1-8B,MMLU_selected_subjects,isot_true_253,clean,0.5,28,508
2026-01-25 13:49:22,meta-llama/Llama-3.1-8B,MMLU_selected_subjects,isot_true_253,meani,0.528,28,508
2026-01-25 13:52:04,meta-llama/Llama-3.1-8B,MMLU_selected_subjects,isot_true_254,clean,0.511,28,372
2026-01-25 13:55:01,meta-llama/Llama-3.1-8B,MMLU_selected_subjects,isot_true_254,meani,0.509,28,372
2026-01-25 13:57:37,meta-llama/Llama-3.1-8B,MMLU_selected_subjects,isot_true_255,clean,0.509,28,417
2026-01-25 14:00:13,meta-llama/Llama-3.1-8B,MMLU_selected_subjects,isot_true_255,meani,0.523,28,417
2026-01-25 14:03:35,meta-llama/Llama-3.1-8B,MMLU_selected_subjects,isot_true_256,clean,0.519,28,452
2026-01-25 14:06:07,meta-llama/Llama-3.1-8B,MMLU_selected_subjects,isot_true_256,meani,0.506,28,452
2026-01-25 14:09:17,meta-llama/Llama-3.1-8B,MMLU_selected_subjects,isot_true_257,clean,0.498,28,572
2026-01-25 14:12:58,meta-llama/Llama-3.1-8B,MMLU_selected_subjects,isot_true_257,meani,0.52,28,572
2026-01-25 14:16:07,meta-llama/Llama-3.1-8B,MMLU_selected_subjects,isot_true_258,clean,0.521,28,550
2026-01-25 14:20:04,meta-llama/Llama-3.1-8B,MMLU_selected_subjects,isot_true_258,meani,0.54,28,550
2026-01-25 14:23:04,meta-llama/Llama-3.1-8B,MMLU_selected_subjects,isot_true_259,clean,0.526,28,582
2026-01-25 14:25:35,meta-llama/Llama-3.1-8B,MMLU_selected_subjects,isot_true_259,meani,0.517,28,582
2026-01-25 14:28:41,meta-llama/Llama-3.1-8B,MMLU_selected_subjects,isot_true_26,clean,0.522,28,500
2026-01-25 14:32:17,meta-llama/Llama-3.1-8B,MMLU_selected_subjects,isot_true_26,meani,0.516,28,500
2026-01-25 14:35:16,meta-llama/Llama-3.1-8B,MMLU_selected_subjects,isot_true_260,clean,0.532,28,691
2026-01-25 14:39:26,meta-llama/Llama-3.1-8B,MMLU_selected_subjects,isot_true_260,meani,0.529,28,691
2026-01-25 14:42:16,meta-llama/Llama-3.1-8B,MMLU_selected_subjects,isot_true_261,clean,0.525,28,447
2026-01-25 14:44:55,meta-llama/Llama-3.1-8B,MMLU_selected_subjects,isot_true_261,meani,0.521,28,447
2026-01-25 14:48:25,meta-llama/Llama-3.1-8B,MMLU_selected_subjects,isot_true_262,clean,0.516,28,340
2026-01-25 14:52:23,meta-llama/Llama-3.1-8B,MMLU_selected_subjects,isot_true_262,meani,0.535,28,340
2026-01-25 14:55:53,meta-llama/Llama-3.1-8B,MMLU_selected_subjects,isot_true_263,clean,0.528,28,471
2026-01-25 14:59:47,meta-llama/Llama-3.1-8B,MMLU_selected_subjects,isot_true_263,meani,0.539,28,471
2026-01-25 15:02:37,meta-llama/Llama-3.1-8B,MMLU_selected_subjects,isot_true_264,clean,0.519,28,560
2026-01-25 15:05:22,meta-llama/Llama-3.1-8B,MMLU_selected_subjects,isot_true_264,meani,0.522,28,560
2026-01-25 15:08:55,meta-llama/Llama-3.1-8B,MMLU_selected_subjects,isot_true_265,clean,0.522,28,507
2026-01-25 15:12:59,meta-llama/Llama-3.1-8B,MMLU_selected_subjects,isot_true_265,meani,0.543,28,507
2026-01-25 15:16:12,meta-llama/Llama-3.1-8B,MMLU_selected_subjects,isot_true_266,clean,0.522,28,468
2026-01-25 15:19:34,meta-llama/Llama-3.1-8B,MMLU_selected_subjects,isot_true_266,meani,0.52,28,468
2026-01-25 15:22:51,meta-llama/Llama-3.1-8B,MMLU_selected_subjects,isot_true_267,clean,0.523,28,781
2026-01-25 15:26:39,meta-llama/Llama-3.1-8B,MMLU_selected_subjects,isot_true_267,meani,0.517,28,781
2026-01-25 15:29:28,meta-llama/Llama-3.1-8B,MMLU_selected_subjects,isot_true_268,clean,0.52,28,490
2026-01-25 15:33:17,meta-llama/Llama-3.1-8B,MMLU_selected_subjects,isot_true_268,meani,0.518,28,490
2026-01-25 15:36:23,meta-llama/Llama-3.1-8B,MMLU_selected_subjects,isot_true_269,clean,0.52,28,556
2026-01-25 15:39:25,meta-llama/Llama-3.1-8B,MMLU_selected_subjects,isot_true_269,meani,0.508,28,556
2026-01-25 15:42:06,meta-llama/Llama-3.1-8B,MMLU_selected_subjects,isot_true_27,clean,0.497,28,391
2026-01-25 15:44:42,meta-llama/Llama-3.1-8B,MMLU_selected_subjects,isot_true_27,meani,0.519,28,391
2026-01-25 15:48:02,meta-llama/Llama-3.1-8B,MMLU_selected_subjects,isot_true_270,clean,0.542,28,557
2026-01-25 15:51:14,meta-llama/Llama-3.1-8B,MMLU_selected_subjects,isot_true_270,meani,0.52,28,557
2026-01-25 15:54:14,meta-llama/Llama-3.1-8B,MMLU_selected_subjects,isot_true_271,clean,0.5,28,397
2026-01-25 15:57:13,meta-llama/Llama-3.1-8B,MMLU_selected_subjects,isot_true_271,meani,0.523,28,397
2026-01-25 16:00:07,meta-llama/Llama-3.1-8B,MMLU_selected_subjects,isot_true_272,clean,0.521,28,439
2026-01-25 16:03:02,meta-llama/Llama-3.1-8B,MMLU_selected_subjects,isot_true_272,meani,0.52,28,439
2026-01-25 16:05:59,meta-llama/Llama-3.1-8B,MMLU_selected_subjects,isot_true_273,clean,0.507,28,461
2026-01-25 16:08:48,meta-llama/Llama-3.1-8B,MMLU_selected_subjects,isot_true_273,meani,0.523,28,461
2026-01-25 16:12:24,meta-llama/Llama-3.1-8B,MMLU_selected_subjects,isot_true_274,clean,0.519,28,456
2026-01-25 16:16:27,meta-llama/Llama-3.1-8B,MMLU_selected_subjects,isot_true_274,meani,0.524,28,456
2026-01-25 16:19:14,meta-llama/Llama-3.1-8B,MMLU_selected_subjects,isot_true_275,clean,0.539,28,266
2026-01-25 16:22:52,meta-llama/Llama-3.1-8B,MMLU_selected_subjects,isot_true_275,meani,0.529,28,266
2026-01-25 16:26:12,meta-llama/Llama-3.1-8B,MMLU_selected_subjects,isot_true_276,clean,0.526,28,775
2026-01-25 16:30:15,meta-llama/Llama-3.1-8B,MMLU_selected_subjects,isot_true_276,meani,0.541,28,775
2026-01-25 16:33:39,meta-llama/Llama-3.1-8B,MMLU_selected_subjects,isot_true_277,clean,0.529,28,461
2026-01-25 16:36:47,meta-llama/Llama-3.1-8B,MMLU_selected_subjects,isot_true_277,meani,0.519,28,461
2026-01-25 16:39:21,meta-llama/Llama-3.1-8B,MMLU_selected_subjects,isot_true_278,clean,0.534,28,457
2026-01-25 16:42:14,meta-llama/Llama-3.1-8B,MMLU_selected_subjects,isot_true_278,meani,0.523,28,457
2026-01-25 16:44:57,meta-llama/Llama-3.1-8B,MMLU_selected_subjects,isot_true_279,clean,0.51,28,400
2026-01-25 16:47:54,meta-llama/Llama-3.1-8B,MMLU_selected_subjects,isot_true_279,meani,0.533,28,400
2026-01-25 16:50:58,meta-llama/Llama-3.1-8B,MMLU_selected_subjects,isot_true_28,clean,0.529,28,380
2026-01-25 16:54:14,meta-llama/Llama-3.1-8B,MMLU_selected_subjects,isot_true_28,meani,0.511,28,380
2026-01-25 16:57:29,meta-llama/Llama-3.1-8B,MMLU_selected_subjects,isot_true_280,clean,0.52,28,562
2026-01-25 17:01:02,meta-llama/Llama-3.1-8B,MMLU_selected_subjects,isot_true_280,meani,0.516,28,562
2026-01-25 17:04:04,meta-llama/Llama-3.1-8B,MMLU_selected_subjects,isot_true_281,clean,0.531,28,578
2026-01-25 17:07:02,meta-llama/Llama-3.1-8B,MMLU_selected_subjects,isot_true_281,meani,0.523,28,578
2026-01-25 17:09:54,meta-llama/Llama-3.1-8B,MMLU_selected_subjects,isot_true_282,clean,0.515,28,554
2026-01-25 17:12:36,meta-llama/Llama-3.1-8B,MMLU_selected_subjects,isot_true_282,meani,0.522,28,554
2026-01-25 17:15:32,meta-llama/Llama-3.1-8B,MMLU_selected_subjects,isot_true_283,clean,0.528,28,575
2026-01-25 17:18:52,meta-llama/Llama-3.1-8B,MMLU_selected_subjects,isot_true_283,meani,0.52,28,575
2026-01-25 17:21:52,meta-llama/Llama-3.1-8B,MMLU_selected_subjects,isot_true_284,clean,0.509,28,559
2026-01-25 17:24:36,meta-llama/Llama-3.1-8B,MMLU_selected_subjects,isot_true_284,meani,0.513,28,559
2026-01-25 17:27:34,meta-llama/Llama-3.1-8B,MMLU_selected_subjects,isot_true_285,clean,0.515,28,426
2026-01-25 17:30:21,meta-llama/Llama-3.1-8B,MMLU_selected_subjects,isot_true_285,meani,0.522,28,426
2026-01-25 17:33:08,meta-llama/Llama-3.1-8B,MMLU_selected_subjects,isot_true_286,clean,0.519,28,302
2026-01-25 17:36:37,meta-llama/Llama-3.1-8B,MMLU_selected_subjects,isot_true_286,meani,0.519,28,302
2026-01-25 17:39:36,meta-llama/Llama-3.1-8B,MMLU_selected_subjects,isot_true_287,clean,0.51,28,431
2026-01-25 17:43:16,meta-llama/Llama-3.1-8B,MMLU_selected_subjects,isot_true_287,meani,0.539,28,431
2026-01-25 17:46:33,meta-llama/Llama-3.1-8B,MMLU_selected_subjects,isot_true_288,clean,0.513,28,750
2026-01-25 17:50:24,meta-llama/Llama-3.1-8B,MMLU_selected_subjects,isot_true_288,meani,0.514,28,750
2026-01-25 17:53:27,meta-llama/Llama-3.1-8B,MMLU_selected_subjects,isot_true_289,clean,0.535,28,321
2026-01-25 17:57:00,meta-llama/Llama-3.1-8B,MMLU_selected_subjects,isot_true_289,meani,0.527,28,321
2026-01-25 18:00:20,meta-llama/Llama-3.1-8B,MMLU_selected_subjects,isot_true_29,clean,0.524,28,541
2026-01-25 18:03:55,meta-llama/Llama-3.1-8B,MMLU_selected_subjects,isot_true_29,meani,0.533,28,541
2026-01-25 18:07:08,meta-llama/Llama-3.1-8B,MMLU_selected_subjects,isot_true_290,clean,0.52,28,573
2026-01-25 18:10:35,meta-llama/Llama-3.1-8B,MMLU_selected_subjects,isot_true_290,meani,0.508,28,573
2026-01-25 18:13:30,meta-llama/Llama-3.1-8B,MMLU_selected_subjects,isot_true_291,clean,0.516,28,445
2026-01-25 18:17:20,meta-llama/Llama-3.1-8B,MMLU_selected_subjects,isot_true_291,meani,0.513,28,445
2026-01-25 18:20:00,meta-llama/Llama-3.1-8B,MMLU_selected_subjects,isot_true_292,clean,0.505,28,462
2026-01-25 18:23:46,meta-llama/Llama-3.1-8B,MMLU_selected_subjects,isot_true_292,meani,0.511,28,462
2026-01-25 18:26:58,meta-llama/Llama-3.1-8B,MMLU_selected_subjects,isot_true_293,clean,0.525,28,547
2026-01-25 18:29:57,meta-llama/Llama-3.1-8B,MMLU_selected_subjects,isot_true_293,meani,0.518,28,547
2026-01-25 18:33:05,meta-llama/Llama-3.1-8B,MMLU_selected_subjects,isot_true_294,clean,0.491,28,676
2026-01-25 18:35:48,meta-llama/Llama-3.1-8B,MMLU_selected_subjects,isot_true_294,meani,0.52,28,676
2026-01-25 18:39:07,meta-llama/Llama-3.1-8B,MMLU_selected_subjects,isot_true_295,clean,0.52,28,499
2026-01-25 18:42:37,meta-llama/Llama-3.1-8B,MMLU_selected_subjects,isot_true_295,meani,0.516,28,499
2026-01-25 18:45:47,meta-llama/Llama-3.1-8B,MMLU_selected_subjects,isot_true_296,clean,0.516,28,715
2026-01-25 18:48:49,meta-llama/Llama-3.1-8B,MMLU_selected_subjects,isot_true_296,meani,0.528,28,715
2026-01-25 18:51:44,meta-llama/Llama-3.1-8B,MMLU_selected_subjects,isot_true_297,clean,0.537,28,701
2026-01-25 18:55:41,meta-llama/Llama-3.1-8B,MMLU_selected_subjects,isot_true_297,meani,0.524,28,701
2026-01-25 18:58:37,meta-llama/Llama-3.1-8B,MMLU_selected_subjects,isot_true_298,clean,0.516,28,435
2026-01-25 19:01:19,meta-llama/Llama-3.1-8B,MMLU_selected_subjects,isot_true_298,meani,0.521,28,435
2026-01-25 19:04:40,meta-llama/Llama-3.1-8B,MMLU_selected_subjects,isot_true_299,clean,0.533,28,460
2026-01-25 19:08:37,meta-llama/Llama-3.1-8B,MMLU_selected_subjects,isot_true_299,meani,0.53,28,460
2026-01-25 19:11:45,meta-llama/Llama-3.1-8B,MMLU_selected_subjects,isot_true_3,clean,0.504,28,359
2026-01-25 19:15:32,meta-llama/Llama-3.1-8B,MMLU_selected_subjects,isot_true_3,meani,0.511,28,359
2026-01-25 19:18:21,meta-llama/Llama-3.1-8B,MMLU_selected_subjects,isot_true_30,clean,0.528,28,605
2026-01-25 19:21:41,meta-llama/Llama-3.1-8B,MMLU_selected_subjects,isot_true_30,meani,0.517,28,605
2026-01-25 19:25:20,meta-llama/Llama-3.1-8B,MMLU_selected_subjects,isot_true_300,clean,0.537,28,439
2026-01-25 19:29:02,meta-llama/Llama-3.1-8B,MMLU_selected_subjects,isot_true_300,meani,0.534,28,439
2026-01-25 19:31:48,meta-llama/Llama-3.1-8B,MMLU_selected_subjects,isot_true_301,clean,0.518,28,630
2026-01-25 19:34:20,meta-llama/Llama-3.1-8B,MMLU_selected_subjects,isot_true_301,meani,0.515,28,630
2026-01-25 19:37:13,meta-llama/Llama-3.1-8B,MMLU_selected_subjects,isot_true_302,clean,0.515,28,432
2026-01-25 19:39:52,meta-llama/Llama-3.1-8B,MMLU_selected_subjects,isot_true_302,meani,0.519,28,432
2026-01-25 19:42:37,meta-llama/Llama-3.1-8B,MMLU_selected_subjects,isot_true_303,clean,0.524,28,410
2026-01-25 19:46:32,meta-llama/Llama-3.1-8B,MMLU_selected_subjects,isot_true_303,meani,0.523,28,410
2026-01-25 19:49:55,meta-llama/Llama-3.1-8B,MMLU_selected_subjects,isot_true_304,clean,0.514,28,729
2026-01-25 19:53:08,meta-llama/Llama-3.1-8B,MMLU_selected_subjects,isot_true_304,meani,0.539,28,729
2026-01-25 19:56:25,meta-llama/Llama-3.1-8B,MMLU_selected_subjects,isot_true_305,clean,0.523,28,425
2026-01-25 19:59:35,meta-llama/Llama-3.1-8B,MMLU_selected_subjects,isot_true_305,meani,0.522,28,425
2026-01-25 20:03:14,meta-llama/Llama-3.1-8B,MMLU_selected_subjects,isot_true_306,clean,0.528,28,417
2026-01-25 20:06:56,meta-llama/Llama-3.1-8B,MMLU_selected_subjects,isot_true_306,meani,0.523,28,417
2026-01-25 20:10:04,meta-llama/Llama-3.1-8B,MMLU_selected_subjects,isot_true_307,clean,0.518,28,778
2026-01-25 20:12:51,meta-llama/Llama-3.1-8B,MMLU_selected_subjects,isot_true_307,meani,0.501,28,778
2026-01-25 20:16:08,meta-llama/Llama-3.1-8B,MMLU_selected_subjects,isot_true_308,clean,0.53,28,595
2026-01-25 20:20:15,meta-llama/Llama-3.1-8B,MMLU_selected_subjects,isot_true_308,meani,0.547,28,595
2026-01-25 20:23:24,meta-llama/Llama-3.1-8B,MMLU_selected_subjects,isot_true_309,clean,0.519,28,519
2026-01-25 20:27:08,meta-llama/Llama-3.1-8B,MMLU_selected_subjects,isot_true_309,meani,0.528,28,519
2026-01-25 20:30:11,meta-llama/Llama-3.1-8B,MMLU_selected_subjects,isot_true_31,clean,0.533,28,484
2026-01-25 20:32:57,meta-llama/Llama-3.1-8B,MMLU_selected_subjects,isot_true_31,meani,0.527,28,484
2026-01-25 20:36:05,meta-llama/Llama-3.1-8B,MMLU_selected_subjects,isot_true_310,clean,0.534,28,441
2026-01-25 20:39:24,meta-llama/Llama-3.1-8B,MMLU_selected_subjects,isot_true_310,meani,0.519,28,441
2026-01-25 20:42:17,meta-llama/Llama-3.1-8B,MMLU_selected_subjects,isot_true_311,clean,0.531,28,622
2026-01-25 20:45:46,meta-llama/Llama-3.1-8B,MMLU_selected_subjects,isot_true_311,meani,0.524,28,622
2026-01-25 20:48:58,meta-llama/Llama-3.1-8B,MMLU_selected_subjects,isot_true_312,clean,0.528,28,789
2026-01-25 20:52:34,meta-llama/Llama-3.1-8B,MMLU_selected_subjects,isot_true_312,meani,0.524,28,789
2026-01-25 20:55:45,meta-llama/Llama-3.1-8B,MMLU_selected_subjects,isot_true_313,clean,0.502,28,254
2026-01-25 20:59:17,meta-llama/Llama-3.1-8B,MMLU_selected_subjects,isot_true_313,meani,0.504,28,254
2026-01-25 21:02:05,meta-llama/Llama-3.1-8B,MMLU_selected_subjects,isot_true_314,clean,0.52,28,457
2026-01-25 21:04:45,meta-llama/Llama-3.1-8B,MMLU_selected_subjects,isot_true_314,meani,0.506,28,457
2026-01-25 21:08:03,meta-llama/Llama-3.1-8B,MMLU_selected_subjects,isot_true_315,clean,0.52,28,350
2026-01-25 21:11:53,meta-llama/Llama-3.1-8B,MMLU_selected_subjects,isot_true_315,meani,0.527,28,350
2026-01-25 21:14:51,meta-llama/Llama-3.1-8B,MMLU_selected_subjects,isot_true_316,clean,0.504,28,631
2026-01-25 21:18:09,meta-llama/Llama-3.1-8B,MMLU_selected_subjects,isot_true_316,meani,0.517,28,631
2026-01-25 21:21:24,meta-llama/Llama-3.1-8B,MMLU_selected_subjects,isot_true_317,clean,0.535,28,485
2026-01-25 21:25:12,meta-llama/Llama-3.1-8B,MMLU_selected_subjects,isot_true_317,meani,0.528,28,485
2026-01-25 21:28:16,meta-llama/Llama-3.1-8B,MMLU_selected_subjects,isot_true_318,clean,0.504,28,650
2026-01-25 21:32:20,meta-llama/Llama-3.1-8B,MMLU_selected_subjects,isot_true_318,meani,0.518,28,650
2026-01-25 21:35:06,meta-llama/Llama-3.1-8B,MMLU_selected_subjects,isot_true_319,clean,0.508,28,422
2026-01-25 21:38:21,meta-llama/Llama-3.1-8B,MMLU_selected_subjects,isot_true_319,meani,0.518,28,422
2026-01-25 21:41:32,meta-llama/Llama-3.1-8B,MMLU_selected_subjects,isot_true_32,clean,0.502,28,726
2026-01-25 21:45:42,meta-llama/Llama-3.1-8B,MMLU_selected_subjects,isot_true_32,meani,0.486,28,726
2026-01-25 21:48:42,meta-llama/Llama-3.1-8B,MMLU_selected_subjects,isot_true_320,clean,0.539,28,544
2026-01-25 21:52:19,meta-llama/Llama-3.1-8B,MMLU_selected_subjects,isot_true_320,meani,0.514,28,544
2026-01-25 21:55:09,meta-llama/Llama-3.1-8B,MMLU_selected_subjects,isot_true_321,clean,0.538,28,532
2026-01-25 21:58:56,meta-llama/Llama-3.1-8B,MMLU_selected_subjects,isot_true_321,meani,0.52,28,532
2026-01-25 22:01:56,meta-llama/Llama-3.1-8B,MMLU_selected_subjects,isot_true_322,clean,0.521,28,601
2026-01-25 22:05:49,meta-llama/Llama-3.1-8B,MMLU_selected_subjects,isot_true_322,meani,0.508,28,601
2026-01-25 22:08:37,meta-llama/Llama-3.1-8B,MMLU_selected_subjects,isot_true_323,clean,0.514,28,629
2026-01-25 22:11:31,meta-llama/Llama-3.1-8B,MMLU_selected_subjects,isot_true_323,meani,0.508,28,629
2026-01-25 22:14:24,meta-llama/Llama-3.1-8B,MMLU_selected_subjects,isot_true_324,clean,0.523,28,414
2026-01-25 22:17:49,meta-llama/Llama-3.1-8B,MMLU_selected_subjects,isot_true_324,meani,0.546,28,414
2026-01-25 22:20:55,meta-llama/Llama-3.1-8B,MMLU_selected_subjects,isot_true_325,clean,0.528,28,378
2026-01-25 22:24:22,meta-llama/Llama-3.1-8B,MMLU_selected_subjects,isot_true_325,meani,0.531,28,378
2026-01-25 22:27:06,meta-llama/Llama-3.1-8B,MMLU_selected_subjects,isot_true_326,clean,0.502,28,615
2026-01-25 22:29:39,meta-llama/Llama-3.1-8B,MMLU_selected_subjects,isot_true_326,meani,0.51,28,615
2026-01-25 22:32:48,meta-llama/Llama-3.1-8B,MMLU_selected_subjects,isot_true_327,clean,0.527,28,271
2026-01-25 22:36:31,meta-llama/Llama-3.1-8B,MMLU_selected_subjects,isot_true_327,meani,0.533,28,271
2026-01-25 22:39:26,meta-llama/Llama-3.1-8B,MMLU_selected_subjects,isot_true_328,clean,0.515,28,476
2026-01-25 22:42:18,meta-llama/Llama-3.1-8B,MMLU_selected_subjects,isot_true_328,meani,0.525,28,476
2026-01-25 22:45:09,meta-llama/Llama-3.1-8B,MMLU_selected_subjects,isot_true_329,clean,0.523,28,493
2026-01-25 22:48:42,meta-llama/Llama-3.1-8B,MMLU_selected_subjects,isot_true_329,meani,0.521,28,493
2026-01-25 22:51:42,meta-llama/Llama-3.1-8B,MMLU_selected_subjects,isot_true_33,clean,0.527,28,533
2026-01-25 22:54:54,meta-llama/Llama-3.1-8B,MMLU_selected_subjects,isot_true_33,meani,0.51,28,533
2026-01-25 22:58:11,meta-llama/Llama-3.1-8B,MMLU_selected_subjects,isot_true_330,clean,0.507,28,535
2026-01-25 23:01:52,meta-llama/Llama-3.1-8B,MMLU_selected_subjects,isot_true_330,meani,0.528,28,535
2026-01-25 23:05:06,meta-llama/Llama-3.1-8B,MMLU_selected_subjects,isot_true_331,clean,0.526,28,756
2026-01-25 23:08:18,meta-llama/Llama-3.1-8B,MMLU_selected_subjects,isot_true_331,meani,0.528,28,756
2026-01-25 23:11:28,meta-llama/Llama-3.1-8B,MMLU_selected_subjects,isot_true_332,clean,0.495,28,349
2026-01-25 23:14:06,meta-llama/Llama-3.1-8B,MMLU_selected_subjects,isot_true_332,meani,0.484,28,349
2026-01-25 23:17:13,meta-llama/Llama-3.1-8B,MMLU_selected_subjects,isot_true_333,clean,0.532,28,475
2026-01-25 23:20:58,meta-llama/Llama-3.1-8B,MMLU_selected_subjects,isot_true_333,meani,0.534,28,475
2026-01-25 23:23:51,meta-llama/Llama-3.1-8B,MMLU_selected_subjects,isot_true_334,clean,0.523,28,722
2026-01-25 23:27:14,meta-llama/Llama-3.1-8B,MMLU_selected_subjects,isot_true_334,meani,0.528,28,722
2026-01-25 23:30:33,meta-llama/Llama-3.1-8B,MMLU_selected_subjects,isot_true_335,clean,0.536,28,717
2026-01-25 23:33:34,meta-llama/Llama-3.1-8B,MMLU_selected_subjects,isot_true_335,meani,0.529,28,717
2026-01-25 23:36:23,meta-llama/Llama-3.1-8B,MMLU_selected_subjects,isot_true_336,clean,0.501,28,528
2026-01-25 23:39:20,meta-llama/Llama-3.1-8B,MMLU_selected_subjects,isot_true_336,meani,0.517,28,528
2026-01-25 23:42:24,meta-llama/Llama-3.1-8B,MMLU_selected_subjects,isot_true_337,clean,0.513,28,458
2026-01-25 23:45:17,meta-llama/Llama-3.1-8B,MMLU_selected_subjects,isot_true_337,meani,0.51,28,458
2026-01-25 23:48:09,meta-llama/Llama-3.1-8B,MMLU_selected_subjects,isot_true_338,clean,0.51,28,504
2026-01-25 23:51:15,meta-llama/Llama-3.1-8B,MMLU_selected_subjects,isot_true_338,meani,0.518,28,504
2026-01-25 23:54:34,meta-llama/Llama-3.1-8B,MMLU_selected_subjects,isot_true_339,clean,0.525,28,544
2026-01-25 23:58:03,meta-llama/Llama-3.1-8B,MMLU_selected_subjects,isot_true_339,meani,0.506,28,544
2026-01-26 00:00:44,meta-llama/Llama-3.1-8B,MMLU_selected_subjects,isot_true_34,clean,0.502,28,304
2026-01-26 00:03:16,meta-llama/Llama-3.1-8B,MMLU_selected_subjects,isot_true_34,meani,0.521,28,304
2026-01-26 00:06:17,meta-llama/Llama-3.1-8B,MMLU_selected_subjects,isot_true_340,clean,0.525,28,549
2026-01-26 00:09:05,meta-llama/Llama-3.1-8B,MMLU_selected_subjects,isot_true_340,meani,0.522,28,549
2026-01-26 00:12:32,meta-llama/Llama-3.1-8B,MMLU_selected_subjects,isot_true_341,clean,0.521,28,279
2026-01-26 00:15:42,meta-llama/Llama-3.1-8B,MMLU_selected_subjects,isot_true_341,meani,0.535,28,279
2026-01-26 00:18:35,meta-llama/Llama-3.1-8B,MMLU_selected_subjects,isot_true_342,clean,0.521,28,303
2026-01-26 00:22:03,meta-llama/Llama-3.1-8B,MMLU_selected_subjects,isot_true_342,meani,0.517,28,303
2026-01-26 00:25:19,meta-llama/Llama-3.1-8B,MMLU_selected_subjects,isot_true_343,clean,0.506,28,552
2026-01-26 00:28:56,meta-llama/Llama-3.1-8B,MMLU_selected_subjects,isot_true_343,meani,0.521,28,552
2026-01-26 00:32:46,meta-llama/Llama-3.1-8B,MMLU_selected_subjects,isot_true_344,clean,0.532,28,559
2026-01-26 00:36:30,meta-llama/Llama-3.1-8B,MMLU_selected_subjects,isot_true_344,meani,0.535,28,559
2026-01-26 00:39:44,meta-llama/Llama-3.1-8B,MMLU_selected_subjects,isot_true_345,clean,0.507,28,416
2026-01-26 00:43:06,meta-llama/Llama-3.1-8B,MMLU_selected_subjects,isot_true_345,meani,0.516,28,416
2026-01-26 00:46:10,meta-llama/Llama-3.1-8B,MMLU_selected_subjects,isot_true_346,clean,0.531,28,522
2026-01-26 00:49:56,meta-llama/Llama-3.1-8B,MMLU_selected_subjects,isot_true_346,meani,0.528,28,522
2026-01-26 00:52:38,meta-llama/Llama-3.1-8B,MMLU_selected_subjects,isot_true_347,clean,0.517,28,405
2026-01-26 00:56:13,meta-llama/Llama-3.1-8B,MMLU_selected_subjects,isot_true_347,meani,0.512,28,405
2026-01-26 00:59:14,meta-llama/Llama-3.1-8B,MMLU_selected_subjects,isot_true_348,clean,0.522,28,736
2026-01-26 01:03:18,meta-llama/Llama-3.1-8B,MMLU_selected_subjects,isot_true_348,meani,0.533,28,736
2026-01-26 01:06:03,meta-llama/Llama-3.1-8B,MMLU_selected_subjects,isot_true_349,clean,0.506,28,628
2026-01-26 01:10:01,meta-llama/Llama-3.1-8B,MMLU_selected_subjects,isot_true_349,meani,0.518,28,628
2026-01-26 01:13:12,meta-llama/Llama-3.1-8B,MMLU_selected_subjects,isot_true_35,clean,0.532,28,429
2026-01-26 01:16:25,meta-llama/Llama-3.1-8B,MMLU_selected_subjects,isot_true_35,meani,0.539,28,429
2026-01-26 01:19:42,meta-llama/Llama-3.1-8B,MMLU_selected_subjects,isot_true_350,clean,0.508,28,781
2026-01-26 01:22:46,meta-llama/Llama-3.1-8B,MMLU_selected_subjects,isot_true_350,meani,0.517,28,781
2026-01-26 01:25:59,meta-llama/Llama-3.1-8B,MMLU_selected_subjects,isot_true_351,clean,0.517,28,767
2026-01-26 01:29:38,meta-llama/Llama-3.1-8B,MMLU_selected_subjects,isot_true_351,meani,0.521,28,767
2026-01-26 01:32:41,meta-llama/Llama-3.1-8B,MMLU_selected_subjects,isot_true_352,clean,0.513,28,531
2026-01-26 01:36:28,meta-llama/Llama-3.1-8B,MMLU_selected_subjects,isot_true_352,meani,0.51,28,531
2026-01-26 01:39:15,meta-llama/Llama-3.1-8B,MMLU_selected_subjects,isot_true_353,clean,0.513,28,379
2026-01-26 01:42:30,meta-llama/Llama-3.1-8B,MMLU_selected_subjects,isot_true_353,meani,0.534,28,379
2026-01-26 01:45:15,meta-llama/Llama-3.1-8B,MMLU_selected_subjects,isot_true_354,clean,0.512,28,527
2026-01-26 01:47:45,meta-llama/Llama-3.1-8B,MMLU_selected_subjects,isot_true_354,meani,0.496,28,527
2026-01-26 01:51:12,meta-llama/Llama-3.1-8B,MMLU_selected_subjects,isot_true_355,clean,0.534,28,567
2026-01-26 01:54:41,meta-llama/Llama-3.1-8B,MMLU_selected_subjects,isot_true_355,meani,0.526,28,567
2026-01-26 01:57:52,meta-llama/Llama-3.1-8B,MMLU_selected_subjects,isot_true_356,clean,0.545,28,497
2026-01-26 02:00:51,meta-llama/Llama-3.1-8B,MMLU_selected_subjects,isot_true_356,meani,0.534,28,497
2026-01-26 02:03:59,meta-llama/Llama-3.1-8B,MMLU_selected_subjects,isot_true_357,clean,0.509,28,294
2026-01-26 02:07:02,meta-llama/Llama-3.1-8B,MMLU_selected_subjects,isot_true_357,meani,0.518,28,294
2026-01-26 02:10:16,meta-llama/Llama-3.1-8B,MMLU_selected_subjects,isot_true_358,clean,0.513,28,611
2026-01-26 02:13:04,meta-llama/Llama-3.1-8B,MMLU_selected_subjects,isot_true_358,meani,0.516,28,611
2026-01-26 02:16:08,meta-llama/Llama-3.1-8B,MMLU_selected_subjects,isot_true_359,clean,0.502,28,427
2026-01-26 02:19:07,meta-llama/Llama-3.1-8B,MMLU_selected_subjects,isot_true_359,meani,0.531,28,427
2026-01-26 02:21:58,meta-llama/Llama-3.1-8B,MMLU_selected_subjects,isot_true_36,clean,0.506,28,426
2026-01-26 02:24:46,meta-llama/Llama-3.1-8B,MMLU_selected_subjects,isot_true_36,meani,0.51,28,426
2026-01-26 02:28:04,meta-llama/Llama-3.1-8B,MMLU_selected_subjects,isot_true_360,clean,0.517,28,383
2026-01-26 02:31:05,meta-llama/Llama-3.1-8B,MMLU_selected_subjects,isot_true_360,meani,0.533,28,383
2026-01-26 02:34:09,meta-llama/Llama-3.1-8B,MMLU_selected_subjects,isot_true_361,clean,0.508,28,576
2026-01-26 02:36:57,meta-llama/Llama-3.1-8B,MMLU_selected_subjects,isot_true_361,meani,0.525,28,576
2026-01-26 02:39:57,meta-llama/Llama-3.1-8B,MMLU_selected_subjects,isot_true_362,clean,0.519,28,450
2026-01-26 02:43:31,meta-llama/Llama-3.1-8B,MMLU_selected_subjects,isot_true_362,meani,0.538,28,450
2026-01-26 02:46:33,meta-llama/Llama-3.1-8B,MMLU_selected_subjects,isot_true_363,clean,0.517,28,334
2026-01-26 02:49:14,meta-llama/Llama-3.1-8B,MMLU_selected_subjects,isot_true_363,meani,0.508,28,334
2026-01-26 02:52:16,meta-llama/Llama-3.1-8B,MMLU_selected_subjects,isot_true_364,clean,0.52,28,490
2026-01-26 02:55:41,meta-llama/Llama-3.1-8B,MMLU_selected_subjects,isot_true_364,meani,0.511,28,490
2026-01-26 02:58:40,meta-llama/Llama-3.1-8B,MMLU_selected_subjects,isot_true_365,clean,0.519,28,606
2026-01-26 03:02:48,meta-llama/Llama-3.1-8B,MMLU_selected_subjects,isot_true_365,meani,0.544,28,606
2026-01-26 03:06:02,meta-llama/Llama-3.1-8B,MMLU_selected_subjects,isot_true_366,clean,0.527,28,703
2026-01-26 03:10:03,meta-llama/Llama-3.1-8B,MMLU_selected_subjects,isot_true_366,meani,0.532,28,703
2026-01-26 03:13:02,meta-llama/Llama-3.1-8B,MMLU_selected_subjects,isot_true_367,clean,0.522,28,407
2026-01-26 03:16:39,meta-llama/Llama-3.1-8B,MMLU_selected_subjects,isot_true_367,meani,0.522,28,407
2026-01-26 03:19:27,meta-llama/Llama-3.1-8B,MMLU_selected_subjects,isot_true_368,clean,0.526,28,391
2026-01-26 03:22:25,meta-llama/Llama-3.1-8B,MMLU_selected_subjects,isot_true_368,meani,0.509,28,391
2026-01-26 03:25:07,meta-llama/Llama-3.1-8B,MMLU_selected_subjects,isot_true_369,clean,0.514,28,460
2026-01-26 03:27:43,meta-llama/Llama-3.1-8B,MMLU_selected_subjects,isot_true_369,meani,0.521,28,460
2026-01-26 03:30:39,meta-llama/Llama-3.1-8B,MMLU_selected_subjects,isot_true_37,clean,0.514,28,623
2026-01-26 03:33:15,meta-llama/Llama-3.1-8B,MMLU_selected_subjects,isot_true_37,meani,0.509,28,623
2026-01-26 03:37:00,meta-llama/Llama-3.1-8B,MMLU_selected_subjects,isot_true_370,clean,0.529,28,716
2026-01-26 03:41:08,meta-llama/Llama-3.1-8B,MMLU_selected_subjects,isot_true_370,meani,0.526,28,716
2026-01-26 03:43:49,meta-llama/Llama-3.1-8B,MMLU_selected_subjects,isot_true_371,clean,0.497,28,621
2026-01-26 03:47:05,meta-llama/Llama-3.1-8B,MMLU_selected_subjects,isot_true_371,meani,0.519,28,621
2026-01-26 03:50:14,meta-llama/Llama-3.1-8B,MMLU_selected_subjects,isot_true_372,clean,0.511,28,309
2026-01-26 03:53:26,meta-llama/Llama-3.1-8B,MMLU_selected_subjects,isot_true_372,meani,0.532,28,309
2026-01-26 03:56:05,meta-llama/Llama-3.1-8B,MMLU_selected_subjects,isot_true_373,clean,0.527,28,569
2026-01-26 03:59:37,meta-llama/Llama-3.1-8B,MMLU_selected_subjects,isot_true_373,meani,0.532,28,569
2026-01-26 04:02:49,meta-llama/Llama-3.1-8B,MMLU_selected_subjects,isot_true_374,clean,0.538,28,611
2026-01-26 04:06:31,meta-llama/Llama-3.1-8B,MMLU_selected_subjects,isot_true_374,meani,0.535,28,611
2026-01-26 04:09:08,meta-llama/Llama-3.1-8B,MMLU_selected_subjects,isot_true_375,clean,0.475,28,634
2026-01-26 04:11:52,meta-llama/Llama-3.1-8B,MMLU_selected_subjects,isot_true_375,meani,0.493,28,634
2026-01-26 04:14:30,meta-llama/Llama-3.1-8B,MMLU_selected_subjects,isot_true_376,clean,0.493,28,594
2026-01-26 04:17:43,meta-llama/Llama-3.1-8B,MMLU_selected_subjects,isot_true_376,meani,0.523,28,594
2026-01-26 04:20:56,meta-llama/Llama-3.1-8B,MMLU_selected_subjects,isot_true_377,clean,0.517,28,367
2026-01-26 04:24:23,meta-llama/Llama-3.1-8B,MMLU_selected_subjects,isot_true_377,meani,0.524,28,367
2026-01-26 04:27:15,meta-llama/Llama-3.1-8B,MMLU_selected_subjects,isot_true_378,clean,0.52,28,403
2026-01-26 04:30:31,meta-llama/Llama-3.1-8B,MMLU_selected_subjects,isot_true_378,meani,0.517,28,403
2026-01-26 04:33:25,meta-llama/Llama-3.1-8B,MMLU_selected_subjects,isot_true_379,clean,0.516,28,496
2026-01-26 04:36:28,meta-llama/Llama-3.1-8B,MMLU_selected_subjects,isot_true_379,meani,0.522,28,496
2026-01-26 04:39:32,meta-llama/Llama-3.1-8B,MMLU_selected_subjects,isot_true_38,clean,0.519,28,478
2026-01-26 04:42:14,meta-llama/Llama-3.1-8B,MMLU_selected_subjects,isot_true_38,meani,0.525,28,478
2026-01-26 04:45:09,meta-llama/Llama-3.1-8B,MMLU_selected_subjects,isot_true_380,clean,0.536,28,504
2026-01-26 04:49:01,meta-llama/Llama-3.1-8B,MMLU_selected_subjects,isot_true_380,meani,0.525,28,504
2026-01-26 04:51:39,meta-llama/Llama-3.1-8B,MMLU_selected_subjects,isot_true_381,clean,0.541,28,512
2026-01-26 04:55:42,meta-llama/Llama-3.1-8B,MMLU_selected_subjects,isot_true_381,meani,0.533,28,512
2026-01-26 04:58:34,meta-llama/Llama-3.1-8B,MMLU_selected_subjects,isot_true_382,clean,0.529,28,484
2026-01-26 05:00:56,meta-llama/Llama-3.1-8B,MMLU_selected_subjects,isot_true_382,meani,0.517,28,484
2026-01-26 05:04:42,meta-llama/Llama-3.1-8B,MMLU_selected_subjects,isot_true_383,clean,0.533,28,686
2026-01-26 05:08:35,meta-llama/Llama-3.1-8B,MMLU_selected_subjects,isot_true_383,meani,0.522,28,686
2026-01-26 05:11:16,meta-llama/Llama-3.1-8B,MMLU_selected_subjects,isot_true_384,clean,0.521,28,512
2026-01-26 05:14:48,meta-llama/Llama-3.1-8B,MMLU_selected_subjects,isot_true_384,meani,0.537,28,512
2026-01-26 05:18:21,meta-llama/Llama-3.1-8B,MMLU_selected_subjects,isot_true_385,clean,0.53,28,744
2026-01-26 05:22:12,meta-llama/Llama-3.1-8B,MMLU_selected_subjects,isot_true_385,meani,0.52,28,744
2026-01-26 05:25:00,meta-llama/Llama-3.1-8B,MMLU_selected_subjects,isot_true_386,clean,0.509,28,407
2026-01-26 05:27:20,meta-llama/Llama-3.1-8B,MMLU_selected_subjects,isot_true_386,meani,0.515,28,407
2026-01-26 05:30:04,meta-llama/Llama-3.1-8B,MMLU_selected_subjects,isot_true_387,clean,0.509,28,494
2026-01-26 05:32:33,meta-llama/Llama-3.1-8B,MMLU_selected_subjects,isot_true_387,meani,0.527,28,494
2026-01-26 05:35:30,meta-llama/Llama-3.1-8B,MMLU_selected_subjects,isot_true_388,clean,0.524,28,428
2026-01-26 05:39:23,meta-llama/Llama-3.1-8B,MMLU_selected_subjects,isot_true_388,meani,0.543,28,428
2026-01-26 05:42:24,meta-llama/Llama-3.1-8B,MMLU_selected_subjects,isot_true_389,clean,0.531,28,633
2026-01-26 05:45:41,meta-llama/Llama-3.1-8B,MMLU_selected_subjects,isot_true_389,meani,0.527,28,633
2026-01-26 05:49:08,meta-llama/Llama-3.1-8B,MMLU_selected_subjects,isot_true_39,clean,0.528,28,586
2026-01-26 05:52:40,meta-llama/Llama-3.1-8B,MMLU_selected_subjects,isot_true_39,meani,0.518,28,586
2026-01-26 05:55:58,meta-llama/Llama-3.1-8B,MMLU_selected_subjects,isot_true_390,clean,0.52,28,593
2026-01-26 05:59:40,meta-llama/Llama-3.1-8B,MMLU_selected_subjects,isot_true_390,meani,0.525,28,593
2026-01-26 06:02:50,meta-llama/Llama-3.1-8B,MMLU_selected_subjects,isot_true_391,clean,0.528,28,455
2026-01-26 06:06:13,meta-llama/Llama-3.1-8B,MMLU_selected_subjects,isot_true_391,meani,0.519,28,455
2026-01-26 06:09:41,meta-llama/Llama-3.1-8B,MMLU_selected_subjects,isot_true_392,clean,0.516,28,399
2026-01-26 06:13:22,meta-llama/Llama-3.1-8B,MMLU_selected_subjects,isot_true_392,meani,0.508,28,399
2026-01-26 06:16:16,meta-llama/Llama-3.1-8B,MMLU_selected_subjects,isot_true_393,clean,0.506,28,416
2026-01-26 06:19:34,meta-llama/Llama-3.1-8B,MMLU_selected_subjects,isot_true_393,meani,0.529,28,416
2026-01-26 06:22:31,meta-llama/Llama-3.1-8B,MMLU_selected_subjects,isot_true_394,clean,0.514,28,489
2026-01-26 06:25:14,meta-llama/Llama-3.1-8B,MMLU_selected_subjects,isot_true_394,meani,0.521,28,489
2026-01-26 06:28:27,meta-llama/Llama-3.1-8B,MMLU_selected_subjects,isot_true_395,clean,0.534,28,274
2026-01-26 06:32:13,meta-llama/Llama-3.1-8B,MMLU_selected_subjects,isot_true_395,meani,0.534,28,274
2026-01-26 06:35:11,meta-llama/Llama-3.1-8B,MMLU_selected_subjects,isot_true_396,clean,0.492,28,599
2026-01-26 06:38:29,meta-llama/Llama-3.1-8B,MMLU_selected_subjects,isot_true_396,meani,0.502,28,599
2026-01-26 06:41:14,meta-llama/Llama-3.1-8B,MMLU_selected_subjects,isot_true_397,clean,0.527,28,461
2026-01-26 06:44:52,meta-llama/Llama-3.1-8B,MMLU_selected_subjects,isot_true_397,meani,0.534,28,461
2026-01-26 06:47:43,meta-llama/Llama-3.1-8B,MMLU_selected_subjects,isot_true_398,clean,0.521,28,332
2026-01-26 06:51:04,meta-llama/Llama-3.1-8B,MMLU_selected_subjects,isot_true_398,meani,0.515,28,332
2026-01-26 06:53:43,meta-llama/Llama-3.1-8B,MMLU_selected_subjects,isot_true_399,clean,0.534,28,467
2026-01-26 06:56:27,meta-llama/Llama-3.1-8B,MMLU_selected_subjects,isot_true_399,meani,0.525,28,467
2026-01-26 06:59:06,meta-llama/Llama-3.1-8B,MMLU_selected_subjects,isot_true_4,clean,0.522,28,581
2026-01-26 07:02:43,meta-llama/Llama-3.1-8B,MMLU_selected_subjects,isot_true_4,meani,0.512,28,581
2026-01-26 07:05:38,meta-llama/Llama-3.1-8B,MMLU_selected_subjects,isot_true_40,clean,0.526,28,381
2026-01-26 07:08:24,meta-llama/Llama-3.1-8B,MMLU_selected_subjects,isot_true_40,meani,0.519,28,381
2026-01-26 07:10:59,meta-llama/Llama-3.1-8B,MMLU_selected_subjects,isot_true_400,clean,0.517,28,376
2026-01-26 07:13:26,meta-llama/Llama-3.1-8B,MMLU_selected_subjects,isot_true_400,meani,0.502,28,376
2026-01-26 07:15:46,meta-llama/Llama-3.1-8B,MMLU_selected_subjects,isot_true_401,clean,0.513,28,303
2026-01-26 07:18:29,meta-llama/Llama-3.1-8B,MMLU_selected_subjects,isot_true_401,meani,0.518,28,303
2026-01-26 07:21:21,meta-llama/Llama-3.1-8B,MMLU_selected_subjects,isot_true_402,clean,0.503,28,465
2026-01-26 07:24:32,meta-llama/Llama-3.1-8B,MMLU_selected_subjects,isot_true_402,meani,0.529,28,465
2026-01-26 07:27:14,meta-llama/Llama-3.1-8B,MMLU_selected_subjects,isot_true_403,clean,0.505,28,539
2026-01-26 07:30:53,meta-llama/Llama-3.1-8B,MMLU_selected_subjects,isot_true_403,meani,0.516,28,539
2026-01-26 07:33:47,meta-llama/Llama-3.1-8B,MMLU_selected_subjects,isot_true_404,clean,0.505,28,588
2026-01-26 07:36:20,meta-llama/Llama-3.1-8B,MMLU_selected_subjects,isot_true_404,meani,0.509,28,588
2026-01-26 07:39:36,meta-llama/Llama-3.1-8B,MMLU_selected_subjects,isot_true_405,clean,0.523,28,475
2026-01-26 07:43:12,meta-llama/Llama-3.1-8B,MMLU_selected_subjects,isot_true_405,meani,0.532,28,475
2026-01-26 07:46:19,meta-llama/Llama-3.1-8B,MMLU_selected_subjects,isot_true_406,clean,0.509,28,778
2026-01-26 07:49:12,meta-llama/Llama-3.1-8B,MMLU_selected_subjects,isot_true_406,meani,0.527,28,778
2026-01-26 07:52:12,meta-llama/Llama-3.1-8B,MMLU_selected_subjects,isot_true_407,clean,0.524,28,520
2026-01-26 07:56:12,meta-llama/Llama-3.1-8B,MMLU_selected_subjects,isot_true_407,meani,0.523,28,520
2026-01-26 07:59:17,meta-llama/Llama-3.1-8B,MMLU_selected_subjects,isot_true_408,clean,0.501,28,401
2026-01-26 08:02:55,meta-llama/Llama-3.1-8B,MMLU_selected_subjects,isot_true_408,meani,0.506,28,401
2026-01-26 08:06:06,meta-llama/Llama-3.1-8B,MMLU_selected_subjects,isot_true_409,clean,0.489,28,547
2026-01-26 08:10:00,meta-llama/Llama-3.1-8B,MMLU_selected_subjects,isot_true_409,meani,0.524,28,547
2026-01-26 08:12:43,meta-llama/Llama-3.1-8B,MMLU_selected_subjects,isot_true_41,clean,0.5,28,571
2026-01-26 08:15:46,meta-llama/Llama-3.1-8B,MMLU_selected_subjects,isot_true_41,meani,0.528,28,571
2026-01-26 08:18:50,meta-llama/Llama-3.1-8B,MMLU_selected_subjects,isot_true_410,clean,0.523,28,370
2026-01-26 08:21:25,meta-llama/Llama-3.1-8B,MMLU_selected_subjects,isot_true_410,meani,0.525,28,370
2026-01-26 08:24:17,meta-llama/Llama-3.1-8B,MMLU_selected_subjects,isot_true_411,clean,0.512,28,463
2026-01-26 08:27:13,meta-llama/Llama-3.1-8B,MMLU_selected_subjects,isot_true_411,meani,0.515,28,463
2026-01-26 08:30:40,meta-llama/Llama-3.1-8B,MMLU_selected_subjects,isot_true_412,clean,0.519,28,514
2026-01-26 08:34:30,meta-llama/Llama-3.1-8B,MMLU_selected_subjects,isot_true_412,meani,0.525,28,514
2026-01-26 08:37:35,meta-llama/Llama-3.1-8B,MMLU_selected_subjects,isot_true_413,clean,0.514,28,563
2026-01-26 08:40:22,meta-llama/Llama-3.1-8B,MMLU_selected_subjects,isot_true_413,meani,0.52,28,563
2026-01-26 08:43:25,meta-llama/Llama-3.1-8B,MMLU_selected_subjects,isot_true_414,clean,0.517,28,414
2026-01-26 08:46:22,meta-llama/Llama-3.1-8B,MMLU_selected_subjects,isot_true_414,meani,0.519,28,414
2026-01-26 08:49:32,meta-llama/Llama-3.1-8B,MMLU_selected_subjects,isot_true_415,clean,0.515,28,351
2026-01-26 08:53:12,meta-llama/Llama-3.1-8B,MMLU_selected_subjects,isot_true_415,meani,0.531,28,351
2026-01-26 08:56:33,meta-llama/Llama-3.1-8B,MMLU_selected_subjects,isot_true_416,clean,0.498,28,480
2026-01-26 09:00:43,meta-llama/Llama-3.1-8B,MMLU_selected_subjects,isot_true_416,meani,0.514,28,480
2026-01-26 09:03:30,meta-llama/Llama-3.1-8B,MMLU_selected_subjects,isot_true_417,clean,0.526,28,465
2026-01-26 09:07:01,meta-llama/Llama-3.1-8B,MMLU_selected_subjects,isot_true_417,meani,0.524,28,465
2026-01-26 09:09:43,meta-llama/Llama-3.1-8B,MMLU_selected_subjects,isot_true_418,clean,0.534,28,413
2026-01-26 09:13:27,meta-llama/Llama-3.1-8B,MMLU_selected_subjects,isot_true_418,meani,0.524,28,413
2026-01-26 09:17:08,meta-llama/Llama-3.1-8B,MMLU_selected_subjects,isot_true_419,clean,0.536,28,623
2026-01-26 09:21:15,meta-llama/Llama-3.1-8B,MMLU_selected_subjects,isot_true_419,meani,0.522,28,623
2026-01-26 09:24:15,meta-llama/Llama-3.1-8B,MMLU_selected_subjects,isot_true_42,clean,0.51,28,360
2026-01-26 09:27:34,meta-llama/Llama-3.1-8B,MMLU_selected_subjects,isot_true_42,meani,0.524,28,360
2026-01-26 09:30:49,meta-llama/Llama-3.1-8B,MMLU_selected_subjects,isot_true_420,clean,0.527,28,387
2026-01-26 09:34:04,meta-llama/Llama-3.1-8B,MMLU_selected_subjects,isot_true_420,meani,0.522,28,387
2026-01-26 09:37:09,meta-llama/Llama-3.1-8B,MMLU_selected_subjects,isot_true_421,clean,0.515,28,330
2026-01-26 09:40:48,meta-llama/Llama-3.1-8B,MMLU_selected_subjects,isot_true_421,meani,0.525,28,330
2026-01-26 09:43:53,meta-llama/Llama-3.1-8B,MMLU_selected_subjects,isot_true_422,clean,0.525,28,471
2026-01-26 09:47:18,meta-llama/Llama-3.1-8B,MMLU_selected_subjects,isot_true_422,meani,0.529,28,471
2026-01-26 09:50:25,meta-llama/Llama-3.1-8B,MMLU_selected_subjects,isot_true_423,clean,0.525,28,641
2026-01-26 09:53:42,meta-llama/Llama-3.1-8B,MMLU_selected_subjects,isot_true_423,meani,0.525,28,641
2026-01-26 09:56:41,meta-llama/Llama-3.1-8B,MMLU_selected_subjects,isot_true_424,clean,0.513,28,510
2026-01-26 09:59:35,meta-llama/Llama-3.1-8B,MMLU_selected_subjects,isot_true_424,meani,0.531,28,510
2026-01-26 10:02:39,meta-llama/Llama-3.1-8B,MMLU_selected_subjects,isot_true_425,clean,0.5,28,799
2026-01-26 10:05:39,meta-llama/Llama-3.1-8B,MMLU_selected_subjects,isot_true_425,meani,0.526,28,799
2026-01-26 10:08:52,meta-llama/Llama-3.1-8B,MMLU_selected_subjects,isot_true_426,clean,0.539,28,611
2026-01-26 10:12:09,meta-llama/Llama-3.1-8B,MMLU_selected_subjects,isot_true_426,meani,0.519,28,611
2026-01-26 10:14:40,meta-llama/Llama-3.1-8B,MMLU_selected_subjects,isot_true_427,clean,0.518,28,385
2026-01-26 10:18:01,meta-llama/Llama-3.1-8B,MMLU_selected_subjects,isot_true_427,meani,0.52,28,385
2026-01-26 10:20:46,meta-llama/Llama-3.1-8B,MMLU_selected_subjects,isot_true_428,clean,0.542,28,582
2026-01-26 10:23:43,meta-llama/Llama-3.1-8B,MMLU_selected_subjects,isot_true_428,meani,0.507,28,582
2026-01-26 10:26:52,meta-llama/Llama-3.1-8B,MMLU_selected_subjects,isot_true_429,clean,0.503,28,234
2026-01-26 10:30:14,meta-llama/Llama-3.1-8B,MMLU_selected_subjects,isot_true_429,meani,0.515,28,234
2026-01-26 10:33:08,meta-llama/Llama-3.1-8B,MMLU_selected_subjects,isot_true_43,clean,0.491,28,649
2026-01-26 10:35:40,meta-llama/Llama-3.1-8B,MMLU_selected_subjects,isot_true_43,meani,0.515,28,649
2026-01-26 10:38:57,meta-llama/Llama-3.1-8B,MMLU_selected_subjects,isot_true_430,clean,0.513,28,569
2026-01-26 10:42:40,meta-llama/Llama-3.1-8B,MMLU_selected_subjects,isot_true_430,meani,0.532,28,569
2026-01-26 10:45:29,meta-llama/Llama-3.1-8B,MMLU_selected_subjects,isot_true_431,clean,0.505,28,359
2026-01-26 10:48:36,meta-llama/Llama-3.1-8B,MMLU_selected_subjects,isot_true_431,meani,0.534,28,359
2026-01-26 10:52:21,meta-llama/Llama-3.1-8B,MMLU_selected_subjects,isot_true_432,clean,0.512,28,647
2026-01-26 10:56:33,meta-llama/Llama-3.1-8B,MMLU_selected_subjects,isot_true_432,meani,0.536,28,647
2026-01-26 10:59:25,meta-llama/Llama-3.1-8B,MMLU_selected_subjects,isot_true_433,clean,0.519,28,771
2026-01-26 11:02:23,meta-llama/Llama-3.1-8B,MMLU_selected_subjects,isot_true_433,meani,0.521,28,771
2026-01-26 11:05:55,meta-llama/Llama-3.1-8B,MMLU_selected_subjects,isot_true_434,clean,0.527,28,744
2026-01-26 11:09:47,meta-llama/Llama-3.1-8B,MMLU_selected_subjects,isot_true_434,meani,0.537,28,744
2026-01-26 11:12:30,meta-llama/Llama-3.1-8B,MMLU_selected_subjects,isot_true_435,clean,0.532,28,274
2026-01-26 11:15:35,meta-llama/Llama-3.1-8B,MMLU_selected_subjects,isot_true_435,meani,0.524,28,274
2026-01-26 11:18:43,meta-llama/Llama-3.1-8B,MMLU_selected_subjects,isot_true_436,clean,0.505,28,507
2026-01-26 11:21:47,meta-llama/Llama-3.1-8B,MMLU_selected_subjects,isot_true_436,meani,0.531,28,507
2026-01-26 11:25:14,meta-llama/Llama-3.1-8B,MMLU_selected_subjects,isot_true_437,clean,0.531,28,598
2026-01-26 11:29:16,meta-llama/Llama-3.1-8B,MMLU_selected_subjects,isot_true_437,meani,0.531,28,598
2026-01-26 11:32:43,meta-llama/Llama-3.1-8B,MMLU_selected_subjects,isot_true_438,clean,0.538,28,654
2026-01-26 11:36:26,meta-llama/Llama-3.1-8B,MMLU_selected_subjects,isot_true_438,meani,0.528,28,654
2026-01-26 11:39:17,meta-llama/Llama-3.1-8B,MMLU_selected_subjects,isot_true_439,clean,0.496,28,656
2026-01-26 11:43:07,meta-llama/Llama-3.1-8B,MMLU_selected_subjects,isot_true_439,meani,0.524,28,656
2026-01-26 11:46:17,meta-llama/Llama-3.1-8B,MMLU_selected_subjects,isot_true_44,clean,0.524,28,422
2026-01-26 11:49:21,meta-llama/Llama-3.1-8B,MMLU_selected_subjects,isot_true_44,meani,0.515,28,422
2026-01-26 11:52:21,meta-llama/Llama-3.1-8B,MMLU_selected_subjects,isot_true_440,clean,0.523,28,410
2026-01-26 11:55:59,meta-llama/Llama-3.1-8B,MMLU_selected_subjects,isot_true_440,meani,0.519,28,410
2026-01-26 11:59:35,meta-llama/Llama-3.1-8B,MMLU_selected_subjects,isot_true_441,clean,0.546,28,761
2026-01-26 12:03:50,meta-llama/Llama-3.1-8B,MMLU_selected_subjects,isot_true_441,meani,0.531,28,761
2026-01-26 12:06:57,meta-llama/Llama-3.1-8B,MMLU_selected_subjects,isot_true_442,clean,0.522,28,586
2026-01-26 12:10:51,meta-llama/Llama-3.1-8B,MMLU_selected_subjects,isot_true_442,meani,0.524,28,586
2026-01-26 12:14:02,meta-llama/Llama-3.1-8B,MMLU_selected_subjects,isot_true_443,clean,0.513,28,267
2026-01-26 12:17:27,meta-llama/Llama-3.1-8B,MMLU_selected_subjects,isot_true_443,meani,0.522,28,267
2026-01-26 12:20:02,meta-llama/Llama-3.1-8B,MMLU_selected_subjects,isot_true_444,clean,0.508,28,356
2026-01-26 12:23:35,meta-llama/Llama-3.1-8B,MMLU_selected_subjects,isot_true_444,meani,0.531,28,356
2026-01-26 12:26:41,meta-llama/Llama-3.1-8B,MMLU_selected_subjects,isot_true_445,clean,0.508,28,677
2026-01-26 12:30:04,meta-llama/Llama-3.1-8B,MMLU_selected_subjects,isot_true_445,meani,0.539,28,677
2026-01-26 12:33:09,meta-llama/Llama-3.1-8B,MMLU_selected_subjects,isot_true_446,clean,0.516,28,389
2026-01-26 12:36:06,meta-llama/Llama-3.1-8B,MMLU_selected_subjects,isot_true_446,meani,0.518,28,389
2026-01-26 12:39:21,meta-llama/Llama-3.1-8B,MMLU_selected_subjects,isot_true_447,clean,0.522,28,634
2026-01-26 12:42:30,meta-llama/Llama-3.1-8B,MMLU_selected_subjects,isot_true_447,meani,0.53,28,634
2026-01-26 12:45:15,meta-llama/Llama-3.1-8B,MMLU_selected_subjects,isot_true_448,clean,0.509,28,446
2026-01-26 12:48:28,meta-llama/Llama-3.1-8B,MMLU_selected_subjects,isot_true_448,meani,0.527,28,446
2026-01-26 12:51:39,meta-llama/Llama-3.1-8B,MMLU_selected_subjects,isot_true_449,clean,0.529,28,471
2026-01-26 12:55:12,meta-llama/Llama-3.1-8B,MMLU_selected_subjects,isot_true_449,meani,0.519,28,471
2026-01-26 12:58:25,meta-llama/Llama-3.1-8B,MMLU_selected_subjects,isot_true_45,clean,0.515,28,777
2026-01-26 13:02:06,meta-llama/Llama-3.1-8B,MMLU_selected_subjects,isot_true_45,meani,0.515,28,777
2026-01-26 13:05:09,meta-llama/Llama-3.1-8B,MMLU_selected_subjects,isot_true_450,clean,0.52,28,260
2026-01-26 13:08:36,meta-llama/Llama-3.1-8B,MMLU_selected_subjects,isot_true_450,meani,0.531,28,260
2026-01-26 13:11:52,meta-llama/Llama-3.1-8B,MMLU_selected_subjects,isot_true_451,clean,0.511,28,345
2026-01-26 13:15:39,meta-llama/Llama-3.1-8B,MMLU_selected_subjects,isot_true_451,meani,0.514,28,345
2026-01-26 13:18:49,meta-llama/Llama-3.1-8B,MMLU_selected_subjects,isot_true_452,clean,0.5,28,606
2026-01-26 13:22:39,meta-llama/Llama-3.1-8B,MMLU_selected_subjects,isot_true_452,meani,0.524,28,606
2026-01-26 13:26:15,meta-llama/Llama-3.1-8B,MMLU_selected_subjects,isot_true_453,clean,0.533,28,587
2026-01-26 13:29:55,meta-llama/Llama-3.1-8B,MMLU_selected_subjects,isot_true_453,meani,0.531,28,587
2026-01-26 13:33:00,meta-llama/Llama-3.1-8B,MMLU_selected_subjects,isot_true_454,clean,0.531,28,682
2026-01-26 13:37:01,meta-llama/Llama-3.1-8B,MMLU_selected_subjects,isot_true_454,meani,0.531,28,682
2026-01-26 13:39:53,meta-llama/Llama-3.1-8B,MMLU_selected_subjects,isot_true_455,clean,0.51,28,451
2026-01-26 13:43:05,meta-llama/Llama-3.1-8B,MMLU_selected_subjects,isot_true_455,meani,0.515,28,451
2026-01-26 13:45:55,meta-llama/Llama-3.1-8B,MMLU_selected_subjects,isot_true_456,clean,0.513,28,628
2026-01-26 13:49:14,meta-llama/Llama-3.1-8B,MMLU_selected_subjects,isot_true_456,meani,0.516,28,628
2026-01-26 13:52:18,meta-llama/Llama-3.1-8B,MMLU_selected_subjects,isot_true_457,clean,0.51,28,594
2026-01-26 13:55:00,meta-llama/Llama-3.1-8B,MMLU_selected_subjects,isot_true_457,meani,0.533,28,594
2026-01-26 13:58:05,meta-llama/Llama-3.1-8B,MMLU_selected_subjects,isot_true_458,clean,0.542,28,564
2026-01-26 14:00:59,meta-llama/Llama-3.1-8B,MMLU_selected_subjects,isot_true_458,meani,0.538,28,564
2026-01-26 14:03:57,meta-llama/Llama-3.1-8B,MMLU_selected_subjects,isot_true_459,clean,0.504,28,734
2026-01-26 14:06:44,meta-llama/Llama-3.1-8B,MMLU_selected_subjects,isot_true_459,meani,0.516,28,734
2026-01-26 14:10:18,meta-llama/Llama-3.1-8B,MMLU_selected_subjects,isot_true_46,clean,0.527,28,200
2026-01-26 14:13:27,meta-llama/Llama-3.1-8B,MMLU_selected_subjects,isot_true_46,meani,0.533,28,200
2026-01-26 14:16:20,meta-llama/Llama-3.1-8B,MMLU_selected_subjects,isot_true_460,clean,0.507,28,761
2026-01-26 14:19:56,meta-llama/Llama-3.1-8B,MMLU_selected_subjects,isot_true_460,meani,0.511,28,761
2026-01-26 14:23:19,meta-llama/Llama-3.1-8B,MMLU_selected_subjects,isot_true_461,clean,0.52,28,492
2026-01-26 14:27:07,meta-llama/Llama-3.1-8B,MMLU_selected_subjects,isot_true_461,meani,0.526,28,492
2026-01-26 14:30:15,meta-llama/Llama-3.1-8B,MMLU_selected_subjects,isot_true_462,clean,0.531,28,652
2026-01-26 14:33:29,meta-llama/Llama-3.1-8B,MMLU_selected_subjects,isot_true_462,meani,0.518,28,652
2026-01-26 14:36:50,meta-llama/Llama-3.1-8B,MMLU_selected_subjects,isot_true_463,clean,0.533,28,571
2026-01-26 14:39:58,meta-llama/Llama-3.1-8B,MMLU_selected_subjects,isot_true_463,meani,0.526,28,571
2026-01-26 14:42:38,meta-llama/Llama-3.1-8B,MMLU_selected_subjects,isot_true_464,clean,0.523,28,540
2026-01-26 14:46:31,meta-llama/Llama-3.1-8B,MMLU_selected_subjects,isot_true_464,meani,0.533,28,540
2026-01-26 14:49:33,meta-llama/Llama-3.1-8B,MMLU_selected_subjects,isot_true_465,clean,0.528,28,683
2026-01-26 14:52:12,meta-llama/Llama-3.1-8B,MMLU_selected_subjects,isot_true_465,meani,0.521,28,683
2026-01-26 14:54:58,meta-llama/Llama-3.1-8B,MMLU_selected_subjects,isot_true_466,clean,0.537,28,665
2026-01-26 14:58:44,meta-llama/Llama-3.1-8B,MMLU_selected_subjects,isot_true_466,meani,0.532,28,665
2026-01-26 15:01:38,meta-llama/Llama-3.1-8B,MMLU_selected_subjects,isot_true_467,clean,0.517,28,551
2026-01-26 15:04:48,meta-llama/Llama-3.1-8B,MMLU_selected_subjects,isot_true_467,meani,0.519,28,551
2026-01-26 15:08:12,meta-llama/Llama-3.1-8B,MMLU_selected_subjects,isot_true_468,clean,0.517,28,573
2026-01-26 15:12:09,meta-llama/Llama-3.1-8B,MMLU_selected_subjects,isot_true_468,meani,0.525,28,573
2026-01-26 15:16:03,meta-llama/Llama-3.1-8B,MMLU_selected_subjects,isot_true_469,clean,0.533,28,691
2026-01-26 15:20:02,meta-llama/Llama-3.1-8B,MMLU_selected_subjects,isot_true_469,meani,0.527,28,691
2026-01-26 15:22:44,meta-llama/Llama-3.1-8B,MMLU_selected_subjects,isot_true_47,clean,0.511,28,445
2026-01-26 15:25:25,meta-llama/Llama-3.1-8B,MMLU_selected_subjects,isot_true_47,meani,0.496,28,445
2026-01-26 15:28:39,meta-llama/Llama-3.1-8B,MMLU_selected_subjects,isot_true_470,clean,0.525,28,455
2026-01-26 15:31:47,meta-llama/Llama-3.1-8B,MMLU_selected_subjects,isot_true_470,meani,0.538,28,455
2026-01-26 15:34:26,meta-llama/Llama-3.1-8B,MMLU_selected_subjects,isot_true_471,clean,0.532,28,535
2026-01-26 15:37:47,meta-llama/Llama-3.1-8B,MMLU_selected_subjects,isot_true_471,meani,0.524,28,535
2026-01-26 15:41:16,meta-llama/Llama-3.1-8B,MMLU_selected_subjects,isot_true_472,clean,0.535,28,732
2026-01-26 15:45:16,meta-llama/Llama-3.1-8B,MMLU_selected_subjects,isot_true_472,meani,0.525,28,732
2026-01-26 15:48:13,meta-llama/Llama-3.1-8B,MMLU_selected_subjects,isot_true_473,clean,0.502,28,394
2026-01-26 15:51:27,meta-llama/Llama-3.1-8B,MMLU_selected_subjects,isot_true_473,meani,0.516,28,394
2026-01-26 15:54:11,meta-llama/Llama-3.1-8B,MMLU_selected_subjects,isot_true_474,clean,0.524,28,408
2026-01-26 15:56:53,meta-llama/Llama-3.1-8B,MMLU_selected_subjects,isot_true_474,meani,0.513,28,408
2026-01-26 15:59:34,meta-llama/Llama-3.1-8B,MMLU_selected_subjects,isot_true_475,clean,0.526,28,568
2026-01-26 16:02:26,meta-llama/Llama-3.1-8B,MMLU_selected_subjects,isot_true_475,meani,0.522,28,568
2026-01-26 16:05:10,meta-llama/Llama-3.1-8B,MMLU_selected_subjects,isot_true_476,clean,0.538,28,573
2026-01-26 16:08:49,meta-llama/Llama-3.1-8B,MMLU_selected_subjects,isot_true_476,meani,0.551,28,573
2026-01-26 16:11:45,meta-llama/Llama-3.1-8B,MMLU_selected_subjects,isot_true_477,clean,0.51,28,479
2026-01-26 16:14:55,meta-llama/Llama-3.1-8B,MMLU_selected_subjects,isot_true_477,meani,0.508,28,479
2026-01-26 16:18:00,meta-llama/Llama-3.1-8B,MMLU_selected_subjects,isot_true_478,clean,0.494,28,741
2026-01-26 16:21:07,meta-llama/Llama-3.1-8B,MMLU_selected_subjects,isot_true_478,meani,0.521,28,741
2026-01-26 16:24:37,meta-llama/Llama-3.1-8B,MMLU_selected_subjects,isot_true_479,clean,0.518,28,668
2026-01-26 16:28:32,meta-llama/Llama-3.1-8B,MMLU_selected_subjects,isot_true_479,meani,0.532,28,668
2026-01-26 16:31:36,meta-llama/Llama-3.1-8B,MMLU_selected_subjects,isot_true_48,clean,0.502,28,797
2026-01-26 16:34:31,meta-llama/Llama-3.1-8B,MMLU_selected_subjects,isot_true_48,meani,0.52,28,797
2026-01-26 16:37:19,meta-llama/Llama-3.1-8B,MMLU_selected_subjects,isot_true_480,clean,0.509,28,327
2026-01-26 16:40:00,meta-llama/Llama-3.1-8B,MMLU_selected_subjects,isot_true_480,meani,0.52,28,327
2026-01-26 16:42:33,meta-llama/Llama-3.1-8B,MMLU_selected_subjects,isot_true_481,clean,0.525,28,447
2026-01-26 16:45:22,meta-llama/Llama-3.1-8B,MMLU_selected_subjects,isot_true_481,meani,0.51,28,447
2026-01-26 16:48:18,meta-llama/Llama-3.1-8B,MMLU_selected_subjects,isot_true_482,clean,0.495,28,647
2026-01-26 16:50:50,meta-llama/Llama-3.1-8B,MMLU_selected_subjects,isot_true_482,meani,0.51,28,647
2026-01-26 16:54:10,meta-llama/Llama-3.1-8B,MMLU_selected_subjects,isot_true_483,clean,0.504,28,568
2026-01-26 16:58:10,meta-llama/Llama-3.1-8B,MMLU_selected_subjects,isot_true_483,meani,0.522,28,568
2026-01-26 17:01:23,meta-llama/Llama-3.1-8B,MMLU_selected_subjects,isot_true_484,clean,0.528,28,779
2026-01-26 17:04:14,meta-llama/Llama-3.1-8B,MMLU_selected_subjects,isot_true_484,meani,0.523,28,779
2026-01-26 17:07:56,meta-llama/Llama-3.1-8B,MMLU_selected_subjects,isot_true_485,clean,0.526,28,449
2026-01-26 17:11:49,meta-llama/Llama-3.1-8B,MMLU_selected_subjects,isot_true_485,meani,0.526,28,449
2026-01-26 17:15:01,meta-llama/Llama-3.1-8B,MMLU_selected_subjects,isot_true_486,clean,0.519,28,497
2026-01-26 17:18:21,meta-llama/Llama-3.1-8B,MMLU_selected_subjects,isot_true_486,meani,0.527,28,497
2026-01-26 17:21:31,meta-llama/Llama-3.1-8B,MMLU_selected_subjects,isot_true_487,clean,0.513,28,448
2026-01-26 17:25:09,meta-llama/Llama-3.1-8B,MMLU_selected_subjects,isot_true_487,meani,0.514,28,448
2026-01-26 17:28:34,meta-llama/Llama-3.1-8B,MMLU_selected_subjects,isot_true_488,clean,0.528,28,715
2026-01-26 17:32:08,meta-llama/Llama-3.1-8B,MMLU_selected_subjects,isot_true_488,meani,0.516,28,715
2026-01-26 17:35:06,meta-llama/Llama-3.1-8B,MMLU_selected_subjects,isot_true_489,clean,0.531,28,450
2026-01-26 17:37:57,meta-llama/Llama-3.1-8B,MMLU_selected_subjects,isot_true_489,meani,0.517,28,450
2026-01-26 17:41:18,meta-llama/Llama-3.1-8B,MMLU_selected_subjects,isot_true_49,clean,0.52,28,709
2026-01-26 17:45:21,meta-llama/Llama-3.1-8B,MMLU_selected_subjects,isot_true_49,meani,0.537,28,709
2026-01-26 17:48:33,meta-llama/Llama-3.1-8B,MMLU_selected_subjects,isot_true_490,clean,0.528,28,543
2026-01-26 17:52:26,meta-llama/Llama-3.1-8B,MMLU_selected_subjects,isot_true_490,meani,0.514,28,543
2026-01-26 17:55:04,meta-llama/Llama-3.1-8B,MMLU_selected_subjects,isot_true_491,clean,0.503,28,450
2026-01-26 17:58:06,meta-llama/Llama-3.1-8B,MMLU_selected_subjects,isot_true_491,meani,0.536,28,450
2026-01-26 18:01:03,meta-llama/Llama-3.1-8B,MMLU_selected_subjects,isot_true_492,clean,0.53,28,542
2026-01-26 18:04:35,meta-llama/Llama-3.1-8B,MMLU_selected_subjects,isot_true_492,meani,0.526,28,542
2026-01-26 18:07:40,meta-llama/Llama-3.1-8B,MMLU_selected_subjects,isot_true_493,clean,0.526,28,546
2026-01-26 18:10:53,meta-llama/Llama-3.1-8B,MMLU_selected_subjects,isot_true_493,meani,0.519,28,546
2026-01-26 18:14:03,meta-llama/Llama-3.1-8B,MMLU_selected_subjects,isot_true_494,clean,0.525,28,382
2026-01-26 18:17:19,meta-llama/Llama-3.1-8B,MMLU_selected_subjects,isot_true_494,meani,0.521,28,382
2026-01-26 18:20:05,meta-llama/Llama-3.1-8B,MMLU_selected_subjects,isot_true_495,clean,0.513,28,367
2026-01-26 18:22:41,meta-llama/Llama-3.1-8B,MMLU_selected_subjects,isot_true_495,meani,0.524,28,367
2026-01-26 18:25:19,meta-llama/Llama-3.1-8B,MMLU_selected_subjects,isot_true_496,clean,0.516,28,494
2026-01-26 18:28:47,meta-llama/Llama-3.1-8B,MMLU_selected_subjects,isot_true_496,meani,0.522,28,494
2026-01-26 18:32:03,meta-llama/Llama-3.1-8B,MMLU_selected_subjects,isot_true_497,clean,0.529,28,317
2026-01-26 18:35:49,meta-llama/Llama-3.1-8B,MMLU_selected_subjects,isot_true_497,meani,0.532,28,317
2026-01-26 18:38:31,meta-llama/Llama-3.1-8B,MMLU_selected_subjects,isot_true_498,clean,0.492,28,404
2026-01-26 18:41:15,meta-llama/Llama-3.1-8B,MMLU_selected_subjects,isot_true_498,meani,0.504,28,404
2026-01-26 18:44:06,meta-llama/Llama-3.1-8B,MMLU_selected_subjects,isot_true_499,clean,0.532,28,730
2026-01-26 18:48:12,meta-llama/Llama-3.1-8B,MMLU_selected_subjects,isot_true_499,meani,0.507,28,730
2026-01-26 18:51:27,meta-llama/Llama-3.1-8B,MMLU_selected_subjects,isot_true_5,clean,0.519,28,666
2026-01-26 18:55:39,meta-llama/Llama-3.1-8B,MMLU_selected_subjects,isot_true_5,meani,0.521,28,666
2026-01-26 18:58:09,meta-llama/Llama-3.1-8B,MMLU_selected_subjects,isot_true_50,clean,0.527,28,446
2026-01-26 19:01:09,meta-llama/Llama-3.1-8B,MMLU_selected_subjects,isot_true_50,meani,0.528,28,446
2026-01-26 19:04:35,meta-llama/Llama-3.1-8B,MMLU_selected_subjects,isot_true_500,clean,0.525,28,766
2026-01-26 19:08:03,meta-llama/Llama-3.1-8B,MMLU_selected_subjects,isot_true_500,meani,0.544,28,766
2026-01-26 19:10:59,meta-llama/Llama-3.1-8B,MMLU_selected_subjects,isot_true_501,clean,0.526,28,343
2026-01-26 19:13:53,meta-llama/Llama-3.1-8B,MMLU_selected_subjects,isot_true_501,meani,0.513,28,343
2026-01-26 19:17:17,meta-llama/Llama-3.1-8B,MMLU_selected_subjects,isot_true_502,clean,0.519,28,634
2026-01-26 19:21:16,meta-llama/Llama-3.1-8B,MMLU_selected_subjects,isot_true_502,meani,0.529,28,634
2026-01-26 19:24:41,meta-llama/Llama-3.1-8B,MMLU_selected_subjects,isot_true_503,clean,0.522,28,541
2026-01-26 19:28:05,meta-llama/Llama-3.1-8B,MMLU_selected_subjects,isot_true_503,meani,0.533,28,541
2026-01-26 19:31:11,meta-llama/Llama-3.1-8B,MMLU_selected_subjects,isot_true_504,clean,0.515,28,352
2026-01-26 19:35:02,meta-llama/Llama-3.1-8B,MMLU_selected_subjects,isot_true_504,meani,0.513,28,352
2026-01-26 19:37:57,meta-llama/Llama-3.1-8B,MMLU_selected_subjects,isot_true_505,clean,0.534,28,421
2026-01-26 19:41:46,meta-llama/Llama-3.1-8B,MMLU_selected_subjects,isot_true_505,meani,0.536,28,421
2026-01-26 19:44:50,meta-llama/Llama-3.1-8B,MMLU_selected_subjects,isot_true_506,clean,0.506,28,423
2026-01-26 19:48:46,meta-llama/Llama-3.1-8B,MMLU_selected_subjects,isot_true_506,meani,0.523,28,423
2026-01-26 19:52:24,meta-llama/Llama-3.1-8B,MMLU_selected_subjects,isot_true_507,clean,0.525,28,597
2026-01-26 19:56:32,meta-llama/Llama-3.1-8B,MMLU_selected_subjects,isot_true_507,meani,0.525,28,597
2026-01-26 19:59:36,meta-llama/Llama-3.1-8B,MMLU_selected_subjects,isot_true_508,clean,0.518,28,737
2026-01-26 20:03:39,meta-llama/Llama-3.1-8B,MMLU_selected_subjects,isot_true_508,meani,0.52,28,737
2026-01-26 20:06:29,meta-llama/Llama-3.1-8B,MMLU_selected_subjects,isot_true_509,clean,0.487,28,725
2026-01-26 20:09:45,meta-llama/Llama-3.1-8B,MMLU_selected_subjects,isot_true_509,meani,0.519,28,725
2026-01-26 20:12:45,meta-llama/Llama-3.1-8B,MMLU_selected_subjects,isot_true_51,clean,0.541,28,615
2026-01-26 20:16:43,meta-llama/Llama-3.1-8B,MMLU_selected_subjects,isot_true_51,meani,0.51,28,615
2026-01-26 20:19:33,meta-llama/Llama-3.1-8B,MMLU_selected_subjects,isot_true_510,clean,0.516,28,599
2026-01-26 20:22:48,meta-llama/Llama-3.1-8B,MMLU_selected_subjects,isot_true_510,meani,0.52,28,599
2026-01-26 20:25:55,meta-llama/Llama-3.1-8B,MMLU_selected_subjects,isot_true_511,clean,0.52,28,500
2026-01-26 20:29:45,meta-llama/Llama-3.1-8B,MMLU_selected_subjects,isot_true_511,meani,0.545,28,500
2026-01-26 20:32:59,meta-llama/Llama-3.1-8B,MMLU_selected_subjects,isot_true_512,clean,0.528,28,573
2026-01-26 20:36:30,meta-llama/Llama-3.1-8B,MMLU_selected_subjects,isot_true_512,meani,0.525,28,573
2026-01-26 20:39:33,meta-llama/Llama-3.1-8B,MMLU_selected_subjects,isot_true_513,clean,0.533,28,462
2026-01-26 20:42:33,meta-llama/Llama-3.1-8B,MMLU_selected_subjects,isot_true_513,meani,0.516,28,462
2026-01-26 20:45:30,meta-llama/Llama-3.1-8B,MMLU_selected_subjects,isot_true_514,clean,0.493,28,372
2026-01-26 20:48:11,meta-llama/Llama-3.1-8B,MMLU_selected_subjects,isot_true_514,meani,0.514,28,372
2026-01-26 20:51:16,meta-llama/Llama-3.1-8B,MMLU_selected_subjects,isot_true_515,clean,0.515,28,226
2026-01-26 20:54:15,meta-llama/Llama-3.1-8B,MMLU_selected_subjects,isot_true_515,meani,0.521,28,226
2026-01-26 20:57:03,meta-llama/Llama-3.1-8B,MMLU_selected_subjects,isot_true_516,clean,0.531,28,405
2026-01-26 21:01:02,meta-llama/Llama-3.1-8B,MMLU_selected_subjects,isot_true_516,meani,0.527,28,405
2026-01-26 21:03:58,meta-llama/Llama-3.1-8B,MMLU_selected_subjects,isot_true_517,clean,0.526,28,436
2026-01-26 21:07:31,meta-llama/Llama-3.1-8B,MMLU_selected_subjects,isot_true_517,meani,0.533,28,436
2026-01-26 21:10:54,meta-llama/Llama-3.1-8B,MMLU_selected_subjects,isot_true_518,clean,0.522,28,267
2026-01-26 21:14:43,meta-llama/Llama-3.1-8B,MMLU_selected_subjects,isot_true_518,meani,0.524,28,267
2026-01-26 21:17:41,meta-llama/Llama-3.1-8B,MMLU_selected_subjects,isot_true_519,clean,0.523,28,514
2026-01-26 21:21:02,meta-llama/Llama-3.1-8B,MMLU_selected_subjects,isot_true_519,meani,0.515,28,514
2026-01-26 21:23:57,meta-llama/Llama-3.1-8B,MMLU_selected_subjects,isot_true_52,clean,0.534,28,473
2026-01-26 21:26:22,meta-llama/Llama-3.1-8B,MMLU_selected_subjects,isot_true_52,meani,0.523,28,473
2026-01-26 21:29:17,meta-llama/Llama-3.1-8B,MMLU_selected_subjects,isot_true_520,clean,0.492,28,495
2026-01-26 21:31:58,meta-llama/Llama-3.1-8B,MMLU_selected_subjects,isot_true_520,meani,0.506,28,495
2026-01-26 21:34:35,meta-llama/Llama-3.1-8B,MMLU_selected_subjects,isot_true_521,clean,0.515,28,474
2026-01-26 21:37:03,meta-llama/Llama-3.1-8B,MMLU_selected_subjects,isot_true_521,meani,0.529,28,474
2026-01-26 21:40:37,meta-llama/Llama-3.1-8B,MMLU_selected_subjects,isot_true_522,clean,0.523,28,476
2026-01-26 21:44:06,meta-llama/Llama-3.1-8B,MMLU_selected_subjects,isot_true_522,meani,0.539,28,476
2026-01-26 21:47:24,meta-llama/Llama-3.1-8B,MMLU_selected_subjects,isot_true_523,clean,0.522,28,648
2026-01-26 21:50:53,meta-llama/Llama-3.1-8B,MMLU_selected_subjects,isot_true_523,meani,0.516,28,648
2026-01-26 21:54:27,meta-llama/Llama-3.1-8B,MMLU_selected_subjects,isot_true_524,clean,0.493,28,776
2026-01-26 21:58:18,meta-llama/Llama-3.1-8B,MMLU_selected_subjects,isot_true_524,meani,0.519,28,776
2026-01-26 22:01:40,meta-llama/Llama-3.1-8B,MMLU_selected_subjects,isot_true_525,clean,0.543,28,638
2026-01-26 22:04:13,meta-llama/Llama-3.1-8B,MMLU_selected_subjects,isot_true_525,meani,0.522,28,638
2026-01-26 22:06:52,meta-llama/Llama-3.1-8B,MMLU_selected_subjects,isot_true_526,clean,0.509,28,524
2026-01-26 22:09:21,meta-llama/Llama-3.1-8B,MMLU_selected_subjects,isot_true_526,meani,0.517,28,524
2026-01-26 22:12:42,meta-llama/Llama-3.1-8B,MMLU_selected_subjects,isot_true_527,clean,0.521,28,776
2026-01-26 22:16:50,meta-llama/Llama-3.1-8B,MMLU_selected_subjects,isot_true_527,meani,0.524,28,776
2026-01-26 22:19:46,meta-llama/Llama-3.1-8B,MMLU_selected_subjects,isot_true_528,clean,0.534,28,462
2026-01-26 22:23:16,meta-llama/Llama-3.1-8B,MMLU_selected_subjects,isot_true_528,meani,0.534,28,462
2026-01-26 22:26:42,meta-llama/Llama-3.1-8B,MMLU_selected_subjects,isot_true_529,clean,0.514,28,646
2026-01-26 22:30:51,meta-llama/Llama-3.1-8B,MMLU_selected_subjects,isot_true_529,meani,0.545,28,646
2026-01-26 22:34:22,meta-llama/Llama-3.1-8B,MMLU_selected_subjects,isot_true_53,clean,0.534,28,689
2026-01-26 22:38:02,meta-llama/Llama-3.1-8B,MMLU_selected_subjects,isot_true_53,meani,0.546,28,689
2026-01-26 22:41:12,meta-llama/Llama-3.1-8B,MMLU_selected_subjects,isot_true_530,clean,0.512,28,630
2026-01-26 22:44:16,meta-llama/Llama-3.1-8B,MMLU_selected_subjects,isot_true_530,meani,0.53,28,630
2026-01-26 22:47:20,meta-llama/Llama-3.1-8B,MMLU_selected_subjects,isot_true_531,clean,0.528,28,462
2026-01-26 22:51:00,meta-llama/Llama-3.1-8B,MMLU_selected_subjects,isot_true_531,meani,0.522,28,462
2026-01-26 22:54:28,meta-llama/Llama-3.1-8B,MMLU_selected_subjects,isot_true_532,clean,0.533,28,259
2026-01-26 22:58:04,meta-llama/Llama-3.1-8B,MMLU_selected_subjects,isot_true_532,meani,0.54,28,259
2026-01-26 23:01:19,meta-llama/Llama-3.1-8B,MMLU_selected_subjects,isot_true_533,clean,0.517,28,634
2026-01-26 23:05:08,meta-llama/Llama-3.1-8B,MMLU_selected_subjects,isot_true_533,meani,0.517,28,634
2026-01-26 23:08:35,meta-llama/Llama-3.1-8B,MMLU_selected_subjects,isot_true_534,clean,0.524,28,548
2026-01-26 23:11:59,meta-llama/Llama-3.1-8B,MMLU_selected_subjects,isot_true_534,meani,0.514,28,548
2026-01-26 23:15:14,meta-llama/Llama-3.1-8B,MMLU_selected_subjects,isot_true_535,clean,0.503,28,260
2026-01-26 23:18:21,meta-llama/Llama-3.1-8B,MMLU_selected_subjects,isot_true_535,meani,0.506,28,260
2026-01-26 23:21:37,meta-llama/Llama-3.1-8B,MMLU_selected_subjects,isot_true_536,clean,0.53,28,481
2026-01-26 23:24:15,meta-llama/Llama-3.1-8B,MMLU_selected_subjects,isot_true_536,meani,0.532,28,481
2026-01-26 23:27:37,meta-llama/Llama-3.1-8B,MMLU_selected_subjects,isot_true_537,clean,0.517,28,687
2026-01-26 23:30:53,meta-llama/Llama-3.1-8B,MMLU_selected_subjects,isot_true_537,meani,0.518,28,687
2026-01-26 23:34:38,meta-llama/Llama-3.1-8B,MMLU_selected_subjects,isot_true_538,clean,0.519,28,454
2026-01-26 23:39:03,meta-llama/Llama-3.1-8B,MMLU_selected_subjects,isot_true_538,meani,0.522,28,454
2026-01-26 23:41:57,meta-llama/Llama-3.1-8B,MMLU_selected_subjects,isot_true_539,clean,0.513,28,422
2026-01-26 23:44:32,meta-llama/Llama-3.1-8B,MMLU_selected_subjects,isot_true_539,meani,0.523,28,422
2026-01-26 23:47:53,meta-llama/Llama-3.1-8B,MMLU_selected_subjects,isot_true_54,clean,0.525,28,570
2026-01-26 23:50:42,meta-llama/Llama-3.1-8B,MMLU_selected_subjects,isot_true_54,meani,0.508,28,570
2026-01-26 23:53:54,meta-llama/Llama-3.1-8B,MMLU_selected_subjects,isot_true_540,clean,0.542,28,480
2026-01-26 23:57:03,meta-llama/Llama-3.1-8B,MMLU_selected_subjects,isot_true_540,meani,0.515,28,480
2026-01-27 00:00:34,meta-llama/Llama-3.1-8B,MMLU_selected_subjects,isot_true_541,clean,0.501,28,325
2026-01-27 00:04:07,meta-llama/Llama-3.1-8B,MMLU_selected_subjects,isot_true_541,meani,0.532,28,325
2026-01-27 00:07:14,meta-llama/Llama-3.1-8B,MMLU_selected_subjects,isot_true_542,clean,0.509,28,498
2026-01-27 00:10:38,meta-llama/Llama-3.1-8B,MMLU_selected_subjects,isot_true_542,meani,0.524,28,498
2026-01-27 00:13:50,meta-llama/Llama-3.1-8B,MMLU_selected_subjects,isot_true_543,clean,0.512,28,595
2026-01-27 00:16:43,meta-llama/Llama-3.1-8B,MMLU_selected_subjects,isot_true_543,meani,0.506,28,595
2026-01-27 00:20:24,meta-llama/Llama-3.1-8B,MMLU_selected_subjects,isot_true_544,clean,0.539,28,656
2026-01-27 00:23:46,meta-llama/Llama-3.1-8B,MMLU_selected_subjects,isot_true_544,meani,0.53,28,656
2026-01-27 00:27:18,meta-llama/Llama-3.1-8B,MMLU_selected_subjects,isot_true_545,clean,0.54,28,719
2026-01-27 00:31:04,meta-llama/Llama-3.1-8B,MMLU_selected_subjects,isot_true_545,meani,0.524,28,719
2026-01-27 00:33:48,meta-llama/Llama-3.1-8B,MMLU_selected_subjects,isot_true_546,clean,0.527,28,428
2026-01-27 00:37:41,meta-llama/Llama-3.1-8B,MMLU_selected_subjects,isot_true_546,meani,0.526,28,428
2026-01-27 00:40:36,meta-llama/Llama-3.1-8B,MMLU_selected_subjects,isot_true_547,clean,0.515,28,781
2026-01-27 00:43:31,meta-llama/Llama-3.1-8B,MMLU_selected_subjects,isot_true_547,meani,0.51,28,781
2026-01-27 00:46:55,meta-llama/Llama-3.1-8B,MMLU_selected_subjects,isot_true_548,clean,0.518,28,594
2026-01-27 00:50:53,meta-llama/Llama-3.1-8B,MMLU_selected_subjects,isot_true_548,meani,0.504,28,594
2026-01-27 00:54:08,meta-llama/Llama-3.1-8B,MMLU_selected_subjects,isot_true_549,clean,0.524,28,435
2026-01-27 00:58:19,meta-llama/Llama-3.1-8B,MMLU_selected_subjects,isot_true_549,meani,0.533,28,435
2026-01-27 01:01:55,meta-llama/Llama-3.1-8B,MMLU_selected_subjects,isot_true_55,clean,0.542,28,445
2026-01-27 01:05:20,meta-llama/Llama-3.1-8B,MMLU_selected_subjects,isot_true_55,meani,0.527,28,445
2026-01-27 01:08:12,meta-llama/Llama-3.1-8B,MMLU_selected_subjects,isot_true_550,clean,0.52,28,683
2026-01-27 01:12:02,meta-llama/Llama-3.1-8B,MMLU_selected_subjects,isot_true_550,meani,0.521,28,683
2026-01-27 01:15:29,meta-llama/Llama-3.1-8B,MMLU_selected_subjects,isot_true_551,clean,0.532,28,482
2026-01-27 01:19:07,meta-llama/Llama-3.1-8B,MMLU_selected_subjects,isot_true_551,meani,0.523,28,482
2026-01-27 01:21:55,meta-llama/Llama-3.1-8B,MMLU_selected_subjects,isot_true_552,clean,0.499,28,313
2026-01-27 01:24:59,meta-llama/Llama-3.1-8B,MMLU_selected_subjects,isot_true_552,meani,0.509,28,313
2026-01-27 01:28:20,meta-llama/Llama-3.1-8B,MMLU_selected_subjects,isot_true_553,clean,0.52,28,786
2026-01-27 01:31:51,meta-llama/Llama-3.1-8B,MMLU_selected_subjects,isot_true_553,meani,0.524,28,786
2026-01-27 01:35:07,meta-llama/Llama-3.1-8B,MMLU_selected_subjects,isot_true_554,clean,0.521,28,589
2026-01-27 01:38:47,meta-llama/Llama-3.1-8B,MMLU_selected_subjects,isot_true_554,meani,0.531,28,589
2026-01-27 01:42:50,meta-llama/Llama-3.1-8B,MMLU_selected_subjects,isot_true_555,clean,0.515,28,696
2026-01-27 01:46:56,meta-llama/Llama-3.1-8B,MMLU_selected_subjects,isot_true_555,meani,0.529,28,696
2026-01-27 01:50:13,meta-llama/Llama-3.1-8B,MMLU_selected_subjects,isot_true_556,clean,0.531,28,602
2026-01-27 01:53:53,meta-llama/Llama-3.1-8B,MMLU_selected_subjects,isot_true_556,meani,0.512,28,602
2026-01-27 01:57:03,meta-llama/Llama-3.1-8B,MMLU_selected_subjects,isot_true_557,clean,0.507,28,626
2026-01-27 02:00:14,meta-llama/Llama-3.1-8B,MMLU_selected_subjects,isot_true_557,meani,0.511,28,626
2026-01-27 02:03:03,meta-llama/Llama-3.1-8B,MMLU_selected_subjects,isot_true_558,clean,0.547,28,428
2026-01-27 02:07:11,meta-llama/Llama-3.1-8B,MMLU_selected_subjects,isot_true_558,meani,0.529,28,428
2026-01-27 02:10:54,meta-llama/Llama-3.1-8B,MMLU_selected_subjects,isot_true_559,clean,0.526,28,275
2026-01-27 02:14:59,meta-llama/Llama-3.1-8B,MMLU_selected_subjects,isot_true_559,meani,0.529,28,275
2026-01-27 02:19:01,meta-llama/Llama-3.1-8B,MMLU_selected_subjects,isot_true_56,clean,0.506,28,632
2026-01-27 02:23:14,meta-llama/Llama-3.1-8B,MMLU_selected_subjects,isot_true_56,meani,0.521,28,632
2026-01-27 02:26:25,meta-llama/Llama-3.1-8B,MMLU_selected_subjects,isot_true_560,clean,0.514,28,394
2026-01-27 02:30:27,meta-llama/Llama-3.1-8B,MMLU_selected_subjects,isot_true_560,meani,0.531,28,394
2026-01-27 02:33:23,meta-llama/Llama-3.1-8B,MMLU_selected_subjects,isot_true_561,clean,0.502,28,506
2026-01-27 02:36:07,meta-llama/Llama-3.1-8B,MMLU_selected_subjects,isot_true_561,meani,0.507,28,506
2026-01-27 02:39:14,meta-llama/Llama-3.1-8B,MMLU_selected_subjects,isot_true_562,clean,0.525,28,638
2026-01-27 02:43:07,meta-llama/Llama-3.1-8B,MMLU_selected_subjects,isot_true_562,meani,0.526,28,638
2026-01-27 02:46:00,meta-llama/Llama-3.1-8B,MMLU_selected_subjects,isot_true_563,clean,0.524,28,475
2026-01-27 02:48:35,meta-llama/Llama-3.1-8B,MMLU_selected_subjects,isot_true_563,meani,0.516,28,475
2026-01-27 02:51:14,meta-llama/Llama-3.1-8B,MMLU_selected_subjects,isot_true_564,clean,0.505,28,422
2026-01-27 02:53:53,meta-llama/Llama-3.1-8B,MMLU_selected_subjects,isot_true_564,meani,0.524,28,422
2026-01-27 02:57:44,meta-llama/Llama-3.1-8B,MMLU_selected_subjects,isot_true_565,clean,0.537,28,712
2026-01-27 03:01:51,meta-llama/Llama-3.1-8B,MMLU_selected_subjects,isot_true_565,meani,0.526,28,712
2026-01-27 03:05:18,meta-llama/Llama-3.1-8B,MMLU_selected_subjects,isot_true_566,clean,0.515,28,429
2026-01-27 03:09:16,meta-llama/Llama-3.1-8B,MMLU_selected_subjects,isot_true_566,meani,0.529,28,429
2026-01-27 03:12:45,meta-llama/Llama-3.1-8B,MMLU_selected_subjects,isot_true_567,clean,0.533,28,472
2026-01-27 03:16:55,meta-llama/Llama-3.1-8B,MMLU_selected_subjects,isot_true_567,meani,0.523,28,472
2026-01-27 03:20:31,meta-llama/Llama-3.1-8B,MMLU_selected_subjects,isot_true_568,clean,0.516,28,685
2026-01-27 03:24:46,meta-llama/Llama-3.1-8B,MMLU_selected_subjects,isot_true_568,meani,0.525,28,685
2026-01-27 03:27:42,meta-llama/Llama-3.1-8B,MMLU_selected_subjects,isot_true_569,clean,0.52,28,395
2026-01-27 03:31:23,meta-llama/Llama-3.1-8B,MMLU_selected_subjects,isot_true_569,meani,0.525,28,395
2026-01-27 03:34:10,meta-llama/Llama-3.1-8B,MMLU_selected_subjects,isot_true_57,clean,0.514,28,445
2026-01-27 03:37:49,meta-llama/Llama-3.1-8B,MMLU_selected_subjects,isot_true_57,meani,0.512,28,445
2026-01-27 03:41:27,meta-llama/Llama-3.1-8B,MMLU_selected_subjects,isot_true_570,clean,0.521,28,370
2026-01-27 03:45:03,meta-llama/Llama-3.1-8B,MMLU_selected_subjects,isot_true_570,meani,0.531,28,370
2026-01-27 03:47:47,meta-llama/Llama-3.1-8B,MMLU_selected_subjects,isot_true_571,clean,0.519,28,441
2026-01-27 03:50:32,meta-llama/Llama-3.1-8B,MMLU_selected_subjects,isot_true_571,meani,0.514,28,441
2026-01-27 03:53:46,meta-llama/Llama-3.1-8B,MMLU_selected_subjects,isot_true_572,clean,0.526,28,468
2026-01-27 03:57:49,meta-llama/Llama-3.1-8B,MMLU_selected_subjects,isot_true_572,meani,0.534,28,468
2026-01-27 04:01:05,meta-llama/Llama-3.1-8B,MMLU_selected_subjects,isot_true_573,clean,0.522,28,586
2026-01-27 04:04:58,meta-llama/Llama-3.1-8B,MMLU_selected_subjects,isot_true_573,meani,0.521,28,586
2026-01-27 04:08:16,meta-llama/Llama-3.1-8B,MMLU_selected_subjects,isot_true_574,clean,0.529,28,239
2026-01-27 04:11:59,meta-llama/Llama-3.1-8B,MMLU_selected_subjects,isot_true_574,meani,0.522,28,239
2026-01-27 04:16:11,meta-llama/Llama-3.1-8B,MMLU_selected_subjects,isot_true_575,clean,0.519,28,771
2026-01-27 04:20:04,meta-llama/Llama-3.1-8B,MMLU_selected_subjects,isot_true_575,meani,0.527,28,771
2026-01-27 04:23:17,meta-llama/Llama-3.1-8B,MMLU_selected_subjects,isot_true_576,clean,0.514,28,526
2026-01-27 04:26:13,meta-llama/Llama-3.1-8B,MMLU_selected_subjects,isot_true_576,meani,0.525,28,526
2026-01-27 04:29:13,meta-llama/Llama-3.1-8B,MMLU_selected_subjects,isot_true_577,clean,0.504,28,484
2026-01-27 04:32:09,meta-llama/Llama-3.1-8B,MMLU_selected_subjects,isot_true_577,meani,0.515,28,484
2026-01-27 04:35:38,meta-llama/Llama-3.1-8B,MMLU_selected_subjects,isot_true_578,clean,0.519,28,209
2026-01-27 04:39:20,meta-llama/Llama-3.1-8B,MMLU_selected_subjects,isot_true_578,meani,0.522,28,209
2026-01-27 04:42:15,meta-llama/Llama-3.1-8B,MMLU_selected_subjects,isot_true_579,clean,0.535,28,534
2026-01-27 04:46:27,meta-llama/Llama-3.1-8B,MMLU_selected_subjects,isot_true_579,meani,0.533,28,534
2026-01-27 04:49:36,meta-llama/Llama-3.1-8B,MMLU_selected_subjects,isot_true_58,clean,0.516,28,570
2026-01-27 04:53:09,meta-llama/Llama-3.1-8B,MMLU_selected_subjects,isot_true_58,meani,0.518,28,570
2026-01-27 04:56:45,meta-llama/Llama-3.1-8B,MMLU_selected_subjects,isot_true_580,clean,0.527,28,626
2026-01-27 05:00:14,meta-llama/Llama-3.1-8B,MMLU_selected_subjects,isot_true_580,meani,0.518,28,626
2026-01-27 05:04:08,meta-llama/Llama-3.1-8B,MMLU_selected_subjects,isot_true_581,clean,0.538,28,491
2026-01-27 05:07:45,meta-llama/Llama-3.1-8B,MMLU_selected_subjects,isot_true_581,meani,0.525,28,491
2026-01-27 05:11:06,meta-llama/Llama-3.1-8B,MMLU_selected_subjects,isot_true_582,clean,0.515,28,598
2026-01-27 05:13:51,meta-llama/Llama-3.1-8B,MMLU_selected_subjects,isot_true_582,meani,0.531,28,598
2026-01-27 05:17:10,meta-llama/Llama-3.1-8B,MMLU_selected_subjects,isot_true_583,clean,0.511,28,232
2026-01-27 05:20:41,meta-llama/Llama-3.1-8B,MMLU_selected_subjects,isot_true_583,meani,0.539,28,232
2026-01-27 05:24:57,meta-llama/Llama-3.1-8B,MMLU_selected_subjects,isot_true_584,clean,0.529,28,511
2026-01-27 05:28:39,meta-llama/Llama-3.1-8B,MMLU_selected_subjects,isot_true_584,meani,0.499,28,511
2026-01-27 05:32:13,meta-llama/Llama-3.1-8B,MMLU_selected_subjects,isot_true_585,clean,0.533,28,480
2026-01-27 05:36:19,meta-llama/Llama-3.1-8B,MMLU_selected_subjects,isot_true_585,meani,0.538,28,480
2026-01-27 05:39:10,meta-llama/Llama-3.1-8B,MMLU_selected_subjects,isot_true_586,clean,0.511,28,386
2026-01-27 05:41:33,meta-llama/Llama-3.1-8B,MMLU_selected_subjects,isot_true_586,meani,0.519,28,386
2026-01-27 05:44:12,meta-llama/Llama-3.1-8B,MMLU_selected_subjects,isot_true_587,clean,0.528,28,471
2026-01-27 05:47:30,meta-llama/Llama-3.1-8B,MMLU_selected_subjects,isot_true_587,meani,0.541,28,471
2026-01-27 05:50:44,meta-llama/Llama-3.1-8B,MMLU_selected_subjects,isot_true_588,clean,0.513,28,602
2026-01-27 05:54:12,meta-llama/Llama-3.1-8B,MMLU_selected_subjects,isot_true_588,meani,0.522,28,602
2026-01-27 05:57:12,meta-llama/Llama-3.1-8B,MMLU_selected_subjects,isot_true_589,clean,0.517,28,588
2026-01-27 06:00:48,meta-llama/Llama-3.1-8B,MMLU_selected_subjects,isot_true_589,meani,0.501,28,588
2026-01-27 06:04:25,meta-llama/Llama-3.1-8B,MMLU_selected_subjects,isot_true_59,clean,0.522,28,353
2026-01-27 06:08:28,meta-llama/Llama-3.1-8B,MMLU_selected_subjects,isot_true_59,meani,0.523,28,353
2026-01-27 06:11:29,meta-llama/Llama-3.1-8B,MMLU_selected_subjects,isot_true_590,clean,0.519,28,486
2026-01-27 06:14:41,meta-llama/Llama-3.1-8B,MMLU_selected_subjects,isot_true_590,meani,0.527,28,486
2026-01-27 06:17:26,meta-llama/Llama-3.1-8B,MMLU_selected_subjects,isot_true_591,clean,0.501,28,746
2026-01-27 06:20:15,meta-llama/Llama-3.1-8B,MMLU_selected_subjects,isot_true_591,meani,0.513,28,746
2026-01-27 06:23:35,meta-llama/Llama-3.1-8B,MMLU_selected_subjects,isot_true_592,clean,0.531,28,608
2026-01-27 06:27:38,meta-llama/Llama-3.1-8B,MMLU_selected_subjects,isot_true_592,meani,0.53,28,608
2026-01-27 06:31:12,meta-llama/Llama-3.1-8B,MMLU_selected_subjects,isot_true_593,clean,0.513,28,630
2026-01-27 06:35:06,meta-llama/Llama-3.1-8B,MMLU_selected_subjects,isot_true_593,meani,0.526,28,630
2026-01-27 06:38:19,meta-llama/Llama-3.1-8B,MMLU_selected_subjects,isot_true_594,clean,0.49,28,507
2026-01-27 06:41:39,meta-llama/Llama-3.1-8B,MMLU_selected_subjects,isot_true_594,meani,0.515,28,507
2026-01-27 06:44:31,meta-llama/Llama-3.1-8B,MMLU_selected_subjects,isot_true_595,clean,0.504,28,599
2026-01-27 06:48:02,meta-llama/Llama-3.1-8B,MMLU_selected_subjects,isot_true_595,meani,0.517,28,599
2026-01-27 06:51:02,meta-llama/Llama-3.1-8B,MMLU_selected_subjects,isot_true_596,clean,0.52,28,570
2026-01-27 06:53:50,meta-llama/Llama-3.1-8B,MMLU_selected_subjects,isot_true_596,meani,0.522,28,570
2026-01-27 06:57:12,meta-llama/Llama-3.1-8B,MMLU_selected_subjects,isot_true_597,clean,0.526,28,668
2026-01-27 07:00:45,meta-llama/Llama-3.1-8B,MMLU_selected_subjects,isot_true_597,meani,0.517,28,668
2026-01-27 07:03:31,meta-llama/Llama-3.1-8B,MMLU_selected_subjects,isot_true_598,clean,0.527,28,428
2026-01-27 07:06:05,meta-llama/Llama-3.1-8B,MMLU_selected_subjects,isot_true_598,meani,0.53,28,428
2026-01-27 07:09:02,meta-llama/Llama-3.1-8B,MMLU_selected_subjects,isot_true_599,clean,0.534,28,555
2026-01-27 07:12:42,meta-llama/Llama-3.1-8B,MMLU_selected_subjects,isot_true_599,meani,0.518,28,555
2026-01-27 07:15:34,meta-llama/Llama-3.1-8B,MMLU_selected_subjects,isot_true_6,clean,0.517,28,375
2026-01-27 07:18:49,meta-llama/Llama-3.1-8B,MMLU_selected_subjects,isot_true_6,meani,0.534,28,375
2026-01-27 07:22:16,meta-llama/Llama-3.1-8B,MMLU_selected_subjects,isot_true_60,clean,0.533,28,579
2026-01-27 07:26:03,meta-llama/Llama-3.1-8B,MMLU_selected_subjects,isot_true_60,meani,0.54,28,579
2026-01-27 07:29:34,meta-llama/Llama-3.1-8B,MMLU_selected_subjects,isot_true_600,clean,0.522,28,546
2026-01-27 07:33:34,meta-llama/Llama-3.1-8B,MMLU_selected_subjects,isot_true_600,meani,0.521,28,546
2026-01-27 07:36:40,meta-llama/Llama-3.1-8B,MMLU_selected_subjects,isot_true_601,clean,0.512,28,503
2026-01-27 07:39:20,meta-llama/Llama-3.1-8B,MMLU_selected_subjects,isot_true_601,meani,0.523,28,503
2026-01-27 07:42:18,meta-llama/Llama-3.1-8B,MMLU_selected_subjects,isot_true_602,clean,0.505,28,650
2026-01-27 07:45:42,meta-llama/Llama-3.1-8B,MMLU_selected_subjects,isot_true_602,meani,0.519,28,650
2026-01-27 07:48:48,meta-llama/Llama-3.1-8B,MMLU_selected_subjects,isot_true_603,clean,0.517,28,497
2026-01-27 07:51:44,meta-llama/Llama-3.1-8B,MMLU_selected_subjects,isot_true_603,meani,0.506,28,497
2026-01-27 07:54:56,meta-llama/Llama-3.1-8B,MMLU_selected_subjects,isot_true_604,clean,0.511,28,729
2026-01-27 07:58:28,meta-llama/Llama-3.1-8B,MMLU_selected_subjects,isot_true_604,meani,0.531,28,729
2026-01-27 08:02:01,meta-llama/Llama-3.1-8B,MMLU_selected_subjects,isot_true_605,clean,0.538,28,738
2026-01-27 08:05:17,meta-llama/Llama-3.1-8B,MMLU_selected_subjects,isot_true_605,meani,0.527,28,738
2026-01-27 08:08:16,meta-llama/Llama-3.1-8B,MMLU_selected_subjects,isot_true_606,clean,0.53,28,461
2026-01-27 08:11:04,meta-llama/Llama-3.1-8B,MMLU_selected_subjects,isot_true_606,meani,0.524,28,461
2026-01-27 08:14:18,meta-llama/Llama-3.1-8B,MMLU_selected_subjects,isot_true_607,clean,0.519,28,555
2026-01-27 08:17:51,meta-llama/Llama-3.1-8B,MMLU_selected_subjects,isot_true_607,meani,0.539,28,555
2026-01-27 08:20:29,meta-llama/Llama-3.1-8B,MMLU_selected_subjects,isot_true_608,clean,0.522,28,482
2026-01-27 08:23:43,meta-llama/Llama-3.1-8B,MMLU_selected_subjects,isot_true_608,meani,0.523,28,482
2026-01-27 08:26:59,meta-llama/Llama-3.1-8B,MMLU_selected_subjects,isot_true_609,clean,0.518,28,374
2026-01-27 08:30:10,meta-llama/Llama-3.1-8B,MMLU_selected_subjects,isot_true_609,meani,0.528,28,374
2026-01-27 08:33:32,meta-llama/Llama-3.1-8B,MMLU_selected_subjects,isot_true_61,clean,0.542,28,476
2026-01-27 08:37:02,meta-llama/Llama-3.1-8B,MMLU_selected_subjects,isot_true_61,meani,0.529,28,476
2026-01-27 08:40:46,meta-llama/Llama-3.1-8B,MMLU_selected_subjects,isot_true_610,clean,0.532,28,353
2026-01-27 08:44:24,meta-llama/Llama-3.1-8B,MMLU_selected_subjects,isot_true_610,meani,0.538,28,353
2026-01-27 08:48:03,meta-llama/Llama-3.1-8B,MMLU_selected_subjects,isot_true_611,clean,0.533,28,334
2026-01-27 08:51:55,meta-llama/Llama-3.1-8B,MMLU_selected_subjects,isot_true_611,meani,0.535,28,334
2026-01-27 08:54:40,meta-llama/Llama-3.1-8B,MMLU_selected_subjects,isot_true_612,clean,0.505,28,440
2026-01-27 08:58:12,meta-llama/Llama-3.1-8B,MMLU_selected_subjects,isot_true_612,meani,0.523,28,440
2026-01-27 09:01:34,meta-llama/Llama-3.1-8B,MMLU_selected_subjects,isot_true_613,clean,0.52,28,423
2026-01-27 09:05:00,meta-llama/Llama-3.1-8B,MMLU_selected_subjects,isot_true_613,meani,0.513,28,423
2026-01-27 09:08:24,meta-llama/Llama-3.1-8B,MMLU_selected_subjects,isot_true_614,clean,0.536,28,363
2026-01-27 09:12:13,meta-llama/Llama-3.1-8B,MMLU_selected_subjects,isot_true_614,meani,0.525,28,363
2026-01-27 09:15:08,meta-llama/Llama-3.1-8B,MMLU_selected_subjects,isot_true_615,clean,0.515,28,444
2026-01-27 09:17:55,meta-llama/Llama-3.1-8B,MMLU_selected_subjects,isot_true_615,meani,0.506,28,444
2026-01-27 09:21:28,meta-llama/Llama-3.1-8B,MMLU_selected_subjects,isot_true_616,clean,0.524,28,698
2026-01-27 09:24:53,meta-llama/Llama-3.1-8B,MMLU_selected_subjects,isot_true_616,meani,0.512,28,698
2026-01-27 09:27:50,meta-llama/Llama-3.1-8B,MMLU_selected_subjects,isot_true_617,clean,0.53,28,664
2026-01-27 09:30:43,meta-llama/Llama-3.1-8B,MMLU_selected_subjects,isot_true_617,meani,0.531,28,664
2026-01-27 09:34:02,meta-llama/Llama-3.1-8B,MMLU_selected_subjects,isot_true_618,clean,0.536,28,773
2026-01-27 09:37:25,meta-llama/Llama-3.1-8B,MMLU_selected_subjects,isot_true_618,meani,0.526,28,773
2026-01-27 09:40:27,meta-llama/Llama-3.1-8B,MMLU_selected_subjects,isot_true_619,clean,0.504,28,294
2026-01-27 09:43:52,meta-llama/Llama-3.1-8B,MMLU_selected_subjects,isot_true_619,meani,0.524,28,294
2026-01-27 09:46:54,meta-llama/Llama-3.1-8B,MMLU_selected_subjects,isot_true_62,clean,0.522,28,604
2026-01-27 09:50:36,meta-llama/Llama-3.1-8B,MMLU_selected_subjects,isot_true_62,meani,0.532,28,604
2026-01-27 09:54:15,meta-llama/Llama-3.1-8B,MMLU_selected_subjects,isot_true_620,clean,0.529,28,734
2026-01-27 09:58:34,meta-llama/Llama-3.1-8B,MMLU_selected_subjects,isot_true_620,meani,0.52,28,734
2026-01-27 10:01:26,meta-llama/Llama-3.1-8B,MMLU_selected_subjects,isot_true_621,clean,0.513,28,615
2026-01-27 10:04:06,meta-llama/Llama-3.1-8B,MMLU_selected_subjects,isot_true_621,meani,0.524,28,615
2026-01-27 10:06:49,meta-llama/Llama-3.1-8B,MMLU_selected_subjects,isot_true_622,clean,0.539,28,477
2026-01-27 10:10:21,meta-llama/Llama-3.1-8B,MMLU_selected_subjects,isot_true_622,meani,0.538,28,477
2026-01-27 10:13:51,meta-llama/Llama-3.1-8B,MMLU_selected_subjects,isot_true_623,clean,0.524,28,594
2026-01-27 10:16:47,meta-llama/Llama-3.1-8B,MMLU_selected_subjects,isot_true_623,meani,0.525,28,594
2026-01-27 10:20:08,meta-llama/Llama-3.1-8B,MMLU_selected_subjects,isot_true_624,clean,0.512,28,722
2026-01-27 10:23:48,meta-llama/Llama-3.1-8B,MMLU_selected_subjects,isot_true_624,meani,0.514,28,722
2026-01-27 10:27:16,meta-llama/Llama-3.1-8B,MMLU_selected_subjects,isot_true_625,clean,0.526,28,529
2026-01-27 10:31:16,meta-llama/Llama-3.1-8B,MMLU_selected_subjects,isot_true_625,meani,0.517,28,529
2026-01-27 10:34:36,meta-llama/Llama-3.1-8B,MMLU_selected_subjects,isot_true_626,clean,0.508,28,278
2026-01-27 10:38:20,meta-llama/Llama-3.1-8B,MMLU_selected_subjects,isot_true_626,meani,0.523,28,278
2026-01-27 10:41:29,meta-llama/Llama-3.1-8B,MMLU_selected_subjects,isot_true_627,clean,0.53,28,752
2026-01-27 10:45:44,meta-llama/Llama-3.1-8B,MMLU_selected_subjects,isot_true_627,meani,0.536,28,752
2026-01-27 10:48:54,meta-llama/Llama-3.1-8B,MMLU_selected_subjects,isot_true_628,clean,0.505,28,517
2026-01-27 10:52:42,meta-llama/Llama-3.1-8B,MMLU_selected_subjects,isot_true_628,meani,0.494,28,517
2026-01-27 10:55:40,meta-llama/Llama-3.1-8B,MMLU_selected_subjects,isot_true_629,clean,0.505,28,210
2026-01-27 10:58:38,meta-llama/Llama-3.1-8B,MMLU_selected_subjects,isot_true_629,meani,0.529,28,210
2026-01-27 11:02:06,meta-llama/Llama-3.1-8B,MMLU_selected_subjects,isot_true_63,clean,0.53,28,548
2026-01-27 11:05:31,meta-llama/Llama-3.1-8B,MMLU_selected_subjects,isot_true_63,meani,0.522,28,548
2026-01-27 11:08:04,meta-llama/Llama-3.1-8B,MMLU_selected_subjects,isot_true_630,clean,0.523,28,547
2026-01-27 11:11:33,meta-llama/Llama-3.1-8B,MMLU_selected_subjects,isot_true_630,meani,0.526,28,547
2026-01-27 11:14:13,meta-llama/Llama-3.1-8B,MMLU_selected_subjects,isot_true_631,clean,0.507,28,478
2026-01-27 11:18:03,meta-llama/Llama-3.1-8B,MMLU_selected_subjects,isot_true_631,meani,0.539,28,478
2026-01-27 11:20:57,meta-llama/Llama-3.1-8B,MMLU_selected_subjects,isot_true_632,clean,0.537,28,556
2026-01-27 11:24:48,meta-llama/Llama-3.1-8B,MMLU_selected_subjects,isot_true_632,meani,0.523,28,556
2026-01-27 11:27:38,meta-llama/Llama-3.1-8B,MMLU_selected_subjects,isot_true_633,clean,0.53,28,673
2026-01-27 11:31:01,meta-llama/Llama-3.1-8B,MMLU_selected_subjects,isot_true_633,meani,0.519,28,673
2026-01-27 11:33:58,meta-llama/Llama-3.1-8B,MMLU_selected_subjects,isot_true_634,clean,0.522,28,489
2026-01-27 11:36:42,meta-llama/Llama-3.1-8B,MMLU_selected_subjects,isot_true_634,meani,0.522,28,489
2026-01-27 11:39:50,meta-llama/Llama-3.1-8B,MMLU_selected_subjects,isot_true_635,clean,0.531,28,558
2026-01-27 11:42:47,meta-llama/Llama-3.1-8B,MMLU_selected_subjects,isot_true_635,meani,0.518,28,558
2026-01-27 11:45:47,meta-llama/Llama-3.1-8B,MMLU_selected_subjects,isot_true_636,clean,0.526,28,767
2026-01-27 11:49:18,meta-llama/Llama-3.1-8B,MMLU_selected_subjects,isot_true_636,meani,0.533,28,767
2026-01-27 11:52:18,meta-llama/Llama-3.1-8B,MMLU_selected_subjects,isot_true_637,clean,0.5,28,729
2026-01-27 11:55:23,meta-llama/Llama-3.1-8B,MMLU_selected_subjects,isot_true_637,meani,0.524,28,729
2026-01-27 11:58:18,meta-llama/Llama-3.1-8B,MMLU_selected_subjects,isot_true_638,clean,0.528,28,450
2026-01-27 12:01:36,meta-llama/Llama-3.1-8B,MMLU_selected_subjects,isot_true_638,meani,0.525,28,450
2026-01-27 12:04:41,meta-llama/Llama-3.1-8B,MMLU_selected_subjects,isot_true_639,clean,0.533,28,429
2026-01-27 12:08:24,meta-llama/Llama-3.1-8B,MMLU_selected_subjects,isot_true_639,meani,0.52,28,429
2026-01-27 12:11:22,meta-llama/Llama-3.1-8B,MMLU_selected_subjects,isot_true_64,clean,0.518,28,470
2026-01-27 12:13:57,meta-llama/Llama-3.1-8B,MMLU_selected_subjects,isot_true_64,meani,0.519,28,470
2026-01-27 12:17:04,meta-llama/Llama-3.1-8B,MMLU_selected_subjects,isot_true_640,clean,0.504,28,597
2026-01-27 12:20:31,meta-llama/Llama-3.1-8B,MMLU_selected_subjects,isot_true_640,meani,0.518,28,597
2026-01-27 12:23:42,meta-llama/Llama-3.1-8B,MMLU_selected_subjects,isot_true_641,clean,0.52,28,400
2026-01-27 12:26:36,meta-llama/Llama-3.1-8B,MMLU_selected_subjects,isot_true_641,meani,0.539,28,400
2026-01-27 12:29:59,meta-llama/Llama-3.1-8B,MMLU_selected_subjects,isot_true_642,clean,0.517,28,535
2026-01-27 12:33:47,meta-llama/Llama-3.1-8B,MMLU_selected_subjects,isot_true_642,meani,0.529,28,535
2026-01-27 12:36:42,meta-llama/Llama-3.1-8B,MMLU_selected_subjects,isot_true_643,clean,0.509,28,400
2026-01-27 12:40:19,meta-llama/Llama-3.1-8B,MMLU_selected_subjects,isot_true_643,meani,0.523,28,400
2026-01-27 12:43:42,meta-llama/Llama-3.1-8B,MMLU_selected_subjects,isot_true_644,clean,0.541,28,401
2026-01-27 12:46:56,meta-llama/Llama-3.1-8B,MMLU_selected_subjects,isot_true_644,meani,0.525,28,401
2026-01-27 12:49:56,meta-llama/Llama-3.1-8B,MMLU_selected_subjects,isot_true_645,clean,0.508,28,550
2026-01-27 12:52:52,meta-llama/Llama-3.1-8B,MMLU_selected_subjects,isot_true_645,meani,0.522,28,550
2026-01-27 12:55:35,meta-llama/Llama-3.1-8B,MMLU_selected_subjects,isot_true_646,clean,0.492,28,561
2026-01-27 12:58:28,meta-llama/Llama-3.1-8B,MMLU_selected_subjects,isot_true_646,meani,0.521,28,561
2026-01-27 13:01:17,meta-llama/Llama-3.1-8B,MMLU_selected_subjects,isot_true_647,clean,0.512,28,527
2026-01-27 13:03:49,meta-llama/Llama-3.1-8B,MMLU_selected_subjects,isot_true_647,meani,0.51,28,527
2026-01-27 13:06:52,meta-llama/Llama-3.1-8B,MMLU_selected_subjects,isot_true_648,clean,0.515,28,327
2026-01-27 13:10:42,meta-llama/Llama-3.1-8B,MMLU_selected_subjects,isot_true_648,meani,0.532,28,327
2026-01-27 13:13:58,meta-llama/Llama-3.1-8B,MMLU_selected_subjects,isot_true_649,clean,0.512,28,572
2026-01-27 13:16:54,meta-llama/Llama-3.1-8B,MMLU_selected_subjects,isot_true_649,meani,0.51,28,572
2026-01-27 13:19:47,meta-llama/Llama-3.1-8B,MMLU_selected_subjects,isot_true_65,clean,0.522,28,665
2026-01-27 13:22:21,meta-llama/Llama-3.1-8B,MMLU_selected_subjects,isot_true_65,meani,0.514,28,665
2026-01-27 13:25:22,meta-llama/Llama-3.1-8B,MMLU_selected_subjects,isot_true_650,clean,0.516,28,548
2026-01-27 13:29:00,meta-llama/Llama-3.1-8B,MMLU_selected_subjects,isot_true_650,meani,0.538,28,548
2026-01-27 13:32:10,meta-llama/Llama-3.1-8B,MMLU_selected_subjects,isot_true_651,clean,0.519,28,335
2026-01-27 13:34:53,meta-llama/Llama-3.1-8B,MMLU_selected_subjects,isot_true_651,meani,0.522,28,335
2026-01-27 13:37:39,meta-llama/Llama-3.1-8B,MMLU_selected_subjects,isot_true_652,clean,0.521,28,440
2026-01-27 13:40:39,meta-llama/Llama-3.1-8B,MMLU_selected_subjects,isot_true_652,meani,0.52,28,440
2026-01-27 13:43:16,meta-llama/Llama-3.1-8B,MMLU_selected_subjects,isot_true_653,clean,0.5,28,388
2026-01-27 13:46:30,meta-llama/Llama-3.1-8B,MMLU_selected_subjects,isot_true_653,meani,0.53,28,388
2026-01-27 13:49:46,meta-llama/Llama-3.1-8B,MMLU_selected_subjects,isot_true_654,clean,0.515,28,693
2026-01-27 13:52:26,meta-llama/Llama-3.1-8B,MMLU_selected_subjects,isot_true_654,meani,0.523,28,693
2026-01-27 13:55:17,meta-llama/Llama-3.1-8B,MMLU_selected_subjects,isot_true_655,clean,0.515,28,619
2026-01-27 13:58:10,meta-llama/Llama-3.1-8B,MMLU_selected_subjects,isot_true_655,meani,0.521,28,619
2026-01-27 14:01:00,meta-llama/Llama-3.1-8B,MMLU_selected_subjects,isot_true_656,clean,0.515,28,347
2026-01-27 14:04:31,meta-llama/Llama-3.1-8B,MMLU_selected_subjects,isot_true_656,meani,0.508,28,347
2026-01-27 14:08:35,meta-llama/Llama-3.1-8B,MMLU_selected_subjects,isot_true_657,clean,0.519,28,683
2026-01-27 14:13:01,meta-llama/Llama-3.1-8B,MMLU_selected_subjects,isot_true_657,meani,0.515,28,683
2026-01-27 14:15:56,meta-llama/Llama-3.1-8B,MMLU_selected_subjects,isot_true_658,clean,0.505,28,422
2026-01-27 14:19:04,meta-llama/Llama-3.1-8B,MMLU_selected_subjects,isot_true_658,meani,0.51,28,422
2026-01-27 14:21:47,meta-llama/Llama-3.1-8B,MMLU_selected_subjects,isot_true_659,clean,0.525,28,625
2026-01-27 14:24:38,meta-llama/Llama-3.1-8B,MMLU_selected_subjects,isot_true_659,meani,0.533,28,625
2026-01-27 14:27:42,meta-llama/Llama-3.1-8B,MMLU_selected_subjects,isot_true_66,clean,0.483,28,475
2026-01-27 14:31:26,meta-llama/Llama-3.1-8B,MMLU_selected_subjects,isot_true_66,meani,0.518,28,475
2026-01-27 14:34:20,meta-llama/Llama-3.1-8B,MMLU_selected_subjects,isot_true_660,clean,0.517,28,791
2026-01-27 14:38:14,meta-llama/Llama-3.1-8B,MMLU_selected_subjects,isot_true_660,meani,0.534,28,791
2026-01-27 14:41:24,meta-llama/Llama-3.1-8B,MMLU_selected_subjects,isot_true_661,clean,0.512,28,302
2026-01-27 14:44:08,meta-llama/Llama-3.1-8B,MMLU_selected_subjects,isot_true_661,meani,0.519,28,302
2026-01-27 14:47:06,meta-llama/Llama-3.1-8B,MMLU_selected_subjects,isot_true_662,clean,0.503,28,593
2026-01-27 14:51:21,meta-llama/Llama-3.1-8B,MMLU_selected_subjects,isot_true_662,meani,0.526,28,593
2026-01-27 14:54:17,meta-llama/Llama-3.1-8B,MMLU_selected_subjects,isot_true_663,clean,0.518,28,559
2026-01-27 14:56:53,meta-llama/Llama-3.1-8B,MMLU_selected_subjects,isot_true_663,meani,0.526,28,559
2026-01-27 14:59:35,meta-llama/Llama-3.1-8B,MMLU_selected_subjects,isot_true_664,clean,0.518,28,452
2026-01-27 15:03:07,meta-llama/Llama-3.1-8B,MMLU_selected_subjects,isot_true_664,meani,0.513,28,452
2026-01-27 15:06:10,meta-llama/Llama-3.1-8B,MMLU_selected_subjects,isot_true_665,clean,0.513,28,434
2026-01-27 15:09:17,meta-llama/Llama-3.1-8B,MMLU_selected_subjects,isot_true_665,meani,0.516,28,434
2026-01-27 15:12:18,meta-llama/Llama-3.1-8B,MMLU_selected_subjects,isot_true_666,clean,0.535,28,545
2026-01-27 15:16:10,meta-llama/Llama-3.1-8B,MMLU_selected_subjects,isot_true_666,meani,0.518,28,545
2026-01-27 15:19:20,meta-llama/Llama-3.1-8B,MMLU_selected_subjects,isot_true_667,clean,0.499,28,482
2026-01-27 15:22:27,meta-llama/Llama-3.1-8B,MMLU_selected_subjects,isot_true_667,meani,0.52,28,482
2026-01-27 15:25:05,meta-llama/Llama-3.1-8B,MMLU_selected_subjects,isot_true_668,clean,0.522,28,369
2026-01-27 15:28:33,meta-llama/Llama-3.1-8B,MMLU_selected_subjects,isot_true_668,meani,0.546,28,369
2026-01-27 15:31:49,meta-llama/Llama-3.1-8B,MMLU_selected_subjects,isot_true_669,clean,0.513,28,782
2026-01-27 15:34:59,meta-llama/Llama-3.1-8B,MMLU_selected_subjects,isot_true_669,meani,0.517,28,782
2026-01-27 15:38:13,meta-llama/Llama-3.1-8B,MMLU_selected_subjects,isot_true_67,clean,0.503,28,568
2026-01-27 15:41:48,meta-llama/Llama-3.1-8B,MMLU_selected_subjects,isot_true_67,meani,0.523,28,568
2026-01-27 15:45:08,meta-llama/Llama-3.1-8B,MMLU_selected_subjects,isot_true_670,clean,0.517,28,520
2026-01-27 15:48:17,meta-llama/Llama-3.1-8B,MMLU_selected_subjects,isot_true_670,meani,0.526,28,520
2026-01-27 15:51:22,meta-llama/Llama-3.1-8B,MMLU_selected_subjects,isot_true_671,clean,0.521,28,336
2026-01-27 15:55:12,meta-llama/Llama-3.1-8B,MMLU_selected_subjects,isot_true_671,meani,0.531,28,336
2026-01-27 15:58:13,meta-llama/Llama-3.1-8B,MMLU_selected_subjects,isot_true_672,clean,0.517,28,498
2026-01-27 16:00:56,meta-llama/Llama-3.1-8B,MMLU_selected_subjects,isot_true_672,meani,0.53,28,498
2026-01-27 16:04:03,meta-llama/Llama-3.1-8B,MMLU_selected_subjects,isot_true_673,clean,0.536,28,395
2026-01-27 16:06:51,meta-llama/Llama-3.1-8B,MMLU_selected_subjects,isot_true_673,meani,0.518,28,395
2026-01-27 16:10:20,meta-llama/Llama-3.1-8B,MMLU_selected_subjects,isot_true_674,clean,0.532,28,652
2026-01-27 16:14:03,meta-llama/Llama-3.1-8B,MMLU_selected_subjects,isot_true_674,meani,0.525,28,652
2026-01-27 16:17:04,meta-llama/Llama-3.1-8B,MMLU_selected_subjects,isot_true_675,clean,0.517,28,318
2026-01-27 16:20:34,meta-llama/Llama-3.1-8B,MMLU_selected_subjects,isot_true_675,meani,0.525,28,318
2026-01-27 16:24:00,meta-llama/Llama-3.1-8B,MMLU_selected_subjects,isot_true_676,clean,0.524,28,361
2026-01-27 16:27:27,meta-llama/Llama-3.1-8B,MMLU_selected_subjects,isot_true_676,meani,0.53,28,361
2026-01-27 16:31:01,meta-llama/Llama-3.1-8B,MMLU_selected_subjects,isot_true_677,clean,0.522,28,506
2026-01-27 16:34:38,meta-llama/Llama-3.1-8B,MMLU_selected_subjects,isot_true_677,meani,0.523,28,506
2026-01-27 16:37:39,meta-llama/Llama-3.1-8B,MMLU_selected_subjects,isot_true_678,clean,0.512,28,596
2026-01-27 16:41:55,meta-llama/Llama-3.1-8B,MMLU_selected_subjects,isot_true_678,meani,0.503,28,596
2026-01-27 16:44:58,meta-llama/Llama-3.1-8B,MMLU_selected_subjects,isot_true_679,clean,0.524,28,337
2026-01-27 16:48:39,meta-llama/Llama-3.1-8B,MMLU_selected_subjects,isot_true_679,meani,0.532,28,337
2026-01-27 16:51:33,meta-llama/Llama-3.1-8B,MMLU_selected_subjects,isot_true_68,clean,0.521,28,346
2026-01-27 16:54:42,meta-llama/Llama-3.1-8B,MMLU_selected_subjects,isot_true_68,meani,0.524,28,346
2026-01-27 16:57:34,meta-llama/Llama-3.1-8B,MMLU_selected_subjects,isot_true_680,clean,0.526,28,580
2026-01-27 17:01:08,meta-llama/Llama-3.1-8B,MMLU_selected_subjects,isot_true_680,meani,0.525,28,580
2026-01-27 17:05:06,meta-llama/Llama-3.1-8B,MMLU_selected_subjects,isot_true_681,clean,0.521,28,550
2026-01-27 17:09:08,meta-llama/Llama-3.1-8B,MMLU_selected_subjects,isot_true_681,meani,0.536,28,550
2026-01-27 17:12:51,meta-llama/Llama-3.1-8B,MMLU_selected_subjects,isot_true_682,clean,0.521,28,410
2026-01-27 17:16:15,meta-llama/Llama-3.1-8B,MMLU_selected_subjects,isot_true_682,meani,0.517,28,410
2026-01-27 17:19:30,meta-llama/Llama-3.1-8B,MMLU_selected_subjects,isot_true_683,clean,0.524,28,338
2026-01-27 17:23:09,meta-llama/Llama-3.1-8B,MMLU_selected_subjects,isot_true_683,meani,0.515,28,338
2026-01-27 17:26:09,meta-llama/Llama-3.1-8B,MMLU_selected_subjects,isot_true_684,clean,0.519,28,497
2026-01-27 17:29:26,meta-llama/Llama-3.1-8B,MMLU_selected_subjects,isot_true_684,meani,0.514,28,497
2026-01-27 17:32:35,meta-llama/Llama-3.1-8B,MMLU_selected_subjects,isot_true_685,clean,0.523,28,451
2026-01-27 17:35:55,meta-llama/Llama-3.1-8B,MMLU_selected_subjects,isot_true_685,meani,0.538,28,451
2026-01-27 17:39:13,meta-llama/Llama-3.1-8B,MMLU_selected_subjects,isot_true_686,clean,0.506,28,656
2026-01-27 17:43:30,meta-llama/Llama-3.1-8B,MMLU_selected_subjects,isot_true_686,meani,0.496,28,656
2026-01-27 17:46:41,meta-llama/Llama-3.1-8B,MMLU_selected_subjects,isot_true_687,clean,0.51,28,262
2026-01-27 17:50:05,meta-llama/Llama-3.1-8B,MMLU_selected_subjects,isot_true_687,meani,0.53,28,262
2026-01-27 17:52:55,meta-llama/Llama-3.1-8B,MMLU_selected_subjects,isot_true_688,clean,0.508,28,480
2026-01-27 17:55:23,meta-llama/Llama-3.1-8B,MMLU_selected_subjects,isot_true_688,meani,0.505,28,480
2026-01-27 17:57:52,meta-llama/Llama-3.1-8B,MMLU_selected_subjects,isot_true_689,clean,0.513,28,466
2026-01-27 18:01:06,meta-llama/Llama-3.1-8B,MMLU_selected_subjects,isot_true_689,meani,0.53,28,466
2026-01-27 18:04:10,meta-llama/Llama-3.1-8B,MMLU_selected_subjects,isot_true_69,clean,0.503,28,724
2026-01-27 18:07:16,meta-llama/Llama-3.1-8B,MMLU_selected_subjects,isot_true_69,meani,0.529,28,724
2026-01-27 18:10:20,meta-llama/Llama-3.1-8B,MMLU_selected_subjects,isot_true_690,clean,0.507,28,480
2026-01-27 18:13:27,meta-llama/Llama-3.1-8B,MMLU_selected_subjects,isot_true_690,meani,0.522,28,480
2026-01-27 18:16:03,meta-llama/Llama-3.1-8B,MMLU_selected_subjects,isot_true_691,clean,0.497,28,643
2026-01-27 18:18:36,meta-llama/Llama-3.1-8B,MMLU_selected_subjects,isot_true_691,meani,0.509,28,643
2026-01-27 18:21:51,meta-llama/Llama-3.1-8B,MMLU_selected_subjects,isot_true_692,clean,0.52,28,536
2026-01-27 18:24:52,meta-llama/Llama-3.1-8B,MMLU_selected_subjects,isot_true_692,meani,0.514,28,536
2026-01-27 18:28:14,meta-llama/Llama-3.1-8B,MMLU_selected_subjects,isot_true_693,clean,0.522,28,635
2026-01-27 18:31:38,meta-llama/Llama-3.1-8B,MMLU_selected_subjects,isot_true_693,meani,0.524,28,635
2026-01-27 18:34:21,meta-llama/Llama-3.1-8B,MMLU_selected_subjects,isot_true_694,clean,0.506,28,610
2026-01-27 18:37:05,meta-llama/Llama-3.1-8B,MMLU_selected_subjects,isot_true_694,meani,0.507,28,610
2026-01-27 18:40:06,meta-llama/Llama-3.1-8B,MMLU_selected_subjects,isot_true_695,clean,0.514,28,446
2026-01-27 18:43:31,meta-llama/Llama-3.1-8B,MMLU_selected_subjects,isot_true_695,meani,0.527,28,446
2026-01-27 18:46:32,meta-llama/Llama-3.1-8B,MMLU_selected_subjects,isot_true_696,clean,0.514,28,337
2026-01-27 18:50:10,meta-llama/Llama-3.1-8B,MMLU_selected_subjects,isot_true_696,meani,0.518,28,337
2026-01-27 18:53:19,meta-llama/Llama-3.1-8B,MMLU_selected_subjects,isot_true_697,clean,0.526,28,446
2026-01-27 18:55:43,meta-llama/Llama-3.1-8B,MMLU_selected_subjects,isot_true_697,meani,0.516,28,446
2026-01-27 18:58:39,meta-llama/Llama-3.1-8B,MMLU_selected_subjects,isot_true_698,clean,0.535,28,628
2026-01-27 19:02:05,meta-llama/Llama-3.1-8B,MMLU_selected_subjects,isot_true_698,meani,0.523,28,628
2026-01-27 19:05:03,meta-llama/Llama-3.1-8B,MMLU_selected_subjects,isot_true_699,clean,0.528,28,399
2026-01-27 19:08:20,meta-llama/Llama-3.1-8B,MMLU_selected_subjects,isot_true_699,meani,0.529,28,399
2026-01-27 19:11:46,meta-llama/Llama-3.1-8B,MMLU_selected_subjects,isot_true_7,clean,0.525,28,395
2026-01-27 19:15:13,meta-llama/Llama-3.1-8B,MMLU_selected_subjects,isot_true_7,meani,0.516,28,395
2026-01-27 19:18:10,meta-llama/Llama-3.1-8B,MMLU_selected_subjects,isot_true_70,clean,0.504,28,458
2026-01-27 19:22:02,meta-llama/Llama-3.1-8B,MMLU_selected_subjects,isot_true_70,meani,0.517,28,458
2026-01-27 19:25:42,meta-llama/Llama-3.1-8B,MMLU_selected_subjects,isot_true_700,clean,0.533,28,640
2026-01-27 19:29:21,meta-llama/Llama-3.1-8B,MMLU_selected_subjects,isot_true_700,meani,0.513,28,640
2026-01-27 19:33:20,meta-llama/Llama-3.1-8B,MMLU_selected_subjects,isot_true_701,clean,0.537,28,537
2026-01-27 19:37:32,meta-llama/Llama-3.1-8B,MMLU_selected_subjects,isot_true_701,meani,0.536,28,537
2026-01-27 19:40:25,meta-llama/Llama-3.1-8B,MMLU_selected_subjects,isot_true_702,clean,0.518,28,690
2026-01-27 19:44:48,meta-llama/Llama-3.1-8B,MMLU_selected_subjects,isot_true_702,meani,0.524,28,690
2026-01-27 19:47:54,meta-llama/Llama-3.1-8B,MMLU_selected_subjects,isot_true_703,clean,0.479,28,656
2026-01-27 19:50:41,meta-llama/Llama-3.1-8B,MMLU_selected_subjects,isot_true_703,meani,0.507,28,656
2026-01-27 19:54:10,meta-llama/Llama-3.1-8B,MMLU_selected_subjects,isot_true_704,clean,0.497,28,713
2026-01-27 19:57:21,meta-llama/Llama-3.1-8B,MMLU_selected_subjects,isot_true_704,meani,0.511,28,713
2026-01-27 20:00:22,meta-llama/Llama-3.1-8B,MMLU_selected_subjects,isot_true_705,clean,0.526,28,783
2026-01-27 20:04:50,meta-llama/Llama-3.1-8B,MMLU_selected_subjects,isot_true_705,meani,0.518,28,783
2026-01-27 20:07:39,meta-llama/Llama-3.1-8B,MMLU_selected_subjects,isot_true_706,clean,0.51,28,433
2026-01-27 20:10:22,meta-llama/Llama-3.1-8B,MMLU_selected_subjects,isot_true_706,meani,0.511,28,433
2026-01-27 20:13:46,meta-llama/Llama-3.1-8B,MMLU_selected_subjects,isot_true_707,clean,0.524,28,504
2026-01-27 20:17:01,meta-llama/Llama-3.1-8B,MMLU_selected_subjects,isot_true_707,meani,0.522,28,504
2026-01-27 20:19:44,meta-llama/Llama-3.1-8B,MMLU_selected_subjects,isot_true_708,clean,0.51,28,492
2026-01-27 20:22:29,meta-llama/Llama-3.1-8B,MMLU_selected_subjects,isot_true_708,meani,0.498,28,492
2026-01-27 20:25:19,meta-llama/Llama-3.1-8B,MMLU_selected_subjects,isot_true_709,clean,0.521,28,702
2026-01-27 20:28:56,meta-llama/Llama-3.1-8B,MMLU_selected_subjects,isot_true_709,meani,0.526,28,702
2026-01-27 20:31:35,meta-llama/Llama-3.1-8B,MMLU_selected_subjects,isot_true_71,clean,0.532,28,615
2026-01-27 20:35:45,meta-llama/Llama-3.1-8B,MMLU_selected_subjects,isot_true_71,meani,0.518,28,615
2026-01-27 20:38:14,meta-llama/Llama-3.1-8B,MMLU_selected_subjects,isot_true_710,clean,0.533,28,344
2026-01-27 20:41:45,meta-llama/Llama-3.1-8B,MMLU_selected_subjects,isot_true_710,meani,0.538,28,344
2026-01-27 20:44:29,meta-llama/Llama-3.1-8B,MMLU_selected_subjects,isot_true_711,clean,0.536,28,575
2026-01-27 20:47:55,meta-llama/Llama-3.1-8B,MMLU_selected_subjects,isot_true_711,meani,0.531,28,575
2026-01-27 20:50:33,meta-llama/Llama-3.1-8B,MMLU_selected_subjects,isot_true_712,clean,0.529,28,633
2026-01-27 20:54:16,meta-llama/Llama-3.1-8B,MMLU_selected_subjects,isot_true_712,meani,0.533,28,633
2026-01-27 20:57:19,meta-llama/Llama-3.1-8B,MMLU_selected_subjects,isot_true_713,clean,0.53,28,550
2026-01-27 21:01:01,meta-llama/Llama-3.1-8B,MMLU_selected_subjects,isot_true_713,meani,0.534,28,550
2026-01-27 21:04:21,meta-llama/Llama-3.1-8B,MMLU_selected_subjects,isot_true_714,clean,0.525,28,398
2026-01-27 21:07:45,meta-llama/Llama-3.1-8B,MMLU_selected_subjects,isot_true_714,meani,0.526,28,398
2026-01-27 21:11:18,meta-llama/Llama-3.1-8B,MMLU_selected_subjects,isot_true_715,clean,0.529,28,564
2026-01-27 21:15:44,meta-llama/Llama-3.1-8B,MMLU_selected_subjects,isot_true_715,meani,0.543,28,564
2026-01-27 21:19:04,meta-llama/Llama-3.1-8B,MMLU_selected_subjects,isot_true_716,clean,0.504,28,460
2026-01-27 21:22:53,meta-llama/Llama-3.1-8B,MMLU_selected_subjects,isot_true_716,meani,0.545,28,460
2026-01-27 21:26:02,meta-llama/Llama-3.1-8B,MMLU_selected_subjects,isot_true_717,clean,0.54,28,524
2026-01-27 21:29:54,meta-llama/Llama-3.1-8B,MMLU_selected_subjects,isot_true_717,meani,0.535,28,524
2026-01-27 21:32:58,meta-llama/Llama-3.1-8B,MMLU_selected_subjects,isot_true_718,clean,0.505,28,601
2026-01-27 21:36:35,meta-llama/Llama-3.1-8B,MMLU_selected_subjects,isot_true_718,meani,0.491,28,601
2026-01-27 21:40:05,meta-llama/Llama-3.1-8B,MMLU_selected_subjects,isot_true_719,clean,0.524,28,731
2026-01-27 21:44:03,meta-llama/Llama-3.1-8B,MMLU_selected_subjects,isot_true_719,meani,0.533,28,731
2026-01-27 21:46:58,meta-llama/Llama-3.1-8B,MMLU_selected_subjects,isot_true_72,clean,0.527,28,628
2026-01-27 21:49:43,meta-llama/Llama-3.1-8B,MMLU_selected_subjects,isot_true_72,meani,0.502,28,628
2026-01-27 21:52:40,meta-llama/Llama-3.1-8B,MMLU_selected_subjects,isot_true_720,clean,0.52,28,607
2026-01-27 21:56:42,meta-llama/Llama-3.1-8B,MMLU_selected_subjects,isot_true_720,meani,0.527,28,607
2026-01-27 21:59:59,meta-llama/Llama-3.1-8B,MMLU_selected_subjects,isot_true_721,clean,0.525,28,669
2026-01-27 22:03:32,meta-llama/Llama-3.1-8B,MMLU_selected_subjects,isot_true_721,meani,0.527,28,669
2026-01-27 22:06:37,meta-llama/Llama-3.1-8B,MMLU_selected_subjects,isot_true_722,clean,0.514,28,501
2026-01-27 22:10:41,meta-llama/Llama-3.1-8B,MMLU_selected_subjects,isot_true_722,meani,0.525,28,501
2026-01-27 22:14:09,meta-llama/Llama-3.1-8B,MMLU_selected_subjects,isot_true_723,clean,0.543,28,502
2026-01-27 22:18:09,meta-llama/Llama-3.1-8B,MMLU_selected_subjects,isot_true_723,meani,0.529,28,502
2026-01-27 22:21:24,meta-llama/Llama-3.1-8B,MMLU_selected_subjects,isot_true_724,clean,0.521,28,687
2026-01-27 22:25:09,meta-llama/Llama-3.1-8B,MMLU_selected_subjects,isot_true_724,meani,0.529,28,687
2026-01-27 22:28:22,meta-llama/Llama-3.1-8B,MMLU_selected_subjects,isot_true_725,clean,0.534,28,625
2026-01-27 22:31:55,meta-llama/Llama-3.1-8B,MMLU_selected_subjects,isot_true_725,meani,0.533,28,625
2026-01-27 22:35:07,meta-llama/Llama-3.1-8B,MMLU_selected_subjects,isot_true_726,clean,0.529,28,427
2026-01-27 22:38:25,meta-llama/Llama-3.1-8B,MMLU_selected_subjects,isot_true_726,meani,0.524,28,427
2026-01-27 22:41:21,meta-llama/Llama-3.1-8B,MMLU_selected_subjects,isot_true_727,clean,0.497,28,792
2026-01-27 22:44:38,meta-llama/Llama-3.1-8B,MMLU_selected_subjects,isot_true_727,meani,0.504,28,792
2026-01-27 22:47:55,meta-llama/Llama-3.1-8B,MMLU_selected_subjects,isot_true_728,clean,0.54,28,268
2026-01-27 22:51:26,meta-llama/Llama-3.1-8B,MMLU_selected_subjects,isot_true_728,meani,0.525,28,268
2026-01-27 22:54:30,meta-llama/Llama-3.1-8B,MMLU_selected_subjects,isot_true_729,clean,0.481,28,474
2026-01-27 22:57:37,meta-llama/Llama-3.1-8B,MMLU_selected_subjects,isot_true_729,meani,0.517,28,474
2026-01-27 23:00:54,meta-llama/Llama-3.1-8B,MMLU_selected_subjects,isot_true_73,clean,0.516,28,457
2026-01-27 23:04:40,meta-llama/Llama-3.1-8B,MMLU_selected_subjects,isot_true_73,meani,0.524,28,457
2026-01-27 23:08:04,meta-llama/Llama-3.1-8B,MMLU_selected_subjects,isot_true_730,clean,0.525,28,522
2026-01-27 23:11:45,meta-llama/Llama-3.1-8B,MMLU_selected_subjects,isot_true_730,meani,0.519,28,522
2026-01-27 23:15:12,meta-llama/Llama-3.1-8B,MMLU_selected_subjects,isot_true_731,clean,0.516,28,468
2026-01-27 23:19:02,meta-llama/Llama-3.1-8B,MMLU_selected_subjects,isot_true_731,meani,0.513,28,468
2026-01-27 23:21:58,meta-llama/Llama-3.1-8B,MMLU_selected_subjects,isot_true_732,clean,0.495,28,472
2026-01-27 23:25:19,meta-llama/Llama-3.1-8B,MMLU_selected_subjects,isot_true_732,meani,0.519,28,472
2026-01-27 23:28:39,meta-llama/Llama-3.1-8B,MMLU_selected_subjects,isot_true_733,clean,0.54,28,525
2026-01-27 23:32:27,meta-llama/Llama-3.1-8B,MMLU_selected_subjects,isot_true_733,meani,0.531,28,525
2026-01-27 23:35:29,meta-llama/Llama-3.1-8B,MMLU_selected_subjects,isot_true_734,clean,0.529,28,672
2026-01-27 23:38:42,meta-llama/Llama-3.1-8B,MMLU_selected_subjects,isot_true_734,meani,0.531,28,672
2026-01-27 23:41:35,meta-llama/Llama-3.1-8B,MMLU_selected_subjects,isot_true_735,clean,0.524,28,380
2026-01-27 23:44:43,meta-llama/Llama-3.1-8B,MMLU_selected_subjects,isot_true_735,meani,0.521,28,380
2026-01-27 23:47:54,meta-llama/Llama-3.1-8B,MMLU_selected_subjects,isot_true_736,clean,0.532,28,297
2026-01-27 23:51:10,meta-llama/Llama-3.1-8B,MMLU_selected_subjects,isot_true_736,meani,0.538,28,297
2026-01-27 23:54:03,meta-llama/Llama-3.1-8B,MMLU_selected_subjects,isot_true_737,clean,0.53,28,656
2026-01-27 23:57:07,meta-llama/Llama-3.1-8B,MMLU_selected_subjects,isot_true_737,meani,0.529,28,656
2026-01-28 00:00:38,meta-llama/Llama-3.1-8B,MMLU_selected_subjects,isot_true_738,clean,0.515,28,424
2026-01-28 00:04:35,meta-llama/Llama-3.1-8B,MMLU_selected_subjects,isot_true_738,meani,0.508,28,424
2026-01-28 00:08:09,meta-llama/Llama-3.1-8B,MMLU_selected_subjects,isot_true_739,clean,0.503,28,611
2026-01-28 00:11:14,meta-llama/Llama-3.1-8B,MMLU_selected_subjects,isot_true_739,meani,0.495,28,611
2026-01-28 00:14:44,meta-llama/Llama-3.1-8B,MMLU_selected_subjects,isot_true_74,clean,0.526,28,226
2026-01-28 00:17:56,meta-llama/Llama-3.1-8B,MMLU_selected_subjects,isot_true_74,meani,0.527,28,226
2026-01-28 00:20:36,meta-llama/Llama-3.1-8B,MMLU_selected_subjects,isot_true_740,clean,0.496,28,401
2026-01-28 00:23:23,meta-llama/Llama-3.1-8B,MMLU_selected_subjects,isot_true_740,meani,0.515,28,401
2026-01-28 00:26:25,meta-llama/Llama-3.1-8B,MMLU_selected_subjects,isot_true_741,clean,0.533,28,625
2026-01-28 00:30:45,meta-llama/Llama-3.1-8B,MMLU_selected_subjects,isot_true_741,meani,0.534,28,625
2026-01-28 00:34:54,meta-llama/Llama-3.1-8B,MMLU_selected_subjects,isot_true_742,clean,0.53,28,457
2026-01-28 00:38:34,meta-llama/Llama-3.1-8B,MMLU_selected_subjects,isot_true_742,meani,0.535,28,457
2026-01-28 00:41:52,meta-llama/Llama-3.1-8B,MMLU_selected_subjects,isot_true_743,clean,0.518,28,446
2026-01-28 00:45:49,meta-llama/Llama-3.1-8B,MMLU_selected_subjects,isot_true_743,meani,0.523,28,446
2026-01-28 00:49:03,meta-llama/Llama-3.1-8B,MMLU_selected_subjects,isot_true_744,clean,0.541,28,316
2026-01-28 00:51:56,meta-llama/Llama-3.1-8B,MMLU_selected_subjects,isot_true_744,meani,0.506,28,316
2026-01-28 00:55:38,meta-llama/Llama-3.1-8B,MMLU_selected_subjects,isot_true_745,clean,0.517,28,521
2026-01-28 00:59:02,meta-llama/Llama-3.1-8B,MMLU_selected_subjects,isot_true_745,meani,0.513,28,521
2026-01-28 01:02:38,meta-llama/Llama-3.1-8B,MMLU_selected_subjects,isot_true_746,clean,0.513,28,718
2026-01-28 01:06:34,meta-llama/Llama-3.1-8B,MMLU_selected_subjects,isot_true_746,meani,0.517,28,718
2026-01-28 01:10:07,meta-llama/Llama-3.1-8B,MMLU_selected_subjects,isot_true_747,clean,0.504,28,214
2026-01-28 01:13:55,meta-llama/Llama-3.1-8B,MMLU_selected_subjects,isot_true_747,meani,0.526,28,214
2026-01-28 01:17:24,meta-llama/Llama-3.1-8B,MMLU_selected_subjects,isot_true_748,clean,0.509,28,440
2026-01-28 01:20:23,meta-llama/Llama-3.1-8B,MMLU_selected_subjects,isot_true_748,meani,0.525,28,440
2026-01-28 01:23:50,meta-llama/Llama-3.1-8B,MMLU_selected_subjects,isot_true_749,clean,0.509,28,298
2026-01-28 01:27:31,meta-llama/Llama-3.1-8B,MMLU_selected_subjects,isot_true_749,meani,0.516,28,298
2026-01-28 01:31:00,meta-llama/Llama-3.1-8B,MMLU_selected_subjects,isot_true_75,clean,0.544,28,651
2026-01-28 01:35:17,meta-llama/Llama-3.1-8B,MMLU_selected_subjects,isot_true_75,meani,0.527,28,651
2026-01-28 01:38:21,meta-llama/Llama-3.1-8B,MMLU_selected_subjects,isot_true_750,clean,0.49,28,661
2026-01-28 01:41:32,meta-llama/Llama-3.1-8B,MMLU_selected_subjects,isot_true_750,meani,0.509,28,661
2026-01-28 01:44:38,meta-llama/Llama-3.1-8B,MMLU_selected_subjects,isot_true_751,clean,0.528,28,555
2026-01-28 01:48:40,meta-llama/Llama-3.1-8B,MMLU_selected_subjects,isot_true_751,meani,0.53,28,555
2026-01-28 01:51:45,meta-llama/Llama-3.1-8B,MMLU_selected_subjects,isot_true_752,clean,0.527,28,420
2026-01-28 01:54:29,meta-llama/Llama-3.1-8B,MMLU_selected_subjects,isot_true_752,meani,0.525,28,420
2026-01-28 01:57:48,meta-llama/Llama-3.1-8B,MMLU_selected_subjects,isot_true_753,clean,0.54,28,390
2026-01-28 02:01:57,meta-llama/Llama-3.1-8B,MMLU_selected_subjects,isot_true_753,meani,0.52,28,390
2026-01-28 02:04:58,meta-llama/Llama-3.1-8B,MMLU_selected_subjects,isot_true_754,clean,0.523,28,538
2026-01-28 02:08:48,meta-llama/Llama-3.1-8B,MMLU_selected_subjects,isot_true_754,meani,0.518,28,538
2026-01-28 02:12:37,meta-llama/Llama-3.1-8B,MMLU_selected_subjects,isot_true_755,clean,0.533,28,438
2026-01-28 02:15:58,meta-llama/Llama-3.1-8B,MMLU_selected_subjects,isot_true_755,meani,0.513,28,438
2026-01-28 02:19:36,meta-llama/Llama-3.1-8B,MMLU_selected_subjects,isot_true_756,clean,0.52,28,694
2026-01-28 02:23:20,meta-llama/Llama-3.1-8B,MMLU_selected_subjects,isot_true_756,meani,0.527,28,694
2026-01-28 02:26:24,meta-llama/Llama-3.1-8B,MMLU_selected_subjects,isot_true_757,clean,0.501,28,565
2026-01-28 02:30:30,meta-llama/Llama-3.1-8B,MMLU_selected_subjects,isot_true_757,meani,0.529,28,565
2026-01-28 02:33:35,meta-llama/Llama-3.1-8B,MMLU_selected_subjects,isot_true_758,clean,0.522,28,506
2026-01-28 02:36:21,meta-llama/Llama-3.1-8B,MMLU_selected_subjects,isot_true_758,meani,0.529,28,506
2026-01-28 02:40:04,meta-llama/Llama-3.1-8B,MMLU_selected_subjects,isot_true_759,clean,0.511,28,785
2026-01-28 02:44:42,meta-llama/Llama-3.1-8B,MMLU_selected_subjects,isot_true_759,meani,0.537,28,785
2026-01-28 02:47:53,meta-llama/Llama-3.1-8B,MMLU_selected_subjects,isot_true_76,clean,0.521,28,762
2026-01-28 02:52:04,meta-llama/Llama-3.1-8B,MMLU_selected_subjects,isot_true_76,meani,0.536,28,762
2026-01-28 02:55:33,meta-llama/Llama-3.1-8B,MMLU_selected_subjects,isot_true_760,clean,0.509,28,300
2026-01-28 02:59:44,meta-llama/Llama-3.1-8B,MMLU_selected_subjects,isot_true_760,meani,0.533,28,300
2026-01-28 03:02:49,meta-llama/Llama-3.1-8B,MMLU_selected_subjects,isot_true_761,clean,0.514,28,520
2026-01-28 03:05:28,meta-llama/Llama-3.1-8B,MMLU_selected_subjects,isot_true_761,meani,0.522,28,520
2026-01-28 03:08:17,meta-llama/Llama-3.1-8B,MMLU_selected_subjects,isot_true_762,clean,0.523,28,588
2026-01-28 03:11:05,meta-llama/Llama-3.1-8B,MMLU_selected_subjects,isot_true_762,meani,0.496,28,588
2026-01-28 03:14:02,meta-llama/Llama-3.1-8B,MMLU_selected_subjects,isot_true_763,clean,0.491,28,460
2026-01-28 03:17:22,meta-llama/Llama-3.1-8B,MMLU_selected_subjects,isot_true_763,meani,0.532,28,460
2026-01-28 03:20:28,meta-llama/Llama-3.1-8B,MMLU_selected_subjects,isot_true_764,clean,0.519,28,644
2026-01-28 03:23:21,meta-llama/Llama-3.1-8B,MMLU_selected_subjects,isot_true_764,meani,0.515,28,644
2026-01-28 03:26:20,meta-llama/Llama-3.1-8B,MMLU_selected_subjects,isot_true_765,clean,0.508,28,388
2026-01-28 03:29:29,meta-llama/Llama-3.1-8B,MMLU_selected_subjects,isot_true_765,meani,0.51,28,388
2026-01-28 03:32:11,meta-llama/Llama-3.1-8B,MMLU_selected_subjects,isot_true_766,clean,0.506,28,446
2026-01-28 03:35:06,meta-llama/Llama-3.1-8B,MMLU_selected_subjects,isot_true_766,meani,0.526,28,446
2026-01-28 03:37:44,meta-llama/Llama-3.1-8B,MMLU_selected_subjects,isot_true_767,clean,0.511,28,426
2026-01-28 03:41:00,meta-llama/Llama-3.1-8B,MMLU_selected_subjects,isot_true_767,meani,0.533,28,426
2026-01-28 03:44:12,meta-llama/Llama-3.1-8B,MMLU_selected_subjects,isot_true_768,clean,0.513,28,452
2026-01-28 03:48:05,meta-llama/Llama-3.1-8B,MMLU_selected_subjects,isot_true_768,meani,0.53,28,452
2026-01-28 03:51:15,meta-llama/Llama-3.1-8B,MMLU_selected_subjects,isot_true_769,clean,0.528,28,729
2026-01-28 03:54:58,meta-llama/Llama-3.1-8B,MMLU_selected_subjects,isot_true_769,meani,0.525,28,729
2026-01-28 03:58:10,meta-llama/Llama-3.1-8B,MMLU_selected_subjects,isot_true_77,clean,0.509,28,520
2026-01-28 04:02:01,meta-llama/Llama-3.1-8B,MMLU_selected_subjects,isot_true_77,meani,0.527,28,520
2026-01-28 04:04:40,meta-llama/Llama-3.1-8B,MMLU_selected_subjects,isot_true_770,clean,0.514,28,441
2026-01-28 04:07:19,meta-llama/Llama-3.1-8B,MMLU_selected_subjects,isot_true_770,meani,0.523,28,441
2026-01-28 04:10:58,meta-llama/Llama-3.1-8B,MMLU_selected_subjects,isot_true_771,clean,0.518,28,584
2026-01-28 04:14:53,meta-llama/Llama-3.1-8B,MMLU_selected_subjects,isot_true_771,meani,0.516,28,584
2026-01-28 04:17:52,meta-llama/Llama-3.1-8B,MMLU_selected_subjects,isot_true_772,clean,0.528,28,642
2026-01-28 04:20:40,meta-llama/Llama-3.1-8B,MMLU_selected_subjects,isot_true_772,meani,0.525,28,642
2026-01-28 04:23:41,meta-llama/Llama-3.1-8B,MMLU_selected_subjects,isot_true_773,clean,0.51,28,468
2026-01-28 04:26:55,meta-llama/Llama-3.1-8B,MMLU_selected_subjects,isot_true_773,meani,0.517,28,468
2026-01-28 04:30:29,meta-llama/Llama-3.1-8B,MMLU_selected_subjects,isot_true_774,clean,0.529,28,560
2026-01-28 04:34:32,meta-llama/Llama-3.1-8B,MMLU_selected_subjects,isot_true_774,meani,0.526,28,560
2026-01-28 04:38:05,meta-llama/Llama-3.1-8B,MMLU_selected_subjects,isot_true_775,clean,0.524,28,693
2026-01-28 04:41:55,meta-llama/Llama-3.1-8B,MMLU_selected_subjects,isot_true_775,meani,0.52,28,693
2026-01-28 04:44:38,meta-llama/Llama-3.1-8B,MMLU_selected_subjects,isot_true_776,clean,0.525,28,498
2026-01-28 04:47:19,meta-llama/Llama-3.1-8B,MMLU_selected_subjects,isot_true_776,meani,0.522,28,498
2026-01-28 04:50:09,meta-llama/Llama-3.1-8B,MMLU_selected_subjects,isot_true_777,clean,0.507,28,544
2026-01-28 04:52:50,meta-llama/Llama-3.1-8B,MMLU_selected_subjects,isot_true_777,meani,0.508,28,544
2026-01-28 04:56:16,meta-llama/Llama-3.1-8B,MMLU_selected_subjects,isot_true_778,clean,0.525,28,267
2026-01-28 05:00:03,meta-llama/Llama-3.1-8B,MMLU_selected_subjects,isot_true_778,meani,0.535,28,267
2026-01-28 05:03:19,meta-llama/Llama-3.1-8B,MMLU_selected_subjects,isot_true_779,clean,0.527,28,565
2026-01-28 05:06:49,meta-llama/Llama-3.1-8B,MMLU_selected_subjects,isot_true_779,meani,0.535,28,565
2026-01-28 05:09:56,meta-llama/Llama-3.1-8B,MMLU_selected_subjects,isot_true_78,clean,0.5,28,765
2026-01-28 05:13:02,meta-llama/Llama-3.1-8B,MMLU_selected_subjects,isot_true_78,meani,0.51,28,765
2026-01-28 05:16:03,meta-llama/Llama-3.1-8B,MMLU_selected_subjects,isot_true_780,clean,0.527,28,577
2026-01-28 05:19:28,meta-llama/Llama-3.1-8B,MMLU_selected_subjects,isot_true_780,meani,0.522,28,577
2026-01-28 05:22:31,meta-llama/Llama-3.1-8B,MMLU_selected_subjects,isot_true_781,clean,0.523,28,214
2026-01-28 05:26:00,meta-llama/Llama-3.1-8B,MMLU_selected_subjects,isot_true_781,meani,0.529,28,214
2026-01-28 05:28:53,meta-llama/Llama-3.1-8B,MMLU_selected_subjects,isot_true_782,clean,0.529,28,388
2026-01-28 05:32:02,meta-llama/Llama-3.1-8B,MMLU_selected_subjects,isot_true_782,meani,0.52,28,388
2026-01-28 05:35:06,meta-llama/Llama-3.1-8B,MMLU_selected_subjects,isot_true_783,clean,0.52,28,537
2026-01-28 05:39:02,meta-llama/Llama-3.1-8B,MMLU_selected_subjects,isot_true_783,meani,0.526,28,537
2026-01-28 05:42:27,meta-llama/Llama-3.1-8B,MMLU_selected_subjects,isot_true_784,clean,0.525,28,412
2026-01-28 05:46:03,meta-llama/Llama-3.1-8B,MMLU_selected_subjects,isot_true_784,meani,0.526,28,412
2026-01-28 05:49:38,meta-llama/Llama-3.1-8B,MMLU_selected_subjects,isot_true_785,clean,0.512,28,505
2026-01-28 05:53:29,meta-llama/Llama-3.1-8B,MMLU_selected_subjects,isot_true_785,meani,0.536,28,505
2026-01-28 05:56:47,meta-llama/Llama-3.1-8B,MMLU_selected_subjects,isot_true_786,clean,0.517,28,222
2026-01-28 06:00:05,meta-llama/Llama-3.1-8B,MMLU_selected_subjects,isot_true_786,meani,0.519,28,222
2026-01-28 06:03:23,meta-llama/Llama-3.1-8B,MMLU_selected_subjects,isot_true_787,clean,0.504,28,551
2026-01-28 06:06:08,meta-llama/Llama-3.1-8B,MMLU_selected_subjects,isot_true_787,meani,0.515,28,551
2026-01-28 06:08:56,meta-llama/Llama-3.1-8B,MMLU_selected_subjects,isot_true_788,clean,0.518,28,559
2026-01-28 06:12:03,meta-llama/Llama-3.1-8B,MMLU_selected_subjects,isot_true_788,meani,0.519,28,559
2026-01-28 06:14:43,meta-llama/Llama-3.1-8B,MMLU_selected_subjects,isot_true_789,clean,0.535,28,401
2026-01-28 06:17:06,meta-llama/Llama-3.1-8B,MMLU_selected_subjects,isot_true_789,meani,0.528,28,401
2026-01-28 06:21:07,meta-llama/Llama-3.1-8B,MMLU_selected_subjects,isot_true_79,clean,0.521,28,248
2026-01-28 06:24:54,meta-llama/Llama-3.1-8B,MMLU_selected_subjects,isot_true_79,meani,0.527,28,248
2026-01-28 06:27:59,meta-llama/Llama-3.1-8B,MMLU_selected_subjects,isot_true_790,clean,0.533,28,333
2026-01-28 06:31:14,meta-llama/Llama-3.1-8B,MMLU_selected_subjects,isot_true_790,meani,0.54,28,333
2026-01-28 06:34:27,meta-llama/Llama-3.1-8B,MMLU_selected_subjects,isot_true_791,clean,0.544,28,717
2026-01-28 06:38:56,meta-llama/Llama-3.1-8B,MMLU_selected_subjects,isot_true_791,meani,0.527,28,717
2026-01-28 06:42:21,meta-llama/Llama-3.1-8B,MMLU_selected_subjects,isot_true_792,clean,0.538,28,543
2026-01-28 06:46:50,meta-llama/Llama-3.1-8B,MMLU_selected_subjects,isot_true_792,meani,0.529,28,543
2026-01-28 06:50:11,meta-llama/Llama-3.1-8B,MMLU_selected_subjects,isot_true_793,clean,0.528,28,711
2026-01-28 06:54:46,meta-llama/Llama-3.1-8B,MMLU_selected_subjects,isot_true_793,meani,0.523,28,711
2026-01-28 06:58:47,meta-llama/Llama-3.1-8B,MMLU_selected_subjects,isot_true_794,clean,0.523,28,572
2026-01-28 07:02:52,meta-llama/Llama-3.1-8B,MMLU_selected_subjects,isot_true_794,meani,0.532,28,572
2026-01-28 07:06:19,meta-llama/Llama-3.1-8B,MMLU_selected_subjects,isot_true_795,clean,0.517,28,401
2026-01-28 07:10:16,meta-llama/Llama-3.1-8B,MMLU_selected_subjects,isot_true_795,meani,0.53,28,401
2026-01-28 07:13:26,meta-llama/Llama-3.1-8B,MMLU_selected_subjects,isot_true_796,clean,0.536,28,579
2026-01-28 07:17:44,meta-llama/Llama-3.1-8B,MMLU_selected_subjects,isot_true_796,meani,0.525,28,579
2026-01-28 07:21:08,meta-llama/Llama-3.1-8B,MMLU_selected_subjects,isot_true_797,clean,0.528,28,405
2026-01-28 07:25:09,meta-llama/Llama-3.1-8B,MMLU_selected_subjects,isot_true_797,meani,0.526,28,405
2026-01-28 07:29:01,meta-llama/Llama-3.1-8B,MMLU_selected_subjects,isot_true_798,clean,0.537,28,765
2026-01-28 07:32:36,meta-llama/Llama-3.1-8B,MMLU_selected_subjects,isot_true_798,meani,0.53,28,765
2026-01-28 07:36:18,meta-llama/Llama-3.1-8B,MMLU_selected_subjects,isot_true_799,clean,0.548,28,526
2026-01-28 07:39:56,meta-llama/Llama-3.1-8B,MMLU_selected_subjects,isot_true_799,meani,0.532,28,526
2026-01-28 07:43:37,meta-llama/Llama-3.1-8B,MMLU_selected_subjects,isot_true_8,clean,0.522,28,453
2026-01-28 07:46:23,meta-llama/Llama-3.1-8B,MMLU_selected_subjects,isot_true_8,meani,0.524,28,453
2026-01-28 07:49:46,meta-llama/Llama-3.1-8B,MMLU_selected_subjects,isot_true_80,clean,0.512,28,314
2026-01-28 07:52:59,meta-llama/Llama-3.1-8B,MMLU_selected_subjects,isot_true_80,meani,0.513,28,314
2026-01-28 07:55:56,meta-llama/Llama-3.1-8B,MMLU_selected_subjects,isot_true_800,clean,0.506,28,573
2026-01-28 07:59:55,meta-llama/Llama-3.1-8B,MMLU_selected_subjects,isot_true_800,meani,0.522,28,573
2026-01-28 08:03:34,meta-llama/Llama-3.1-8B,MMLU_selected_subjects,isot_true_801,clean,0.52,28,535
2026-01-28 08:07:17,meta-llama/Llama-3.1-8B,MMLU_selected_subjects,isot_true_801,meani,0.527,28,535
2026-01-28 08:10:01,meta-llama/Llama-3.1-8B,MMLU_selected_subjects,isot_true_802,clean,0.526,28,405
2026-01-28 08:13:04,meta-llama/Llama-3.1-8B,MMLU_selected_subjects,isot_true_802,meani,0.514,28,405
2026-01-28 08:16:22,meta-llama/Llama-3.1-8B,MMLU_selected_subjects,isot_true_803,clean,0.513,28,398
2026-01-28 08:20:19,meta-llama/Llama-3.1-8B,MMLU_selected_subjects,isot_true_803,meani,0.536,28,398
2026-01-28 08:23:08,meta-llama/Llama-3.1-8B,MMLU_selected_subjects,isot_true_804,clean,0.522,28,632
2026-01-28 08:27:18,meta-llama/Llama-3.1-8B,MMLU_selected_subjects,isot_true_804,meani,0.516,28,632
2026-01-28 08:30:43,meta-llama/Llama-3.1-8B,MMLU_selected_subjects,isot_true_805,clean,0.518,28,686
2026-01-28 08:34:42,meta-llama/Llama-3.1-8B,MMLU_selected_subjects,isot_true_805,meani,0.511,28,686
2026-01-28 08:38:01,meta-llama/Llama-3.1-8B,MMLU_selected_subjects,isot_true_806,clean,0.526,28,742
2026-01-28 08:41:36,meta-llama/Llama-3.1-8B,MMLU_selected_subjects,isot_true_806,meani,0.521,28,742
2026-01-28 08:45:18,meta-llama/Llama-3.1-8B,MMLU_selected_subjects,isot_true_807,clean,0.525,28,502
2026-01-28 08:49:28,meta-llama/Llama-3.1-8B,MMLU_selected_subjects,isot_true_807,meani,0.531,28,502
2026-01-28 08:52:32,meta-llama/Llama-3.1-8B,MMLU_selected_subjects,isot_true_808,clean,0.503,28,378
2026-01-28 08:55:13,meta-llama/Llama-3.1-8B,MMLU_selected_subjects,isot_true_808,meani,0.527,28,378
2026-01-28 08:58:43,meta-llama/Llama-3.1-8B,MMLU_selected_subjects,isot_true_809,clean,0.522,28,403
2026-01-28 09:03:07,meta-llama/Llama-3.1-8B,MMLU_selected_subjects,isot_true_809,meani,0.515,28,403
2026-01-28 09:06:57,meta-llama/Llama-3.1-8B,MMLU_selected_subjects,isot_true_81,clean,0.534,28,511
2026-01-28 09:11:14,meta-llama/Llama-3.1-8B,MMLU_selected_subjects,isot_true_81,meani,0.517,28,511
2026-01-28 09:14:46,meta-llama/Llama-3.1-8B,MMLU_selected_subjects,isot_true_810,clean,0.519,28,753
2026-01-28 09:19:09,meta-llama/Llama-3.1-8B,MMLU_selected_subjects,isot_true_810,meani,0.532,28,753
2026-01-28 09:22:30,meta-llama/Llama-3.1-8B,MMLU_selected_subjects,isot_true_811,clean,0.521,28,312
2026-01-28 09:25:47,meta-llama/Llama-3.1-8B,MMLU_selected_subjects,isot_true_811,meani,0.534,28,312
2026-01-28 09:29:45,meta-llama/Llama-3.1-8B,MMLU_selected_subjects,isot_true_812,clean,0.49,28,425
2026-01-28 09:33:33,meta-llama/Llama-3.1-8B,MMLU_selected_subjects,isot_true_812,meani,0.534,28,425
2026-01-28 09:36:59,meta-llama/Llama-3.1-8B,MMLU_selected_subjects,isot_true_813,clean,0.514,28,429
2026-01-28 09:40:57,meta-llama/Llama-3.1-8B,MMLU_selected_subjects,isot_true_813,meani,0.515,28,429
2026-01-28 09:44:04,meta-llama/Llama-3.1-8B,MMLU_selected_subjects,isot_true_814,clean,0.506,28,253
2026-01-28 09:47:45,meta-llama/Llama-3.1-8B,MMLU_selected_subjects,isot_true_814,meani,0.521,28,253
2026-01-28 09:51:10,meta-llama/Llama-3.1-8B,MMLU_selected_subjects,isot_true_815,clean,0.514,28,248
2026-01-28 09:55:02,meta-llama/Llama-3.1-8B,MMLU_selected_subjects,isot_true_815,meani,0.506,28,248
2026-01-28 09:58:41,meta-llama/Llama-3.1-8B,MMLU_selected_subjects,isot_true_816,clean,0.527,28,397
2026-01-28 10:02:13,meta-llama/Llama-3.1-8B,MMLU_selected_subjects,isot_true_816,meani,0.519,28,397
2026-01-28 10:05:50,meta-llama/Llama-3.1-8B,MMLU_selected_subjects,isot_true_817,clean,0.53,28,645
2026-01-28 10:09:49,meta-llama/Llama-3.1-8B,MMLU_selected_subjects,isot_true_817,meani,0.526,28,645
2026-01-28 10:12:49,meta-llama/Llama-3.1-8B,MMLU_selected_subjects,isot_true_818,clean,0.521,28,525
2026-01-28 10:15:54,meta-llama/Llama-3.1-8B,MMLU_selected_subjects,isot_true_818,meani,0.529,28,525
2026-01-28 10:19:30,meta-llama/Llama-3.1-8B,MMLU_selected_subjects,isot_true_819,clean,0.522,28,644
2026-01-28 10:23:49,meta-llama/Llama-3.1-8B,MMLU_selected_subjects,isot_true_819,meani,0.537,28,644
2026-01-28 10:27:24,meta-llama/Llama-3.1-8B,MMLU_selected_subjects,isot_true_82,clean,0.519,28,597
2026-01-28 10:30:34,meta-llama/Llama-3.1-8B,MMLU_selected_subjects,isot_true_82,meani,0.527,28,597
2026-01-28 10:33:31,meta-llama/Llama-3.1-8B,MMLU_selected_subjects,isot_true_820,clean,0.523,28,512
2026-01-28 10:37:26,meta-llama/Llama-3.1-8B,MMLU_selected_subjects,isot_true_820,meani,0.516,28,512
2026-01-28 10:40:39,meta-llama/Llama-3.1-8B,MMLU_selected_subjects,isot_true_821,clean,0.5,28,559
2026-01-28 10:43:39,meta-llama/Llama-3.1-8B,MMLU_selected_subjects,isot_true_821,meani,0.516,28,559
2026-01-28 10:46:59,meta-llama/Llama-3.1-8B,MMLU_selected_subjects,isot_true_822,clean,0.528,28,554
2026-01-28 10:50:44,meta-llama/Llama-3.1-8B,MMLU_selected_subjects,isot_true_822,meani,0.523,28,554
2026-01-28 10:54:26,meta-llama/Llama-3.1-8B,MMLU_selected_subjects,isot_true_823,clean,0.496,28,746
2026-01-28 10:59:07,meta-llama/Llama-3.1-8B,MMLU_selected_subjects,isot_true_823,meani,0.513,28,746
2026-01-28 11:02:19,meta-llama/Llama-3.1-8B,MMLU_selected_subjects,isot_true_824,clean,0.516,28,385
2026-01-28 11:05:48,meta-llama/Llama-3.1-8B,MMLU_selected_subjects,isot_true_824,meani,0.522,28,385
2026-01-28 11:09:10,meta-llama/Llama-3.1-8B,MMLU_selected_subjects,isot_true_825,clean,0.519,28,625
2026-01-28 11:13:26,meta-llama/Llama-3.1-8B,MMLU_selected_subjects,isot_true_825,meani,0.516,28,625
2026-01-28 11:16:39,meta-llama/Llama-3.1-8B,MMLU_selected_subjects,isot_true_826,clean,0.561,28,637
2026-01-28 11:20:48,meta-llama/Llama-3.1-8B,MMLU_selected_subjects,isot_true_826,meani,0.516,28,637
2026-01-28 11:24:13,meta-llama/Llama-3.1-8B,MMLU_selected_subjects,isot_true_827,clean,0.526,28,390
2026-01-28 11:27:35,meta-llama/Llama-3.1-8B,MMLU_selected_subjects,isot_true_827,meani,0.535,28,390
2026-01-28 11:31:16,meta-llama/Llama-3.1-8B,MMLU_selected_subjects,isot_true_828,clean,0.534,28,497
2026-01-28 11:35:40,meta-llama/Llama-3.1-8B,MMLU_selected_subjects,isot_true_828,meani,0.512,28,497
2026-01-28 11:38:54,meta-llama/Llama-3.1-8B,MMLU_selected_subjects,isot_true_829,clean,0.516,28,781
2026-01-28 11:43:07,meta-llama/Llama-3.1-8B,MMLU_selected_subjects,isot_true_829,meani,0.518,28,781
2026-01-28 11:46:12,meta-llama/Llama-3.1-8B,MMLU_selected_subjects,isot_true_83,clean,0.522,28,547
2026-01-28 11:48:57,meta-llama/Llama-3.1-8B,MMLU_selected_subjects,isot_true_83,meani,0.533,28,547
2026-01-28 11:52:00,meta-llama/Llama-3.1-8B,MMLU_selected_subjects,isot_true_830,clean,0.51,28,630
2026-01-28 11:55:21,meta-llama/Llama-3.1-8B,MMLU_selected_subjects,isot_true_830,meani,0.524,28,630
2026-01-28 11:59:16,meta-llama/Llama-3.1-8B,MMLU_selected_subjects,isot_true_831,clean,0.527,28,247
2026-01-28 12:03:11,meta-llama/Llama-3.1-8B,MMLU_selected_subjects,isot_true_831,meani,0.522,28,247
2026-01-28 12:06:42,meta-llama/Llama-3.1-8B,MMLU_selected_subjects,isot_true_832,clean,0.514,28,697
2026-01-28 12:11:16,meta-llama/Llama-3.1-8B,MMLU_selected_subjects,isot_true_832,meani,0.538,28,697
2026-01-28 12:14:23,meta-llama/Llama-3.1-8B,MMLU_selected_subjects,isot_true_833,clean,0.539,28,570
2026-01-28 12:17:09,meta-llama/Llama-3.1-8B,MMLU_selected_subjects,isot_true_833,meani,0.513,28,570
2026-01-28 12:20:25,meta-llama/Llama-3.1-8B,MMLU_selected_subjects,isot_true_834,clean,0.517,28,489
2026-01-28 12:23:33,meta-llama/Llama-3.1-8B,MMLU_selected_subjects,isot_true_834,meani,0.529,28,489
2026-01-28 12:27:02,meta-llama/Llama-3.1-8B,MMLU_selected_subjects,isot_true_835,clean,0.536,28,497
2026-01-28 12:30:07,meta-llama/Llama-3.1-8B,MMLU_selected_subjects,isot_true_835,meani,0.523,28,497
2026-01-28 12:33:13,meta-llama/Llama-3.1-8B,MMLU_selected_subjects,isot_true_836,clean,0.532,28,500
2026-01-28 12:37:15,meta-llama/Llama-3.1-8B,MMLU_selected_subjects,isot_true_836,meani,0.535,28,500
2026-01-28 12:40:17,meta-llama/Llama-3.1-8B,MMLU_selected_subjects,isot_true_837,clean,0.516,28,437
2026-01-28 12:42:55,meta-llama/Llama-3.1-8B,MMLU_selected_subjects,isot_true_837,meani,0.514,28,437
2026-01-28 12:46:32,meta-llama/Llama-3.1-8B,MMLU_selected_subjects,isot_true_838,clean,0.537,28,441
2026-01-28 12:50:38,meta-llama/Llama-3.1-8B,MMLU_selected_subjects,isot_true_838,meani,0.522,28,441
2026-01-28 12:53:43,meta-llama/Llama-3.1-8B,MMLU_selected_subjects,isot_true_839,clean,0.528,28,343
2026-01-28 12:57:39,meta-llama/Llama-3.1-8B,MMLU_selected_subjects,isot_true_839,meani,0.52,28,343
2026-01-28 13:00:47,meta-llama/Llama-3.1-8B,MMLU_selected_subjects,isot_true_84,clean,0.511,28,422
2026-01-28 13:04:11,meta-llama/Llama-3.1-8B,MMLU_selected_subjects,isot_true_84,meani,0.527,28,422
2026-01-28 13:06:56,meta-llama/Llama-3.1-8B,MMLU_selected_subjects,isot_true_840,clean,0.529,28,584
2026-01-28 13:10:55,meta-llama/Llama-3.1-8B,MMLU_selected_subjects,isot_true_840,meani,0.518,28,584
2026-01-28 13:14:23,meta-llama/Llama-3.1-8B,MMLU_selected_subjects,isot_true_841,clean,0.485,28,577
2026-01-28 13:17:14,meta-llama/Llama-3.1-8B,MMLU_selected_subjects,isot_true_841,meani,0.512,28,577
2026-01-28 13:20:39,meta-llama/Llama-3.1-8B,MMLU_selected_subjects,isot_true_842,clean,0.515,28,619
2026-01-28 13:24:58,meta-llama/Llama-3.1-8B,MMLU_selected_subjects,isot_true_842,meani,0.514,28,619
2026-01-28 13:27:42,meta-llama/Llama-3.1-8B,MMLU_selected_subjects,isot_true_843,clean,0.506,28,527
2026-01-28 13:30:41,meta-llama/Llama-3.1-8B,MMLU_selected_subjects,isot_true_843,meani,0.527,28,527
2026-01-28 13:33:27,meta-llama/Llama-3.1-8B,MMLU_selected_subjects,isot_true_844,clean,0.523,28,355
2026-01-28 13:35:56,meta-llama/Llama-3.1-8B,MMLU_selected_subjects,isot_true_844,meani,0.535,28,355
2026-01-28 13:38:38,meta-llama/Llama-3.1-8B,MMLU_selected_subjects,isot_true_845,clean,0.513,28,215
2026-01-28 13:42:11,meta-llama/Llama-3.1-8B,MMLU_selected_subjects,isot_true_845,meani,0.54,28,215
2026-01-28 13:45:00,meta-llama/Llama-3.1-8B,MMLU_selected_subjects,isot_true_846,clean,0.506,28,490
2026-01-28 13:47:52,meta-llama/Llama-3.1-8B,MMLU_selected_subjects,isot_true_846,meani,0.51,28,490
2026-01-28 13:51:00,meta-llama/Llama-3.1-8B,MMLU_selected_subjects,isot_true_847,clean,0.52,28,659
2026-01-28 13:55:03,meta-llama/Llama-3.1-8B,MMLU_selected_subjects,isot_true_847,meani,0.516,28,659
2026-01-28 13:57:59,meta-llama/Llama-3.1-8B,MMLU_selected_subjects,isot_true_848,clean,0.511,28,493
2026-01-28 14:02:00,meta-llama/Llama-3.1-8B,MMLU_selected_subjects,isot_true_848,meani,0.51,28,493
2026-01-28 14:04:58,meta-llama/Llama-3.1-8B,MMLU_selected_subjects,isot_true_849,clean,0.516,28,622
2026-01-28 14:08:58,meta-llama/Llama-3.1-8B,MMLU_selected_subjects,isot_true_849,meani,0.538,28,622
2026-01-28 14:11:49,meta-llama/Llama-3.1-8B,MMLU_selected_subjects,isot_true_85,clean,0.514,28,473
2026-01-28 14:14:52,meta-llama/Llama-3.1-8B,MMLU_selected_subjects,isot_true_85,meani,0.537,28,473
2026-01-28 14:17:49,meta-llama/Llama-3.1-8B,MMLU_selected_subjects,isot_true_850,clean,0.525,28,293
2026-01-28 14:20:55,meta-llama/Llama-3.1-8B,MMLU_selected_subjects,isot_true_850,meani,0.521,28,293
2026-01-28 14:23:33,meta-llama/Llama-3.1-8B,MMLU_selected_subjects,isot_true_851,clean,0.511,28,483
2026-01-28 14:26:11,meta-llama/Llama-3.1-8B,MMLU_selected_subjects,isot_true_851,meani,0.516,28,483
2026-01-28 14:28:56,meta-llama/Llama-3.1-8B,MMLU_selected_subjects,isot_true_852,clean,0.518,28,437
2026-01-28 14:31:56,meta-llama/Llama-3.1-8B,MMLU_selected_subjects,isot_true_852,meani,0.526,28,437
2026-01-28 14:34:54,meta-llama/Llama-3.1-8B,MMLU_selected_subjects,isot_true_853,clean,0.524,28,573
2026-01-28 14:38:45,meta-llama/Llama-3.1-8B,MMLU_selected_subjects,isot_true_853,meani,0.52,28,573
2026-01-28 14:41:47,meta-llama/Llama-3.1-8B,MMLU_selected_subjects,isot_true_854,clean,0.505,28,743
2026-01-28 14:44:45,meta-llama/Llama-3.1-8B,MMLU_selected_subjects,isot_true_854,meani,0.519,28,743
2026-01-28 14:48:03,meta-llama/Llama-3.1-8B,MMLU_selected_subjects,isot_true_855,clean,0.519,28,795
2026-01-28 14:51:37,meta-llama/Llama-3.1-8B,MMLU_selected_subjects,isot_true_855,meani,0.517,28,795
2026-01-28 14:55:36,meta-llama/Llama-3.1-8B,MMLU_selected_subjects,isot_true_856,clean,0.546,28,651
2026-01-28 14:58:57,meta-llama/Llama-3.1-8B,MMLU_selected_subjects,isot_true_856,meani,0.537,28,651
2026-01-28 15:01:50,meta-llama/Llama-3.1-8B,MMLU_selected_subjects,isot_true_857,clean,0.539,28,439
2026-01-28 15:04:48,meta-llama/Llama-3.1-8B,MMLU_selected_subjects,isot_true_857,meani,0.552,28,439
2026-01-28 15:07:50,meta-llama/Llama-3.1-8B,MMLU_selected_subjects,isot_true_858,clean,0.529,28,434
2026-01-28 15:10:43,meta-llama/Llama-3.1-8B,MMLU_selected_subjects,isot_true_858,meani,0.521,28,434
2026-01-28 15:14:00,meta-llama/Llama-3.1-8B,MMLU_selected_subjects,isot_true_859,clean,0.519,28,508
2026-01-28 15:18:04,meta-llama/Llama-3.1-8B,MMLU_selected_subjects,isot_true_859,meani,0.529,28,508
2026-01-28 15:21:14,meta-llama/Llama-3.1-8B,MMLU_selected_subjects,isot_true_86,clean,0.526,28,390
2026-01-28 15:25:00,meta-llama/Llama-3.1-8B,MMLU_selected_subjects,isot_true_86,meani,0.528,28,390
2026-01-28 15:27:57,meta-llama/Llama-3.1-8B,MMLU_selected_subjects,isot_true_860,clean,0.515,28,600
2026-01-28 15:31:07,meta-llama/Llama-3.1-8B,MMLU_selected_subjects,isot_true_860,meani,0.507,28,600
2026-01-28 15:34:46,meta-llama/Llama-3.1-8B,MMLU_selected_subjects,isot_true_861,clean,0.533,28,644
2026-01-28 15:38:32,meta-llama/Llama-3.1-8B,MMLU_selected_subjects,isot_true_861,meani,0.529,28,644
2026-01-28 15:41:45,meta-llama/Llama-3.1-8B,MMLU_selected_subjects,isot_true_862,clean,0.522,28,335
2026-01-28 15:45:32,meta-llama/Llama-3.1-8B,MMLU_selected_subjects,isot_true_862,meani,0.528,28,335
2026-01-28 15:48:59,meta-llama/Llama-3.1-8B,MMLU_selected_subjects,isot_true_863,clean,0.523,28,207
2026-01-28 15:52:39,meta-llama/Llama-3.1-8B,MMLU_selected_subjects,isot_true_863,meani,0.521,28,207
2026-01-28 15:56:23,meta-llama/Llama-3.1-8B,MMLU_selected_subjects,isot_true_864,clean,0.527,28,637
2026-01-28 16:00:17,meta-llama/Llama-3.1-8B,MMLU_selected_subjects,isot_true_864,meani,0.507,28,637
2026-01-28 16:03:27,meta-llama/Llama-3.1-8B,MMLU_selected_subjects,isot_true_865,clean,0.513,28,575
2026-01-28 16:07:15,meta-llama/Llama-3.1-8B,MMLU_selected_subjects,isot_true_865,meani,0.534,28,575
2026-01-28 16:10:25,meta-llama/Llama-3.1-8B,MMLU_selected_subjects,isot_true_866,clean,0.546,28,586
2026-01-28 16:14:19,meta-llama/Llama-3.1-8B,MMLU_selected_subjects,isot_true_866,meani,0.534,28,586
2026-01-28 16:17:51,meta-llama/Llama-3.1-8B,MMLU_selected_subjects,isot_true_867,clean,0.511,28,552
2026-01-28 16:21:34,meta-llama/Llama-3.1-8B,MMLU_selected_subjects,isot_true_867,meani,0.527,28,552
2026-01-28 16:24:16,meta-llama/Llama-3.1-8B,MMLU_selected_subjects,isot_true_868,clean,0.535,28,467
2026-01-28 16:26:57,meta-llama/Llama-3.1-8B,MMLU_selected_subjects,isot_true_868,meani,0.526,28,467
2026-01-28 16:29:57,meta-llama/Llama-3.1-8B,MMLU_selected_subjects,isot_true_869,clean,0.523,28,331
2026-01-28 16:32:55,meta-llama/Llama-3.1-8B,MMLU_selected_subjects,isot_true_869,meani,0.514,28,331
2026-01-28 16:36:11,meta-llama/Llama-3.1-8B,MMLU_selected_subjects,isot_true_87,clean,0.539,28,735
2026-01-28 16:39:18,meta-llama/Llama-3.1-8B,MMLU_selected_subjects,isot_true_87,meani,0.542,28,735
2026-01-28 16:42:44,meta-llama/Llama-3.1-8B,MMLU_selected_subjects,isot_true_870,clean,0.526,28,601
2026-01-28 16:46:28,meta-llama/Llama-3.1-8B,MMLU_selected_subjects,isot_true_870,meani,0.537,28,601
2026-01-28 16:49:40,meta-llama/Llama-3.1-8B,MMLU_selected_subjects,isot_true_871,clean,0.527,28,547
2026-01-28 16:52:39,meta-llama/Llama-3.1-8B,MMLU_selected_subjects,isot_true_871,meani,0.509,28,547
2026-01-28 16:55:35,meta-llama/Llama-3.1-8B,MMLU_selected_subjects,isot_true_872,clean,0.503,28,546
2026-01-28 16:58:48,meta-llama/Llama-3.1-8B,MMLU_selected_subjects,isot_true_872,meani,0.526,28,546
2026-01-28 17:01:38,meta-llama/Llama-3.1-8B,MMLU_selected_subjects,isot_true_873,clean,0.524,28,426
2026-01-28 17:05:33,meta-llama/Llama-3.1-8B,MMLU_selected_subjects,isot_true_873,meani,0.509,28,426
2026-01-28 17:08:35,meta-llama/Llama-3.1-8B,MMLU_selected_subjects,isot_true_874,clean,0.527,28,444
2026-01-28 17:11:03,meta-llama/Llama-3.1-8B,MMLU_selected_subjects,isot_true_874,meani,0.503,28,444
2026-01-28 17:14:34,meta-llama/Llama-3.1-8B,MMLU_selected_subjects,isot_true_875,clean,0.531,28,757
2026-01-28 17:18:31,meta-llama/Llama-3.1-8B,MMLU_selected_subjects,isot_true_875,meani,0.521,28,757
2026-01-28 17:21:59,meta-llama/Llama-3.1-8B,MMLU_selected_subjects,isot_true_876,clean,0.526,28,589
2026-01-28 17:26:09,meta-llama/Llama-3.1-8B,MMLU_selected_subjects,isot_true_876,meani,0.522,28,589
2026-01-28 17:29:16,meta-llama/Llama-3.1-8B,MMLU_selected_subjects,isot_true_877,clean,0.51,28,249
2026-01-28 17:33:12,meta-llama/Llama-3.1-8B,MMLU_selected_subjects,isot_true_877,meani,0.526,28,249
2026-01-28 17:36:17,meta-llama/Llama-3.1-8B,MMLU_selected_subjects,isot_true_878,clean,0.514,28,731
2026-01-28 17:40:19,meta-llama/Llama-3.1-8B,MMLU_selected_subjects,isot_true_878,meani,0.522,28,731
2026-01-28 17:43:42,meta-llama/Llama-3.1-8B,MMLU_selected_subjects,isot_true_879,clean,0.519,28,589
2026-01-28 17:48:10,meta-llama/Llama-3.1-8B,MMLU_selected_subjects,isot_true_879,meani,0.524,28,589
2026-01-28 17:51:25,meta-llama/Llama-3.1-8B,MMLU_selected_subjects,isot_true_88,clean,0.522,28,655
2026-01-28 17:54:19,meta-llama/Llama-3.1-8B,MMLU_selected_subjects,isot_true_88,meani,0.532,28,655
2026-01-28 17:57:46,meta-llama/Llama-3.1-8B,MMLU_selected_subjects,isot_true_880,clean,0.503,28,548
2026-01-28 18:02:02,meta-llama/Llama-3.1-8B,MMLU_selected_subjects,isot_true_880,meani,0.529,28,548
2026-01-28 18:05:05,meta-llama/Llama-3.1-8B,MMLU_selected_subjects,isot_true_881,clean,0.524,28,515
2026-01-28 18:07:51,meta-llama/Llama-3.1-8B,MMLU_selected_subjects,isot_true_881,meani,0.531,28,515
2026-01-28 18:11:22,meta-llama/Llama-3.1-8B,MMLU_selected_subjects,isot_true_882,clean,0.535,28,586
2026-01-28 18:15:49,meta-llama/Llama-3.1-8B,MMLU_selected_subjects,isot_true_882,meani,0.528,28,586
2026-01-28 18:19:16,meta-llama/Llama-3.1-8B,MMLU_selected_subjects,isot_true_883,clean,0.534,28,759
2026-01-28 18:23:46,meta-llama/Llama-3.1-8B,MMLU_selected_subjects,isot_true_883,meani,0.528,28,759
2026-01-28 18:27:19,meta-llama/Llama-3.1-8B,MMLU_selected_subjects,isot_true_884,clean,0.515,28,718
2026-01-28 18:31:10,meta-llama/Llama-3.1-8B,MMLU_selected_subjects,isot_true_884,meani,0.534,28,718
2026-01-28 18:34:33,meta-llama/Llama-3.1-8B,MMLU_selected_subjects,isot_true_885,clean,0.522,28,389
2026-01-28 18:38:21,meta-llama/Llama-3.1-8B,MMLU_selected_subjects,isot_true_885,meani,0.528,28,389
2026-01-28 18:41:56,meta-llama/Llama-3.1-8B,MMLU_selected_subjects,isot_true_886,clean,0.549,28,480
2026-01-28 18:45:40,meta-llama/Llama-3.1-8B,MMLU_selected_subjects,isot_true_886,meani,0.525,28,480
2026-01-28 18:48:49,meta-llama/Llama-3.1-8B,MMLU_selected_subjects,isot_true_887,clean,0.514,28,479
2026-01-28 18:52:10,meta-llama/Llama-3.1-8B,MMLU_selected_subjects,isot_true_887,meani,0.485,28,479
2026-01-28 18:54:50,meta-llama/Llama-3.1-8B,MMLU_selected_subjects,isot_true_888,clean,0.511,28,596
2026-01-28 18:57:40,meta-llama/Llama-3.1-8B,MMLU_selected_subjects,isot_true_888,meani,0.505,28,596
2026-01-28 19:00:51,meta-llama/Llama-3.1-8B,MMLU_selected_subjects,isot_true_889,clean,0.516,28,611
2026-01-28 19:05:07,meta-llama/Llama-3.1-8B,MMLU_selected_subjects,isot_true_889,meani,0.522,28,611
2026-01-28 19:08:29,meta-llama/Llama-3.1-8B,MMLU_selected_subjects,isot_true_89,clean,0.52,28,477
2026-01-28 19:12:02,meta-llama/Llama-3.1-8B,MMLU_selected_subjects,isot_true_89,meani,0.538,28,477
2026-01-28 19:15:04,meta-llama/Llama-3.1-8B,MMLU_selected_subjects,isot_true_890,clean,0.55,28,654
2026-01-28 19:17:51,meta-llama/Llama-3.1-8B,MMLU_selected_subjects,isot_true_890,meani,0.522,28,654
2026-01-28 19:21:40,meta-llama/Llama-3.1-8B,MMLU_selected_subjects,isot_true_891,clean,0.533,28,746
2026-01-28 19:24:43,meta-llama/Llama-3.1-8B,MMLU_selected_subjects,isot_true_891,meani,0.515,28,746
2026-01-28 19:27:56,meta-llama/Llama-3.1-8B,MMLU_selected_subjects,isot_true_892,clean,0.51,28,672
2026-01-28 19:31:28,meta-llama/Llama-3.1-8B,MMLU_selected_subjects,isot_true_892,meani,0.512,28,672
2026-01-28 19:35:26,meta-llama/Llama-3.1-8B,MMLU_selected_subjects,isot_true_893,clean,0.536,28,701
2026-01-28 19:39:57,meta-llama/Llama-3.1-8B,MMLU_selected_subjects,isot_true_893,meani,0.533,28,701
2026-01-28 19:43:21,meta-llama/Llama-3.1-8B,MMLU_selected_subjects,isot_true_894,clean,0.539,28,545
2026-01-28 19:47:17,meta-llama/Llama-3.1-8B,MMLU_selected_subjects,isot_true_894,meani,0.536,28,545
2026-01-28 19:50:29,meta-llama/Llama-3.1-8B,MMLU_selected_subjects,isot_true_895,clean,0.5,28,510
2026-01-28 19:54:44,meta-llama/Llama-3.1-8B,MMLU_selected_subjects,isot_true_895,meani,0.512,28,510
2026-01-28 19:58:17,meta-llama/Llama-3.1-8B,MMLU_selected_subjects,isot_true_896,clean,0.521,28,347
2026-01-28 20:01:27,meta-llama/Llama-3.1-8B,MMLU_selected_subjects,isot_true_896,meani,0.524,28,347
2026-01-28 20:04:41,meta-llama/Llama-3.1-8B,MMLU_selected_subjects,isot_true_897,clean,0.497,28,615
2026-01-28 20:08:34,meta-llama/Llama-3.1-8B,MMLU_selected_subjects,isot_true_897,meani,0.523,28,615
2026-01-28 20:12:16,meta-llama/Llama-3.1-8B,MMLU_selected_subjects,isot_true_898,clean,0.511,28,629
2026-01-28 20:16:08,meta-llama/Llama-3.1-8B,MMLU_selected_subjects,isot_true_898,meani,0.521,28,629
2026-01-28 20:19:35,meta-llama/Llama-3.1-8B,MMLU_selected_subjects,isot_true_899,clean,0.528,28,713
2026-01-28 20:23:03,meta-llama/Llama-3.1-8B,MMLU_selected_subjects,isot_true_899,meani,0.505,28,713
2026-01-28 20:26:18,meta-llama/Llama-3.1-8B,MMLU_selected_subjects,isot_true_9,clean,0.511,28,492
2026-01-28 20:29:33,meta-llama/Llama-3.1-8B,MMLU_selected_subjects,isot_true_9,meani,0.504,28,492
2026-01-28 20:32:41,meta-llama/Llama-3.1-8B,MMLU_selected_subjects,isot_true_90,clean,0.519,28,562
2026-01-28 20:35:54,meta-llama/Llama-3.1-8B,MMLU_selected_subjects,isot_true_90,meani,0.518,28,562
2026-01-28 20:39:09,meta-llama/Llama-3.1-8B,MMLU_selected_subjects,isot_true_900,clean,0.531,28,510
2026-01-28 20:42:43,meta-llama/Llama-3.1-8B,MMLU_selected_subjects,isot_true_900,meani,0.518,28,510
2026-01-28 20:45:53,meta-llama/Llama-3.1-8B,MMLU_selected_subjects,isot_true_901,clean,0.527,28,430
2026-01-28 20:48:27,meta-llama/Llama-3.1-8B,MMLU_selected_subjects,isot_true_901,meani,0.53,28,430
2026-01-28 20:51:12,meta-llama/Llama-3.1-8B,MMLU_selected_subjects,isot_true_902,clean,0.515,28,532
2026-01-28 20:54:32,meta-llama/Llama-3.1-8B,MMLU_selected_subjects,isot_true_902,meani,0.508,28,532
2026-01-28 20:57:48,meta-llama/Llama-3.1-8B,MMLU_selected_subjects,isot_true_903,clean,0.502,28,739
2026-01-28 21:01:44,meta-llama/Llama-3.1-8B,MMLU_selected_subjects,isot_true_903,meani,0.528,28,739
2026-01-28 21:04:55,meta-llama/Llama-3.1-8B,MMLU_selected_subjects,isot_true_904,clean,0.524,28,428
2026-01-28 21:08:21,meta-llama/Llama-3.1-8B,MMLU_selected_subjects,isot_true_904,meani,0.529,28,428
2026-01-28 21:11:33,meta-llama/Llama-3.1-8B,MMLU_selected_subjects,isot_true_905,clean,0.514,28,471
2026-01-28 21:14:51,meta-llama/Llama-3.1-8B,MMLU_selected_subjects,isot_true_905,meani,0.53,28,471
2026-01-28 21:17:52,meta-llama/Llama-3.1-8B,MMLU_selected_subjects,isot_true_906,clean,0.514,28,443
2026-01-28 21:20:46,meta-llama/Llama-3.1-8B,MMLU_selected_subjects,isot_true_906,meani,0.51,28,443
2026-01-28 21:23:42,meta-llama/Llama-3.1-8B,MMLU_selected_subjects,isot_true_907,clean,0.532,28,637
2026-01-28 21:27:43,meta-llama/Llama-3.1-8B,MMLU_selected_subjects,isot_true_907,meani,0.522,28,637
2026-01-28 21:31:23,meta-llama/Llama-3.1-8B,MMLU_selected_subjects,isot_true_908,clean,0.533,28,408
2026-01-28 21:34:22,meta-llama/Llama-3.1-8B,MMLU_selected_subjects,isot_true_908,meani,0.521,28,408
2026-01-28 21:36:59,meta-llama/Llama-3.1-8B,MMLU_selected_subjects,isot_true_909,clean,0.53,28,656
2026-01-28 21:40:13,meta-llama/Llama-3.1-8B,MMLU_selected_subjects,isot_true_909,meani,0.52,28,656
2026-01-28 21:43:11,meta-llama/Llama-3.1-8B,MMLU_selected_subjects,isot_true_91,clean,0.515,28,549
2026-01-28 21:46:50,meta-llama/Llama-3.1-8B,MMLU_selected_subjects,isot_true_91,meani,0.526,28,549
2026-01-28 21:49:55,meta-llama/Llama-3.1-8B,MMLU_selected_subjects,isot_true_910,clean,0.51,28,784
2026-01-28 21:54:08,meta-llama/Llama-3.1-8B,MMLU_selected_subjects,isot_true_910,meani,0.524,28,784
2026-01-28 21:56:59,meta-llama/Llama-3.1-8B,MMLU_selected_subjects,isot_true_911,clean,0.509,28,424
2026-01-28 21:59:36,meta-llama/Llama-3.1-8B,MMLU_selected_subjects,isot_true_911,meani,0.499,28,424
2026-01-28 22:02:29,meta-llama/Llama-3.1-8B,MMLU_selected_subjects,isot_true_912,clean,0.532,28,601
2026-01-28 22:05:16,meta-llama/Llama-3.1-8B,MMLU_selected_subjects,isot_true_912,meani,0.53,28,601
2026-01-28 22:08:02,meta-llama/Llama-3.1-8B,MMLU_selected_subjects,isot_true_913,clean,0.512,28,556
2026-01-28 22:10:36,meta-llama/Llama-3.1-8B,MMLU_selected_subjects,isot_true_913,meani,0.517,28,556
2026-01-28 22:13:21,meta-llama/Llama-3.1-8B,MMLU_selected_subjects,isot_true_914,clean,0.521,28,390
2026-01-28 22:16:19,meta-llama/Llama-3.1-8B,MMLU_selected_subjects,isot_true_914,meani,0.525,28,390
2026-01-28 22:19:11,meta-llama/Llama-3.1-8B,MMLU_selected_subjects,isot_true_915,clean,0.491,28,336
2026-01-28 22:22:27,meta-llama/Llama-3.1-8B,MMLU_selected_subjects,isot_true_915,meani,0.5,28,336
2026-01-28 22:25:43,meta-llama/Llama-3.1-8B,MMLU_selected_subjects,isot_true_916,clean,0.517,28,501
2026-01-28 22:28:44,meta-llama/Llama-3.1-8B,MMLU_selected_subjects,isot_true_916,meani,0.519,28,501
2026-01-28 22:31:47,meta-llama/Llama-3.1-8B,MMLU_selected_subjects,isot_true_917,clean,0.538,28,397
2026-01-28 22:34:12,meta-llama/Llama-3.1-8B,MMLU_selected_subjects,isot_true_917,meani,0.507,28,397
2026-01-28 22:36:41,meta-llama/Llama-3.1-8B,MMLU_selected_subjects,isot_true_918,clean,0.506,28,532
2026-01-28 22:39:25,meta-llama/Llama-3.1-8B,MMLU_selected_subjects,isot_true_918,meani,0.519,28,532
2026-01-28 22:42:53,meta-llama/Llama-3.1-8B,MMLU_selected_subjects,isot_true_919,clean,0.536,28,504
2026-01-28 22:45:55,meta-llama/Llama-3.1-8B,MMLU_selected_subjects,isot_true_919,meani,0.518,28,504
2026-01-28 22:49:01,meta-llama/Llama-3.1-8B,MMLU_selected_subjects,isot_true_92,clean,0.517,28,524
2026-01-28 22:52:28,meta-llama/Llama-3.1-8B,MMLU_selected_subjects,isot_true_92,meani,0.529,28,524
2026-01-28 22:55:44,meta-llama/Llama-3.1-8B,MMLU_selected_subjects,isot_true_920,clean,0.535,28,233
2026-01-28 22:58:51,meta-llama/Llama-3.1-8B,MMLU_selected_subjects,isot_true_920,meani,0.534,28,233
2026-01-28 23:01:42,meta-llama/Llama-3.1-8B,MMLU_selected_subjects,isot_true_921,clean,0.517,28,509
2026-01-28 23:04:14,meta-llama/Llama-3.1-8B,MMLU_selected_subjects,isot_true_921,meani,0.522,28,509
2026-01-28 23:07:40,meta-llama/Llama-3.1-8B,MMLU_selected_subjects,isot_true_922,clean,0.535,28,348
2026-01-28 23:11:32,meta-llama/Llama-3.1-8B,MMLU_selected_subjects,isot_true_922,meani,0.514,28,348
2026-01-28 23:14:58,meta-llama/Llama-3.1-8B,MMLU_selected_subjects,isot_true_923,clean,0.52,28,499
2026-01-28 23:18:37,meta-llama/Llama-3.1-8B,MMLU_selected_subjects,isot_true_923,meani,0.534,28,499
2026-01-28 23:22:13,meta-llama/Llama-3.1-8B,MMLU_selected_subjects,isot_true_924,clean,0.531,28,799
2026-01-28 23:25:29,meta-llama/Llama-3.1-8B,MMLU_selected_subjects,isot_true_924,meani,0.514,28,799
2026-01-28 23:29:34,meta-llama/Llama-3.1-8B,MMLU_selected_subjects,isot_true_925,clean,0.535,28,651
2026-01-28 23:33:32,meta-llama/Llama-3.1-8B,MMLU_selected_subjects,isot_true_925,meani,0.545,28,651
2026-01-28 23:36:54,meta-llama/Llama-3.1-8B,MMLU_selected_subjects,isot_true_926,clean,0.519,28,635
2026-01-28 23:40:07,meta-llama/Llama-3.1-8B,MMLU_selected_subjects,isot_true_926,meani,0.521,28,635
2026-01-28 23:43:54,meta-llama/Llama-3.1-8B,MMLU_selected_subjects,isot_true_927,clean,0.52,28,643
2026-01-28 23:48:06,meta-llama/Llama-3.1-8B,MMLU_selected_subjects,isot_true_927,meani,0.524,28,643
2026-01-28 23:51:05,meta-llama/Llama-3.1-8B,MMLU_selected_subjects,isot_true_928,clean,0.514,28,461
2026-01-28 23:54:32,meta-llama/Llama-3.1-8B,MMLU_selected_subjects,isot_true_928,meani,0.52,28,461
2026-01-28 23:57:44,meta-llama/Llama-3.1-8B,MMLU_selected_subjects,isot_true_929,clean,0.517,28,399
2026-01-29 00:01:15,meta-llama/Llama-3.1-8B,MMLU_selected_subjects,isot_true_929,meani,0.525,28,399
2026-01-29 00:04:28,meta-llama/Llama-3.1-8B,MMLU_selected_subjects,isot_true_93,clean,0.504,28,734
2026-01-29 00:07:33,meta-llama/Llama-3.1-8B,MMLU_selected_subjects,isot_true_93,meani,0.503,28,734
2026-01-29 00:10:54,meta-llama/Llama-3.1-8B,MMLU_selected_subjects,isot_true_930,clean,0.514,28,401
2026-01-29 00:14:11,meta-llama/Llama-3.1-8B,MMLU_selected_subjects,isot_true_930,meani,0.537,28,401
2026-01-29 00:17:42,meta-llama/Llama-3.1-8B,MMLU_selected_subjects,isot_true_931,clean,0.533,28,786
2026-01-29 00:21:03,meta-llama/Llama-3.1-8B,MMLU_selected_subjects,isot_true_931,meani,0.533,28,786
2026-01-29 00:24:25,meta-llama/Llama-3.1-8B,MMLU_selected_subjects,isot_true_932,clean,0.531,28,656
2026-01-29 00:28:47,meta-llama/Llama-3.1-8B,MMLU_selected_subjects,isot_true_932,meani,0.519,28,656
2026-01-29 00:32:08,meta-llama/Llama-3.1-8B,MMLU_selected_subjects,isot_true_933,clean,0.52,28,655
2026-01-29 00:35:56,meta-llama/Llama-3.1-8B,MMLU_selected_subjects,isot_true_933,meani,0.526,28,655
2026-01-29 00:38:49,meta-llama/Llama-3.1-8B,MMLU_selected_subjects,isot_true_934,clean,0.511,28,380
2026-01-29 00:41:30,meta-llama/Llama-3.1-8B,MMLU_selected_subjects,isot_true_934,meani,0.541,28,380
2026-01-29 00:45:11,meta-llama/Llama-3.1-8B,MMLU_selected_subjects,isot_true_935,clean,0.497,28,784
2026-01-29 00:49:24,meta-llama/Llama-3.1-8B,MMLU_selected_subjects,isot_true_935,meani,0.532,28,784
2026-01-29 00:53:06,meta-llama/Llama-3.1-8B,MMLU_selected_subjects,isot_true_936,clean,0.53,28,529
2026-01-29 00:57:19,meta-llama/Llama-3.1-8B,MMLU_selected_subjects,isot_true_936,meani,0.516,28,529
2026-01-29 01:00:33,meta-llama/Llama-3.1-8B,MMLU_selected_subjects,isot_true_937,clean,0.512,28,543
2026-01-29 01:03:12,meta-llama/Llama-3.1-8B,MMLU_selected_subjects,isot_true_937,meani,0.502,28,543
2026-01-29 01:06:25,meta-llama/Llama-3.1-8B,MMLU_selected_subjects,isot_true_938,clean,0.501,28,650
2026-01-29 01:09:53,meta-llama/Llama-3.1-8B,MMLU_selected_subjects,isot_true_938,meani,0.51,28,650
2026-01-29 01:13:27,meta-llama/Llama-3.1-8B,MMLU_selected_subjects,isot_true_939,clean,0.494,28,797
2026-01-29 01:17:50,meta-llama/Llama-3.1-8B,MMLU_selected_subjects,isot_true_939,meani,0.512,28,797
2026-01-29 01:21:26,meta-llama/Llama-3.1-8B,MMLU_selected_subjects,isot_true_94,clean,0.54,28,604
2026-01-29 01:25:12,meta-llama/Llama-3.1-8B,MMLU_selected_subjects,isot_true_94,meani,0.529,28,604
2026-01-29 01:28:47,meta-llama/Llama-3.1-8B,MMLU_selected_subjects,isot_true_940,clean,0.52,28,537
2026-01-29 01:33:07,meta-llama/Llama-3.1-8B,MMLU_selected_subjects,isot_true_940,meani,0.54,28,537
2026-01-29 01:37:03,meta-llama/Llama-3.1-8B,MMLU_selected_subjects,isot_true_941,clean,0.524,28,771
2026-01-29 01:41:22,meta-llama/Llama-3.1-8B,MMLU_selected_subjects,isot_true_941,meani,0.529,28,771
2026-01-29 01:44:48,meta-llama/Llama-3.1-8B,MMLU_selected_subjects,isot_true_942,clean,0.511,28,506
2026-01-29 01:48:42,meta-llama/Llama-3.1-8B,MMLU_selected_subjects,isot_true_942,meani,0.532,28,506
2026-01-29 01:51:46,meta-llama/Llama-3.1-8B,MMLU_selected_subjects,isot_true_943,clean,0.528,28,634
2026-01-29 01:55:38,meta-llama/Llama-3.1-8B,MMLU_selected_subjects,isot_true_943,meani,0.52,28,634
2026-01-29 01:58:31,meta-llama/Llama-3.1-8B,MMLU_selected_subjects,isot_true_944,clean,0.542,28,743
2026-01-29 02:02:29,meta-llama/Llama-3.1-8B,MMLU_selected_subjects,isot_true_944,meani,0.516,28,743
2026-01-29 02:05:29,meta-llama/Llama-3.1-8B,MMLU_selected_subjects,isot_true_945,clean,0.493,28,469
2026-01-29 02:08:14,meta-llama/Llama-3.1-8B,MMLU_selected_subjects,isot_true_945,meani,0.518,28,469
2026-01-29 02:11:00,meta-llama/Llama-3.1-8B,MMLU_selected_subjects,isot_true_946,clean,0.512,28,710
2026-01-29 02:14:04,meta-llama/Llama-3.1-8B,MMLU_selected_subjects,isot_true_946,meani,0.529,28,710
2026-01-29 02:17:06,meta-llama/Llama-3.1-8B,MMLU_selected_subjects,isot_true_947,clean,0.535,28,408
2026-01-29 02:20:25,meta-llama/Llama-3.1-8B,MMLU_selected_subjects,isot_true_947,meani,0.52,28,408
2026-01-29 02:23:39,meta-llama/Llama-3.1-8B,MMLU_selected_subjects,isot_true_948,clean,0.515,28,634
2026-01-29 02:26:42,meta-llama/Llama-3.1-8B,MMLU_selected_subjects,isot_true_948,meani,0.523,28,634
2026-01-29 02:30:10,meta-llama/Llama-3.1-8B,MMLU_selected_subjects,isot_true_949,clean,0.532,28,700
2026-01-29 02:34:04,meta-llama/Llama-3.1-8B,MMLU_selected_subjects,isot_true_949,meani,0.512,28,700
2026-01-29 02:37:46,meta-llama/Llama-3.1-8B,MMLU_selected_subjects,isot_true_95,clean,0.538,28,521
2026-01-29 02:41:33,meta-llama/Llama-3.1-8B,MMLU_selected_subjects,isot_true_95,meani,0.536,28,521
2026-01-29 02:45:12,meta-llama/Llama-3.1-8B,MMLU_selected_subjects,isot_true_950,clean,0.512,28,706
2026-01-29 02:49:18,meta-llama/Llama-3.1-8B,MMLU_selected_subjects,isot_true_950,meani,0.522,28,706
2026-01-29 02:53:08,meta-llama/Llama-3.1-8B,MMLU_selected_subjects,isot_true_951,clean,0.519,28,578
2026-01-29 02:57:33,meta-llama/Llama-3.1-8B,MMLU_selected_subjects,isot_true_951,meani,0.526,28,578
2026-01-29 03:00:36,meta-llama/Llama-3.1-8B,MMLU_selected_subjects,isot_true_952,clean,0.518,28,692
2026-01-29 03:03:26,meta-llama/Llama-3.1-8B,MMLU_selected_subjects,isot_true_952,meani,0.519,28,692
2026-01-29 03:06:56,meta-llama/Llama-3.1-8B,MMLU_selected_subjects,isot_true_953,clean,0.536,28,612
2026-01-29 03:11:13,meta-llama/Llama-3.1-8B,MMLU_selected_subjects,isot_true_953,meani,0.521,28,612
2026-01-29 03:14:03,meta-llama/Llama-3.1-8B,MMLU_selected_subjects,isot_true_954,clean,0.526,28,411
2026-01-29 03:16:34,meta-llama/Llama-3.1-8B,MMLU_selected_subjects,isot_true_954,meani,0.511,28,411
2026-01-29 03:19:56,meta-llama/Llama-3.1-8B,MMLU_selected_subjects,isot_true_955,clean,0.509,28,340
2026-01-29 03:23:33,meta-llama/Llama-3.1-8B,MMLU_selected_subjects,isot_true_955,meani,0.531,28,340
2026-01-29 03:26:30,meta-llama/Llama-3.1-8B,MMLU_selected_subjects,isot_true_956,clean,0.532,28,344
2026-01-29 03:30:07,meta-llama/Llama-3.1-8B,MMLU_selected_subjects,isot_true_956,meani,0.517,28,344
2026-01-29 03:33:38,meta-llama/Llama-3.1-8B,MMLU_selected_subjects,isot_true_957,clean,0.532,28,582
2026-01-29 03:37:11,meta-llama/Llama-3.1-8B,MMLU_selected_subjects,isot_true_957,meani,0.529,28,582
2026-01-29 03:39:54,meta-llama/Llama-3.1-8B,MMLU_selected_subjects,isot_true_958,clean,0.52,28,445
2026-01-29 03:42:39,meta-llama/Llama-3.1-8B,MMLU_selected_subjects,isot_true_958,meani,0.519,28,445
2026-01-29 03:46:31,meta-llama/Llama-3.1-8B,MMLU_selected_subjects,isot_true_959,clean,0.519,28,764
2026-01-29 03:50:39,meta-llama/Llama-3.1-8B,MMLU_selected_subjects,isot_true_959,meani,0.52,28,764
2026-01-29 03:54:06,meta-llama/Llama-3.1-8B,MMLU_selected_subjects,isot_true_96,clean,0.526,28,328
2026-01-29 03:57:30,meta-llama/Llama-3.1-8B,MMLU_selected_subjects,isot_true_96,meani,0.534,28,328
2026-01-29 04:00:29,meta-llama/Llama-3.1-8B,MMLU_selected_subjects,isot_true_960,clean,0.518,28,402
2026-01-29 04:03:40,meta-llama/Llama-3.1-8B,MMLU_selected_subjects,isot_true_960,meani,0.517,28,402
2026-01-29 04:06:55,meta-llama/Llama-3.1-8B,MMLU_selected_subjects,isot_true_961,clean,0.519,28,753
2026-01-29 04:10:18,meta-llama/Llama-3.1-8B,MMLU_selected_subjects,isot_true_961,meani,0.52,28,753
2026-01-29 04:13:06,meta-llama/Llama-3.1-8B,MMLU_selected_subjects,isot_true_962,clean,0.531,28,698
2026-01-29 04:16:45,meta-llama/Llama-3.1-8B,MMLU_selected_subjects,isot_true_962,meani,0.54,28,698
2026-01-29 04:19:42,meta-llama/Llama-3.1-8B,MMLU_selected_subjects,isot_true_963,clean,0.526,28,549
2026-01-29 04:22:36,meta-llama/Llama-3.1-8B,MMLU_selected_subjects,isot_true_963,meani,0.509,28,549
2026-01-29 04:26:19,meta-llama/Llama-3.1-8B,MMLU_selected_subjects,isot_true_964,clean,0.54,28,578
2026-01-29 04:30:26,meta-llama/Llama-3.1-8B,MMLU_selected_subjects,isot_true_964,meani,0.542,28,578
2026-01-29 04:33:37,meta-llama/Llama-3.1-8B,MMLU_selected_subjects,isot_true_965,clean,0.523,28,586
2026-01-29 04:37:11,meta-llama/Llama-3.1-8B,MMLU_selected_subjects,isot_true_965,meani,0.537,28,586
2026-01-29 04:40:05,meta-llama/Llama-3.1-8B,MMLU_selected_subjects,isot_true_966,clean,0.52,28,432
2026-01-29 04:42:36,meta-llama/Llama-3.1-8B,MMLU_selected_subjects,isot_true_966,meani,0.514,28,432
2026-01-29 04:45:45,meta-llama/Llama-3.1-8B,MMLU_selected_subjects,isot_true_967,clean,0.518,28,516
2026-01-29 04:48:23,meta-llama/Llama-3.1-8B,MMLU_selected_subjects,isot_true_967,meani,0.506,28,516
2026-01-29 04:51:33,meta-llama/Llama-3.1-8B,MMLU_selected_subjects,isot_true_968,clean,0.508,28,565
2026-01-29 04:54:42,meta-llama/Llama-3.1-8B,MMLU_selected_subjects,isot_true_968,meani,0.521,28,565
2026-01-29 04:57:53,meta-llama/Llama-3.1-8B,MMLU_selected_subjects,isot_true_969,clean,0.516,28,522
2026-01-29 05:01:07,meta-llama/Llama-3.1-8B,MMLU_selected_subjects,isot_true_969,meani,0.523,28,522
2026-01-29 05:04:16,meta-llama/Llama-3.1-8B,MMLU_selected_subjects,isot_true_97,clean,0.522,28,430
2026-01-29 05:08:05,meta-llama/Llama-3.1-8B,MMLU_selected_subjects,isot_true_97,meani,0.523,28,430
2026-01-29 05:11:11,meta-llama/Llama-3.1-8B,MMLU_selected_subjects,isot_true_970,clean,0.522,28,650
2026-01-29 05:13:49,meta-llama/Llama-3.1-8B,MMLU_selected_subjects,isot_true_970,meani,0.526,28,650
2026-01-29 05:16:50,meta-llama/Llama-3.1-8B,MMLU_selected_subjects,isot_true_971,clean,0.525,28,478
2026-01-29 05:20:20,meta-llama/Llama-3.1-8B,MMLU_selected_subjects,isot_true_971,meani,0.521,28,478
2026-01-29 05:23:54,meta-llama/Llama-3.1-8B,MMLU_selected_subjects,isot_true_972,clean,0.507,28,751
2026-01-29 05:28:08,meta-llama/Llama-3.1-8B,MMLU_selected_subjects,isot_true_972,meani,0.521,28,751
2026-01-29 05:31:11,meta-llama/Llama-3.1-8B,MMLU_selected_subjects,isot_true_973,clean,0.521,28,765
2026-01-29 05:34:07,meta-llama/Llama-3.1-8B,MMLU_selected_subjects,isot_true_973,meani,0.527,28,765
2026-01-29 05:37:42,meta-llama/Llama-3.1-8B,MMLU_selected_subjects,isot_true_974,clean,0.529,28,448
2026-01-29 05:41:42,meta-llama/Llama-3.1-8B,MMLU_selected_subjects,isot_true_974,meani,0.51,28,448
2026-01-29 05:44:53,meta-llama/Llama-3.1-8B,MMLU_selected_subjects,isot_true_975,clean,0.523,28,628
2026-01-29 05:47:50,meta-llama/Llama-3.1-8B,MMLU_selected_subjects,isot_true_975,meani,0.506,28,628
2026-01-29 05:51:21,meta-llama/Llama-3.1-8B,MMLU_selected_subjects,isot_true_976,clean,0.529,28,540
2026-01-29 05:55:20,meta-llama/Llama-3.1-8B,MMLU_selected_subjects,isot_true_976,meani,0.52,28,540
2026-01-29 05:58:06,meta-llama/Llama-3.1-8B,MMLU_selected_subjects,isot_true_977,clean,0.51,28,603
2026-01-29 06:00:45,meta-llama/Llama-3.1-8B,MMLU_selected_subjects,isot_true_977,meani,0.522,28,603
2026-01-29 06:04:14,meta-llama/Llama-3.1-8B,MMLU_selected_subjects,isot_true_978,clean,0.529,28,618
2026-01-29 06:08:34,meta-llama/Llama-3.1-8B,MMLU_selected_subjects,isot_true_978,meani,0.527,28,618
2026-01-29 06:12:13,meta-llama/Llama-3.1-8B,MMLU_selected_subjects,isot_true_979,clean,0.51,28,786
2026-01-29 06:15:41,meta-llama/Llama-3.1-8B,MMLU_selected_subjects,isot_true_979,meani,0.521,28,786
2026-01-29 06:19:23,meta-llama/Llama-3.1-8B,MMLU_selected_subjects,isot_true_98,clean,0.517,28,742
2026-01-29 06:23:43,meta-llama/Llama-3.1-8B,MMLU_selected_subjects,isot_true_98,meani,0.528,28,742
2026-01-29 06:27:08,meta-llama/Llama-3.1-8B,MMLU_selected_subjects,isot_true_980,clean,0.538,28,611
2026-01-29 06:30:56,meta-llama/Llama-3.1-8B,MMLU_selected_subjects,isot_true_980,meani,0.532,28,611
2026-01-29 06:34:14,meta-llama/Llama-3.1-8B,MMLU_selected_subjects,isot_true_981,clean,0.507,28,325
2026-01-29 06:37:22,meta-llama/Llama-3.1-8B,MMLU_selected_subjects,isot_true_981,meani,0.523,28,325
2026-01-29 06:40:52,meta-llama/Llama-3.1-8B,MMLU_selected_subjects,isot_true_982,clean,0.512,28,712
2026-01-29 06:44:51,meta-llama/Llama-3.1-8B,MMLU_selected_subjects,isot_true_982,meani,0.52,28,712
2026-01-29 06:48:06,meta-llama/Llama-3.1-8B,MMLU_selected_subjects,isot_true_983,clean,0.51,28,627
2026-01-29 06:51:34,meta-llama/Llama-3.1-8B,MMLU_selected_subjects,isot_true_983,meani,0.522,28,627
2026-01-29 06:54:56,meta-llama/Llama-3.1-8B,MMLU_selected_subjects,isot_true_984,clean,0.521,28,496
2026-01-29 06:59:09,meta-llama/Llama-3.1-8B,MMLU_selected_subjects,isot_true_984,meani,0.515,28,496
2026-01-29 07:02:17,meta-llama/Llama-3.1-8B,MMLU_selected_subjects,isot_true_985,clean,0.524,28,418
2026-01-29 07:04:51,meta-llama/Llama-3.1-8B,MMLU_selected_subjects,isot_true_985,meani,0.527,28,418
2026-01-29 07:07:52,meta-llama/Llama-3.1-8B,MMLU_selected_subjects,isot_true_986,clean,0.514,28,344
2026-01-29 07:11:27,meta-llama/Llama-3.1-8B,MMLU_selected_subjects,isot_true_986,meani,0.517,28,344
2026-01-29 07:15:07,meta-llama/Llama-3.1-8B,MMLU_selected_subjects,isot_true_987,clean,0.537,28,516
2026-01-29 07:18:55,meta-llama/Llama-3.1-8B,MMLU_selected_subjects,isot_true_987,meani,0.52,28,516
2026-01-29 07:22:35,meta-llama/Llama-3.1-8B,MMLU_selected_subjects,isot_true_988,clean,0.53,28,558
2026-01-29 07:26:54,meta-llama/Llama-3.1-8B,MMLU_selected_subjects,isot_true_988,meani,0.525,28,558
2026-01-29 07:29:53,meta-llama/Llama-3.1-8B,MMLU_selected_subjects,isot_true_989,clean,0.518,28,608
2026-01-29 07:33:19,meta-llama/Llama-3.1-8B,MMLU_selected_subjects,isot_true_989,meani,0.521,28,608
2026-01-29 07:36:26,meta-llama/Llama-3.1-8B,MMLU_selected_subjects,isot_true_99,clean,0.537,28,469
2026-01-29 07:39:41,meta-llama/Llama-3.1-8B,MMLU_selected_subjects,isot_true_99,meani,0.516,28,469
2026-01-29 07:42:51,meta-llama/Llama-3.1-8B,MMLU_selected_subjects,isot_true_990,clean,0.518,28,347
2026-01-29 07:46:21,meta-llama/Llama-3.1-8B,MMLU_selected_subjects,isot_true_990,meani,0.521,28,347
2026-01-29 07:49:24,meta-llama/Llama-3.1-8B,MMLU_selected_subjects,isot_true_991,clean,0.513,28,400
2026-01-29 07:53:15,meta-llama/Llama-3.1-8B,MMLU_selected_subjects,isot_true_991,meani,0.523,28,400
2026-01-29 07:56:38,meta-llama/Llama-3.1-8B,MMLU_selected_subjects,isot_true_992,clean,0.531,28,439
2026-01-29 07:59:42,meta-llama/Llama-3.1-8B,MMLU_selected_subjects,isot_true_992,meani,0.537,28,439
2026-01-29 08:03:20,meta-llama/Llama-3.1-8B,MMLU_selected_subjects,isot_true_993,clean,0.525,28,709
2026-01-29 08:06:58,meta-llama/Llama-3.1-8B,MMLU_selected_subjects,isot_true_993,meani,0.538,28,709
2026-01-29 08:10:01,meta-llama/Llama-3.1-8B,MMLU_selected_subjects,isot_true_994,clean,0.524,28,787
2026-01-29 08:12:57,meta-llama/Llama-3.1-8B,MMLU_selected_subjects,isot_true_994,meani,0.516,28,787
2026-01-29 08:15:52,meta-llama/Llama-3.1-8B,MMLU_selected_subjects,isot_true_995,clean,0.515,28,642
2026-01-29 08:19:31,meta-llama/Llama-3.1-8B,MMLU_selected_subjects,isot_true_995,meani,0.523,28,642
2026-01-29 08:23:06,meta-llama/Llama-3.1-8B,MMLU_selected_subjects,isot_true_996,clean,0.529,28,710
2026-01-29 08:27:08,meta-llama/Llama-3.1-8B,MMLU_selected_subjects,isot_true_996,meani,0.528,28,710
2026-01-29 08:30:27,meta-llama/Llama-3.1-8B,MMLU_selected_subjects,isot_true_997,clean,0.51,28,548
2026-01-29 08:34:02,meta-llama/Llama-3.1-8B,MMLU_selected_subjects,isot_true_997,meani,0.52,28,548
2026-01-29 08:37:20,meta-llama/Llama-3.1-8B,MMLU_selected_subjects,isot_true_998,clean,0.514,28,523
2026-01-29 08:41:35,meta-llama/Llama-3.1-8B,MMLU_selected_subjects,isot_true_998,meani,0.532,28,523
2026-01-29 08:44:40,meta-llama/Llama-3.1-8B,MMLU_selected_subjects,isot_true_999,clean,0.531,28,529
2026-01-29 08:47:19,meta-llama/Llama-3.1-8B,MMLU_selected_subjects,isot_true_999,meani,0.511,28,529
