timestamp,model_name,test_name,context_title,context_type,accuracy,seed,text_length
2025-12-16 12:26:55,Qwen/Qwen3-8B,MMLU_selected_subjects,isot_fake_1,clean,0.608,28,691
2025-12-16 12:29:27,Qwen/Qwen3-8B,MMLU_selected_subjects,isot_fake_549,clean,0.592,28,640
2025-12-16 12:31:54,Qwen/Qwen3-8B,MMLU_selected_subjects,isot_fake_1,meani,0.588,28,691
2025-12-16 12:34:22,Qwen/Qwen3-8B,MMLU_selected_subjects,isot_fake_549,meani,0.579,28,640
2025-12-16 12:36:54,Qwen/Qwen3-8B,MMLU_selected_subjects,isot_fake_1,wordd,0.578,28,691
2025-12-16 12:39:22,Qwen/Qwen3-8B,MMLU_selected_subjects,isot_fake_549,wordd,0.577,28,640
2025-12-16 12:42:40,Qwen/Qwen3-8B,MMLU_selected_subjects,isot_fake_1,chara,0.542,28,691
2025-12-16 12:44:59,Qwen/Qwen3-8B,MMLU_selected_subjects,isot_fake_549,chara,0.526,28,640
2025-12-16 12:47:19,Qwen/Qwen3-8B,MMLU_selected_subjects,isot_fake_10,clean,0.598,28,357
2025-12-16 12:49:45,Qwen/Qwen3-8B,MMLU_selected_subjects,isot_fake_55,clean,0.613,28,283
2025-12-16 12:51:59,Qwen/Qwen3-8B,MMLU_selected_subjects,isot_fake_10,meani,0.615,28,357
2025-12-16 12:54:24,Qwen/Qwen3-8B,MMLU_selected_subjects,isot_fake_55,meani,0.605,28,283
2025-12-16 12:56:41,Qwen/Qwen3-8B,MMLU_selected_subjects,isot_fake_10,wordd,0.62,28,357
2025-12-16 12:59:05,Qwen/Qwen3-8B,MMLU_selected_subjects,isot_fake_55,wordd,0.584,28,283
2025-12-16 13:01:44,Qwen/Qwen3-8B,MMLU_selected_subjects,isot_fake_10,chara,0.553,28,357
2025-12-16 13:04:02,Qwen/Qwen3-8B,MMLU_selected_subjects,isot_fake_55,chara,0.567,28,283
2025-12-16 13:06:28,Qwen/Qwen3-8B,MMLU_selected_subjects,isot_fake_100,clean,0.619,28,306
2025-12-16 13:08:48,Qwen/Qwen3-8B,MMLU_selected_subjects,isot_fake_550,clean,0.572,28,311
2025-12-16 13:11:11,Qwen/Qwen3-8B,MMLU_selected_subjects,isot_fake_100,meani,0.582,28,306
2025-12-16 13:13:36,Qwen/Qwen3-8B,MMLU_selected_subjects,isot_fake_550,meani,0.561,28,311
2025-12-16 13:15:53,Qwen/Qwen3-8B,MMLU_selected_subjects,isot_fake_100,wordd,0.618,28,306
2025-12-16 13:18:19,Qwen/Qwen3-8B,MMLU_selected_subjects,isot_fake_550,wordd,0.59,28,311
2025-12-16 13:20:52,Qwen/Qwen3-8B,MMLU_selected_subjects,isot_fake_100,chara,0.531,28,306
2025-12-16 13:23:19,Qwen/Qwen3-8B,MMLU_selected_subjects,isot_fake_550,chara,0.546,28,311
2025-12-16 13:25:56,Qwen/Qwen3-8B,MMLU_selected_subjects,isot_fake_1000,clean,0.581,28,706
2025-12-16 13:28:14,Qwen/Qwen3-8B,MMLU_selected_subjects,isot_fake_551,clean,0.566,28,718
2025-12-16 13:31:09,Qwen/Qwen3-8B,MMLU_selected_subjects,isot_fake_1000,meani,0.599,28,706
2025-12-16 13:33:11,Qwen/Qwen3-8B,MMLU_selected_subjects,isot_fake_551,meani,0.593,28,718
2025-12-16 13:36:13,Qwen/Qwen3-8B,MMLU_selected_subjects,isot_fake_1000,wordd,0.584,28,706
2025-12-16 13:38:07,Qwen/Qwen3-8B,MMLU_selected_subjects,isot_fake_551,wordd,0.567,28,718
2025-12-16 13:41:54,Qwen/Qwen3-8B,MMLU_selected_subjects,isot_fake_1000,chara,0.534,28,706
2025-12-16 13:43:51,Qwen/Qwen3-8B,MMLU_selected_subjects,isot_fake_551,chara,0.547,28,718
2025-12-16 13:47:02,Qwen/Qwen3-8B,MMLU_selected_subjects,isot_fake_101,clean,0.595,28,761
2025-12-16 13:49:00,Qwen/Qwen3-8B,MMLU_selected_subjects,isot_fake_552,clean,0.617,28,778
2025-12-16 13:52:10,Qwen/Qwen3-8B,MMLU_selected_subjects,isot_fake_101,meani,0.591,28,761
2025-12-16 13:54:07,Qwen/Qwen3-8B,MMLU_selected_subjects,isot_fake_552,meani,0.609,28,778
2025-12-16 13:57:21,Qwen/Qwen3-8B,MMLU_selected_subjects,isot_fake_101,wordd,0.605,28,761
2025-12-16 13:59:17,Qwen/Qwen3-8B,MMLU_selected_subjects,isot_fake_552,wordd,0.577,28,778
2025-12-16 14:03:18,Qwen/Qwen3-8B,MMLU_selected_subjects,isot_fake_101,chara,0.525,28,761
2025-12-16 14:05:12,Qwen/Qwen3-8B,MMLU_selected_subjects,isot_fake_552,chara,0.516,28,778
2025-12-16 14:08:30,Qwen/Qwen3-8B,MMLU_selected_subjects,isot_fake_102,clean,0.642,28,600
2025-12-16 14:09:50,Qwen/Qwen3-8B,MMLU_selected_subjects,isot_fake_553,clean,0.608,28,222
2025-12-16 14:13:40,Qwen/Qwen3-8B,MMLU_selected_subjects,isot_fake_102,meani,0.627,28,600
2025-12-16 14:14:29,Qwen/Qwen3-8B,MMLU_selected_subjects,isot_fake_553,meani,0.597,28,222
2025-12-16 14:18:50,Qwen/Qwen3-8B,MMLU_selected_subjects,isot_fake_102,wordd,0.629,28,600
2025-12-16 14:19:12,Qwen/Qwen3-8B,MMLU_selected_subjects,isot_fake_553,wordd,0.601,28,222
2025-12-16 14:24:01,Qwen/Qwen3-8B,MMLU_selected_subjects,isot_fake_553,chara,0.55,28,222
2025-12-16 14:24:31,Qwen/Qwen3-8B,MMLU_selected_subjects,isot_fake_102,chara,0.539,28,600
2025-12-16 14:29:13,Qwen/Qwen3-8B,MMLU_selected_subjects,isot_fake_554,clean,0.613,28,752
2025-12-16 14:29:27,Qwen/Qwen3-8B,MMLU_selected_subjects,isot_fake_103,clean,0.63,28,511
2025-12-16 14:34:19,Qwen/Qwen3-8B,MMLU_selected_subjects,isot_fake_554,meani,0.619,28,752
2025-12-16 14:34:21,Qwen/Qwen3-8B,MMLU_selected_subjects,isot_fake_103,meani,0.609,28,511
2025-12-16 14:39:16,Qwen/Qwen3-8B,MMLU_selected_subjects,isot_fake_103,wordd,0.563,28,511
2025-12-16 14:39:26,Qwen/Qwen3-8B,MMLU_selected_subjects,isot_fake_554,wordd,0.578,28,752
2025-12-16 14:44:38,Qwen/Qwen3-8B,MMLU_selected_subjects,isot_fake_103,chara,0.554,28,511
2025-12-16 14:45:13,Qwen/Qwen3-8B,MMLU_selected_subjects,isot_fake_554,chara,0.542,28,752
2025-12-16 14:49:16,Qwen/Qwen3-8B,MMLU_selected_subjects,isot_fake_104,clean,0.589,28,211
2025-12-16 14:49:57,Qwen/Qwen3-8B,MMLU_selected_subjects,isot_fake_555,clean,0.637,28,284
2025-12-16 14:53:54,Qwen/Qwen3-8B,MMLU_selected_subjects,isot_fake_104,meani,0.616,28,211
2025-12-16 14:54:39,Qwen/Qwen3-8B,MMLU_selected_subjects,isot_fake_555,meani,0.598,28,284
2025-12-16 14:58:35,Qwen/Qwen3-8B,MMLU_selected_subjects,isot_fake_104,wordd,0.605,28,211
2025-12-16 14:59:26,Qwen/Qwen3-8B,MMLU_selected_subjects,isot_fake_555,wordd,0.602,28,284
2025-12-16 15:03:30,Qwen/Qwen3-8B,MMLU_selected_subjects,isot_fake_104,chara,0.558,28,211
2025-12-16 15:04:25,Qwen/Qwen3-8B,MMLU_selected_subjects,isot_fake_555,chara,0.553,28,284
2025-12-16 15:08:29,Qwen/Qwen3-8B,MMLU_selected_subjects,isot_fake_105,clean,0.604,28,709
2025-12-16 15:09:35,Qwen/Qwen3-8B,MMLU_selected_subjects,isot_fake_556,clean,0.622,28,752
2025-12-16 15:13:24,Qwen/Qwen3-8B,MMLU_selected_subjects,isot_fake_105,meani,0.616,28,709
2025-12-16 15:14:34,Qwen/Qwen3-8B,MMLU_selected_subjects,isot_fake_556,meani,0.607,28,752
2025-12-16 15:18:21,Qwen/Qwen3-8B,MMLU_selected_subjects,isot_fake_105,wordd,0.596,28,709
2025-12-16 15:19:37,Qwen/Qwen3-8B,MMLU_selected_subjects,isot_fake_556,wordd,0.616,28,752
2025-12-16 15:24:02,Qwen/Qwen3-8B,MMLU_selected_subjects,isot_fake_105,chara,0.5,28,709
2025-12-16 15:25:21,Qwen/Qwen3-8B,MMLU_selected_subjects,isot_fake_556,chara,0.541,28,752
2025-12-16 15:28:39,Qwen/Qwen3-8B,MMLU_selected_subjects,isot_fake_106,clean,0.62,28,206
2025-12-16 15:30:27,Qwen/Qwen3-8B,MMLU_selected_subjects,isot_fake_557,clean,0.632,28,689
2025-12-16 15:33:14,Qwen/Qwen3-8B,MMLU_selected_subjects,isot_fake_106,meani,0.615,28,206
2025-12-16 15:35:22,Qwen/Qwen3-8B,MMLU_selected_subjects,isot_fake_557,meani,0.597,28,689
2025-12-16 15:37:50,Qwen/Qwen3-8B,MMLU_selected_subjects,isot_fake_106,wordd,0.62,28,206
2025-12-16 15:40:21,Qwen/Qwen3-8B,MMLU_selected_subjects,isot_fake_557,wordd,0.596,28,689
2025-12-16 15:42:37,Qwen/Qwen3-8B,MMLU_selected_subjects,isot_fake_106,chara,0.52,28,206
2025-12-16 15:45:56,Qwen/Qwen3-8B,MMLU_selected_subjects,isot_fake_557,chara,0.542,28,689
2025-12-16 15:47:13,Qwen/Qwen3-8B,MMLU_selected_subjects,isot_fake_107,clean,0.642,28,200
2025-12-16 15:50:25,Qwen/Qwen3-8B,MMLU_selected_subjects,isot_fake_558,clean,0.604,28,250
2025-12-16 15:51:51,Qwen/Qwen3-8B,MMLU_selected_subjects,isot_fake_107,meani,0.621,28,200
2025-12-16 15:54:48,Qwen/Qwen3-8B,MMLU_selected_subjects,isot_fake_558,meani,0.59,28,250
2025-12-16 15:56:28,Qwen/Qwen3-8B,MMLU_selected_subjects,isot_fake_107,wordd,0.615,28,200
2025-12-16 15:59:23,Qwen/Qwen3-8B,MMLU_selected_subjects,isot_fake_558,wordd,0.559,28,250
2025-12-16 16:02:25,Qwen/Qwen3-8B,MMLU_selected_subjects,isot_fake_107,chara,0.536,28,200
2025-12-16 16:05:16,Qwen/Qwen3-8B,MMLU_selected_subjects,isot_fake_558,chara,0.521,28,250
2025-12-16 16:07:16,Qwen/Qwen3-8B,MMLU_selected_subjects,isot_fake_108,clean,0.612,28,389
2025-12-16 16:09:41,Qwen/Qwen3-8B,MMLU_selected_subjects,isot_fake_559,clean,0.627,28,205
2025-12-16 16:12:07,Qwen/Qwen3-8B,MMLU_selected_subjects,isot_fake_108,meani,0.623,28,389
2025-12-16 16:14:09,Qwen/Qwen3-8B,MMLU_selected_subjects,isot_fake_559,meani,0.62,28,205
2025-12-16 16:16:56,Qwen/Qwen3-8B,MMLU_selected_subjects,isot_fake_108,wordd,0.596,28,389
2025-12-16 16:18:39,Qwen/Qwen3-8B,MMLU_selected_subjects,isot_fake_559,wordd,0.602,28,205
2025-12-16 16:22:09,Qwen/Qwen3-8B,MMLU_selected_subjects,isot_fake_108,chara,0.539,28,389
2025-12-16 16:23:19,Qwen/Qwen3-8B,MMLU_selected_subjects,isot_fake_559,chara,0.551,28,205
2025-12-16 16:27:11,Qwen/Qwen3-8B,MMLU_selected_subjects,isot_fake_109,clean,0.573,28,724
2025-12-16 16:28:02,Qwen/Qwen3-8B,MMLU_selected_subjects,isot_fake_56,clean,0.592,28,587
2025-12-16 16:32:13,Qwen/Qwen3-8B,MMLU_selected_subjects,isot_fake_109,meani,0.561,28,724
2025-12-16 16:32:44,Qwen/Qwen3-8B,MMLU_selected_subjects,isot_fake_56,meani,0.622,28,587
2025-12-16 16:37:14,Qwen/Qwen3-8B,MMLU_selected_subjects,isot_fake_109,wordd,0.534,28,724
2025-12-16 16:37:25,Qwen/Qwen3-8B,MMLU_selected_subjects,isot_fake_56,wordd,0.6,28,587
2025-12-16 16:42:50,Qwen/Qwen3-8B,MMLU_selected_subjects,isot_fake_56,chara,0.513,28,587
2025-12-16 16:42:59,Qwen/Qwen3-8B,MMLU_selected_subjects,isot_fake_109,chara,0.521,28,724
2025-12-16 16:47:33,Qwen/Qwen3-8B,MMLU_selected_subjects,isot_fake_560,clean,0.57,28,586
2025-12-16 16:47:54,Qwen/Qwen3-8B,MMLU_selected_subjects,isot_fake_11,clean,0.591,28,630
2025-12-16 16:52:18,Qwen/Qwen3-8B,MMLU_selected_subjects,isot_fake_560,meani,0.524,28,586
2025-12-16 16:52:47,Qwen/Qwen3-8B,MMLU_selected_subjects,isot_fake_11,meani,0.562,28,630
2025-12-16 16:56:57,Qwen/Qwen3-8B,MMLU_selected_subjects,isot_fake_560,wordd,0.477,28,586
2025-12-16 16:57:37,Qwen/Qwen3-8B,MMLU_selected_subjects,isot_fake_11,wordd,0.576,28,630
2025-12-16 17:02:23,Qwen/Qwen3-8B,MMLU_selected_subjects,isot_fake_560,chara,0.537,28,586
2025-12-16 17:03:04,Qwen/Qwen3-8B,MMLU_selected_subjects,isot_fake_11,chara,0.542,28,630
2025-12-16 17:06:56,Qwen/Qwen3-8B,MMLU_selected_subjects,isot_fake_561,clean,0.599,28,382
2025-12-16 17:08:07,Qwen/Qwen3-8B,MMLU_selected_subjects,isot_fake_110,clean,0.595,28,552
2025-12-16 17:11:34,Qwen/Qwen3-8B,MMLU_selected_subjects,isot_fake_561,meani,0.597,28,382
2025-12-16 17:13:15,Qwen/Qwen3-8B,MMLU_selected_subjects,isot_fake_110,meani,0.584,28,552
2025-12-16 17:16:06,Qwen/Qwen3-8B,MMLU_selected_subjects,isot_fake_561,wordd,0.607,28,382
2025-12-16 17:18:21,Qwen/Qwen3-8B,MMLU_selected_subjects,isot_fake_110,wordd,0.589,28,552
2025-12-16 17:21:05,Qwen/Qwen3-8B,MMLU_selected_subjects,isot_fake_561,chara,0.519,28,382
2025-12-16 17:23:55,Qwen/Qwen3-8B,MMLU_selected_subjects,isot_fake_110,chara,0.534,28,552
2025-12-16 17:26:03,Qwen/Qwen3-8B,MMLU_selected_subjects,isot_fake_562,clean,0.649,28,730
2025-12-16 17:29:02,Qwen/Qwen3-8B,MMLU_selected_subjects,isot_fake_111,clean,0.606,28,691
2025-12-16 17:30:59,Qwen/Qwen3-8B,MMLU_selected_subjects,isot_fake_562,meani,0.601,28,730
2025-12-16 17:33:57,Qwen/Qwen3-8B,MMLU_selected_subjects,isot_fake_111,meani,0.603,28,691
2025-12-16 17:35:56,Qwen/Qwen3-8B,MMLU_selected_subjects,isot_fake_562,wordd,0.584,28,730
2025-12-16 17:38:54,Qwen/Qwen3-8B,MMLU_selected_subjects,isot_fake_111,wordd,0.576,28,691
2025-12-16 17:41:34,Qwen/Qwen3-8B,MMLU_selected_subjects,isot_fake_562,chara,0.54,28,730
2025-12-16 17:44:30,Qwen/Qwen3-8B,MMLU_selected_subjects,isot_fake_111,chara,0.544,28,691
2025-12-16 17:46:21,Qwen/Qwen3-8B,MMLU_selected_subjects,isot_fake_563,clean,0.604,28,564
2025-12-16 17:49:08,Qwen/Qwen3-8B,MMLU_selected_subjects,isot_fake_112,clean,0.607,28,329
2025-12-16 17:51:03,Qwen/Qwen3-8B,MMLU_selected_subjects,isot_fake_563,meani,0.602,28,564
2025-12-16 17:53:43,Qwen/Qwen3-8B,MMLU_selected_subjects,isot_fake_112,meani,0.597,28,329
2025-12-16 17:55:47,Qwen/Qwen3-8B,MMLU_selected_subjects,isot_fake_563,wordd,0.589,28,564
2025-12-16 17:58:20,Qwen/Qwen3-8B,MMLU_selected_subjects,isot_fake_112,wordd,0.583,28,329
2025-12-16 18:01:10,Qwen/Qwen3-8B,MMLU_selected_subjects,isot_fake_563,chara,0.566,28,564
2025-12-16 18:03:30,Qwen/Qwen3-8B,MMLU_selected_subjects,isot_fake_112,chara,0.528,28,329
2025-12-16 18:06:58,Qwen/Qwen3-8B,MMLU_selected_subjects,isot_fake_564,clean,0.631,28,675
2025-12-16 18:09:27,Qwen/Qwen3-8B,MMLU_selected_subjects,isot_fake_113,clean,0.615,28,415
2025-12-16 18:13:22,Qwen/Qwen3-8B,MMLU_selected_subjects,isot_fake_564,meani,0.633,28,675
2025-12-16 18:15:25,Qwen/Qwen3-8B,MMLU_selected_subjects,isot_fake_113,meani,0.607,28,415
2025-12-16 18:19:44,Qwen/Qwen3-8B,MMLU_selected_subjects,isot_fake_564,wordd,0.609,28,675
2025-12-16 18:21:23,Qwen/Qwen3-8B,MMLU_selected_subjects,isot_fake_113,wordd,0.588,28,415
2025-12-16 18:26:51,Qwen/Qwen3-8B,MMLU_selected_subjects,isot_fake_564,chara,0.55,28,675
2025-12-16 18:27:43,Qwen/Qwen3-8B,MMLU_selected_subjects,isot_fake_113,chara,0.516,28,415
2025-12-16 18:32:36,Qwen/Qwen3-8B,MMLU_selected_subjects,isot_fake_565,clean,0.614,28,418
2025-12-16 18:33:25,Qwen/Qwen3-8B,MMLU_selected_subjects,isot_fake_114,clean,0.607,28,686
2025-12-16 18:37:43,Qwen/Qwen3-8B,MMLU_selected_subjects,isot_fake_565,meani,0.603,28,418
2025-12-16 18:38:47,Qwen/Qwen3-8B,MMLU_selected_subjects,isot_fake_114,meani,0.575,28,686
2025-12-16 18:42:46,Qwen/Qwen3-8B,MMLU_selected_subjects,isot_fake_565,wordd,0.597,28,418
2025-12-16 18:44:08,Qwen/Qwen3-8B,MMLU_selected_subjects,isot_fake_114,wordd,0.582,28,686
2025-12-16 18:48:17,Qwen/Qwen3-8B,MMLU_selected_subjects,isot_fake_565,chara,0.55,28,418
2025-12-16 18:50:07,Qwen/Qwen3-8B,MMLU_selected_subjects,isot_fake_114,chara,0.538,28,686
2025-12-16 18:53:11,Qwen/Qwen3-8B,MMLU_selected_subjects,isot_fake_566,clean,0.599,28,231
2025-12-16 18:55:10,Qwen/Qwen3-8B,MMLU_selected_subjects,isot_fake_115,clean,0.599,28,410
2025-12-16 18:58:00,Qwen/Qwen3-8B,MMLU_selected_subjects,isot_fake_566,meani,0.597,28,231
2025-12-16 19:00:11,Qwen/Qwen3-8B,MMLU_selected_subjects,isot_fake_115,meani,0.585,28,410
2025-12-16 19:02:54,Qwen/Qwen3-8B,MMLU_selected_subjects,isot_fake_566,wordd,0.595,28,231
2025-12-16 19:05:13,Qwen/Qwen3-8B,MMLU_selected_subjects,isot_fake_115,wordd,0.57,28,410
2025-12-16 19:08:00,Qwen/Qwen3-8B,MMLU_selected_subjects,isot_fake_566,chara,0.551,28,231
2025-12-16 19:10:19,Qwen/Qwen3-8B,MMLU_selected_subjects,isot_fake_115,chara,0.539,28,410
2025-12-16 19:12:57,Qwen/Qwen3-8B,MMLU_selected_subjects,isot_fake_567,clean,0.596,28,752
2025-12-16 19:15:13,Qwen/Qwen3-8B,MMLU_selected_subjects,isot_fake_116,clean,0.595,28,648
2025-12-16 19:18:00,Qwen/Qwen3-8B,MMLU_selected_subjects,isot_fake_567,meani,0.589,28,752
2025-12-16 19:20:03,Qwen/Qwen3-8B,MMLU_selected_subjects,isot_fake_116,meani,0.605,28,648
2025-12-16 19:23:00,Qwen/Qwen3-8B,MMLU_selected_subjects,isot_fake_567,wordd,0.576,28,752
2025-12-16 19:24:52,Qwen/Qwen3-8B,MMLU_selected_subjects,isot_fake_116,wordd,0.573,28,648
2025-12-16 19:28:42,Qwen/Qwen3-8B,MMLU_selected_subjects,isot_fake_567,chara,0.513,28,752
2025-12-16 19:30:24,Qwen/Qwen3-8B,MMLU_selected_subjects,isot_fake_116,chara,0.545,28,648
2025-12-16 19:33:45,Qwen/Qwen3-8B,MMLU_selected_subjects,isot_fake_568,clean,0.608,28,758
2025-12-16 19:35:03,Qwen/Qwen3-8B,MMLU_selected_subjects,isot_fake_117,clean,0.594,28,383
2025-12-16 19:38:46,Qwen/Qwen3-8B,MMLU_selected_subjects,isot_fake_568,meani,0.585,28,758
2025-12-16 19:39:40,Qwen/Qwen3-8B,MMLU_selected_subjects,isot_fake_117,meani,0.589,28,383
2025-12-16 19:43:47,Qwen/Qwen3-8B,MMLU_selected_subjects,isot_fake_568,wordd,0.58,28,758
2025-12-16 19:44:18,Qwen/Qwen3-8B,MMLU_selected_subjects,isot_fake_117,wordd,0.563,28,383
2025-12-16 19:49:17,Qwen/Qwen3-8B,MMLU_selected_subjects,isot_fake_117,chara,0.548,28,383
2025-12-16 19:49:30,Qwen/Qwen3-8B,MMLU_selected_subjects,isot_fake_568,chara,0.536,28,758
2025-12-16 19:54:17,Qwen/Qwen3-8B,MMLU_selected_subjects,isot_fake_118,clean,0.613,28,695
2025-12-16 19:54:21,Qwen/Qwen3-8B,MMLU_selected_subjects,isot_fake_569,clean,0.556,28,648
2025-12-16 19:59:12,Qwen/Qwen3-8B,MMLU_selected_subjects,isot_fake_569,meani,0.564,28,648
2025-12-16 19:59:16,Qwen/Qwen3-8B,MMLU_selected_subjects,isot_fake_118,meani,0.569,28,695
2025-12-16 20:04:04,Qwen/Qwen3-8B,MMLU_selected_subjects,isot_fake_569,wordd,0.591,28,648
2025-12-16 20:04:16,Qwen/Qwen3-8B,MMLU_selected_subjects,isot_fake_118,wordd,0.568,28,695
2025-12-16 20:09:45,Qwen/Qwen3-8B,MMLU_selected_subjects,isot_fake_569,chara,0.508,28,648
2025-12-16 20:09:55,Qwen/Qwen3-8B,MMLU_selected_subjects,isot_fake_118,chara,0.537,28,695
2025-12-16 20:14:23,Qwen/Qwen3-8B,MMLU_selected_subjects,isot_fake_57,clean,0.551,28,293
2025-12-16 20:14:51,Qwen/Qwen3-8B,MMLU_selected_subjects,isot_fake_119,clean,0.591,28,677
2025-12-16 20:18:59,Qwen/Qwen3-8B,MMLU_selected_subjects,isot_fake_57,meani,0.563,28,293
2025-12-16 20:19:48,Qwen/Qwen3-8B,MMLU_selected_subjects,isot_fake_119,meani,0.597,28,677
2025-12-16 20:23:36,Qwen/Qwen3-8B,MMLU_selected_subjects,isot_fake_57,wordd,0.562,28,293
2025-12-16 20:24:45,Qwen/Qwen3-8B,MMLU_selected_subjects,isot_fake_119,wordd,0.58,28,677
2025-12-16 20:28:30,Qwen/Qwen3-8B,MMLU_selected_subjects,isot_fake_57,chara,0.518,28,293
2025-12-16 20:30:23,Qwen/Qwen3-8B,MMLU_selected_subjects,isot_fake_119,chara,0.521,28,677
2025-12-16 20:33:04,Qwen/Qwen3-8B,MMLU_selected_subjects,isot_fake_570,clean,0.595,28,230
2025-12-16 20:35:26,Qwen/Qwen3-8B,MMLU_selected_subjects,isot_fake_12,clean,0.616,28,731
2025-12-16 20:37:28,Qwen/Qwen3-8B,MMLU_selected_subjects,isot_fake_570,meani,0.582,28,230
2025-12-16 20:40:26,Qwen/Qwen3-8B,MMLU_selected_subjects,isot_fake_12,meani,0.602,28,731
2025-12-16 20:41:56,Qwen/Qwen3-8B,MMLU_selected_subjects,isot_fake_570,wordd,0.616,28,230
2025-12-16 20:45:28,Qwen/Qwen3-8B,MMLU_selected_subjects,isot_fake_12,wordd,0.586,28,731
2025-12-16 20:46:45,Qwen/Qwen3-8B,MMLU_selected_subjects,isot_fake_570,chara,0.548,28,230
2025-12-16 20:51:10,Qwen/Qwen3-8B,MMLU_selected_subjects,isot_fake_12,chara,0.501,28,731
2025-12-16 20:51:14,Qwen/Qwen3-8B,MMLU_selected_subjects,isot_fake_571,clean,0.592,28,279
2025-12-16 20:55:41,Qwen/Qwen3-8B,MMLU_selected_subjects,isot_fake_571,meani,0.606,28,279
2025-12-16 20:55:42,Qwen/Qwen3-8B,MMLU_selected_subjects,isot_fake_120,clean,0.601,28,370
2025-12-16 21:00:07,Qwen/Qwen3-8B,MMLU_selected_subjects,isot_fake_571,wordd,0.592,28,279
2025-12-16 21:00:14,Qwen/Qwen3-8B,MMLU_selected_subjects,isot_fake_120,meani,0.61,28,370
2025-12-16 21:04:46,Qwen/Qwen3-8B,MMLU_selected_subjects,isot_fake_120,wordd,0.609,28,370
2025-12-16 21:04:50,Qwen/Qwen3-8B,MMLU_selected_subjects,isot_fake_571,chara,0.545,28,279
2025-12-16 21:09:29,Qwen/Qwen3-8B,MMLU_selected_subjects,isot_fake_572,clean,0.607,28,501
2025-12-16 21:09:41,Qwen/Qwen3-8B,MMLU_selected_subjects,isot_fake_120,chara,0.49,28,370
2025-12-16 21:14:09,Qwen/Qwen3-8B,MMLU_selected_subjects,isot_fake_572,meani,0.596,28,501
2025-12-16 21:14:30,Qwen/Qwen3-8B,MMLU_selected_subjects,isot_fake_121,clean,0.606,28,533
2025-12-16 21:18:50,Qwen/Qwen3-8B,MMLU_selected_subjects,isot_fake_572,wordd,0.594,28,501
2025-12-16 21:19:21,Qwen/Qwen3-8B,MMLU_selected_subjects,isot_fake_121,meani,0.594,28,533
2025-12-16 21:23:59,Qwen/Qwen3-8B,MMLU_selected_subjects,isot_fake_572,chara,0.543,28,501
2025-12-16 21:24:10,Qwen/Qwen3-8B,MMLU_selected_subjects,isot_fake_121,wordd,0.607,28,533
2025-12-16 21:29:11,Qwen/Qwen3-8B,MMLU_selected_subjects,isot_fake_573,clean,0.619,28,780
2025-12-16 21:29:29,Qwen/Qwen3-8B,MMLU_selected_subjects,isot_fake_121,chara,0.533,28,533
2025-12-16 21:34:08,Qwen/Qwen3-8B,MMLU_selected_subjects,isot_fake_122,clean,0.553,28,496
2025-12-16 21:34:14,Qwen/Qwen3-8B,MMLU_selected_subjects,isot_fake_573,meani,0.622,28,780
2025-12-16 21:38:46,Qwen/Qwen3-8B,MMLU_selected_subjects,isot_fake_122,meani,0.582,28,496
2025-12-16 21:39:19,Qwen/Qwen3-8B,MMLU_selected_subjects,isot_fake_573,wordd,0.608,28,780
2025-12-16 21:43:24,Qwen/Qwen3-8B,MMLU_selected_subjects,isot_fake_122,wordd,0.602,28,496
2025-12-16 21:45:07,Qwen/Qwen3-8B,MMLU_selected_subjects,isot_fake_573,chara,0.55,28,780
2025-12-16 21:48:33,Qwen/Qwen3-8B,MMLU_selected_subjects,isot_fake_122,chara,0.553,28,496
2025-12-16 21:50:04,Qwen/Qwen3-8B,MMLU_selected_subjects,isot_fake_574,clean,0.638,28,714
2025-12-16 21:53:05,Qwen/Qwen3-8B,MMLU_selected_subjects,isot_fake_123,clean,0.614,28,240
2025-12-16 21:55:01,Qwen/Qwen3-8B,MMLU_selected_subjects,isot_fake_574,meani,0.578,28,714
2025-12-16 21:57:35,Qwen/Qwen3-8B,MMLU_selected_subjects,isot_fake_123,meani,0.612,28,240
2025-12-16 21:59:57,Qwen/Qwen3-8B,MMLU_selected_subjects,isot_fake_574,wordd,0.588,28,714
2025-12-16 22:02:05,Qwen/Qwen3-8B,MMLU_selected_subjects,isot_fake_123,wordd,0.607,28,240
2025-12-16 22:05:47,Qwen/Qwen3-8B,MMLU_selected_subjects,isot_fake_574,chara,0.532,28,714
2025-12-16 22:06:47,Qwen/Qwen3-8B,MMLU_selected_subjects,isot_fake_123,chara,0.568,28,240
2025-12-16 22:10:12,Qwen/Qwen3-8B,MMLU_selected_subjects,isot_fake_575,clean,0.6,28,208
2025-12-16 22:11:37,Qwen/Qwen3-8B,MMLU_selected_subjects,isot_fake_124,clean,0.601,28,533
2025-12-16 22:14:45,Qwen/Qwen3-8B,MMLU_selected_subjects,isot_fake_575,meani,0.584,28,208
2025-12-16 22:16:29,Qwen/Qwen3-8B,MMLU_selected_subjects,isot_fake_124,meani,0.593,28,533
2025-12-16 22:19:05,Qwen/Qwen3-8B,MMLU_selected_subjects,isot_fake_575,wordd,0.595,28,208
2025-12-16 22:21:23,Qwen/Qwen3-8B,MMLU_selected_subjects,isot_fake_124,wordd,0.607,28,533
2025-12-16 22:23:45,Qwen/Qwen3-8B,MMLU_selected_subjects,isot_fake_575,chara,0.534,28,208
2025-12-16 22:26:44,Qwen/Qwen3-8B,MMLU_selected_subjects,isot_fake_124,chara,0.534,28,533
2025-12-16 22:28:11,Qwen/Qwen3-8B,MMLU_selected_subjects,isot_fake_576,clean,0.593,28,233
2025-12-16 22:31:19,Qwen/Qwen3-8B,MMLU_selected_subjects,isot_fake_125,clean,0.562,28,382
2025-12-16 22:32:40,Qwen/Qwen3-8B,MMLU_selected_subjects,isot_fake_576,meani,0.611,28,233
2025-12-16 22:35:52,Qwen/Qwen3-8B,MMLU_selected_subjects,isot_fake_125,meani,0.586,28,382
2025-12-16 22:37:03,Qwen/Qwen3-8B,MMLU_selected_subjects,isot_fake_576,wordd,0.56,28,233
2025-12-16 22:40:23,Qwen/Qwen3-8B,MMLU_selected_subjects,isot_fake_125,wordd,0.583,28,382
2025-12-16 22:41:41,Qwen/Qwen3-8B,MMLU_selected_subjects,isot_fake_576,chara,0.552,28,233
2025-12-16 22:45:20,Qwen/Qwen3-8B,MMLU_selected_subjects,isot_fake_125,chara,0.538,28,382
2025-12-16 22:46:37,Qwen/Qwen3-8B,MMLU_selected_subjects,isot_fake_577,clean,0.61,28,738
2025-12-16 22:50:13,Qwen/Qwen3-8B,MMLU_selected_subjects,isot_fake_126,clean,0.6,28,763
2025-12-16 22:51:30,Qwen/Qwen3-8B,MMLU_selected_subjects,isot_fake_577,meani,0.594,28,738
2025-12-16 22:55:04,Qwen/Qwen3-8B,MMLU_selected_subjects,isot_fake_126,meani,0.612,28,763
2025-12-16 22:56:25,Qwen/Qwen3-8B,MMLU_selected_subjects,isot_fake_577,wordd,0.573,28,738
2025-12-16 22:59:55,Qwen/Qwen3-8B,MMLU_selected_subjects,isot_fake_126,wordd,0.593,28,763
2025-12-16 23:02:04,Qwen/Qwen3-8B,MMLU_selected_subjects,isot_fake_577,chara,0.538,28,738
2025-12-16 23:05:33,Qwen/Qwen3-8B,MMLU_selected_subjects,isot_fake_126,chara,0.525,28,763
2025-12-16 23:06:32,Qwen/Qwen3-8B,MMLU_selected_subjects,isot_fake_578,clean,0.566,28,300
2025-12-16 23:10:05,Qwen/Qwen3-8B,MMLU_selected_subjects,isot_fake_127,clean,0.606,28,370
2025-12-16 23:10:58,Qwen/Qwen3-8B,MMLU_selected_subjects,isot_fake_578,meani,0.576,28,300
2025-12-16 23:14:38,Qwen/Qwen3-8B,MMLU_selected_subjects,isot_fake_127,meani,0.598,28,370
2025-12-16 23:15:33,Qwen/Qwen3-8B,MMLU_selected_subjects,isot_fake_578,wordd,0.543,28,300
2025-12-16 23:19:10,Qwen/Qwen3-8B,MMLU_selected_subjects,isot_fake_127,wordd,0.546,28,370
2025-12-16 23:20:15,Qwen/Qwen3-8B,MMLU_selected_subjects,isot_fake_578,chara,0.518,28,300
2025-12-16 23:24:07,Qwen/Qwen3-8B,MMLU_selected_subjects,isot_fake_127,chara,0.542,28,370
2025-12-16 23:25:08,Qwen/Qwen3-8B,MMLU_selected_subjects,isot_fake_579,clean,0.629,28,642
2025-12-16 23:29:05,Qwen/Qwen3-8B,MMLU_selected_subjects,isot_fake_128,clean,0.598,28,779
2025-12-16 23:30:00,Qwen/Qwen3-8B,MMLU_selected_subjects,isot_fake_579,meani,0.61,28,642
2025-12-16 23:34:01,Qwen/Qwen3-8B,MMLU_selected_subjects,isot_fake_128,meani,0.589,28,779
2025-12-16 23:34:46,Qwen/Qwen3-8B,MMLU_selected_subjects,isot_fake_579,wordd,0.607,28,642
2025-12-16 23:38:57,Qwen/Qwen3-8B,MMLU_selected_subjects,isot_fake_128,wordd,0.559,28,779
2025-12-16 23:40:13,Qwen/Qwen3-8B,MMLU_selected_subjects,isot_fake_579,chara,0.535,28,642
2025-12-16 23:44:38,Qwen/Qwen3-8B,MMLU_selected_subjects,isot_fake_128,chara,0.546,28,779
2025-12-16 23:44:38,Qwen/Qwen3-8B,MMLU_selected_subjects,isot_fake_58,clean,0.603,28,299
2025-12-16 23:49:02,Qwen/Qwen3-8B,MMLU_selected_subjects,isot_fake_58,meani,0.579,28,299
2025-12-16 23:49:40,Qwen/Qwen3-8B,MMLU_selected_subjects,isot_fake_129,clean,0.606,28,788
2025-12-16 23:53:25,Qwen/Qwen3-8B,MMLU_selected_subjects,isot_fake_58,wordd,0.567,28,299
2025-12-16 23:54:38,Qwen/Qwen3-8B,MMLU_selected_subjects,isot_fake_129,meani,0.613,28,788
2025-12-16 23:58:10,Qwen/Qwen3-8B,MMLU_selected_subjects,isot_fake_58,chara,0.504,28,299
2025-12-16 23:59:39,Qwen/Qwen3-8B,MMLU_selected_subjects,isot_fake_129,wordd,0.579,28,788
2025-12-17 00:02:59,Qwen/Qwen3-8B,MMLU_selected_subjects,isot_fake_580,clean,0.609,28,636
2025-12-17 00:05:26,Qwen/Qwen3-8B,MMLU_selected_subjects,isot_fake_129,chara,0.549,28,788
2025-12-17 00:07:43,Qwen/Qwen3-8B,MMLU_selected_subjects,isot_fake_580,meani,0.602,28,636
2025-12-17 00:10:14,Qwen/Qwen3-8B,MMLU_selected_subjects,isot_fake_13,clean,0.6,28,611
2025-12-17 00:12:30,Qwen/Qwen3-8B,MMLU_selected_subjects,isot_fake_580,wordd,0.599,28,636
2025-12-17 00:15:03,Qwen/Qwen3-8B,MMLU_selected_subjects,isot_fake_13,meani,0.597,28,611
2025-12-17 00:17:52,Qwen/Qwen3-8B,MMLU_selected_subjects,isot_fake_580,chara,0.556,28,636
2025-12-17 00:19:52,Qwen/Qwen3-8B,MMLU_selected_subjects,isot_fake_13,wordd,0.594,28,611
2025-12-17 00:22:19,Qwen/Qwen3-8B,MMLU_selected_subjects,isot_fake_581,clean,0.625,28,221
2025-12-17 00:25:20,Qwen/Qwen3-8B,MMLU_selected_subjects,isot_fake_13,chara,0.568,28,611
2025-12-17 00:26:47,Qwen/Qwen3-8B,MMLU_selected_subjects,isot_fake_581,meani,0.611,28,221
2025-12-17 00:30:07,Qwen/Qwen3-8B,MMLU_selected_subjects,isot_fake_130,clean,0.589,28,679
2025-12-17 00:31:13,Qwen/Qwen3-8B,MMLU_selected_subjects,isot_fake_581,wordd,0.605,28,221
2025-12-17 00:34:54,Qwen/Qwen3-8B,MMLU_selected_subjects,isot_fake_130,meani,0.605,28,679
2025-12-17 00:35:47,Qwen/Qwen3-8B,MMLU_selected_subjects,isot_fake_581,chara,0.559,28,221
2025-12-17 00:39:41,Qwen/Qwen3-8B,MMLU_selected_subjects,isot_fake_130,wordd,0.584,28,679
2025-12-17 00:40:47,Qwen/Qwen3-8B,MMLU_selected_subjects,isot_fake_582,clean,0.623,28,776
2025-12-17 00:45:09,Qwen/Qwen3-8B,MMLU_selected_subjects,isot_fake_130,chara,0.539,28,679
2025-12-17 00:45:40,Qwen/Qwen3-8B,MMLU_selected_subjects,isot_fake_582,meani,0.581,28,776
2025-12-17 00:49:48,Qwen/Qwen3-8B,MMLU_selected_subjects,isot_fake_131,clean,0.609,28,423
2025-12-17 00:50:34,Qwen/Qwen3-8B,MMLU_selected_subjects,isot_fake_582,wordd,0.559,28,776
2025-12-17 00:54:27,Qwen/Qwen3-8B,MMLU_selected_subjects,isot_fake_131,meani,0.597,28,423
2025-12-17 00:56:10,Qwen/Qwen3-8B,MMLU_selected_subjects,isot_fake_582,chara,0.524,28,776
2025-12-17 00:59:05,Qwen/Qwen3-8B,MMLU_selected_subjects,isot_fake_131,wordd,0.619,28,423
2025-12-17 01:01:05,Qwen/Qwen3-8B,MMLU_selected_subjects,isot_fake_583,clean,0.619,28,791
2025-12-17 01:04:12,Qwen/Qwen3-8B,MMLU_selected_subjects,isot_fake_131,chara,0.561,28,423
2025-12-17 01:06:06,Qwen/Qwen3-8B,MMLU_selected_subjects,isot_fake_583,meani,0.586,28,791
2025-12-17 01:08:36,Qwen/Qwen3-8B,MMLU_selected_subjects,isot_fake_132,clean,0.601,28,230
2025-12-17 01:10:59,Qwen/Qwen3-8B,MMLU_selected_subjects,isot_fake_583,wordd,0.606,28,791
2025-12-17 01:12:59,Qwen/Qwen3-8B,MMLU_selected_subjects,isot_fake_132,meani,0.582,28,230
2025-12-17 01:16:37,Qwen/Qwen3-8B,MMLU_selected_subjects,isot_fake_583,chara,0.517,28,791
2025-12-17 01:17:23,Qwen/Qwen3-8B,MMLU_selected_subjects,isot_fake_132,wordd,0.601,28,230
2025-12-17 01:21:05,Qwen/Qwen3-8B,MMLU_selected_subjects,isot_fake_584,clean,0.61,28,208
2025-12-17 01:22:02,Qwen/Qwen3-8B,MMLU_selected_subjects,isot_fake_132,chara,0.538,28,230
2025-12-17 01:25:29,Qwen/Qwen3-8B,MMLU_selected_subjects,isot_fake_584,meani,0.599,28,208
2025-12-17 01:26:50,Qwen/Qwen3-8B,MMLU_selected_subjects,isot_fake_133,clean,0.611,28,670
2025-12-17 01:29:53,Qwen/Qwen3-8B,MMLU_selected_subjects,isot_fake_584,wordd,0.617,28,208
2025-12-17 01:31:39,Qwen/Qwen3-8B,MMLU_selected_subjects,isot_fake_133,meani,0.612,28,670
2025-12-17 01:34:29,Qwen/Qwen3-8B,MMLU_selected_subjects,isot_fake_584,chara,0.536,28,208
2025-12-17 01:36:28,Qwen/Qwen3-8B,MMLU_selected_subjects,isot_fake_133,wordd,0.571,28,670
2025-12-17 01:38:59,Qwen/Qwen3-8B,MMLU_selected_subjects,isot_fake_585,clean,0.621,28,377
2025-12-17 01:41:55,Qwen/Qwen3-8B,MMLU_selected_subjects,isot_fake_133,chara,0.557,28,670
2025-12-17 01:43:31,Qwen/Qwen3-8B,MMLU_selected_subjects,isot_fake_585,meani,0.621,28,377
2025-12-17 01:46:39,Qwen/Qwen3-8B,MMLU_selected_subjects,isot_fake_134,clean,0.603,28,435
2025-12-17 01:48:03,Qwen/Qwen3-8B,MMLU_selected_subjects,isot_fake_585,wordd,0.6,28,377
2025-12-17 01:51:21,Qwen/Qwen3-8B,MMLU_selected_subjects,isot_fake_134,meani,0.602,28,435
2025-12-17 01:53:00,Qwen/Qwen3-8B,MMLU_selected_subjects,isot_fake_585,chara,0.534,28,377
2025-12-17 01:56:04,Qwen/Qwen3-8B,MMLU_selected_subjects,isot_fake_134,wordd,0.581,28,435
2025-12-17 01:57:32,Qwen/Qwen3-8B,MMLU_selected_subjects,isot_fake_586,clean,0.604,28,334
2025-12-17 02:01:07,Qwen/Qwen3-8B,MMLU_selected_subjects,isot_fake_134,chara,0.548,28,435
2025-12-17 02:02:05,Qwen/Qwen3-8B,MMLU_selected_subjects,isot_fake_586,meani,0.626,28,334
2025-12-17 02:05:36,Qwen/Qwen3-8B,MMLU_selected_subjects,isot_fake_135,clean,0.615,28,200
2025-12-17 02:06:38,Qwen/Qwen3-8B,MMLU_selected_subjects,isot_fake_586,wordd,0.58,28,334
2025-12-17 02:10:05,Qwen/Qwen3-8B,MMLU_selected_subjects,isot_fake_135,meani,0.593,28,200
2025-12-17 02:11:34,Qwen/Qwen3-8B,MMLU_selected_subjects,isot_fake_586,chara,0.515,28,334
2025-12-17 02:14:32,Qwen/Qwen3-8B,MMLU_selected_subjects,isot_fake_135,wordd,0.615,28,200
2025-12-17 02:16:01,Qwen/Qwen3-8B,MMLU_selected_subjects,isot_fake_587,clean,0.564,28,209
2025-12-17 02:19:11,Qwen/Qwen3-8B,MMLU_selected_subjects,isot_fake_135,chara,0.548,28,200
2025-12-17 02:20:28,Qwen/Qwen3-8B,MMLU_selected_subjects,isot_fake_587,meani,0.605,28,209
2025-12-17 02:23:48,Qwen/Qwen3-8B,MMLU_selected_subjects,isot_fake_136,clean,0.578,28,371
2025-12-17 02:24:53,Qwen/Qwen3-8B,MMLU_selected_subjects,isot_fake_587,wordd,0.611,28,209
2025-12-17 02:28:21,Qwen/Qwen3-8B,MMLU_selected_subjects,isot_fake_136,meani,0.601,28,371
2025-12-17 02:29:26,Qwen/Qwen3-8B,MMLU_selected_subjects,isot_fake_587,chara,0.54,28,209
2025-12-17 02:32:54,Qwen/Qwen3-8B,MMLU_selected_subjects,isot_fake_136,wordd,0.597,28,371
2025-12-17 02:34:28,Qwen/Qwen3-8B,MMLU_selected_subjects,isot_fake_588,clean,0.623,28,740
2025-12-17 02:37:49,Qwen/Qwen3-8B,MMLU_selected_subjects,isot_fake_136,chara,0.506,28,371
2025-12-17 02:39:29,Qwen/Qwen3-8B,MMLU_selected_subjects,isot_fake_588,meani,0.61,28,740
2025-12-17 02:42:28,Qwen/Qwen3-8B,MMLU_selected_subjects,isot_fake_137,clean,0.637,28,284
2025-12-17 02:44:30,Qwen/Qwen3-8B,MMLU_selected_subjects,isot_fake_588,wordd,0.6,28,740
2025-12-17 02:47:05,Qwen/Qwen3-8B,MMLU_selected_subjects,isot_fake_137,meani,0.595,28,284
2025-12-17 02:50:11,Qwen/Qwen3-8B,MMLU_selected_subjects,isot_fake_588,chara,0.521,28,740
2025-12-17 02:51:43,Qwen/Qwen3-8B,MMLU_selected_subjects,isot_fake_137,wordd,0.597,28,284
2025-12-17 02:54:40,Qwen/Qwen3-8B,MMLU_selected_subjects,isot_fake_589,clean,0.599,28,382
2025-12-17 02:56:35,Qwen/Qwen3-8B,MMLU_selected_subjects,isot_fake_137,chara,0.547,28,284
2025-12-17 02:59:11,Qwen/Qwen3-8B,MMLU_selected_subjects,isot_fake_589,meani,0.595,28,382
2025-12-17 03:01:23,Qwen/Qwen3-8B,MMLU_selected_subjects,isot_fake_138,clean,0.566,28,675
2025-12-17 03:03:44,Qwen/Qwen3-8B,MMLU_selected_subjects,isot_fake_589,wordd,0.607,28,382
2025-12-17 03:06:09,Qwen/Qwen3-8B,MMLU_selected_subjects,isot_fake_138,meani,0.588,28,675
2025-12-17 03:08:36,Qwen/Qwen3-8B,MMLU_selected_subjects,isot_fake_589,chara,0.528,28,382
2025-12-17 03:10:57,Qwen/Qwen3-8B,MMLU_selected_subjects,isot_fake_138,wordd,0.575,28,675
2025-12-17 03:13:08,Qwen/Qwen3-8B,MMLU_selected_subjects,isot_fake_59,clean,0.604,28,387
2025-12-17 03:16:27,Qwen/Qwen3-8B,MMLU_selected_subjects,isot_fake_138,chara,0.561,28,675
2025-12-17 03:17:37,Qwen/Qwen3-8B,MMLU_selected_subjects,isot_fake_59,meani,0.598,28,387
2025-12-17 03:21:16,Qwen/Qwen3-8B,MMLU_selected_subjects,isot_fake_139,clean,0.631,28,675
2025-12-17 03:22:05,Qwen/Qwen3-8B,MMLU_selected_subjects,isot_fake_59,wordd,0.589,28,387
2025-12-17 03:26:04,Qwen/Qwen3-8B,MMLU_selected_subjects,isot_fake_139,meani,0.628,28,675
2025-12-17 03:27:02,Qwen/Qwen3-8B,MMLU_selected_subjects,isot_fake_59,chara,0.56,28,387
2025-12-17 03:30:53,Qwen/Qwen3-8B,MMLU_selected_subjects,isot_fake_139,wordd,0.635,28,675
2025-12-17 03:31:31,Qwen/Qwen3-8B,MMLU_selected_subjects,isot_fake_590,clean,0.61,28,367
2025-12-17 03:36:02,Qwen/Qwen3-8B,MMLU_selected_subjects,isot_fake_590,meani,0.59,28,367
2025-12-17 03:36:26,Qwen/Qwen3-8B,MMLU_selected_subjects,isot_fake_139,chara,0.534,28,675
2025-12-17 03:40:32,Qwen/Qwen3-8B,MMLU_selected_subjects,isot_fake_590,wordd,0.529,28,367
2025-12-17 03:41:01,Qwen/Qwen3-8B,MMLU_selected_subjects,isot_fake_14,clean,0.623,28,205
2025-12-17 03:45:23,Qwen/Qwen3-8B,MMLU_selected_subjects,isot_fake_590,chara,0.518,28,367
2025-12-17 03:45:34,Qwen/Qwen3-8B,MMLU_selected_subjects,isot_fake_14,meani,0.622,28,205
2025-12-17 03:50:07,Qwen/Qwen3-8B,MMLU_selected_subjects,isot_fake_14,wordd,0.602,28,205
2025-12-17 03:50:12,Qwen/Qwen3-8B,MMLU_selected_subjects,isot_fake_591,clean,0.602,28,669
2025-12-17 03:54:46,Qwen/Qwen3-8B,MMLU_selected_subjects,isot_fake_14,chara,0.562,28,205
2025-12-17 03:55:06,Qwen/Qwen3-8B,MMLU_selected_subjects,isot_fake_591,meani,0.611,28,669
2025-12-17 03:59:37,Qwen/Qwen3-8B,MMLU_selected_subjects,isot_fake_140,clean,0.576,28,668
2025-12-17 04:00:00,Qwen/Qwen3-8B,MMLU_selected_subjects,isot_fake_591,wordd,0.562,28,669
2025-12-17 04:04:27,Qwen/Qwen3-8B,MMLU_selected_subjects,isot_fake_140,meani,0.578,28,668
2025-12-17 04:05:33,Qwen/Qwen3-8B,MMLU_selected_subjects,isot_fake_591,chara,0.527,28,669
2025-12-17 04:09:17,Qwen/Qwen3-8B,MMLU_selected_subjects,isot_fake_140,wordd,0.583,28,668
2025-12-17 04:10:23,Qwen/Qwen3-8B,MMLU_selected_subjects,isot_fake_592,clean,0.597,28,691
2025-12-17 04:14:44,Qwen/Qwen3-8B,MMLU_selected_subjects,isot_fake_140,chara,0.551,28,668
2025-12-17 04:15:10,Qwen/Qwen3-8B,MMLU_selected_subjects,isot_fake_592,meani,0.591,28,691
2025-12-17 04:19:37,Qwen/Qwen3-8B,MMLU_selected_subjects,isot_fake_141,clean,0.55,28,792
2025-12-17 04:19:57,Qwen/Qwen3-8B,MMLU_selected_subjects,isot_fake_592,wordd,0.606,28,691
2025-12-17 04:24:31,Qwen/Qwen3-8B,MMLU_selected_subjects,isot_fake_141,meani,0.561,28,792
2025-12-17 04:25:29,Qwen/Qwen3-8B,MMLU_selected_subjects,isot_fake_592,chara,0.532,28,691
2025-12-17 04:29:25,Qwen/Qwen3-8B,MMLU_selected_subjects,isot_fake_141,wordd,0.561,28,792
2025-12-17 04:30:33,Qwen/Qwen3-8B,MMLU_selected_subjects,isot_fake_593,clean,0.593,28,696
2025-12-17 04:35:10,Qwen/Qwen3-8B,MMLU_selected_subjects,isot_fake_141,chara,0.546,28,792
2025-12-17 04:35:25,Qwen/Qwen3-8B,MMLU_selected_subjects,isot_fake_593,meani,0.6,28,696
2025-12-17 04:39:51,Qwen/Qwen3-8B,MMLU_selected_subjects,isot_fake_142,clean,0.602,28,598
2025-12-17 04:40:15,Qwen/Qwen3-8B,MMLU_selected_subjects,isot_fake_593,wordd,0.584,28,696
2025-12-17 04:44:32,Qwen/Qwen3-8B,MMLU_selected_subjects,isot_fake_142,meani,0.599,28,598
2025-12-17 04:45:45,Qwen/Qwen3-8B,MMLU_selected_subjects,isot_fake_593,chara,0.518,28,696
2025-12-17 04:49:12,Qwen/Qwen3-8B,MMLU_selected_subjects,isot_fake_142,wordd,0.598,28,598
2025-12-17 04:50:15,Qwen/Qwen3-8B,MMLU_selected_subjects,isot_fake_594,clean,0.556,28,405
2025-12-17 04:54:32,Qwen/Qwen3-8B,MMLU_selected_subjects,isot_fake_142,chara,0.542,28,598
2025-12-17 04:54:46,Qwen/Qwen3-8B,MMLU_selected_subjects,isot_fake_594,meani,0.56,28,405
2025-12-17 04:59:15,Qwen/Qwen3-8B,MMLU_selected_subjects,isot_fake_594,wordd,0.567,28,405
2025-12-17 04:59:19,Qwen/Qwen3-8B,MMLU_selected_subjects,isot_fake_143,clean,0.589,28,644
2025-12-17 05:04:03,Qwen/Qwen3-8B,MMLU_selected_subjects,isot_fake_143,meani,0.562,28,644
2025-12-17 05:04:14,Qwen/Qwen3-8B,MMLU_selected_subjects,isot_fake_594,chara,0.546,28,405
2025-12-17 05:08:49,Qwen/Qwen3-8B,MMLU_selected_subjects,isot_fake_143,wordd,0.562,28,644
2025-12-17 05:08:59,Qwen/Qwen3-8B,MMLU_selected_subjects,isot_fake_595,clean,0.61,28,497
2025-12-17 05:13:35,Qwen/Qwen3-8B,MMLU_selected_subjects,isot_fake_595,meani,0.601,28,497
2025-12-17 05:14:18,Qwen/Qwen3-8B,MMLU_selected_subjects,isot_fake_143,chara,0.532,28,644
2025-12-17 05:18:12,Qwen/Qwen3-8B,MMLU_selected_subjects,isot_fake_595,wordd,0.581,28,497
2025-12-17 05:19:09,Qwen/Qwen3-8B,MMLU_selected_subjects,isot_fake_144,clean,0.614,28,519
2025-12-17 05:23:31,Qwen/Qwen3-8B,MMLU_selected_subjects,isot_fake_595,chara,0.544,28,497
2025-12-17 05:23:58,Qwen/Qwen3-8B,MMLU_selected_subjects,isot_fake_144,meani,0.607,28,519
2025-12-17 05:28:16,Qwen/Qwen3-8B,MMLU_selected_subjects,isot_fake_596,clean,0.627,28,597
2025-12-17 05:28:46,Qwen/Qwen3-8B,MMLU_selected_subjects,isot_fake_144,wordd,0.6,28,519
2025-12-17 05:33:01,Qwen/Qwen3-8B,MMLU_selected_subjects,isot_fake_596,meani,0.597,28,597
2025-12-17 05:34:03,Qwen/Qwen3-8B,MMLU_selected_subjects,isot_fake_144,chara,0.527,28,519
2025-12-17 05:37:45,Qwen/Qwen3-8B,MMLU_selected_subjects,isot_fake_596,wordd,0.583,28,597
2025-12-17 05:38:36,Qwen/Qwen3-8B,MMLU_selected_subjects,isot_fake_145,clean,0.587,28,351
2025-12-17 05:43:04,Qwen/Qwen3-8B,MMLU_selected_subjects,isot_fake_596,chara,0.53,28,597
2025-12-17 05:43:08,Qwen/Qwen3-8B,MMLU_selected_subjects,isot_fake_145,meani,0.591,28,351
2025-12-17 05:47:27,Qwen/Qwen3-8B,MMLU_selected_subjects,isot_fake_597,clean,0.567,28,223
2025-12-17 05:47:41,Qwen/Qwen3-8B,MMLU_selected_subjects,isot_fake_145,wordd,0.573,28,351
2025-12-17 05:51:56,Qwen/Qwen3-8B,MMLU_selected_subjects,isot_fake_597,meani,0.56,28,223
2025-12-17 05:52:33,Qwen/Qwen3-8B,MMLU_selected_subjects,isot_fake_145,chara,0.569,28,351
2025-12-17 05:56:19,Qwen/Qwen3-8B,MMLU_selected_subjects,isot_fake_597,wordd,0.542,28,223
2025-12-17 05:57:18,Qwen/Qwen3-8B,MMLU_selected_subjects,isot_fake_146,clean,0.587,28,631
2025-12-17 06:00:55,Qwen/Qwen3-8B,MMLU_selected_subjects,isot_fake_597,chara,0.557,28,223
2025-12-17 06:02:04,Qwen/Qwen3-8B,MMLU_selected_subjects,isot_fake_146,meani,0.564,28,631
2025-12-17 06:05:35,Qwen/Qwen3-8B,MMLU_selected_subjects,isot_fake_598,clean,0.603,28,651
2025-12-17 06:06:48,Qwen/Qwen3-8B,MMLU_selected_subjects,isot_fake_146,wordd,0.52,28,631
2025-12-17 06:10:26,Qwen/Qwen3-8B,MMLU_selected_subjects,isot_fake_598,meani,0.59,28,651
2025-12-17 06:12:10,Qwen/Qwen3-8B,MMLU_selected_subjects,isot_fake_146,chara,0.547,28,631
2025-12-17 06:15:05,Qwen/Qwen3-8B,MMLU_selected_subjects,isot_fake_598,wordd,0.608,28,651
2025-12-17 06:16:59,Qwen/Qwen3-8B,MMLU_selected_subjects,isot_fake_147,clean,0.602,28,669
2025-12-17 06:20:37,Qwen/Qwen3-8B,MMLU_selected_subjects,isot_fake_598,chara,0.507,28,651
2025-12-17 06:21:47,Qwen/Qwen3-8B,MMLU_selected_subjects,isot_fake_147,meani,0.61,28,669
2025-12-17 06:25:15,Qwen/Qwen3-8B,MMLU_selected_subjects,isot_fake_599,clean,0.608,28,473
2025-12-17 06:26:34,Qwen/Qwen3-8B,MMLU_selected_subjects,isot_fake_147,wordd,0.578,28,669
2025-12-17 06:29:53,Qwen/Qwen3-8B,MMLU_selected_subjects,isot_fake_599,meani,0.593,28,473
2025-12-17 06:32:04,Qwen/Qwen3-8B,MMLU_selected_subjects,isot_fake_147,chara,0.549,28,669
2025-12-17 06:34:29,Qwen/Qwen3-8B,MMLU_selected_subjects,isot_fake_599,wordd,0.608,28,473
2025-12-17 06:36:40,Qwen/Qwen3-8B,MMLU_selected_subjects,isot_fake_148,clean,0.595,28,444
2025-12-17 06:39:35,Qwen/Qwen3-8B,MMLU_selected_subjects,isot_fake_599,chara,0.517,28,473
2025-12-17 06:41:14,Qwen/Qwen3-8B,MMLU_selected_subjects,isot_fake_148,meani,0.593,28,444
2025-12-17 06:44:02,Qwen/Qwen3-8B,MMLU_selected_subjects,isot_fake_6,clean,0.589,28,325
2025-12-17 06:45:48,Qwen/Qwen3-8B,MMLU_selected_subjects,isot_fake_148,wordd,0.59,28,444
2025-12-17 06:48:32,Qwen/Qwen3-8B,MMLU_selected_subjects,isot_fake_6,meani,0.579,28,325
2025-12-17 06:50:49,Qwen/Qwen3-8B,MMLU_selected_subjects,isot_fake_148,chara,0.523,28,444
2025-12-17 06:53:05,Qwen/Qwen3-8B,MMLU_selected_subjects,isot_fake_6,wordd,0.568,28,325
2025-12-17 06:55:25,Qwen/Qwen3-8B,MMLU_selected_subjects,isot_fake_149,clean,0.615,28,347
2025-12-17 06:57:53,Qwen/Qwen3-8B,MMLU_selected_subjects,isot_fake_6,chara,0.55,28,325
2025-12-17 07:00:02,Qwen/Qwen3-8B,MMLU_selected_subjects,isot_fake_149,meani,0.591,28,347
2025-12-17 07:02:12,Qwen/Qwen3-8B,MMLU_selected_subjects,isot_fake_60,clean,0.608,28,204
2025-12-17 07:04:37,Qwen/Qwen3-8B,MMLU_selected_subjects,isot_fake_149,wordd,0.606,28,347
2025-12-17 07:06:32,Qwen/Qwen3-8B,MMLU_selected_subjects,isot_fake_60,meani,0.586,28,204
2025-12-17 07:09:30,Qwen/Qwen3-8B,MMLU_selected_subjects,isot_fake_149,chara,0.526,28,347
2025-12-17 07:10:53,Qwen/Qwen3-8B,MMLU_selected_subjects,isot_fake_60,wordd,0.592,28,204
2025-12-17 07:13:55,Qwen/Qwen3-8B,MMLU_selected_subjects,isot_fake_15,clean,0.521,28,237
2025-12-17 07:15:25,Qwen/Qwen3-8B,MMLU_selected_subjects,isot_fake_60,chara,0.554,28,204
2025-12-17 07:18:18,Qwen/Qwen3-8B,MMLU_selected_subjects,isot_fake_15,meani,0.551,28,237
2025-12-17 07:20:08,Qwen/Qwen3-8B,MMLU_selected_subjects,isot_fake_600,clean,0.638,28,479
2025-12-17 07:22:42,Qwen/Qwen3-8B,MMLU_selected_subjects,isot_fake_15,wordd,0.524,28,237
2025-12-17 07:24:47,Qwen/Qwen3-8B,MMLU_selected_subjects,isot_fake_600,meani,0.592,28,479
2025-12-17 07:27:21,Qwen/Qwen3-8B,MMLU_selected_subjects,isot_fake_15,chara,0.53,28,237
2025-12-17 07:29:28,Qwen/Qwen3-8B,MMLU_selected_subjects,isot_fake_600,wordd,0.571,28,479
2025-12-17 07:32:15,Qwen/Qwen3-8B,MMLU_selected_subjects,isot_fake_150,clean,0.623,28,780
2025-12-17 07:34:41,Qwen/Qwen3-8B,MMLU_selected_subjects,isot_fake_600,chara,0.545,28,479
2025-12-17 07:37:14,Qwen/Qwen3-8B,MMLU_selected_subjects,isot_fake_150,meani,0.569,28,780
2025-12-17 07:39:37,Qwen/Qwen3-8B,MMLU_selected_subjects,isot_fake_601,clean,0.615,28,742
2025-12-17 07:42:10,Qwen/Qwen3-8B,MMLU_selected_subjects,isot_fake_150,wordd,0.538,28,780
2025-12-17 07:44:32,Qwen/Qwen3-8B,MMLU_selected_subjects,isot_fake_601,meani,0.583,28,742
2025-12-17 07:47:52,Qwen/Qwen3-8B,MMLU_selected_subjects,isot_fake_150,chara,0.54,28,780
2025-12-17 07:49:32,Qwen/Qwen3-8B,MMLU_selected_subjects,isot_fake_601,wordd,0.579,28,742
2025-12-17 07:52:29,Qwen/Qwen3-8B,MMLU_selected_subjects,isot_fake_151,clean,0.587,28,497
2025-12-17 07:55:19,Qwen/Qwen3-8B,MMLU_selected_subjects,isot_fake_601,chara,0.557,28,742
2025-12-17 07:57:08,Qwen/Qwen3-8B,MMLU_selected_subjects,isot_fake_151,meani,0.607,28,497
2025-12-17 07:59:54,Qwen/Qwen3-8B,MMLU_selected_subjects,isot_fake_602,clean,0.608,28,398
2025-12-17 08:01:46,Qwen/Qwen3-8B,MMLU_selected_subjects,isot_fake_151,wordd,0.577,28,497
2025-12-17 08:04:25,Qwen/Qwen3-8B,MMLU_selected_subjects,isot_fake_602,meani,0.559,28,398
2025-12-17 08:06:54,Qwen/Qwen3-8B,MMLU_selected_subjects,isot_fake_151,chara,0.541,28,497
2025-12-17 08:08:53,Qwen/Qwen3-8B,MMLU_selected_subjects,isot_fake_602,wordd,0.592,28,398
2025-12-17 08:11:19,Qwen/Qwen3-8B,MMLU_selected_subjects,isot_fake_152,clean,0.607,28,270
2025-12-17 08:13:47,Qwen/Qwen3-8B,MMLU_selected_subjects,isot_fake_602,chara,0.519,28,398
2025-12-17 08:15:44,Qwen/Qwen3-8B,MMLU_selected_subjects,isot_fake_152,meani,0.596,28,270
2025-12-17 08:18:51,Qwen/Qwen3-8B,MMLU_selected_subjects,isot_fake_603,clean,0.626,28,785
2025-12-17 08:20:12,Qwen/Qwen3-8B,MMLU_selected_subjects,isot_fake_152,wordd,0.576,28,270
2025-12-17 08:23:54,Qwen/Qwen3-8B,MMLU_selected_subjects,isot_fake_603,meani,0.607,28,785
2025-12-17 08:24:55,Qwen/Qwen3-8B,MMLU_selected_subjects,isot_fake_152,chara,0.529,28,270
2025-12-17 08:29:03,Qwen/Qwen3-8B,MMLU_selected_subjects,isot_fake_603,wordd,0.599,28,785
2025-12-17 08:29:25,Qwen/Qwen3-8B,MMLU_selected_subjects,isot_fake_153,clean,0.601,28,311
2025-12-17 08:33:54,Qwen/Qwen3-8B,MMLU_selected_subjects,isot_fake_153,meani,0.606,28,311
2025-12-17 08:34:47,Qwen/Qwen3-8B,MMLU_selected_subjects,isot_fake_603,chara,0.538,28,785
2025-12-17 08:38:24,Qwen/Qwen3-8B,MMLU_selected_subjects,isot_fake_153,wordd,0.588,28,311
2025-12-17 08:39:29,Qwen/Qwen3-8B,MMLU_selected_subjects,isot_fake_604,clean,0.594,28,615
2025-12-17 08:43:12,Qwen/Qwen3-8B,MMLU_selected_subjects,isot_fake_153,chara,0.552,28,311
2025-12-17 08:44:10,Qwen/Qwen3-8B,MMLU_selected_subjects,isot_fake_604,meani,0.582,28,615
2025-12-17 08:47:55,Qwen/Qwen3-8B,MMLU_selected_subjects,isot_fake_154,clean,0.588,28,541
2025-12-17 08:48:52,Qwen/Qwen3-8B,MMLU_selected_subjects,isot_fake_604,wordd,0.574,28,615
2025-12-17 08:52:36,Qwen/Qwen3-8B,MMLU_selected_subjects,isot_fake_154,meani,0.602,28,541
2025-12-17 08:54:11,Qwen/Qwen3-8B,MMLU_selected_subjects,isot_fake_604,chara,0.529,28,615
2025-12-17 08:57:18,Qwen/Qwen3-8B,MMLU_selected_subjects,isot_fake_154,wordd,0.594,28,541
2025-12-17 08:59:10,Qwen/Qwen3-8B,MMLU_selected_subjects,isot_fake_605,clean,0.603,28,662
2025-12-17 09:02:33,Qwen/Qwen3-8B,MMLU_selected_subjects,isot_fake_154,chara,0.54,28,541
2025-12-17 09:04:10,Qwen/Qwen3-8B,MMLU_selected_subjects,isot_fake_605,meani,0.591,28,662
2025-12-17 09:07:04,Qwen/Qwen3-8B,MMLU_selected_subjects,isot_fake_155,clean,0.611,28,400
2025-12-17 09:09:10,Qwen/Qwen3-8B,MMLU_selected_subjects,isot_fake_605,wordd,0.582,28,662
2025-12-17 09:11:37,Qwen/Qwen3-8B,MMLU_selected_subjects,isot_fake_155,meani,0.604,28,400
2025-12-17 09:14:49,Qwen/Qwen3-8B,MMLU_selected_subjects,isot_fake_605,chara,0.501,28,662
2025-12-17 09:16:10,Qwen/Qwen3-8B,MMLU_selected_subjects,isot_fake_155,wordd,0.589,28,400
2025-12-17 09:19:16,Qwen/Qwen3-8B,MMLU_selected_subjects,isot_fake_606,clean,0.608,28,254
2025-12-17 09:21:06,Qwen/Qwen3-8B,MMLU_selected_subjects,isot_fake_155,chara,0.553,28,400
2025-12-17 09:23:39,Qwen/Qwen3-8B,MMLU_selected_subjects,isot_fake_606,meani,0.58,28,254
2025-12-17 09:25:42,Qwen/Qwen3-8B,MMLU_selected_subjects,isot_fake_156,clean,0.6,28,447
2025-12-17 09:28:01,Qwen/Qwen3-8B,MMLU_selected_subjects,isot_fake_606,wordd,0.588,28,254
2025-12-17 09:30:18,Qwen/Qwen3-8B,MMLU_selected_subjects,isot_fake_156,meani,0.601,28,447
2025-12-17 09:32:39,Qwen/Qwen3-8B,MMLU_selected_subjects,isot_fake_606,chara,0.543,28,254
2025-12-17 09:34:52,Qwen/Qwen3-8B,MMLU_selected_subjects,isot_fake_156,wordd,0.584,28,447
2025-12-17 09:37:32,Qwen/Qwen3-8B,MMLU_selected_subjects,isot_fake_607,clean,0.583,28,782
2025-12-17 09:39:56,Qwen/Qwen3-8B,MMLU_selected_subjects,isot_fake_156,chara,0.534,28,447
2025-12-17 09:42:24,Qwen/Qwen3-8B,MMLU_selected_subjects,isot_fake_607,meani,0.565,28,782
2025-12-17 09:44:30,Qwen/Qwen3-8B,MMLU_selected_subjects,isot_fake_157,clean,0.601,28,311
2025-12-17 09:47:20,Qwen/Qwen3-8B,MMLU_selected_subjects,isot_fake_607,wordd,0.57,28,782
2025-12-17 09:49:04,Qwen/Qwen3-8B,MMLU_selected_subjects,isot_fake_157,meani,0.608,28,311
2025-12-17 09:52:59,Qwen/Qwen3-8B,MMLU_selected_subjects,isot_fake_607,chara,0.548,28,782
2025-12-17 09:53:35,Qwen/Qwen3-8B,MMLU_selected_subjects,isot_fake_157,wordd,0.586,28,311
2025-12-17 09:57:56,Qwen/Qwen3-8B,MMLU_selected_subjects,isot_fake_608,clean,0.615,28,742
2025-12-17 09:58:27,Qwen/Qwen3-8B,MMLU_selected_subjects,isot_fake_157,chara,0.559,28,311
2025-12-17 10:02:49,Qwen/Qwen3-8B,MMLU_selected_subjects,isot_fake_608,meani,0.61,28,742
2025-12-17 10:03:20,Qwen/Qwen3-8B,MMLU_selected_subjects,isot_fake_158,clean,0.586,28,770
2025-12-17 10:07:44,Qwen/Qwen3-8B,MMLU_selected_subjects,isot_fake_608,wordd,0.592,28,742
2025-12-17 10:08:13,Qwen/Qwen3-8B,MMLU_selected_subjects,isot_fake_158,meani,0.585,28,770
2025-12-17 10:13:06,Qwen/Qwen3-8B,MMLU_selected_subjects,isot_fake_158,wordd,0.587,28,770
2025-12-17 10:13:22,Qwen/Qwen3-8B,MMLU_selected_subjects,isot_fake_608,chara,0.505,28,742
2025-12-17 10:18:19,Qwen/Qwen3-8B,MMLU_selected_subjects,isot_fake_609,clean,0.604,28,555
2025-12-17 10:18:48,Qwen/Qwen3-8B,MMLU_selected_subjects,isot_fake_158,chara,0.552,28,770
2025-12-17 10:23:15,Qwen/Qwen3-8B,MMLU_selected_subjects,isot_fake_609,meani,0.594,28,555
2025-12-17 10:23:46,Qwen/Qwen3-8B,MMLU_selected_subjects,isot_fake_159,clean,0.616,28,791
2025-12-17 10:28:19,Qwen/Qwen3-8B,MMLU_selected_subjects,isot_fake_609,wordd,0.585,28,555
2025-12-17 10:28:44,Qwen/Qwen3-8B,MMLU_selected_subjects,isot_fake_159,meani,0.612,28,791
2025-12-17 10:33:41,Qwen/Qwen3-8B,MMLU_selected_subjects,isot_fake_159,wordd,0.595,28,791
2025-12-17 10:33:48,Qwen/Qwen3-8B,MMLU_selected_subjects,isot_fake_609,chara,0.539,28,555
2025-12-17 10:38:36,Qwen/Qwen3-8B,MMLU_selected_subjects,isot_fake_61,clean,0.634,28,624
2025-12-17 10:39:32,Qwen/Qwen3-8B,MMLU_selected_subjects,isot_fake_159,chara,0.539,28,791
2025-12-17 10:43:25,Qwen/Qwen3-8B,MMLU_selected_subjects,isot_fake_61,meani,0.595,28,624
2025-12-17 10:44:39,Qwen/Qwen3-8B,MMLU_selected_subjects,isot_fake_16,clean,0.622,28,775
2025-12-17 10:48:13,Qwen/Qwen3-8B,MMLU_selected_subjects,isot_fake_61,wordd,0.563,28,624
2025-12-17 10:49:45,Qwen/Qwen3-8B,MMLU_selected_subjects,isot_fake_16,meani,0.609,28,775
2025-12-17 10:53:41,Qwen/Qwen3-8B,MMLU_selected_subjects,isot_fake_61,chara,0.54,28,624
2025-12-17 10:54:53,Qwen/Qwen3-8B,MMLU_selected_subjects,isot_fake_16,wordd,0.585,28,775
2025-12-17 10:58:18,Qwen/Qwen3-8B,MMLU_selected_subjects,isot_fake_610,clean,0.632,28,357
2025-12-17 11:00:52,Qwen/Qwen3-8B,MMLU_selected_subjects,isot_fake_16,chara,0.553,28,775
2025-12-17 11:02:53,Qwen/Qwen3-8B,MMLU_selected_subjects,isot_fake_610,meani,0.624,28,357
2025-12-17 11:05:26,Qwen/Qwen3-8B,MMLU_selected_subjects,isot_fake_160,clean,0.581,28,219
2025-12-17 11:07:27,Qwen/Qwen3-8B,MMLU_selected_subjects,isot_fake_610,wordd,0.613,28,357
2025-12-17 11:10:00,Qwen/Qwen3-8B,MMLU_selected_subjects,isot_fake_160,meani,0.55,28,219
2025-12-17 11:12:29,Qwen/Qwen3-8B,MMLU_selected_subjects,isot_fake_610,chara,0.535,28,357
2025-12-17 11:14:33,Qwen/Qwen3-8B,MMLU_selected_subjects,isot_fake_160,wordd,0.582,28,219
2025-12-17 11:17:28,Qwen/Qwen3-8B,MMLU_selected_subjects,isot_fake_611,clean,0.625,28,699
2025-12-17 11:19:19,Qwen/Qwen3-8B,MMLU_selected_subjects,isot_fake_160,chara,0.544,28,219
2025-12-17 11:22:25,Qwen/Qwen3-8B,MMLU_selected_subjects,isot_fake_611,meani,0.604,28,699
2025-12-17 11:23:53,Qwen/Qwen3-8B,MMLU_selected_subjects,isot_fake_161,clean,0.591,28,266
2025-12-17 11:27:31,Qwen/Qwen3-8B,MMLU_selected_subjects,isot_fake_611,wordd,0.619,28,699
2025-12-17 11:28:33,Qwen/Qwen3-8B,MMLU_selected_subjects,isot_fake_161,meani,0.549,28,266
2025-12-17 11:33:11,Qwen/Qwen3-8B,MMLU_selected_subjects,isot_fake_161,wordd,0.572,28,266
2025-12-17 11:33:12,Qwen/Qwen3-8B,MMLU_selected_subjects,isot_fake_611,chara,0.519,28,699
2025-12-17 11:38:03,Qwen/Qwen3-8B,MMLU_selected_subjects,isot_fake_612,clean,0.622,28,346
2025-12-17 11:38:07,Qwen/Qwen3-8B,MMLU_selected_subjects,isot_fake_161,chara,0.515,28,266
2025-12-17 11:42:55,Qwen/Qwen3-8B,MMLU_selected_subjects,isot_fake_612,meani,0.625,28,346
2025-12-17 11:43:11,Qwen/Qwen3-8B,MMLU_selected_subjects,isot_fake_162,clean,0.608,28,593
2025-12-17 11:47:42,Qwen/Qwen3-8B,MMLU_selected_subjects,isot_fake_612,wordd,0.628,28,346
2025-12-17 11:48:09,Qwen/Qwen3-8B,MMLU_selected_subjects,isot_fake_162,meani,0.571,28,593
2025-12-17 11:52:47,Qwen/Qwen3-8B,MMLU_selected_subjects,isot_fake_612,chara,0.558,28,346
2025-12-17 11:53:08,Qwen/Qwen3-8B,MMLU_selected_subjects,isot_fake_162,wordd,0.573,28,593
2025-12-17 11:57:52,Qwen/Qwen3-8B,MMLU_selected_subjects,isot_fake_613,clean,0.615,28,623
2025-12-17 11:58:50,Qwen/Qwen3-8B,MMLU_selected_subjects,isot_fake_162,chara,0.556,28,593
2025-12-17 12:02:59,Qwen/Qwen3-8B,MMLU_selected_subjects,isot_fake_613,meani,0.596,28,623
2025-12-17 12:03:39,Qwen/Qwen3-8B,MMLU_selected_subjects,isot_fake_163,clean,0.622,28,259
2025-12-17 12:08:02,Qwen/Qwen3-8B,MMLU_selected_subjects,isot_fake_613,wordd,0.617,28,623
2025-12-17 12:08:23,Qwen/Qwen3-8B,MMLU_selected_subjects,isot_fake_163,meani,0.629,28,259
2025-12-17 12:13:04,Qwen/Qwen3-8B,MMLU_selected_subjects,isot_fake_163,wordd,0.614,28,259
2025-12-17 12:13:41,Qwen/Qwen3-8B,MMLU_selected_subjects,isot_fake_613,chara,0.529,28,623
2025-12-17 12:18:08,Qwen/Qwen3-8B,MMLU_selected_subjects,isot_fake_163,chara,0.551,28,259
2025-12-17 12:18:22,Qwen/Qwen3-8B,MMLU_selected_subjects,isot_fake_614,clean,0.577,28,399
2025-12-17 12:22:56,Qwen/Qwen3-8B,MMLU_selected_subjects,isot_fake_164,clean,0.614,28,393
2025-12-17 12:23:01,Qwen/Qwen3-8B,MMLU_selected_subjects,isot_fake_614,meani,0.597,28,399
2025-12-17 12:27:47,Qwen/Qwen3-8B,MMLU_selected_subjects,isot_fake_614,wordd,0.579,28,399
2025-12-17 12:28:00,Qwen/Qwen3-8B,MMLU_selected_subjects,isot_fake_164,meani,0.595,28,393
2025-12-17 12:32:54,Qwen/Qwen3-8B,MMLU_selected_subjects,isot_fake_164,wordd,0.598,28,393
2025-12-17 12:32:58,Qwen/Qwen3-8B,MMLU_selected_subjects,isot_fake_614,chara,0.53,28,399
2025-12-17 12:37:50,Qwen/Qwen3-8B,MMLU_selected_subjects,isot_fake_615,clean,0.609,28,423
2025-12-17 12:38:05,Qwen/Qwen3-8B,MMLU_selected_subjects,isot_fake_164,chara,0.532,28,393
2025-12-17 12:42:39,Qwen/Qwen3-8B,MMLU_selected_subjects,isot_fake_615,meani,0.581,28,423
2025-12-17 12:43:06,Qwen/Qwen3-8B,MMLU_selected_subjects,isot_fake_165,clean,0.6,28,611
2025-12-17 12:47:23,Qwen/Qwen3-8B,MMLU_selected_subjects,isot_fake_615,wordd,0.601,28,423
2025-12-17 12:48:09,Qwen/Qwen3-8B,MMLU_selected_subjects,isot_fake_165,meani,0.596,28,611
2025-12-17 12:52:38,Qwen/Qwen3-8B,MMLU_selected_subjects,isot_fake_615,chara,0.547,28,423
2025-12-17 12:53:10,Qwen/Qwen3-8B,MMLU_selected_subjects,isot_fake_165,wordd,0.597,28,611
2025-12-17 12:57:31,Qwen/Qwen3-8B,MMLU_selected_subjects,isot_fake_616,clean,0.579,28,654
2025-12-17 12:58:47,Qwen/Qwen3-8B,MMLU_selected_subjects,isot_fake_165,chara,0.549,28,611
2025-12-17 13:02:24,Qwen/Qwen3-8B,MMLU_selected_subjects,isot_fake_616,meani,0.548,28,654
2025-12-17 13:03:40,Qwen/Qwen3-8B,MMLU_selected_subjects,isot_fake_166,clean,0.611,28,554
2025-12-17 13:07:17,Qwen/Qwen3-8B,MMLU_selected_subjects,isot_fake_616,wordd,0.566,28,654
2025-12-17 13:08:38,Qwen/Qwen3-8B,MMLU_selected_subjects,isot_fake_166,meani,0.603,28,554
2025-12-17 13:12:51,Qwen/Qwen3-8B,MMLU_selected_subjects,isot_fake_616,chara,0.558,28,654
2025-12-17 13:13:31,Qwen/Qwen3-8B,MMLU_selected_subjects,isot_fake_166,wordd,0.588,28,554
2025-12-17 13:17:30,Qwen/Qwen3-8B,MMLU_selected_subjects,isot_fake_617,clean,0.593,28,328
2025-12-17 13:19:02,Qwen/Qwen3-8B,MMLU_selected_subjects,isot_fake_166,chara,0.536,28,554
2025-12-17 13:22:13,Qwen/Qwen3-8B,MMLU_selected_subjects,isot_fake_617,meani,0.585,28,328
2025-12-17 13:23:46,Qwen/Qwen3-8B,MMLU_selected_subjects,isot_fake_167,clean,0.621,28,377
2025-12-17 13:26:47,Qwen/Qwen3-8B,MMLU_selected_subjects,isot_fake_617,wordd,0.575,28,328
2025-12-17 13:28:28,Qwen/Qwen3-8B,MMLU_selected_subjects,isot_fake_167,meani,0.617,28,377
2025-12-17 13:31:40,Qwen/Qwen3-8B,MMLU_selected_subjects,isot_fake_617,chara,0.557,28,328
2025-12-17 13:33:10,Qwen/Qwen3-8B,MMLU_selected_subjects,isot_fake_167,wordd,0.622,28,377
2025-12-17 13:36:39,Qwen/Qwen3-8B,MMLU_selected_subjects,isot_fake_618,clean,0.617,28,714
2025-12-17 13:38:16,Qwen/Qwen3-8B,MMLU_selected_subjects,isot_fake_167,chara,0.545,28,377
2025-12-17 13:41:43,Qwen/Qwen3-8B,MMLU_selected_subjects,isot_fake_618,meani,0.575,28,714
2025-12-17 13:43:19,Qwen/Qwen3-8B,MMLU_selected_subjects,isot_fake_168,clean,0.629,28,637
2025-12-17 13:46:46,Qwen/Qwen3-8B,MMLU_selected_subjects,isot_fake_618,wordd,0.556,28,714
2025-12-17 13:48:27,Qwen/Qwen3-8B,MMLU_selected_subjects,isot_fake_168,meani,0.61,28,637
2025-12-17 13:52:29,Qwen/Qwen3-8B,MMLU_selected_subjects,isot_fake_618,chara,0.531,28,714
2025-12-17 13:53:31,Qwen/Qwen3-8B,MMLU_selected_subjects,isot_fake_168,wordd,0.607,28,637
2025-12-17 13:57:17,Qwen/Qwen3-8B,MMLU_selected_subjects,isot_fake_619,clean,0.607,28,483
2025-12-17 13:59:16,Qwen/Qwen3-8B,MMLU_selected_subjects,isot_fake_168,chara,0.522,28,637
2025-12-17 14:02:02,Qwen/Qwen3-8B,MMLU_selected_subjects,isot_fake_619,meani,0.575,28,483
2025-12-17 14:03:59,Qwen/Qwen3-8B,MMLU_selected_subjects,isot_fake_169,clean,0.6,28,241
2025-12-17 14:06:50,Qwen/Qwen3-8B,MMLU_selected_subjects,isot_fake_619,wordd,0.552,28,483
2025-12-17 14:08:36,Qwen/Qwen3-8B,MMLU_selected_subjects,isot_fake_169,meani,0.606,28,241
2025-12-17 14:12:10,Qwen/Qwen3-8B,MMLU_selected_subjects,isot_fake_619,chara,0.541,28,483
2025-12-17 14:13:18,Qwen/Qwen3-8B,MMLU_selected_subjects,isot_fake_169,wordd,0.599,28,241
2025-12-17 14:17:06,Qwen/Qwen3-8B,MMLU_selected_subjects,isot_fake_62,clean,0.632,28,506
2025-12-17 14:18:20,Qwen/Qwen3-8B,MMLU_selected_subjects,isot_fake_169,chara,0.549,28,241
2025-12-17 14:22:03,Qwen/Qwen3-8B,MMLU_selected_subjects,isot_fake_62,meani,0.584,28,506
2025-12-17 14:23:04,Qwen/Qwen3-8B,MMLU_selected_subjects,isot_fake_17,clean,0.549,28,224
2025-12-17 14:27:01,Qwen/Qwen3-8B,MMLU_selected_subjects,isot_fake_62,wordd,0.604,28,506
2025-12-17 14:27:49,Qwen/Qwen3-8B,MMLU_selected_subjects,isot_fake_17,meani,0.571,28,224
2025-12-17 14:32:22,Qwen/Qwen3-8B,MMLU_selected_subjects,isot_fake_62,chara,0.546,28,506
2025-12-17 14:32:25,Qwen/Qwen3-8B,MMLU_selected_subjects,isot_fake_17,wordd,0.58,28,224
2025-12-17 14:36:56,Qwen/Qwen3-8B,MMLU_selected_subjects,isot_fake_620,clean,0.62,28,201
2025-12-17 14:37:18,Qwen/Qwen3-8B,MMLU_selected_subjects,isot_fake_17,chara,0.557,28,224
2025-12-17 14:41:33,Qwen/Qwen3-8B,MMLU_selected_subjects,isot_fake_620,meani,0.609,28,201
2025-12-17 14:42:31,Qwen/Qwen3-8B,MMLU_selected_subjects,isot_fake_170,clean,0.6,28,774
2025-12-17 14:46:08,Qwen/Qwen3-8B,MMLU_selected_subjects,isot_fake_620,wordd,0.587,28,201
2025-12-17 14:47:42,Qwen/Qwen3-8B,MMLU_selected_subjects,isot_fake_170,meani,0.597,28,774
2025-12-17 14:50:56,Qwen/Qwen3-8B,MMLU_selected_subjects,isot_fake_620,chara,0.544,28,201
2025-12-17 14:52:52,Qwen/Qwen3-8B,MMLU_selected_subjects,isot_fake_170,wordd,0.585,28,774
2025-12-17 14:55:46,Qwen/Qwen3-8B,MMLU_selected_subjects,isot_fake_621,clean,0.618,28,371
2025-12-17 14:58:55,Qwen/Qwen3-8B,MMLU_selected_subjects,isot_fake_170,chara,0.56,28,774
2025-12-17 15:00:33,Qwen/Qwen3-8B,MMLU_selected_subjects,isot_fake_621,meani,0.611,28,371
2025-12-17 15:04:05,Qwen/Qwen3-8B,MMLU_selected_subjects,isot_fake_171,clean,0.625,28,713
2025-12-17 15:05:22,Qwen/Qwen3-8B,MMLU_selected_subjects,isot_fake_621,wordd,0.595,28,371
2025-12-17 15:09:07,Qwen/Qwen3-8B,MMLU_selected_subjects,isot_fake_171,meani,0.565,28,713
2025-12-17 15:10:27,Qwen/Qwen3-8B,MMLU_selected_subjects,isot_fake_621,chara,0.53,28,371
2025-12-17 15:14:07,Qwen/Qwen3-8B,MMLU_selected_subjects,isot_fake_171,wordd,0.583,28,713
2025-12-17 15:15:20,Qwen/Qwen3-8B,MMLU_selected_subjects,isot_fake_622,clean,0.594,28,608
2025-12-17 15:19:48,Qwen/Qwen3-8B,MMLU_selected_subjects,isot_fake_171,chara,0.544,28,713
2025-12-17 15:20:11,Qwen/Qwen3-8B,MMLU_selected_subjects,isot_fake_622,meani,0.556,28,608
2025-12-17 15:24:52,Qwen/Qwen3-8B,MMLU_selected_subjects,isot_fake_172,clean,0.617,28,490
2025-12-17 15:25:11,Qwen/Qwen3-8B,MMLU_selected_subjects,isot_fake_622,wordd,0.542,28,608
2025-12-17 15:29:55,Qwen/Qwen3-8B,MMLU_selected_subjects,isot_fake_172,meani,0.605,28,490
2025-12-17 15:30:41,Qwen/Qwen3-8B,MMLU_selected_subjects,isot_fake_622,chara,0.533,28,608
2025-12-17 15:34:54,Qwen/Qwen3-8B,MMLU_selected_subjects,isot_fake_172,wordd,0.617,28,490
2025-12-17 15:35:43,Qwen/Qwen3-8B,MMLU_selected_subjects,isot_fake_623,clean,0.586,28,770
2025-12-17 15:40:25,Qwen/Qwen3-8B,MMLU_selected_subjects,isot_fake_172,chara,0.561,28,490
2025-12-17 15:40:44,Qwen/Qwen3-8B,MMLU_selected_subjects,isot_fake_623,meani,0.597,28,770
2025-12-17 15:45:20,Qwen/Qwen3-8B,MMLU_selected_subjects,isot_fake_173,clean,0.595,28,531
2025-12-17 15:45:41,Qwen/Qwen3-8B,MMLU_selected_subjects,isot_fake_623,wordd,0.595,28,770
2025-12-17 15:50:12,Qwen/Qwen3-8B,MMLU_selected_subjects,isot_fake_173,meani,0.586,28,531
2025-12-17 15:51:34,Qwen/Qwen3-8B,MMLU_selected_subjects,isot_fake_623,chara,0.517,28,770
2025-12-17 15:54:59,Qwen/Qwen3-8B,MMLU_selected_subjects,isot_fake_173,wordd,0.572,28,531
2025-12-17 15:56:17,Qwen/Qwen3-8B,MMLU_selected_subjects,isot_fake_624,clean,0.618,28,351
2025-12-17 16:00:22,Qwen/Qwen3-8B,MMLU_selected_subjects,isot_fake_173,chara,0.579,28,531
2025-12-17 16:00:59,Qwen/Qwen3-8B,MMLU_selected_subjects,isot_fake_624,meani,0.577,28,351
2025-12-17 16:05:18,Qwen/Qwen3-8B,MMLU_selected_subjects,isot_fake_174,clean,0.624,28,659
2025-12-17 16:05:39,Qwen/Qwen3-8B,MMLU_selected_subjects,isot_fake_624,wordd,0.604,28,351
2025-12-17 16:10:16,Qwen/Qwen3-8B,MMLU_selected_subjects,isot_fake_174,meani,0.622,28,659
2025-12-17 16:10:48,Qwen/Qwen3-8B,MMLU_selected_subjects,isot_fake_624,chara,0.523,28,351
2025-12-17 16:15:13,Qwen/Qwen3-8B,MMLU_selected_subjects,isot_fake_174,wordd,0.588,28,659
2025-12-17 16:15:41,Qwen/Qwen3-8B,MMLU_selected_subjects,isot_fake_625,clean,0.577,28,459
2025-12-17 16:20:28,Qwen/Qwen3-8B,MMLU_selected_subjects,isot_fake_625,meani,0.601,28,459
2025-12-17 16:20:52,Qwen/Qwen3-8B,MMLU_selected_subjects,isot_fake_174,chara,0.515,28,659
2025-12-17 16:25:14,Qwen/Qwen3-8B,MMLU_selected_subjects,isot_fake_625,wordd,0.592,28,459
2025-12-17 16:25:35,Qwen/Qwen3-8B,MMLU_selected_subjects,isot_fake_175,clean,0.585,28,340
2025-12-17 16:30:15,Qwen/Qwen3-8B,MMLU_selected_subjects,isot_fake_175,meani,0.562,28,340
2025-12-17 16:30:25,Qwen/Qwen3-8B,MMLU_selected_subjects,isot_fake_625,chara,0.549,28,459
2025-12-17 16:34:55,Qwen/Qwen3-8B,MMLU_selected_subjects,isot_fake_175,wordd,0.55,28,340
2025-12-17 16:35:26,Qwen/Qwen3-8B,MMLU_selected_subjects,isot_fake_626,clean,0.6,28,587
2025-12-17 16:39:53,Qwen/Qwen3-8B,MMLU_selected_subjects,isot_fake_175,chara,0.535,28,340
2025-12-17 16:40:28,Qwen/Qwen3-8B,MMLU_selected_subjects,isot_fake_626,meani,0.566,28,587
2025-12-17 16:44:41,Qwen/Qwen3-8B,MMLU_selected_subjects,isot_fake_176,clean,0.592,28,528
2025-12-17 16:45:36,Qwen/Qwen3-8B,MMLU_selected_subjects,isot_fake_626,wordd,0.558,28,587
2025-12-17 16:49:28,Qwen/Qwen3-8B,MMLU_selected_subjects,isot_fake_176,meani,0.614,28,528
2025-12-17 16:51:06,Qwen/Qwen3-8B,MMLU_selected_subjects,isot_fake_626,chara,0.561,28,587
2025-12-17 16:54:13,Qwen/Qwen3-8B,MMLU_selected_subjects,isot_fake_176,wordd,0.586,28,528
2025-12-17 16:55:56,Qwen/Qwen3-8B,MMLU_selected_subjects,isot_fake_627,clean,0.578,28,521
2025-12-17 16:59:33,Qwen/Qwen3-8B,MMLU_selected_subjects,isot_fake_176,chara,0.533,28,528
2025-12-17 17:00:43,Qwen/Qwen3-8B,MMLU_selected_subjects,isot_fake_627,meani,0.565,28,521
2025-12-17 17:04:03,Qwen/Qwen3-8B,MMLU_selected_subjects,isot_fake_177,clean,0.584,28,229
2025-12-17 17:05:29,Qwen/Qwen3-8B,MMLU_selected_subjects,isot_fake_627,wordd,0.585,28,521
2025-12-17 17:08:32,Qwen/Qwen3-8B,MMLU_selected_subjects,isot_fake_177,meani,0.574,28,229
2025-12-17 17:10:50,Qwen/Qwen3-8B,MMLU_selected_subjects,isot_fake_627,chara,0.522,28,521
2025-12-17 17:13:02,Qwen/Qwen3-8B,MMLU_selected_subjects,isot_fake_177,wordd,0.6,28,229
2025-12-17 17:15:38,Qwen/Qwen3-8B,MMLU_selected_subjects,isot_fake_628,clean,0.601,28,555
2025-12-17 17:17:44,Qwen/Qwen3-8B,MMLU_selected_subjects,isot_fake_177,chara,0.554,28,229
2025-12-17 17:20:31,Qwen/Qwen3-8B,MMLU_selected_subjects,isot_fake_628,meani,0.615,28,555
2025-12-17 17:22:22,Qwen/Qwen3-8B,MMLU_selected_subjects,isot_fake_178,clean,0.632,28,271
2025-12-17 17:25:21,Qwen/Qwen3-8B,MMLU_selected_subjects,isot_fake_628,wordd,0.593,28,555
2025-12-17 17:26:59,Qwen/Qwen3-8B,MMLU_selected_subjects,isot_fake_178,meani,0.596,28,271
2025-12-17 17:30:48,Qwen/Qwen3-8B,MMLU_selected_subjects,isot_fake_628,chara,0.518,28,555
2025-12-17 17:31:37,Qwen/Qwen3-8B,MMLU_selected_subjects,isot_fake_178,wordd,0.6,28,271
2025-12-17 17:35:28,Qwen/Qwen3-8B,MMLU_selected_subjects,isot_fake_629,clean,0.606,28,386
2025-12-17 17:36:28,Qwen/Qwen3-8B,MMLU_selected_subjects,isot_fake_178,chara,0.544,28,271
2025-12-17 17:40:10,Qwen/Qwen3-8B,MMLU_selected_subjects,isot_fake_629,meani,0.587,28,386
2025-12-17 17:41:17,Qwen/Qwen3-8B,MMLU_selected_subjects,isot_fake_179,clean,0.612,28,560
2025-12-17 17:44:49,Qwen/Qwen3-8B,MMLU_selected_subjects,isot_fake_629,wordd,0.572,28,386
2025-12-17 17:46:05,Qwen/Qwen3-8B,MMLU_selected_subjects,isot_fake_179,meani,0.611,28,560
2025-12-17 17:49:53,Qwen/Qwen3-8B,MMLU_selected_subjects,isot_fake_629,chara,0.519,28,386
2025-12-17 17:50:53,Qwen/Qwen3-8B,MMLU_selected_subjects,isot_fake_179,wordd,0.597,28,560
2025-12-17 17:54:51,Qwen/Qwen3-8B,MMLU_selected_subjects,isot_fake_63,clean,0.611,28,738
2025-12-17 17:56:18,Qwen/Qwen3-8B,MMLU_selected_subjects,isot_fake_179,chara,0.532,28,560
2025-12-17 17:59:50,Qwen/Qwen3-8B,MMLU_selected_subjects,isot_fake_63,meani,0.616,28,738
2025-12-17 18:01:18,Qwen/Qwen3-8B,MMLU_selected_subjects,isot_fake_18,clean,0.55,28,622
2025-12-17 18:04:50,Qwen/Qwen3-8B,MMLU_selected_subjects,isot_fake_63,wordd,0.587,28,738
2025-12-17 18:06:15,Qwen/Qwen3-8B,MMLU_selected_subjects,isot_fake_18,meani,0.567,28,622
2025-12-17 18:10:28,Qwen/Qwen3-8B,MMLU_selected_subjects,isot_fake_63,chara,0.56,28,738
2025-12-17 18:11:13,Qwen/Qwen3-8B,MMLU_selected_subjects,isot_fake_18,wordd,0.555,28,622
2025-12-17 18:15:16,Qwen/Qwen3-8B,MMLU_selected_subjects,isot_fake_630,clean,0.569,28,509
2025-12-17 18:16:45,Qwen/Qwen3-8B,MMLU_selected_subjects,isot_fake_18,chara,0.551,28,622
2025-12-17 18:20:04,Qwen/Qwen3-8B,MMLU_selected_subjects,isot_fake_630,meani,0.581,28,509
2025-12-17 18:21:18,Qwen/Qwen3-8B,MMLU_selected_subjects,isot_fake_180,clean,0.593,28,239
2025-12-17 18:24:51,Qwen/Qwen3-8B,MMLU_selected_subjects,isot_fake_630,wordd,0.569,28,509
2025-12-17 18:25:51,Qwen/Qwen3-8B,MMLU_selected_subjects,isot_fake_180,meani,0.6,28,239
2025-12-17 18:30:08,Qwen/Qwen3-8B,MMLU_selected_subjects,isot_fake_630,chara,0.523,28,509
2025-12-17 18:30:23,Qwen/Qwen3-8B,MMLU_selected_subjects,isot_fake_180,wordd,0.59,28,239
2025-12-17 18:35:03,Qwen/Qwen3-8B,MMLU_selected_subjects,isot_fake_631,clean,0.615,28,743
2025-12-17 18:35:11,Qwen/Qwen3-8B,MMLU_selected_subjects,isot_fake_180,chara,0.544,28,239
2025-12-17 18:39:50,Qwen/Qwen3-8B,MMLU_selected_subjects,isot_fake_181,clean,0.589,28,340
2025-12-17 18:40:00,Qwen/Qwen3-8B,MMLU_selected_subjects,isot_fake_631,meani,0.572,28,743
2025-12-17 18:44:24,Qwen/Qwen3-8B,MMLU_selected_subjects,isot_fake_181,meani,0.577,28,340
2025-12-17 18:44:57,Qwen/Qwen3-8B,MMLU_selected_subjects,isot_fake_631,wordd,0.585,28,743
2025-12-17 18:48:59,Qwen/Qwen3-8B,MMLU_selected_subjects,isot_fake_181,wordd,0.537,28,340
2025-12-17 18:50:42,Qwen/Qwen3-8B,MMLU_selected_subjects,isot_fake_631,chara,0.531,28,743
2025-12-17 18:53:58,Qwen/Qwen3-8B,MMLU_selected_subjects,isot_fake_181,chara,0.55,28,340
2025-12-17 18:55:38,Qwen/Qwen3-8B,MMLU_selected_subjects,isot_fake_632,clean,0.612,28,681
2025-12-17 18:58:46,Qwen/Qwen3-8B,MMLU_selected_subjects,isot_fake_182,clean,0.596,28,571
2025-12-17 19:00:40,Qwen/Qwen3-8B,MMLU_selected_subjects,isot_fake_632,meani,0.608,28,681
2025-12-17 19:03:35,Qwen/Qwen3-8B,MMLU_selected_subjects,isot_fake_182,meani,0.591,28,571
2025-12-17 19:05:33,Qwen/Qwen3-8B,MMLU_selected_subjects,isot_fake_632,wordd,0.587,28,681
2025-12-17 19:08:19,Qwen/Qwen3-8B,MMLU_selected_subjects,isot_fake_182,wordd,0.595,28,571
2025-12-17 19:11:13,Qwen/Qwen3-8B,MMLU_selected_subjects,isot_fake_632,chara,0.541,28,681
2025-12-17 19:13:44,Qwen/Qwen3-8B,MMLU_selected_subjects,isot_fake_182,chara,0.532,28,571
2025-12-17 19:15:40,Qwen/Qwen3-8B,MMLU_selected_subjects,isot_fake_633,clean,0.565,28,244
2025-12-17 19:18:49,Qwen/Qwen3-8B,MMLU_selected_subjects,isot_fake_183,clean,0.611,28,679
2025-12-17 19:20:09,Qwen/Qwen3-8B,MMLU_selected_subjects,isot_fake_633,meani,0.607,28,244
2025-12-17 19:23:51,Qwen/Qwen3-8B,MMLU_selected_subjects,isot_fake_183,meani,0.587,28,679
2025-12-17 19:24:43,Qwen/Qwen3-8B,MMLU_selected_subjects,isot_fake_633,wordd,0.594,28,244
2025-12-17 19:28:55,Qwen/Qwen3-8B,MMLU_selected_subjects,isot_fake_183,wordd,0.57,28,679
2025-12-17 19:29:28,Qwen/Qwen3-8B,MMLU_selected_subjects,isot_fake_633,chara,0.55,28,244
2025-12-17 19:34:33,Qwen/Qwen3-8B,MMLU_selected_subjects,isot_fake_634,clean,0.594,28,791
2025-12-17 19:34:34,Qwen/Qwen3-8B,MMLU_selected_subjects,isot_fake_183,chara,0.53,28,679
2025-12-17 19:39:30,Qwen/Qwen3-8B,MMLU_selected_subjects,isot_fake_184,clean,0.615,28,743
2025-12-17 19:39:41,Qwen/Qwen3-8B,MMLU_selected_subjects,isot_fake_634,meani,0.607,28,791
2025-12-17 19:44:27,Qwen/Qwen3-8B,MMLU_selected_subjects,isot_fake_184,meani,0.59,28,743
2025-12-17 19:44:44,Qwen/Qwen3-8B,MMLU_selected_subjects,isot_fake_634,wordd,0.598,28,791
2025-12-17 19:49:27,Qwen/Qwen3-8B,MMLU_selected_subjects,isot_fake_184,wordd,0.563,28,743
2025-12-17 19:50:31,Qwen/Qwen3-8B,MMLU_selected_subjects,isot_fake_634,chara,0.519,28,791
2025-12-17 19:55:13,Qwen/Qwen3-8B,MMLU_selected_subjects,isot_fake_184,chara,0.542,28,743
2025-12-17 19:55:35,Qwen/Qwen3-8B,MMLU_selected_subjects,isot_fake_635,clean,0.618,28,698
2025-12-17 20:00:03,Qwen/Qwen3-8B,MMLU_selected_subjects,isot_fake_185,clean,0.596,28,555
2025-12-17 20:00:38,Qwen/Qwen3-8B,MMLU_selected_subjects,isot_fake_635,meani,0.61,28,698
2025-12-17 20:04:51,Qwen/Qwen3-8B,MMLU_selected_subjects,isot_fake_185,meani,0.607,28,555
2025-12-17 20:05:45,Qwen/Qwen3-8B,MMLU_selected_subjects,isot_fake_635,wordd,0.566,28,698
2025-12-17 20:09:38,Qwen/Qwen3-8B,MMLU_selected_subjects,isot_fake_185,wordd,0.601,28,555
2025-12-17 20:11:28,Qwen/Qwen3-8B,MMLU_selected_subjects,isot_fake_635,chara,0.511,28,698
2025-12-17 20:14:59,Qwen/Qwen3-8B,MMLU_selected_subjects,isot_fake_185,chara,0.534,28,555
2025-12-17 20:15:57,Qwen/Qwen3-8B,MMLU_selected_subjects,isot_fake_636,clean,0.538,28,222
2025-12-17 20:20:00,Qwen/Qwen3-8B,MMLU_selected_subjects,isot_fake_186,clean,0.601,28,650
2025-12-17 20:20:32,Qwen/Qwen3-8B,MMLU_selected_subjects,isot_fake_636,meani,0.499,28,222
2025-12-17 20:24:59,Qwen/Qwen3-8B,MMLU_selected_subjects,isot_fake_186,meani,0.6,28,650
2025-12-17 20:25:04,Qwen/Qwen3-8B,MMLU_selected_subjects,isot_fake_636,wordd,0.525,28,222
2025-12-17 20:29:44,Qwen/Qwen3-8B,MMLU_selected_subjects,isot_fake_636,chara,0.448,28,222
2025-12-17 20:29:59,Qwen/Qwen3-8B,MMLU_selected_subjects,isot_fake_186,wordd,0.605,28,650
2025-12-17 20:34:30,Qwen/Qwen3-8B,MMLU_selected_subjects,isot_fake_637,clean,0.603,28,633
2025-12-17 20:35:34,Qwen/Qwen3-8B,MMLU_selected_subjects,isot_fake_186,chara,0.516,28,650
2025-12-17 20:39:16,Qwen/Qwen3-8B,MMLU_selected_subjects,isot_fake_637,meani,0.611,28,633
2025-12-17 20:40:15,Qwen/Qwen3-8B,MMLU_selected_subjects,isot_fake_187,clean,0.613,28,404
2025-12-17 20:44:05,Qwen/Qwen3-8B,MMLU_selected_subjects,isot_fake_637,wordd,0.594,28,633
2025-12-17 20:45:00,Qwen/Qwen3-8B,MMLU_selected_subjects,isot_fake_187,meani,0.559,28,404
2025-12-17 20:49:32,Qwen/Qwen3-8B,MMLU_selected_subjects,isot_fake_637,chara,0.541,28,633
2025-12-17 20:49:45,Qwen/Qwen3-8B,MMLU_selected_subjects,isot_fake_187,wordd,0.557,28,404
2025-12-17 20:54:21,Qwen/Qwen3-8B,MMLU_selected_subjects,isot_fake_638,clean,0.615,28,570
2025-12-17 20:54:50,Qwen/Qwen3-8B,MMLU_selected_subjects,isot_fake_187,chara,0.528,28,404
2025-12-17 20:59:05,Qwen/Qwen3-8B,MMLU_selected_subjects,isot_fake_638,meani,0.606,28,570
2025-12-17 20:59:30,Qwen/Qwen3-8B,MMLU_selected_subjects,isot_fake_188,clean,0.629,28,199
2025-12-17 21:03:52,Qwen/Qwen3-8B,MMLU_selected_subjects,isot_fake_638,wordd,0.571,28,570
2025-12-17 21:04:04,Qwen/Qwen3-8B,MMLU_selected_subjects,isot_fake_188,meani,0.566,28,199
2025-12-17 21:08:39,Qwen/Qwen3-8B,MMLU_selected_subjects,isot_fake_188,wordd,0.608,28,199
2025-12-17 21:09:14,Qwen/Qwen3-8B,MMLU_selected_subjects,isot_fake_638,chara,0.549,28,570
2025-12-17 21:13:24,Qwen/Qwen3-8B,MMLU_selected_subjects,isot_fake_188,chara,0.561,28,199
2025-12-17 21:13:46,Qwen/Qwen3-8B,MMLU_selected_subjects,isot_fake_639,clean,0.587,28,214
2025-12-17 21:18:19,Qwen/Qwen3-8B,MMLU_selected_subjects,isot_fake_189,clean,0.557,28,689
2025-12-17 21:18:20,Qwen/Qwen3-8B,MMLU_selected_subjects,isot_fake_639,meani,0.59,28,214
2025-12-17 21:22:50,Qwen/Qwen3-8B,MMLU_selected_subjects,isot_fake_639,wordd,0.597,28,214
2025-12-17 21:23:14,Qwen/Qwen3-8B,MMLU_selected_subjects,isot_fake_189,meani,0.579,28,689
2025-12-17 21:27:35,Qwen/Qwen3-8B,MMLU_selected_subjects,isot_fake_639,chara,0.574,28,214
2025-12-17 21:28:10,Qwen/Qwen3-8B,MMLU_selected_subjects,isot_fake_189,wordd,0.557,28,689
2025-12-17 21:32:28,Qwen/Qwen3-8B,MMLU_selected_subjects,isot_fake_64,clean,0.597,28,586
2025-12-17 21:33:43,Qwen/Qwen3-8B,MMLU_selected_subjects,isot_fake_189,chara,0.537,28,689
2025-12-17 21:37:22,Qwen/Qwen3-8B,MMLU_selected_subjects,isot_fake_64,meani,0.561,28,586
2025-12-17 21:38:52,Qwen/Qwen3-8B,MMLU_selected_subjects,isot_fake_19,clean,0.633,28,661
2025-12-17 21:42:20,Qwen/Qwen3-8B,MMLU_selected_subjects,isot_fake_64,wordd,0.568,28,586
2025-12-17 21:43:51,Qwen/Qwen3-8B,MMLU_selected_subjects,isot_fake_19,meani,0.556,28,661
2025-12-17 21:47:45,Qwen/Qwen3-8B,MMLU_selected_subjects,isot_fake_64,chara,0.511,28,586
2025-12-17 21:48:53,Qwen/Qwen3-8B,MMLU_selected_subjects,isot_fake_19,wordd,0.557,28,661
2025-12-17 21:52:37,Qwen/Qwen3-8B,MMLU_selected_subjects,isot_fake_640,clean,0.571,28,532
2025-12-17 21:54:24,Qwen/Qwen3-8B,MMLU_selected_subjects,isot_fake_19,chara,0.529,28,661
2025-12-17 21:57:30,Qwen/Qwen3-8B,MMLU_selected_subjects,isot_fake_640,meani,0.6,28,532
2025-12-17 21:59:17,Qwen/Qwen3-8B,MMLU_selected_subjects,isot_fake_190,clean,0.613,28,656
2025-12-17 22:02:15,Qwen/Qwen3-8B,MMLU_selected_subjects,isot_fake_640,wordd,0.568,28,532
2025-12-17 22:04:10,Qwen/Qwen3-8B,MMLU_selected_subjects,isot_fake_190,meani,0.609,28,656
2025-12-17 22:07:37,Qwen/Qwen3-8B,MMLU_selected_subjects,isot_fake_640,chara,0.538,28,532
2025-12-17 22:09:01,Qwen/Qwen3-8B,MMLU_selected_subjects,isot_fake_190,wordd,0.593,28,656
2025-12-17 22:12:37,Qwen/Qwen3-8B,MMLU_selected_subjects,isot_fake_641,clean,0.624,28,659
2025-12-17 22:14:32,Qwen/Qwen3-8B,MMLU_selected_subjects,isot_fake_190,chara,0.543,28,656
2025-12-17 22:17:35,Qwen/Qwen3-8B,MMLU_selected_subjects,isot_fake_641,meani,0.611,28,659
2025-12-17 22:19:11,Qwen/Qwen3-8B,MMLU_selected_subjects,isot_fake_191,clean,0.575,28,438
2025-12-17 22:22:31,Qwen/Qwen3-8B,MMLU_selected_subjects,isot_fake_641,wordd,0.613,28,659
2025-12-17 22:23:49,Qwen/Qwen3-8B,MMLU_selected_subjects,isot_fake_191,meani,0.6,28,438
2025-12-17 22:28:09,Qwen/Qwen3-8B,MMLU_selected_subjects,isot_fake_641,chara,0.534,28,659
2025-12-17 22:28:27,Qwen/Qwen3-8B,MMLU_selected_subjects,isot_fake_191,wordd,0.56,28,438
2025-12-17 22:33:03,Qwen/Qwen3-8B,MMLU_selected_subjects,isot_fake_642,clean,0.595,28,517
2025-12-17 22:33:32,Qwen/Qwen3-8B,MMLU_selected_subjects,isot_fake_191,chara,0.539,28,438
2025-12-17 22:37:56,Qwen/Qwen3-8B,MMLU_selected_subjects,isot_fake_642,meani,0.61,28,517
2025-12-17 22:38:18,Qwen/Qwen3-8B,MMLU_selected_subjects,isot_fake_192,clean,0.645,28,540
2025-12-17 22:42:54,Qwen/Qwen3-8B,MMLU_selected_subjects,isot_fake_642,wordd,0.608,28,517
2025-12-17 22:43:03,Qwen/Qwen3-8B,MMLU_selected_subjects,isot_fake_192,meani,0.599,28,540
2025-12-17 22:47:49,Qwen/Qwen3-8B,MMLU_selected_subjects,isot_fake_192,wordd,0.597,28,540
2025-12-17 22:48:17,Qwen/Qwen3-8B,MMLU_selected_subjects,isot_fake_642,chara,0.539,28,517
2025-12-17 22:53:02,Qwen/Qwen3-8B,MMLU_selected_subjects,isot_fake_192,chara,0.509,28,540
2025-12-17 22:53:04,Qwen/Qwen3-8B,MMLU_selected_subjects,isot_fake_643,clean,0.618,28,454
2025-12-17 22:57:47,Qwen/Qwen3-8B,MMLU_selected_subjects,isot_fake_643,meani,0.606,28,454
2025-12-17 22:57:54,Qwen/Qwen3-8B,MMLU_selected_subjects,isot_fake_193,clean,0.605,28,572
2025-12-17 23:02:32,Qwen/Qwen3-8B,MMLU_selected_subjects,isot_fake_643,wordd,0.58,28,454
2025-12-17 23:02:44,Qwen/Qwen3-8B,MMLU_selected_subjects,isot_fake_193,meani,0.578,28,572
2025-12-17 23:07:34,Qwen/Qwen3-8B,MMLU_selected_subjects,isot_fake_193,wordd,0.581,28,572
2025-12-17 23:07:42,Qwen/Qwen3-8B,MMLU_selected_subjects,isot_fake_643,chara,0.562,28,454
2025-12-17 23:12:32,Qwen/Qwen3-8B,MMLU_selected_subjects,isot_fake_644,clean,0.588,28,624
2025-12-17 23:12:58,Qwen/Qwen3-8B,MMLU_selected_subjects,isot_fake_193,chara,0.541,28,572
2025-12-17 23:17:25,Qwen/Qwen3-8B,MMLU_selected_subjects,isot_fake_644,meani,0.556,28,624
2025-12-17 23:17:35,Qwen/Qwen3-8B,MMLU_selected_subjects,isot_fake_194,clean,0.587,28,351
2025-12-17 23:22:12,Qwen/Qwen3-8B,MMLU_selected_subjects,isot_fake_194,meani,0.569,28,351
2025-12-17 23:22:16,Qwen/Qwen3-8B,MMLU_selected_subjects,isot_fake_644,wordd,0.565,28,624
2025-12-17 23:26:49,Qwen/Qwen3-8B,MMLU_selected_subjects,isot_fake_194,wordd,0.602,28,351
2025-12-17 23:27:43,Qwen/Qwen3-8B,MMLU_selected_subjects,isot_fake_644,chara,0.55,28,624
2025-12-17 23:31:47,Qwen/Qwen3-8B,MMLU_selected_subjects,isot_fake_194,chara,0.551,28,351
2025-12-17 23:32:39,Qwen/Qwen3-8B,MMLU_selected_subjects,isot_fake_645,clean,0.582,28,650
2025-12-17 23:36:14,Qwen/Qwen3-8B,MMLU_selected_subjects,isot_fake_195,clean,0.602,28,237
2025-12-17 23:37:35,Qwen/Qwen3-8B,MMLU_selected_subjects,isot_fake_645,meani,0.59,28,650
2025-12-17 23:40:41,Qwen/Qwen3-8B,MMLU_selected_subjects,isot_fake_195,meani,0.58,28,237
2025-12-17 23:42:30,Qwen/Qwen3-8B,MMLU_selected_subjects,isot_fake_645,wordd,0.551,28,650
2025-12-17 23:45:07,Qwen/Qwen3-8B,MMLU_selected_subjects,isot_fake_195,wordd,0.582,28,237
2025-12-17 23:48:03,Qwen/Qwen3-8B,MMLU_selected_subjects,isot_fake_645,chara,0.539,28,650
2025-12-17 23:49:48,Qwen/Qwen3-8B,MMLU_selected_subjects,isot_fake_195,chara,0.547,28,237
2025-12-17 23:52:59,Qwen/Qwen3-8B,MMLU_selected_subjects,isot_fake_646,clean,0.621,28,614
2025-12-17 23:54:15,Qwen/Qwen3-8B,MMLU_selected_subjects,isot_fake_196,clean,0.636,28,232
2025-12-17 23:57:53,Qwen/Qwen3-8B,MMLU_selected_subjects,isot_fake_646,meani,0.607,28,614
2025-12-17 23:58:43,Qwen/Qwen3-8B,MMLU_selected_subjects,isot_fake_196,meani,0.596,28,232
2025-12-18 00:02:46,Qwen/Qwen3-8B,MMLU_selected_subjects,isot_fake_646,wordd,0.6,28,614
2025-12-18 00:03:10,Qwen/Qwen3-8B,MMLU_selected_subjects,isot_fake_196,wordd,0.547,28,232
2025-12-18 00:07:51,Qwen/Qwen3-8B,MMLU_selected_subjects,isot_fake_196,chara,0.541,28,232
2025-12-18 00:08:18,Qwen/Qwen3-8B,MMLU_selected_subjects,isot_fake_646,chara,0.549,28,614
2025-12-18 00:12:50,Qwen/Qwen3-8B,MMLU_selected_subjects,isot_fake_197,clean,0.615,28,620
2025-12-18 00:13:04,Qwen/Qwen3-8B,MMLU_selected_subjects,isot_fake_647,clean,0.587,28,367
2025-12-18 00:17:46,Qwen/Qwen3-8B,MMLU_selected_subjects,isot_fake_647,meani,0.578,28,367
2025-12-18 00:17:50,Qwen/Qwen3-8B,MMLU_selected_subjects,isot_fake_197,meani,0.598,28,620
2025-12-18 00:22:25,Qwen/Qwen3-8B,MMLU_selected_subjects,isot_fake_647,wordd,0.589,28,367
2025-12-18 00:22:50,Qwen/Qwen3-8B,MMLU_selected_subjects,isot_fake_197,wordd,0.61,28,620
2025-12-18 00:27:25,Qwen/Qwen3-8B,MMLU_selected_subjects,isot_fake_647,chara,0.538,28,367
2025-12-18 00:28:22,Qwen/Qwen3-8B,MMLU_selected_subjects,isot_fake_197,chara,0.542,28,620
2025-12-18 00:32:19,Qwen/Qwen3-8B,MMLU_selected_subjects,isot_fake_648,clean,0.604,28,567
2025-12-18 00:32:54,Qwen/Qwen3-8B,MMLU_selected_subjects,isot_fake_198,clean,0.607,28,356
2025-12-18 00:37:14,Qwen/Qwen3-8B,MMLU_selected_subjects,isot_fake_648,meani,0.571,28,567
2025-12-18 00:37:27,Qwen/Qwen3-8B,MMLU_selected_subjects,isot_fake_198,meani,0.58,28,356
2025-12-18 00:41:59,Qwen/Qwen3-8B,MMLU_selected_subjects,isot_fake_198,wordd,0.586,28,356
2025-12-18 00:42:04,Qwen/Qwen3-8B,MMLU_selected_subjects,isot_fake_648,wordd,0.596,28,567
2025-12-18 00:46:53,Qwen/Qwen3-8B,MMLU_selected_subjects,isot_fake_198,chara,0.541,28,356
2025-12-18 00:47:29,Qwen/Qwen3-8B,MMLU_selected_subjects,isot_fake_648,chara,0.519,28,567
2025-12-18 00:51:43,Qwen/Qwen3-8B,MMLU_selected_subjects,isot_fake_199,clean,0.623,28,566
2025-12-18 00:52:16,Qwen/Qwen3-8B,MMLU_selected_subjects,isot_fake_649,clean,0.598,28,481
2025-12-18 00:56:33,Qwen/Qwen3-8B,MMLU_selected_subjects,isot_fake_199,meani,0.613,28,566
2025-12-18 00:57:01,Qwen/Qwen3-8B,MMLU_selected_subjects,isot_fake_649,meani,0.596,28,481
2025-12-18 01:01:21,Qwen/Qwen3-8B,MMLU_selected_subjects,isot_fake_199,wordd,0.6,28,566
2025-12-18 01:01:44,Qwen/Qwen3-8B,MMLU_selected_subjects,isot_fake_649,wordd,0.57,28,481
2025-12-18 01:06:45,Qwen/Qwen3-8B,MMLU_selected_subjects,isot_fake_199,chara,0.544,28,566
2025-12-18 01:07:05,Qwen/Qwen3-8B,MMLU_selected_subjects,isot_fake_649,chara,0.583,28,481
2025-12-18 01:11:15,Qwen/Qwen3-8B,MMLU_selected_subjects,isot_fake_2,clean,0.593,28,246
2025-12-18 01:11:43,Qwen/Qwen3-8B,MMLU_selected_subjects,isot_fake_65,clean,0.593,28,385
2025-12-18 01:15:45,Qwen/Qwen3-8B,MMLU_selected_subjects,isot_fake_2,meani,0.55,28,246
2025-12-18 01:16:20,Qwen/Qwen3-8B,MMLU_selected_subjects,isot_fake_65,meani,0.596,28,385
2025-12-18 01:20:18,Qwen/Qwen3-8B,MMLU_selected_subjects,isot_fake_2,wordd,0.523,28,246
2025-12-18 01:21:00,Qwen/Qwen3-8B,MMLU_selected_subjects,isot_fake_65,wordd,0.592,28,385
2025-12-18 01:25:05,Qwen/Qwen3-8B,MMLU_selected_subjects,isot_fake_2,chara,0.54,28,246
2025-12-18 01:25:58,Qwen/Qwen3-8B,MMLU_selected_subjects,isot_fake_65,chara,0.534,28,385
2025-12-18 01:29:59,Qwen/Qwen3-8B,MMLU_selected_subjects,isot_fake_20,clean,0.607,28,638
2025-12-18 01:30:30,Qwen/Qwen3-8B,MMLU_selected_subjects,isot_fake_650,clean,0.618,28,310
2025-12-18 01:34:52,Qwen/Qwen3-8B,MMLU_selected_subjects,isot_fake_20,meani,0.591,28,638
2025-12-18 01:35:05,Qwen/Qwen3-8B,MMLU_selected_subjects,isot_fake_650,meani,0.597,28,310
2025-12-18 01:39:37,Qwen/Qwen3-8B,MMLU_selected_subjects,isot_fake_650,wordd,0.603,28,310
2025-12-18 01:39:44,Qwen/Qwen3-8B,MMLU_selected_subjects,isot_fake_20,wordd,0.583,28,638
2025-12-18 01:44:30,Qwen/Qwen3-8B,MMLU_selected_subjects,isot_fake_650,chara,0.55,28,310
2025-12-18 01:45:13,Qwen/Qwen3-8B,MMLU_selected_subjects,isot_fake_20,chara,0.534,28,638
2025-12-18 01:49:35,Qwen/Qwen3-8B,MMLU_selected_subjects,isot_fake_651,clean,0.603,28,747
2025-12-18 01:50:06,Qwen/Qwen3-8B,MMLU_selected_subjects,isot_fake_200,clean,0.593,28,654
2025-12-18 01:54:34,Qwen/Qwen3-8B,MMLU_selected_subjects,isot_fake_651,meani,0.584,28,747
2025-12-18 01:54:59,Qwen/Qwen3-8B,MMLU_selected_subjects,isot_fake_200,meani,0.585,28,654
2025-12-18 01:59:36,Qwen/Qwen3-8B,MMLU_selected_subjects,isot_fake_651,wordd,0.56,28,747
2025-12-18 01:59:51,Qwen/Qwen3-8B,MMLU_selected_subjects,isot_fake_200,wordd,0.573,28,654
2025-12-18 02:05:17,Qwen/Qwen3-8B,MMLU_selected_subjects,isot_fake_651,chara,0.527,28,747
2025-12-18 02:05:24,Qwen/Qwen3-8B,MMLU_selected_subjects,isot_fake_200,chara,0.538,28,654
2025-12-18 02:09:56,Qwen/Qwen3-8B,MMLU_selected_subjects,isot_fake_201,clean,0.611,28,324
2025-12-18 02:10:18,Qwen/Qwen3-8B,MMLU_selected_subjects,isot_fake_652,clean,0.604,28,708
2025-12-18 02:14:28,Qwen/Qwen3-8B,MMLU_selected_subjects,isot_fake_201,meani,0.58,28,324
2025-12-18 02:15:17,Qwen/Qwen3-8B,MMLU_selected_subjects,isot_fake_652,meani,0.588,28,708
2025-12-18 02:19:00,Qwen/Qwen3-8B,MMLU_selected_subjects,isot_fake_201,wordd,0.557,28,324
2025-12-18 02:20:18,Qwen/Qwen3-8B,MMLU_selected_subjects,isot_fake_652,wordd,0.575,28,708
2025-12-18 02:23:52,Qwen/Qwen3-8B,MMLU_selected_subjects,isot_fake_201,chara,0.535,28,324
2025-12-18 02:26:02,Qwen/Qwen3-8B,MMLU_selected_subjects,isot_fake_652,chara,0.543,28,708
2025-12-18 02:28:25,Qwen/Qwen3-8B,MMLU_selected_subjects,isot_fake_202,clean,0.64,28,211
2025-12-18 02:31:03,Qwen/Qwen3-8B,MMLU_selected_subjects,isot_fake_653,clean,0.595,28,552
2025-12-18 02:32:55,Qwen/Qwen3-8B,MMLU_selected_subjects,isot_fake_202,meani,0.619,28,211
2025-12-18 02:36:06,Qwen/Qwen3-8B,MMLU_selected_subjects,isot_fake_653,meani,0.603,28,552
2025-12-18 02:37:27,Qwen/Qwen3-8B,MMLU_selected_subjects,isot_fake_202,wordd,0.617,28,211
2025-12-18 02:41:10,Qwen/Qwen3-8B,MMLU_selected_subjects,isot_fake_653,wordd,0.562,28,552
2025-12-18 02:42:11,Qwen/Qwen3-8B,MMLU_selected_subjects,isot_fake_202,chara,0.565,28,211
2025-12-18 02:46:48,Qwen/Qwen3-8B,MMLU_selected_subjects,isot_fake_203,clean,0.604,28,297
2025-12-18 02:46:50,Qwen/Qwen3-8B,MMLU_selected_subjects,isot_fake_653,chara,0.533,28,552
2025-12-18 02:51:24,Qwen/Qwen3-8B,MMLU_selected_subjects,isot_fake_203,meani,0.556,28,297
2025-12-18 02:51:25,Qwen/Qwen3-8B,MMLU_selected_subjects,isot_fake_654,clean,0.618,28,219
2025-12-18 02:55:58,Qwen/Qwen3-8B,MMLU_selected_subjects,isot_fake_203,wordd,0.545,28,297
2025-12-18 02:56:00,Qwen/Qwen3-8B,MMLU_selected_subjects,isot_fake_654,meani,0.61,28,219
2025-12-18 03:00:34,Qwen/Qwen3-8B,MMLU_selected_subjects,isot_fake_654,wordd,0.605,28,219
2025-12-18 03:00:47,Qwen/Qwen3-8B,MMLU_selected_subjects,isot_fake_203,chara,0.514,28,297
2025-12-18 03:05:21,Qwen/Qwen3-8B,MMLU_selected_subjects,isot_fake_654,chara,0.536,28,219
2025-12-18 03:05:22,Qwen/Qwen3-8B,MMLU_selected_subjects,isot_fake_204,clean,0.599,28,273
2025-12-18 03:09:51,Qwen/Qwen3-8B,MMLU_selected_subjects,isot_fake_655,clean,0.59,28,222
2025-12-18 03:09:56,Qwen/Qwen3-8B,MMLU_selected_subjects,isot_fake_204,meani,0.607,28,273
2025-12-18 03:14:20,Qwen/Qwen3-8B,MMLU_selected_subjects,isot_fake_655,meani,0.586,28,222
2025-12-18 03:14:29,Qwen/Qwen3-8B,MMLU_selected_subjects,isot_fake_204,wordd,0.607,28,273
2025-12-18 03:18:50,Qwen/Qwen3-8B,MMLU_selected_subjects,isot_fake_655,wordd,0.567,28,222
2025-12-18 03:19:15,Qwen/Qwen3-8B,MMLU_selected_subjects,isot_fake_204,chara,0.522,28,273
2025-12-18 03:23:31,Qwen/Qwen3-8B,MMLU_selected_subjects,isot_fake_655,chara,0.562,28,222
2025-12-18 03:23:53,Qwen/Qwen3-8B,MMLU_selected_subjects,isot_fake_205,clean,0.592,28,383
2025-12-18 03:28:13,Qwen/Qwen3-8B,MMLU_selected_subjects,isot_fake_656,clean,0.617,28,452
2025-12-18 03:28:29,Qwen/Qwen3-8B,MMLU_selected_subjects,isot_fake_205,meani,0.587,28,383
2025-12-18 03:32:58,Qwen/Qwen3-8B,MMLU_selected_subjects,isot_fake_656,meani,0.579,28,452
2025-12-18 03:33:05,Qwen/Qwen3-8B,MMLU_selected_subjects,isot_fake_205,wordd,0.607,28,383
2025-12-18 03:37:38,Qwen/Qwen3-8B,MMLU_selected_subjects,isot_fake_656,wordd,0.576,28,452
2025-12-18 03:38:04,Qwen/Qwen3-8B,MMLU_selected_subjects,isot_fake_205,chara,0.491,28,383
2025-12-18 03:42:44,Qwen/Qwen3-8B,MMLU_selected_subjects,isot_fake_206,clean,0.604,28,423
2025-12-18 03:42:45,Qwen/Qwen3-8B,MMLU_selected_subjects,isot_fake_656,chara,0.548,28,452
2025-12-18 03:47:15,Qwen/Qwen3-8B,MMLU_selected_subjects,isot_fake_657,clean,0.631,28,254
2025-12-18 03:47:24,Qwen/Qwen3-8B,MMLU_selected_subjects,isot_fake_206,meani,0.579,28,423
2025-12-18 03:51:48,Qwen/Qwen3-8B,MMLU_selected_subjects,isot_fake_657,meani,0.579,28,254
2025-12-18 03:52:03,Qwen/Qwen3-8B,MMLU_selected_subjects,isot_fake_206,wordd,0.605,28,423
2025-12-18 03:56:18,Qwen/Qwen3-8B,MMLU_selected_subjects,isot_fake_657,wordd,0.591,28,254
2025-12-18 03:57:08,Qwen/Qwen3-8B,MMLU_selected_subjects,isot_fake_206,chara,0.528,28,423
2025-12-18 04:01:03,Qwen/Qwen3-8B,MMLU_selected_subjects,isot_fake_657,chara,0.541,28,254
2025-12-18 04:01:46,Qwen/Qwen3-8B,MMLU_selected_subjects,isot_fake_207,clean,0.6,28,447
2025-12-18 04:05:58,Qwen/Qwen3-8B,MMLU_selected_subjects,isot_fake_658,clean,0.599,28,631
2025-12-18 04:06:26,Qwen/Qwen3-8B,MMLU_selected_subjects,isot_fake_207,meani,0.606,28,447
2025-12-18 04:10:57,Qwen/Qwen3-8B,MMLU_selected_subjects,isot_fake_658,meani,0.571,28,631
2025-12-18 04:11:05,Qwen/Qwen3-8B,MMLU_selected_subjects,isot_fake_207,wordd,0.606,28,447
2025-12-18 04:15:48,Qwen/Qwen3-8B,MMLU_selected_subjects,isot_fake_658,wordd,0.571,28,631
2025-12-18 04:16:12,Qwen/Qwen3-8B,MMLU_selected_subjects,isot_fake_207,chara,0.544,28,447
2025-12-18 04:21:16,Qwen/Qwen3-8B,MMLU_selected_subjects,isot_fake_208,clean,0.611,28,694
2025-12-18 04:21:18,Qwen/Qwen3-8B,MMLU_selected_subjects,isot_fake_658,chara,0.535,28,631
2025-12-18 04:26:15,Qwen/Qwen3-8B,MMLU_selected_subjects,isot_fake_659,clean,0.611,28,731
2025-12-18 04:26:20,Qwen/Qwen3-8B,MMLU_selected_subjects,isot_fake_208,meani,0.568,28,694
2025-12-18 04:31:13,Qwen/Qwen3-8B,MMLU_selected_subjects,isot_fake_659,meani,0.573,28,731
2025-12-18 04:31:23,Qwen/Qwen3-8B,MMLU_selected_subjects,isot_fake_208,wordd,0.577,28,694
2025-12-18 04:36:09,Qwen/Qwen3-8B,MMLU_selected_subjects,isot_fake_659,wordd,0.564,28,731
2025-12-18 04:37:02,Qwen/Qwen3-8B,MMLU_selected_subjects,isot_fake_208,chara,0.536,28,694
2025-12-18 04:41:50,Qwen/Qwen3-8B,MMLU_selected_subjects,isot_fake_209,clean,0.586,28,575
2025-12-18 04:41:56,Qwen/Qwen3-8B,MMLU_selected_subjects,isot_fake_659,chara,0.553,28,731
2025-12-18 04:46:36,Qwen/Qwen3-8B,MMLU_selected_subjects,isot_fake_209,meani,0.573,28,575
2025-12-18 04:46:48,Qwen/Qwen3-8B,MMLU_selected_subjects,isot_fake_66,clean,0.601,28,678
2025-12-18 04:51:25,Qwen/Qwen3-8B,MMLU_selected_subjects,isot_fake_209,wordd,0.558,28,575
2025-12-18 04:51:42,Qwen/Qwen3-8B,MMLU_selected_subjects,isot_fake_66,meani,0.586,28,678
2025-12-18 04:56:36,Qwen/Qwen3-8B,MMLU_selected_subjects,isot_fake_66,wordd,0.574,28,678
2025-12-18 04:56:49,Qwen/Qwen3-8B,MMLU_selected_subjects,isot_fake_209,chara,0.541,28,575
2025-12-18 05:01:24,Qwen/Qwen3-8B,MMLU_selected_subjects,isot_fake_21,clean,0.622,28,301
2025-12-18 05:02:14,Qwen/Qwen3-8B,MMLU_selected_subjects,isot_fake_66,chara,0.536,28,678
2025-12-18 05:05:58,Qwen/Qwen3-8B,MMLU_selected_subjects,isot_fake_21,meani,0.592,28,301
2025-12-18 05:07:09,Qwen/Qwen3-8B,MMLU_selected_subjects,isot_fake_660,clean,0.601,28,604
2025-12-18 05:10:33,Qwen/Qwen3-8B,MMLU_selected_subjects,isot_fake_21,wordd,0.582,28,301
2025-12-18 05:11:56,Qwen/Qwen3-8B,MMLU_selected_subjects,isot_fake_660,meani,0.592,28,604
2025-12-18 05:15:24,Qwen/Qwen3-8B,MMLU_selected_subjects,isot_fake_21,chara,0.552,28,301
2025-12-18 05:16:45,Qwen/Qwen3-8B,MMLU_selected_subjects,isot_fake_660,wordd,0.594,28,604
2025-12-18 05:20:16,Qwen/Qwen3-8B,MMLU_selected_subjects,isot_fake_210,clean,0.602,28,673
2025-12-18 05:22:10,Qwen/Qwen3-8B,MMLU_selected_subjects,isot_fake_660,chara,0.539,28,604
2025-12-18 05:25:08,Qwen/Qwen3-8B,MMLU_selected_subjects,isot_fake_210,meani,0.603,28,673
2025-12-18 05:26:43,Qwen/Qwen3-8B,MMLU_selected_subjects,isot_fake_661,clean,0.6,28,208
2025-12-18 05:30:00,Qwen/Qwen3-8B,MMLU_selected_subjects,isot_fake_210,wordd,0.596,28,673
2025-12-18 05:31:10,Qwen/Qwen3-8B,MMLU_selected_subjects,isot_fake_661,meani,0.601,28,208
2025-12-18 05:35:32,Qwen/Qwen3-8B,MMLU_selected_subjects,isot_fake_210,chara,0.54,28,673
2025-12-18 05:35:42,Qwen/Qwen3-8B,MMLU_selected_subjects,isot_fake_661,wordd,0.569,28,208
2025-12-18 05:40:13,Qwen/Qwen3-8B,MMLU_selected_subjects,isot_fake_211,clean,0.6,28,433
2025-12-18 05:40:25,Qwen/Qwen3-8B,MMLU_selected_subjects,isot_fake_661,chara,0.556,28,208
2025-12-18 05:44:53,Qwen/Qwen3-8B,MMLU_selected_subjects,isot_fake_211,meani,0.582,28,433
2025-12-18 05:45:07,Qwen/Qwen3-8B,MMLU_selected_subjects,isot_fake_662,clean,0.547,28,496
2025-12-18 05:49:34,Qwen/Qwen3-8B,MMLU_selected_subjects,isot_fake_211,wordd,0.584,28,433
2025-12-18 05:49:47,Qwen/Qwen3-8B,MMLU_selected_subjects,isot_fake_662,meani,0.589,28,496
2025-12-18 05:54:29,Qwen/Qwen3-8B,MMLU_selected_subjects,isot_fake_662,wordd,0.583,28,496
2025-12-18 05:54:41,Qwen/Qwen3-8B,MMLU_selected_subjects,isot_fake_211,chara,0.533,28,433
2025-12-18 05:59:10,Qwen/Qwen3-8B,MMLU_selected_subjects,isot_fake_212,clean,0.59,28,214
2025-12-18 05:59:41,Qwen/Qwen3-8B,MMLU_selected_subjects,isot_fake_662,chara,0.532,28,496
2025-12-18 06:03:38,Qwen/Qwen3-8B,MMLU_selected_subjects,isot_fake_212,meani,0.576,28,214
2025-12-18 06:04:53,Qwen/Qwen3-8B,MMLU_selected_subjects,isot_fake_663,clean,0.641,28,644
2025-12-18 06:08:05,Qwen/Qwen3-8B,MMLU_selected_subjects,isot_fake_212,wordd,0.593,28,214
2025-12-18 06:10:02,Qwen/Qwen3-8B,MMLU_selected_subjects,isot_fake_663,meani,0.595,28,644
2025-12-18 06:12:45,Qwen/Qwen3-8B,MMLU_selected_subjects,isot_fake_212,chara,0.565,28,214
2025-12-18 06:15:10,Qwen/Qwen3-8B,MMLU_selected_subjects,isot_fake_663,wordd,0.567,28,644
2025-12-18 06:17:50,Qwen/Qwen3-8B,MMLU_selected_subjects,isot_fake_213,clean,0.616,28,754
2025-12-18 06:20:50,Qwen/Qwen3-8B,MMLU_selected_subjects,isot_fake_663,chara,0.507,28,644
2025-12-18 06:22:57,Qwen/Qwen3-8B,MMLU_selected_subjects,isot_fake_213,meani,0.604,28,754
2025-12-18 06:25:26,Qwen/Qwen3-8B,MMLU_selected_subjects,isot_fake_664,clean,0.622,28,301
2025-12-18 06:28:04,Qwen/Qwen3-8B,MMLU_selected_subjects,isot_fake_213,wordd,0.607,28,754
2025-12-18 06:30:02,Qwen/Qwen3-8B,MMLU_selected_subjects,isot_fake_664,meani,0.627,28,301
2025-12-18 06:33:55,Qwen/Qwen3-8B,MMLU_selected_subjects,isot_fake_213,chara,0.539,28,754
2025-12-18 06:34:36,Qwen/Qwen3-8B,MMLU_selected_subjects,isot_fake_664,wordd,0.59,28,301
2025-12-18 06:38:41,Qwen/Qwen3-8B,MMLU_selected_subjects,isot_fake_214,clean,0.581,28,556
2025-12-18 06:39:27,Qwen/Qwen3-8B,MMLU_selected_subjects,isot_fake_664,chara,0.535,28,301
2025-12-18 06:43:26,Qwen/Qwen3-8B,MMLU_selected_subjects,isot_fake_214,meani,0.574,28,556
2025-12-18 06:44:27,Qwen/Qwen3-8B,MMLU_selected_subjects,isot_fake_665,clean,0.6,28,642
2025-12-18 06:48:12,Qwen/Qwen3-8B,MMLU_selected_subjects,isot_fake_214,wordd,0.581,28,556
2025-12-18 06:49:24,Qwen/Qwen3-8B,MMLU_selected_subjects,isot_fake_665,meani,0.59,28,642
2025-12-18 06:53:30,Qwen/Qwen3-8B,MMLU_selected_subjects,isot_fake_214,chara,0.494,28,556
2025-12-18 06:54:19,Qwen/Qwen3-8B,MMLU_selected_subjects,isot_fake_665,wordd,0.588,28,642
2025-12-18 06:58:00,Qwen/Qwen3-8B,MMLU_selected_subjects,isot_fake_215,clean,0.608,28,251
2025-12-18 06:59:50,Qwen/Qwen3-8B,MMLU_selected_subjects,isot_fake_665,chara,0.561,28,642
2025-12-18 07:02:30,Qwen/Qwen3-8B,MMLU_selected_subjects,isot_fake_215,meani,0.602,28,251
2025-12-18 07:04:50,Qwen/Qwen3-8B,MMLU_selected_subjects,isot_fake_666,clean,0.612,28,649
2025-12-18 07:07:01,Qwen/Qwen3-8B,MMLU_selected_subjects,isot_fake_215,wordd,0.604,28,251
2025-12-18 07:09:53,Qwen/Qwen3-8B,MMLU_selected_subjects,isot_fake_666,meani,0.609,28,649
2025-12-18 07:11:45,Qwen/Qwen3-8B,MMLU_selected_subjects,isot_fake_215,chara,0.527,28,251
2025-12-18 07:15:07,Qwen/Qwen3-8B,MMLU_selected_subjects,isot_fake_666,wordd,0.601,28,649
2025-12-18 07:16:23,Qwen/Qwen3-8B,MMLU_selected_subjects,isot_fake_216,clean,0.614,28,249
2025-12-18 07:20:43,Qwen/Qwen3-8B,MMLU_selected_subjects,isot_fake_666,chara,0.54,28,649
2025-12-18 07:21:01,Qwen/Qwen3-8B,MMLU_selected_subjects,isot_fake_216,meani,0.616,28,249
2025-12-18 07:25:36,Qwen/Qwen3-8B,MMLU_selected_subjects,isot_fake_216,wordd,0.596,28,249
2025-12-18 07:25:44,Qwen/Qwen3-8B,MMLU_selected_subjects,isot_fake_667,clean,0.615,28,792
2025-12-18 07:30:25,Qwen/Qwen3-8B,MMLU_selected_subjects,isot_fake_216,chara,0.544,28,249
2025-12-18 07:30:43,Qwen/Qwen3-8B,MMLU_selected_subjects,isot_fake_667,meani,0.587,28,792
2025-12-18 07:34:54,Qwen/Qwen3-8B,MMLU_selected_subjects,isot_fake_217,clean,0.565,28,244
2025-12-18 07:35:42,Qwen/Qwen3-8B,MMLU_selected_subjects,isot_fake_667,wordd,0.569,28,792
2025-12-18 07:39:22,Qwen/Qwen3-8B,MMLU_selected_subjects,isot_fake_217,meani,0.605,28,244
2025-12-18 07:41:28,Qwen/Qwen3-8B,MMLU_selected_subjects,isot_fake_667,chara,0.528,28,792
2025-12-18 07:43:51,Qwen/Qwen3-8B,MMLU_selected_subjects,isot_fake_217,wordd,0.577,28,244
2025-12-18 07:46:18,Qwen/Qwen3-8B,MMLU_selected_subjects,isot_fake_668,clean,0.622,28,518
2025-12-18 07:48:34,Qwen/Qwen3-8B,MMLU_selected_subjects,isot_fake_217,chara,0.529,28,244
2025-12-18 07:51:07,Qwen/Qwen3-8B,MMLU_selected_subjects,isot_fake_668,meani,0.6,28,518
2025-12-18 07:53:14,Qwen/Qwen3-8B,MMLU_selected_subjects,isot_fake_218,clean,0.566,28,454
2025-12-18 07:55:57,Qwen/Qwen3-8B,MMLU_selected_subjects,isot_fake_668,wordd,0.608,28,518
2025-12-18 07:57:52,Qwen/Qwen3-8B,MMLU_selected_subjects,isot_fake_218,meani,0.604,28,454
2025-12-18 08:01:12,Qwen/Qwen3-8B,MMLU_selected_subjects,isot_fake_668,chara,0.549,28,518
2025-12-18 08:02:32,Qwen/Qwen3-8B,MMLU_selected_subjects,isot_fake_218,wordd,0.603,28,454
2025-12-18 08:05:58,Qwen/Qwen3-8B,MMLU_selected_subjects,isot_fake_669,clean,0.634,28,365
2025-12-18 08:07:39,Qwen/Qwen3-8B,MMLU_selected_subjects,isot_fake_218,chara,0.527,28,454
2025-12-18 08:10:42,Qwen/Qwen3-8B,MMLU_selected_subjects,isot_fake_669,meani,0.608,28,365
2025-12-18 08:12:25,Qwen/Qwen3-8B,MMLU_selected_subjects,isot_fake_219,clean,0.607,28,521
2025-12-18 08:15:27,Qwen/Qwen3-8B,MMLU_selected_subjects,isot_fake_669,wordd,0.62,28,365
2025-12-18 08:17:09,Qwen/Qwen3-8B,MMLU_selected_subjects,isot_fake_219,meani,0.596,28,521
2025-12-18 08:20:33,Qwen/Qwen3-8B,MMLU_selected_subjects,isot_fake_669,chara,0.543,28,365
2025-12-18 08:21:56,Qwen/Qwen3-8B,MMLU_selected_subjects,isot_fake_219,wordd,0.601,28,521
2025-12-18 08:25:27,Qwen/Qwen3-8B,MMLU_selected_subjects,isot_fake_67,clean,0.507,28,621
2025-12-18 08:27:11,Qwen/Qwen3-8B,MMLU_selected_subjects,isot_fake_219,chara,0.528,28,521
2025-12-18 08:30:20,Qwen/Qwen3-8B,MMLU_selected_subjects,isot_fake_67,meani,0.601,28,621
2025-12-18 08:32:04,Qwen/Qwen3-8B,MMLU_selected_subjects,isot_fake_22,clean,0.595,28,669
2025-12-18 08:35:14,Qwen/Qwen3-8B,MMLU_selected_subjects,isot_fake_67,wordd,0.595,28,621
2025-12-18 08:36:55,Qwen/Qwen3-8B,MMLU_selected_subjects,isot_fake_22,meani,0.582,28,669
2025-12-18 08:40:41,Qwen/Qwen3-8B,MMLU_selected_subjects,isot_fake_67,chara,0.534,28,621
2025-12-18 08:41:48,Qwen/Qwen3-8B,MMLU_selected_subjects,isot_fake_22,wordd,0.567,28,669
2025-12-18 08:45:43,Qwen/Qwen3-8B,MMLU_selected_subjects,isot_fake_670,clean,0.626,28,736
2025-12-18 08:47:20,Qwen/Qwen3-8B,MMLU_selected_subjects,isot_fake_22,chara,0.536,28,669
2025-12-18 08:50:43,Qwen/Qwen3-8B,MMLU_selected_subjects,isot_fake_670,meani,0.602,28,736
2025-12-18 08:52:05,Qwen/Qwen3-8B,MMLU_selected_subjects,isot_fake_220,clean,0.613,28,505
2025-12-18 08:55:42,Qwen/Qwen3-8B,MMLU_selected_subjects,isot_fake_670,wordd,0.608,28,736
2025-12-18 08:56:47,Qwen/Qwen3-8B,MMLU_selected_subjects,isot_fake_220,meani,0.583,28,505
2025-12-18 09:01:29,Qwen/Qwen3-8B,MMLU_selected_subjects,isot_fake_670,chara,0.549,28,736
2025-12-18 09:01:31,Qwen/Qwen3-8B,MMLU_selected_subjects,isot_fake_220,wordd,0.582,28,505
2025-12-18 09:05:58,Qwen/Qwen3-8B,MMLU_selected_subjects,isot_fake_671,clean,0.597,28,235
2025-12-18 09:06:47,Qwen/Qwen3-8B,MMLU_selected_subjects,isot_fake_220,chara,0.536,28,505
2025-12-18 09:10:29,Qwen/Qwen3-8B,MMLU_selected_subjects,isot_fake_671,meani,0.603,28,235
2025-12-18 09:11:25,Qwen/Qwen3-8B,MMLU_selected_subjects,isot_fake_221,clean,0.548,28,436
2025-12-18 09:14:57,Qwen/Qwen3-8B,MMLU_selected_subjects,isot_fake_671,wordd,0.586,28,235
2025-12-18 09:16:03,Qwen/Qwen3-8B,MMLU_selected_subjects,isot_fake_221,meani,0.587,28,436
2025-12-18 09:19:43,Qwen/Qwen3-8B,MMLU_selected_subjects,isot_fake_671,chara,0.493,28,235
2025-12-18 09:20:39,Qwen/Qwen3-8B,MMLU_selected_subjects,isot_fake_221,wordd,0.586,28,436
2025-12-18 09:24:40,Qwen/Qwen3-8B,MMLU_selected_subjects,isot_fake_672,clean,0.615,28,765
2025-12-18 09:25:45,Qwen/Qwen3-8B,MMLU_selected_subjects,isot_fake_221,chara,0.49,28,436
2025-12-18 09:29:37,Qwen/Qwen3-8B,MMLU_selected_subjects,isot_fake_672,meani,0.612,28,765
2025-12-18 09:30:15,Qwen/Qwen3-8B,MMLU_selected_subjects,isot_fake_222,clean,0.587,28,211
2025-12-18 09:34:37,Qwen/Qwen3-8B,MMLU_selected_subjects,isot_fake_672,wordd,0.606,28,765
2025-12-18 09:34:45,Qwen/Qwen3-8B,MMLU_selected_subjects,isot_fake_222,meani,0.586,28,211
2025-12-18 09:39:22,Qwen/Qwen3-8B,MMLU_selected_subjects,isot_fake_222,wordd,0.524,28,211
2025-12-18 09:40:28,Qwen/Qwen3-8B,MMLU_selected_subjects,isot_fake_672,chara,0.514,28,765
2025-12-18 09:44:13,Qwen/Qwen3-8B,MMLU_selected_subjects,isot_fake_222,chara,0.551,28,211
2025-12-18 09:45:09,Qwen/Qwen3-8B,MMLU_selected_subjects,isot_fake_673,clean,0.59,28,369
2025-12-18 09:49:23,Qwen/Qwen3-8B,MMLU_selected_subjects,isot_fake_223,clean,0.622,28,780
2025-12-18 09:49:48,Qwen/Qwen3-8B,MMLU_selected_subjects,isot_fake_673,meani,0.591,28,369
2025-12-18 09:54:24,Qwen/Qwen3-8B,MMLU_selected_subjects,isot_fake_673,wordd,0.571,28,369
2025-12-18 09:54:24,Qwen/Qwen3-8B,MMLU_selected_subjects,isot_fake_223,meani,0.599,28,780
2025-12-18 09:59:26,Qwen/Qwen3-8B,MMLU_selected_subjects,isot_fake_673,chara,0.533,28,369
2025-12-18 09:59:26,Qwen/Qwen3-8B,MMLU_selected_subjects,isot_fake_223,wordd,0.594,28,780
2025-12-18 10:04:02,Qwen/Qwen3-8B,MMLU_selected_subjects,isot_fake_674,clean,0.626,28,305
2025-12-18 10:05:13,Qwen/Qwen3-8B,MMLU_selected_subjects,isot_fake_223,chara,0.537,28,780
2025-12-18 10:08:43,Qwen/Qwen3-8B,MMLU_selected_subjects,isot_fake_674,meani,0.622,28,305
2025-12-18 10:10:11,Qwen/Qwen3-8B,MMLU_selected_subjects,isot_fake_224,clean,0.559,28,715
2025-12-18 10:13:22,Qwen/Qwen3-8B,MMLU_selected_subjects,isot_fake_674,wordd,0.599,28,305
2025-12-18 10:15:07,Qwen/Qwen3-8B,MMLU_selected_subjects,isot_fake_224,meani,0.606,28,715
2025-12-18 10:18:15,Qwen/Qwen3-8B,MMLU_selected_subjects,isot_fake_674,chara,0.522,28,305
2025-12-18 10:20:03,Qwen/Qwen3-8B,MMLU_selected_subjects,isot_fake_224,wordd,0.585,28,715
2025-12-18 10:22:55,Qwen/Qwen3-8B,MMLU_selected_subjects,isot_fake_675,clean,0.56,28,363
2025-12-18 10:25:47,Qwen/Qwen3-8B,MMLU_selected_subjects,isot_fake_224,chara,0.546,28,715
2025-12-18 10:27:33,Qwen/Qwen3-8B,MMLU_selected_subjects,isot_fake_675,meani,0.614,28,363
2025-12-18 10:30:33,Qwen/Qwen3-8B,MMLU_selected_subjects,isot_fake_225,clean,0.591,28,432
2025-12-18 10:32:12,Qwen/Qwen3-8B,MMLU_selected_subjects,isot_fake_675,wordd,0.572,28,363
2025-12-18 10:35:18,Qwen/Qwen3-8B,MMLU_selected_subjects,isot_fake_225,meani,0.594,28,432
2025-12-18 10:37:17,Qwen/Qwen3-8B,MMLU_selected_subjects,isot_fake_675,chara,0.547,28,363
2025-12-18 10:40:02,Qwen/Qwen3-8B,MMLU_selected_subjects,isot_fake_225,wordd,0.584,28,432
2025-12-18 10:42:01,Qwen/Qwen3-8B,MMLU_selected_subjects,isot_fake_676,clean,0.609,28,510
2025-12-18 10:45:08,Qwen/Qwen3-8B,MMLU_selected_subjects,isot_fake_225,chara,0.562,28,432
2025-12-18 10:46:45,Qwen/Qwen3-8B,MMLU_selected_subjects,isot_fake_676,meani,0.619,28,510
2025-12-18 10:49:39,Qwen/Qwen3-8B,MMLU_selected_subjects,isot_fake_226,clean,0.597,28,235
2025-12-18 10:51:34,Qwen/Qwen3-8B,MMLU_selected_subjects,isot_fake_676,wordd,0.59,28,510
2025-12-18 10:54:13,Qwen/Qwen3-8B,MMLU_selected_subjects,isot_fake_226,meani,0.593,28,235
2025-12-18 10:56:49,Qwen/Qwen3-8B,MMLU_selected_subjects,isot_fake_676,chara,0.546,28,510
2025-12-18 10:58:43,Qwen/Qwen3-8B,MMLU_selected_subjects,isot_fake_226,wordd,0.578,28,235
2025-12-18 11:01:26,Qwen/Qwen3-8B,MMLU_selected_subjects,isot_fake_677,clean,0.642,28,200
2025-12-18 11:03:26,Qwen/Qwen3-8B,MMLU_selected_subjects,isot_fake_226,chara,0.5,28,235
2025-12-18 11:06:00,Qwen/Qwen3-8B,MMLU_selected_subjects,isot_fake_677,meani,0.624,28,200
2025-12-18 11:08:07,Qwen/Qwen3-8B,MMLU_selected_subjects,isot_fake_227,clean,0.601,28,356
2025-12-18 11:10:34,Qwen/Qwen3-8B,MMLU_selected_subjects,isot_fake_677,wordd,0.607,28,200
2025-12-18 11:12:47,Qwen/Qwen3-8B,MMLU_selected_subjects,isot_fake_227,meani,0.599,28,356
2025-12-18 11:15:19,Qwen/Qwen3-8B,MMLU_selected_subjects,isot_fake_677,chara,0.578,28,200
2025-12-18 11:17:26,Qwen/Qwen3-8B,MMLU_selected_subjects,isot_fake_227,wordd,0.616,28,356
2025-12-18 11:19:55,Qwen/Qwen3-8B,MMLU_selected_subjects,isot_fake_678,clean,0.585,28,340
2025-12-18 11:22:27,Qwen/Qwen3-8B,MMLU_selected_subjects,isot_fake_227,chara,0.511,28,356
2025-12-18 11:24:29,Qwen/Qwen3-8B,MMLU_selected_subjects,isot_fake_678,meani,0.571,28,340
2025-12-18 11:27:17,Qwen/Qwen3-8B,MMLU_selected_subjects,isot_fake_228,clean,0.603,28,568
2025-12-18 11:29:06,Qwen/Qwen3-8B,MMLU_selected_subjects,isot_fake_678,wordd,0.576,28,340
2025-12-18 11:32:09,Qwen/Qwen3-8B,MMLU_selected_subjects,isot_fake_228,meani,0.564,28,568
2025-12-18 11:34:03,Qwen/Qwen3-8B,MMLU_selected_subjects,isot_fake_678,chara,0.505,28,340
2025-12-18 11:37:04,Qwen/Qwen3-8B,MMLU_selected_subjects,isot_fake_228,wordd,0.566,28,568
2025-12-18 11:39:24,Qwen/Qwen3-8B,MMLU_selected_subjects,isot_fake_679,clean,0.611,28,738
2025-12-18 11:42:50,Qwen/Qwen3-8B,MMLU_selected_subjects,isot_fake_228,chara,0.553,28,568
2025-12-18 11:44:34,Qwen/Qwen3-8B,MMLU_selected_subjects,isot_fake_679,meani,0.608,28,738
2025-12-18 11:47:51,Qwen/Qwen3-8B,MMLU_selected_subjects,isot_fake_229,clean,0.587,28,658
2025-12-18 11:49:44,Qwen/Qwen3-8B,MMLU_selected_subjects,isot_fake_679,wordd,0.581,28,738
2025-12-18 11:53:20,Qwen/Qwen3-8B,MMLU_selected_subjects,isot_fake_229,meani,0.597,28,658
2025-12-18 11:55:45,Qwen/Qwen3-8B,MMLU_selected_subjects,isot_fake_679,chara,0.538,28,738
2025-12-18 11:59:03,Qwen/Qwen3-8B,MMLU_selected_subjects,isot_fake_229,wordd,0.551,28,658
2025-12-18 12:01:22,Qwen/Qwen3-8B,MMLU_selected_subjects,isot_fake_68,clean,0.61,28,676
2025-12-18 12:05:08,Qwen/Qwen3-8B,MMLU_selected_subjects,isot_fake_229,chara,0.539,28,658
2025-12-18 12:06:21,Qwen/Qwen3-8B,MMLU_selected_subjects,isot_fake_68,meani,0.597,28,676
2025-12-18 12:10:13,Qwen/Qwen3-8B,MMLU_selected_subjects,isot_fake_23,clean,0.596,28,605
2025-12-18 12:11:20,Qwen/Qwen3-8B,MMLU_selected_subjects,isot_fake_68,wordd,0.592,28,676
2025-12-18 12:15:16,Qwen/Qwen3-8B,MMLU_selected_subjects,isot_fake_23,meani,0.575,28,605
2025-12-18 12:17:02,Qwen/Qwen3-8B,MMLU_selected_subjects,isot_fake_68,chara,0.527,28,676
2025-12-18 12:20:22,Qwen/Qwen3-8B,MMLU_selected_subjects,isot_fake_23,wordd,0.585,28,605
2025-12-18 12:22:08,Qwen/Qwen3-8B,MMLU_selected_subjects,isot_fake_680,clean,0.573,28,710
2025-12-18 12:25:59,Qwen/Qwen3-8B,MMLU_selected_subjects,isot_fake_23,chara,0.542,28,605
2025-12-18 12:27:12,Qwen/Qwen3-8B,MMLU_selected_subjects,isot_fake_680,meani,0.586,28,710
2025-12-18 12:31:13,Qwen/Qwen3-8B,MMLU_selected_subjects,isot_fake_230,clean,0.601,28,770
2025-12-18 12:32:15,Qwen/Qwen3-8B,MMLU_selected_subjects,isot_fake_680,wordd,0.585,28,710
2025-12-18 12:36:22,Qwen/Qwen3-8B,MMLU_selected_subjects,isot_fake_230,meani,0.591,28,770
2025-12-18 12:38:01,Qwen/Qwen3-8B,MMLU_selected_subjects,isot_fake_680,chara,0.531,28,710
2025-12-18 12:41:33,Qwen/Qwen3-8B,MMLU_selected_subjects,isot_fake_230,wordd,0.541,28,770
2025-12-18 12:43:07,Qwen/Qwen3-8B,MMLU_selected_subjects,isot_fake_681,clean,0.605,28,663
2025-12-18 12:47:25,Qwen/Qwen3-8B,MMLU_selected_subjects,isot_fake_230,chara,0.581,28,770
2025-12-18 12:48:08,Qwen/Qwen3-8B,MMLU_selected_subjects,isot_fake_681,meani,0.6,28,663
2025-12-18 12:52:04,Qwen/Qwen3-8B,MMLU_selected_subjects,isot_fake_231,clean,0.562,28,246
2025-12-18 12:53:11,Qwen/Qwen3-8B,MMLU_selected_subjects,isot_fake_681,wordd,0.593,28,663
2025-12-18 12:56:41,Qwen/Qwen3-8B,MMLU_selected_subjects,isot_fake_231,meani,0.558,28,246
2025-12-18 12:58:53,Qwen/Qwen3-8B,MMLU_selected_subjects,isot_fake_681,chara,0.506,28,663
2025-12-18 13:01:17,Qwen/Qwen3-8B,MMLU_selected_subjects,isot_fake_231,wordd,0.562,28,246
2025-12-18 13:03:41,Qwen/Qwen3-8B,MMLU_selected_subjects,isot_fake_682,clean,0.573,28,572
2025-12-18 13:06:07,Qwen/Qwen3-8B,MMLU_selected_subjects,isot_fake_231,chara,0.514,28,246
2025-12-18 13:08:30,Qwen/Qwen3-8B,MMLU_selected_subjects,isot_fake_682,meani,0.559,28,572
2025-12-18 13:10:43,Qwen/Qwen3-8B,MMLU_selected_subjects,isot_fake_232,clean,0.615,28,236
2025-12-18 13:13:18,Qwen/Qwen3-8B,MMLU_selected_subjects,isot_fake_682,wordd,0.585,28,572
2025-12-18 13:15:19,Qwen/Qwen3-8B,MMLU_selected_subjects,isot_fake_232,meani,0.611,28,236
2025-12-18 13:18:43,Qwen/Qwen3-8B,MMLU_selected_subjects,isot_fake_682,chara,0.558,28,572
2025-12-18 13:19:48,Qwen/Qwen3-8B,MMLU_selected_subjects,isot_fake_232,wordd,0.604,28,236
2025-12-18 13:23:40,Qwen/Qwen3-8B,MMLU_selected_subjects,isot_fake_683,clean,0.618,28,685
2025-12-18 13:24:31,Qwen/Qwen3-8B,MMLU_selected_subjects,isot_fake_232,chara,0.543,28,236
2025-12-18 13:28:36,Qwen/Qwen3-8B,MMLU_selected_subjects,isot_fake_683,meani,0.6,28,685
2025-12-18 13:29:46,Qwen/Qwen3-8B,MMLU_selected_subjects,isot_fake_233,clean,0.615,28,704
2025-12-18 13:33:34,Qwen/Qwen3-8B,MMLU_selected_subjects,isot_fake_683,wordd,0.582,28,685
2025-12-18 13:35:01,Qwen/Qwen3-8B,MMLU_selected_subjects,isot_fake_233,meani,0.599,28,704
2025-12-18 13:39:10,Qwen/Qwen3-8B,MMLU_selected_subjects,isot_fake_683,chara,0.531,28,685
2025-12-18 13:40:16,Qwen/Qwen3-8B,MMLU_selected_subjects,isot_fake_233,wordd,0.599,28,704
2025-12-18 13:43:47,Qwen/Qwen3-8B,MMLU_selected_subjects,isot_fake_684,clean,0.592,28,383
2025-12-18 13:46:05,Qwen/Qwen3-8B,MMLU_selected_subjects,isot_fake_233,chara,0.55,28,704
2025-12-18 13:48:26,Qwen/Qwen3-8B,MMLU_selected_subjects,isot_fake_684,meani,0.59,28,383
2025-12-18 13:51:02,Qwen/Qwen3-8B,MMLU_selected_subjects,isot_fake_234,clean,0.585,28,684
2025-12-18 13:53:04,Qwen/Qwen3-8B,MMLU_selected_subjects,isot_fake_684,wordd,0.599,28,383
2025-12-18 13:56:03,Qwen/Qwen3-8B,MMLU_selected_subjects,isot_fake_234,meani,0.58,28,684
2025-12-18 13:58:13,Qwen/Qwen3-8B,MMLU_selected_subjects,isot_fake_684,chara,0.502,28,383
2025-12-18 14:01:03,Qwen/Qwen3-8B,MMLU_selected_subjects,isot_fake_234,wordd,0.605,28,684
2025-12-18 14:03:22,Qwen/Qwen3-8B,MMLU_selected_subjects,isot_fake_685,clean,0.611,28,793
2025-12-18 14:06:58,Qwen/Qwen3-8B,MMLU_selected_subjects,isot_fake_234,chara,0.522,28,684
2025-12-18 14:08:46,Qwen/Qwen3-8B,MMLU_selected_subjects,isot_fake_685,meani,0.577,28,793
2025-12-18 14:11:56,Qwen/Qwen3-8B,MMLU_selected_subjects,isot_fake_235,clean,0.613,28,208
2025-12-18 14:14:08,Qwen/Qwen3-8B,MMLU_selected_subjects,isot_fake_685,wordd,0.569,28,793
2025-12-18 14:16:55,Qwen/Qwen3-8B,MMLU_selected_subjects,isot_fake_235,meani,0.622,28,208
2025-12-18 14:20:22,Qwen/Qwen3-8B,MMLU_selected_subjects,isot_fake_685,chara,0.512,28,793
2025-12-18 14:21:50,Qwen/Qwen3-8B,MMLU_selected_subjects,isot_fake_235,wordd,0.625,28,208
2025-12-18 14:25:19,Qwen/Qwen3-8B,MMLU_selected_subjects,isot_fake_686,clean,0.588,28,383
2025-12-18 14:26:54,Qwen/Qwen3-8B,MMLU_selected_subjects,isot_fake_235,chara,0.566,28,208
2025-12-18 14:30:14,Qwen/Qwen3-8B,MMLU_selected_subjects,isot_fake_686,meani,0.556,28,383
2025-12-18 14:32:16,Qwen/Qwen3-8B,MMLU_selected_subjects,isot_fake_236,clean,0.595,28,552
2025-12-18 14:35:11,Qwen/Qwen3-8B,MMLU_selected_subjects,isot_fake_686,wordd,0.579,28,383
2025-12-18 14:37:40,Qwen/Qwen3-8B,MMLU_selected_subjects,isot_fake_236,meani,0.576,28,552
2025-12-18 14:40:34,Qwen/Qwen3-8B,MMLU_selected_subjects,isot_fake_686,chara,0.534,28,383
2025-12-18 14:43:07,Qwen/Qwen3-8B,MMLU_selected_subjects,isot_fake_236,wordd,0.568,28,552
2025-12-18 14:45:46,Qwen/Qwen3-8B,MMLU_selected_subjects,isot_fake_687,clean,0.594,28,620
2025-12-18 14:48:56,Qwen/Qwen3-8B,MMLU_selected_subjects,isot_fake_236,chara,0.544,28,552
2025-12-18 14:51:00,Qwen/Qwen3-8B,MMLU_selected_subjects,isot_fake_687,meani,0.613,28,620
2025-12-18 14:54:11,Qwen/Qwen3-8B,MMLU_selected_subjects,isot_fake_237,clean,0.619,28,623
2025-12-18 14:56:15,Qwen/Qwen3-8B,MMLU_selected_subjects,isot_fake_687,wordd,0.622,28,620
2025-12-18 14:59:23,Qwen/Qwen3-8B,MMLU_selected_subjects,isot_fake_237,meani,0.586,28,623
2025-12-18 15:02:10,Qwen/Qwen3-8B,MMLU_selected_subjects,isot_fake_687,chara,0.532,28,620
2025-12-18 15:04:36,Qwen/Qwen3-8B,MMLU_selected_subjects,isot_fake_237,wordd,0.6,28,623
2025-12-18 15:07:22,Qwen/Qwen3-8B,MMLU_selected_subjects,isot_fake_688,clean,0.602,28,502
2025-12-18 15:10:27,Qwen/Qwen3-8B,MMLU_selected_subjects,isot_fake_237,chara,0.526,28,623
2025-12-18 15:12:36,Qwen/Qwen3-8B,MMLU_selected_subjects,isot_fake_688,meani,0.594,28,502
2025-12-18 15:15:23,Qwen/Qwen3-8B,MMLU_selected_subjects,isot_fake_238,clean,0.599,28,397
2025-12-18 15:17:47,Qwen/Qwen3-8B,MMLU_selected_subjects,isot_fake_688,wordd,0.594,28,502
2025-12-18 15:20:19,Qwen/Qwen3-8B,MMLU_selected_subjects,isot_fake_238,meani,0.599,28,397
2025-12-18 15:23:31,Qwen/Qwen3-8B,MMLU_selected_subjects,isot_fake_688,chara,0.535,28,502
2025-12-18 15:25:16,Qwen/Qwen3-8B,MMLU_selected_subjects,isot_fake_238,wordd,0.612,28,397
2025-12-18 15:28:34,Qwen/Qwen3-8B,MMLU_selected_subjects,isot_fake_689,clean,0.618,28,437
2025-12-18 15:30:42,Qwen/Qwen3-8B,MMLU_selected_subjects,isot_fake_238,chara,0.528,28,397
2025-12-18 15:33:35,Qwen/Qwen3-8B,MMLU_selected_subjects,isot_fake_689,meani,0.589,28,437
2025-12-18 15:35:39,Qwen/Qwen3-8B,MMLU_selected_subjects,isot_fake_239,clean,0.618,28,310
2025-12-18 15:38:39,Qwen/Qwen3-8B,MMLU_selected_subjects,isot_fake_689,wordd,0.572,28,437
2025-12-18 15:40:39,Qwen/Qwen3-8B,MMLU_selected_subjects,isot_fake_239,meani,0.621,28,310
2025-12-18 15:44:11,Qwen/Qwen3-8B,MMLU_selected_subjects,isot_fake_689,chara,0.557,28,437
2025-12-18 15:45:33,Qwen/Qwen3-8B,MMLU_selected_subjects,isot_fake_239,wordd,0.595,28,310
2025-12-18 15:49:14,Qwen/Qwen3-8B,MMLU_selected_subjects,isot_fake_69,clean,0.61,28,434
2025-12-18 15:50:49,Qwen/Qwen3-8B,MMLU_selected_subjects,isot_fake_239,chara,0.539,28,310
2025-12-18 15:54:14,Qwen/Qwen3-8B,MMLU_selected_subjects,isot_fake_69,meani,0.612,28,434
2025-12-18 15:56:06,Qwen/Qwen3-8B,MMLU_selected_subjects,isot_fake_24,clean,0.605,28,567
2025-12-18 15:59:14,Qwen/Qwen3-8B,MMLU_selected_subjects,isot_fake_69,wordd,0.616,28,434
2025-12-18 16:01:23,Qwen/Qwen3-8B,MMLU_selected_subjects,isot_fake_24,meani,0.58,28,567
2025-12-18 16:04:47,Qwen/Qwen3-8B,MMLU_selected_subjects,isot_fake_69,chara,0.552,28,434
2025-12-18 16:06:43,Qwen/Qwen3-8B,MMLU_selected_subjects,isot_fake_24,wordd,0.604,28,567
2025-12-18 16:09:49,Qwen/Qwen3-8B,MMLU_selected_subjects,isot_fake_690,clean,0.564,28,314
2025-12-18 16:12:31,Qwen/Qwen3-8B,MMLU_selected_subjects,isot_fake_24,chara,0.515,28,567
2025-12-18 16:14:48,Qwen/Qwen3-8B,MMLU_selected_subjects,isot_fake_690,meani,0.587,28,314
2025-12-18 16:17:29,Qwen/Qwen3-8B,MMLU_selected_subjects,isot_fake_240,clean,0.643,28,242
2025-12-18 16:19:46,Qwen/Qwen3-8B,MMLU_selected_subjects,isot_fake_690,wordd,0.556,28,314
2025-12-18 16:22:29,Qwen/Qwen3-8B,MMLU_selected_subjects,isot_fake_240,meani,0.624,28,242
2025-12-18 16:25:03,Qwen/Qwen3-8B,MMLU_selected_subjects,isot_fake_690,chara,0.524,28,314
2025-12-18 16:27:27,Qwen/Qwen3-8B,MMLU_selected_subjects,isot_fake_240,wordd,0.635,28,242
2025-12-18 16:30:01,Qwen/Qwen3-8B,MMLU_selected_subjects,isot_fake_691,clean,0.611,28,210
2025-12-18 16:32:37,Qwen/Qwen3-8B,MMLU_selected_subjects,isot_fake_240,chara,0.541,28,242
2025-12-18 16:35:03,Qwen/Qwen3-8B,MMLU_selected_subjects,isot_fake_691,meani,0.598,28,210
2025-12-18 16:37:29,Qwen/Qwen3-8B,MMLU_selected_subjects,isot_fake_241,clean,0.565,28,244
2025-12-18 16:40:00,Qwen/Qwen3-8B,MMLU_selected_subjects,isot_fake_691,wordd,0.605,28,210
2025-12-18 16:42:19,Qwen/Qwen3-8B,MMLU_selected_subjects,isot_fake_241,meani,0.625,28,244
2025-12-18 16:45:12,Qwen/Qwen3-8B,MMLU_selected_subjects,isot_fake_691,chara,0.565,28,210
2025-12-18 16:47:13,Qwen/Qwen3-8B,MMLU_selected_subjects,isot_fake_241,wordd,0.607,28,244
2025-12-18 16:50:02,Qwen/Qwen3-8B,MMLU_selected_subjects,isot_fake_692,clean,0.572,28,207
2025-12-18 16:52:17,Qwen/Qwen3-8B,MMLU_selected_subjects,isot_fake_241,chara,0.542,28,244
2025-12-18 16:54:49,Qwen/Qwen3-8B,MMLU_selected_subjects,isot_fake_692,meani,0.604,28,207
2025-12-18 16:57:35,Qwen/Qwen3-8B,MMLU_selected_subjects,isot_fake_242,clean,0.584,28,741
2025-12-18 16:59:38,Qwen/Qwen3-8B,MMLU_selected_subjects,isot_fake_692,wordd,0.604,28,207
2025-12-18 17:02:52,Qwen/Qwen3-8B,MMLU_selected_subjects,isot_fake_242,meani,0.55,28,741
2025-12-18 17:04:33,Qwen/Qwen3-8B,MMLU_selected_subjects,isot_fake_692,chara,0.537,28,207
2025-12-18 17:08:04,Qwen/Qwen3-8B,MMLU_selected_subjects,isot_fake_242,wordd,0.525,28,741
2025-12-18 17:09:22,Qwen/Qwen3-8B,MMLU_selected_subjects,isot_fake_693,clean,0.583,28,261
2025-12-18 17:14:02,Qwen/Qwen3-8B,MMLU_selected_subjects,isot_fake_242,chara,0.532,28,741
2025-12-18 17:14:12,Qwen/Qwen3-8B,MMLU_selected_subjects,isot_fake_693,meani,0.574,28,261
2025-12-18 17:19:01,Qwen/Qwen3-8B,MMLU_selected_subjects,isot_fake_693,wordd,0.593,28,261
2025-12-18 17:19:06,Qwen/Qwen3-8B,MMLU_selected_subjects,isot_fake_243,clean,0.611,28,573
2025-12-18 17:24:04,Qwen/Qwen3-8B,MMLU_selected_subjects,isot_fake_693,chara,0.525,28,261
2025-12-18 17:24:09,Qwen/Qwen3-8B,MMLU_selected_subjects,isot_fake_243,meani,0.591,28,573
2025-12-18 17:28:59,Qwen/Qwen3-8B,MMLU_selected_subjects,isot_fake_694,clean,0.604,28,334
2025-12-18 17:29:13,Qwen/Qwen3-8B,MMLU_selected_subjects,isot_fake_243,wordd,0.575,28,573
2025-12-18 17:33:58,Qwen/Qwen3-8B,MMLU_selected_subjects,isot_fake_694,meani,0.624,28,334
2025-12-18 17:34:54,Qwen/Qwen3-8B,MMLU_selected_subjects,isot_fake_243,chara,0.552,28,573
2025-12-18 17:38:57,Qwen/Qwen3-8B,MMLU_selected_subjects,isot_fake_694,wordd,0.59,28,334
2025-12-18 17:40:06,Qwen/Qwen3-8B,MMLU_selected_subjects,isot_fake_244,clean,0.613,28,513
2025-12-18 17:44:12,Qwen/Qwen3-8B,MMLU_selected_subjects,isot_fake_694,chara,0.522,28,334
2025-12-18 17:45:18,Qwen/Qwen3-8B,MMLU_selected_subjects,isot_fake_244,meani,0.603,28,513
2025-12-18 17:49:14,Qwen/Qwen3-8B,MMLU_selected_subjects,isot_fake_695,clean,0.574,28,351
2025-12-18 17:50:40,Qwen/Qwen3-8B,MMLU_selected_subjects,isot_fake_244,wordd,0.616,28,513
2025-12-18 17:54:11,Qwen/Qwen3-8B,MMLU_selected_subjects,isot_fake_695,meani,0.604,28,351
2025-12-18 17:56:19,Qwen/Qwen3-8B,MMLU_selected_subjects,isot_fake_244,chara,0.533,28,513
2025-12-18 17:59:07,Qwen/Qwen3-8B,MMLU_selected_subjects,isot_fake_695,wordd,0.586,28,351
2025-12-18 18:01:13,Qwen/Qwen3-8B,MMLU_selected_subjects,isot_fake_245,clean,0.622,28,300
2025-12-18 18:04:22,Qwen/Qwen3-8B,MMLU_selected_subjects,isot_fake_695,chara,0.515,28,351
2025-12-18 18:06:09,Qwen/Qwen3-8B,MMLU_selected_subjects,isot_fake_245,meani,0.607,28,300
2025-12-18 18:09:37,Qwen/Qwen3-8B,MMLU_selected_subjects,isot_fake_696,clean,0.579,28,677
2025-12-18 18:11:03,Qwen/Qwen3-8B,MMLU_selected_subjects,isot_fake_245,wordd,0.585,28,300
2025-12-18 18:14:54,Qwen/Qwen3-8B,MMLU_selected_subjects,isot_fake_696,meani,0.575,28,677
2025-12-18 18:16:17,Qwen/Qwen3-8B,MMLU_selected_subjects,isot_fake_245,chara,0.513,28,300
2025-12-18 18:20:08,Qwen/Qwen3-8B,MMLU_selected_subjects,isot_fake_696,wordd,0.563,28,677
2025-12-18 18:21:19,Qwen/Qwen3-8B,MMLU_selected_subjects,isot_fake_246,clean,0.609,28,379
2025-12-18 18:26:03,Qwen/Qwen3-8B,MMLU_selected_subjects,isot_fake_696,chara,0.526,28,677
2025-12-18 18:26:21,Qwen/Qwen3-8B,MMLU_selected_subjects,isot_fake_246,meani,0.596,28,379
2025-12-18 18:31:16,Qwen/Qwen3-8B,MMLU_selected_subjects,isot_fake_697,clean,0.574,28,793
2025-12-18 18:31:19,Qwen/Qwen3-8B,MMLU_selected_subjects,isot_fake_246,wordd,0.623,28,379
2025-12-18 18:36:29,Qwen/Qwen3-8B,MMLU_selected_subjects,isot_fake_697,meani,0.599,28,793
2025-12-18 18:36:45,Qwen/Qwen3-8B,MMLU_selected_subjects,isot_fake_246,chara,0.547,28,379
2025-12-18 18:41:42,Qwen/Qwen3-8B,MMLU_selected_subjects,isot_fake_697,wordd,0.598,28,793
2025-12-18 18:41:48,Qwen/Qwen3-8B,MMLU_selected_subjects,isot_fake_247,clean,0.577,28,485
2025-12-18 18:46:53,Qwen/Qwen3-8B,MMLU_selected_subjects,isot_fake_247,meani,0.577,28,485
2025-12-18 18:47:54,Qwen/Qwen3-8B,MMLU_selected_subjects,isot_fake_697,chara,0.526,28,793
2025-12-18 18:51:50,Qwen/Qwen3-8B,MMLU_selected_subjects,isot_fake_247,wordd,0.578,28,485
2025-12-18 18:53:02,Qwen/Qwen3-8B,MMLU_selected_subjects,isot_fake_698,clean,0.602,28,715
2025-12-18 18:57:12,Qwen/Qwen3-8B,MMLU_selected_subjects,isot_fake_247,chara,0.544,28,485
2025-12-18 18:58:08,Qwen/Qwen3-8B,MMLU_selected_subjects,isot_fake_698,meani,0.564,28,715
2025-12-18 19:02:22,Qwen/Qwen3-8B,MMLU_selected_subjects,isot_fake_248,clean,0.615,28,623
2025-12-18 19:03:15,Qwen/Qwen3-8B,MMLU_selected_subjects,isot_fake_698,wordd,0.534,28,715
2025-12-18 19:07:34,Qwen/Qwen3-8B,MMLU_selected_subjects,isot_fake_248,meani,0.612,28,623
2025-12-18 19:09:04,Qwen/Qwen3-8B,MMLU_selected_subjects,isot_fake_698,chara,0.511,28,715
2025-12-18 19:12:45,Qwen/Qwen3-8B,MMLU_selected_subjects,isot_fake_248,wordd,0.609,28,623
2025-12-18 19:13:49,Qwen/Qwen3-8B,MMLU_selected_subjects,isot_fake_699,clean,0.586,28,338
2025-12-18 19:18:32,Qwen/Qwen3-8B,MMLU_selected_subjects,isot_fake_248,chara,0.505,28,623
2025-12-18 19:18:34,Qwen/Qwen3-8B,MMLU_selected_subjects,isot_fake_699,meani,0.569,28,338
2025-12-18 19:23:19,Qwen/Qwen3-8B,MMLU_selected_subjects,isot_fake_699,wordd,0.572,28,338
2025-12-18 19:23:36,Qwen/Qwen3-8B,MMLU_selected_subjects,isot_fake_249,clean,0.595,28,649
2025-12-18 19:28:23,Qwen/Qwen3-8B,MMLU_selected_subjects,isot_fake_699,chara,0.549,28,338
2025-12-18 19:28:38,Qwen/Qwen3-8B,MMLU_selected_subjects,isot_fake_249,meani,0.596,28,649
2025-12-18 19:33:19,Qwen/Qwen3-8B,MMLU_selected_subjects,isot_fake_7,clean,0.611,28,284
2025-12-18 19:33:39,Qwen/Qwen3-8B,MMLU_selected_subjects,isot_fake_249,wordd,0.575,28,649
2025-12-18 19:38:12,Qwen/Qwen3-8B,MMLU_selected_subjects,isot_fake_7,meani,0.622,28,284
2025-12-18 19:39:18,Qwen/Qwen3-8B,MMLU_selected_subjects,isot_fake_249,chara,0.527,28,649
2025-12-18 19:43:05,Qwen/Qwen3-8B,MMLU_selected_subjects,isot_fake_7,wordd,0.608,28,284
2025-12-18 19:44:12,Qwen/Qwen3-8B,MMLU_selected_subjects,isot_fake_25,clean,0.596,28,571
2025-12-18 19:48:10,Qwen/Qwen3-8B,MMLU_selected_subjects,isot_fake_7,chara,0.531,28,284
2025-12-18 19:49:07,Qwen/Qwen3-8B,MMLU_selected_subjects,isot_fake_25,meani,0.609,28,571
2025-12-18 19:53:09,Qwen/Qwen3-8B,MMLU_selected_subjects,isot_fake_70,clean,0.588,28,624
2025-12-18 19:54:02,Qwen/Qwen3-8B,MMLU_selected_subjects,isot_fake_25,wordd,0.585,28,571
2025-12-18 19:58:07,Qwen/Qwen3-8B,MMLU_selected_subjects,isot_fake_70,meani,0.564,28,624
2025-12-18 19:59:32,Qwen/Qwen3-8B,MMLU_selected_subjects,isot_fake_25,chara,0.527,28,571
2025-12-18 20:03:07,Qwen/Qwen3-8B,MMLU_selected_subjects,isot_fake_70,wordd,0.56,28,624
2025-12-18 20:04:39,Qwen/Qwen3-8B,MMLU_selected_subjects,isot_fake_250,clean,0.643,28,502
2025-12-18 20:08:45,Qwen/Qwen3-8B,MMLU_selected_subjects,isot_fake_70,chara,0.564,28,624
2025-12-18 20:09:46,Qwen/Qwen3-8B,MMLU_selected_subjects,isot_fake_250,meani,0.622,28,502
2025-12-18 20:13:45,Qwen/Qwen3-8B,MMLU_selected_subjects,isot_fake_700,clean,0.607,28,594
2025-12-18 20:14:53,Qwen/Qwen3-8B,MMLU_selected_subjects,isot_fake_250,wordd,0.605,28,502
2025-12-18 20:18:44,Qwen/Qwen3-8B,MMLU_selected_subjects,isot_fake_700,meani,0.621,28,594
2025-12-18 20:20:28,Qwen/Qwen3-8B,MMLU_selected_subjects,isot_fake_250,chara,0.523,28,502
2025-12-18 20:23:48,Qwen/Qwen3-8B,MMLU_selected_subjects,isot_fake_700,wordd,0.608,28,594
2025-12-18 20:25:17,Qwen/Qwen3-8B,MMLU_selected_subjects,isot_fake_251,clean,0.576,28,359
2025-12-18 20:29:23,Qwen/Qwen3-8B,MMLU_selected_subjects,isot_fake_700,chara,0.539,28,594
2025-12-18 20:30:02,Qwen/Qwen3-8B,MMLU_selected_subjects,isot_fake_251,meani,0.555,28,359
2025-12-18 20:34:27,Qwen/Qwen3-8B,MMLU_selected_subjects,isot_fake_701,clean,0.611,28,713
2025-12-18 20:34:46,Qwen/Qwen3-8B,MMLU_selected_subjects,isot_fake_251,wordd,0.551,28,359
2025-12-18 20:39:32,Qwen/Qwen3-8B,MMLU_selected_subjects,isot_fake_701,meani,0.609,28,713
2025-12-18 20:39:54,Qwen/Qwen3-8B,MMLU_selected_subjects,isot_fake_251,chara,0.526,28,359
2025-12-18 20:44:35,Qwen/Qwen3-8B,MMLU_selected_subjects,isot_fake_701,wordd,0.567,28,713
2025-12-18 20:45:01,Qwen/Qwen3-8B,MMLU_selected_subjects,isot_fake_252,clean,0.606,28,758
2025-12-18 20:50:07,Qwen/Qwen3-8B,MMLU_selected_subjects,isot_fake_252,meani,0.602,28,758
2025-12-18 20:50:22,Qwen/Qwen3-8B,MMLU_selected_subjects,isot_fake_701,chara,0.525,28,713
2025-12-18 20:55:11,Qwen/Qwen3-8B,MMLU_selected_subjects,isot_fake_702,clean,0.58,28,368
2025-12-18 20:55:15,Qwen/Qwen3-8B,MMLU_selected_subjects,isot_fake_252,wordd,0.572,28,758
2025-12-18 21:00:00,Qwen/Qwen3-8B,MMLU_selected_subjects,isot_fake_702,meani,0.583,28,368
2025-12-18 21:01:09,Qwen/Qwen3-8B,MMLU_selected_subjects,isot_fake_252,chara,0.516,28,758
2025-12-18 21:04:53,Qwen/Qwen3-8B,MMLU_selected_subjects,isot_fake_702,wordd,0.566,28,368
2025-12-18 21:06:11,Qwen/Qwen3-8B,MMLU_selected_subjects,isot_fake_253,clean,0.614,28,528
2025-12-18 21:10:06,Qwen/Qwen3-8B,MMLU_selected_subjects,isot_fake_702,chara,0.527,28,368
2025-12-18 21:11:13,Qwen/Qwen3-8B,MMLU_selected_subjects,isot_fake_253,meani,0.596,28,528
2025-12-18 21:14:58,Qwen/Qwen3-8B,MMLU_selected_subjects,isot_fake_703,clean,0.591,28,327
2025-12-18 21:16:17,Qwen/Qwen3-8B,MMLU_selected_subjects,isot_fake_253,wordd,0.592,28,528
2025-12-18 21:19:49,Qwen/Qwen3-8B,MMLU_selected_subjects,isot_fake_703,meani,0.594,28,327
2025-12-18 21:21:51,Qwen/Qwen3-8B,MMLU_selected_subjects,isot_fake_253,chara,0.532,28,528
2025-12-18 21:24:40,Qwen/Qwen3-8B,MMLU_selected_subjects,isot_fake_703,wordd,0.551,28,327
2025-12-18 21:26:58,Qwen/Qwen3-8B,MMLU_selected_subjects,isot_fake_254,clean,0.587,28,671
2025-12-18 21:29:52,Qwen/Qwen3-8B,MMLU_selected_subjects,isot_fake_703,chara,0.522,28,327
2025-12-18 21:32:06,Qwen/Qwen3-8B,MMLU_selected_subjects,isot_fake_254,meani,0.574,28,671
2025-12-18 21:35:03,Qwen/Qwen3-8B,MMLU_selected_subjects,isot_fake_704,clean,0.603,28,625
2025-12-18 21:37:13,Qwen/Qwen3-8B,MMLU_selected_subjects,isot_fake_254,wordd,0.556,28,671
2025-12-18 21:40:14,Qwen/Qwen3-8B,MMLU_selected_subjects,isot_fake_704,meani,0.591,28,625
2025-12-18 21:43:05,Qwen/Qwen3-8B,MMLU_selected_subjects,isot_fake_254,chara,0.534,28,671
2025-12-18 21:45:25,Qwen/Qwen3-8B,MMLU_selected_subjects,isot_fake_704,wordd,0.558,28,625
2025-12-18 21:48:28,Qwen/Qwen3-8B,MMLU_selected_subjects,isot_fake_255,clean,0.624,28,729
2025-12-18 21:51:12,Qwen/Qwen3-8B,MMLU_selected_subjects,isot_fake_704,chara,0.549,28,625
2025-12-18 21:53:51,Qwen/Qwen3-8B,MMLU_selected_subjects,isot_fake_255,meani,0.582,28,729
2025-12-18 21:56:01,Qwen/Qwen3-8B,MMLU_selected_subjects,isot_fake_705,clean,0.603,28,299
2025-12-18 21:59:16,Qwen/Qwen3-8B,MMLU_selected_subjects,isot_fake_255,wordd,0.583,28,729
2025-12-18 22:00:48,Qwen/Qwen3-8B,MMLU_selected_subjects,isot_fake_705,meani,0.577,28,299
2025-12-18 22:05:21,Qwen/Qwen3-8B,MMLU_selected_subjects,isot_fake_255,chara,0.55,28,729
2025-12-18 22:05:36,Qwen/Qwen3-8B,MMLU_selected_subjects,isot_fake_705,wordd,0.577,28,299
2025-12-18 22:10:19,Qwen/Qwen3-8B,MMLU_selected_subjects,isot_fake_256,clean,0.611,28,489
2025-12-18 22:10:43,Qwen/Qwen3-8B,MMLU_selected_subjects,isot_fake_705,chara,0.524,28,299
2025-12-18 22:15:16,Qwen/Qwen3-8B,MMLU_selected_subjects,isot_fake_256,meani,0.585,28,489
2025-12-18 22:15:44,Qwen/Qwen3-8B,MMLU_selected_subjects,isot_fake_706,clean,0.626,28,357
2025-12-18 22:20:14,Qwen/Qwen3-8B,MMLU_selected_subjects,isot_fake_256,wordd,0.554,28,489
2025-12-18 22:20:42,Qwen/Qwen3-8B,MMLU_selected_subjects,isot_fake_706,meani,0.621,28,357
2025-12-18 22:25:42,Qwen/Qwen3-8B,MMLU_selected_subjects,isot_fake_706,wordd,0.607,28,357
2025-12-18 22:25:43,Qwen/Qwen3-8B,MMLU_selected_subjects,isot_fake_256,chara,0.564,28,489
2025-12-18 22:30:34,Qwen/Qwen3-8B,MMLU_selected_subjects,isot_fake_257,clean,0.598,28,309
2025-12-18 22:31:01,Qwen/Qwen3-8B,MMLU_selected_subjects,isot_fake_706,chara,0.547,28,357
2025-12-18 22:35:27,Qwen/Qwen3-8B,MMLU_selected_subjects,isot_fake_257,meani,0.616,28,309
2025-12-18 22:36:10,Qwen/Qwen3-8B,MMLU_selected_subjects,isot_fake_707,clean,0.618,28,569
2025-12-18 22:40:19,Qwen/Qwen3-8B,MMLU_selected_subjects,isot_fake_257,wordd,0.603,28,309
2025-12-18 22:41:19,Qwen/Qwen3-8B,MMLU_selected_subjects,isot_fake_707,meani,0.609,28,569
2025-12-18 22:45:29,Qwen/Qwen3-8B,MMLU_selected_subjects,isot_fake_257,chara,0.545,28,309
2025-12-18 22:46:28,Qwen/Qwen3-8B,MMLU_selected_subjects,isot_fake_707,wordd,0.587,28,569
2025-12-18 22:50:13,Qwen/Qwen3-8B,MMLU_selected_subjects,isot_fake_258,clean,0.593,28,222
2025-12-18 22:52:07,Qwen/Qwen3-8B,MMLU_selected_subjects,isot_fake_707,chara,0.547,28,569
2025-12-18 22:54:57,Qwen/Qwen3-8B,MMLU_selected_subjects,isot_fake_258,meani,0.571,28,222
2025-12-18 22:57:01,Qwen/Qwen3-8B,MMLU_selected_subjects,isot_fake_708,clean,0.604,28,297
2025-12-18 22:59:41,Qwen/Qwen3-8B,MMLU_selected_subjects,isot_fake_258,wordd,0.591,28,222
2025-12-18 23:01:52,Qwen/Qwen3-8B,MMLU_selected_subjects,isot_fake_708,meani,0.607,28,297
2025-12-18 23:04:37,Qwen/Qwen3-8B,MMLU_selected_subjects,isot_fake_258,chara,0.523,28,222
2025-12-18 23:06:43,Qwen/Qwen3-8B,MMLU_selected_subjects,isot_fake_708,wordd,0.564,28,297
2025-12-18 23:09:19,Qwen/Qwen3-8B,MMLU_selected_subjects,isot_fake_259,clean,0.607,28,209
2025-12-18 23:11:49,Qwen/Qwen3-8B,MMLU_selected_subjects,isot_fake_708,chara,0.489,28,297
2025-12-18 23:14:01,Qwen/Qwen3-8B,MMLU_selected_subjects,isot_fake_259,meani,0.572,28,209
2025-12-18 23:16:36,Qwen/Qwen3-8B,MMLU_selected_subjects,isot_fake_709,clean,0.597,28,259
2025-12-18 23:18:45,Qwen/Qwen3-8B,MMLU_selected_subjects,isot_fake_259,wordd,0.592,28,209
2025-12-18 23:21:22,Qwen/Qwen3-8B,MMLU_selected_subjects,isot_fake_709,meani,0.584,28,259
2025-12-18 23:23:41,Qwen/Qwen3-8B,MMLU_selected_subjects,isot_fake_259,chara,0.533,28,209
2025-12-18 23:26:08,Qwen/Qwen3-8B,MMLU_selected_subjects,isot_fake_709,wordd,0.589,28,259
2025-12-18 23:28:29,Qwen/Qwen3-8B,MMLU_selected_subjects,isot_fake_26,clean,0.602,28,282
2025-12-18 23:31:09,Qwen/Qwen3-8B,MMLU_selected_subjects,isot_fake_709,chara,0.537,28,259
2025-12-18 23:33:15,Qwen/Qwen3-8B,MMLU_selected_subjects,isot_fake_26,meani,0.561,28,282
2025-12-18 23:36:37,Qwen/Qwen3-8B,MMLU_selected_subjects,isot_fake_71,clean,0.626,28,720
2025-12-18 23:38:02,Qwen/Qwen3-8B,MMLU_selected_subjects,isot_fake_26,wordd,0.567,28,282
2025-12-18 23:42:05,Qwen/Qwen3-8B,MMLU_selected_subjects,isot_fake_71,meani,0.619,28,720
2025-12-18 23:43:05,Qwen/Qwen3-8B,MMLU_selected_subjects,isot_fake_26,chara,0.521,28,282
2025-12-18 23:47:27,Qwen/Qwen3-8B,MMLU_selected_subjects,isot_fake_71,wordd,0.621,28,720
2025-12-18 23:48:04,Qwen/Qwen3-8B,MMLU_selected_subjects,isot_fake_260,clean,0.628,28,430
2025-12-18 23:53:03,Qwen/Qwen3-8B,MMLU_selected_subjects,isot_fake_260,meani,0.595,28,430
2025-12-18 23:53:26,Qwen/Qwen3-8B,MMLU_selected_subjects,isot_fake_71,chara,0.544,28,720
2025-12-18 23:58:03,Qwen/Qwen3-8B,MMLU_selected_subjects,isot_fake_260,wordd,0.597,28,430
2025-12-18 23:58:13,Qwen/Qwen3-8B,MMLU_selected_subjects,isot_fake_710,clean,0.596,28,282
2025-12-19 00:03:01,Qwen/Qwen3-8B,MMLU_selected_subjects,isot_fake_710,meani,0.597,28,282
2025-12-19 00:03:24,Qwen/Qwen3-8B,MMLU_selected_subjects,isot_fake_260,chara,0.555,28,430
2025-12-19 00:07:54,Qwen/Qwen3-8B,MMLU_selected_subjects,isot_fake_710,wordd,0.599,28,282
2025-12-19 00:08:21,Qwen/Qwen3-8B,MMLU_selected_subjects,isot_fake_261,clean,0.618,28,426
2025-12-19 00:13:02,Qwen/Qwen3-8B,MMLU_selected_subjects,isot_fake_710,chara,0.557,28,282
2025-12-19 00:13:19,Qwen/Qwen3-8B,MMLU_selected_subjects,isot_fake_261,meani,0.593,28,426
2025-12-19 00:17:52,Qwen/Qwen3-8B,MMLU_selected_subjects,isot_fake_711,clean,0.629,28,199
2025-12-19 00:18:16,Qwen/Qwen3-8B,MMLU_selected_subjects,isot_fake_261,wordd,0.602,28,426
2025-12-19 00:22:42,Qwen/Qwen3-8B,MMLU_selected_subjects,isot_fake_711,meani,0.594,28,199
2025-12-19 00:23:40,Qwen/Qwen3-8B,MMLU_selected_subjects,isot_fake_261,chara,0.517,28,426
2025-12-19 00:27:31,Qwen/Qwen3-8B,MMLU_selected_subjects,isot_fake_711,wordd,0.593,28,199
2025-12-19 00:28:52,Qwen/Qwen3-8B,MMLU_selected_subjects,isot_fake_262,clean,0.559,28,718
2025-12-19 00:32:27,Qwen/Qwen3-8B,MMLU_selected_subjects,isot_fake_711,chara,0.549,28,199
2025-12-19 00:34:04,Qwen/Qwen3-8B,MMLU_selected_subjects,isot_fake_262,meani,0.53,28,718
2025-12-19 00:37:44,Qwen/Qwen3-8B,MMLU_selected_subjects,isot_fake_712,clean,0.596,28,751
2025-12-19 00:39:16,Qwen/Qwen3-8B,MMLU_selected_subjects,isot_fake_262,wordd,0.575,28,718
2025-12-19 00:43:00,Qwen/Qwen3-8B,MMLU_selected_subjects,isot_fake_712,meani,0.551,28,751
2025-12-19 00:45:12,Qwen/Qwen3-8B,MMLU_selected_subjects,isot_fake_262,chara,0.562,28,718
2025-12-19 00:48:22,Qwen/Qwen3-8B,MMLU_selected_subjects,isot_fake_712,wordd,0.528,28,751
2025-12-19 00:50:25,Qwen/Qwen3-8B,MMLU_selected_subjects,isot_fake_263,clean,0.613,28,656
2025-12-19 00:54:29,Qwen/Qwen3-8B,MMLU_selected_subjects,isot_fake_712,chara,0.541,28,751
2025-12-19 00:55:38,Qwen/Qwen3-8B,MMLU_selected_subjects,isot_fake_263,meani,0.603,28,656
2025-12-19 00:59:52,Qwen/Qwen3-8B,MMLU_selected_subjects,isot_fake_713,clean,0.607,28,681
2025-12-19 01:00:51,Qwen/Qwen3-8B,MMLU_selected_subjects,isot_fake_263,wordd,0.565,28,656
2025-12-19 01:05:08,Qwen/Qwen3-8B,MMLU_selected_subjects,isot_fake_713,meani,0.602,28,681
2025-12-19 01:06:42,Qwen/Qwen3-8B,MMLU_selected_subjects,isot_fake_263,chara,0.533,28,656
2025-12-19 01:10:26,Qwen/Qwen3-8B,MMLU_selected_subjects,isot_fake_713,wordd,0.606,28,681
2025-12-19 01:11:29,Qwen/Qwen3-8B,MMLU_selected_subjects,isot_fake_264,clean,0.571,28,206
2025-12-19 01:16:15,Qwen/Qwen3-8B,MMLU_selected_subjects,isot_fake_264,meani,0.587,28,206
2025-12-19 01:16:16,Qwen/Qwen3-8B,MMLU_selected_subjects,isot_fake_713,chara,0.536,28,681
2025-12-19 01:21:02,Qwen/Qwen3-8B,MMLU_selected_subjects,isot_fake_264,wordd,0.593,28,206
2025-12-19 01:21:14,Qwen/Qwen3-8B,MMLU_selected_subjects,isot_fake_714,clean,0.589,28,360
2025-12-19 01:25:52,Qwen/Qwen3-8B,MMLU_selected_subjects,isot_fake_264,chara,0.542,28,206
2025-12-19 01:26:04,Qwen/Qwen3-8B,MMLU_selected_subjects,isot_fake_714,meani,0.601,28,360
2025-12-19 01:30:55,Qwen/Qwen3-8B,MMLU_selected_subjects,isot_fake_714,wordd,0.534,28,360
2025-12-19 01:31:02,Qwen/Qwen3-8B,MMLU_selected_subjects,isot_fake_265,clean,0.619,28,791
2025-12-19 01:36:03,Qwen/Qwen3-8B,MMLU_selected_subjects,isot_fake_714,chara,0.54,28,360
2025-12-19 01:36:10,Qwen/Qwen3-8B,MMLU_selected_subjects,isot_fake_265,meani,0.598,28,791
2025-12-19 01:41:07,Qwen/Qwen3-8B,MMLU_selected_subjects,isot_fake_715,clean,0.632,28,445
2025-12-19 01:41:24,Qwen/Qwen3-8B,MMLU_selected_subjects,isot_fake_265,wordd,0.609,28,791
2025-12-19 01:46:11,Qwen/Qwen3-8B,MMLU_selected_subjects,isot_fake_715,meani,0.589,28,445
2025-12-19 01:47:24,Qwen/Qwen3-8B,MMLU_selected_subjects,isot_fake_265,chara,0.52,28,791
2025-12-19 01:51:15,Qwen/Qwen3-8B,MMLU_selected_subjects,isot_fake_715,wordd,0.588,28,445
2025-12-19 01:52:24,Qwen/Qwen3-8B,MMLU_selected_subjects,isot_fake_266,clean,0.635,28,416
2025-12-19 01:56:45,Qwen/Qwen3-8B,MMLU_selected_subjects,isot_fake_715,chara,0.558,28,445
2025-12-19 01:57:23,Qwen/Qwen3-8B,MMLU_selected_subjects,isot_fake_266,meani,0.591,28,416
2025-12-19 02:01:29,Qwen/Qwen3-8B,MMLU_selected_subjects,isot_fake_716,clean,0.577,28,214
2025-12-19 02:02:21,Qwen/Qwen3-8B,MMLU_selected_subjects,isot_fake_266,wordd,0.583,28,416
2025-12-19 02:06:15,Qwen/Qwen3-8B,MMLU_selected_subjects,isot_fake_716,meani,0.569,28,214
2025-12-19 02:07:44,Qwen/Qwen3-8B,MMLU_selected_subjects,isot_fake_266,chara,0.548,28,416
2025-12-19 02:10:59,Qwen/Qwen3-8B,MMLU_selected_subjects,isot_fake_716,wordd,0.591,28,214
2025-12-19 02:12:57,Qwen/Qwen3-8B,MMLU_selected_subjects,isot_fake_267,clean,0.594,28,718
2025-12-19 02:15:59,Qwen/Qwen3-8B,MMLU_selected_subjects,isot_fake_716,chara,0.526,28,214
2025-12-19 02:18:10,Qwen/Qwen3-8B,MMLU_selected_subjects,isot_fake_267,meani,0.579,28,718
2025-12-19 02:21:09,Qwen/Qwen3-8B,MMLU_selected_subjects,isot_fake_717,clean,0.602,28,595
2025-12-19 02:23:25,Qwen/Qwen3-8B,MMLU_selected_subjects,isot_fake_267,wordd,0.55,28,718
2025-12-19 02:26:18,Qwen/Qwen3-8B,MMLU_selected_subjects,isot_fake_717,meani,0.587,28,595
2025-12-19 02:29:22,Qwen/Qwen3-8B,MMLU_selected_subjects,isot_fake_267,chara,0.528,28,718
2025-12-19 02:31:29,Qwen/Qwen3-8B,MMLU_selected_subjects,isot_fake_717,wordd,0.562,28,595
2025-12-19 02:34:27,Qwen/Qwen3-8B,MMLU_selected_subjects,isot_fake_268,clean,0.601,28,604
2025-12-19 02:37:14,Qwen/Qwen3-8B,MMLU_selected_subjects,isot_fake_717,chara,0.546,28,595
2025-12-19 02:39:33,Qwen/Qwen3-8B,MMLU_selected_subjects,isot_fake_268,meani,0.59,28,604
2025-12-19 02:42:05,Qwen/Qwen3-8B,MMLU_selected_subjects,isot_fake_718,clean,0.612,28,281
2025-12-19 02:44:35,Qwen/Qwen3-8B,MMLU_selected_subjects,isot_fake_268,wordd,0.585,28,604
2025-12-19 02:46:52,Qwen/Qwen3-8B,MMLU_selected_subjects,isot_fake_718,meani,0.593,28,281
2025-12-19 02:50:12,Qwen/Qwen3-8B,MMLU_selected_subjects,isot_fake_268,chara,0.548,28,604
2025-12-19 02:51:38,Qwen/Qwen3-8B,MMLU_selected_subjects,isot_fake_718,wordd,0.591,28,281
2025-12-19 02:54:57,Qwen/Qwen3-8B,MMLU_selected_subjects,isot_fake_269,clean,0.596,28,339
2025-12-19 02:56:42,Qwen/Qwen3-8B,MMLU_selected_subjects,isot_fake_718,chara,0.56,28,281
2025-12-19 02:59:43,Qwen/Qwen3-8B,MMLU_selected_subjects,isot_fake_269,meani,0.607,28,339
2025-12-19 03:02:00,Qwen/Qwen3-8B,MMLU_selected_subjects,isot_fake_719,clean,0.608,28,795
2025-12-19 03:04:33,Qwen/Qwen3-8B,MMLU_selected_subjects,isot_fake_269,wordd,0.599,28,339
2025-12-19 03:07:19,Qwen/Qwen3-8B,MMLU_selected_subjects,isot_fake_719,meani,0.59,28,795
2025-12-19 03:09:46,Qwen/Qwen3-8B,MMLU_selected_subjects,isot_fake_269,chara,0.505,28,339
2025-12-19 03:12:37,Qwen/Qwen3-8B,MMLU_selected_subjects,isot_fake_719,wordd,0.573,28,795
2025-12-19 03:15:02,Qwen/Qwen3-8B,MMLU_selected_subjects,isot_fake_27,clean,0.618,28,728
2025-12-19 03:18:43,Qwen/Qwen3-8B,MMLU_selected_subjects,isot_fake_719,chara,0.544,28,795
2025-12-19 03:20:18,Qwen/Qwen3-8B,MMLU_selected_subjects,isot_fake_27,meani,0.613,28,728
2025-12-19 03:23:32,Qwen/Qwen3-8B,MMLU_selected_subjects,isot_fake_72,clean,0.556,28,259
2025-12-19 03:25:33,Qwen/Qwen3-8B,MMLU_selected_subjects,isot_fake_27,wordd,0.579,28,728
2025-12-19 03:28:19,Qwen/Qwen3-8B,MMLU_selected_subjects,isot_fake_72,meani,0.554,28,259
2025-12-19 03:31:31,Qwen/Qwen3-8B,MMLU_selected_subjects,isot_fake_27,chara,0.542,28,728
2025-12-19 03:33:07,Qwen/Qwen3-8B,MMLU_selected_subjects,isot_fake_72,wordd,0.563,28,259
2025-12-19 03:36:46,Qwen/Qwen3-8B,MMLU_selected_subjects,isot_fake_270,clean,0.605,28,723
2025-12-19 03:38:12,Qwen/Qwen3-8B,MMLU_selected_subjects,isot_fake_72,chara,0.504,28,259
2025-12-19 03:41:59,Qwen/Qwen3-8B,MMLU_selected_subjects,isot_fake_270,meani,0.61,28,723
2025-12-19 03:43:32,Qwen/Qwen3-8B,MMLU_selected_subjects,isot_fake_720,clean,0.62,28,709
2025-12-19 03:47:12,Qwen/Qwen3-8B,MMLU_selected_subjects,isot_fake_270,wordd,0.604,28,723
2025-12-19 03:48:44,Qwen/Qwen3-8B,MMLU_selected_subjects,isot_fake_720,meani,0.611,28,709
2025-12-19 03:53:01,Qwen/Qwen3-8B,MMLU_selected_subjects,isot_fake_270,chara,0.553,28,723
2025-12-19 03:53:49,Qwen/Qwen3-8B,MMLU_selected_subjects,isot_fake_720,wordd,0.593,28,709
2025-12-19 03:57:34,Qwen/Qwen3-8B,MMLU_selected_subjects,isot_fake_271,clean,0.621,28,276
2025-12-19 03:59:33,Qwen/Qwen3-8B,MMLU_selected_subjects,isot_fake_720,chara,0.521,28,709
2025-12-19 04:02:08,Qwen/Qwen3-8B,MMLU_selected_subjects,isot_fake_271,meani,0.593,28,276
2025-12-19 04:04:18,Qwen/Qwen3-8B,MMLU_selected_subjects,isot_fake_721,clean,0.576,28,531
2025-12-19 04:06:42,Qwen/Qwen3-8B,MMLU_selected_subjects,isot_fake_271,wordd,0.603,28,276
2025-12-19 04:09:05,Qwen/Qwen3-8B,MMLU_selected_subjects,isot_fake_721,meani,0.578,28,531
2025-12-19 04:11:35,Qwen/Qwen3-8B,MMLU_selected_subjects,isot_fake_271,chara,0.523,28,276
2025-12-19 04:13:51,Qwen/Qwen3-8B,MMLU_selected_subjects,isot_fake_721,wordd,0.581,28,531
2025-12-19 04:16:27,Qwen/Qwen3-8B,MMLU_selected_subjects,isot_fake_272,clean,0.607,28,451
2025-12-19 04:19:14,Qwen/Qwen3-8B,MMLU_selected_subjects,isot_fake_721,chara,0.547,28,531
2025-12-19 04:21:15,Qwen/Qwen3-8B,MMLU_selected_subjects,isot_fake_272,meani,0.617,28,451
2025-12-19 04:24:17,Qwen/Qwen3-8B,MMLU_selected_subjects,isot_fake_722,clean,0.61,28,638
2025-12-19 04:26:02,Qwen/Qwen3-8B,MMLU_selected_subjects,isot_fake_272,wordd,0.597,28,451
2025-12-19 04:29:19,Qwen/Qwen3-8B,MMLU_selected_subjects,isot_fake_722,meani,0.584,28,638
2025-12-19 04:31:13,Qwen/Qwen3-8B,MMLU_selected_subjects,isot_fake_272,chara,0.542,28,451
2025-12-19 04:34:21,Qwen/Qwen3-8B,MMLU_selected_subjects,isot_fake_722,wordd,0.576,28,638
2025-12-19 04:36:04,Qwen/Qwen3-8B,MMLU_selected_subjects,isot_fake_273,clean,0.598,28,547
2025-12-19 04:39:59,Qwen/Qwen3-8B,MMLU_selected_subjects,isot_fake_722,chara,0.553,28,638
2025-12-19 04:40:52,Qwen/Qwen3-8B,MMLU_selected_subjects,isot_fake_273,meani,0.578,28,547
2025-12-19 04:44:46,Qwen/Qwen3-8B,MMLU_selected_subjects,isot_fake_723,clean,0.618,28,351
2025-12-19 04:45:41,Qwen/Qwen3-8B,MMLU_selected_subjects,isot_fake_273,wordd,0.58,28,547
2025-12-19 04:49:32,Qwen/Qwen3-8B,MMLU_selected_subjects,isot_fake_723,meani,0.603,28,351
2025-12-19 04:51:09,Qwen/Qwen3-8B,MMLU_selected_subjects,isot_fake_273,chara,0.55,28,547
2025-12-19 04:54:21,Qwen/Qwen3-8B,MMLU_selected_subjects,isot_fake_723,wordd,0.58,28,351
2025-12-19 04:56:00,Qwen/Qwen3-8B,MMLU_selected_subjects,isot_fake_274,clean,0.611,28,423
2025-12-19 04:59:33,Qwen/Qwen3-8B,MMLU_selected_subjects,isot_fake_723,chara,0.514,28,351
2025-12-19 05:00:50,Qwen/Qwen3-8B,MMLU_selected_subjects,isot_fake_274,meani,0.608,28,423
2025-12-19 05:04:44,Qwen/Qwen3-8B,MMLU_selected_subjects,isot_fake_724,clean,0.594,28,724
2025-12-19 05:05:40,Qwen/Qwen3-8B,MMLU_selected_subjects,isot_fake_274,wordd,0.579,28,423
2025-12-19 05:09:50,Qwen/Qwen3-8B,MMLU_selected_subjects,isot_fake_724,meani,0.602,28,724
2025-12-19 05:10:55,Qwen/Qwen3-8B,MMLU_selected_subjects,isot_fake_274,chara,0.527,28,423
2025-12-19 05:14:58,Qwen/Qwen3-8B,MMLU_selected_subjects,isot_fake_724,wordd,0.575,28,724
2025-12-19 05:16:01,Qwen/Qwen3-8B,MMLU_selected_subjects,isot_fake_275,clean,0.581,28,780
2025-12-19 05:20:52,Qwen/Qwen3-8B,MMLU_selected_subjects,isot_fake_724,chara,0.521,28,724
2025-12-19 05:21:08,Qwen/Qwen3-8B,MMLU_selected_subjects,isot_fake_275,meani,0.589,28,780
2025-12-19 05:26:00,Qwen/Qwen3-8B,MMLU_selected_subjects,isot_fake_725,clean,0.603,28,543
2025-12-19 05:26:15,Qwen/Qwen3-8B,MMLU_selected_subjects,isot_fake_275,wordd,0.582,28,780
2025-12-19 05:31:08,Qwen/Qwen3-8B,MMLU_selected_subjects,isot_fake_725,meani,0.602,28,543
2025-12-19 05:32:14,Qwen/Qwen3-8B,MMLU_selected_subjects,isot_fake_275,chara,0.522,28,780
2025-12-19 05:36:15,Qwen/Qwen3-8B,MMLU_selected_subjects,isot_fake_725,wordd,0.595,28,543
2025-12-19 05:37:11,Qwen/Qwen3-8B,MMLU_selected_subjects,isot_fake_276,clean,0.57,28,566
2025-12-19 05:41:51,Qwen/Qwen3-8B,MMLU_selected_subjects,isot_fake_725,chara,0.531,28,543
2025-12-19 05:42:07,Qwen/Qwen3-8B,MMLU_selected_subjects,isot_fake_276,meani,0.575,28,566
2025-12-19 05:46:51,Qwen/Qwen3-8B,MMLU_selected_subjects,isot_fake_726,clean,0.64,28,519
2025-12-19 05:47:03,Qwen/Qwen3-8B,MMLU_selected_subjects,isot_fake_276,wordd,0.557,28,566
2025-12-19 05:51:52,Qwen/Qwen3-8B,MMLU_selected_subjects,isot_fake_726,meani,0.61,28,519
2025-12-19 05:52:37,Qwen/Qwen3-8B,MMLU_selected_subjects,isot_fake_276,chara,0.516,28,566
2025-12-19 05:56:54,Qwen/Qwen3-8B,MMLU_selected_subjects,isot_fake_726,wordd,0.555,28,519
2025-12-19 05:57:19,Qwen/Qwen3-8B,MMLU_selected_subjects,isot_fake_277,clean,0.583,28,310
2025-12-19 06:02:01,Qwen/Qwen3-8B,MMLU_selected_subjects,isot_fake_277,meani,0.572,28,310
2025-12-19 06:02:22,Qwen/Qwen3-8B,MMLU_selected_subjects,isot_fake_726,chara,0.533,28,519
2025-12-19 06:06:45,Qwen/Qwen3-8B,MMLU_selected_subjects,isot_fake_277,wordd,0.516,28,310
2025-12-19 06:07:00,Qwen/Qwen3-8B,MMLU_selected_subjects,isot_fake_727,clean,0.534,28,205
2025-12-19 06:11:38,Qwen/Qwen3-8B,MMLU_selected_subjects,isot_fake_727,meani,0.576,28,205
2025-12-19 06:11:47,Qwen/Qwen3-8B,MMLU_selected_subjects,isot_fake_277,chara,0.516,28,310
2025-12-19 06:16:17,Qwen/Qwen3-8B,MMLU_selected_subjects,isot_fake_727,wordd,0.588,28,205
2025-12-19 06:16:48,Qwen/Qwen3-8B,MMLU_selected_subjects,isot_fake_278,clean,0.622,28,578
2025-12-19 06:21:09,Qwen/Qwen3-8B,MMLU_selected_subjects,isot_fake_727,chara,0.552,28,205
2025-12-19 06:21:48,Qwen/Qwen3-8B,MMLU_selected_subjects,isot_fake_278,meani,0.61,28,578
2025-12-19 06:25:53,Qwen/Qwen3-8B,MMLU_selected_subjects,isot_fake_728,clean,0.595,28,259
2025-12-19 06:26:47,Qwen/Qwen3-8B,MMLU_selected_subjects,isot_fake_278,wordd,0.596,28,578
2025-12-19 06:30:38,Qwen/Qwen3-8B,MMLU_selected_subjects,isot_fake_728,meani,0.56,28,259
2025-12-19 06:32:20,Qwen/Qwen3-8B,MMLU_selected_subjects,isot_fake_278,chara,0.56,28,578
2025-12-19 06:35:23,Qwen/Qwen3-8B,MMLU_selected_subjects,isot_fake_728,wordd,0.574,28,259
2025-12-19 06:37:26,Qwen/Qwen3-8B,MMLU_selected_subjects,isot_fake_279,clean,0.59,28,734
2025-12-19 06:40:24,Qwen/Qwen3-8B,MMLU_selected_subjects,isot_fake_728,chara,0.524,28,259
2025-12-19 06:42:30,Qwen/Qwen3-8B,MMLU_selected_subjects,isot_fake_279,meani,0.567,28,734
2025-12-19 06:45:09,Qwen/Qwen3-8B,MMLU_selected_subjects,isot_fake_729,clean,0.567,28,304
2025-12-19 06:47:35,Qwen/Qwen3-8B,MMLU_selected_subjects,isot_fake_279,wordd,0.591,28,734
2025-12-19 06:49:54,Qwen/Qwen3-8B,MMLU_selected_subjects,isot_fake_729,meani,0.528,28,304
2025-12-19 06:53:27,Qwen/Qwen3-8B,MMLU_selected_subjects,isot_fake_279,chara,0.535,28,734
2025-12-19 06:54:40,Qwen/Qwen3-8B,MMLU_selected_subjects,isot_fake_729,wordd,0.539,28,304
2025-12-19 06:58:39,Qwen/Qwen3-8B,MMLU_selected_subjects,isot_fake_28,clean,0.61,28,723
2025-12-19 06:59:44,Qwen/Qwen3-8B,MMLU_selected_subjects,isot_fake_729,chara,0.56,28,304
2025-12-19 07:03:49,Qwen/Qwen3-8B,MMLU_selected_subjects,isot_fake_28,meani,0.59,28,723
2025-12-19 07:04:43,Qwen/Qwen3-8B,MMLU_selected_subjects,isot_fake_73,clean,0.539,28,439
2025-12-19 07:09:01,Qwen/Qwen3-8B,MMLU_selected_subjects,isot_fake_28,wordd,0.603,28,723
2025-12-19 07:09:39,Qwen/Qwen3-8B,MMLU_selected_subjects,isot_fake_73,meani,0.576,28,439
2025-12-19 07:14:36,Qwen/Qwen3-8B,MMLU_selected_subjects,isot_fake_73,wordd,0.595,28,439
2025-12-19 07:14:54,Qwen/Qwen3-8B,MMLU_selected_subjects,isot_fake_28,chara,0.52,28,723
2025-12-19 07:19:49,Qwen/Qwen3-8B,MMLU_selected_subjects,isot_fake_280,clean,0.594,28,336
2025-12-19 07:19:58,Qwen/Qwen3-8B,MMLU_selected_subjects,isot_fake_73,chara,0.559,28,439
2025-12-19 07:24:44,Qwen/Qwen3-8B,MMLU_selected_subjects,isot_fake_280,meani,0.599,28,336
2025-12-19 07:24:45,Qwen/Qwen3-8B,MMLU_selected_subjects,isot_fake_730,clean,0.634,28,207
2025-12-19 07:29:30,Qwen/Qwen3-8B,MMLU_selected_subjects,isot_fake_730,meani,0.582,28,207
2025-12-19 07:29:40,Qwen/Qwen3-8B,MMLU_selected_subjects,isot_fake_280,wordd,0.584,28,336
2025-12-19 07:34:17,Qwen/Qwen3-8B,MMLU_selected_subjects,isot_fake_730,wordd,0.577,28,207
2025-12-19 07:34:50,Qwen/Qwen3-8B,MMLU_selected_subjects,isot_fake_280,chara,0.531,28,336
2025-12-19 07:39:11,Qwen/Qwen3-8B,MMLU_selected_subjects,isot_fake_730,chara,0.539,28,207
2025-12-19 07:39:33,Qwen/Qwen3-8B,MMLU_selected_subjects,isot_fake_281,clean,0.59,28,277
2025-12-19 07:44:16,Qwen/Qwen3-8B,MMLU_selected_subjects,isot_fake_281,meani,0.593,28,277
2025-12-19 07:44:18,Qwen/Qwen3-8B,MMLU_selected_subjects,isot_fake_731,clean,0.621,28,707
2025-12-19 07:48:59,Qwen/Qwen3-8B,MMLU_selected_subjects,isot_fake_281,wordd,0.584,28,277
2025-12-19 07:49:25,Qwen/Qwen3-8B,MMLU_selected_subjects,isot_fake_731,meani,0.61,28,707
2025-12-19 07:53:56,Qwen/Qwen3-8B,MMLU_selected_subjects,isot_fake_281,chara,0.541,28,277
2025-12-19 07:54:32,Qwen/Qwen3-8B,MMLU_selected_subjects,isot_fake_731,wordd,0.589,28,707
2025-12-19 07:58:47,Qwen/Qwen3-8B,MMLU_selected_subjects,isot_fake_282,clean,0.598,28,408
2025-12-19 08:00:25,Qwen/Qwen3-8B,MMLU_selected_subjects,isot_fake_731,chara,0.538,28,707
2025-12-19 08:03:27,Qwen/Qwen3-8B,MMLU_selected_subjects,isot_fake_282,meani,0.588,28,408
2025-12-19 08:05:04,Qwen/Qwen3-8B,MMLU_selected_subjects,isot_fake_732,clean,0.581,28,415
2025-12-19 08:08:05,Qwen/Qwen3-8B,MMLU_selected_subjects,isot_fake_282,wordd,0.576,28,408
2025-12-19 08:09:43,Qwen/Qwen3-8B,MMLU_selected_subjects,isot_fake_732,meani,0.587,28,415
2025-12-19 08:13:09,Qwen/Qwen3-8B,MMLU_selected_subjects,isot_fake_282,chara,0.525,28,408
2025-12-19 08:14:23,Qwen/Qwen3-8B,MMLU_selected_subjects,isot_fake_732,wordd,0.582,28,415
2025-12-19 08:17:45,Qwen/Qwen3-8B,MMLU_selected_subjects,isot_fake_283,clean,0.594,28,337
2025-12-19 08:19:25,Qwen/Qwen3-8B,MMLU_selected_subjects,isot_fake_732,chara,0.58,28,415
2025-12-19 08:22:20,Qwen/Qwen3-8B,MMLU_selected_subjects,isot_fake_283,meani,0.589,28,337
2025-12-19 08:24:15,Qwen/Qwen3-8B,MMLU_selected_subjects,isot_fake_733,clean,0.608,28,593
2025-12-19 08:26:56,Qwen/Qwen3-8B,MMLU_selected_subjects,isot_fake_283,wordd,0.582,28,337
2025-12-19 08:29:05,Qwen/Qwen3-8B,MMLU_selected_subjects,isot_fake_733,meani,0.584,28,593
2025-12-19 08:31:50,Qwen/Qwen3-8B,MMLU_selected_subjects,isot_fake_283,chara,0.539,28,337
2025-12-19 08:33:55,Qwen/Qwen3-8B,MMLU_selected_subjects,isot_fake_733,wordd,0.574,28,593
2025-12-19 08:36:50,Qwen/Qwen3-8B,MMLU_selected_subjects,isot_fake_284,clean,0.613,28,797
2025-12-19 08:39:20,Qwen/Qwen3-8B,MMLU_selected_subjects,isot_fake_733,chara,0.544,28,593
2025-12-19 08:41:50,Qwen/Qwen3-8B,MMLU_selected_subjects,isot_fake_284,meani,0.594,28,797
2025-12-19 08:43:54,Qwen/Qwen3-8B,MMLU_selected_subjects,isot_fake_734,clean,0.61,28,264
2025-12-19 08:46:51,Qwen/Qwen3-8B,MMLU_selected_subjects,isot_fake_284,wordd,0.576,28,797
2025-12-19 08:48:27,Qwen/Qwen3-8B,MMLU_selected_subjects,isot_fake_734,meani,0.608,28,264
2025-12-19 08:52:40,Qwen/Qwen3-8B,MMLU_selected_subjects,isot_fake_284,chara,0.543,28,797
2025-12-19 08:53:01,Qwen/Qwen3-8B,MMLU_selected_subjects,isot_fake_734,wordd,0.605,28,264
2025-12-19 08:57:22,Qwen/Qwen3-8B,MMLU_selected_subjects,isot_fake_285,clean,0.602,28,418
2025-12-19 08:57:56,Qwen/Qwen3-8B,MMLU_selected_subjects,isot_fake_734,chara,0.558,28,264
2025-12-19 09:02:05,Qwen/Qwen3-8B,MMLU_selected_subjects,isot_fake_285,meani,0.612,28,418
2025-12-19 09:02:57,Qwen/Qwen3-8B,MMLU_selected_subjects,isot_fake_735,clean,0.615,28,721
2025-12-19 09:06:45,Qwen/Qwen3-8B,MMLU_selected_subjects,isot_fake_285,wordd,0.562,28,418
2025-12-19 09:07:53,Qwen/Qwen3-8B,MMLU_selected_subjects,isot_fake_735,meani,0.612,28,721
2025-12-19 09:11:50,Qwen/Qwen3-8B,MMLU_selected_subjects,isot_fake_285,chara,0.53,28,418
2025-12-19 09:12:52,Qwen/Qwen3-8B,MMLU_selected_subjects,isot_fake_735,wordd,0.596,28,721
2025-12-19 09:16:46,Qwen/Qwen3-8B,MMLU_selected_subjects,isot_fake_286,clean,0.634,28,577
2025-12-19 09:18:36,Qwen/Qwen3-8B,MMLU_selected_subjects,isot_fake_735,chara,0.523,28,721
2025-12-19 09:21:43,Qwen/Qwen3-8B,MMLU_selected_subjects,isot_fake_286,meani,0.614,28,577
2025-12-19 09:23:06,Qwen/Qwen3-8B,MMLU_selected_subjects,isot_fake_736,clean,0.595,28,230
2025-12-19 09:26:37,Qwen/Qwen3-8B,MMLU_selected_subjects,isot_fake_286,wordd,0.582,28,577
2025-12-19 09:27:34,Qwen/Qwen3-8B,MMLU_selected_subjects,isot_fake_736,meani,0.577,28,230
2025-12-19 09:32:01,Qwen/Qwen3-8B,MMLU_selected_subjects,isot_fake_286,chara,0.507,28,577
2025-12-19 09:32:02,Qwen/Qwen3-8B,MMLU_selected_subjects,isot_fake_736,wordd,0.587,28,230
2025-12-19 09:36:37,Qwen/Qwen3-8B,MMLU_selected_subjects,isot_fake_287,clean,0.532,28,301
2025-12-19 09:36:47,Qwen/Qwen3-8B,MMLU_selected_subjects,isot_fake_736,chara,0.564,28,230
2025-12-19 09:41:10,Qwen/Qwen3-8B,MMLU_selected_subjects,isot_fake_287,meani,0.588,28,301
2025-12-19 09:41:55,Qwen/Qwen3-8B,MMLU_selected_subjects,isot_fake_737,clean,0.603,28,785
2025-12-19 09:45:45,Qwen/Qwen3-8B,MMLU_selected_subjects,isot_fake_287,wordd,0.612,28,301
2025-12-19 09:47:01,Qwen/Qwen3-8B,MMLU_selected_subjects,isot_fake_737,meani,0.607,28,785
2025-12-19 09:50:33,Qwen/Qwen3-8B,MMLU_selected_subjects,isot_fake_287,chara,0.545,28,301
2025-12-19 09:52:08,Qwen/Qwen3-8B,MMLU_selected_subjects,isot_fake_737,wordd,0.594,28,785
2025-12-19 09:55:02,Qwen/Qwen3-8B,MMLU_selected_subjects,isot_fake_288,clean,0.614,28,229
2025-12-19 09:58:03,Qwen/Qwen3-8B,MMLU_selected_subjects,isot_fake_737,chara,0.558,28,785
2025-12-19 09:59:33,Qwen/Qwen3-8B,MMLU_selected_subjects,isot_fake_288,meani,0.565,28,229
2025-12-19 10:02:35,Qwen/Qwen3-8B,MMLU_selected_subjects,isot_fake_738,clean,0.611,28,207
2025-12-19 10:04:03,Qwen/Qwen3-8B,MMLU_selected_subjects,isot_fake_288,wordd,0.562,28,229
2025-12-19 10:07:10,Qwen/Qwen3-8B,MMLU_selected_subjects,isot_fake_738,meani,0.618,28,207
2025-12-19 10:08:49,Qwen/Qwen3-8B,MMLU_selected_subjects,isot_fake_288,chara,0.435,28,229
2025-12-19 10:11:43,Qwen/Qwen3-8B,MMLU_selected_subjects,isot_fake_738,wordd,0.597,28,207
2025-12-19 10:13:25,Qwen/Qwen3-8B,MMLU_selected_subjects,isot_fake_289,clean,0.636,28,199
2025-12-19 10:16:27,Qwen/Qwen3-8B,MMLU_selected_subjects,isot_fake_738,chara,0.583,28,207
2025-12-19 10:18:01,Qwen/Qwen3-8B,MMLU_selected_subjects,isot_fake_289,meani,0.616,28,199
2025-12-19 10:21:15,Qwen/Qwen3-8B,MMLU_selected_subjects,isot_fake_739,clean,0.599,28,529
2025-12-19 10:22:37,Qwen/Qwen3-8B,MMLU_selected_subjects,isot_fake_289,wordd,0.621,28,199
2025-12-19 10:26:01,Qwen/Qwen3-8B,MMLU_selected_subjects,isot_fake_739,meani,0.604,28,529
2025-12-19 10:27:23,Qwen/Qwen3-8B,MMLU_selected_subjects,isot_fake_289,chara,0.559,28,199
2025-12-19 10:30:49,Qwen/Qwen3-8B,MMLU_selected_subjects,isot_fake_739,wordd,0.582,28,529
2025-12-19 10:31:53,Qwen/Qwen3-8B,MMLU_selected_subjects,isot_fake_29,clean,0.611,28,226
2025-12-19 10:36:09,Qwen/Qwen3-8B,MMLU_selected_subjects,isot_fake_739,chara,0.542,28,529
2025-12-19 10:36:25,Qwen/Qwen3-8B,MMLU_selected_subjects,isot_fake_29,meani,0.594,28,226
2025-12-19 10:41:03,Qwen/Qwen3-8B,MMLU_selected_subjects,isot_fake_29,wordd,0.618,28,226
2025-12-19 10:41:18,Qwen/Qwen3-8B,MMLU_selected_subjects,isot_fake_74,clean,0.611,28,755
2025-12-19 10:45:50,Qwen/Qwen3-8B,MMLU_selected_subjects,isot_fake_29,chara,0.538,28,226
2025-12-19 10:46:22,Qwen/Qwen3-8B,MMLU_selected_subjects,isot_fake_74,meani,0.566,28,755
2025-12-19 10:50:50,Qwen/Qwen3-8B,MMLU_selected_subjects,isot_fake_290,clean,0.592,28,740
2025-12-19 10:51:21,Qwen/Qwen3-8B,MMLU_selected_subjects,isot_fake_74,wordd,0.57,28,755
2025-12-19 10:55:50,Qwen/Qwen3-8B,MMLU_selected_subjects,isot_fake_290,meani,0.573,28,740
2025-12-19 10:57:09,Qwen/Qwen3-8B,MMLU_selected_subjects,isot_fake_74,chara,0.545,28,755
2025-12-19 11:00:54,Qwen/Qwen3-8B,MMLU_selected_subjects,isot_fake_290,wordd,0.536,28,740
2025-12-19 11:01:49,Qwen/Qwen3-8B,MMLU_selected_subjects,isot_fake_740,clean,0.599,28,264
2025-12-19 11:06:30,Qwen/Qwen3-8B,MMLU_selected_subjects,isot_fake_740,meani,0.592,28,264
2025-12-19 11:06:47,Qwen/Qwen3-8B,MMLU_selected_subjects,isot_fake_290,chara,0.538,28,740
2025-12-19 11:11:09,Qwen/Qwen3-8B,MMLU_selected_subjects,isot_fake_740,wordd,0.571,28,264
2025-12-19 11:11:24,Qwen/Qwen3-8B,MMLU_selected_subjects,isot_fake_291,clean,0.621,28,276
2025-12-19 11:15:58,Qwen/Qwen3-8B,MMLU_selected_subjects,isot_fake_291,meani,0.602,28,276
2025-12-19 11:16:02,Qwen/Qwen3-8B,MMLU_selected_subjects,isot_fake_740,chara,0.52,28,264
2025-12-19 11:20:28,Qwen/Qwen3-8B,MMLU_selected_subjects,isot_fake_291,wordd,0.595,28,276
2025-12-19 11:20:46,Qwen/Qwen3-8B,MMLU_selected_subjects,isot_fake_741,clean,0.619,28,392
2025-12-19 11:25:19,Qwen/Qwen3-8B,MMLU_selected_subjects,isot_fake_291,chara,0.523,28,276
2025-12-19 11:25:31,Qwen/Qwen3-8B,MMLU_selected_subjects,isot_fake_741,meani,0.6,28,392
2025-12-19 11:30:17,Qwen/Qwen3-8B,MMLU_selected_subjects,isot_fake_741,wordd,0.59,28,392
2025-12-19 11:30:33,Qwen/Qwen3-8B,MMLU_selected_subjects,isot_fake_292,clean,0.625,28,713
2025-12-19 11:35:24,Qwen/Qwen3-8B,MMLU_selected_subjects,isot_fake_741,chara,0.534,28,392
2025-12-19 11:35:46,Qwen/Qwen3-8B,MMLU_selected_subjects,isot_fake_292,meani,0.582,28,713
2025-12-19 11:40:00,Qwen/Qwen3-8B,MMLU_selected_subjects,isot_fake_742,clean,0.597,28,235
2025-12-19 11:41:02,Qwen/Qwen3-8B,MMLU_selected_subjects,isot_fake_292,wordd,0.563,28,713
2025-12-19 11:44:39,Qwen/Qwen3-8B,MMLU_selected_subjects,isot_fake_742,meani,0.612,28,235
2025-12-19 11:46:51,Qwen/Qwen3-8B,MMLU_selected_subjects,isot_fake_292,chara,0.537,28,713
2025-12-19 11:49:14,Qwen/Qwen3-8B,MMLU_selected_subjects,isot_fake_742,wordd,0.599,28,235
2025-12-19 11:52:02,Qwen/Qwen3-8B,MMLU_selected_subjects,isot_fake_293,clean,0.618,28,674
2025-12-19 11:54:05,Qwen/Qwen3-8B,MMLU_selected_subjects,isot_fake_742,chara,0.493,28,235
2025-12-19 11:57:16,Qwen/Qwen3-8B,MMLU_selected_subjects,isot_fake_293,meani,0.595,28,674
2025-12-19 11:58:46,Qwen/Qwen3-8B,MMLU_selected_subjects,isot_fake_743,clean,0.597,28,208
2025-12-19 12:02:31,Qwen/Qwen3-8B,MMLU_selected_subjects,isot_fake_293,wordd,0.582,28,674
2025-12-19 12:03:26,Qwen/Qwen3-8B,MMLU_selected_subjects,isot_fake_743,meani,0.576,28,208
2025-12-19 12:08:04,Qwen/Qwen3-8B,MMLU_selected_subjects,isot_fake_743,wordd,0.595,28,208
2025-12-19 12:08:20,Qwen/Qwen3-8B,MMLU_selected_subjects,isot_fake_293,chara,0.501,28,674
2025-12-19 12:12:52,Qwen/Qwen3-8B,MMLU_selected_subjects,isot_fake_294,clean,0.588,28,200
2025-12-19 12:12:54,Qwen/Qwen3-8B,MMLU_selected_subjects,isot_fake_743,chara,0.476,28,208
2025-12-19 12:17:22,Qwen/Qwen3-8B,MMLU_selected_subjects,isot_fake_294,meani,0.583,28,200
2025-12-19 12:17:49,Qwen/Qwen3-8B,MMLU_selected_subjects,isot_fake_744,clean,0.608,28,530
2025-12-19 12:21:57,Qwen/Qwen3-8B,MMLU_selected_subjects,isot_fake_294,wordd,0.591,28,200
2025-12-19 12:22:44,Qwen/Qwen3-8B,MMLU_selected_subjects,isot_fake_744,meani,0.594,28,530
2025-12-19 12:26:43,Qwen/Qwen3-8B,MMLU_selected_subjects,isot_fake_294,chara,0.544,28,200
2025-12-19 12:27:48,Qwen/Qwen3-8B,MMLU_selected_subjects,isot_fake_744,wordd,0.559,28,530
2025-12-19 12:31:37,Qwen/Qwen3-8B,MMLU_selected_subjects,isot_fake_295,clean,0.612,28,413
2025-12-19 12:33:18,Qwen/Qwen3-8B,MMLU_selected_subjects,isot_fake_744,chara,0.553,28,530
2025-12-19 12:36:27,Qwen/Qwen3-8B,MMLU_selected_subjects,isot_fake_295,meani,0.595,28,413
2025-12-19 12:38:30,Qwen/Qwen3-8B,MMLU_selected_subjects,isot_fake_745,clean,0.61,28,569
2025-12-19 12:41:17,Qwen/Qwen3-8B,MMLU_selected_subjects,isot_fake_295,wordd,0.556,28,413
2025-12-19 12:43:35,Qwen/Qwen3-8B,MMLU_selected_subjects,isot_fake_745,meani,0.592,28,569
2025-12-19 12:46:32,Qwen/Qwen3-8B,MMLU_selected_subjects,isot_fake_295,chara,0.541,28,413
2025-12-19 12:48:46,Qwen/Qwen3-8B,MMLU_selected_subjects,isot_fake_745,wordd,0.589,28,569
2025-12-19 12:51:22,Qwen/Qwen3-8B,MMLU_selected_subjects,isot_fake_296,clean,0.566,28,454
2025-12-19 12:54:25,Qwen/Qwen3-8B,MMLU_selected_subjects,isot_fake_745,chara,0.566,28,569
2025-12-19 12:56:10,Qwen/Qwen3-8B,MMLU_selected_subjects,isot_fake_296,meani,0.607,28,454
2025-12-19 12:59:28,Qwen/Qwen3-8B,MMLU_selected_subjects,isot_fake_746,clean,0.601,28,678
2025-12-19 13:01:01,Qwen/Qwen3-8B,MMLU_selected_subjects,isot_fake_296,wordd,0.601,28,454
2025-12-19 13:04:29,Qwen/Qwen3-8B,MMLU_selected_subjects,isot_fake_746,meani,0.565,28,678
2025-12-19 13:06:15,Qwen/Qwen3-8B,MMLU_selected_subjects,isot_fake_296,chara,0.518,28,454
2025-12-19 13:09:34,Qwen/Qwen3-8B,MMLU_selected_subjects,isot_fake_746,wordd,0.561,28,678
2025-12-19 13:11:27,Qwen/Qwen3-8B,MMLU_selected_subjects,isot_fake_297,clean,0.618,28,728
2025-12-19 13:15:21,Qwen/Qwen3-8B,MMLU_selected_subjects,isot_fake_746,chara,0.51,28,678
2025-12-19 13:16:34,Qwen/Qwen3-8B,MMLU_selected_subjects,isot_fake_297,meani,0.594,28,728
2025-12-19 13:20:29,Qwen/Qwen3-8B,MMLU_selected_subjects,isot_fake_747,clean,0.588,28,743
2025-12-19 13:21:49,Qwen/Qwen3-8B,MMLU_selected_subjects,isot_fake_297,wordd,0.588,28,728
2025-12-19 13:25:44,Qwen/Qwen3-8B,MMLU_selected_subjects,isot_fake_747,meani,0.581,28,743
2025-12-19 13:27:38,Qwen/Qwen3-8B,MMLU_selected_subjects,isot_fake_297,chara,0.515,28,728
2025-12-19 13:30:53,Qwen/Qwen3-8B,MMLU_selected_subjects,isot_fake_747,wordd,0.591,28,743
2025-12-19 13:32:44,Qwen/Qwen3-8B,MMLU_selected_subjects,isot_fake_298,clean,0.596,28,602
2025-12-19 13:36:43,Qwen/Qwen3-8B,MMLU_selected_subjects,isot_fake_747,chara,0.557,28,743
2025-12-19 13:37:48,Qwen/Qwen3-8B,MMLU_selected_subjects,isot_fake_298,meani,0.564,28,602
2025-12-19 13:41:49,Qwen/Qwen3-8B,MMLU_selected_subjects,isot_fake_748,clean,0.609,28,702
2025-12-19 13:42:55,Qwen/Qwen3-8B,MMLU_selected_subjects,isot_fake_298,wordd,0.549,28,602
2025-12-19 13:46:57,Qwen/Qwen3-8B,MMLU_selected_subjects,isot_fake_748,meani,0.594,28,702
2025-12-19 13:48:37,Qwen/Qwen3-8B,MMLU_selected_subjects,isot_fake_298,chara,0.544,28,602
2025-12-19 13:52:06,Qwen/Qwen3-8B,MMLU_selected_subjects,isot_fake_748,wordd,0.545,28,702
2025-12-19 13:53:36,Qwen/Qwen3-8B,MMLU_selected_subjects,isot_fake_299,clean,0.594,28,632
2025-12-19 13:57:52,Qwen/Qwen3-8B,MMLU_selected_subjects,isot_fake_748,chara,0.546,28,702
2025-12-19 13:58:37,Qwen/Qwen3-8B,MMLU_selected_subjects,isot_fake_299,meani,0.585,28,632
2025-12-19 14:02:31,Qwen/Qwen3-8B,MMLU_selected_subjects,isot_fake_749,clean,0.546,28,256
2025-12-19 14:03:36,Qwen/Qwen3-8B,MMLU_selected_subjects,isot_fake_299,wordd,0.55,28,632
2025-12-19 14:07:11,Qwen/Qwen3-8B,MMLU_selected_subjects,isot_fake_749,meani,0.594,28,256
2025-12-19 14:09:12,Qwen/Qwen3-8B,MMLU_selected_subjects,isot_fake_299,chara,0.561,28,632
2025-12-19 14:11:47,Qwen/Qwen3-8B,MMLU_selected_subjects,isot_fake_749,wordd,0.59,28,256
2025-12-19 14:14:02,Qwen/Qwen3-8B,MMLU_selected_subjects,isot_fake_3,clean,0.542,28,465
2025-12-19 14:16:40,Qwen/Qwen3-8B,MMLU_selected_subjects,isot_fake_749,chara,0.568,28,256
2025-12-19 14:18:49,Qwen/Qwen3-8B,MMLU_selected_subjects,isot_fake_3,meani,0.574,28,465
2025-12-19 14:21:48,Qwen/Qwen3-8B,MMLU_selected_subjects,isot_fake_75,clean,0.598,28,681
2025-12-19 14:23:38,Qwen/Qwen3-8B,MMLU_selected_subjects,isot_fake_3,wordd,0.59,28,465
2025-12-19 14:26:58,Qwen/Qwen3-8B,MMLU_selected_subjects,isot_fake_75,meani,0.609,28,681
2025-12-19 14:28:52,Qwen/Qwen3-8B,MMLU_selected_subjects,isot_fake_3,chara,0.548,28,465
2025-12-19 14:32:05,Qwen/Qwen3-8B,MMLU_selected_subjects,isot_fake_75,wordd,0.587,28,681
2025-12-19 14:33:57,Qwen/Qwen3-8B,MMLU_selected_subjects,isot_fake_30,clean,0.631,28,539
2025-12-19 14:37:57,Qwen/Qwen3-8B,MMLU_selected_subjects,isot_fake_75,chara,0.519,28,681
2025-12-19 14:38:52,Qwen/Qwen3-8B,MMLU_selected_subjects,isot_fake_30,meani,0.628,28,539
2025-12-19 14:42:47,Qwen/Qwen3-8B,MMLU_selected_subjects,isot_fake_750,clean,0.567,28,508
2025-12-19 14:43:41,Qwen/Qwen3-8B,MMLU_selected_subjects,isot_fake_30,wordd,0.608,28,539
2025-12-19 14:47:34,Qwen/Qwen3-8B,MMLU_selected_subjects,isot_fake_750,meani,0.57,28,508
2025-12-19 14:49:15,Qwen/Qwen3-8B,MMLU_selected_subjects,isot_fake_30,chara,0.538,28,539
2025-12-19 14:52:21,Qwen/Qwen3-8B,MMLU_selected_subjects,isot_fake_750,wordd,0.574,28,508
2025-12-19 14:54:21,Qwen/Qwen3-8B,MMLU_selected_subjects,isot_fake_300,clean,0.562,28,763
2025-12-19 14:57:46,Qwen/Qwen3-8B,MMLU_selected_subjects,isot_fake_750,chara,0.512,28,508
2025-12-19 14:59:29,Qwen/Qwen3-8B,MMLU_selected_subjects,isot_fake_300,meani,0.569,28,763
2025-12-19 15:02:43,Qwen/Qwen3-8B,MMLU_selected_subjects,isot_fake_751,clean,0.611,28,444
2025-12-19 15:04:32,Qwen/Qwen3-8B,MMLU_selected_subjects,isot_fake_300,wordd,0.553,28,763
2025-12-19 15:07:40,Qwen/Qwen3-8B,MMLU_selected_subjects,isot_fake_751,meani,0.613,28,444
2025-12-19 15:10:19,Qwen/Qwen3-8B,MMLU_selected_subjects,isot_fake_300,chara,0.565,28,763
2025-12-19 15:12:33,Qwen/Qwen3-8B,MMLU_selected_subjects,isot_fake_751,wordd,0.599,28,444
2025-12-19 15:15:23,Qwen/Qwen3-8B,MMLU_selected_subjects,isot_fake_301,clean,0.612,28,649
2025-12-19 15:17:45,Qwen/Qwen3-8B,MMLU_selected_subjects,isot_fake_751,chara,0.533,28,444
2025-12-19 15:20:28,Qwen/Qwen3-8B,MMLU_selected_subjects,isot_fake_301,meani,0.596,28,649
2025-12-19 15:22:20,Qwen/Qwen3-8B,MMLU_selected_subjects,isot_fake_752,clean,0.602,28,237
2025-12-19 15:25:37,Qwen/Qwen3-8B,MMLU_selected_subjects,isot_fake_301,wordd,0.591,28,649
2025-12-19 15:26:54,Qwen/Qwen3-8B,MMLU_selected_subjects,isot_fake_752,meani,0.59,28,237
2025-12-19 15:31:20,Qwen/Qwen3-8B,MMLU_selected_subjects,isot_fake_301,chara,0.525,28,649
2025-12-19 15:31:33,Qwen/Qwen3-8B,MMLU_selected_subjects,isot_fake_752,wordd,0.587,28,237
2025-12-19 15:36:10,Qwen/Qwen3-8B,MMLU_selected_subjects,isot_fake_302,clean,0.583,28,418
2025-12-19 15:36:22,Qwen/Qwen3-8B,MMLU_selected_subjects,isot_fake_752,chara,0.536,28,237
2025-12-19 15:40:52,Qwen/Qwen3-8B,MMLU_selected_subjects,isot_fake_302,meani,0.599,28,418
2025-12-19 15:41:25,Qwen/Qwen3-8B,MMLU_selected_subjects,isot_fake_753,clean,0.616,28,736
2025-12-19 15:45:36,Qwen/Qwen3-8B,MMLU_selected_subjects,isot_fake_302,wordd,0.592,28,418
2025-12-19 15:46:28,Qwen/Qwen3-8B,MMLU_selected_subjects,isot_fake_753,meani,0.59,28,736
2025-12-19 15:50:47,Qwen/Qwen3-8B,MMLU_selected_subjects,isot_fake_302,chara,0.558,28,418
2025-12-19 15:51:34,Qwen/Qwen3-8B,MMLU_selected_subjects,isot_fake_753,wordd,0.56,28,736
2025-12-19 15:55:28,Qwen/Qwen3-8B,MMLU_selected_subjects,isot_fake_303,clean,0.58,28,436
2025-12-19 15:57:26,Qwen/Qwen3-8B,MMLU_selected_subjects,isot_fake_753,chara,0.538,28,736
2025-12-19 16:00:18,Qwen/Qwen3-8B,MMLU_selected_subjects,isot_fake_303,meani,0.601,28,436
2025-12-19 16:02:30,Qwen/Qwen3-8B,MMLU_selected_subjects,isot_fake_754,clean,0.629,28,642
2025-12-19 16:05:00,Qwen/Qwen3-8B,MMLU_selected_subjects,isot_fake_303,wordd,0.554,28,436
2025-12-19 16:07:29,Qwen/Qwen3-8B,MMLU_selected_subjects,isot_fake_754,meani,0.606,28,642
2025-12-19 16:10:10,Qwen/Qwen3-8B,MMLU_selected_subjects,isot_fake_303,chara,0.567,28,436
2025-12-19 16:12:27,Qwen/Qwen3-8B,MMLU_selected_subjects,isot_fake_754,wordd,0.61,28,642
2025-12-19 16:15:05,Qwen/Qwen3-8B,MMLU_selected_subjects,isot_fake_304,clean,0.611,28,670
2025-12-19 16:18:04,Qwen/Qwen3-8B,MMLU_selected_subjects,isot_fake_754,chara,0.515,28,642
2025-12-19 16:20:03,Qwen/Qwen3-8B,MMLU_selected_subjects,isot_fake_304,meani,0.603,28,670
2025-12-19 16:23:06,Qwen/Qwen3-8B,MMLU_selected_subjects,isot_fake_755,clean,0.599,28,658
2025-12-19 16:25:05,Qwen/Qwen3-8B,MMLU_selected_subjects,isot_fake_304,wordd,0.582,28,670
2025-12-19 16:28:07,Qwen/Qwen3-8B,MMLU_selected_subjects,isot_fake_755,meani,0.589,28,658
2025-12-19 16:30:45,Qwen/Qwen3-8B,MMLU_selected_subjects,isot_fake_304,chara,0.536,28,670
2025-12-19 16:33:05,Qwen/Qwen3-8B,MMLU_selected_subjects,isot_fake_755,wordd,0.563,28,658
2025-12-19 16:35:27,Qwen/Qwen3-8B,MMLU_selected_subjects,isot_fake_305,clean,0.622,28,356
2025-12-19 16:38:40,Qwen/Qwen3-8B,MMLU_selected_subjects,isot_fake_755,chara,0.549,28,658
2025-12-19 16:40:10,Qwen/Qwen3-8B,MMLU_selected_subjects,isot_fake_305,meani,0.599,28,356
2025-12-19 16:43:58,Qwen/Qwen3-8B,MMLU_selected_subjects,isot_fake_756,clean,0.617,28,713
2025-12-19 16:44:52,Qwen/Qwen3-8B,MMLU_selected_subjects,isot_fake_305,wordd,0.594,28,356
2025-12-19 16:49:17,Qwen/Qwen3-8B,MMLU_selected_subjects,isot_fake_756,meani,0.616,28,713
2025-12-19 16:49:55,Qwen/Qwen3-8B,MMLU_selected_subjects,isot_fake_305,chara,0.538,28,356
2025-12-19 16:54:35,Qwen/Qwen3-8B,MMLU_selected_subjects,isot_fake_756,wordd,0.594,28,713
2025-12-19 16:54:40,Qwen/Qwen3-8B,MMLU_selected_subjects,isot_fake_306,clean,0.58,28,436
2025-12-19 16:59:25,Qwen/Qwen3-8B,MMLU_selected_subjects,isot_fake_306,meani,0.588,28,436
2025-12-19 17:00:32,Qwen/Qwen3-8B,MMLU_selected_subjects,isot_fake_756,chara,0.521,28,713
2025-12-19 17:04:09,Qwen/Qwen3-8B,MMLU_selected_subjects,isot_fake_306,wordd,0.557,28,436
2025-12-19 17:05:16,Qwen/Qwen3-8B,MMLU_selected_subjects,isot_fake_757,clean,0.599,28,348
2025-12-19 17:09:21,Qwen/Qwen3-8B,MMLU_selected_subjects,isot_fake_306,chara,0.559,28,436
2025-12-19 17:09:58,Qwen/Qwen3-8B,MMLU_selected_subjects,isot_fake_757,meani,0.572,28,348
2025-12-19 17:14:06,Qwen/Qwen3-8B,MMLU_selected_subjects,isot_fake_307,clean,0.594,28,445
2025-12-19 17:14:40,Qwen/Qwen3-8B,MMLU_selected_subjects,isot_fake_757,wordd,0.581,28,348
2025-12-19 17:18:51,Qwen/Qwen3-8B,MMLU_selected_subjects,isot_fake_307,meani,0.584,28,445
2025-12-19 17:19:45,Qwen/Qwen3-8B,MMLU_selected_subjects,isot_fake_757,chara,0.539,28,348
2025-12-19 17:23:35,Qwen/Qwen3-8B,MMLU_selected_subjects,isot_fake_307,wordd,0.582,28,445
2025-12-19 17:24:40,Qwen/Qwen3-8B,MMLU_selected_subjects,isot_fake_758,clean,0.601,28,604
2025-12-19 17:28:47,Qwen/Qwen3-8B,MMLU_selected_subjects,isot_fake_307,chara,0.535,28,445
2025-12-19 17:29:34,Qwen/Qwen3-8B,MMLU_selected_subjects,isot_fake_758,meani,0.592,28,604
2025-12-19 17:33:31,Qwen/Qwen3-8B,MMLU_selected_subjects,isot_fake_308,clean,0.6,28,392
2025-12-19 17:34:28,Qwen/Qwen3-8B,MMLU_selected_subjects,isot_fake_758,wordd,0.59,28,604
2025-12-19 17:38:14,Qwen/Qwen3-8B,MMLU_selected_subjects,isot_fake_308,meani,0.6,28,392
2025-12-19 17:40:00,Qwen/Qwen3-8B,MMLU_selected_subjects,isot_fake_758,chara,0.542,28,604
2025-12-19 17:42:57,Qwen/Qwen3-8B,MMLU_selected_subjects,isot_fake_308,wordd,0.611,28,392
2025-12-19 17:44:48,Qwen/Qwen3-8B,MMLU_selected_subjects,isot_fake_759,clean,0.614,28,435
2025-12-19 17:48:02,Qwen/Qwen3-8B,MMLU_selected_subjects,isot_fake_308,chara,0.551,28,392
2025-12-19 17:49:36,Qwen/Qwen3-8B,MMLU_selected_subjects,isot_fake_759,meani,0.615,28,435
2025-12-19 17:52:45,Qwen/Qwen3-8B,MMLU_selected_subjects,isot_fake_309,clean,0.624,28,295
2025-12-19 17:54:22,Qwen/Qwen3-8B,MMLU_selected_subjects,isot_fake_759,wordd,0.585,28,435
2025-12-19 17:57:27,Qwen/Qwen3-8B,MMLU_selected_subjects,isot_fake_309,meani,0.604,28,295
2025-12-19 17:59:36,Qwen/Qwen3-8B,MMLU_selected_subjects,isot_fake_759,chara,0.538,28,435
2025-12-19 18:02:09,Qwen/Qwen3-8B,MMLU_selected_subjects,isot_fake_309,wordd,0.623,28,295
2025-12-19 18:04:17,Qwen/Qwen3-8B,MMLU_selected_subjects,isot_fake_76,clean,0.645,28,236
2025-12-19 18:07:08,Qwen/Qwen3-8B,MMLU_selected_subjects,isot_fake_309,chara,0.552,28,295
2025-12-19 18:08:58,Qwen/Qwen3-8B,MMLU_selected_subjects,isot_fake_76,meani,0.617,28,236
2025-12-19 18:12:15,Qwen/Qwen3-8B,MMLU_selected_subjects,isot_fake_31,clean,0.586,28,786
2025-12-19 18:13:38,Qwen/Qwen3-8B,MMLU_selected_subjects,isot_fake_76,wordd,0.6,28,236
2025-12-19 18:17:19,Qwen/Qwen3-8B,MMLU_selected_subjects,isot_fake_31,meani,0.582,28,786
2025-12-19 18:18:30,Qwen/Qwen3-8B,MMLU_selected_subjects,isot_fake_76,chara,0.511,28,236
2025-12-19 18:22:24,Qwen/Qwen3-8B,MMLU_selected_subjects,isot_fake_31,wordd,0.586,28,786
2025-12-19 18:23:44,Qwen/Qwen3-8B,MMLU_selected_subjects,isot_fake_760,clean,0.641,28,644
2025-12-19 18:28:17,Qwen/Qwen3-8B,MMLU_selected_subjects,isot_fake_31,chara,0.502,28,786
2025-12-19 18:28:56,Qwen/Qwen3-8B,MMLU_selected_subjects,isot_fake_760,meani,0.579,28,644
2025-12-19 18:32:59,Qwen/Qwen3-8B,MMLU_selected_subjects,isot_fake_310,clean,0.613,28,381
2025-12-19 18:34:11,Qwen/Qwen3-8B,MMLU_selected_subjects,isot_fake_760,wordd,0.58,28,644
2025-12-19 18:37:41,Qwen/Qwen3-8B,MMLU_selected_subjects,isot_fake_310,meani,0.582,28,381
2025-12-19 18:39:56,Qwen/Qwen3-8B,MMLU_selected_subjects,isot_fake_760,chara,0.535,28,644
2025-12-19 18:42:23,Qwen/Qwen3-8B,MMLU_selected_subjects,isot_fake_310,wordd,0.569,28,381
2025-12-19 18:44:32,Qwen/Qwen3-8B,MMLU_selected_subjects,isot_fake_761,clean,0.611,28,226
2025-12-19 18:47:26,Qwen/Qwen3-8B,MMLU_selected_subjects,isot_fake_310,chara,0.555,28,381
2025-12-19 18:49:06,Qwen/Qwen3-8B,MMLU_selected_subjects,isot_fake_761,meani,0.554,28,226
2025-12-19 18:52:17,Qwen/Qwen3-8B,MMLU_selected_subjects,isot_fake_311,clean,0.591,28,521
2025-12-19 18:53:41,Qwen/Qwen3-8B,MMLU_selected_subjects,isot_fake_761,wordd,0.572,28,226
2025-12-19 18:57:08,Qwen/Qwen3-8B,MMLU_selected_subjects,isot_fake_311,meani,0.624,28,521
2025-12-19 18:58:31,Qwen/Qwen3-8B,MMLU_selected_subjects,isot_fake_761,chara,0.502,28,226
2025-12-19 19:01:58,Qwen/Qwen3-8B,MMLU_selected_subjects,isot_fake_311,wordd,0.579,28,521
2025-12-19 19:03:31,Qwen/Qwen3-8B,MMLU_selected_subjects,isot_fake_762,clean,0.609,28,483
2025-12-19 19:07:24,Qwen/Qwen3-8B,MMLU_selected_subjects,isot_fake_311,chara,0.495,28,521
2025-12-19 19:08:29,Qwen/Qwen3-8B,MMLU_selected_subjects,isot_fake_762,meani,0.608,28,483
2025-12-19 19:12:37,Qwen/Qwen3-8B,MMLU_selected_subjects,isot_fake_312,clean,0.634,28,596
2025-12-19 19:13:27,Qwen/Qwen3-8B,MMLU_selected_subjects,isot_fake_762,wordd,0.615,28,483
2025-12-19 19:17:43,Qwen/Qwen3-8B,MMLU_selected_subjects,isot_fake_312,meani,0.594,28,596
2025-12-19 19:18:46,Qwen/Qwen3-8B,MMLU_selected_subjects,isot_fake_762,chara,0.544,28,483
2025-12-19 19:22:49,Qwen/Qwen3-8B,MMLU_selected_subjects,isot_fake_312,wordd,0.607,28,596
2025-12-19 19:23:59,Qwen/Qwen3-8B,MMLU_selected_subjects,isot_fake_763,clean,0.609,28,745
2025-12-19 19:28:24,Qwen/Qwen3-8B,MMLU_selected_subjects,isot_fake_312,chara,0.559,28,596
2025-12-19 19:29:12,Qwen/Qwen3-8B,MMLU_selected_subjects,isot_fake_763,meani,0.583,28,745
2025-12-19 19:33:32,Qwen/Qwen3-8B,MMLU_selected_subjects,isot_fake_313,clean,0.609,28,737
2025-12-19 19:34:26,Qwen/Qwen3-8B,MMLU_selected_subjects,isot_fake_763,wordd,0.558,28,745
2025-12-19 19:38:39,Qwen/Qwen3-8B,MMLU_selected_subjects,isot_fake_313,meani,0.588,28,737
2025-12-19 19:40:17,Qwen/Qwen3-8B,MMLU_selected_subjects,isot_fake_763,chara,0.515,28,745
2025-12-19 19:43:47,Qwen/Qwen3-8B,MMLU_selected_subjects,isot_fake_313,wordd,0.582,28,737
2025-12-19 19:45:09,Qwen/Qwen3-8B,MMLU_selected_subjects,isot_fake_764,clean,0.635,28,456
2025-12-19 19:49:38,Qwen/Qwen3-8B,MMLU_selected_subjects,isot_fake_313,chara,0.512,28,737
2025-12-19 19:50:01,Qwen/Qwen3-8B,MMLU_selected_subjects,isot_fake_764,meani,0.602,28,456
2025-12-19 19:54:44,Qwen/Qwen3-8B,MMLU_selected_subjects,isot_fake_314,clean,0.593,28,721
2025-12-19 19:54:55,Qwen/Qwen3-8B,MMLU_selected_subjects,isot_fake_764,wordd,0.606,28,456
2025-12-19 19:59:49,Qwen/Qwen3-8B,MMLU_selected_subjects,isot_fake_314,meani,0.601,28,721
2025-12-19 20:00:13,Qwen/Qwen3-8B,MMLU_selected_subjects,isot_fake_764,chara,0.56,28,456
2025-12-19 20:04:54,Qwen/Qwen3-8B,MMLU_selected_subjects,isot_fake_314,wordd,0.567,28,721
2025-12-19 20:05:00,Qwen/Qwen3-8B,MMLU_selected_subjects,isot_fake_765,clean,0.599,28,251
2025-12-19 20:09:41,Qwen/Qwen3-8B,MMLU_selected_subjects,isot_fake_765,meani,0.614,28,251
2025-12-19 20:10:38,Qwen/Qwen3-8B,MMLU_selected_subjects,isot_fake_314,chara,0.535,28,721
2025-12-19 20:14:20,Qwen/Qwen3-8B,MMLU_selected_subjects,isot_fake_765,wordd,0.601,28,251
2025-12-19 20:15:44,Qwen/Qwen3-8B,MMLU_selected_subjects,isot_fake_315,clean,0.625,28,780
2025-12-19 20:19:17,Qwen/Qwen3-8B,MMLU_selected_subjects,isot_fake_765,chara,0.566,28,251
2025-12-19 20:20:49,Qwen/Qwen3-8B,MMLU_selected_subjects,isot_fake_315,meani,0.617,28,780
2025-12-19 20:24:06,Qwen/Qwen3-8B,MMLU_selected_subjects,isot_fake_766,clean,0.626,28,357
2025-12-19 20:25:53,Qwen/Qwen3-8B,MMLU_selected_subjects,isot_fake_315,wordd,0.614,28,780
2025-12-19 20:28:55,Qwen/Qwen3-8B,MMLU_selected_subjects,isot_fake_766,meani,0.612,28,357
2025-12-19 20:31:46,Qwen/Qwen3-8B,MMLU_selected_subjects,isot_fake_315,chara,0.528,28,780
2025-12-19 20:33:42,Qwen/Qwen3-8B,MMLU_selected_subjects,isot_fake_766,wordd,0.619,28,357
2025-12-19 20:36:40,Qwen/Qwen3-8B,MMLU_selected_subjects,isot_fake_316,clean,0.601,28,644
2025-12-19 20:38:52,Qwen/Qwen3-8B,MMLU_selected_subjects,isot_fake_766,chara,0.535,28,357
2025-12-19 20:41:35,Qwen/Qwen3-8B,MMLU_selected_subjects,isot_fake_316,meani,0.578,28,644
2025-12-19 20:43:35,Qwen/Qwen3-8B,MMLU_selected_subjects,isot_fake_767,clean,0.614,28,306
2025-12-19 20:46:28,Qwen/Qwen3-8B,MMLU_selected_subjects,isot_fake_316,wordd,0.582,28,644
2025-12-19 20:48:20,Qwen/Qwen3-8B,MMLU_selected_subjects,isot_fake_767,meani,0.609,28,306
2025-12-19 20:52:00,Qwen/Qwen3-8B,MMLU_selected_subjects,isot_fake_316,chara,0.538,28,644
2025-12-19 20:53:05,Qwen/Qwen3-8B,MMLU_selected_subjects,isot_fake_767,wordd,0.602,28,306
2025-12-19 20:57:03,Qwen/Qwen3-8B,MMLU_selected_subjects,isot_fake_317,clean,0.596,28,786
2025-12-19 20:58:05,Qwen/Qwen3-8B,MMLU_selected_subjects,isot_fake_767,chara,0.544,28,306
2025-12-19 21:02:06,Qwen/Qwen3-8B,MMLU_selected_subjects,isot_fake_317,meani,0.585,28,786
2025-12-19 21:02:40,Qwen/Qwen3-8B,MMLU_selected_subjects,isot_fake_768,clean,0.538,28,222
2025-12-19 21:07:10,Qwen/Qwen3-8B,MMLU_selected_subjects,isot_fake_317,wordd,0.585,28,786
2025-12-19 21:07:15,Qwen/Qwen3-8B,MMLU_selected_subjects,isot_fake_768,meani,0.541,28,222
2025-12-19 21:11:50,Qwen/Qwen3-8B,MMLU_selected_subjects,isot_fake_768,wordd,0.506,28,222
2025-12-19 21:13:03,Qwen/Qwen3-8B,MMLU_selected_subjects,isot_fake_317,chara,0.531,28,786
2025-12-19 21:16:37,Qwen/Qwen3-8B,MMLU_selected_subjects,isot_fake_768,chara,0.51,28,222
2025-12-19 21:18:00,Qwen/Qwen3-8B,MMLU_selected_subjects,isot_fake_318,clean,0.613,28,653
2025-12-19 21:21:20,Qwen/Qwen3-8B,MMLU_selected_subjects,isot_fake_769,clean,0.616,28,350
2025-12-19 21:22:57,Qwen/Qwen3-8B,MMLU_selected_subjects,isot_fake_318,meani,0.572,28,653
2025-12-19 21:26:04,Qwen/Qwen3-8B,MMLU_selected_subjects,isot_fake_769,meani,0.619,28,350
2025-12-19 21:27:54,Qwen/Qwen3-8B,MMLU_selected_subjects,isot_fake_318,wordd,0.572,28,653
2025-12-19 21:30:48,Qwen/Qwen3-8B,MMLU_selected_subjects,isot_fake_769,wordd,0.585,28,350
2025-12-19 21:33:31,Qwen/Qwen3-8B,MMLU_selected_subjects,isot_fake_318,chara,0.531,28,653
2025-12-19 21:35:50,Qwen/Qwen3-8B,MMLU_selected_subjects,isot_fake_769,chara,0.529,28,350
2025-12-19 21:38:30,Qwen/Qwen3-8B,MMLU_selected_subjects,isot_fake_319,clean,0.586,28,773
2025-12-19 21:40:39,Qwen/Qwen3-8B,MMLU_selected_subjects,isot_fake_77,clean,0.59,28,427
2025-12-19 21:43:29,Qwen/Qwen3-8B,MMLU_selected_subjects,isot_fake_319,meani,0.575,28,773
2025-12-19 21:45:26,Qwen/Qwen3-8B,MMLU_selected_subjects,isot_fake_77,meani,0.604,28,427
2025-12-19 21:48:28,Qwen/Qwen3-8B,MMLU_selected_subjects,isot_fake_319,wordd,0.562,28,773
2025-12-19 21:50:12,Qwen/Qwen3-8B,MMLU_selected_subjects,isot_fake_77,wordd,0.604,28,427
2025-12-19 21:54:16,Qwen/Qwen3-8B,MMLU_selected_subjects,isot_fake_319,chara,0.55,28,773
2025-12-19 21:55:23,Qwen/Qwen3-8B,MMLU_selected_subjects,isot_fake_77,chara,0.506,28,427
2025-12-19 21:59:11,Qwen/Qwen3-8B,MMLU_selected_subjects,isot_fake_32,clean,0.622,28,494
2025-12-19 22:00:08,Qwen/Qwen3-8B,MMLU_selected_subjects,isot_fake_770,clean,0.609,28,432
2025-12-19 22:04:03,Qwen/Qwen3-8B,MMLU_selected_subjects,isot_fake_32,meani,0.608,28,494
2025-12-19 22:04:53,Qwen/Qwen3-8B,MMLU_selected_subjects,isot_fake_770,meani,0.591,28,432
2025-12-19 22:08:55,Qwen/Qwen3-8B,MMLU_selected_subjects,isot_fake_32,wordd,0.592,28,494
2025-12-19 22:09:39,Qwen/Qwen3-8B,MMLU_selected_subjects,isot_fake_770,wordd,0.578,28,432
2025-12-19 22:14:15,Qwen/Qwen3-8B,MMLU_selected_subjects,isot_fake_32,chara,0.529,28,494
2025-12-19 22:14:52,Qwen/Qwen3-8B,MMLU_selected_subjects,isot_fake_770,chara,0.558,28,432
2025-12-19 22:18:56,Qwen/Qwen3-8B,MMLU_selected_subjects,isot_fake_320,clean,0.629,28,310
2025-12-19 22:19:26,Qwen/Qwen3-8B,MMLU_selected_subjects,isot_fake_771,clean,0.607,28,209
2025-12-19 22:23:38,Qwen/Qwen3-8B,MMLU_selected_subjects,isot_fake_320,meani,0.624,28,310
2025-12-19 22:23:58,Qwen/Qwen3-8B,MMLU_selected_subjects,isot_fake_771,meani,0.587,28,209
2025-12-19 22:28:19,Qwen/Qwen3-8B,MMLU_selected_subjects,isot_fake_320,wordd,0.607,28,310
2025-12-19 22:28:32,Qwen/Qwen3-8B,MMLU_selected_subjects,isot_fake_771,wordd,0.558,28,209
2025-12-19 22:33:17,Qwen/Qwen3-8B,MMLU_selected_subjects,isot_fake_771,chara,0.535,28,209
2025-12-19 22:33:21,Qwen/Qwen3-8B,MMLU_selected_subjects,isot_fake_320,chara,0.541,28,310
2025-12-19 22:38:11,Qwen/Qwen3-8B,MMLU_selected_subjects,isot_fake_772,clean,0.634,28,624
2025-12-19 22:38:30,Qwen/Qwen3-8B,MMLU_selected_subjects,isot_fake_321,clean,0.621,28,748
2025-12-19 22:43:05,Qwen/Qwen3-8B,MMLU_selected_subjects,isot_fake_772,meani,0.604,28,624
2025-12-19 22:43:38,Qwen/Qwen3-8B,MMLU_selected_subjects,isot_fake_321,meani,0.598,28,748
2025-12-19 22:47:59,Qwen/Qwen3-8B,MMLU_selected_subjects,isot_fake_772,wordd,0.587,28,624
2025-12-19 22:48:47,Qwen/Qwen3-8B,MMLU_selected_subjects,isot_fake_321,wordd,0.598,28,748
2025-12-19 22:53:32,Qwen/Qwen3-8B,MMLU_selected_subjects,isot_fake_772,chara,0.525,28,624
2025-12-19 22:54:38,Qwen/Qwen3-8B,MMLU_selected_subjects,isot_fake_321,chara,0.534,28,748
2025-12-19 22:58:21,Qwen/Qwen3-8B,MMLU_selected_subjects,isot_fake_773,clean,0.626,28,500
2025-12-19 22:59:28,Qwen/Qwen3-8B,MMLU_selected_subjects,isot_fake_322,clean,0.597,28,558
2025-12-19 23:03:10,Qwen/Qwen3-8B,MMLU_selected_subjects,isot_fake_773,meani,0.581,28,500
2025-12-19 23:04:19,Qwen/Qwen3-8B,MMLU_selected_subjects,isot_fake_322,meani,0.605,28,558
2025-12-19 23:07:58,Qwen/Qwen3-8B,MMLU_selected_subjects,isot_fake_773,wordd,0.59,28,500
2025-12-19 23:09:08,Qwen/Qwen3-8B,MMLU_selected_subjects,isot_fake_322,wordd,0.606,28,558
2025-12-19 23:13:17,Qwen/Qwen3-8B,MMLU_selected_subjects,isot_fake_773,chara,0.542,28,500
2025-12-19 23:14:32,Qwen/Qwen3-8B,MMLU_selected_subjects,isot_fake_322,chara,0.55,28,558
2025-12-19 23:17:58,Qwen/Qwen3-8B,MMLU_selected_subjects,isot_fake_774,clean,0.568,28,371
2025-12-19 23:19:08,Qwen/Qwen3-8B,MMLU_selected_subjects,isot_fake_323,clean,0.642,28,256
2025-12-19 23:22:39,Qwen/Qwen3-8B,MMLU_selected_subjects,isot_fake_774,meani,0.569,28,371
2025-12-19 23:23:44,Qwen/Qwen3-8B,MMLU_selected_subjects,isot_fake_323,meani,0.578,28,256
2025-12-19 23:27:20,Qwen/Qwen3-8B,MMLU_selected_subjects,isot_fake_774,wordd,0.575,28,371
2025-12-19 23:28:18,Qwen/Qwen3-8B,MMLU_selected_subjects,isot_fake_323,wordd,0.576,28,256
2025-12-19 23:32:23,Qwen/Qwen3-8B,MMLU_selected_subjects,isot_fake_774,chara,0.537,28,371
2025-12-19 23:33:07,Qwen/Qwen3-8B,MMLU_selected_subjects,isot_fake_323,chara,0.554,28,256
2025-12-19 23:37:07,Qwen/Qwen3-8B,MMLU_selected_subjects,isot_fake_775,clean,0.619,28,371
2025-12-19 23:37:42,Qwen/Qwen3-8B,MMLU_selected_subjects,isot_fake_324,clean,0.567,28,223
2025-12-19 23:41:49,Qwen/Qwen3-8B,MMLU_selected_subjects,isot_fake_775,meani,0.621,28,371
2025-12-19 23:42:17,Qwen/Qwen3-8B,MMLU_selected_subjects,isot_fake_324,meani,0.561,28,223
2025-12-19 23:46:32,Qwen/Qwen3-8B,MMLU_selected_subjects,isot_fake_775,wordd,0.59,28,371
2025-12-19 23:46:51,Qwen/Qwen3-8B,MMLU_selected_subjects,isot_fake_324,wordd,0.541,28,223
2025-12-19 23:51:37,Qwen/Qwen3-8B,MMLU_selected_subjects,isot_fake_775,chara,0.551,28,371
2025-12-19 23:51:37,Qwen/Qwen3-8B,MMLU_selected_subjects,isot_fake_324,chara,0.548,28,223
2025-12-19 23:56:21,Qwen/Qwen3-8B,MMLU_selected_subjects,isot_fake_325,clean,0.619,28,371
2025-12-19 23:56:34,Qwen/Qwen3-8B,MMLU_selected_subjects,isot_fake_776,clean,0.556,28,648
2025-12-20 00:01:03,Qwen/Qwen3-8B,MMLU_selected_subjects,isot_fake_325,meani,0.612,28,371
2025-12-20 00:01:30,Qwen/Qwen3-8B,MMLU_selected_subjects,isot_fake_776,meani,0.586,28,648
2025-12-20 00:05:44,Qwen/Qwen3-8B,MMLU_selected_subjects,isot_fake_325,wordd,0.596,28,371
2025-12-20 00:06:26,Qwen/Qwen3-8B,MMLU_selected_subjects,isot_fake_776,wordd,0.584,28,648
2025-12-20 00:10:47,Qwen/Qwen3-8B,MMLU_selected_subjects,isot_fake_325,chara,0.536,28,371
2025-12-20 00:12:03,Qwen/Qwen3-8B,MMLU_selected_subjects,isot_fake_776,chara,0.545,28,648
2025-12-20 00:15:38,Qwen/Qwen3-8B,MMLU_selected_subjects,isot_fake_326,clean,0.607,28,521
2025-12-20 00:16:46,Qwen/Qwen3-8B,MMLU_selected_subjects,isot_fake_777,clean,0.622,28,356
2025-12-20 00:20:27,Qwen/Qwen3-8B,MMLU_selected_subjects,isot_fake_326,meani,0.613,28,521
2025-12-20 00:21:29,Qwen/Qwen3-8B,MMLU_selected_subjects,isot_fake_777,meani,0.595,28,356
2025-12-20 00:25:18,Qwen/Qwen3-8B,MMLU_selected_subjects,isot_fake_326,wordd,0.604,28,521
2025-12-20 00:26:12,Qwen/Qwen3-8B,MMLU_selected_subjects,isot_fake_777,wordd,0.598,28,356
2025-12-20 00:30:39,Qwen/Qwen3-8B,MMLU_selected_subjects,isot_fake_326,chara,0.552,28,521
2025-12-20 00:31:12,Qwen/Qwen3-8B,MMLU_selected_subjects,isot_fake_777,chara,0.54,28,356
2025-12-20 00:35:12,Qwen/Qwen3-8B,MMLU_selected_subjects,isot_fake_327,clean,0.598,28,218
2025-12-20 00:36:09,Qwen/Qwen3-8B,MMLU_selected_subjects,isot_fake_778,clean,0.575,28,661
2025-12-20 00:39:44,Qwen/Qwen3-8B,MMLU_selected_subjects,isot_fake_327,meani,0.581,28,218
2025-12-20 00:41:06,Qwen/Qwen3-8B,MMLU_selected_subjects,isot_fake_778,meani,0.591,28,661
2025-12-20 00:44:15,Qwen/Qwen3-8B,MMLU_selected_subjects,isot_fake_327,wordd,0.572,28,218
2025-12-20 00:46:03,Qwen/Qwen3-8B,MMLU_selected_subjects,isot_fake_778,wordd,0.567,28,661
2025-12-20 00:49:01,Qwen/Qwen3-8B,MMLU_selected_subjects,isot_fake_327,chara,0.576,28,218
2025-12-20 00:51:40,Qwen/Qwen3-8B,MMLU_selected_subjects,isot_fake_778,chara,0.562,28,661
2025-12-20 00:53:42,Qwen/Qwen3-8B,MMLU_selected_subjects,isot_fake_328,clean,0.641,28,298
2025-12-20 00:56:17,Qwen/Qwen3-8B,MMLU_selected_subjects,isot_fake_779,clean,0.595,28,245
2025-12-20 00:58:24,Qwen/Qwen3-8B,MMLU_selected_subjects,isot_fake_328,meani,0.63,28,298
2025-12-20 01:00:53,Qwen/Qwen3-8B,MMLU_selected_subjects,isot_fake_779,meani,0.597,28,245
2025-12-20 01:03:06,Qwen/Qwen3-8B,MMLU_selected_subjects,isot_fake_328,wordd,0.591,28,298
2025-12-20 01:05:29,Qwen/Qwen3-8B,MMLU_selected_subjects,isot_fake_779,wordd,0.608,28,245
2025-12-20 01:08:04,Qwen/Qwen3-8B,MMLU_selected_subjects,isot_fake_328,chara,0.562,28,298
2025-12-20 01:10:20,Qwen/Qwen3-8B,MMLU_selected_subjects,isot_fake_779,chara,0.527,28,245
2025-12-20 01:12:39,Qwen/Qwen3-8B,MMLU_selected_subjects,isot_fake_329,clean,0.542,28,291
2025-12-20 01:15:31,Qwen/Qwen3-8B,MMLU_selected_subjects,isot_fake_78,clean,0.624,28,746
2025-12-20 01:17:15,Qwen/Qwen3-8B,MMLU_selected_subjects,isot_fake_329,meani,0.59,28,291
2025-12-20 01:20:40,Qwen/Qwen3-8B,MMLU_selected_subjects,isot_fake_78,meani,0.6,28,746
2025-12-20 01:21:49,Qwen/Qwen3-8B,MMLU_selected_subjects,isot_fake_329,wordd,0.561,28,291
2025-12-20 01:25:49,Qwen/Qwen3-8B,MMLU_selected_subjects,isot_fake_78,wordd,0.611,28,746
2025-12-20 01:26:44,Qwen/Qwen3-8B,MMLU_selected_subjects,isot_fake_329,chara,0.533,28,291
2025-12-20 01:31:28,Qwen/Qwen3-8B,MMLU_selected_subjects,isot_fake_33,clean,0.625,28,433
2025-12-20 01:31:38,Qwen/Qwen3-8B,MMLU_selected_subjects,isot_fake_78,chara,0.521,28,746
2025-12-20 01:36:11,Qwen/Qwen3-8B,MMLU_selected_subjects,isot_fake_33,meani,0.58,28,433
2025-12-20 01:36:28,Qwen/Qwen3-8B,MMLU_selected_subjects,isot_fake_780,clean,0.597,28,432
2025-12-20 01:40:55,Qwen/Qwen3-8B,MMLU_selected_subjects,isot_fake_33,wordd,0.591,28,433
2025-12-20 01:41:18,Qwen/Qwen3-8B,MMLU_selected_subjects,isot_fake_780,meani,0.624,28,432
2025-12-20 01:46:03,Qwen/Qwen3-8B,MMLU_selected_subjects,isot_fake_33,chara,0.493,28,433
2025-12-20 01:46:06,Qwen/Qwen3-8B,MMLU_selected_subjects,isot_fake_780,wordd,0.621,28,432
2025-12-20 01:51:04,Qwen/Qwen3-8B,MMLU_selected_subjects,isot_fake_330,clean,0.601,28,748
2025-12-20 01:51:22,Qwen/Qwen3-8B,MMLU_selected_subjects,isot_fake_780,chara,0.495,28,432
2025-12-20 01:55:59,Qwen/Qwen3-8B,MMLU_selected_subjects,isot_fake_781,clean,0.595,28,259
2025-12-20 01:56:02,Qwen/Qwen3-8B,MMLU_selected_subjects,isot_fake_330,meani,0.605,28,748
2025-12-20 02:00:35,Qwen/Qwen3-8B,MMLU_selected_subjects,isot_fake_781,meani,0.598,28,259
2025-12-20 02:01:02,Qwen/Qwen3-8B,MMLU_selected_subjects,isot_fake_330,wordd,0.57,28,748
2025-12-20 02:05:11,Qwen/Qwen3-8B,MMLU_selected_subjects,isot_fake_781,wordd,0.585,28,259
2025-12-20 02:06:50,Qwen/Qwen3-8B,MMLU_selected_subjects,isot_fake_330,chara,0.539,28,748
2025-12-20 02:10:03,Qwen/Qwen3-8B,MMLU_selected_subjects,isot_fake_781,chara,0.541,28,259
2025-12-20 02:11:34,Qwen/Qwen3-8B,MMLU_selected_subjects,isot_fake_331,clean,0.61,28,388
2025-12-20 02:15:29,Qwen/Qwen3-8B,MMLU_selected_subjects,isot_fake_782,clean,0.635,28,749
2025-12-20 02:16:18,Qwen/Qwen3-8B,MMLU_selected_subjects,isot_fake_331,meani,0.613,28,388
2025-12-20 02:20:51,Qwen/Qwen3-8B,MMLU_selected_subjects,isot_fake_782,meani,0.638,28,749
2025-12-20 02:21:01,Qwen/Qwen3-8B,MMLU_selected_subjects,isot_fake_331,wordd,0.606,28,388
2025-12-20 02:26:08,Qwen/Qwen3-8B,MMLU_selected_subjects,isot_fake_331,chara,0.53,28,388
2025-12-20 02:26:13,Qwen/Qwen3-8B,MMLU_selected_subjects,isot_fake_782,wordd,0.62,28,749
2025-12-20 02:31:05,Qwen/Qwen3-8B,MMLU_selected_subjects,isot_fake_332,clean,0.616,28,664
2025-12-20 02:32:14,Qwen/Qwen3-8B,MMLU_selected_subjects,isot_fake_782,chara,0.512,28,749
2025-12-20 02:36:03,Qwen/Qwen3-8B,MMLU_selected_subjects,isot_fake_332,meani,0.592,28,664
2025-12-20 02:37:02,Qwen/Qwen3-8B,MMLU_selected_subjects,isot_fake_783,clean,0.605,28,304
2025-12-20 02:41:00,Qwen/Qwen3-8B,MMLU_selected_subjects,isot_fake_332,wordd,0.58,28,664
2025-12-20 02:41:50,Qwen/Qwen3-8B,MMLU_selected_subjects,isot_fake_783,meani,0.6,28,304
2025-12-20 02:46:31,Qwen/Qwen3-8B,MMLU_selected_subjects,isot_fake_332,chara,0.566,28,664
2025-12-20 02:46:37,Qwen/Qwen3-8B,MMLU_selected_subjects,isot_fake_783,wordd,0.582,28,304
2025-12-20 02:51:10,Qwen/Qwen3-8B,MMLU_selected_subjects,isot_fake_333,clean,0.569,28,355
2025-12-20 02:51:39,Qwen/Qwen3-8B,MMLU_selected_subjects,isot_fake_783,chara,0.529,28,304
2025-12-20 02:55:48,Qwen/Qwen3-8B,MMLU_selected_subjects,isot_fake_333,meani,0.594,28,355
2025-12-20 02:56:15,Qwen/Qwen3-8B,MMLU_selected_subjects,isot_fake_784,clean,0.595,28,282
2025-12-20 03:00:27,Qwen/Qwen3-8B,MMLU_selected_subjects,isot_fake_333,wordd,0.577,28,355
2025-12-20 03:00:52,Qwen/Qwen3-8B,MMLU_selected_subjects,isot_fake_784,meani,0.596,28,282
2025-12-20 03:05:27,Qwen/Qwen3-8B,MMLU_selected_subjects,isot_fake_333,chara,0.545,28,355
2025-12-20 03:05:28,Qwen/Qwen3-8B,MMLU_selected_subjects,isot_fake_784,wordd,0.528,28,282
2025-12-20 03:10:06,Qwen/Qwen3-8B,MMLU_selected_subjects,isot_fake_334,clean,0.604,28,284
2025-12-20 03:10:22,Qwen/Qwen3-8B,MMLU_selected_subjects,isot_fake_784,chara,0.519,28,282
2025-12-20 03:14:42,Qwen/Qwen3-8B,MMLU_selected_subjects,isot_fake_334,meani,0.587,28,284
2025-12-20 03:15:21,Qwen/Qwen3-8B,MMLU_selected_subjects,isot_fake_785,clean,0.609,28,689
2025-12-20 03:19:18,Qwen/Qwen3-8B,MMLU_selected_subjects,isot_fake_334,wordd,0.577,28,284
2025-12-20 03:20:18,Qwen/Qwen3-8B,MMLU_selected_subjects,isot_fake_785,meani,0.596,28,689
2025-12-20 03:24:12,Qwen/Qwen3-8B,MMLU_selected_subjects,isot_fake_334,chara,0.527,28,284
2025-12-20 03:25:15,Qwen/Qwen3-8B,MMLU_selected_subjects,isot_fake_785,wordd,0.562,28,689
2025-12-20 03:29:17,Qwen/Qwen3-8B,MMLU_selected_subjects,isot_fake_335,clean,0.598,28,681
2025-12-20 03:30:56,Qwen/Qwen3-8B,MMLU_selected_subjects,isot_fake_785,chara,0.51,28,689
2025-12-20 03:34:23,Qwen/Qwen3-8B,MMLU_selected_subjects,isot_fake_335,meani,0.594,28,681
2025-12-20 03:36:01,Qwen/Qwen3-8B,MMLU_selected_subjects,isot_fake_786,clean,0.606,28,686
2025-12-20 03:39:29,Qwen/Qwen3-8B,MMLU_selected_subjects,isot_fake_335,wordd,0.624,28,681
2025-12-20 03:41:04,Qwen/Qwen3-8B,MMLU_selected_subjects,isot_fake_786,meani,0.595,28,686
2025-12-20 03:45:09,Qwen/Qwen3-8B,MMLU_selected_subjects,isot_fake_335,chara,0.523,28,681
2025-12-20 03:46:07,Qwen/Qwen3-8B,MMLU_selected_subjects,isot_fake_786,wordd,0.585,28,686
2025-12-20 03:49:52,Qwen/Qwen3-8B,MMLU_selected_subjects,isot_fake_336,clean,0.604,28,340
2025-12-20 03:51:49,Qwen/Qwen3-8B,MMLU_selected_subjects,isot_fake_786,chara,0.519,28,686
2025-12-20 03:54:35,Qwen/Qwen3-8B,MMLU_selected_subjects,isot_fake_336,meani,0.614,28,340
2025-12-20 03:56:51,Qwen/Qwen3-8B,MMLU_selected_subjects,isot_fake_787,clean,0.595,28,652
2025-12-20 03:59:18,Qwen/Qwen3-8B,MMLU_selected_subjects,isot_fake_336,wordd,0.618,28,340
2025-12-20 04:01:52,Qwen/Qwen3-8B,MMLU_selected_subjects,isot_fake_787,meani,0.586,28,652
2025-12-20 04:04:22,Qwen/Qwen3-8B,MMLU_selected_subjects,isot_fake_336,chara,0.563,28,340
2025-12-20 04:06:53,Qwen/Qwen3-8B,MMLU_selected_subjects,isot_fake_787,wordd,0.577,28,652
2025-12-20 04:09:14,Qwen/Qwen3-8B,MMLU_selected_subjects,isot_fake_337,clean,0.59,28,540
2025-12-20 04:12:32,Qwen/Qwen3-8B,MMLU_selected_subjects,isot_fake_787,chara,0.519,28,652
2025-12-20 04:14:05,Qwen/Qwen3-8B,MMLU_selected_subjects,isot_fake_337,meani,0.604,28,540
2025-12-20 04:17:22,Qwen/Qwen3-8B,MMLU_selected_subjects,isot_fake_788,clean,0.628,28,382
2025-12-20 04:18:55,Qwen/Qwen3-8B,MMLU_selected_subjects,isot_fake_337,wordd,0.573,28,540
2025-12-20 04:22:12,Qwen/Qwen3-8B,MMLU_selected_subjects,isot_fake_788,meani,0.585,28,382
2025-12-20 04:24:18,Qwen/Qwen3-8B,MMLU_selected_subjects,isot_fake_337,chara,0.55,28,540
2025-12-20 04:27:01,Qwen/Qwen3-8B,MMLU_selected_subjects,isot_fake_788,wordd,0.59,28,382
2025-12-20 04:29:24,Qwen/Qwen3-8B,MMLU_selected_subjects,isot_fake_338,clean,0.603,28,747
2025-12-20 04:32:11,Qwen/Qwen3-8B,MMLU_selected_subjects,isot_fake_788,chara,0.565,28,382
2025-12-20 04:34:29,Qwen/Qwen3-8B,MMLU_selected_subjects,isot_fake_338,meani,0.582,28,747
2025-12-20 04:37:01,Qwen/Qwen3-8B,MMLU_selected_subjects,isot_fake_789,clean,0.598,28,547
2025-12-20 04:39:33,Qwen/Qwen3-8B,MMLU_selected_subjects,isot_fake_338,wordd,0.561,28,747
2025-12-20 04:41:50,Qwen/Qwen3-8B,MMLU_selected_subjects,isot_fake_789,meani,0.566,28,547
2025-12-20 04:45:20,Qwen/Qwen3-8B,MMLU_selected_subjects,isot_fake_338,chara,0.549,28,747
2025-12-20 04:46:38,Qwen/Qwen3-8B,MMLU_selected_subjects,isot_fake_789,wordd,0.589,28,547
2025-12-20 04:50:11,Qwen/Qwen3-8B,MMLU_selected_subjects,isot_fake_339,clean,0.607,28,290
2025-12-20 04:52:00,Qwen/Qwen3-8B,MMLU_selected_subjects,isot_fake_789,chara,0.548,28,547
2025-12-20 04:54:59,Qwen/Qwen3-8B,MMLU_selected_subjects,isot_fake_339,meani,0.619,28,290
2025-12-20 04:56:59,Qwen/Qwen3-8B,MMLU_selected_subjects,isot_fake_79,clean,0.6,28,550
2025-12-20 04:59:47,Qwen/Qwen3-8B,MMLU_selected_subjects,isot_fake_339,wordd,0.623,28,290
2025-12-20 05:01:57,Qwen/Qwen3-8B,MMLU_selected_subjects,isot_fake_79,meani,0.589,28,550
2025-12-20 05:04:49,Qwen/Qwen3-8B,MMLU_selected_subjects,isot_fake_339,chara,0.536,28,290
2025-12-20 05:06:55,Qwen/Qwen3-8B,MMLU_selected_subjects,isot_fake_79,wordd,0.58,28,550
2025-12-20 05:09:31,Qwen/Qwen3-8B,MMLU_selected_subjects,isot_fake_34,clean,0.606,28,267
2025-12-20 05:12:23,Qwen/Qwen3-8B,MMLU_selected_subjects,isot_fake_79,chara,0.566,28,550
2025-12-20 05:14:13,Qwen/Qwen3-8B,MMLU_selected_subjects,isot_fake_34,meani,0.628,28,267
2025-12-20 05:17:17,Qwen/Qwen3-8B,MMLU_selected_subjects,isot_fake_790,clean,0.608,28,536
2025-12-20 05:18:55,Qwen/Qwen3-8B,MMLU_selected_subjects,isot_fake_34,wordd,0.613,28,267
2025-12-20 05:22:11,Qwen/Qwen3-8B,MMLU_selected_subjects,isot_fake_790,meani,0.616,28,536
2025-12-20 05:23:49,Qwen/Qwen3-8B,MMLU_selected_subjects,isot_fake_34,chara,0.537,28,267
2025-12-20 05:27:05,Qwen/Qwen3-8B,MMLU_selected_subjects,isot_fake_790,wordd,0.579,28,536
2025-12-20 05:28:45,Qwen/Qwen3-8B,MMLU_selected_subjects,isot_fake_340,clean,0.609,28,608
2025-12-20 05:32:31,Qwen/Qwen3-8B,MMLU_selected_subjects,isot_fake_790,chara,0.541,28,536
2025-12-20 05:33:41,Qwen/Qwen3-8B,MMLU_selected_subjects,isot_fake_340,meani,0.609,28,608
2025-12-20 05:37:31,Qwen/Qwen3-8B,MMLU_selected_subjects,isot_fake_791,clean,0.613,28,586
2025-12-20 05:38:38,Qwen/Qwen3-8B,MMLU_selected_subjects,isot_fake_340,wordd,0.575,28,608
2025-12-20 05:42:29,Qwen/Qwen3-8B,MMLU_selected_subjects,isot_fake_791,meani,0.576,28,586
2025-12-20 05:44:07,Qwen/Qwen3-8B,MMLU_selected_subjects,isot_fake_340,chara,0.546,28,608
2025-12-20 05:47:27,Qwen/Qwen3-8B,MMLU_selected_subjects,isot_fake_791,wordd,0.627,28,586
2025-12-20 05:48:39,Qwen/Qwen3-8B,MMLU_selected_subjects,isot_fake_341,clean,0.614,28,229
2025-12-20 05:52:56,Qwen/Qwen3-8B,MMLU_selected_subjects,isot_fake_791,chara,0.502,28,586
2025-12-20 05:53:11,Qwen/Qwen3-8B,MMLU_selected_subjects,isot_fake_341,meani,0.582,28,229
2025-12-20 05:57:43,Qwen/Qwen3-8B,MMLU_selected_subjects,isot_fake_341,wordd,0.538,28,229
2025-12-20 05:57:45,Qwen/Qwen3-8B,MMLU_selected_subjects,isot_fake_792,clean,0.6,28,460
2025-12-20 06:02:30,Qwen/Qwen3-8B,MMLU_selected_subjects,isot_fake_341,chara,0.456,28,229
2025-12-20 06:02:31,Qwen/Qwen3-8B,MMLU_selected_subjects,isot_fake_792,meani,0.582,28,460
2025-12-20 06:07:20,Qwen/Qwen3-8B,MMLU_selected_subjects,isot_fake_792,wordd,0.566,28,460
2025-12-20 06:07:24,Qwen/Qwen3-8B,MMLU_selected_subjects,isot_fake_342,clean,0.594,28,615
2025-12-20 06:12:17,Qwen/Qwen3-8B,MMLU_selected_subjects,isot_fake_342,meani,0.575,28,615
2025-12-20 06:12:34,Qwen/Qwen3-8B,MMLU_selected_subjects,isot_fake_792,chara,0.552,28,460
2025-12-20 06:17:11,Qwen/Qwen3-8B,MMLU_selected_subjects,isot_fake_342,wordd,0.567,28,615
2025-12-20 06:17:28,Qwen/Qwen3-8B,MMLU_selected_subjects,isot_fake_793,clean,0.614,28,648
2025-12-20 06:22:19,Qwen/Qwen3-8B,MMLU_selected_subjects,isot_fake_793,meani,0.595,28,648
2025-12-20 06:22:41,Qwen/Qwen3-8B,MMLU_selected_subjects,isot_fake_342,chara,0.546,28,615
2025-12-20 06:27:12,Qwen/Qwen3-8B,MMLU_selected_subjects,isot_fake_793,wordd,0.609,28,648
2025-12-20 06:27:38,Qwen/Qwen3-8B,MMLU_selected_subjects,isot_fake_343,clean,0.576,28,609
2025-12-20 06:32:35,Qwen/Qwen3-8B,MMLU_selected_subjects,isot_fake_343,meani,0.596,28,609
2025-12-20 06:32:47,Qwen/Qwen3-8B,MMLU_selected_subjects,isot_fake_793,chara,0.529,28,648
2025-12-20 06:37:32,Qwen/Qwen3-8B,MMLU_selected_subjects,isot_fake_343,wordd,0.577,28,609
2025-12-20 06:37:39,Qwen/Qwen3-8B,MMLU_selected_subjects,isot_fake_794,clean,0.582,28,404
2025-12-20 06:42:31,Qwen/Qwen3-8B,MMLU_selected_subjects,isot_fake_794,meani,0.581,28,404
2025-12-20 06:43:08,Qwen/Qwen3-8B,MMLU_selected_subjects,isot_fake_343,chara,0.515,28,609
2025-12-20 06:47:22,Qwen/Qwen3-8B,MMLU_selected_subjects,isot_fake_794,wordd,0.569,28,404
2025-12-20 06:48:19,Qwen/Qwen3-8B,MMLU_selected_subjects,isot_fake_344,clean,0.616,28,754
2025-12-20 06:52:33,Qwen/Qwen3-8B,MMLU_selected_subjects,isot_fake_794,chara,0.548,28,404
2025-12-20 06:53:31,Qwen/Qwen3-8B,MMLU_selected_subjects,isot_fake_344,meani,0.61,28,754
2025-12-20 06:57:10,Qwen/Qwen3-8B,MMLU_selected_subjects,isot_fake_795,clean,0.608,28,256
2025-12-20 06:58:43,Qwen/Qwen3-8B,MMLU_selected_subjects,isot_fake_344,wordd,0.604,28,754
2025-12-20 07:01:44,Qwen/Qwen3-8B,MMLU_selected_subjects,isot_fake_795,meani,0.559,28,256
2025-12-20 07:04:40,Qwen/Qwen3-8B,MMLU_selected_subjects,isot_fake_344,chara,0.573,28,754
2025-12-20 07:06:18,Qwen/Qwen3-8B,MMLU_selected_subjects,isot_fake_795,wordd,0.523,28,256
2025-12-20 07:09:15,Qwen/Qwen3-8B,MMLU_selected_subjects,isot_fake_345,clean,0.584,28,297
2025-12-20 07:11:09,Qwen/Qwen3-8B,MMLU_selected_subjects,isot_fake_795,chara,0.532,28,256
2025-12-20 07:13:50,Qwen/Qwen3-8B,MMLU_selected_subjects,isot_fake_345,meani,0.56,28,297
2025-12-20 07:15:58,Qwen/Qwen3-8B,MMLU_selected_subjects,isot_fake_796,clean,0.608,28,475
2025-12-20 07:18:25,Qwen/Qwen3-8B,MMLU_selected_subjects,isot_fake_345,wordd,0.569,28,297
2025-12-20 07:20:46,Qwen/Qwen3-8B,MMLU_selected_subjects,isot_fake_796,meani,0.606,28,475
2025-12-20 07:23:18,Qwen/Qwen3-8B,MMLU_selected_subjects,isot_fake_345,chara,0.469,28,297
2025-12-20 07:25:34,Qwen/Qwen3-8B,MMLU_selected_subjects,isot_fake_796,wordd,0.586,28,475
2025-12-20 07:28:06,Qwen/Qwen3-8B,MMLU_selected_subjects,isot_fake_346,clean,0.6,28,511
2025-12-20 07:30:50,Qwen/Qwen3-8B,MMLU_selected_subjects,isot_fake_796,chara,0.541,28,475
2025-12-20 07:32:53,Qwen/Qwen3-8B,MMLU_selected_subjects,isot_fake_346,meani,0.564,28,511
2025-12-20 07:35:25,Qwen/Qwen3-8B,MMLU_selected_subjects,isot_fake_797,clean,0.521,28,237
2025-12-20 07:37:41,Qwen/Qwen3-8B,MMLU_selected_subjects,isot_fake_346,wordd,0.574,28,511
2025-12-20 07:40:00,Qwen/Qwen3-8B,MMLU_selected_subjects,isot_fake_797,meani,0.564,28,237
2025-12-20 07:42:59,Qwen/Qwen3-8B,MMLU_selected_subjects,isot_fake_346,chara,0.53,28,511
2025-12-20 07:44:36,Qwen/Qwen3-8B,MMLU_selected_subjects,isot_fake_797,wordd,0.579,28,237
2025-12-20 07:47:41,Qwen/Qwen3-8B,MMLU_selected_subjects,isot_fake_347,clean,0.582,28,340
2025-12-20 07:49:27,Qwen/Qwen3-8B,MMLU_selected_subjects,isot_fake_797,chara,0.549,28,237
2025-12-20 07:52:23,Qwen/Qwen3-8B,MMLU_selected_subjects,isot_fake_347,meani,0.535,28,340
2025-12-20 07:54:32,Qwen/Qwen3-8B,MMLU_selected_subjects,isot_fake_798,clean,0.609,28,740
2025-12-20 07:57:04,Qwen/Qwen3-8B,MMLU_selected_subjects,isot_fake_347,wordd,0.589,28,340
2025-12-20 07:59:37,Qwen/Qwen3-8B,MMLU_selected_subjects,isot_fake_798,meani,0.581,28,740
2025-12-20 08:02:04,Qwen/Qwen3-8B,MMLU_selected_subjects,isot_fake_347,chara,0.525,28,340
2025-12-20 08:04:42,Qwen/Qwen3-8B,MMLU_selected_subjects,isot_fake_798,wordd,0.57,28,740
2025-12-20 08:06:55,Qwen/Qwen3-8B,MMLU_selected_subjects,isot_fake_348,clean,0.61,28,481
2025-12-20 08:10:31,Qwen/Qwen3-8B,MMLU_selected_subjects,isot_fake_798,chara,0.521,28,740
2025-12-20 08:11:44,Qwen/Qwen3-8B,MMLU_selected_subjects,isot_fake_348,meani,0.591,28,481
2025-12-20 08:15:20,Qwen/Qwen3-8B,MMLU_selected_subjects,isot_fake_799,clean,0.614,28,435
2025-12-20 08:16:34,Qwen/Qwen3-8B,MMLU_selected_subjects,isot_fake_348,wordd,0.572,28,481
2025-12-20 08:20:06,Qwen/Qwen3-8B,MMLU_selected_subjects,isot_fake_799,meani,0.616,28,435
2025-12-20 08:21:52,Qwen/Qwen3-8B,MMLU_selected_subjects,isot_fake_348,chara,0.554,28,481
2025-12-20 08:24:51,Qwen/Qwen3-8B,MMLU_selected_subjects,isot_fake_799,wordd,0.591,28,435
2025-12-20 08:26:51,Qwen/Qwen3-8B,MMLU_selected_subjects,isot_fake_349,clean,0.613,28,742
2025-12-20 08:30:04,Qwen/Qwen3-8B,MMLU_selected_subjects,isot_fake_799,chara,0.566,28,435
2025-12-20 08:31:50,Qwen/Qwen3-8B,MMLU_selected_subjects,isot_fake_349,meani,0.592,28,742
2025-12-20 08:35:01,Qwen/Qwen3-8B,MMLU_selected_subjects,isot_fake_8,clean,0.625,28,578
2025-12-20 08:36:49,Qwen/Qwen3-8B,MMLU_selected_subjects,isot_fake_349,wordd,0.567,28,742
2025-12-20 08:40:01,Qwen/Qwen3-8B,MMLU_selected_subjects,isot_fake_8,meani,0.62,28,578
2025-12-20 08:42:31,Qwen/Qwen3-8B,MMLU_selected_subjects,isot_fake_349,chara,0.522,28,742
2025-12-20 08:45:01,Qwen/Qwen3-8B,MMLU_selected_subjects,isot_fake_8,wordd,0.619,28,578
2025-12-20 08:47:28,Qwen/Qwen3-8B,MMLU_selected_subjects,isot_fake_35,clean,0.507,28,621
2025-12-20 08:50:34,Qwen/Qwen3-8B,MMLU_selected_subjects,isot_fake_8,chara,0.525,28,578
2025-12-20 08:52:25,Qwen/Qwen3-8B,MMLU_selected_subjects,isot_fake_35,meani,0.564,28,621
2025-12-20 08:55:10,Qwen/Qwen3-8B,MMLU_selected_subjects,isot_fake_80,clean,0.602,28,282
2025-12-20 08:57:21,Qwen/Qwen3-8B,MMLU_selected_subjects,isot_fake_35,wordd,0.552,28,621
2025-12-20 08:59:47,Qwen/Qwen3-8B,MMLU_selected_subjects,isot_fake_80,meani,0.568,28,282
2025-12-20 09:02:52,Qwen/Qwen3-8B,MMLU_selected_subjects,isot_fake_35,chara,0.534,28,621
2025-12-20 09:04:23,Qwen/Qwen3-8B,MMLU_selected_subjects,isot_fake_80,wordd,0.537,28,282
2025-12-20 09:08:00,Qwen/Qwen3-8B,MMLU_selected_subjects,isot_fake_350,clean,0.6,28,587
2025-12-20 09:09:19,Qwen/Qwen3-8B,MMLU_selected_subjects,isot_fake_80,chara,0.417,28,282
2025-12-20 09:13:07,Qwen/Qwen3-8B,MMLU_selected_subjects,isot_fake_350,meani,0.586,28,587
2025-12-20 09:14:27,Qwen/Qwen3-8B,MMLU_selected_subjects,isot_fake_800,clean,0.623,28,780
2025-12-20 09:18:13,Qwen/Qwen3-8B,MMLU_selected_subjects,isot_fake_350,wordd,0.568,28,587
2025-12-20 09:19:33,Qwen/Qwen3-8B,MMLU_selected_subjects,isot_fake_800,meani,0.563,28,780
2025-12-20 09:23:51,Qwen/Qwen3-8B,MMLU_selected_subjects,isot_fake_350,chara,0.511,28,587
2025-12-20 09:24:39,Qwen/Qwen3-8B,MMLU_selected_subjects,isot_fake_800,wordd,0.536,28,780
2025-12-20 09:28:49,Qwen/Qwen3-8B,MMLU_selected_subjects,isot_fake_351,clean,0.59,28,644
2025-12-20 09:30:31,Qwen/Qwen3-8B,MMLU_selected_subjects,isot_fake_800,chara,0.537,28,780
2025-12-20 09:33:46,Qwen/Qwen3-8B,MMLU_selected_subjects,isot_fake_351,meani,0.587,28,644
2025-12-20 09:35:34,Qwen/Qwen3-8B,MMLU_selected_subjects,isot_fake_801,clean,0.621,28,751
2025-12-20 09:38:44,Qwen/Qwen3-8B,MMLU_selected_subjects,isot_fake_351,wordd,0.573,28,644
2025-12-20 09:40:38,Qwen/Qwen3-8B,MMLU_selected_subjects,isot_fake_801,meani,0.599,28,751
2025-12-20 09:44:16,Qwen/Qwen3-8B,MMLU_selected_subjects,isot_fake_351,chara,0.552,28,644
2025-12-20 09:45:41,Qwen/Qwen3-8B,MMLU_selected_subjects,isot_fake_801,wordd,0.578,28,751
2025-12-20 09:49:09,Qwen/Qwen3-8B,MMLU_selected_subjects,isot_fake_352,clean,0.622,28,578
2025-12-20 09:51:27,Qwen/Qwen3-8B,MMLU_selected_subjects,isot_fake_801,chara,0.5,28,751
2025-12-20 09:54:01,Qwen/Qwen3-8B,MMLU_selected_subjects,isot_fake_352,meani,0.589,28,578
2025-12-20 09:56:31,Qwen/Qwen3-8B,MMLU_selected_subjects,isot_fake_802,clean,0.601,28,629
2025-12-20 09:58:53,Qwen/Qwen3-8B,MMLU_selected_subjects,isot_fake_352,wordd,0.582,28,578
2025-12-20 10:01:34,Qwen/Qwen3-8B,MMLU_selected_subjects,isot_fake_802,meani,0.599,28,629
2025-12-20 10:04:20,Qwen/Qwen3-8B,MMLU_selected_subjects,isot_fake_352,chara,0.56,28,578
2025-12-20 10:06:37,Qwen/Qwen3-8B,MMLU_selected_subjects,isot_fake_802,wordd,0.575,28,629
2025-12-20 10:09:23,Qwen/Qwen3-8B,MMLU_selected_subjects,isot_fake_353,clean,0.601,28,650
2025-12-20 10:12:14,Qwen/Qwen3-8B,MMLU_selected_subjects,isot_fake_802,chara,0.536,28,629
2025-12-20 10:14:25,Qwen/Qwen3-8B,MMLU_selected_subjects,isot_fake_353,meani,0.611,28,650
2025-12-20 10:17:19,Qwen/Qwen3-8B,MMLU_selected_subjects,isot_fake_803,clean,0.64,28,678
2025-12-20 10:19:27,Qwen/Qwen3-8B,MMLU_selected_subjects,isot_fake_353,wordd,0.604,28,650
2025-12-20 10:22:21,Qwen/Qwen3-8B,MMLU_selected_subjects,isot_fake_803,meani,0.605,28,678
2025-12-20 10:25:06,Qwen/Qwen3-8B,MMLU_selected_subjects,isot_fake_353,chara,0.516,28,650
2025-12-20 10:27:24,Qwen/Qwen3-8B,MMLU_selected_subjects,isot_fake_803,wordd,0.6,28,678
2025-12-20 10:30:06,Qwen/Qwen3-8B,MMLU_selected_subjects,isot_fake_354,clean,0.618,28,718
2025-12-20 10:33:07,Qwen/Qwen3-8B,MMLU_selected_subjects,isot_fake_803,chara,0.531,28,678
2025-12-20 10:35:06,Qwen/Qwen3-8B,MMLU_selected_subjects,isot_fake_354,meani,0.572,28,718
2025-12-20 10:37:51,Qwen/Qwen3-8B,MMLU_selected_subjects,isot_fake_804,clean,0.576,28,531
2025-12-20 10:40:06,Qwen/Qwen3-8B,MMLU_selected_subjects,isot_fake_354,wordd,0.564,28,718
2025-12-20 10:42:35,Qwen/Qwen3-8B,MMLU_selected_subjects,isot_fake_804,meani,0.569,28,531
2025-12-20 10:45:48,Qwen/Qwen3-8B,MMLU_selected_subjects,isot_fake_354,chara,0.534,28,718
2025-12-20 10:47:20,Qwen/Qwen3-8B,MMLU_selected_subjects,isot_fake_804,wordd,0.566,28,531
2025-12-20 10:51:00,Qwen/Qwen3-8B,MMLU_selected_subjects,isot_fake_355,clean,0.618,28,698
2025-12-20 10:52:44,Qwen/Qwen3-8B,MMLU_selected_subjects,isot_fake_804,chara,0.534,28,531
2025-12-20 10:56:09,Qwen/Qwen3-8B,MMLU_selected_subjects,isot_fake_355,meani,0.591,28,698
2025-12-20 10:57:42,Qwen/Qwen3-8B,MMLU_selected_subjects,isot_fake_805,clean,0.631,28,675
2025-12-20 11:01:19,Qwen/Qwen3-8B,MMLU_selected_subjects,isot_fake_355,wordd,0.588,28,698
2025-12-20 11:02:40,Qwen/Qwen3-8B,MMLU_selected_subjects,isot_fake_805,meani,0.618,28,675
2025-12-20 11:07:03,Qwen/Qwen3-8B,MMLU_selected_subjects,isot_fake_355,chara,0.514,28,698
2025-12-20 11:07:38,Qwen/Qwen3-8B,MMLU_selected_subjects,isot_fake_805,wordd,0.614,28,675
2025-12-20 11:11:57,Qwen/Qwen3-8B,MMLU_selected_subjects,isot_fake_356,clean,0.594,28,587
2025-12-20 11:13:18,Qwen/Qwen3-8B,MMLU_selected_subjects,isot_fake_805,chara,0.543,28,675
2025-12-20 11:16:51,Qwen/Qwen3-8B,MMLU_selected_subjects,isot_fake_356,meani,0.596,28,587
2025-12-20 11:18:24,Qwen/Qwen3-8B,MMLU_selected_subjects,isot_fake_806,clean,0.595,28,761
2025-12-20 11:21:45,Qwen/Qwen3-8B,MMLU_selected_subjects,isot_fake_356,wordd,0.585,28,587
2025-12-20 11:23:31,Qwen/Qwen3-8B,MMLU_selected_subjects,isot_fake_806,meani,0.561,28,761
2025-12-20 11:27:11,Qwen/Qwen3-8B,MMLU_selected_subjects,isot_fake_356,chara,0.551,28,587
2025-12-20 11:28:37,Qwen/Qwen3-8B,MMLU_selected_subjects,isot_fake_806,wordd,0.586,28,761
2025-12-20 11:32:31,Qwen/Qwen3-8B,MMLU_selected_subjects,isot_fake_357,clean,0.622,28,688
2025-12-20 11:34:28,Qwen/Qwen3-8B,MMLU_selected_subjects,isot_fake_806,chara,0.532,28,761
2025-12-20 11:37:52,Qwen/Qwen3-8B,MMLU_selected_subjects,isot_fake_357,meani,0.596,28,688
2025-12-20 11:39:12,Qwen/Qwen3-8B,MMLU_selected_subjects,isot_fake_807,clean,0.614,28,249
2025-12-20 11:43:11,Qwen/Qwen3-8B,MMLU_selected_subjects,isot_fake_357,wordd,0.611,28,688
2025-12-20 11:43:55,Qwen/Qwen3-8B,MMLU_selected_subjects,isot_fake_807,meani,0.604,28,249
2025-12-20 11:48:38,Qwen/Qwen3-8B,MMLU_selected_subjects,isot_fake_807,wordd,0.612,28,249
2025-12-20 11:49:06,Qwen/Qwen3-8B,MMLU_selected_subjects,isot_fake_357,chara,0.529,28,688
2025-12-20 11:53:32,Qwen/Qwen3-8B,MMLU_selected_subjects,isot_fake_807,chara,0.541,28,249
2025-12-20 11:53:50,Qwen/Qwen3-8B,MMLU_selected_subjects,isot_fake_358,clean,0.58,28,394
2025-12-20 11:58:16,Qwen/Qwen3-8B,MMLU_selected_subjects,isot_fake_808,clean,0.613,28,308
2025-12-20 11:58:36,Qwen/Qwen3-8B,MMLU_selected_subjects,isot_fake_358,meani,0.601,28,394
2025-12-20 12:02:59,Qwen/Qwen3-8B,MMLU_selected_subjects,isot_fake_808,meani,0.604,28,308
2025-12-20 12:03:21,Qwen/Qwen3-8B,MMLU_selected_subjects,isot_fake_358,wordd,0.567,28,394
2025-12-20 12:07:42,Qwen/Qwen3-8B,MMLU_selected_subjects,isot_fake_808,wordd,0.594,28,308
2025-12-20 12:08:27,Qwen/Qwen3-8B,MMLU_selected_subjects,isot_fake_358,chara,0.518,28,394
2025-12-20 12:12:44,Qwen/Qwen3-8B,MMLU_selected_subjects,isot_fake_808,chara,0.52,28,308
2025-12-20 12:13:30,Qwen/Qwen3-8B,MMLU_selected_subjects,isot_fake_359,clean,0.623,28,780
2025-12-20 12:17:26,Qwen/Qwen3-8B,MMLU_selected_subjects,isot_fake_809,clean,0.621,28,248
2025-12-20 12:18:33,Qwen/Qwen3-8B,MMLU_selected_subjects,isot_fake_359,meani,0.601,28,780
2025-12-20 12:22:09,Qwen/Qwen3-8B,MMLU_selected_subjects,isot_fake_809,meani,0.643,28,248
2025-12-20 12:23:35,Qwen/Qwen3-8B,MMLU_selected_subjects,isot_fake_359,wordd,0.576,28,780
2025-12-20 12:26:51,Qwen/Qwen3-8B,MMLU_selected_subjects,isot_fake_809,wordd,0.61,28,248
2025-12-20 12:29:27,Qwen/Qwen3-8B,MMLU_selected_subjects,isot_fake_359,chara,0.521,28,780
2025-12-20 12:31:46,Qwen/Qwen3-8B,MMLU_selected_subjects,isot_fake_809,chara,0.55,28,248
2025-12-20 12:34:28,Qwen/Qwen3-8B,MMLU_selected_subjects,isot_fake_36,clean,0.596,28,748
2025-12-20 12:36:45,Qwen/Qwen3-8B,MMLU_selected_subjects,isot_fake_81,clean,0.576,28,609
2025-12-20 12:39:30,Qwen/Qwen3-8B,MMLU_selected_subjects,isot_fake_36,meani,0.573,28,748
2025-12-20 12:41:44,Qwen/Qwen3-8B,MMLU_selected_subjects,isot_fake_81,meani,0.591,28,609
2025-12-20 12:44:30,Qwen/Qwen3-8B,MMLU_selected_subjects,isot_fake_36,wordd,0.574,28,748
2025-12-20 12:46:42,Qwen/Qwen3-8B,MMLU_selected_subjects,isot_fake_81,wordd,0.57,28,609
2025-12-20 12:50:20,Qwen/Qwen3-8B,MMLU_selected_subjects,isot_fake_36,chara,0.499,28,748
2025-12-20 12:52:17,Qwen/Qwen3-8B,MMLU_selected_subjects,isot_fake_81,chara,0.564,28,609
2025-12-20 12:55:00,Qwen/Qwen3-8B,MMLU_selected_subjects,isot_fake_360,clean,0.584,28,345
2025-12-20 12:57:11,Qwen/Qwen3-8B,MMLU_selected_subjects,isot_fake_810,clean,0.566,28,525
2025-12-20 12:59:39,Qwen/Qwen3-8B,MMLU_selected_subjects,isot_fake_360,meani,0.58,28,345
2025-12-20 13:02:03,Qwen/Qwen3-8B,MMLU_selected_subjects,isot_fake_810,meani,0.587,28,525
2025-12-20 13:04:18,Qwen/Qwen3-8B,MMLU_selected_subjects,isot_fake_360,wordd,0.585,28,345
2025-12-20 13:06:56,Qwen/Qwen3-8B,MMLU_selected_subjects,isot_fake_810,wordd,0.59,28,525
2025-12-20 13:09:19,Qwen/Qwen3-8B,MMLU_selected_subjects,isot_fake_360,chara,0.51,28,345
2025-12-20 13:12:17,Qwen/Qwen3-8B,MMLU_selected_subjects,isot_fake_810,chara,0.557,28,525
2025-12-20 13:14:13,Qwen/Qwen3-8B,MMLU_selected_subjects,isot_fake_361,clean,0.604,28,567
2025-12-20 13:17:17,Qwen/Qwen3-8B,MMLU_selected_subjects,isot_fake_811,clean,0.617,28,641
2025-12-20 13:19:06,Qwen/Qwen3-8B,MMLU_selected_subjects,isot_fake_361,meani,0.586,28,567
2025-12-20 13:22:14,Qwen/Qwen3-8B,MMLU_selected_subjects,isot_fake_811,meani,0.595,28,641
2025-12-20 13:23:59,Qwen/Qwen3-8B,MMLU_selected_subjects,isot_fake_361,wordd,0.59,28,567
2025-12-20 13:27:11,Qwen/Qwen3-8B,MMLU_selected_subjects,isot_fake_811,wordd,0.599,28,641
2025-12-20 13:29:25,Qwen/Qwen3-8B,MMLU_selected_subjects,isot_fake_361,chara,0.537,28,567
2025-12-20 13:32:47,Qwen/Qwen3-8B,MMLU_selected_subjects,isot_fake_811,chara,0.502,28,641
2025-12-20 13:34:27,Qwen/Qwen3-8B,MMLU_selected_subjects,isot_fake_362,clean,0.615,28,765
2025-12-20 13:37:59,Qwen/Qwen3-8B,MMLU_selected_subjects,isot_fake_812,clean,0.597,28,726
2025-12-20 13:39:27,Qwen/Qwen3-8B,MMLU_selected_subjects,isot_fake_362,meani,0.607,28,765
2025-12-20 13:43:11,Qwen/Qwen3-8B,MMLU_selected_subjects,isot_fake_812,meani,0.573,28,726
2025-12-20 13:44:29,Qwen/Qwen3-8B,MMLU_selected_subjects,isot_fake_362,wordd,0.603,28,765
2025-12-20 13:48:22,Qwen/Qwen3-8B,MMLU_selected_subjects,isot_fake_812,wordd,0.56,28,726
2025-12-20 13:50:18,Qwen/Qwen3-8B,MMLU_selected_subjects,isot_fake_362,chara,0.523,28,765
2025-12-20 13:54:15,Qwen/Qwen3-8B,MMLU_selected_subjects,isot_fake_812,chara,0.504,28,726
2025-12-20 13:55:25,Qwen/Qwen3-8B,MMLU_selected_subjects,isot_fake_363,clean,0.608,28,706
2025-12-20 13:59:17,Qwen/Qwen3-8B,MMLU_selected_subjects,isot_fake_813,clean,0.596,28,754
2025-12-20 14:00:31,Qwen/Qwen3-8B,MMLU_selected_subjects,isot_fake_363,meani,0.542,28,706
2025-12-20 14:04:20,Qwen/Qwen3-8B,MMLU_selected_subjects,isot_fake_813,meani,0.597,28,754
2025-12-20 14:05:37,Qwen/Qwen3-8B,MMLU_selected_subjects,isot_fake_363,wordd,0.535,28,706
2025-12-20 14:09:21,Qwen/Qwen3-8B,MMLU_selected_subjects,isot_fake_813,wordd,0.54,28,754
2025-12-20 14:11:24,Qwen/Qwen3-8B,MMLU_selected_subjects,isot_fake_363,chara,0.55,28,706
2025-12-20 14:15:12,Qwen/Qwen3-8B,MMLU_selected_subjects,isot_fake_813,chara,0.502,28,754
2025-12-20 14:16:22,Qwen/Qwen3-8B,MMLU_selected_subjects,isot_fake_364,clean,0.619,28,656
2025-12-20 14:19:48,Qwen/Qwen3-8B,MMLU_selected_subjects,isot_fake_814,clean,0.575,28,247
2025-12-20 14:21:20,Qwen/Qwen3-8B,MMLU_selected_subjects,isot_fake_364,meani,0.601,28,656
2025-12-20 14:24:24,Qwen/Qwen3-8B,MMLU_selected_subjects,isot_fake_814,meani,0.598,28,247
2025-12-20 14:26:16,Qwen/Qwen3-8B,MMLU_selected_subjects,isot_fake_364,wordd,0.598,28,656
2025-12-20 14:28:59,Qwen/Qwen3-8B,MMLU_selected_subjects,isot_fake_814,wordd,0.607,28,247
2025-12-20 14:31:55,Qwen/Qwen3-8B,MMLU_selected_subjects,isot_fake_364,chara,0.525,28,656
2025-12-20 14:33:50,Qwen/Qwen3-8B,MMLU_selected_subjects,isot_fake_814,chara,0.542,28,247
2025-12-20 14:36:41,Qwen/Qwen3-8B,MMLU_selected_subjects,isot_fake_365,clean,0.617,28,452
2025-12-20 14:38:34,Qwen/Qwen3-8B,MMLU_selected_subjects,isot_fake_815,clean,0.623,28,205
2025-12-20 14:41:27,Qwen/Qwen3-8B,MMLU_selected_subjects,isot_fake_365,meani,0.594,28,452
2025-12-20 14:43:17,Qwen/Qwen3-8B,MMLU_selected_subjects,isot_fake_815,meani,0.62,28,205
2025-12-20 14:46:13,Qwen/Qwen3-8B,MMLU_selected_subjects,isot_fake_365,wordd,0.577,28,452
2025-12-20 14:48:01,Qwen/Qwen3-8B,MMLU_selected_subjects,isot_fake_815,wordd,0.605,28,205
2025-12-20 14:51:27,Qwen/Qwen3-8B,MMLU_selected_subjects,isot_fake_365,chara,0.529,28,452
2025-12-20 14:52:53,Qwen/Qwen3-8B,MMLU_selected_subjects,isot_fake_815,chara,0.565,28,205
2025-12-20 14:56:25,Qwen/Qwen3-8B,MMLU_selected_subjects,isot_fake_366,clean,0.589,28,660
2025-12-20 14:57:48,Qwen/Qwen3-8B,MMLU_selected_subjects,isot_fake_816,clean,0.605,28,594
2025-12-20 15:01:23,Qwen/Qwen3-8B,MMLU_selected_subjects,isot_fake_366,meani,0.578,28,660
2025-12-20 15:02:46,Qwen/Qwen3-8B,MMLU_selected_subjects,isot_fake_816,meani,0.604,28,594
2025-12-20 15:06:21,Qwen/Qwen3-8B,MMLU_selected_subjects,isot_fake_366,wordd,0.573,28,660
2025-12-20 15:07:44,Qwen/Qwen3-8B,MMLU_selected_subjects,isot_fake_816,wordd,0.602,28,594
2025-12-20 15:11:54,Qwen/Qwen3-8B,MMLU_selected_subjects,isot_fake_366,chara,0.517,28,660
2025-12-20 15:13:17,Qwen/Qwen3-8B,MMLU_selected_subjects,isot_fake_816,chara,0.532,28,594
2025-12-20 15:16:44,Qwen/Qwen3-8B,MMLU_selected_subjects,isot_fake_367,clean,0.635,28,461
2025-12-20 15:17:57,Qwen/Qwen3-8B,MMLU_selected_subjects,isot_fake_817,clean,0.588,28,303
2025-12-20 15:21:34,Qwen/Qwen3-8B,MMLU_selected_subjects,isot_fake_367,meani,0.594,28,461
2025-12-20 15:22:37,Qwen/Qwen3-8B,MMLU_selected_subjects,isot_fake_817,meani,0.603,28,303
2025-12-20 15:26:25,Qwen/Qwen3-8B,MMLU_selected_subjects,isot_fake_367,wordd,0.576,28,461
2025-12-20 15:27:17,Qwen/Qwen3-8B,MMLU_selected_subjects,isot_fake_817,wordd,0.588,28,303
2025-12-20 15:31:46,Qwen/Qwen3-8B,MMLU_selected_subjects,isot_fake_367,chara,0.555,28,461
2025-12-20 15:32:18,Qwen/Qwen3-8B,MMLU_selected_subjects,isot_fake_817,chara,0.49,28,303
2025-12-20 15:36:48,Qwen/Qwen3-8B,MMLU_selected_subjects,isot_fake_368,clean,0.616,28,684
2025-12-20 15:37:18,Qwen/Qwen3-8B,MMLU_selected_subjects,isot_fake_818,clean,0.613,28,653
2025-12-20 15:41:49,Qwen/Qwen3-8B,MMLU_selected_subjects,isot_fake_368,meani,0.609,28,684
2025-12-20 15:42:20,Qwen/Qwen3-8B,MMLU_selected_subjects,isot_fake_818,meani,0.579,28,653
2025-12-20 15:46:50,Qwen/Qwen3-8B,MMLU_selected_subjects,isot_fake_368,wordd,0.577,28,684
2025-12-20 15:47:19,Qwen/Qwen3-8B,MMLU_selected_subjects,isot_fake_818,wordd,0.549,28,653
2025-12-20 15:52:42,Qwen/Qwen3-8B,MMLU_selected_subjects,isot_fake_368,chara,0.542,28,684
2025-12-20 15:53:04,Qwen/Qwen3-8B,MMLU_selected_subjects,isot_fake_818,chara,0.543,28,653
2025-12-20 15:57:20,Qwen/Qwen3-8B,MMLU_selected_subjects,isot_fake_369,clean,0.603,28,265
2025-12-20 15:57:44,Qwen/Qwen3-8B,MMLU_selected_subjects,isot_fake_819,clean,0.636,28,253
2025-12-20 16:02:00,Qwen/Qwen3-8B,MMLU_selected_subjects,isot_fake_369,meani,0.592,28,265
2025-12-20 16:02:27,Qwen/Qwen3-8B,MMLU_selected_subjects,isot_fake_819,meani,0.613,28,253
2025-12-20 16:06:40,Qwen/Qwen3-8B,MMLU_selected_subjects,isot_fake_369,wordd,0.517,28,265
2025-12-20 16:07:08,Qwen/Qwen3-8B,MMLU_selected_subjects,isot_fake_819,wordd,0.618,28,253
2025-12-20 16:11:39,Qwen/Qwen3-8B,MMLU_selected_subjects,isot_fake_369,chara,0.494,28,265
2025-12-20 16:12:13,Qwen/Qwen3-8B,MMLU_selected_subjects,isot_fake_819,chara,0.54,28,253
2025-12-20 16:16:44,Qwen/Qwen3-8B,MMLU_selected_subjects,isot_fake_37,clean,0.597,28,427
2025-12-20 16:17:17,Qwen/Qwen3-8B,MMLU_selected_subjects,isot_fake_82,clean,0.617,28,452
2025-12-20 16:21:54,Qwen/Qwen3-8B,MMLU_selected_subjects,isot_fake_37,meani,0.563,28,427
2025-12-20 16:22:27,Qwen/Qwen3-8B,MMLU_selected_subjects,isot_fake_82,meani,0.587,28,452
2025-12-20 16:26:45,Qwen/Qwen3-8B,MMLU_selected_subjects,isot_fake_37,wordd,0.586,28,427
2025-12-20 16:27:17,Qwen/Qwen3-8B,MMLU_selected_subjects,isot_fake_82,wordd,0.573,28,452
2025-12-20 16:31:56,Qwen/Qwen3-8B,MMLU_selected_subjects,isot_fake_37,chara,0.557,28,427
2025-12-20 16:32:33,Qwen/Qwen3-8B,MMLU_selected_subjects,isot_fake_82,chara,0.54,28,452
2025-12-20 16:36:49,Qwen/Qwen3-8B,MMLU_selected_subjects,isot_fake_370,clean,0.613,28,333
2025-12-20 16:37:44,Qwen/Qwen3-8B,MMLU_selected_subjects,isot_fake_820,clean,0.603,28,483
2025-12-20 16:41:34,Qwen/Qwen3-8B,MMLU_selected_subjects,isot_fake_370,meani,0.59,28,333
2025-12-20 16:42:47,Qwen/Qwen3-8B,MMLU_selected_subjects,isot_fake_820,meani,0.61,28,483
2025-12-20 16:46:22,Qwen/Qwen3-8B,MMLU_selected_subjects,isot_fake_370,wordd,0.582,28,333
2025-12-20 16:47:53,Qwen/Qwen3-8B,MMLU_selected_subjects,isot_fake_820,wordd,0.598,28,483
2025-12-20 16:51:31,Qwen/Qwen3-8B,MMLU_selected_subjects,isot_fake_370,chara,0.544,28,333
2025-12-20 16:53:21,Qwen/Qwen3-8B,MMLU_selected_subjects,isot_fake_820,chara,0.51,28,483
2025-12-20 16:56:25,Qwen/Qwen3-8B,MMLU_selected_subjects,isot_fake_371,clean,0.612,28,585
2025-12-20 16:58:19,Qwen/Qwen3-8B,MMLU_selected_subjects,isot_fake_821,clean,0.622,28,518
2025-12-20 17:01:19,Qwen/Qwen3-8B,MMLU_selected_subjects,isot_fake_371,meani,0.574,28,585
2025-12-20 17:03:14,Qwen/Qwen3-8B,MMLU_selected_subjects,isot_fake_821,meani,0.608,28,518
2025-12-20 17:06:13,Qwen/Qwen3-8B,MMLU_selected_subjects,isot_fake_371,wordd,0.583,28,585
2025-12-20 17:08:10,Qwen/Qwen3-8B,MMLU_selected_subjects,isot_fake_821,wordd,0.596,28,518
2025-12-20 17:11:40,Qwen/Qwen3-8B,MMLU_selected_subjects,isot_fake_371,chara,0.549,28,585
2025-12-20 17:13:33,Qwen/Qwen3-8B,MMLU_selected_subjects,isot_fake_821,chara,0.539,28,518
2025-12-20 17:16:47,Qwen/Qwen3-8B,MMLU_selected_subjects,isot_fake_372,clean,0.617,28,778
2025-12-20 17:18:49,Qwen/Qwen3-8B,MMLU_selected_subjects,isot_fake_822,clean,0.622,28,793
2025-12-20 17:21:54,Qwen/Qwen3-8B,MMLU_selected_subjects,isot_fake_372,meani,0.597,28,778
2025-12-20 17:24:05,Qwen/Qwen3-8B,MMLU_selected_subjects,isot_fake_822,meani,0.594,28,793
2025-12-20 17:27:03,Qwen/Qwen3-8B,MMLU_selected_subjects,isot_fake_372,wordd,0.558,28,778
2025-12-20 17:29:23,Qwen/Qwen3-8B,MMLU_selected_subjects,isot_fake_822,wordd,0.596,28,793
2025-12-20 17:32:59,Qwen/Qwen3-8B,MMLU_selected_subjects,isot_fake_372,chara,0.546,28,778
2025-12-20 17:35:25,Qwen/Qwen3-8B,MMLU_selected_subjects,isot_fake_822,chara,0.524,28,793
2025-12-20 17:37:42,Qwen/Qwen3-8B,MMLU_selected_subjects,isot_fake_373,clean,0.641,28,298
2025-12-20 17:40:24,Qwen/Qwen3-8B,MMLU_selected_subjects,isot_fake_823,clean,0.608,28,510
2025-12-20 17:42:25,Qwen/Qwen3-8B,MMLU_selected_subjects,isot_fake_373,meani,0.634,28,298
2025-12-20 17:45:21,Qwen/Qwen3-8B,MMLU_selected_subjects,isot_fake_823,meani,0.603,28,510
2025-12-20 17:47:07,Qwen/Qwen3-8B,MMLU_selected_subjects,isot_fake_373,wordd,0.614,28,298
2025-12-20 17:50:21,Qwen/Qwen3-8B,MMLU_selected_subjects,isot_fake_823,wordd,0.589,28,510
2025-12-20 17:52:06,Qwen/Qwen3-8B,MMLU_selected_subjects,isot_fake_373,chara,0.541,28,298
2025-12-20 17:55:45,Qwen/Qwen3-8B,MMLU_selected_subjects,isot_fake_823,chara,0.543,28,510
2025-12-20 17:57:05,Qwen/Qwen3-8B,MMLU_selected_subjects,isot_fake_374,clean,0.576,28,721
2025-12-20 18:00:40,Qwen/Qwen3-8B,MMLU_selected_subjects,isot_fake_824,clean,0.582,28,493
2025-12-20 18:02:04,Qwen/Qwen3-8B,MMLU_selected_subjects,isot_fake_374,meani,0.574,28,721
2025-12-20 18:05:35,Qwen/Qwen3-8B,MMLU_selected_subjects,isot_fake_824,meani,0.587,28,493
2025-12-20 18:07:03,Qwen/Qwen3-8B,MMLU_selected_subjects,isot_fake_374,wordd,0.577,28,721
2025-12-20 18:10:29,Qwen/Qwen3-8B,MMLU_selected_subjects,isot_fake_824,wordd,0.557,28,493
2025-12-20 18:12:46,Qwen/Qwen3-8B,MMLU_selected_subjects,isot_fake_374,chara,0.539,28,721
2025-12-20 18:15:49,Qwen/Qwen3-8B,MMLU_selected_subjects,isot_fake_824,chara,0.536,28,493
2025-12-20 18:17:34,Qwen/Qwen3-8B,MMLU_selected_subjects,isot_fake_375,clean,0.623,28,342
2025-12-20 18:20:46,Qwen/Qwen3-8B,MMLU_selected_subjects,isot_fake_825,clean,0.601,28,644
2025-12-20 18:22:19,Qwen/Qwen3-8B,MMLU_selected_subjects,isot_fake_375,meani,0.608,28,342
2025-12-20 18:25:42,Qwen/Qwen3-8B,MMLU_selected_subjects,isot_fake_825,meani,0.595,28,644
2025-12-20 18:27:04,Qwen/Qwen3-8B,MMLU_selected_subjects,isot_fake_375,wordd,0.619,28,342
2025-12-20 18:30:38,Qwen/Qwen3-8B,MMLU_selected_subjects,isot_fake_825,wordd,0.565,28,644
2025-12-20 18:32:09,Qwen/Qwen3-8B,MMLU_selected_subjects,isot_fake_375,chara,0.516,28,342
2025-12-20 18:36:11,Qwen/Qwen3-8B,MMLU_selected_subjects,isot_fake_825,chara,0.51,28,644
2025-12-20 18:36:48,Qwen/Qwen3-8B,MMLU_selected_subjects,isot_fake_376,clean,0.63,28,208
2025-12-20 18:40:48,Qwen/Qwen3-8B,MMLU_selected_subjects,isot_fake_826,clean,0.609,28,215
2025-12-20 18:41:25,Qwen/Qwen3-8B,MMLU_selected_subjects,isot_fake_376,meani,0.608,28,208
2025-12-20 18:45:25,Qwen/Qwen3-8B,MMLU_selected_subjects,isot_fake_826,meani,0.606,28,215
2025-12-20 18:46:03,Qwen/Qwen3-8B,MMLU_selected_subjects,isot_fake_376,wordd,0.631,28,208
2025-12-20 18:50:02,Qwen/Qwen3-8B,MMLU_selected_subjects,isot_fake_826,wordd,0.62,28,215
2025-12-20 18:50:51,Qwen/Qwen3-8B,MMLU_selected_subjects,isot_fake_376,chara,0.544,28,208
2025-12-20 18:54:52,Qwen/Qwen3-8B,MMLU_selected_subjects,isot_fake_826,chara,0.53,28,215
2025-12-20 18:55:58,Qwen/Qwen3-8B,MMLU_selected_subjects,isot_fake_377,clean,0.6,28,738
2025-12-20 18:59:52,Qwen/Qwen3-8B,MMLU_selected_subjects,isot_fake_827,clean,0.605,28,555
2025-12-20 19:01:05,Qwen/Qwen3-8B,MMLU_selected_subjects,isot_fake_377,meani,0.591,28,738
2025-12-20 19:04:46,Qwen/Qwen3-8B,MMLU_selected_subjects,isot_fake_827,meani,0.601,28,555
2025-12-20 19:06:11,Qwen/Qwen3-8B,MMLU_selected_subjects,isot_fake_377,wordd,0.578,28,738
2025-12-20 19:09:40,Qwen/Qwen3-8B,MMLU_selected_subjects,isot_fake_827,wordd,0.593,28,555
2025-12-20 19:11:58,Qwen/Qwen3-8B,MMLU_selected_subjects,isot_fake_377,chara,0.512,28,738
2025-12-20 19:15:07,Qwen/Qwen3-8B,MMLU_selected_subjects,isot_fake_827,chara,0.532,28,555
2025-12-20 19:16:54,Qwen/Qwen3-8B,MMLU_selected_subjects,isot_fake_378,clean,0.622,28,494
2025-12-20 19:20:02,Qwen/Qwen3-8B,MMLU_selected_subjects,isot_fake_828,clean,0.585,28,583
2025-12-20 19:21:46,Qwen/Qwen3-8B,MMLU_selected_subjects,isot_fake_378,meani,0.591,28,494
2025-12-20 19:24:56,Qwen/Qwen3-8B,MMLU_selected_subjects,isot_fake_828,meani,0.57,28,583
2025-12-20 19:26:38,Qwen/Qwen3-8B,MMLU_selected_subjects,isot_fake_378,wordd,0.601,28,494
2025-12-20 19:29:51,Qwen/Qwen3-8B,MMLU_selected_subjects,isot_fake_828,wordd,0.572,28,583
2025-12-20 19:31:59,Qwen/Qwen3-8B,MMLU_selected_subjects,isot_fake_378,chara,0.512,28,494
2025-12-20 19:35:20,Qwen/Qwen3-8B,MMLU_selected_subjects,isot_fake_828,chara,0.545,28,583
2025-12-20 19:36:41,Qwen/Qwen3-8B,MMLU_selected_subjects,isot_fake_379,clean,0.588,28,396
2025-12-20 19:40:17,Qwen/Qwen3-8B,MMLU_selected_subjects,isot_fake_829,clean,0.609,28,636
2025-12-20 19:41:22,Qwen/Qwen3-8B,MMLU_selected_subjects,isot_fake_379,meani,0.554,28,396
2025-12-20 19:45:12,Qwen/Qwen3-8B,MMLU_selected_subjects,isot_fake_829,meani,0.597,28,636
2025-12-20 19:46:03,Qwen/Qwen3-8B,MMLU_selected_subjects,isot_fake_379,wordd,0.554,28,396
2025-12-20 19:50:09,Qwen/Qwen3-8B,MMLU_selected_subjects,isot_fake_829,wordd,0.606,28,636
2025-12-20 19:51:11,Qwen/Qwen3-8B,MMLU_selected_subjects,isot_fake_379,chara,0.527,28,396
2025-12-20 19:55:46,Qwen/Qwen3-8B,MMLU_selected_subjects,isot_fake_829,chara,0.549,28,636
2025-12-20 19:56:01,Qwen/Qwen3-8B,MMLU_selected_subjects,isot_fake_38,clean,0.613,28,467
2025-12-20 20:00:30,Qwen/Qwen3-8B,MMLU_selected_subjects,isot_fake_83,clean,0.602,28,380
2025-12-20 20:00:51,Qwen/Qwen3-8B,MMLU_selected_subjects,isot_fake_38,meani,0.59,28,467
2025-12-20 20:05:13,Qwen/Qwen3-8B,MMLU_selected_subjects,isot_fake_83,meani,0.588,28,380
2025-12-20 20:05:41,Qwen/Qwen3-8B,MMLU_selected_subjects,isot_fake_38,wordd,0.583,28,467
2025-12-20 20:09:55,Qwen/Qwen3-8B,MMLU_selected_subjects,isot_fake_83,wordd,0.618,28,380
2025-12-20 20:11:00,Qwen/Qwen3-8B,MMLU_selected_subjects,isot_fake_38,chara,0.547,28,467
2025-12-20 20:14:59,Qwen/Qwen3-8B,MMLU_selected_subjects,isot_fake_83,chara,0.498,28,380
2025-12-20 20:16:02,Qwen/Qwen3-8B,MMLU_selected_subjects,isot_fake_380,clean,0.629,28,637
2025-12-20 20:19:54,Qwen/Qwen3-8B,MMLU_selected_subjects,isot_fake_830,clean,0.596,28,619
2025-12-20 20:21:02,Qwen/Qwen3-8B,MMLU_selected_subjects,isot_fake_380,meani,0.622,28,637
2025-12-20 20:24:50,Qwen/Qwen3-8B,MMLU_selected_subjects,isot_fake_830,meani,0.593,28,619
2025-12-20 20:26:01,Qwen/Qwen3-8B,MMLU_selected_subjects,isot_fake_380,wordd,0.614,28,637
2025-12-20 20:29:45,Qwen/Qwen3-8B,MMLU_selected_subjects,isot_fake_830,wordd,0.585,28,619
2025-12-20 20:31:38,Qwen/Qwen3-8B,MMLU_selected_subjects,isot_fake_380,chara,0.535,28,637
2025-12-20 20:35:16,Qwen/Qwen3-8B,MMLU_selected_subjects,isot_fake_830,chara,0.565,28,619
2025-12-20 20:36:08,Qwen/Qwen3-8B,MMLU_selected_subjects,isot_fake_381,clean,0.604,28,206
2025-12-20 20:40:19,Qwen/Qwen3-8B,MMLU_selected_subjects,isot_fake_831,clean,0.608,28,686
2025-12-20 20:40:38,Qwen/Qwen3-8B,MMLU_selected_subjects,isot_fake_381,meani,0.574,28,206
2025-12-20 20:45:08,Qwen/Qwen3-8B,MMLU_selected_subjects,isot_fake_381,wordd,0.556,28,206
2025-12-20 20:45:20,Qwen/Qwen3-8B,MMLU_selected_subjects,isot_fake_831,meani,0.564,28,686
2025-12-20 20:49:52,Qwen/Qwen3-8B,MMLU_selected_subjects,isot_fake_381,chara,0.541,28,206
2025-12-20 20:50:22,Qwen/Qwen3-8B,MMLU_selected_subjects,isot_fake_831,wordd,0.543,28,686
2025-12-20 20:55:04,Qwen/Qwen3-8B,MMLU_selected_subjects,isot_fake_382,clean,0.627,28,791
2025-12-20 20:56:02,Qwen/Qwen3-8B,MMLU_selected_subjects,isot_fake_831,chara,0.493,28,686
2025-12-20 21:00:16,Qwen/Qwen3-8B,MMLU_selected_subjects,isot_fake_382,meani,0.608,28,791
2025-12-20 21:00:54,Qwen/Qwen3-8B,MMLU_selected_subjects,isot_fake_832,clean,0.557,28,616
2025-12-20 21:05:28,Qwen/Qwen3-8B,MMLU_selected_subjects,isot_fake_382,wordd,0.601,28,791
2025-12-20 21:05:45,Qwen/Qwen3-8B,MMLU_selected_subjects,isot_fake_832,meani,0.584,28,616
2025-12-20 21:10:36,Qwen/Qwen3-8B,MMLU_selected_subjects,isot_fake_832,wordd,0.566,28,616
2025-12-20 21:11:23,Qwen/Qwen3-8B,MMLU_selected_subjects,isot_fake_382,chara,0.536,28,791
2025-12-20 21:16:06,Qwen/Qwen3-8B,MMLU_selected_subjects,isot_fake_832,chara,0.496,28,616
2025-12-20 21:16:25,Qwen/Qwen3-8B,MMLU_selected_subjects,isot_fake_383,clean,0.61,28,679
2025-12-20 21:20:55,Qwen/Qwen3-8B,MMLU_selected_subjects,isot_fake_833,clean,0.619,28,419
2025-12-20 21:21:27,Qwen/Qwen3-8B,MMLU_selected_subjects,isot_fake_383,meani,0.607,28,679
2025-12-20 21:25:44,Qwen/Qwen3-8B,MMLU_selected_subjects,isot_fake_833,meani,0.627,28,419
2025-12-20 21:26:28,Qwen/Qwen3-8B,MMLU_selected_subjects,isot_fake_383,wordd,0.575,28,679
2025-12-20 21:30:34,Qwen/Qwen3-8B,MMLU_selected_subjects,isot_fake_833,wordd,0.619,28,419
2025-12-20 21:32:11,Qwen/Qwen3-8B,MMLU_selected_subjects,isot_fake_383,chara,0.55,28,679
2025-12-20 21:35:48,Qwen/Qwen3-8B,MMLU_selected_subjects,isot_fake_833,chara,0.526,28,419
2025-12-20 21:37:18,Qwen/Qwen3-8B,MMLU_selected_subjects,isot_fake_384,clean,0.594,28,791
2025-12-20 21:40:41,Qwen/Qwen3-8B,MMLU_selected_subjects,isot_fake_834,clean,0.611,28,554
2025-12-20 21:42:27,Qwen/Qwen3-8B,MMLU_selected_subjects,isot_fake_384,meani,0.611,28,791
2025-12-20 21:45:33,Qwen/Qwen3-8B,MMLU_selected_subjects,isot_fake_834,meani,0.618,28,554
2025-12-20 21:47:35,Qwen/Qwen3-8B,MMLU_selected_subjects,isot_fake_384,wordd,0.583,28,791
2025-12-20 21:50:25,Qwen/Qwen3-8B,MMLU_selected_subjects,isot_fake_834,wordd,0.591,28,554
2025-12-20 21:53:29,Qwen/Qwen3-8B,MMLU_selected_subjects,isot_fake_384,chara,0.508,28,791
2025-12-20 21:55:50,Qwen/Qwen3-8B,MMLU_selected_subjects,isot_fake_834,chara,0.489,28,554
2025-12-20 21:58:23,Qwen/Qwen3-8B,MMLU_selected_subjects,isot_fake_385,clean,0.61,28,612
2025-12-20 22:00:35,Qwen/Qwen3-8B,MMLU_selected_subjects,isot_fake_835,clean,0.622,28,298
2025-12-20 22:03:16,Qwen/Qwen3-8B,MMLU_selected_subjects,isot_fake_385,meani,0.596,28,612
2025-12-20 22:05:18,Qwen/Qwen3-8B,MMLU_selected_subjects,isot_fake_835,meani,0.619,28,298
2025-12-20 22:08:09,Qwen/Qwen3-8B,MMLU_selected_subjects,isot_fake_385,wordd,0.581,28,612
2025-12-20 22:10:01,Qwen/Qwen3-8B,MMLU_selected_subjects,isot_fake_835,wordd,0.6,28,298
2025-12-20 22:13:42,Qwen/Qwen3-8B,MMLU_selected_subjects,isot_fake_385,chara,0.553,28,612
2025-12-20 22:15:01,Qwen/Qwen3-8B,MMLU_selected_subjects,isot_fake_835,chara,0.513,28,298
2025-12-20 22:18:32,Qwen/Qwen3-8B,MMLU_selected_subjects,isot_fake_386,clean,0.597,28,549
2025-12-20 22:19:47,Qwen/Qwen3-8B,MMLU_selected_subjects,isot_fake_836,clean,0.635,28,470
2025-12-20 22:23:21,Qwen/Qwen3-8B,MMLU_selected_subjects,isot_fake_386,meani,0.554,28,549
2025-12-20 22:24:33,Qwen/Qwen3-8B,MMLU_selected_subjects,isot_fake_836,meani,0.594,28,470
2025-12-20 22:28:10,Qwen/Qwen3-8B,MMLU_selected_subjects,isot_fake_386,wordd,0.592,28,549
2025-12-20 22:29:19,Qwen/Qwen3-8B,MMLU_selected_subjects,isot_fake_836,wordd,0.611,28,470
2025-12-20 22:33:35,Qwen/Qwen3-8B,MMLU_selected_subjects,isot_fake_386,chara,0.511,28,549
2025-12-20 22:34:35,Qwen/Qwen3-8B,MMLU_selected_subjects,isot_fake_836,chara,0.548,28,470
2025-12-20 22:38:27,Qwen/Qwen3-8B,MMLU_selected_subjects,isot_fake_387,clean,0.581,28,556
2025-12-20 22:39:35,Qwen/Qwen3-8B,MMLU_selected_subjects,isot_fake_837,clean,0.598,28,677
2025-12-20 22:43:18,Qwen/Qwen3-8B,MMLU_selected_subjects,isot_fake_387,meani,0.558,28,556
2025-12-20 22:44:33,Qwen/Qwen3-8B,MMLU_selected_subjects,isot_fake_837,meani,0.566,28,677
2025-12-20 22:48:09,Qwen/Qwen3-8B,MMLU_selected_subjects,isot_fake_387,wordd,0.581,28,556
2025-12-20 22:49:33,Qwen/Qwen3-8B,MMLU_selected_subjects,isot_fake_837,wordd,0.562,28,677
2025-12-20 22:53:33,Qwen/Qwen3-8B,MMLU_selected_subjects,isot_fake_387,chara,0.532,28,556
2025-12-20 22:55:13,Qwen/Qwen3-8B,MMLU_selected_subjects,isot_fake_837,chara,0.523,28,677
2025-12-20 22:58:09,Qwen/Qwen3-8B,MMLU_selected_subjects,isot_fake_388,clean,0.524,28,277
2025-12-20 22:59:53,Qwen/Qwen3-8B,MMLU_selected_subjects,isot_fake_838,clean,0.604,28,284
2025-12-20 23:02:45,Qwen/Qwen3-8B,MMLU_selected_subjects,isot_fake_388,meani,0.569,28,277
2025-12-20 23:04:32,Qwen/Qwen3-8B,MMLU_selected_subjects,isot_fake_838,meani,0.58,28,284
2025-12-20 23:07:20,Qwen/Qwen3-8B,MMLU_selected_subjects,isot_fake_388,wordd,0.584,28,277
2025-12-20 23:09:11,Qwen/Qwen3-8B,MMLU_selected_subjects,isot_fake_838,wordd,0.576,28,284
2025-12-20 23:12:14,Qwen/Qwen3-8B,MMLU_selected_subjects,isot_fake_388,chara,0.541,28,277
2025-12-20 23:14:09,Qwen/Qwen3-8B,MMLU_selected_subjects,isot_fake_838,chara,0.548,28,284
2025-12-20 23:17:15,Qwen/Qwen3-8B,MMLU_selected_subjects,isot_fake_389,clean,0.606,28,691
2025-12-20 23:19:18,Qwen/Qwen3-8B,MMLU_selected_subjects,isot_fake_839,clean,0.607,28,778
2025-12-20 23:22:13,Qwen/Qwen3-8B,MMLU_selected_subjects,isot_fake_389,meani,0.585,28,691
2025-12-20 23:24:27,Qwen/Qwen3-8B,MMLU_selected_subjects,isot_fake_839,meani,0.582,28,778
2025-12-20 23:27:13,Qwen/Qwen3-8B,MMLU_selected_subjects,isot_fake_389,wordd,0.585,28,691
2025-12-20 23:29:35,Qwen/Qwen3-8B,MMLU_selected_subjects,isot_fake_839,wordd,0.56,28,778
2025-12-20 23:32:53,Qwen/Qwen3-8B,MMLU_selected_subjects,isot_fake_389,chara,0.52,28,691
2025-12-20 23:35:33,Qwen/Qwen3-8B,MMLU_selected_subjects,isot_fake_839,chara,0.551,28,778
2025-12-20 23:37:47,Qwen/Qwen3-8B,MMLU_selected_subjects,isot_fake_39,clean,0.577,28,589
2025-12-20 23:40:21,Qwen/Qwen3-8B,MMLU_selected_subjects,isot_fake_84,clean,0.622,28,418
2025-12-20 23:42:41,Qwen/Qwen3-8B,MMLU_selected_subjects,isot_fake_39,meani,0.598,28,589
2025-12-20 23:45:08,Qwen/Qwen3-8B,MMLU_selected_subjects,isot_fake_84,meani,0.621,28,418
2025-12-20 23:47:35,Qwen/Qwen3-8B,MMLU_selected_subjects,isot_fake_39,wordd,0.55,28,589
2025-12-20 23:49:56,Qwen/Qwen3-8B,MMLU_selected_subjects,isot_fake_84,wordd,0.608,28,418
2025-12-20 23:53:06,Qwen/Qwen3-8B,MMLU_selected_subjects,isot_fake_39,chara,0.537,28,589
2025-12-20 23:55:10,Qwen/Qwen3-8B,MMLU_selected_subjects,isot_fake_84,chara,0.537,28,418
2025-12-20 23:58:02,Qwen/Qwen3-8B,MMLU_selected_subjects,isot_fake_390,clean,0.63,28,511
2025-12-21 00:00:22,Qwen/Qwen3-8B,MMLU_selected_subjects,isot_fake_840,clean,0.642,28,600
2025-12-21 00:02:57,Qwen/Qwen3-8B,MMLU_selected_subjects,isot_fake_390,meani,0.576,28,511
2025-12-21 00:05:32,Qwen/Qwen3-8B,MMLU_selected_subjects,isot_fake_840,meani,0.642,28,600
2025-12-21 00:07:53,Qwen/Qwen3-8B,MMLU_selected_subjects,isot_fake_390,wordd,0.555,28,511
2025-12-21 00:10:43,Qwen/Qwen3-8B,MMLU_selected_subjects,isot_fake_840,wordd,0.616,28,600
2025-12-21 00:13:20,Qwen/Qwen3-8B,MMLU_selected_subjects,isot_fake_390,chara,0.555,28,511
2025-12-21 00:16:27,Qwen/Qwen3-8B,MMLU_selected_subjects,isot_fake_840,chara,0.538,28,600
2025-12-21 00:18:36,Qwen/Qwen3-8B,MMLU_selected_subjects,isot_fake_391,clean,0.596,28,738
2025-12-21 00:21:14,Qwen/Qwen3-8B,MMLU_selected_subjects,isot_fake_841,clean,0.623,28,501
2025-12-21 00:23:52,Qwen/Qwen3-8B,MMLU_selected_subjects,isot_fake_391,meani,0.579,28,738
2025-12-21 00:26:00,Qwen/Qwen3-8B,MMLU_selected_subjects,isot_fake_841,meani,0.592,28,501
2025-12-21 00:29:09,Qwen/Qwen3-8B,MMLU_selected_subjects,isot_fake_391,wordd,0.566,28,738
2025-12-21 00:30:46,Qwen/Qwen3-8B,MMLU_selected_subjects,isot_fake_841,wordd,0.596,28,501
2025-12-21 00:35:06,Qwen/Qwen3-8B,MMLU_selected_subjects,isot_fake_391,chara,0.528,28,738
2025-12-21 00:36:06,Qwen/Qwen3-8B,MMLU_selected_subjects,isot_fake_841,chara,0.548,28,501
2025-12-21 00:39:58,Qwen/Qwen3-8B,MMLU_selected_subjects,isot_fake_392,clean,0.603,28,651
2025-12-21 00:40:40,Qwen/Qwen3-8B,MMLU_selected_subjects,isot_fake_842,clean,0.563,28,218
2025-12-21 00:44:49,Qwen/Qwen3-8B,MMLU_selected_subjects,isot_fake_392,meani,0.596,28,651
2025-12-21 00:45:13,Qwen/Qwen3-8B,MMLU_selected_subjects,isot_fake_842,meani,0.555,28,218
2025-12-21 00:49:42,Qwen/Qwen3-8B,MMLU_selected_subjects,isot_fake_392,wordd,0.61,28,651
2025-12-21 00:49:46,Qwen/Qwen3-8B,MMLU_selected_subjects,isot_fake_842,wordd,0.589,28,218
2025-12-21 00:54:35,Qwen/Qwen3-8B,MMLU_selected_subjects,isot_fake_842,chara,0.57,28,218
2025-12-21 00:55:18,Qwen/Qwen3-8B,MMLU_selected_subjects,isot_fake_392,chara,0.556,28,651
2025-12-21 00:59:22,Qwen/Qwen3-8B,MMLU_selected_subjects,isot_fake_843,clean,0.63,28,408
2025-12-21 01:00:44,Qwen/Qwen3-8B,MMLU_selected_subjects,isot_fake_393,clean,0.635,28,749
2025-12-21 01:04:09,Qwen/Qwen3-8B,MMLU_selected_subjects,isot_fake_843,meani,0.592,28,408
2025-12-21 01:06:06,Qwen/Qwen3-8B,MMLU_selected_subjects,isot_fake_393,meani,0.627,28,749
2025-12-21 01:08:56,Qwen/Qwen3-8B,MMLU_selected_subjects,isot_fake_843,wordd,0.591,28,408
2025-12-21 01:11:28,Qwen/Qwen3-8B,MMLU_selected_subjects,isot_fake_393,wordd,0.612,28,749
2025-12-21 01:14:06,Qwen/Qwen3-8B,MMLU_selected_subjects,isot_fake_843,chara,0.52,28,408
2025-12-21 01:17:26,Qwen/Qwen3-8B,MMLU_selected_subjects,isot_fake_393,chara,0.505,28,749
2025-12-21 01:19:08,Qwen/Qwen3-8B,MMLU_selected_subjects,isot_fake_844,clean,0.618,28,718
2025-12-21 01:22:24,Qwen/Qwen3-8B,MMLU_selected_subjects,isot_fake_394,clean,0.602,28,716
2025-12-21 01:24:11,Qwen/Qwen3-8B,MMLU_selected_subjects,isot_fake_844,meani,0.599,28,718
2025-12-21 01:27:23,Qwen/Qwen3-8B,MMLU_selected_subjects,isot_fake_394,meani,0.59,28,716
2025-12-21 01:29:13,Qwen/Qwen3-8B,MMLU_selected_subjects,isot_fake_844,wordd,0.571,28,718
2025-12-21 01:32:21,Qwen/Qwen3-8B,MMLU_selected_subjects,isot_fake_394,wordd,0.586,28,716
2025-12-21 01:34:58,Qwen/Qwen3-8B,MMLU_selected_subjects,isot_fake_844,chara,0.55,28,718
2025-12-21 01:38:05,Qwen/Qwen3-8B,MMLU_selected_subjects,isot_fake_394,chara,0.521,28,716
2025-12-21 01:39:49,Qwen/Qwen3-8B,MMLU_selected_subjects,isot_fake_845,clean,0.618,28,454
2025-12-21 01:43:18,Qwen/Qwen3-8B,MMLU_selected_subjects,isot_fake_395,clean,0.617,28,759
2025-12-21 01:44:38,Qwen/Qwen3-8B,MMLU_selected_subjects,isot_fake_845,meani,0.578,28,454
2025-12-21 01:48:29,Qwen/Qwen3-8B,MMLU_selected_subjects,isot_fake_395,meani,0.611,28,759
2025-12-21 01:49:27,Qwen/Qwen3-8B,MMLU_selected_subjects,isot_fake_845,wordd,0.576,28,454
2025-12-21 01:53:42,Qwen/Qwen3-8B,MMLU_selected_subjects,isot_fake_395,wordd,0.584,28,759
2025-12-21 01:54:42,Qwen/Qwen3-8B,MMLU_selected_subjects,isot_fake_845,chara,0.527,28,454
2025-12-21 01:59:34,Qwen/Qwen3-8B,MMLU_selected_subjects,isot_fake_395,chara,0.53,28,759
2025-12-21 01:59:36,Qwen/Qwen3-8B,MMLU_selected_subjects,isot_fake_846,clean,0.614,28,502
2025-12-21 02:04:29,Qwen/Qwen3-8B,MMLU_selected_subjects,isot_fake_396,clean,0.62,28,549
2025-12-21 02:04:29,Qwen/Qwen3-8B,MMLU_selected_subjects,isot_fake_846,meani,0.608,28,502
2025-12-21 02:09:22,Qwen/Qwen3-8B,MMLU_selected_subjects,isot_fake_846,wordd,0.59,28,502
2025-12-21 02:09:23,Qwen/Qwen3-8B,MMLU_selected_subjects,isot_fake_396,meani,0.629,28,549
2025-12-21 02:14:17,Qwen/Qwen3-8B,MMLU_selected_subjects,isot_fake_396,wordd,0.607,28,549
2025-12-21 02:14:44,Qwen/Qwen3-8B,MMLU_selected_subjects,isot_fake_846,chara,0.533,28,502
2025-12-21 02:19:36,Qwen/Qwen3-8B,MMLU_selected_subjects,isot_fake_847,clean,0.612,28,560
2025-12-21 02:19:46,Qwen/Qwen3-8B,MMLU_selected_subjects,isot_fake_396,chara,0.535,28,549
2025-12-21 02:24:27,Qwen/Qwen3-8B,MMLU_selected_subjects,isot_fake_847,meani,0.612,28,560
2025-12-21 02:24:46,Qwen/Qwen3-8B,MMLU_selected_subjects,isot_fake_397,clean,0.607,28,640
2025-12-21 02:29:18,Qwen/Qwen3-8B,MMLU_selected_subjects,isot_fake_847,wordd,0.591,28,560
2025-12-21 02:29:46,Qwen/Qwen3-8B,MMLU_selected_subjects,isot_fake_397,meani,0.583,28,640
2025-12-21 02:34:45,Qwen/Qwen3-8B,MMLU_selected_subjects,isot_fake_397,wordd,0.573,28,640
2025-12-21 02:34:46,Qwen/Qwen3-8B,MMLU_selected_subjects,isot_fake_847,chara,0.546,28,560
2025-12-21 02:39:34,Qwen/Qwen3-8B,MMLU_selected_subjects,isot_fake_848,clean,0.606,28,450
2025-12-21 02:40:21,Qwen/Qwen3-8B,MMLU_selected_subjects,isot_fake_397,chara,0.575,28,640
2025-12-21 02:44:23,Qwen/Qwen3-8B,MMLU_selected_subjects,isot_fake_848,meani,0.589,28,450
2025-12-21 02:45:18,Qwen/Qwen3-8B,MMLU_selected_subjects,isot_fake_398,clean,0.602,28,595
2025-12-21 02:49:11,Qwen/Qwen3-8B,MMLU_selected_subjects,isot_fake_848,wordd,0.572,28,450
2025-12-21 02:50:15,Qwen/Qwen3-8B,MMLU_selected_subjects,isot_fake_398,meani,0.586,28,595
2025-12-21 02:54:27,Qwen/Qwen3-8B,MMLU_selected_subjects,isot_fake_848,chara,0.519,28,450
2025-12-21 02:55:11,Qwen/Qwen3-8B,MMLU_selected_subjects,isot_fake_398,wordd,0.603,28,595
2025-12-21 02:59:31,Qwen/Qwen3-8B,MMLU_selected_subjects,isot_fake_849,clean,0.606,28,727
2025-12-21 03:00:43,Qwen/Qwen3-8B,MMLU_selected_subjects,isot_fake_398,chara,0.539,28,595
2025-12-21 03:04:35,Qwen/Qwen3-8B,MMLU_selected_subjects,isot_fake_849,meani,0.617,28,727
2025-12-21 03:05:24,Qwen/Qwen3-8B,MMLU_selected_subjects,isot_fake_399,clean,0.592,28,322
2025-12-21 03:09:39,Qwen/Qwen3-8B,MMLU_selected_subjects,isot_fake_849,wordd,0.621,28,727
2025-12-21 03:10:05,Qwen/Qwen3-8B,MMLU_selected_subjects,isot_fake_399,meani,0.604,28,322
2025-12-21 03:14:44,Qwen/Qwen3-8B,MMLU_selected_subjects,isot_fake_399,wordd,0.598,28,322
2025-12-21 03:15:25,Qwen/Qwen3-8B,MMLU_selected_subjects,isot_fake_849,chara,0.503,28,727
2025-12-21 03:19:43,Qwen/Qwen3-8B,MMLU_selected_subjects,isot_fake_399,chara,0.552,28,322
2025-12-21 03:20:17,Qwen/Qwen3-8B,MMLU_selected_subjects,isot_fake_85,clean,0.603,28,486
2025-12-21 03:24:26,Qwen/Qwen3-8B,MMLU_selected_subjects,isot_fake_4,clean,0.594,28,345
2025-12-21 03:25:08,Qwen/Qwen3-8B,MMLU_selected_subjects,isot_fake_85,meani,0.599,28,486
2025-12-21 03:29:10,Qwen/Qwen3-8B,MMLU_selected_subjects,isot_fake_4,meani,0.598,28,345
2025-12-21 03:29:59,Qwen/Qwen3-8B,MMLU_selected_subjects,isot_fake_85,wordd,0.569,28,486
2025-12-21 03:33:52,Qwen/Qwen3-8B,MMLU_selected_subjects,isot_fake_4,wordd,0.572,28,345
2025-12-21 03:35:17,Qwen/Qwen3-8B,MMLU_selected_subjects,isot_fake_85,chara,0.529,28,486
2025-12-21 03:38:53,Qwen/Qwen3-8B,MMLU_selected_subjects,isot_fake_4,chara,0.535,28,345
2025-12-21 03:40:15,Qwen/Qwen3-8B,MMLU_selected_subjects,isot_fake_850,clean,0.584,28,636
2025-12-21 03:43:52,Qwen/Qwen3-8B,MMLU_selected_subjects,isot_fake_40,clean,0.619,28,656
2025-12-21 03:45:13,Qwen/Qwen3-8B,MMLU_selected_subjects,isot_fake_850,meani,0.594,28,636
2025-12-21 03:48:50,Qwen/Qwen3-8B,MMLU_selected_subjects,isot_fake_40,meani,0.595,28,656
2025-12-21 03:50:10,Qwen/Qwen3-8B,MMLU_selected_subjects,isot_fake_850,wordd,0.569,28,636
2025-12-21 03:53:48,Qwen/Qwen3-8B,MMLU_selected_subjects,isot_fake_40,wordd,0.598,28,656
2025-12-21 03:55:43,Qwen/Qwen3-8B,MMLU_selected_subjects,isot_fake_850,chara,0.535,28,636
2025-12-21 03:59:26,Qwen/Qwen3-8B,MMLU_selected_subjects,isot_fake_40,chara,0.561,28,656
2025-12-21 04:00:25,Qwen/Qwen3-8B,MMLU_selected_subjects,isot_fake_851,clean,0.643,28,242
2025-12-21 04:04:04,Qwen/Qwen3-8B,MMLU_selected_subjects,isot_fake_400,clean,0.632,28,206
2025-12-21 04:05:06,Qwen/Qwen3-8B,MMLU_selected_subjects,isot_fake_851,meani,0.621,28,242
2025-12-21 04:08:42,Qwen/Qwen3-8B,MMLU_selected_subjects,isot_fake_400,meani,0.628,28,206
2025-12-21 04:09:47,Qwen/Qwen3-8B,MMLU_selected_subjects,isot_fake_851,wordd,0.609,28,242
2025-12-21 04:13:21,Qwen/Qwen3-8B,MMLU_selected_subjects,isot_fake_400,wordd,0.646,28,206
2025-12-21 04:14:39,Qwen/Qwen3-8B,MMLU_selected_subjects,isot_fake_851,chara,0.507,28,242
2025-12-21 04:18:09,Qwen/Qwen3-8B,MMLU_selected_subjects,isot_fake_400,chara,0.562,28,206
2025-12-21 04:19:40,Qwen/Qwen3-8B,MMLU_selected_subjects,isot_fake_852,clean,0.61,28,633
2025-12-21 04:23:07,Qwen/Qwen3-8B,MMLU_selected_subjects,isot_fake_401,clean,0.595,28,649
2025-12-21 04:24:41,Qwen/Qwen3-8B,MMLU_selected_subjects,isot_fake_852,meani,0.604,28,633
2025-12-21 04:28:05,Qwen/Qwen3-8B,MMLU_selected_subjects,isot_fake_401,meani,0.586,28,649
2025-12-21 04:29:41,Qwen/Qwen3-8B,MMLU_selected_subjects,isot_fake_852,wordd,0.553,28,633
2025-12-21 04:33:01,Qwen/Qwen3-8B,MMLU_selected_subjects,isot_fake_401,wordd,0.575,28,649
2025-12-21 04:35:15,Qwen/Qwen3-8B,MMLU_selected_subjects,isot_fake_852,chara,0.535,28,633
2025-12-21 04:38:38,Qwen/Qwen3-8B,MMLU_selected_subjects,isot_fake_401,chara,0.539,28,649
2025-12-21 04:40:12,Qwen/Qwen3-8B,MMLU_selected_subjects,isot_fake_853,clean,0.587,28,671
2025-12-21 04:43:50,Qwen/Qwen3-8B,MMLU_selected_subjects,isot_fake_402,clean,0.624,28,729
2025-12-21 04:45:09,Qwen/Qwen3-8B,MMLU_selected_subjects,isot_fake_853,meani,0.563,28,671
2025-12-21 04:49:03,Qwen/Qwen3-8B,MMLU_selected_subjects,isot_fake_402,meani,0.579,28,729
2025-12-21 04:50:06,Qwen/Qwen3-8B,MMLU_selected_subjects,isot_fake_853,wordd,0.565,28,671
2025-12-21 04:54:14,Qwen/Qwen3-8B,MMLU_selected_subjects,isot_fake_402,wordd,0.587,28,729
2025-12-21 04:55:46,Qwen/Qwen3-8B,MMLU_selected_subjects,isot_fake_853,chara,0.531,28,671
2025-12-21 05:00:05,Qwen/Qwen3-8B,MMLU_selected_subjects,isot_fake_402,chara,0.553,28,729
2025-12-21 05:00:29,Qwen/Qwen3-8B,MMLU_selected_subjects,isot_fake_854,clean,0.587,28,367
2025-12-21 05:04:56,Qwen/Qwen3-8B,MMLU_selected_subjects,isot_fake_403,clean,0.602,28,551
2025-12-21 05:05:11,Qwen/Qwen3-8B,MMLU_selected_subjects,isot_fake_854,meani,0.583,28,367
2025-12-21 05:09:47,Qwen/Qwen3-8B,MMLU_selected_subjects,isot_fake_403,meani,0.61,28,551
2025-12-21 05:09:54,Qwen/Qwen3-8B,MMLU_selected_subjects,isot_fake_854,wordd,0.571,28,367
2025-12-21 05:14:39,Qwen/Qwen3-8B,MMLU_selected_subjects,isot_fake_403,wordd,0.592,28,551
2025-12-21 05:15:01,Qwen/Qwen3-8B,MMLU_selected_subjects,isot_fake_854,chara,0.527,28,367
2025-12-21 05:19:46,Qwen/Qwen3-8B,MMLU_selected_subjects,isot_fake_855,clean,0.561,28,473
2025-12-21 05:20:05,Qwen/Qwen3-8B,MMLU_selected_subjects,isot_fake_403,chara,0.535,28,551
2025-12-21 05:24:30,Qwen/Qwen3-8B,MMLU_selected_subjects,isot_fake_855,meani,0.567,28,473
2025-12-21 05:24:50,Qwen/Qwen3-8B,MMLU_selected_subjects,isot_fake_404,clean,0.609,28,432
2025-12-21 05:29:14,Qwen/Qwen3-8B,MMLU_selected_subjects,isot_fake_855,wordd,0.59,28,473
2025-12-21 05:29:35,Qwen/Qwen3-8B,MMLU_selected_subjects,isot_fake_404,meani,0.585,28,432
2025-12-21 05:34:21,Qwen/Qwen3-8B,MMLU_selected_subjects,isot_fake_404,wordd,0.557,28,432
2025-12-21 05:34:31,Qwen/Qwen3-8B,MMLU_selected_subjects,isot_fake_855,chara,0.54,28,473
2025-12-21 05:39:19,Qwen/Qwen3-8B,MMLU_selected_subjects,isot_fake_856,clean,0.605,28,476
2025-12-21 05:39:33,Qwen/Qwen3-8B,MMLU_selected_subjects,isot_fake_404,chara,0.562,28,432
2025-12-21 05:44:07,Qwen/Qwen3-8B,MMLU_selected_subjects,isot_fake_856,meani,0.604,28,476
2025-12-21 05:44:20,Qwen/Qwen3-8B,MMLU_selected_subjects,isot_fake_405,clean,0.617,28,485
2025-12-21 05:48:56,Qwen/Qwen3-8B,MMLU_selected_subjects,isot_fake_856,wordd,0.566,28,476
2025-12-21 05:49:07,Qwen/Qwen3-8B,MMLU_selected_subjects,isot_fake_405,meani,0.619,28,485
2025-12-21 05:53:55,Qwen/Qwen3-8B,MMLU_selected_subjects,isot_fake_405,wordd,0.606,28,485
2025-12-21 05:54:14,Qwen/Qwen3-8B,MMLU_selected_subjects,isot_fake_856,chara,0.565,28,476
2025-12-21 05:58:48,Qwen/Qwen3-8B,MMLU_selected_subjects,isot_fake_857,clean,0.598,28,205
2025-12-21 05:59:14,Qwen/Qwen3-8B,MMLU_selected_subjects,isot_fake_405,chara,0.545,28,485
2025-12-21 06:03:22,Qwen/Qwen3-8B,MMLU_selected_subjects,isot_fake_857,meani,0.571,28,205
2025-12-21 06:04:09,Qwen/Qwen3-8B,MMLU_selected_subjects,isot_fake_406,clean,0.594,28,587
2025-12-21 06:07:56,Qwen/Qwen3-8B,MMLU_selected_subjects,isot_fake_857,wordd,0.597,28,205
2025-12-21 06:09:03,Qwen/Qwen3-8B,MMLU_selected_subjects,isot_fake_406,meani,0.584,28,587
2025-12-21 06:12:43,Qwen/Qwen3-8B,MMLU_selected_subjects,isot_fake_857,chara,0.544,28,205
2025-12-21 06:13:59,Qwen/Qwen3-8B,MMLU_selected_subjects,isot_fake_406,wordd,0.573,28,587
2025-12-21 06:17:24,Qwen/Qwen3-8B,MMLU_selected_subjects,isot_fake_858,clean,0.591,28,266
2025-12-21 06:19:26,Qwen/Qwen3-8B,MMLU_selected_subjects,isot_fake_406,chara,0.568,28,587
2025-12-21 06:22:05,Qwen/Qwen3-8B,MMLU_selected_subjects,isot_fake_858,meani,0.577,28,266
2025-12-21 06:24:29,Qwen/Qwen3-8B,MMLU_selected_subjects,isot_fake_407,clean,0.621,28,685
2025-12-21 06:26:45,Qwen/Qwen3-8B,MMLU_selected_subjects,isot_fake_858,wordd,0.581,28,266
2025-12-21 06:29:32,Qwen/Qwen3-8B,MMLU_selected_subjects,isot_fake_407,meani,0.611,28,685
2025-12-21 06:31:40,Qwen/Qwen3-8B,MMLU_selected_subjects,isot_fake_858,chara,0.529,28,266
2025-12-21 06:34:34,Qwen/Qwen3-8B,MMLU_selected_subjects,isot_fake_407,wordd,0.577,28,685
2025-12-21 06:36:23,Qwen/Qwen3-8B,MMLU_selected_subjects,isot_fake_859,clean,0.599,28,348
2025-12-21 06:40:14,Qwen/Qwen3-8B,MMLU_selected_subjects,isot_fake_407,chara,0.523,28,685
2025-12-21 06:41:05,Qwen/Qwen3-8B,MMLU_selected_subjects,isot_fake_859,meani,0.571,28,348
2025-12-21 06:45:01,Qwen/Qwen3-8B,MMLU_selected_subjects,isot_fake_408,clean,0.577,28,447
2025-12-21 06:45:46,Qwen/Qwen3-8B,MMLU_selected_subjects,isot_fake_859,wordd,0.574,28,348
2025-12-21 06:49:47,Qwen/Qwen3-8B,MMLU_selected_subjects,isot_fake_408,meani,0.579,28,447
2025-12-21 06:50:50,Qwen/Qwen3-8B,MMLU_selected_subjects,isot_fake_859,chara,0.54,28,348
2025-12-21 06:54:32,Qwen/Qwen3-8B,MMLU_selected_subjects,isot_fake_408,wordd,0.583,28,447
2025-12-21 06:55:56,Qwen/Qwen3-8B,MMLU_selected_subjects,isot_fake_86,clean,0.63,28,653
2025-12-21 06:59:42,Qwen/Qwen3-8B,MMLU_selected_subjects,isot_fake_408,chara,0.549,28,447
2025-12-21 07:00:59,Qwen/Qwen3-8B,MMLU_selected_subjects,isot_fake_86,meani,0.6,28,653
2025-12-21 07:04:29,Qwen/Qwen3-8B,MMLU_selected_subjects,isot_fake_409,clean,0.572,28,379
2025-12-21 07:06:02,Qwen/Qwen3-8B,MMLU_selected_subjects,isot_fake_86,wordd,0.554,28,653
2025-12-21 07:09:16,Qwen/Qwen3-8B,MMLU_selected_subjects,isot_fake_409,meani,0.603,28,379
2025-12-21 07:11:40,Qwen/Qwen3-8B,MMLU_selected_subjects,isot_fake_86,chara,0.56,28,653
2025-12-21 07:14:03,Qwen/Qwen3-8B,MMLU_selected_subjects,isot_fake_409,wordd,0.611,28,379
2025-12-21 07:16:28,Qwen/Qwen3-8B,MMLU_selected_subjects,isot_fake_860,clean,0.609,28,435
2025-12-21 07:19:12,Qwen/Qwen3-8B,MMLU_selected_subjects,isot_fake_409,chara,0.559,28,379
2025-12-21 07:21:15,Qwen/Qwen3-8B,MMLU_selected_subjects,isot_fake_860,meani,0.604,28,435
2025-12-21 07:23:57,Qwen/Qwen3-8B,MMLU_selected_subjects,isot_fake_41,clean,0.613,28,429
2025-12-21 07:26:02,Qwen/Qwen3-8B,MMLU_selected_subjects,isot_fake_860,wordd,0.574,28,435
2025-12-21 07:28:41,Qwen/Qwen3-8B,MMLU_selected_subjects,isot_fake_41,meani,0.605,28,429
2025-12-21 07:31:16,Qwen/Qwen3-8B,MMLU_selected_subjects,isot_fake_860,chara,0.556,28,435
2025-12-21 07:33:26,Qwen/Qwen3-8B,MMLU_selected_subjects,isot_fake_41,wordd,0.6,28,429
2025-12-21 07:36:15,Qwen/Qwen3-8B,MMLU_selected_subjects,isot_fake_861,clean,0.608,28,510
2025-12-21 07:38:39,Qwen/Qwen3-8B,MMLU_selected_subjects,isot_fake_41,chara,0.553,28,429
2025-12-21 07:41:13,Qwen/Qwen3-8B,MMLU_selected_subjects,isot_fake_861,meani,0.579,28,510
2025-12-21 07:43:14,Qwen/Qwen3-8B,MMLU_selected_subjects,isot_fake_410,clean,0.583,28,222
2025-12-21 07:46:11,Qwen/Qwen3-8B,MMLU_selected_subjects,isot_fake_861,wordd,0.59,28,510
2025-12-21 07:47:49,Qwen/Qwen3-8B,MMLU_selected_subjects,isot_fake_410,meani,0.594,28,222
2025-12-21 07:51:35,Qwen/Qwen3-8B,MMLU_selected_subjects,isot_fake_861,chara,0.538,28,510
2025-12-21 07:52:25,Qwen/Qwen3-8B,MMLU_selected_subjects,isot_fake_410,wordd,0.576,28,222
2025-12-21 07:56:30,Qwen/Qwen3-8B,MMLU_selected_subjects,isot_fake_862,clean,0.612,28,585
2025-12-21 07:57:12,Qwen/Qwen3-8B,MMLU_selected_subjects,isot_fake_410,chara,0.547,28,222
2025-12-21 08:01:24,Qwen/Qwen3-8B,MMLU_selected_subjects,isot_fake_862,meani,0.592,28,585
2025-12-21 08:02:10,Qwen/Qwen3-8B,MMLU_selected_subjects,isot_fake_411,clean,0.604,28,709
2025-12-21 08:06:19,Qwen/Qwen3-8B,MMLU_selected_subjects,isot_fake_862,wordd,0.567,28,585
2025-12-21 08:07:08,Qwen/Qwen3-8B,MMLU_selected_subjects,isot_fake_411,meani,0.603,28,709
2025-12-21 08:11:49,Qwen/Qwen3-8B,MMLU_selected_subjects,isot_fake_862,chara,0.537,28,585
2025-12-21 08:12:06,Qwen/Qwen3-8B,MMLU_selected_subjects,isot_fake_411,wordd,0.601,28,709
2025-12-21 08:16:48,Qwen/Qwen3-8B,MMLU_selected_subjects,isot_fake_863,clean,0.626,28,574
2025-12-21 08:17:47,Qwen/Qwen3-8B,MMLU_selected_subjects,isot_fake_411,chara,0.512,28,709
2025-12-21 08:21:46,Qwen/Qwen3-8B,MMLU_selected_subjects,isot_fake_863,meani,0.582,28,574
2025-12-21 08:23:02,Qwen/Qwen3-8B,MMLU_selected_subjects,isot_fake_412,clean,0.622,28,793
2025-12-21 08:26:43,Qwen/Qwen3-8B,MMLU_selected_subjects,isot_fake_863,wordd,0.575,28,574
2025-12-21 08:28:16,Qwen/Qwen3-8B,MMLU_selected_subjects,isot_fake_412,meani,0.6,28,793
2025-12-21 08:32:13,Qwen/Qwen3-8B,MMLU_selected_subjects,isot_fake_863,chara,0.525,28,574
2025-12-21 08:33:31,Qwen/Qwen3-8B,MMLU_selected_subjects,isot_fake_412,wordd,0.579,28,793
2025-12-21 08:36:51,Qwen/Qwen3-8B,MMLU_selected_subjects,isot_fake_864,clean,0.595,28,245
2025-12-21 08:39:30,Qwen/Qwen3-8B,MMLU_selected_subjects,isot_fake_412,chara,0.535,28,793
2025-12-21 08:41:28,Qwen/Qwen3-8B,MMLU_selected_subjects,isot_fake_864,meani,0.574,28,245
2025-12-21 08:44:41,Qwen/Qwen3-8B,MMLU_selected_subjects,isot_fake_413,clean,0.624,28,715
2025-12-21 08:46:05,Qwen/Qwen3-8B,MMLU_selected_subjects,isot_fake_864,wordd,0.601,28,245
2025-12-21 08:49:49,Qwen/Qwen3-8B,MMLU_selected_subjects,isot_fake_413,meani,0.609,28,715
2025-12-21 08:50:54,Qwen/Qwen3-8B,MMLU_selected_subjects,isot_fake_864,chara,0.552,28,245
2025-12-21 08:54:58,Qwen/Qwen3-8B,MMLU_selected_subjects,isot_fake_413,wordd,0.574,28,715
2025-12-21 08:55:56,Qwen/Qwen3-8B,MMLU_selected_subjects,isot_fake_865,clean,0.581,28,780
2025-12-21 09:00:45,Qwen/Qwen3-8B,MMLU_selected_subjects,isot_fake_413,chara,0.539,28,715
2025-12-21 09:00:58,Qwen/Qwen3-8B,MMLU_selected_subjects,isot_fake_865,meani,0.581,28,780
2025-12-21 09:05:51,Qwen/Qwen3-8B,MMLU_selected_subjects,isot_fake_414,clean,0.62,28,709
2025-12-21 09:05:59,Qwen/Qwen3-8B,MMLU_selected_subjects,isot_fake_865,wordd,0.57,28,780
2025-12-21 09:10:54,Qwen/Qwen3-8B,MMLU_selected_subjects,isot_fake_414,meani,0.623,28,709
2025-12-21 09:11:53,Qwen/Qwen3-8B,MMLU_selected_subjects,isot_fake_865,chara,0.535,28,780
2025-12-21 09:15:58,Qwen/Qwen3-8B,MMLU_selected_subjects,isot_fake_414,wordd,0.595,28,709
2025-12-21 09:16:42,Qwen/Qwen3-8B,MMLU_selected_subjects,isot_fake_866,clean,0.618,28,360
2025-12-21 09:21:28,Qwen/Qwen3-8B,MMLU_selected_subjects,isot_fake_866,meani,0.607,28,360
2025-12-21 09:21:41,Qwen/Qwen3-8B,MMLU_selected_subjects,isot_fake_414,chara,0.523,28,709
2025-12-21 09:26:15,Qwen/Qwen3-8B,MMLU_selected_subjects,isot_fake_866,wordd,0.597,28,360
2025-12-21 09:26:38,Qwen/Qwen3-8B,MMLU_selected_subjects,isot_fake_415,clean,0.619,28,403
2025-12-21 09:31:23,Qwen/Qwen3-8B,MMLU_selected_subjects,isot_fake_866,chara,0.541,28,360
2025-12-21 09:31:36,Qwen/Qwen3-8B,MMLU_selected_subjects,isot_fake_415,meani,0.606,28,403
2025-12-21 09:36:11,Qwen/Qwen3-8B,MMLU_selected_subjects,isot_fake_867,clean,0.576,28,488
2025-12-21 09:36:32,Qwen/Qwen3-8B,MMLU_selected_subjects,isot_fake_415,wordd,0.605,28,403
2025-12-21 09:40:58,Qwen/Qwen3-8B,MMLU_selected_subjects,isot_fake_867,meani,0.57,28,488
2025-12-21 09:41:46,Qwen/Qwen3-8B,MMLU_selected_subjects,isot_fake_415,chara,0.556,28,403
2025-12-21 09:45:44,Qwen/Qwen3-8B,MMLU_selected_subjects,isot_fake_867,wordd,0.55,28,488
2025-12-21 09:46:34,Qwen/Qwen3-8B,MMLU_selected_subjects,isot_fake_416,clean,0.615,28,347
2025-12-21 09:51:03,Qwen/Qwen3-8B,MMLU_selected_subjects,isot_fake_867,chara,0.563,28,488
2025-12-21 09:51:22,Qwen/Qwen3-8B,MMLU_selected_subjects,isot_fake_416,meani,0.596,28,347
2025-12-21 09:56:09,Qwen/Qwen3-8B,MMLU_selected_subjects,isot_fake_416,wordd,0.589,28,347
2025-12-21 09:56:12,Qwen/Qwen3-8B,MMLU_selected_subjects,isot_fake_868,clean,0.599,28,792
2025-12-21 10:01:15,Qwen/Qwen3-8B,MMLU_selected_subjects,isot_fake_416,chara,0.511,28,347
2025-12-21 10:01:21,Qwen/Qwen3-8B,MMLU_selected_subjects,isot_fake_868,meani,0.607,28,792
2025-12-21 10:05:50,Qwen/Qwen3-8B,MMLU_selected_subjects,isot_fake_417,clean,0.575,28,247
2025-12-21 10:06:30,Qwen/Qwen3-8B,MMLU_selected_subjects,isot_fake_868,wordd,0.589,28,792
2025-12-21 10:10:25,Qwen/Qwen3-8B,MMLU_selected_subjects,isot_fake_417,meani,0.584,28,247
2025-12-21 10:12:24,Qwen/Qwen3-8B,MMLU_selected_subjects,isot_fake_868,chara,0.517,28,792
2025-12-21 10:14:59,Qwen/Qwen3-8B,MMLU_selected_subjects,isot_fake_417,wordd,0.6,28,247
2025-12-21 10:17:37,Qwen/Qwen3-8B,MMLU_selected_subjects,isot_fake_869,clean,0.595,28,716
2025-12-21 10:19:49,Qwen/Qwen3-8B,MMLU_selected_subjects,isot_fake_417,chara,0.507,28,247
2025-12-21 10:22:51,Qwen/Qwen3-8B,MMLU_selected_subjects,isot_fake_869,meani,0.597,28,716
2025-12-21 10:24:35,Qwen/Qwen3-8B,MMLU_selected_subjects,isot_fake_418,clean,0.561,28,409
2025-12-21 10:28:04,Qwen/Qwen3-8B,MMLU_selected_subjects,isot_fake_869,wordd,0.604,28,716
2025-12-21 10:29:19,Qwen/Qwen3-8B,MMLU_selected_subjects,isot_fake_418,meani,0.544,28,409
2025-12-21 10:34:01,Qwen/Qwen3-8B,MMLU_selected_subjects,isot_fake_869,chara,0.504,28,716
2025-12-21 10:34:03,Qwen/Qwen3-8B,MMLU_selected_subjects,isot_fake_418,wordd,0.577,28,409
2025-12-21 10:38:44,Qwen/Qwen3-8B,MMLU_selected_subjects,isot_fake_87,clean,0.56,28,363
2025-12-21 10:39:12,Qwen/Qwen3-8B,MMLU_selected_subjects,isot_fake_418,chara,0.54,28,409
2025-12-21 10:43:26,Qwen/Qwen3-8B,MMLU_selected_subjects,isot_fake_87,meani,0.594,28,363
2025-12-21 10:43:47,Qwen/Qwen3-8B,MMLU_selected_subjects,isot_fake_419,clean,0.6,28,234
2025-12-21 10:48:09,Qwen/Qwen3-8B,MMLU_selected_subjects,isot_fake_87,wordd,0.586,28,363
2025-12-21 10:48:22,Qwen/Qwen3-8B,MMLU_selected_subjects,isot_fake_419,meani,0.547,28,234
2025-12-21 10:52:57,Qwen/Qwen3-8B,MMLU_selected_subjects,isot_fake_419,wordd,0.559,28,234
2025-12-21 10:53:17,Qwen/Qwen3-8B,MMLU_selected_subjects,isot_fake_87,chara,0.539,28,363
2025-12-21 10:57:45,Qwen/Qwen3-8B,MMLU_selected_subjects,isot_fake_419,chara,0.57,28,234
2025-12-21 10:58:23,Qwen/Qwen3-8B,MMLU_selected_subjects,isot_fake_870,clean,0.623,28,769
2025-12-21 11:02:20,Qwen/Qwen3-8B,MMLU_selected_subjects,isot_fake_42,clean,0.599,28,244
2025-12-21 11:03:30,Qwen/Qwen3-8B,MMLU_selected_subjects,isot_fake_870,meani,0.609,28,769
2025-12-21 11:06:53,Qwen/Qwen3-8B,MMLU_selected_subjects,isot_fake_42,meani,0.606,28,244
2025-12-21 11:08:36,Qwen/Qwen3-8B,MMLU_selected_subjects,isot_fake_870,wordd,0.557,28,769
2025-12-21 11:11:27,Qwen/Qwen3-8B,MMLU_selected_subjects,isot_fake_42,wordd,0.603,28,244
2025-12-21 11:14:26,Qwen/Qwen3-8B,MMLU_selected_subjects,isot_fake_870,chara,0.551,28,769
2025-12-21 11:16:16,Qwen/Qwen3-8B,MMLU_selected_subjects,isot_fake_42,chara,0.549,28,244
2025-12-21 11:19:33,Qwen/Qwen3-8B,MMLU_selected_subjects,isot_fake_871,clean,0.585,28,745
2025-12-21 11:21:21,Qwen/Qwen3-8B,MMLU_selected_subjects,isot_fake_420,clean,0.599,28,784
2025-12-21 11:24:40,Qwen/Qwen3-8B,MMLU_selected_subjects,isot_fake_871,meani,0.573,28,745
2025-12-21 11:26:26,Qwen/Qwen3-8B,MMLU_selected_subjects,isot_fake_420,meani,0.605,28,784
2025-12-21 11:29:46,Qwen/Qwen3-8B,MMLU_selected_subjects,isot_fake_871,wordd,0.568,28,745
2025-12-21 11:31:31,Qwen/Qwen3-8B,MMLU_selected_subjects,isot_fake_420,wordd,0.584,28,784
2025-12-21 11:35:36,Qwen/Qwen3-8B,MMLU_selected_subjects,isot_fake_871,chara,0.541,28,745
2025-12-21 11:37:21,Qwen/Qwen3-8B,MMLU_selected_subjects,isot_fake_420,chara,0.545,28,784
2025-12-21 11:40:39,Qwen/Qwen3-8B,MMLU_selected_subjects,isot_fake_872,clean,0.603,28,543
2025-12-21 11:42:17,Qwen/Qwen3-8B,MMLU_selected_subjects,isot_fake_421,clean,0.623,28,566
2025-12-21 11:45:41,Qwen/Qwen3-8B,MMLU_selected_subjects,isot_fake_872,meani,0.598,28,543
2025-12-21 11:47:13,Qwen/Qwen3-8B,MMLU_selected_subjects,isot_fake_421,meani,0.602,28,566
2025-12-21 11:50:44,Qwen/Qwen3-8B,MMLU_selected_subjects,isot_fake_872,wordd,0.592,28,543
2025-12-21 11:52:08,Qwen/Qwen3-8B,MMLU_selected_subjects,isot_fake_421,wordd,0.576,28,566
2025-12-21 11:56:16,Qwen/Qwen3-8B,MMLU_selected_subjects,isot_fake_872,chara,0.527,28,543
2025-12-21 11:57:35,Qwen/Qwen3-8B,MMLU_selected_subjects,isot_fake_421,chara,0.552,28,566
2025-12-21 12:00:57,Qwen/Qwen3-8B,MMLU_selected_subjects,isot_fake_873,clean,0.6,28,312
2025-12-21 12:02:14,Qwen/Qwen3-8B,MMLU_selected_subjects,isot_fake_422,clean,0.593,28,314
2025-12-21 12:05:37,Qwen/Qwen3-8B,MMLU_selected_subjects,isot_fake_873,meani,0.587,28,312
2025-12-21 12:06:53,Qwen/Qwen3-8B,MMLU_selected_subjects,isot_fake_422,meani,0.607,28,314
2025-12-21 12:10:18,Qwen/Qwen3-8B,MMLU_selected_subjects,isot_fake_873,wordd,0.577,28,312
2025-12-21 12:11:32,Qwen/Qwen3-8B,MMLU_selected_subjects,isot_fake_422,wordd,0.599,28,314
2025-12-21 12:15:18,Qwen/Qwen3-8B,MMLU_selected_subjects,isot_fake_873,chara,0.564,28,312
2025-12-21 12:16:30,Qwen/Qwen3-8B,MMLU_selected_subjects,isot_fake_422,chara,0.523,28,314
2025-12-21 12:20:11,Qwen/Qwen3-8B,MMLU_selected_subjects,isot_fake_874,clean,0.597,28,558
2025-12-21 12:21:18,Qwen/Qwen3-8B,MMLU_selected_subjects,isot_fake_423,clean,0.553,28,496
2025-12-21 12:25:03,Qwen/Qwen3-8B,MMLU_selected_subjects,isot_fake_874,meani,0.593,28,558
2025-12-21 12:26:04,Qwen/Qwen3-8B,MMLU_selected_subjects,isot_fake_423,meani,0.6,28,496
2025-12-21 12:29:54,Qwen/Qwen3-8B,MMLU_selected_subjects,isot_fake_874,wordd,0.588,28,558
2025-12-21 12:30:51,Qwen/Qwen3-8B,MMLU_selected_subjects,isot_fake_423,wordd,0.581,28,496
2025-12-21 12:35:21,Qwen/Qwen3-8B,MMLU_selected_subjects,isot_fake_874,chara,0.521,28,558
2025-12-21 12:36:09,Qwen/Qwen3-8B,MMLU_selected_subjects,isot_fake_423,chara,0.539,28,496
2025-12-21 12:40:16,Qwen/Qwen3-8B,MMLU_selected_subjects,isot_fake_875,clean,0.638,28,479
2025-12-21 12:40:56,Qwen/Qwen3-8B,MMLU_selected_subjects,isot_fake_424,clean,0.61,28,526
2025-12-21 12:45:11,Qwen/Qwen3-8B,MMLU_selected_subjects,isot_fake_875,meani,0.609,28,479
2025-12-21 12:45:43,Qwen/Qwen3-8B,MMLU_selected_subjects,isot_fake_424,meani,0.594,28,526
2025-12-21 12:50:05,Qwen/Qwen3-8B,MMLU_selected_subjects,isot_fake_875,wordd,0.583,28,479
2025-12-21 12:50:30,Qwen/Qwen3-8B,MMLU_selected_subjects,isot_fake_424,wordd,0.576,28,526
2025-12-21 12:55:26,Qwen/Qwen3-8B,MMLU_selected_subjects,isot_fake_875,chara,0.526,28,479
2025-12-21 12:55:51,Qwen/Qwen3-8B,MMLU_selected_subjects,isot_fake_424,chara,0.564,28,526
2025-12-21 13:00:28,Qwen/Qwen3-8B,MMLU_selected_subjects,isot_fake_876,clean,0.606,28,691
2025-12-21 13:00:40,Qwen/Qwen3-8B,MMLU_selected_subjects,isot_fake_425,clean,0.607,28,501
2025-12-21 13:05:28,Qwen/Qwen3-8B,MMLU_selected_subjects,isot_fake_425,meani,0.597,28,501
2025-12-21 13:05:28,Qwen/Qwen3-8B,MMLU_selected_subjects,isot_fake_876,meani,0.606,28,691
2025-12-21 13:10:17,Qwen/Qwen3-8B,MMLU_selected_subjects,isot_fake_425,wordd,0.588,28,501
2025-12-21 13:10:28,Qwen/Qwen3-8B,MMLU_selected_subjects,isot_fake_876,wordd,0.577,28,691
2025-12-21 13:15:36,Qwen/Qwen3-8B,MMLU_selected_subjects,isot_fake_425,chara,0.538,28,501
2025-12-21 13:16:09,Qwen/Qwen3-8B,MMLU_selected_subjects,isot_fake_876,chara,0.529,28,691
2025-12-21 13:20:09,Qwen/Qwen3-8B,MMLU_selected_subjects,isot_fake_426,clean,0.592,28,208
2025-12-21 13:20:47,Qwen/Qwen3-8B,MMLU_selected_subjects,isot_fake_877,clean,0.581,28,270
2025-12-21 13:24:42,Qwen/Qwen3-8B,MMLU_selected_subjects,isot_fake_426,meani,0.595,28,208
2025-12-21 13:25:25,Qwen/Qwen3-8B,MMLU_selected_subjects,isot_fake_877,meani,0.594,28,270
2025-12-21 13:29:15,Qwen/Qwen3-8B,MMLU_selected_subjects,isot_fake_426,wordd,0.571,28,208
2025-12-21 13:30:02,Qwen/Qwen3-8B,MMLU_selected_subjects,isot_fake_877,wordd,0.588,28,270
2025-12-21 13:33:59,Qwen/Qwen3-8B,MMLU_selected_subjects,isot_fake_426,chara,0.566,28,208
2025-12-21 13:34:54,Qwen/Qwen3-8B,MMLU_selected_subjects,isot_fake_877,chara,0.549,28,270
2025-12-21 13:38:54,Qwen/Qwen3-8B,MMLU_selected_subjects,isot_fake_427,clean,0.61,28,516
2025-12-21 13:40:02,Qwen/Qwen3-8B,MMLU_selected_subjects,isot_fake_878,clean,0.607,28,752
2025-12-21 13:43:49,Qwen/Qwen3-8B,MMLU_selected_subjects,isot_fake_427,meani,0.591,28,516
2025-12-21 13:45:07,Qwen/Qwen3-8B,MMLU_selected_subjects,isot_fake_878,meani,0.603,28,752
2025-12-21 13:48:42,Qwen/Qwen3-8B,MMLU_selected_subjects,isot_fake_427,wordd,0.582,28,516
2025-12-21 13:50:14,Qwen/Qwen3-8B,MMLU_selected_subjects,isot_fake_878,wordd,0.594,28,752
2025-12-21 13:54:05,Qwen/Qwen3-8B,MMLU_selected_subjects,isot_fake_427,chara,0.541,28,516
2025-12-21 13:56:08,Qwen/Qwen3-8B,MMLU_selected_subjects,isot_fake_878,chara,0.531,28,752
2025-12-21 13:59:05,Qwen/Qwen3-8B,MMLU_selected_subjects,isot_fake_428,clean,0.595,28,643
2025-12-21 14:01:00,Qwen/Qwen3-8B,MMLU_selected_subjects,isot_fake_879,clean,0.593,28,558
2025-12-21 14:04:03,Qwen/Qwen3-8B,MMLU_selected_subjects,isot_fake_428,meani,0.594,28,643
2025-12-21 14:05:51,Qwen/Qwen3-8B,MMLU_selected_subjects,isot_fake_879,meani,0.59,28,558
2025-12-21 14:09:02,Qwen/Qwen3-8B,MMLU_selected_subjects,isot_fake_428,wordd,0.545,28,643
2025-12-21 14:10:42,Qwen/Qwen3-8B,MMLU_selected_subjects,isot_fake_879,wordd,0.571,28,558
2025-12-21 14:14:35,Qwen/Qwen3-8B,MMLU_selected_subjects,isot_fake_428,chara,0.552,28,643
2025-12-21 14:16:07,Qwen/Qwen3-8B,MMLU_selected_subjects,isot_fake_879,chara,0.552,28,558
2025-12-21 14:19:22,Qwen/Qwen3-8B,MMLU_selected_subjects,isot_fake_429,clean,0.542,28,465
2025-12-21 14:21:22,Qwen/Qwen3-8B,MMLU_selected_subjects,isot_fake_88,clean,0.592,28,778
2025-12-21 14:24:08,Qwen/Qwen3-8B,MMLU_selected_subjects,isot_fake_429,meani,0.58,28,465
2025-12-21 14:26:35,Qwen/Qwen3-8B,MMLU_selected_subjects,isot_fake_88,meani,0.575,28,778
2025-12-21 14:28:53,Qwen/Qwen3-8B,MMLU_selected_subjects,isot_fake_429,wordd,0.586,28,465
2025-12-21 14:31:49,Qwen/Qwen3-8B,MMLU_selected_subjects,isot_fake_88,wordd,0.563,28,778
2025-12-21 14:34:07,Qwen/Qwen3-8B,MMLU_selected_subjects,isot_fake_429,chara,0.554,28,465
2025-12-21 14:37:43,Qwen/Qwen3-8B,MMLU_selected_subjects,isot_fake_88,chara,0.537,28,778
2025-12-21 14:38:47,Qwen/Qwen3-8B,MMLU_selected_subjects,isot_fake_43,clean,0.606,28,211
2025-12-21 14:42:39,Qwen/Qwen3-8B,MMLU_selected_subjects,isot_fake_880,clean,0.609,28,536
2025-12-21 14:43:28,Qwen/Qwen3-8B,MMLU_selected_subjects,isot_fake_43,meani,0.626,28,211
2025-12-21 14:47:33,Qwen/Qwen3-8B,MMLU_selected_subjects,isot_fake_880,meani,0.585,28,536
2025-12-21 14:48:09,Qwen/Qwen3-8B,MMLU_selected_subjects,isot_fake_43,wordd,0.604,28,211
2025-12-21 14:52:28,Qwen/Qwen3-8B,MMLU_selected_subjects,isot_fake_880,wordd,0.582,28,536
2025-12-21 14:52:59,Qwen/Qwen3-8B,MMLU_selected_subjects,isot_fake_43,chara,0.526,28,211
2025-12-21 14:57:54,Qwen/Qwen3-8B,MMLU_selected_subjects,isot_fake_880,chara,0.557,28,536
2025-12-21 14:57:54,Qwen/Qwen3-8B,MMLU_selected_subjects,isot_fake_430,clean,0.594,28,632
2025-12-21 15:02:51,Qwen/Qwen3-8B,MMLU_selected_subjects,isot_fake_430,meani,0.571,28,632
2025-12-21 15:02:57,Qwen/Qwen3-8B,MMLU_selected_subjects,isot_fake_881,clean,0.592,28,740
2025-12-21 15:07:47,Qwen/Qwen3-8B,MMLU_selected_subjects,isot_fake_430,wordd,0.56,28,632
2025-12-21 15:07:59,Qwen/Qwen3-8B,MMLU_selected_subjects,isot_fake_881,meani,0.564,28,740
2025-12-21 15:13:01,Qwen/Qwen3-8B,MMLU_selected_subjects,isot_fake_881,wordd,0.579,28,740
2025-12-21 15:13:23,Qwen/Qwen3-8B,MMLU_selected_subjects,isot_fake_430,chara,0.559,28,632
2025-12-21 15:18:05,Qwen/Qwen3-8B,MMLU_selected_subjects,isot_fake_431,clean,0.615,28,327
2025-12-21 15:18:52,Qwen/Qwen3-8B,MMLU_selected_subjects,isot_fake_881,chara,0.507,28,740
2025-12-21 15:22:48,Qwen/Qwen3-8B,MMLU_selected_subjects,isot_fake_431,meani,0.597,28,327
2025-12-21 15:24:05,Qwen/Qwen3-8B,MMLU_selected_subjects,isot_fake_882,clean,0.617,28,759
2025-12-21 15:27:31,Qwen/Qwen3-8B,MMLU_selected_subjects,isot_fake_431,wordd,0.601,28,327
2025-12-21 15:29:19,Qwen/Qwen3-8B,MMLU_selected_subjects,isot_fake_882,meani,0.61,28,759
2025-12-21 15:32:32,Qwen/Qwen3-8B,MMLU_selected_subjects,isot_fake_431,chara,0.517,28,327
2025-12-21 15:34:32,Qwen/Qwen3-8B,MMLU_selected_subjects,isot_fake_882,wordd,0.582,28,759
2025-12-21 15:37:15,Qwen/Qwen3-8B,MMLU_selected_subjects,isot_fake_432,clean,0.61,28,215
2025-12-21 15:40:26,Qwen/Qwen3-8B,MMLU_selected_subjects,isot_fake_882,chara,0.552,28,759
2025-12-21 15:41:58,Qwen/Qwen3-8B,MMLU_selected_subjects,isot_fake_432,meani,0.623,28,215
2025-12-21 15:45:24,Qwen/Qwen3-8B,MMLU_selected_subjects,isot_fake_883,clean,0.632,28,506
2025-12-21 15:46:41,Qwen/Qwen3-8B,MMLU_selected_subjects,isot_fake_432,wordd,0.605,28,215
2025-12-21 15:50:22,Qwen/Qwen3-8B,MMLU_selected_subjects,isot_fake_883,meani,0.592,28,506
2025-12-21 15:51:31,Qwen/Qwen3-8B,MMLU_selected_subjects,isot_fake_432,chara,0.553,28,215
2025-12-21 15:55:19,Qwen/Qwen3-8B,MMLU_selected_subjects,isot_fake_883,wordd,0.589,28,506
2025-12-21 15:56:43,Qwen/Qwen3-8B,MMLU_selected_subjects,isot_fake_433,clean,0.603,28,785
2025-12-21 16:00:42,Qwen/Qwen3-8B,MMLU_selected_subjects,isot_fake_883,chara,0.559,28,506
2025-12-21 16:01:53,Qwen/Qwen3-8B,MMLU_selected_subjects,isot_fake_433,meani,0.61,28,785
2025-12-21 16:05:54,Qwen/Qwen3-8B,MMLU_selected_subjects,isot_fake_884,clean,0.594,28,787
2025-12-21 16:07:04,Qwen/Qwen3-8B,MMLU_selected_subjects,isot_fake_433,wordd,0.588,28,785
2025-12-21 16:11:05,Qwen/Qwen3-8B,MMLU_selected_subjects,isot_fake_884,meani,0.553,28,787
2025-12-21 16:12:58,Qwen/Qwen3-8B,MMLU_selected_subjects,isot_fake_433,chara,0.522,28,785
2025-12-21 16:16:17,Qwen/Qwen3-8B,MMLU_selected_subjects,isot_fake_884,wordd,0.559,28,787
2025-12-21 16:17:31,Qwen/Qwen3-8B,MMLU_selected_subjects,isot_fake_434,clean,0.606,28,200
2025-12-21 16:22:04,Qwen/Qwen3-8B,MMLU_selected_subjects,isot_fake_434,meani,0.592,28,200
2025-12-21 16:22:12,Qwen/Qwen3-8B,MMLU_selected_subjects,isot_fake_884,chara,0.545,28,787
2025-12-21 16:26:35,Qwen/Qwen3-8B,MMLU_selected_subjects,isot_fake_434,wordd,0.585,28,200
2025-12-21 16:26:57,Qwen/Qwen3-8B,MMLU_selected_subjects,isot_fake_885,clean,0.6,28,386
2025-12-21 16:31:19,Qwen/Qwen3-8B,MMLU_selected_subjects,isot_fake_434,chara,0.55,28,200
2025-12-21 16:31:40,Qwen/Qwen3-8B,MMLU_selected_subjects,isot_fake_885,meani,0.607,28,386
2025-12-21 16:36:18,Qwen/Qwen3-8B,MMLU_selected_subjects,isot_fake_435,clean,0.592,28,737
2025-12-21 16:36:23,Qwen/Qwen3-8B,MMLU_selected_subjects,isot_fake_885,wordd,0.57,28,386
2025-12-21 16:41:17,Qwen/Qwen3-8B,MMLU_selected_subjects,isot_fake_435,meani,0.582,28,737
2025-12-21 16:41:31,Qwen/Qwen3-8B,MMLU_selected_subjects,isot_fake_885,chara,0.52,28,386
2025-12-21 16:46:17,Qwen/Qwen3-8B,MMLU_selected_subjects,isot_fake_435,wordd,0.552,28,737
2025-12-21 16:46:38,Qwen/Qwen3-8B,MMLU_selected_subjects,isot_fake_886,clean,0.607,28,681
2025-12-21 16:51:43,Qwen/Qwen3-8B,MMLU_selected_subjects,isot_fake_886,meani,0.61,28,681
2025-12-21 16:52:00,Qwen/Qwen3-8B,MMLU_selected_subjects,isot_fake_435,chara,0.503,28,737
2025-12-21 16:56:48,Qwen/Qwen3-8B,MMLU_selected_subjects,isot_fake_886,wordd,0.586,28,681
2025-12-21 16:56:58,Qwen/Qwen3-8B,MMLU_selected_subjects,isot_fake_436,clean,0.603,28,654
2025-12-21 17:01:55,Qwen/Qwen3-8B,MMLU_selected_subjects,isot_fake_436,meani,0.549,28,654
2025-12-21 17:02:29,Qwen/Qwen3-8B,MMLU_selected_subjects,isot_fake_886,chara,0.507,28,681
2025-12-21 17:06:52,Qwen/Qwen3-8B,MMLU_selected_subjects,isot_fake_436,wordd,0.567,28,654
2025-12-21 17:07:20,Qwen/Qwen3-8B,MMLU_selected_subjects,isot_fake_887,clean,0.604,28,550
2025-12-21 17:12:10,Qwen/Qwen3-8B,MMLU_selected_subjects,isot_fake_887,meani,0.604,28,550
2025-12-21 17:12:27,Qwen/Qwen3-8B,MMLU_selected_subjects,isot_fake_436,chara,0.575,28,654
2025-12-21 17:16:59,Qwen/Qwen3-8B,MMLU_selected_subjects,isot_fake_887,wordd,0.61,28,550
2025-12-21 17:17:04,Qwen/Qwen3-8B,MMLU_selected_subjects,isot_fake_437,clean,0.624,28,212
2025-12-21 17:21:41,Qwen/Qwen3-8B,MMLU_selected_subjects,isot_fake_437,meani,0.595,28,212
2025-12-21 17:22:23,Qwen/Qwen3-8B,MMLU_selected_subjects,isot_fake_887,chara,0.545,28,550
2025-12-21 17:26:18,Qwen/Qwen3-8B,MMLU_selected_subjects,isot_fake_437,wordd,0.582,28,212
2025-12-21 17:27:02,Qwen/Qwen3-8B,MMLU_selected_subjects,isot_fake_888,clean,0.595,28,305
2025-12-21 17:31:06,Qwen/Qwen3-8B,MMLU_selected_subjects,isot_fake_437,chara,0.532,28,212
2025-12-21 17:31:40,Qwen/Qwen3-8B,MMLU_selected_subjects,isot_fake_888,meani,0.602,28,305
2025-12-21 17:35:45,Qwen/Qwen3-8B,MMLU_selected_subjects,isot_fake_438,clean,0.595,28,334
2025-12-21 17:36:19,Qwen/Qwen3-8B,MMLU_selected_subjects,isot_fake_888,wordd,0.608,28,305
2025-12-21 17:40:24,Qwen/Qwen3-8B,MMLU_selected_subjects,isot_fake_438,meani,0.563,28,334
2025-12-21 17:41:16,Qwen/Qwen3-8B,MMLU_selected_subjects,isot_fake_888,chara,0.535,28,305
2025-12-21 17:45:03,Qwen/Qwen3-8B,MMLU_selected_subjects,isot_fake_438,wordd,0.573,28,334
2025-12-21 17:46:22,Qwen/Qwen3-8B,MMLU_selected_subjects,isot_fake_889,clean,0.609,28,730
2025-12-21 17:50:04,Qwen/Qwen3-8B,MMLU_selected_subjects,isot_fake_438,chara,0.491,28,334
2025-12-21 17:51:29,Qwen/Qwen3-8B,MMLU_selected_subjects,isot_fake_889,meani,0.602,28,730
2025-12-21 17:55:00,Qwen/Qwen3-8B,MMLU_selected_subjects,isot_fake_439,clean,0.617,28,490
2025-12-21 17:56:35,Qwen/Qwen3-8B,MMLU_selected_subjects,isot_fake_889,wordd,0.597,28,730
2025-12-21 17:59:54,Qwen/Qwen3-8B,MMLU_selected_subjects,isot_fake_439,meani,0.622,28,490
2025-12-21 18:02:27,Qwen/Qwen3-8B,MMLU_selected_subjects,isot_fake_889,chara,0.556,28,730
2025-12-21 18:04:49,Qwen/Qwen3-8B,MMLU_selected_subjects,isot_fake_439,wordd,0.584,28,490
2025-12-21 18:07:21,Qwen/Qwen3-8B,MMLU_selected_subjects,isot_fake_89,clean,0.587,28,599
2025-12-21 18:10:11,Qwen/Qwen3-8B,MMLU_selected_subjects,isot_fake_439,chara,0.551,28,490
2025-12-21 18:12:14,Qwen/Qwen3-8B,MMLU_selected_subjects,isot_fake_89,meani,0.626,28,599
2025-12-21 18:14:52,Qwen/Qwen3-8B,MMLU_selected_subjects,isot_fake_44,clean,0.599,28,335
2025-12-21 18:17:07,Qwen/Qwen3-8B,MMLU_selected_subjects,isot_fake_89,wordd,0.592,28,599
2025-12-21 18:19:31,Qwen/Qwen3-8B,MMLU_selected_subjects,isot_fake_44,meani,0.603,28,335
2025-12-21 18:22:39,Qwen/Qwen3-8B,MMLU_selected_subjects,isot_fake_89,chara,0.557,28,599
2025-12-21 18:24:10,Qwen/Qwen3-8B,MMLU_selected_subjects,isot_fake_44,wordd,0.609,28,335
2025-12-21 18:27:42,Qwen/Qwen3-8B,MMLU_selected_subjects,isot_fake_890,clean,0.613,28,733
2025-12-21 18:29:08,Qwen/Qwen3-8B,MMLU_selected_subjects,isot_fake_44,chara,0.53,28,335
2025-12-21 18:32:43,Qwen/Qwen3-8B,MMLU_selected_subjects,isot_fake_890,meani,0.599,28,733
2025-12-21 18:33:58,Qwen/Qwen3-8B,MMLU_selected_subjects,isot_fake_440,clean,0.599,28,529
2025-12-21 18:37:45,Qwen/Qwen3-8B,MMLU_selected_subjects,isot_fake_890,wordd,0.563,28,733
2025-12-21 18:38:48,Qwen/Qwen3-8B,MMLU_selected_subjects,isot_fake_440,meani,0.593,28,529
2025-12-21 18:43:30,Qwen/Qwen3-8B,MMLU_selected_subjects,isot_fake_890,chara,0.516,28,733
2025-12-21 18:43:38,Qwen/Qwen3-8B,MMLU_selected_subjects,isot_fake_440,wordd,0.595,28,529
2025-12-21 18:48:27,Qwen/Qwen3-8B,MMLU_selected_subjects,isot_fake_891,clean,0.601,28,631
2025-12-21 18:49:00,Qwen/Qwen3-8B,MMLU_selected_subjects,isot_fake_440,chara,0.538,28,529
2025-12-21 18:53:22,Qwen/Qwen3-8B,MMLU_selected_subjects,isot_fake_891,meani,0.581,28,631
2025-12-21 18:53:54,Qwen/Qwen3-8B,MMLU_selected_subjects,isot_fake_441,clean,0.588,28,541
2025-12-21 18:58:18,Qwen/Qwen3-8B,MMLU_selected_subjects,isot_fake_891,wordd,0.591,28,631
2025-12-21 18:58:45,Qwen/Qwen3-8B,MMLU_selected_subjects,isot_fake_441,meani,0.591,28,541
2025-12-21 19:03:37,Qwen/Qwen3-8B,MMLU_selected_subjects,isot_fake_441,wordd,0.587,28,541
2025-12-21 19:03:54,Qwen/Qwen3-8B,MMLU_selected_subjects,isot_fake_891,chara,0.573,28,631
2025-12-21 19:08:45,Qwen/Qwen3-8B,MMLU_selected_subjects,isot_fake_892,clean,0.612,28,488
2025-12-21 19:09:02,Qwen/Qwen3-8B,MMLU_selected_subjects,isot_fake_441,chara,0.506,28,541
2025-12-21 19:13:35,Qwen/Qwen3-8B,MMLU_selected_subjects,isot_fake_892,meani,0.593,28,488
2025-12-21 19:13:51,Qwen/Qwen3-8B,MMLU_selected_subjects,isot_fake_442,clean,0.611,28,514
2025-12-21 19:18:26,Qwen/Qwen3-8B,MMLU_selected_subjects,isot_fake_892,wordd,0.591,28,488
2025-12-21 19:18:41,Qwen/Qwen3-8B,MMLU_selected_subjects,isot_fake_442,meani,0.615,28,514
2025-12-21 19:23:30,Qwen/Qwen3-8B,MMLU_selected_subjects,isot_fake_442,wordd,0.594,28,514
2025-12-21 19:23:45,Qwen/Qwen3-8B,MMLU_selected_subjects,isot_fake_892,chara,0.557,28,488
2025-12-21 19:28:27,Qwen/Qwen3-8B,MMLU_selected_subjects,isot_fake_893,clean,0.636,28,285
2025-12-21 19:28:50,Qwen/Qwen3-8B,MMLU_selected_subjects,isot_fake_442,chara,0.561,28,514
2025-12-21 19:33:08,Qwen/Qwen3-8B,MMLU_selected_subjects,isot_fake_893,meani,0.615,28,285
2025-12-21 19:33:37,Qwen/Qwen3-8B,MMLU_selected_subjects,isot_fake_443,clean,0.592,28,480
2025-12-21 19:37:49,Qwen/Qwen3-8B,MMLU_selected_subjects,isot_fake_893,wordd,0.609,28,285
2025-12-21 19:38:23,Qwen/Qwen3-8B,MMLU_selected_subjects,isot_fake_443,meani,0.581,28,480
2025-12-21 19:42:47,Qwen/Qwen3-8B,MMLU_selected_subjects,isot_fake_893,chara,0.546,28,285
2025-12-21 19:43:10,Qwen/Qwen3-8B,MMLU_selected_subjects,isot_fake_443,wordd,0.584,28,480
2025-12-21 19:47:33,Qwen/Qwen3-8B,MMLU_selected_subjects,isot_fake_894,clean,0.599,28,404
2025-12-21 19:48:25,Qwen/Qwen3-8B,MMLU_selected_subjects,isot_fake_443,chara,0.519,28,480
2025-12-21 19:52:18,Qwen/Qwen3-8B,MMLU_selected_subjects,isot_fake_894,meani,0.583,28,404
2025-12-21 19:53:30,Qwen/Qwen3-8B,MMLU_selected_subjects,isot_fake_444,clean,0.64,28,678
2025-12-21 19:57:04,Qwen/Qwen3-8B,MMLU_selected_subjects,isot_fake_894,wordd,0.607,28,404
2025-12-21 19:58:32,Qwen/Qwen3-8B,MMLU_selected_subjects,isot_fake_444,meani,0.596,28,678
2025-12-21 20:02:14,Qwen/Qwen3-8B,MMLU_selected_subjects,isot_fake_894,chara,0.562,28,404
2025-12-21 20:03:34,Qwen/Qwen3-8B,MMLU_selected_subjects,isot_fake_444,wordd,0.598,28,678
2025-12-21 20:07:12,Qwen/Qwen3-8B,MMLU_selected_subjects,isot_fake_895,clean,0.599,28,658
2025-12-21 20:09:15,Qwen/Qwen3-8B,MMLU_selected_subjects,isot_fake_444,chara,0.539,28,678
2025-12-21 20:12:09,Qwen/Qwen3-8B,MMLU_selected_subjects,isot_fake_895,meani,0.564,28,658
2025-12-21 20:14:17,Qwen/Qwen3-8B,MMLU_selected_subjects,isot_fake_445,clean,0.605,28,723
2025-12-21 20:17:06,Qwen/Qwen3-8B,MMLU_selected_subjects,isot_fake_895,wordd,0.55,28,658
2025-12-21 20:19:19,Qwen/Qwen3-8B,MMLU_selected_subjects,isot_fake_445,meani,0.6,28,723
2025-12-21 20:22:40,Qwen/Qwen3-8B,MMLU_selected_subjects,isot_fake_895,chara,0.527,28,658
2025-12-21 20:24:20,Qwen/Qwen3-8B,MMLU_selected_subjects,isot_fake_445,wordd,0.594,28,723
2025-12-21 20:27:19,Qwen/Qwen3-8B,MMLU_selected_subjects,isot_fake_896,clean,0.615,28,200
2025-12-21 20:30:05,Qwen/Qwen3-8B,MMLU_selected_subjects,isot_fake_445,chara,0.517,28,723
2025-12-21 20:31:58,Qwen/Qwen3-8B,MMLU_selected_subjects,isot_fake_896,meani,0.596,28,200
2025-12-21 20:35:12,Qwen/Qwen3-8B,MMLU_selected_subjects,isot_fake_446,clean,0.611,28,793
2025-12-21 20:36:37,Qwen/Qwen3-8B,MMLU_selected_subjects,isot_fake_896,wordd,0.607,28,200
2025-12-21 20:40:17,Qwen/Qwen3-8B,MMLU_selected_subjects,isot_fake_446,meani,0.568,28,793
2025-12-21 20:41:25,Qwen/Qwen3-8B,MMLU_selected_subjects,isot_fake_896,chara,0.561,28,200
2025-12-21 20:45:22,Qwen/Qwen3-8B,MMLU_selected_subjects,isot_fake_446,wordd,0.572,28,793
2025-12-21 20:46:30,Qwen/Qwen3-8B,MMLU_selected_subjects,isot_fake_897,clean,0.59,28,711
2025-12-21 20:51:12,Qwen/Qwen3-8B,MMLU_selected_subjects,isot_fake_446,chara,0.536,28,793
2025-12-21 20:51:34,Qwen/Qwen3-8B,MMLU_selected_subjects,isot_fake_897,meani,0.609,28,711
2025-12-21 20:56:01,Qwen/Qwen3-8B,MMLU_selected_subjects,isot_fake_447,clean,0.609,28,417
2025-12-21 20:56:38,Qwen/Qwen3-8B,MMLU_selected_subjects,isot_fake_897,wordd,0.601,28,711
2025-12-21 21:00:49,Qwen/Qwen3-8B,MMLU_selected_subjects,isot_fake_447,meani,0.599,28,417
2025-12-21 21:02:26,Qwen/Qwen3-8B,MMLU_selected_subjects,isot_fake_897,chara,0.515,28,711
2025-12-21 21:05:38,Qwen/Qwen3-8B,MMLU_selected_subjects,isot_fake_447,wordd,0.547,28,417
2025-12-21 21:07:12,Qwen/Qwen3-8B,MMLU_selected_subjects,isot_fake_898,clean,0.624,28,351
2025-12-21 21:10:50,Qwen/Qwen3-8B,MMLU_selected_subjects,isot_fake_447,chara,0.555,28,417
2025-12-21 21:11:56,Qwen/Qwen3-8B,MMLU_selected_subjects,isot_fake_898,meani,0.62,28,351
2025-12-21 21:15:37,Qwen/Qwen3-8B,MMLU_selected_subjects,isot_fake_448,clean,0.595,28,440
2025-12-21 21:16:42,Qwen/Qwen3-8B,MMLU_selected_subjects,isot_fake_898,wordd,0.615,28,351
2025-12-21 21:20:24,Qwen/Qwen3-8B,MMLU_selected_subjects,isot_fake_448,meani,0.625,28,440
2025-12-21 21:21:46,Qwen/Qwen3-8B,MMLU_selected_subjects,isot_fake_898,chara,0.558,28,351
2025-12-21 21:25:11,Qwen/Qwen3-8B,MMLU_selected_subjects,isot_fake_448,wordd,0.582,28,440
2025-12-21 21:26:29,Qwen/Qwen3-8B,MMLU_selected_subjects,isot_fake_899,clean,0.596,28,425
2025-12-21 21:30:23,Qwen/Qwen3-8B,MMLU_selected_subjects,isot_fake_448,chara,0.558,28,440
2025-12-21 21:31:12,Qwen/Qwen3-8B,MMLU_selected_subjects,isot_fake_899,meani,0.597,28,425
2025-12-21 21:34:55,Qwen/Qwen3-8B,MMLU_selected_subjects,isot_fake_449,clean,0.578,28,217
2025-12-21 21:35:54,Qwen/Qwen3-8B,MMLU_selected_subjects,isot_fake_899,wordd,0.6,28,425
2025-12-21 21:39:27,Qwen/Qwen3-8B,MMLU_selected_subjects,isot_fake_449,meani,0.561,28,217
2025-12-21 21:41:04,Qwen/Qwen3-8B,MMLU_selected_subjects,isot_fake_899,chara,0.549,28,425
2025-12-21 21:44:00,Qwen/Qwen3-8B,MMLU_selected_subjects,isot_fake_449,wordd,0.558,28,217
2025-12-21 21:45:45,Qwen/Qwen3-8B,MMLU_selected_subjects,isot_fake_9,clean,0.568,28,371
2025-12-21 21:48:46,Qwen/Qwen3-8B,MMLU_selected_subjects,isot_fake_449,chara,0.552,28,217
2025-12-21 21:50:27,Qwen/Qwen3-8B,MMLU_selected_subjects,isot_fake_9,meani,0.549,28,371
2025-12-21 21:53:21,Qwen/Qwen3-8B,MMLU_selected_subjects,isot_fake_45,clean,0.587,28,211
2025-12-21 21:55:08,Qwen/Qwen3-8B,MMLU_selected_subjects,isot_fake_9,wordd,0.58,28,371
2025-12-21 21:57:56,Qwen/Qwen3-8B,MMLU_selected_subjects,isot_fake_45,meani,0.576,28,211
2025-12-21 22:00:12,Qwen/Qwen3-8B,MMLU_selected_subjects,isot_fake_9,chara,0.515,28,371
2025-12-21 22:02:30,Qwen/Qwen3-8B,MMLU_selected_subjects,isot_fake_45,wordd,0.553,28,211
2025-12-21 22:04:46,Qwen/Qwen3-8B,MMLU_selected_subjects,isot_fake_90,clean,0.606,28,200
2025-12-21 22:07:14,Qwen/Qwen3-8B,MMLU_selected_subjects,isot_fake_45,chara,0.524,28,211
2025-12-21 22:09:19,Qwen/Qwen3-8B,MMLU_selected_subjects,isot_fake_90,meani,0.584,28,200
2025-12-21 22:12:11,Qwen/Qwen3-8B,MMLU_selected_subjects,isot_fake_450,clean,0.629,28,648
2025-12-21 22:13:53,Qwen/Qwen3-8B,MMLU_selected_subjects,isot_fake_90,wordd,0.598,28,200
2025-12-21 22:17:07,Qwen/Qwen3-8B,MMLU_selected_subjects,isot_fake_450,meani,0.603,28,648
2025-12-21 22:18:37,Qwen/Qwen3-8B,MMLU_selected_subjects,isot_fake_90,chara,0.518,28,200
2025-12-21 22:22:03,Qwen/Qwen3-8B,MMLU_selected_subjects,isot_fake_450,wordd,0.6,28,648
2025-12-21 22:23:44,Qwen/Qwen3-8B,MMLU_selected_subjects,isot_fake_900,clean,0.629,28,675
2025-12-21 22:27:40,Qwen/Qwen3-8B,MMLU_selected_subjects,isot_fake_450,chara,0.512,28,648
2025-12-21 22:28:51,Qwen/Qwen3-8B,MMLU_selected_subjects,isot_fake_900,meani,0.602,28,675
2025-12-21 22:32:24,Qwen/Qwen3-8B,MMLU_selected_subjects,isot_fake_451,clean,0.619,28,360
2025-12-21 22:33:57,Qwen/Qwen3-8B,MMLU_selected_subjects,isot_fake_900,wordd,0.597,28,675
2025-12-21 22:37:08,Qwen/Qwen3-8B,MMLU_selected_subjects,isot_fake_451,meani,0.605,28,360
2025-12-21 22:39:41,Qwen/Qwen3-8B,MMLU_selected_subjects,isot_fake_900,chara,0.517,28,675
2025-12-21 22:41:52,Qwen/Qwen3-8B,MMLU_selected_subjects,isot_fake_451,wordd,0.592,28,360
2025-12-21 22:44:34,Qwen/Qwen3-8B,MMLU_selected_subjects,isot_fake_901,clean,0.627,28,480
2025-12-21 22:46:58,Qwen/Qwen3-8B,MMLU_selected_subjects,isot_fake_451,chara,0.527,28,360
2025-12-21 22:49:27,Qwen/Qwen3-8B,MMLU_selected_subjects,isot_fake_901,meani,0.622,28,480
2025-12-21 22:51:40,Qwen/Qwen3-8B,MMLU_selected_subjects,isot_fake_452,clean,0.528,28,396
2025-12-21 22:54:20,Qwen/Qwen3-8B,MMLU_selected_subjects,isot_fake_901,wordd,0.609,28,480
2025-12-21 22:56:22,Qwen/Qwen3-8B,MMLU_selected_subjects,isot_fake_452,meani,0.573,28,396
2025-12-21 22:59:41,Qwen/Qwen3-8B,MMLU_selected_subjects,isot_fake_901,chara,0.558,28,480
2025-12-21 23:01:04,Qwen/Qwen3-8B,MMLU_selected_subjects,isot_fake_452,wordd,0.525,28,396
2025-12-21 23:04:25,Qwen/Qwen3-8B,MMLU_selected_subjects,isot_fake_902,clean,0.618,28,400
2025-12-21 23:06:11,Qwen/Qwen3-8B,MMLU_selected_subjects,isot_fake_452,chara,0.507,28,396
2025-12-21 23:09:08,Qwen/Qwen3-8B,MMLU_selected_subjects,isot_fake_902,meani,0.605,28,400
2025-12-21 23:10:51,Qwen/Qwen3-8B,MMLU_selected_subjects,isot_fake_453,clean,0.625,28,213
2025-12-21 23:13:52,Qwen/Qwen3-8B,MMLU_selected_subjects,isot_fake_902,wordd,0.598,28,400
2025-12-21 23:15:30,Qwen/Qwen3-8B,MMLU_selected_subjects,isot_fake_453,meani,0.615,28,213
2025-12-21 23:19:00,Qwen/Qwen3-8B,MMLU_selected_subjects,isot_fake_902,chara,0.574,28,400
2025-12-21 23:20:10,Qwen/Qwen3-8B,MMLU_selected_subjects,isot_fake_453,wordd,0.605,28,213
2025-12-21 23:23:42,Qwen/Qwen3-8B,MMLU_selected_subjects,isot_fake_903,clean,0.566,28,327
2025-12-21 23:25:01,Qwen/Qwen3-8B,MMLU_selected_subjects,isot_fake_453,chara,0.516,28,213
2025-12-21 23:28:23,Qwen/Qwen3-8B,MMLU_selected_subjects,isot_fake_903,meani,0.562,28,327
2025-12-21 23:30:13,Qwen/Qwen3-8B,MMLU_selected_subjects,isot_fake_454,clean,0.618,28,792
2025-12-21 23:33:03,Qwen/Qwen3-8B,MMLU_selected_subjects,isot_fake_903,wordd,0.588,28,327
2025-12-21 23:35:24,Qwen/Qwen3-8B,MMLU_selected_subjects,isot_fake_454,meani,0.584,28,792
2025-12-21 23:38:01,Qwen/Qwen3-8B,MMLU_selected_subjects,isot_fake_903,chara,0.549,28,327
2025-12-21 23:40:34,Qwen/Qwen3-8B,MMLU_selected_subjects,isot_fake_454,wordd,0.573,28,792
2025-12-21 23:42:36,Qwen/Qwen3-8B,MMLU_selected_subjects,isot_fake_904,clean,0.584,28,234
2025-12-21 23:46:29,Qwen/Qwen3-8B,MMLU_selected_subjects,isot_fake_454,chara,0.521,28,792
2025-12-21 23:47:11,Qwen/Qwen3-8B,MMLU_selected_subjects,isot_fake_904,meani,0.569,28,234
2025-12-21 23:51:33,Qwen/Qwen3-8B,MMLU_selected_subjects,isot_fake_455,clean,0.585,28,760
2025-12-21 23:51:46,Qwen/Qwen3-8B,MMLU_selected_subjects,isot_fake_904,wordd,0.565,28,234
2025-12-21 23:56:34,Qwen/Qwen3-8B,MMLU_selected_subjects,isot_fake_904,chara,0.546,28,234
2025-12-21 23:56:38,Qwen/Qwen3-8B,MMLU_selected_subjects,isot_fake_455,meani,0.55,28,760
2025-12-22 00:01:19,Qwen/Qwen3-8B,MMLU_selected_subjects,isot_fake_905,clean,0.631,28,409
2025-12-22 00:01:43,Qwen/Qwen3-8B,MMLU_selected_subjects,isot_fake_455,wordd,0.551,28,760
2025-12-22 00:06:02,Qwen/Qwen3-8B,MMLU_selected_subjects,isot_fake_905,meani,0.62,28,409
2025-12-22 00:07:38,Qwen/Qwen3-8B,MMLU_selected_subjects,isot_fake_455,chara,0.525,28,760
2025-12-22 00:10:46,Qwen/Qwen3-8B,MMLU_selected_subjects,isot_fake_905,wordd,0.619,28,409
2025-12-22 00:12:44,Qwen/Qwen3-8B,MMLU_selected_subjects,isot_fake_456,clean,0.605,28,739
2025-12-22 00:15:56,Qwen/Qwen3-8B,MMLU_selected_subjects,isot_fake_905,chara,0.566,28,409
2025-12-22 00:17:48,Qwen/Qwen3-8B,MMLU_selected_subjects,isot_fake_456,meani,0.604,28,739
2025-12-22 00:20:55,Qwen/Qwen3-8B,MMLU_selected_subjects,isot_fake_906,clean,0.634,28,556
2025-12-22 00:22:51,Qwen/Qwen3-8B,MMLU_selected_subjects,isot_fake_456,wordd,0.591,28,739
2025-12-22 00:25:53,Qwen/Qwen3-8B,MMLU_selected_subjects,isot_fake_906,meani,0.587,28,556
2025-12-22 00:28:40,Qwen/Qwen3-8B,MMLU_selected_subjects,isot_fake_456,chara,0.55,28,739
2025-12-22 00:30:52,Qwen/Qwen3-8B,MMLU_selected_subjects,isot_fake_906,wordd,0.603,28,556
2025-12-22 00:33:29,Qwen/Qwen3-8B,MMLU_selected_subjects,isot_fake_457,clean,0.617,28,262
2025-12-22 00:36:22,Qwen/Qwen3-8B,MMLU_selected_subjects,isot_fake_906,chara,0.526,28,556
2025-12-22 00:38:16,Qwen/Qwen3-8B,MMLU_selected_subjects,isot_fake_457,meani,0.603,28,262
2025-12-22 00:41:14,Qwen/Qwen3-8B,MMLU_selected_subjects,isot_fake_907,clean,0.591,28,561
2025-12-22 00:43:03,Qwen/Qwen3-8B,MMLU_selected_subjects,isot_fake_457,wordd,0.591,28,262
2025-12-22 00:46:05,Qwen/Qwen3-8B,MMLU_selected_subjects,isot_fake_907,meani,0.59,28,561
2025-12-22 00:48:02,Qwen/Qwen3-8B,MMLU_selected_subjects,isot_fake_457,chara,0.532,28,262
2025-12-22 00:50:57,Qwen/Qwen3-8B,MMLU_selected_subjects,isot_fake_907,wordd,0.583,28,561
2025-12-22 00:52:59,Qwen/Qwen3-8B,MMLU_selected_subjects,isot_fake_458,clean,0.614,28,671
2025-12-22 00:56:24,Qwen/Qwen3-8B,MMLU_selected_subjects,isot_fake_907,chara,0.571,28,561
2025-12-22 00:57:55,Qwen/Qwen3-8B,MMLU_selected_subjects,isot_fake_458,meani,0.575,28,671
2025-12-22 01:01:25,Qwen/Qwen3-8B,MMLU_selected_subjects,isot_fake_908,clean,0.595,28,669
2025-12-22 01:02:51,Qwen/Qwen3-8B,MMLU_selected_subjects,isot_fake_458,wordd,0.586,28,671
2025-12-22 01:06:23,Qwen/Qwen3-8B,MMLU_selected_subjects,isot_fake_908,meani,0.561,28,669
2025-12-22 01:08:30,Qwen/Qwen3-8B,MMLU_selected_subjects,isot_fake_458,chara,0.524,28,671
2025-12-22 01:11:21,Qwen/Qwen3-8B,MMLU_selected_subjects,isot_fake_908,wordd,0.584,28,669
2025-12-22 01:13:16,Qwen/Qwen3-8B,MMLU_selected_subjects,isot_fake_459,clean,0.626,28,439
2025-12-22 01:17:01,Qwen/Qwen3-8B,MMLU_selected_subjects,isot_fake_908,chara,0.564,28,669
2025-12-22 01:18:02,Qwen/Qwen3-8B,MMLU_selected_subjects,isot_fake_459,meani,0.56,28,439
2025-12-22 01:21:52,Qwen/Qwen3-8B,MMLU_selected_subjects,isot_fake_909,clean,0.606,28,479
2025-12-22 01:22:46,Qwen/Qwen3-8B,MMLU_selected_subjects,isot_fake_459,wordd,0.56,28,439
2025-12-22 01:26:41,Qwen/Qwen3-8B,MMLU_selected_subjects,isot_fake_909,meani,0.606,28,479
2025-12-22 01:27:56,Qwen/Qwen3-8B,MMLU_selected_subjects,isot_fake_459,chara,0.54,28,439
2025-12-22 01:31:30,Qwen/Qwen3-8B,MMLU_selected_subjects,isot_fake_909,wordd,0.556,28,479
2025-12-22 01:32:51,Qwen/Qwen3-8B,MMLU_selected_subjects,isot_fake_46,clean,0.625,28,452
2025-12-22 01:36:49,Qwen/Qwen3-8B,MMLU_selected_subjects,isot_fake_909,chara,0.538,28,479
2025-12-22 01:37:44,Qwen/Qwen3-8B,MMLU_selected_subjects,isot_fake_46,meani,0.596,28,452
2025-12-22 01:41:35,Qwen/Qwen3-8B,MMLU_selected_subjects,isot_fake_91,clean,0.596,28,454
2025-12-22 01:42:39,Qwen/Qwen3-8B,MMLU_selected_subjects,isot_fake_46,wordd,0.605,28,452
2025-12-22 01:46:19,Qwen/Qwen3-8B,MMLU_selected_subjects,isot_fake_91,meani,0.619,28,454
2025-12-22 01:47:59,Qwen/Qwen3-8B,MMLU_selected_subjects,isot_fake_46,chara,0.543,28,452
2025-12-22 01:51:04,Qwen/Qwen3-8B,MMLU_selected_subjects,isot_fake_91,wordd,0.576,28,454
2025-12-22 01:52:57,Qwen/Qwen3-8B,MMLU_selected_subjects,isot_fake_460,clean,0.6,28,550
2025-12-22 01:56:18,Qwen/Qwen3-8B,MMLU_selected_subjects,isot_fake_91,chara,0.572,28,454
2025-12-22 01:57:54,Qwen/Qwen3-8B,MMLU_selected_subjects,isot_fake_460,meani,0.606,28,550
2025-12-22 02:01:25,Qwen/Qwen3-8B,MMLU_selected_subjects,isot_fake_910,clean,0.594,28,785
2025-12-22 02:02:52,Qwen/Qwen3-8B,MMLU_selected_subjects,isot_fake_460,wordd,0.607,28,550
2025-12-22 02:06:33,Qwen/Qwen3-8B,MMLU_selected_subjects,isot_fake_910,meani,0.607,28,785
2025-12-22 02:08:18,Qwen/Qwen3-8B,MMLU_selected_subjects,isot_fake_460,chara,0.545,28,550
2025-12-22 02:11:41,Qwen/Qwen3-8B,MMLU_selected_subjects,isot_fake_910,wordd,0.596,28,785
2025-12-22 02:13:10,Qwen/Qwen3-8B,MMLU_selected_subjects,isot_fake_461,clean,0.587,28,574
2025-12-22 02:17:36,Qwen/Qwen3-8B,MMLU_selected_subjects,isot_fake_910,chara,0.507,28,785
2025-12-22 02:18:03,Qwen/Qwen3-8B,MMLU_selected_subjects,isot_fake_461,meani,0.6,28,574
2025-12-22 02:22:35,Qwen/Qwen3-8B,MMLU_selected_subjects,isot_fake_911,clean,0.614,28,542
2025-12-22 02:22:56,Qwen/Qwen3-8B,MMLU_selected_subjects,isot_fake_461,wordd,0.586,28,574
2025-12-22 02:27:33,Qwen/Qwen3-8B,MMLU_selected_subjects,isot_fake_911,meani,0.6,28,542
2025-12-22 02:28:21,Qwen/Qwen3-8B,MMLU_selected_subjects,isot_fake_461,chara,0.529,28,574
2025-12-22 02:32:31,Qwen/Qwen3-8B,MMLU_selected_subjects,isot_fake_911,wordd,0.588,28,542
2025-12-22 02:33:28,Qwen/Qwen3-8B,MMLU_selected_subjects,isot_fake_462,clean,0.623,28,780
2025-12-22 02:37:54,Qwen/Qwen3-8B,MMLU_selected_subjects,isot_fake_911,chara,0.543,28,542
2025-12-22 02:38:33,Qwen/Qwen3-8B,MMLU_selected_subjects,isot_fake_462,meani,0.554,28,780
2025-12-22 02:42:30,Qwen/Qwen3-8B,MMLU_selected_subjects,isot_fake_912,clean,0.597,28,276
2025-12-22 02:43:38,Qwen/Qwen3-8B,MMLU_selected_subjects,isot_fake_462,wordd,0.518,28,780
2025-12-22 02:47:05,Qwen/Qwen3-8B,MMLU_selected_subjects,isot_fake_912,meani,0.601,28,276
2025-12-22 02:49:27,Qwen/Qwen3-8B,MMLU_selected_subjects,isot_fake_462,chara,0.496,28,780
2025-12-22 02:51:40,Qwen/Qwen3-8B,MMLU_selected_subjects,isot_fake_912,wordd,0.589,28,276
2025-12-22 02:54:19,Qwen/Qwen3-8B,MMLU_selected_subjects,isot_fake_463,clean,0.607,28,594
2025-12-22 02:56:32,Qwen/Qwen3-8B,MMLU_selected_subjects,isot_fake_912,chara,0.549,28,276
2025-12-22 02:59:11,Qwen/Qwen3-8B,MMLU_selected_subjects,isot_fake_463,meani,0.617,28,594
2025-12-22 03:01:28,Qwen/Qwen3-8B,MMLU_selected_subjects,isot_fake_913,clean,0.636,28,584
2025-12-22 03:04:04,Qwen/Qwen3-8B,MMLU_selected_subjects,isot_fake_463,wordd,0.598,28,594
2025-12-22 03:06:22,Qwen/Qwen3-8B,MMLU_selected_subjects,isot_fake_913,meani,0.635,28,584
2025-12-22 03:09:32,Qwen/Qwen3-8B,MMLU_selected_subjects,isot_fake_463,chara,0.501,28,594
2025-12-22 03:11:17,Qwen/Qwen3-8B,MMLU_selected_subjects,isot_fake_913,wordd,0.588,28,584
2025-12-22 03:14:15,Qwen/Qwen3-8B,MMLU_selected_subjects,isot_fake_464,clean,0.618,28,437
2025-12-22 03:16:46,Qwen/Qwen3-8B,MMLU_selected_subjects,isot_fake_913,chara,0.527,28,584
2025-12-22 03:18:57,Qwen/Qwen3-8B,MMLU_selected_subjects,isot_fake_464,meani,0.583,28,437
2025-12-22 03:21:42,Qwen/Qwen3-8B,MMLU_selected_subjects,isot_fake_914,clean,0.618,28,444
2025-12-22 03:23:38,Qwen/Qwen3-8B,MMLU_selected_subjects,isot_fake_464,wordd,0.589,28,437
2025-12-22 03:26:36,Qwen/Qwen3-8B,MMLU_selected_subjects,isot_fake_914,meani,0.598,28,444
2025-12-22 03:28:47,Qwen/Qwen3-8B,MMLU_selected_subjects,isot_fake_464,chara,0.513,28,437
2025-12-22 03:31:30,Qwen/Qwen3-8B,MMLU_selected_subjects,isot_fake_914,wordd,0.598,28,444
2025-12-22 03:33:32,Qwen/Qwen3-8B,MMLU_selected_subjects,isot_fake_465,clean,0.614,28,393
2025-12-22 03:36:47,Qwen/Qwen3-8B,MMLU_selected_subjects,isot_fake_914,chara,0.555,28,444
2025-12-22 03:38:17,Qwen/Qwen3-8B,MMLU_selected_subjects,isot_fake_465,meani,0.621,28,393
2025-12-22 03:41:45,Qwen/Qwen3-8B,MMLU_selected_subjects,isot_fake_915,clean,0.608,28,568
2025-12-22 03:43:01,Qwen/Qwen3-8B,MMLU_selected_subjects,isot_fake_465,wordd,0.574,28,393
2025-12-22 03:46:44,Qwen/Qwen3-8B,MMLU_selected_subjects,isot_fake_915,meani,0.588,28,568
2025-12-22 03:48:09,Qwen/Qwen3-8B,MMLU_selected_subjects,isot_fake_465,chara,0.549,28,393
2025-12-22 03:51:41,Qwen/Qwen3-8B,MMLU_selected_subjects,isot_fake_915,wordd,0.62,28,568
2025-12-22 03:52:49,Qwen/Qwen3-8B,MMLU_selected_subjects,isot_fake_466,clean,0.517,28,387
2025-12-22 03:57:10,Qwen/Qwen3-8B,MMLU_selected_subjects,isot_fake_915,chara,0.521,28,568
2025-12-22 03:57:27,Qwen/Qwen3-8B,MMLU_selected_subjects,isot_fake_466,meani,0.565,28,387
2025-12-22 04:01:47,Qwen/Qwen3-8B,MMLU_selected_subjects,isot_fake_916,clean,0.606,28,273
2025-12-22 04:02:05,Qwen/Qwen3-8B,MMLU_selected_subjects,isot_fake_466,wordd,0.553,28,387
2025-12-22 04:06:23,Qwen/Qwen3-8B,MMLU_selected_subjects,isot_fake_916,meani,0.597,28,273
2025-12-22 04:07:09,Qwen/Qwen3-8B,MMLU_selected_subjects,isot_fake_466,chara,0.487,28,387
2025-12-22 04:11:00,Qwen/Qwen3-8B,MMLU_selected_subjects,isot_fake_916,wordd,0.581,28,273
2025-12-22 04:12:09,Qwen/Qwen3-8B,MMLU_selected_subjects,isot_fake_467,clean,0.611,28,716
2025-12-22 04:15:52,Qwen/Qwen3-8B,MMLU_selected_subjects,isot_fake_916,chara,0.522,28,273
2025-12-22 04:17:09,Qwen/Qwen3-8B,MMLU_selected_subjects,isot_fake_467,meani,0.603,28,716
2025-12-22 04:20:34,Qwen/Qwen3-8B,MMLU_selected_subjects,isot_fake_917,clean,0.616,28,350
2025-12-22 04:22:09,Qwen/Qwen3-8B,MMLU_selected_subjects,isot_fake_467,wordd,0.584,28,716
2025-12-22 04:25:17,Qwen/Qwen3-8B,MMLU_selected_subjects,isot_fake_917,meani,0.619,28,350
2025-12-22 04:27:52,Qwen/Qwen3-8B,MMLU_selected_subjects,isot_fake_467,chara,0.512,28,716
2025-12-22 04:30:00,Qwen/Qwen3-8B,MMLU_selected_subjects,isot_fake_917,wordd,0.598,28,350
2025-12-22 04:32:51,Qwen/Qwen3-8B,MMLU_selected_subjects,isot_fake_468,clean,0.602,28,715
2025-12-22 04:35:05,Qwen/Qwen3-8B,MMLU_selected_subjects,isot_fake_917,chara,0.545,28,350
2025-12-22 04:37:49,Qwen/Qwen3-8B,MMLU_selected_subjects,isot_fake_468,meani,0.568,28,715
2025-12-22 04:39:50,Qwen/Qwen3-8B,MMLU_selected_subjects,isot_fake_918,clean,0.623,28,501
2025-12-22 04:42:48,Qwen/Qwen3-8B,MMLU_selected_subjects,isot_fake_468,wordd,0.565,28,715
2025-12-22 04:44:34,Qwen/Qwen3-8B,MMLU_selected_subjects,isot_fake_918,meani,0.586,28,501
2025-12-22 04:48:27,Qwen/Qwen3-8B,MMLU_selected_subjects,isot_fake_468,chara,0.532,28,715
2025-12-22 04:49:18,Qwen/Qwen3-8B,MMLU_selected_subjects,isot_fake_918,wordd,0.587,28,501
2025-12-22 04:53:21,Qwen/Qwen3-8B,MMLU_selected_subjects,isot_fake_469,clean,0.585,28,592
2025-12-22 04:54:38,Qwen/Qwen3-8B,MMLU_selected_subjects,isot_fake_918,chara,0.539,28,501
2025-12-22 04:58:13,Qwen/Qwen3-8B,MMLU_selected_subjects,isot_fake_469,meani,0.602,28,592
2025-12-22 04:59:34,Qwen/Qwen3-8B,MMLU_selected_subjects,isot_fake_919,clean,0.594,28,632
2025-12-22 05:03:06,Qwen/Qwen3-8B,MMLU_selected_subjects,isot_fake_469,wordd,0.571,28,592
2025-12-22 05:04:30,Qwen/Qwen3-8B,MMLU_selected_subjects,isot_fake_919,meani,0.582,28,632
2025-12-22 05:08:36,Qwen/Qwen3-8B,MMLU_selected_subjects,isot_fake_469,chara,0.532,28,592
2025-12-22 05:09:26,Qwen/Qwen3-8B,MMLU_selected_subjects,isot_fake_919,wordd,0.575,28,632
2025-12-22 05:13:39,Qwen/Qwen3-8B,MMLU_selected_subjects,isot_fake_47,clean,0.612,28,522
2025-12-22 05:15:00,Qwen/Qwen3-8B,MMLU_selected_subjects,isot_fake_919,chara,0.568,28,632
2025-12-22 05:18:41,Qwen/Qwen3-8B,MMLU_selected_subjects,isot_fake_47,meani,0.572,28,522
2025-12-22 05:19:48,Qwen/Qwen3-8B,MMLU_selected_subjects,isot_fake_92,clean,0.611,28,514
2025-12-22 05:23:44,Qwen/Qwen3-8B,MMLU_selected_subjects,isot_fake_47,wordd,0.579,28,522
2025-12-22 05:24:37,Qwen/Qwen3-8B,MMLU_selected_subjects,isot_fake_92,meani,0.602,28,514
2025-12-22 05:29:13,Qwen/Qwen3-8B,MMLU_selected_subjects,isot_fake_47,chara,0.511,28,522
2025-12-22 05:29:26,Qwen/Qwen3-8B,MMLU_selected_subjects,isot_fake_92,wordd,0.585,28,514
2025-12-22 05:34:24,Qwen/Qwen3-8B,MMLU_selected_subjects,isot_fake_470,clean,0.62,28,649
2025-12-22 05:34:47,Qwen/Qwen3-8B,MMLU_selected_subjects,isot_fake_92,chara,0.553,28,514
2025-12-22 05:39:32,Qwen/Qwen3-8B,MMLU_selected_subjects,isot_fake_470,meani,0.603,28,649
2025-12-22 05:39:35,Qwen/Qwen3-8B,MMLU_selected_subjects,isot_fake_920,clean,0.594,28,492
2025-12-22 05:44:22,Qwen/Qwen3-8B,MMLU_selected_subjects,isot_fake_920,meani,0.602,28,492
2025-12-22 05:44:39,Qwen/Qwen3-8B,MMLU_selected_subjects,isot_fake_470,wordd,0.621,28,649
2025-12-22 05:49:09,Qwen/Qwen3-8B,MMLU_selected_subjects,isot_fake_920,wordd,0.581,28,492
2025-12-22 05:50:23,Qwen/Qwen3-8B,MMLU_selected_subjects,isot_fake_470,chara,0.53,28,649
2025-12-22 05:54:26,Qwen/Qwen3-8B,MMLU_selected_subjects,isot_fake_920,chara,0.563,28,492
2025-12-22 05:55:23,Qwen/Qwen3-8B,MMLU_selected_subjects,isot_fake_471,clean,0.612,28,797
2025-12-22 05:59:10,Qwen/Qwen3-8B,MMLU_selected_subjects,isot_fake_921,clean,0.601,28,301
2025-12-22 06:00:22,Qwen/Qwen3-8B,MMLU_selected_subjects,isot_fake_471,meani,0.581,28,797
2025-12-22 06:03:53,Qwen/Qwen3-8B,MMLU_selected_subjects,isot_fake_921,meani,0.598,28,301
2025-12-22 06:05:21,Qwen/Qwen3-8B,MMLU_selected_subjects,isot_fake_471,wordd,0.594,28,797
2025-12-22 06:08:37,Qwen/Qwen3-8B,MMLU_selected_subjects,isot_fake_921,wordd,0.603,28,301
2025-12-22 06:11:11,Qwen/Qwen3-8B,MMLU_selected_subjects,isot_fake_471,chara,0.535,28,797
2025-12-22 06:13:34,Qwen/Qwen3-8B,MMLU_selected_subjects,isot_fake_921,chara,0.56,28,301
2025-12-22 06:16:02,Qwen/Qwen3-8B,MMLU_selected_subjects,isot_fake_472,clean,0.579,28,481
2025-12-22 06:18:32,Qwen/Qwen3-8B,MMLU_selected_subjects,isot_fake_922,clean,0.636,28,704
2025-12-22 06:20:52,Qwen/Qwen3-8B,MMLU_selected_subjects,isot_fake_472,meani,0.599,28,481
2025-12-22 06:23:31,Qwen/Qwen3-8B,MMLU_selected_subjects,isot_fake_922,meani,0.598,28,704
2025-12-22 06:25:42,Qwen/Qwen3-8B,MMLU_selected_subjects,isot_fake_472,wordd,0.605,28,481
2025-12-22 06:28:29,Qwen/Qwen3-8B,MMLU_selected_subjects,isot_fake_922,wordd,0.59,28,704
2025-12-22 06:30:59,Qwen/Qwen3-8B,MMLU_selected_subjects,isot_fake_472,chara,0.552,28,481
2025-12-22 06:34:10,Qwen/Qwen3-8B,MMLU_selected_subjects,isot_fake_922,chara,0.526,28,704
2025-12-22 06:35:36,Qwen/Qwen3-8B,MMLU_selected_subjects,isot_fake_473,clean,0.636,28,203
2025-12-22 06:39:16,Qwen/Qwen3-8B,MMLU_selected_subjects,isot_fake_923,clean,0.608,28,795
2025-12-22 06:40:13,Qwen/Qwen3-8B,MMLU_selected_subjects,isot_fake_473,meani,0.623,28,203
2025-12-22 06:44:22,Qwen/Qwen3-8B,MMLU_selected_subjects,isot_fake_923,meani,0.581,28,795
2025-12-22 06:44:50,Qwen/Qwen3-8B,MMLU_selected_subjects,isot_fake_473,wordd,0.603,28,203
2025-12-22 06:49:28,Qwen/Qwen3-8B,MMLU_selected_subjects,isot_fake_923,wordd,0.591,28,795
2025-12-22 06:49:38,Qwen/Qwen3-8B,MMLU_selected_subjects,isot_fake_473,chara,0.578,28,203
2025-12-22 06:54:26,Qwen/Qwen3-8B,MMLU_selected_subjects,isot_fake_474,clean,0.631,28,419
2025-12-22 06:55:20,Qwen/Qwen3-8B,MMLU_selected_subjects,isot_fake_923,chara,0.55,28,795
2025-12-22 06:59:12,Qwen/Qwen3-8B,MMLU_selected_subjects,isot_fake_474,meani,0.61,28,419
2025-12-22 07:00:10,Qwen/Qwen3-8B,MMLU_selected_subjects,isot_fake_924,clean,0.57,28,566
2025-12-22 07:03:58,Qwen/Qwen3-8B,MMLU_selected_subjects,isot_fake_474,wordd,0.579,28,419
2025-12-22 07:05:01,Qwen/Qwen3-8B,MMLU_selected_subjects,isot_fake_924,meani,0.588,28,566
2025-12-22 07:09:07,Qwen/Qwen3-8B,MMLU_selected_subjects,isot_fake_474,chara,0.552,28,419
2025-12-22 07:09:51,Qwen/Qwen3-8B,MMLU_selected_subjects,isot_fake_924,wordd,0.568,28,566
2025-12-22 07:13:47,Qwen/Qwen3-8B,MMLU_selected_subjects,isot_fake_475,clean,0.615,28,327
2025-12-22 07:15:19,Qwen/Qwen3-8B,MMLU_selected_subjects,isot_fake_924,chara,0.513,28,566
2025-12-22 07:18:29,Qwen/Qwen3-8B,MMLU_selected_subjects,isot_fake_475,meani,0.599,28,327
2025-12-22 07:20:22,Qwen/Qwen3-8B,MMLU_selected_subjects,isot_fake_925,clean,0.585,28,760
2025-12-22 07:23:09,Qwen/Qwen3-8B,MMLU_selected_subjects,isot_fake_475,wordd,0.601,28,327
2025-12-22 07:25:25,Qwen/Qwen3-8B,MMLU_selected_subjects,isot_fake_925,meani,0.545,28,760
2025-12-22 07:28:09,Qwen/Qwen3-8B,MMLU_selected_subjects,isot_fake_475,chara,0.548,28,327
2025-12-22 07:30:31,Qwen/Qwen3-8B,MMLU_selected_subjects,isot_fake_925,wordd,0.543,28,760
2025-12-22 07:32:45,Qwen/Qwen3-8B,MMLU_selected_subjects,isot_fake_476,clean,0.599,28,210
2025-12-22 07:36:25,Qwen/Qwen3-8B,MMLU_selected_subjects,isot_fake_925,chara,0.489,28,760
2025-12-22 07:37:22,Qwen/Qwen3-8B,MMLU_selected_subjects,isot_fake_476,meani,0.624,28,210
2025-12-22 07:41:03,Qwen/Qwen3-8B,MMLU_selected_subjects,isot_fake_926,clean,0.606,28,272
2025-12-22 07:41:57,Qwen/Qwen3-8B,MMLU_selected_subjects,isot_fake_476,wordd,0.602,28,210
2025-12-22 07:45:40,Qwen/Qwen3-8B,MMLU_selected_subjects,isot_fake_926,meani,0.61,28,272
2025-12-22 07:46:45,Qwen/Qwen3-8B,MMLU_selected_subjects,isot_fake_476,chara,0.549,28,210
2025-12-22 07:50:17,Qwen/Qwen3-8B,MMLU_selected_subjects,isot_fake_926,wordd,0.562,28,272
2025-12-22 07:51:19,Qwen/Qwen3-8B,MMLU_selected_subjects,isot_fake_477,clean,0.532,28,270
2025-12-22 07:55:10,Qwen/Qwen3-8B,MMLU_selected_subjects,isot_fake_926,chara,0.543,28,272
2025-12-22 07:55:53,Qwen/Qwen3-8B,MMLU_selected_subjects,isot_fake_477,meani,0.567,28,270
2025-12-22 08:00:09,Qwen/Qwen3-8B,MMLU_selected_subjects,isot_fake_927,clean,0.614,28,614
2025-12-22 08:00:27,Qwen/Qwen3-8B,MMLU_selected_subjects,isot_fake_477,wordd,0.556,28,270
2025-12-22 08:05:06,Qwen/Qwen3-8B,MMLU_selected_subjects,isot_fake_927,meani,0.62,28,614
2025-12-22 08:05:18,Qwen/Qwen3-8B,MMLU_selected_subjects,isot_fake_477,chara,0.531,28,270
2025-12-22 08:10:04,Qwen/Qwen3-8B,MMLU_selected_subjects,isot_fake_927,wordd,0.615,28,614
2025-12-22 08:10:22,Qwen/Qwen3-8B,MMLU_selected_subjects,isot_fake_478,clean,0.56,28,753
2025-12-22 08:15:24,Qwen/Qwen3-8B,MMLU_selected_subjects,isot_fake_478,meani,0.593,28,753
2025-12-22 08:15:37,Qwen/Qwen3-8B,MMLU_selected_subjects,isot_fake_927,chara,0.546,28,614
2025-12-22 08:20:15,Qwen/Qwen3-8B,MMLU_selected_subjects,isot_fake_928,clean,0.582,28,308
2025-12-22 08:20:27,Qwen/Qwen3-8B,MMLU_selected_subjects,isot_fake_478,wordd,0.579,28,753
2025-12-22 08:24:51,Qwen/Qwen3-8B,MMLU_selected_subjects,isot_fake_928,meani,0.575,28,308
2025-12-22 08:26:14,Qwen/Qwen3-8B,MMLU_selected_subjects,isot_fake_478,chara,0.561,28,753
2025-12-22 08:29:29,Qwen/Qwen3-8B,MMLU_selected_subjects,isot_fake_928,wordd,0.563,28,308
2025-12-22 08:31:16,Qwen/Qwen3-8B,MMLU_selected_subjects,isot_fake_479,clean,0.623,28,758
2025-12-22 08:34:25,Qwen/Qwen3-8B,MMLU_selected_subjects,isot_fake_928,chara,0.543,28,308
2025-12-22 08:36:17,Qwen/Qwen3-8B,MMLU_selected_subjects,isot_fake_479,meani,0.601,28,758
2025-12-22 08:39:17,Qwen/Qwen3-8B,MMLU_selected_subjects,isot_fake_929,clean,0.601,28,583
2025-12-22 08:41:19,Qwen/Qwen3-8B,MMLU_selected_subjects,isot_fake_479,wordd,0.572,28,758
2025-12-22 08:44:09,Qwen/Qwen3-8B,MMLU_selected_subjects,isot_fake_929,meani,0.574,28,583
2025-12-22 08:47:03,Qwen/Qwen3-8B,MMLU_selected_subjects,isot_fake_479,chara,0.54,28,758
2025-12-22 08:49:01,Qwen/Qwen3-8B,MMLU_selected_subjects,isot_fake_929,wordd,0.58,28,583
2025-12-22 08:52:07,Qwen/Qwen3-8B,MMLU_selected_subjects,isot_fake_48,clean,0.611,28,679
2025-12-22 08:54:28,Qwen/Qwen3-8B,MMLU_selected_subjects,isot_fake_929,chara,0.525,28,583
2025-12-22 08:57:10,Qwen/Qwen3-8B,MMLU_selected_subjects,isot_fake_48,meani,0.569,28,679
2025-12-22 08:59:12,Qwen/Qwen3-8B,MMLU_selected_subjects,isot_fake_93,clean,0.623,28,344
2025-12-22 09:02:12,Qwen/Qwen3-8B,MMLU_selected_subjects,isot_fake_48,wordd,0.568,28,679
2025-12-22 09:03:56,Qwen/Qwen3-8B,MMLU_selected_subjects,isot_fake_93,meani,0.634,28,344
2025-12-22 09:07:54,Qwen/Qwen3-8B,MMLU_selected_subjects,isot_fake_48,chara,0.542,28,679
2025-12-22 09:08:39,Qwen/Qwen3-8B,MMLU_selected_subjects,isot_fake_93,wordd,0.618,28,344
2025-12-22 09:12:58,Qwen/Qwen3-8B,MMLU_selected_subjects,isot_fake_480,clean,0.55,28,792
2025-12-22 09:13:43,Qwen/Qwen3-8B,MMLU_selected_subjects,isot_fake_93,chara,0.529,28,344
2025-12-22 09:18:01,Qwen/Qwen3-8B,MMLU_selected_subjects,isot_fake_480,meani,0.589,28,792
2025-12-22 09:18:24,Qwen/Qwen3-8B,MMLU_selected_subjects,isot_fake_930,clean,0.636,28,275
2025-12-22 09:23:05,Qwen/Qwen3-8B,MMLU_selected_subjects,isot_fake_930,meani,0.621,28,275
2025-12-22 09:23:05,Qwen/Qwen3-8B,MMLU_selected_subjects,isot_fake_480,wordd,0.6,28,792
2025-12-22 09:27:45,Qwen/Qwen3-8B,MMLU_selected_subjects,isot_fake_930,wordd,0.629,28,275
2025-12-22 09:29:00,Qwen/Qwen3-8B,MMLU_selected_subjects,isot_fake_480,chara,0.51,28,792
2025-12-22 09:32:40,Qwen/Qwen3-8B,MMLU_selected_subjects,isot_fake_930,chara,0.507,28,275
2025-12-22 09:33:46,Qwen/Qwen3-8B,MMLU_selected_subjects,isot_fake_481,clean,0.604,28,441
2025-12-22 09:37:27,Qwen/Qwen3-8B,MMLU_selected_subjects,isot_fake_931,clean,0.56,28,457
2025-12-22 09:38:33,Qwen/Qwen3-8B,MMLU_selected_subjects,isot_fake_481,meani,0.569,28,441
2025-12-22 09:42:15,Qwen/Qwen3-8B,MMLU_selected_subjects,isot_fake_931,meani,0.609,28,457
2025-12-22 09:43:20,Qwen/Qwen3-8B,MMLU_selected_subjects,isot_fake_481,wordd,0.585,28,441
2025-12-22 09:47:02,Qwen/Qwen3-8B,MMLU_selected_subjects,isot_fake_931,wordd,0.585,28,457
2025-12-22 09:48:31,Qwen/Qwen3-8B,MMLU_selected_subjects,isot_fake_481,chara,0.548,28,441
2025-12-22 09:52:17,Qwen/Qwen3-8B,MMLU_selected_subjects,isot_fake_931,chara,0.536,28,457
2025-12-22 09:53:38,Qwen/Qwen3-8B,MMLU_selected_subjects,isot_fake_482,clean,0.551,28,570
2025-12-22 09:57:14,Qwen/Qwen3-8B,MMLU_selected_subjects,isot_fake_932,clean,0.579,28,607
2025-12-22 09:58:46,Qwen/Qwen3-8B,MMLU_selected_subjects,isot_fake_482,meani,0.547,28,570
2025-12-22 10:02:11,Qwen/Qwen3-8B,MMLU_selected_subjects,isot_fake_932,meani,0.573,28,607
2025-12-22 10:03:52,Qwen/Qwen3-8B,MMLU_selected_subjects,isot_fake_482,wordd,0.59,28,570
2025-12-22 10:07:07,Qwen/Qwen3-8B,MMLU_selected_subjects,isot_fake_932,wordd,0.572,28,607
2025-12-22 10:09:30,Qwen/Qwen3-8B,MMLU_selected_subjects,isot_fake_482,chara,0.582,28,570
2025-12-22 10:12:36,Qwen/Qwen3-8B,MMLU_selected_subjects,isot_fake_932,chara,0.506,28,607
2025-12-22 10:14:26,Qwen/Qwen3-8B,MMLU_selected_subjects,isot_fake_483,clean,0.621,28,593
2025-12-22 10:17:25,Qwen/Qwen3-8B,MMLU_selected_subjects,isot_fake_933,clean,0.631,28,419
2025-12-22 10:19:20,Qwen/Qwen3-8B,MMLU_selected_subjects,isot_fake_483,meani,0.594,28,593
2025-12-22 10:22:12,Qwen/Qwen3-8B,MMLU_selected_subjects,isot_fake_933,meani,0.59,28,419
2025-12-22 10:24:14,Qwen/Qwen3-8B,MMLU_selected_subjects,isot_fake_483,wordd,0.589,28,593
2025-12-22 10:27:00,Qwen/Qwen3-8B,MMLU_selected_subjects,isot_fake_933,wordd,0.619,28,419
2025-12-22 10:29:42,Qwen/Qwen3-8B,MMLU_selected_subjects,isot_fake_483,chara,0.546,28,593
2025-12-22 10:32:13,Qwen/Qwen3-8B,MMLU_selected_subjects,isot_fake_933,chara,0.559,28,419
2025-12-22 10:34:15,Qwen/Qwen3-8B,MMLU_selected_subjects,isot_fake_484,clean,0.607,28,209
2025-12-22 10:36:50,Qwen/Qwen3-8B,MMLU_selected_subjects,isot_fake_934,clean,0.562,28,319
2025-12-22 10:38:46,Qwen/Qwen3-8B,MMLU_selected_subjects,isot_fake_484,meani,0.571,28,209
2025-12-22 10:41:25,Qwen/Qwen3-8B,MMLU_selected_subjects,isot_fake_934,meani,0.599,28,319
2025-12-22 10:43:17,Qwen/Qwen3-8B,MMLU_selected_subjects,isot_fake_484,wordd,0.581,28,209
2025-12-22 10:46:01,Qwen/Qwen3-8B,MMLU_selected_subjects,isot_fake_934,wordd,0.603,28,319
2025-12-22 10:48:01,Qwen/Qwen3-8B,MMLU_selected_subjects,isot_fake_484,chara,0.516,28,209
2025-12-22 10:51:01,Qwen/Qwen3-8B,MMLU_selected_subjects,isot_fake_934,chara,0.551,28,319
2025-12-22 10:52:41,Qwen/Qwen3-8B,MMLU_selected_subjects,isot_fake_485,clean,0.632,28,271
2025-12-22 10:55:54,Qwen/Qwen3-8B,MMLU_selected_subjects,isot_fake_935,clean,0.538,28,507
2025-12-22 10:57:18,Qwen/Qwen3-8B,MMLU_selected_subjects,isot_fake_485,meani,0.608,28,271
2025-12-22 11:00:47,Qwen/Qwen3-8B,MMLU_selected_subjects,isot_fake_935,meani,0.564,28,507
2025-12-22 11:01:55,Qwen/Qwen3-8B,MMLU_selected_subjects,isot_fake_485,wordd,0.615,28,271
2025-12-22 11:05:39,Qwen/Qwen3-8B,MMLU_selected_subjects,isot_fake_935,wordd,0.547,28,507
2025-12-22 11:06:49,Qwen/Qwen3-8B,MMLU_selected_subjects,isot_fake_485,chara,0.509,28,271
2025-12-22 11:10:57,Qwen/Qwen3-8B,MMLU_selected_subjects,isot_fake_935,chara,0.512,28,507
2025-12-22 11:11:20,Qwen/Qwen3-8B,MMLU_selected_subjects,isot_fake_486,clean,0.618,28,219
2025-12-22 11:15:46,Qwen/Qwen3-8B,MMLU_selected_subjects,isot_fake_936,clean,0.551,28,475
2025-12-22 11:15:51,Qwen/Qwen3-8B,MMLU_selected_subjects,isot_fake_486,meani,0.582,28,219
2025-12-22 11:20:22,Qwen/Qwen3-8B,MMLU_selected_subjects,isot_fake_486,wordd,0.583,28,219
2025-12-22 11:20:34,Qwen/Qwen3-8B,MMLU_selected_subjects,isot_fake_936,meani,0.591,28,475
2025-12-22 11:25:07,Qwen/Qwen3-8B,MMLU_selected_subjects,isot_fake_486,chara,0.54,28,219
2025-12-22 11:25:23,Qwen/Qwen3-8B,MMLU_selected_subjects,isot_fake_936,wordd,0.587,28,475
2025-12-22 11:29:55,Qwen/Qwen3-8B,MMLU_selected_subjects,isot_fake_487,clean,0.598,28,529
2025-12-22 11:30:39,Qwen/Qwen3-8B,MMLU_selected_subjects,isot_fake_936,chara,0.539,28,475
2025-12-22 11:34:42,Qwen/Qwen3-8B,MMLU_selected_subjects,isot_fake_487,meani,0.6,28,529
2025-12-22 11:35:15,Qwen/Qwen3-8B,MMLU_selected_subjects,isot_fake_937,clean,0.603,28,298
2025-12-22 11:39:30,Qwen/Qwen3-8B,MMLU_selected_subjects,isot_fake_487,wordd,0.587,28,529
2025-12-22 11:39:51,Qwen/Qwen3-8B,MMLU_selected_subjects,isot_fake_937,meani,0.572,28,298
2025-12-22 11:44:27,Qwen/Qwen3-8B,MMLU_selected_subjects,isot_fake_937,wordd,0.516,28,298
2025-12-22 11:44:52,Qwen/Qwen3-8B,MMLU_selected_subjects,isot_fake_487,chara,0.545,28,529
2025-12-22 11:49:20,Qwen/Qwen3-8B,MMLU_selected_subjects,isot_fake_937,chara,0.528,28,298
2025-12-22 11:49:40,Qwen/Qwen3-8B,MMLU_selected_subjects,isot_fake_488,clean,0.605,28,541
2025-12-22 11:53:58,Qwen/Qwen3-8B,MMLU_selected_subjects,isot_fake_938,clean,0.637,28,250
2025-12-22 11:54:28,Qwen/Qwen3-8B,MMLU_selected_subjects,isot_fake_488,meani,0.617,28,541
2025-12-22 11:58:36,Qwen/Qwen3-8B,MMLU_selected_subjects,isot_fake_938,meani,0.622,28,250
2025-12-22 11:59:17,Qwen/Qwen3-8B,MMLU_selected_subjects,isot_fake_488,wordd,0.598,28,541
2025-12-22 12:03:13,Qwen/Qwen3-8B,MMLU_selected_subjects,isot_fake_938,wordd,0.639,28,250
2025-12-22 12:04:39,Qwen/Qwen3-8B,MMLU_selected_subjects,isot_fake_488,chara,0.563,28,541
2025-12-22 12:08:06,Qwen/Qwen3-8B,MMLU_selected_subjects,isot_fake_938,chara,0.565,28,250
2025-12-22 12:09:24,Qwen/Qwen3-8B,MMLU_selected_subjects,isot_fake_489,clean,0.591,28,432
2025-12-22 12:13:08,Qwen/Qwen3-8B,MMLU_selected_subjects,isot_fake_939,clean,0.565,28,755
2025-12-22 12:14:10,Qwen/Qwen3-8B,MMLU_selected_subjects,isot_fake_489,meani,0.608,28,432
2025-12-22 12:18:08,Qwen/Qwen3-8B,MMLU_selected_subjects,isot_fake_939,meani,0.573,28,755
2025-12-22 12:18:56,Qwen/Qwen3-8B,MMLU_selected_subjects,isot_fake_489,wordd,0.586,28,432
2025-12-22 12:23:09,Qwen/Qwen3-8B,MMLU_selected_subjects,isot_fake_939,wordd,0.55,28,755
2025-12-22 12:24:06,Qwen/Qwen3-8B,MMLU_selected_subjects,isot_fake_489,chara,0.548,28,432
2025-12-22 12:28:53,Qwen/Qwen3-8B,MMLU_selected_subjects,isot_fake_939,chara,0.545,28,755
2025-12-22 12:29:05,Qwen/Qwen3-8B,MMLU_selected_subjects,isot_fake_49,clean,0.613,28,586
2025-12-22 12:33:39,Qwen/Qwen3-8B,MMLU_selected_subjects,isot_fake_94,clean,0.594,28,445
2025-12-22 12:34:02,Qwen/Qwen3-8B,MMLU_selected_subjects,isot_fake_49,meani,0.558,28,586
2025-12-22 12:38:23,Qwen/Qwen3-8B,MMLU_selected_subjects,isot_fake_94,meani,0.61,28,445
2025-12-22 12:38:59,Qwen/Qwen3-8B,MMLU_selected_subjects,isot_fake_49,wordd,0.62,28,586
2025-12-22 12:43:09,Qwen/Qwen3-8B,MMLU_selected_subjects,isot_fake_94,wordd,0.612,28,445
2025-12-22 12:44:25,Qwen/Qwen3-8B,MMLU_selected_subjects,isot_fake_49,chara,0.515,28,586
2025-12-22 12:48:23,Qwen/Qwen3-8B,MMLU_selected_subjects,isot_fake_94,chara,0.537,28,445
2025-12-22 12:49:07,Qwen/Qwen3-8B,MMLU_selected_subjects,isot_fake_490,clean,0.535,28,307
2025-12-22 12:53:04,Qwen/Qwen3-8B,MMLU_selected_subjects,isot_fake_940,clean,0.618,28,219
2025-12-22 12:53:48,Qwen/Qwen3-8B,MMLU_selected_subjects,isot_fake_490,meani,0.611,28,307
2025-12-22 12:57:45,Qwen/Qwen3-8B,MMLU_selected_subjects,isot_fake_940,meani,0.596,28,219
2025-12-22 12:58:29,Qwen/Qwen3-8B,MMLU_selected_subjects,isot_fake_490,wordd,0.6,28,307
2025-12-22 13:02:25,Qwen/Qwen3-8B,MMLU_selected_subjects,isot_fake_940,wordd,0.61,28,219
2025-12-22 13:03:30,Qwen/Qwen3-8B,MMLU_selected_subjects,isot_fake_490,chara,0.558,28,307
2025-12-22 13:07:15,Qwen/Qwen3-8B,MMLU_selected_subjects,isot_fake_940,chara,0.532,28,219
2025-12-22 13:08:04,Qwen/Qwen3-8B,MMLU_selected_subjects,isot_fake_491,clean,0.556,28,259
2025-12-22 13:12:03,Qwen/Qwen3-8B,MMLU_selected_subjects,isot_fake_941,clean,0.592,28,587
2025-12-22 13:12:38,Qwen/Qwen3-8B,MMLU_selected_subjects,isot_fake_491,meani,0.538,28,259
2025-12-22 13:16:51,Qwen/Qwen3-8B,MMLU_selected_subjects,isot_fake_941,meani,0.617,28,587
2025-12-22 13:17:11,Qwen/Qwen3-8B,MMLU_selected_subjects,isot_fake_491,wordd,0.577,28,259
2025-12-22 13:21:39,Qwen/Qwen3-8B,MMLU_selected_subjects,isot_fake_941,wordd,0.598,28,587
2025-12-22 13:22:02,Qwen/Qwen3-8B,MMLU_selected_subjects,isot_fake_491,chara,0.509,28,259
2025-12-22 13:26:39,Qwen/Qwen3-8B,MMLU_selected_subjects,isot_fake_492,clean,0.6,28,234
2025-12-22 13:27:10,Qwen/Qwen3-8B,MMLU_selected_subjects,isot_fake_941,chara,0.533,28,587
2025-12-22 13:31:15,Qwen/Qwen3-8B,MMLU_selected_subjects,isot_fake_492,meani,0.54,28,234
2025-12-22 13:31:55,Qwen/Qwen3-8B,MMLU_selected_subjects,isot_fake_942,clean,0.58,28,368
2025-12-22 13:35:50,Qwen/Qwen3-8B,MMLU_selected_subjects,isot_fake_492,wordd,0.56,28,234
2025-12-22 13:36:38,Qwen/Qwen3-8B,MMLU_selected_subjects,isot_fake_942,meani,0.585,28,368
2025-12-22 13:40:36,Qwen/Qwen3-8B,MMLU_selected_subjects,isot_fake_492,chara,0.542,28,234
2025-12-22 13:41:22,Qwen/Qwen3-8B,MMLU_selected_subjects,isot_fake_942,wordd,0.599,28,368
2025-12-22 13:45:21,Qwen/Qwen3-8B,MMLU_selected_subjects,isot_fake_493,clean,0.625,28,311
2025-12-22 13:46:26,Qwen/Qwen3-8B,MMLU_selected_subjects,isot_fake_942,chara,0.523,28,368
2025-12-22 13:50:05,Qwen/Qwen3-8B,MMLU_selected_subjects,isot_fake_493,meani,0.627,28,311
2025-12-22 13:51:09,Qwen/Qwen3-8B,MMLU_selected_subjects,isot_fake_943,clean,0.582,28,248
2025-12-22 13:54:49,Qwen/Qwen3-8B,MMLU_selected_subjects,isot_fake_493,wordd,0.597,28,311
2025-12-22 13:55:51,Qwen/Qwen3-8B,MMLU_selected_subjects,isot_fake_943,meani,0.625,28,248
2025-12-22 13:59:52,Qwen/Qwen3-8B,MMLU_selected_subjects,isot_fake_493,chara,0.555,28,311
2025-12-22 14:00:33,Qwen/Qwen3-8B,MMLU_selected_subjects,isot_fake_943,wordd,0.634,28,248
2025-12-22 14:04:37,Qwen/Qwen3-8B,MMLU_selected_subjects,isot_fake_494,clean,0.62,28,393
2025-12-22 14:05:26,Qwen/Qwen3-8B,MMLU_selected_subjects,isot_fake_943,chara,0.533,28,248
2025-12-22 14:09:22,Qwen/Qwen3-8B,MMLU_selected_subjects,isot_fake_494,meani,0.587,28,393
2025-12-22 14:10:17,Qwen/Qwen3-8B,MMLU_selected_subjects,isot_fake_944,clean,0.557,28,616
2025-12-22 14:14:08,Qwen/Qwen3-8B,MMLU_selected_subjects,isot_fake_494,wordd,0.587,28,393
2025-12-22 14:15:09,Qwen/Qwen3-8B,MMLU_selected_subjects,isot_fake_944,meani,0.586,28,616
2025-12-22 14:19:17,Qwen/Qwen3-8B,MMLU_selected_subjects,isot_fake_494,chara,0.564,28,393
2025-12-22 14:20:01,Qwen/Qwen3-8B,MMLU_selected_subjects,isot_fake_944,wordd,0.574,28,616
2025-12-22 14:24:02,Qwen/Qwen3-8B,MMLU_selected_subjects,isot_fake_495,clean,0.609,28,379
2025-12-22 14:25:34,Qwen/Qwen3-8B,MMLU_selected_subjects,isot_fake_944,chara,0.542,28,616
2025-12-22 14:28:52,Qwen/Qwen3-8B,MMLU_selected_subjects,isot_fake_495,meani,0.608,28,379
2025-12-22 14:30:33,Qwen/Qwen3-8B,MMLU_selected_subjects,isot_fake_945,clean,0.585,28,429
2025-12-22 14:33:44,Qwen/Qwen3-8B,MMLU_selected_subjects,isot_fake_495,wordd,0.626,28,379
2025-12-22 14:35:27,Qwen/Qwen3-8B,MMLU_selected_subjects,isot_fake_945,meani,0.587,28,429
2025-12-22 14:38:57,Qwen/Qwen3-8B,MMLU_selected_subjects,isot_fake_495,chara,0.556,28,379
2025-12-22 14:40:26,Qwen/Qwen3-8B,MMLU_selected_subjects,isot_fake_945,wordd,0.538,28,429
2025-12-22 14:43:43,Qwen/Qwen3-8B,MMLU_selected_subjects,isot_fake_496,clean,0.583,28,205
2025-12-22 14:45:52,Qwen/Qwen3-8B,MMLU_selected_subjects,isot_fake_945,chara,0.537,28,429
2025-12-22 14:48:26,Qwen/Qwen3-8B,MMLU_selected_subjects,isot_fake_496,meani,0.582,28,205
2025-12-22 14:50:33,Qwen/Qwen3-8B,MMLU_selected_subjects,isot_fake_946,clean,0.604,28,206
2025-12-22 14:53:03,Qwen/Qwen3-8B,MMLU_selected_subjects,isot_fake_496,wordd,0.563,28,205
2025-12-22 14:55:04,Qwen/Qwen3-8B,MMLU_selected_subjects,isot_fake_946,meani,0.582,28,206
2025-12-22 14:57:50,Qwen/Qwen3-8B,MMLU_selected_subjects,isot_fake_496,chara,0.547,28,205
2025-12-22 14:59:42,Qwen/Qwen3-8B,MMLU_selected_subjects,isot_fake_946,wordd,0.592,28,206
2025-12-22 15:02:38,Qwen/Qwen3-8B,MMLU_selected_subjects,isot_fake_497,clean,0.59,28,235
2025-12-22 15:04:47,Qwen/Qwen3-8B,MMLU_selected_subjects,isot_fake_946,chara,0.521,28,206
2025-12-22 15:07:38,Qwen/Qwen3-8B,MMLU_selected_subjects,isot_fake_497,meani,0.572,28,235
2025-12-22 15:10:05,Qwen/Qwen3-8B,MMLU_selected_subjects,isot_fake_947,clean,0.59,28,663
2025-12-22 15:12:22,Qwen/Qwen3-8B,MMLU_selected_subjects,isot_fake_497,wordd,0.546,28,235
2025-12-22 15:15:12,Qwen/Qwen3-8B,MMLU_selected_subjects,isot_fake_947,meani,0.596,28,663
2025-12-22 15:17:19,Qwen/Qwen3-8B,MMLU_selected_subjects,isot_fake_497,chara,0.551,28,235
2025-12-22 15:20:26,Qwen/Qwen3-8B,MMLU_selected_subjects,isot_fake_947,wordd,0.572,28,663
2025-12-22 15:22:33,Qwen/Qwen3-8B,MMLU_selected_subjects,isot_fake_498,clean,0.597,28,549
2025-12-22 15:26:20,Qwen/Qwen3-8B,MMLU_selected_subjects,isot_fake_947,chara,0.557,28,663
2025-12-22 15:27:34,Qwen/Qwen3-8B,MMLU_selected_subjects,isot_fake_498,meani,0.584,28,549
2025-12-22 15:30:59,Qwen/Qwen3-8B,MMLU_selected_subjects,isot_fake_948,clean,0.606,28,218
2025-12-22 15:32:30,Qwen/Qwen3-8B,MMLU_selected_subjects,isot_fake_498,wordd,0.578,28,549
2025-12-22 15:35:37,Qwen/Qwen3-8B,MMLU_selected_subjects,isot_fake_948,meani,0.608,28,218
2025-12-22 15:38:03,Qwen/Qwen3-8B,MMLU_selected_subjects,isot_fake_498,chara,0.504,28,549
2025-12-22 15:40:19,Qwen/Qwen3-8B,MMLU_selected_subjects,isot_fake_948,wordd,0.6,28,218
2025-12-22 15:43:28,Qwen/Qwen3-8B,MMLU_selected_subjects,isot_fake_499,clean,0.588,28,628
2025-12-22 15:45:33,Qwen/Qwen3-8B,MMLU_selected_subjects,isot_fake_948,chara,0.55,28,218
2025-12-22 15:49:00,Qwen/Qwen3-8B,MMLU_selected_subjects,isot_fake_499,meani,0.582,28,628
2025-12-22 15:50:41,Qwen/Qwen3-8B,MMLU_selected_subjects,isot_fake_949,clean,0.61,28,388
2025-12-22 15:54:06,Qwen/Qwen3-8B,MMLU_selected_subjects,isot_fake_499,wordd,0.593,28,628
2025-12-22 15:55:28,Qwen/Qwen3-8B,MMLU_selected_subjects,isot_fake_949,meani,0.594,28,388
2025-12-22 15:59:50,Qwen/Qwen3-8B,MMLU_selected_subjects,isot_fake_499,chara,0.536,28,628
2025-12-22 16:00:24,Qwen/Qwen3-8B,MMLU_selected_subjects,isot_fake_949,wordd,0.609,28,388
2025-12-22 16:04:47,Qwen/Qwen3-8B,MMLU_selected_subjects,isot_fake_5,clean,0.579,28,222
2025-12-22 16:06:01,Qwen/Qwen3-8B,MMLU_selected_subjects,isot_fake_949,chara,0.518,28,388
2025-12-22 16:09:45,Qwen/Qwen3-8B,MMLU_selected_subjects,isot_fake_5,meani,0.581,28,222
2025-12-22 16:11:05,Qwen/Qwen3-8B,MMLU_selected_subjects,isot_fake_95,clean,0.599,28,490
2025-12-22 16:14:20,Qwen/Qwen3-8B,MMLU_selected_subjects,isot_fake_5,wordd,0.589,28,222
2025-12-22 16:15:57,Qwen/Qwen3-8B,MMLU_selected_subjects,isot_fake_95,meani,0.581,28,490
2025-12-22 16:19:15,Qwen/Qwen3-8B,MMLU_selected_subjects,isot_fake_5,chara,0.526,28,222
2025-12-22 16:20:59,Qwen/Qwen3-8B,MMLU_selected_subjects,isot_fake_95,wordd,0.554,28,490
2025-12-22 16:24:14,Qwen/Qwen3-8B,MMLU_selected_subjects,isot_fake_50,clean,0.595,28,203
2025-12-22 16:26:41,Qwen/Qwen3-8B,MMLU_selected_subjects,isot_fake_95,chara,0.556,28,490
2025-12-22 16:29:02,Qwen/Qwen3-8B,MMLU_selected_subjects,isot_fake_50,meani,0.594,28,203
2025-12-22 16:32:05,Qwen/Qwen3-8B,MMLU_selected_subjects,isot_fake_950,clean,0.634,28,673
2025-12-22 16:33:54,Qwen/Qwen3-8B,MMLU_selected_subjects,isot_fake_50,wordd,0.571,28,203
2025-12-22 16:37:40,Qwen/Qwen3-8B,MMLU_selected_subjects,isot_fake_950,meani,0.6,28,673
2025-12-22 16:39:04,Qwen/Qwen3-8B,MMLU_selected_subjects,isot_fake_50,chara,0.498,28,203
2025-12-22 16:43:07,Qwen/Qwen3-8B,MMLU_selected_subjects,isot_fake_950,wordd,0.57,28,673
2025-12-22 16:44:29,Qwen/Qwen3-8B,MMLU_selected_subjects,isot_fake_500,clean,0.555,28,790
2025-12-22 16:49:10,Qwen/Qwen3-8B,MMLU_selected_subjects,isot_fake_950,chara,0.519,28,673
2025-12-22 16:49:58,Qwen/Qwen3-8B,MMLU_selected_subjects,isot_fake_500,meani,0.577,28,790
2025-12-22 16:54:31,Qwen/Qwen3-8B,MMLU_selected_subjects,isot_fake_951,clean,0.603,28,651
2025-12-22 16:55:26,Qwen/Qwen3-8B,MMLU_selected_subjects,isot_fake_500,wordd,0.582,28,790
2025-12-22 16:59:39,Qwen/Qwen3-8B,MMLU_selected_subjects,isot_fake_951,meani,0.627,28,651
2025-12-22 17:01:38,Qwen/Qwen3-8B,MMLU_selected_subjects,isot_fake_500,chara,0.552,28,790
2025-12-22 17:04:58,Qwen/Qwen3-8B,MMLU_selected_subjects,isot_fake_951,wordd,0.585,28,651
2025-12-22 17:07:18,Qwen/Qwen3-8B,MMLU_selected_subjects,isot_fake_501,clean,0.621,28,786
2025-12-22 17:10:58,Qwen/Qwen3-8B,MMLU_selected_subjects,isot_fake_951,chara,0.567,28,651
2025-12-22 17:12:46,Qwen/Qwen3-8B,MMLU_selected_subjects,isot_fake_501,meani,0.596,28,786
2025-12-22 17:16:20,Qwen/Qwen3-8B,MMLU_selected_subjects,isot_fake_952,clean,0.587,28,697
2025-12-22 17:18:21,Qwen/Qwen3-8B,MMLU_selected_subjects,isot_fake_501,wordd,0.596,28,786
2025-12-22 17:21:50,Qwen/Qwen3-8B,MMLU_selected_subjects,isot_fake_952,meani,0.582,28,697
2025-12-22 17:24:40,Qwen/Qwen3-8B,MMLU_selected_subjects,isot_fake_501,chara,0.536,28,786
2025-12-22 17:27:04,Qwen/Qwen3-8B,MMLU_selected_subjects,isot_fake_952,wordd,0.58,28,697
2025-12-22 17:29:53,Qwen/Qwen3-8B,MMLU_selected_subjects,isot_fake_502,clean,0.614,28,671
2025-12-22 17:33:04,Qwen/Qwen3-8B,MMLU_selected_subjects,isot_fake_952,chara,0.509,28,697
2025-12-22 17:35:15,Qwen/Qwen3-8B,MMLU_selected_subjects,isot_fake_502,meani,0.581,28,671
2025-12-22 17:38:09,Qwen/Qwen3-8B,MMLU_selected_subjects,isot_fake_953,clean,0.572,28,311
2025-12-22 17:40:31,Qwen/Qwen3-8B,MMLU_selected_subjects,isot_fake_502,wordd,0.574,28,671
2025-12-22 17:43:01,Qwen/Qwen3-8B,MMLU_selected_subjects,isot_fake_953,meani,0.576,28,311
2025-12-22 17:46:29,Qwen/Qwen3-8B,MMLU_selected_subjects,isot_fake_502,chara,0.53,28,671
2025-12-22 17:48:02,Qwen/Qwen3-8B,MMLU_selected_subjects,isot_fake_953,wordd,0.588,28,311
2025-12-22 17:51:37,Qwen/Qwen3-8B,MMLU_selected_subjects,isot_fake_503,clean,0.599,28,335
2025-12-22 17:53:27,Qwen/Qwen3-8B,MMLU_selected_subjects,isot_fake_953,chara,0.553,28,311
2025-12-22 17:56:36,Qwen/Qwen3-8B,MMLU_selected_subjects,isot_fake_503,meani,0.599,28,335
2025-12-22 17:58:42,Qwen/Qwen3-8B,MMLU_selected_subjects,isot_fake_954,clean,0.595,28,652
2025-12-22 18:01:32,Qwen/Qwen3-8B,MMLU_selected_subjects,isot_fake_503,wordd,0.606,28,335
2025-12-22 18:04:02,Qwen/Qwen3-8B,MMLU_selected_subjects,isot_fake_954,meani,0.584,28,652
2025-12-22 18:06:54,Qwen/Qwen3-8B,MMLU_selected_subjects,isot_fake_503,chara,0.555,28,335
2025-12-22 18:09:31,Qwen/Qwen3-8B,MMLU_selected_subjects,isot_fake_954,wordd,0.575,28,652
2025-12-22 18:11:57,Qwen/Qwen3-8B,MMLU_selected_subjects,isot_fake_504,clean,0.598,28,357
2025-12-22 18:15:26,Qwen/Qwen3-8B,MMLU_selected_subjects,isot_fake_954,chara,0.548,28,652
2025-12-22 18:16:46,Qwen/Qwen3-8B,MMLU_selected_subjects,isot_fake_504,meani,0.627,28,357
2025-12-22 18:20:38,Qwen/Qwen3-8B,MMLU_selected_subjects,isot_fake_955,clean,0.633,28,685
2025-12-22 18:21:39,Qwen/Qwen3-8B,MMLU_selected_subjects,isot_fake_504,wordd,0.629,28,357
2025-12-22 18:26:02,Qwen/Qwen3-8B,MMLU_selected_subjects,isot_fake_955,meani,0.623,28,685
2025-12-22 18:27:11,Qwen/Qwen3-8B,MMLU_selected_subjects,isot_fake_504,chara,0.515,28,357
2025-12-22 18:31:19,Qwen/Qwen3-8B,MMLU_selected_subjects,isot_fake_955,wordd,0.598,28,685
2025-12-22 18:32:33,Qwen/Qwen3-8B,MMLU_selected_subjects,isot_fake_505,clean,0.593,28,730
2025-12-22 18:37:08,Qwen/Qwen3-8B,MMLU_selected_subjects,isot_fake_955,chara,0.528,28,685
2025-12-22 18:37:50,Qwen/Qwen3-8B,MMLU_selected_subjects,isot_fake_505,meani,0.572,28,730
2025-12-22 18:42:32,Qwen/Qwen3-8B,MMLU_selected_subjects,isot_fake_956,clean,0.611,28,755
2025-12-22 18:43:20,Qwen/Qwen3-8B,MMLU_selected_subjects,isot_fake_505,wordd,0.573,28,730
2025-12-22 18:48:00,Qwen/Qwen3-8B,MMLU_selected_subjects,isot_fake_956,meani,0.583,28,755
2025-12-22 18:49:34,Qwen/Qwen3-8B,MMLU_selected_subjects,isot_fake_505,chara,0.513,28,730
2025-12-22 18:53:14,Qwen/Qwen3-8B,MMLU_selected_subjects,isot_fake_956,wordd,0.566,28,755
2025-12-22 18:54:38,Qwen/Qwen3-8B,MMLU_selected_subjects,isot_fake_506,clean,0.592,28,667
2025-12-22 18:59:22,Qwen/Qwen3-8B,MMLU_selected_subjects,isot_fake_956,chara,0.555,28,755
2025-12-22 18:59:59,Qwen/Qwen3-8B,MMLU_selected_subjects,isot_fake_506,meani,0.613,28,667
2025-12-22 19:04:36,Qwen/Qwen3-8B,MMLU_selected_subjects,isot_fake_957,clean,0.615,28,419
2025-12-22 19:05:18,Qwen/Qwen3-8B,MMLU_selected_subjects,isot_fake_506,wordd,0.593,28,667
2025-12-22 19:09:35,Qwen/Qwen3-8B,MMLU_selected_subjects,isot_fake_957,meani,0.573,28,419
2025-12-22 19:11:04,Qwen/Qwen3-8B,MMLU_selected_subjects,isot_fake_506,chara,0.544,28,667
2025-12-22 19:14:45,Qwen/Qwen3-8B,MMLU_selected_subjects,isot_fake_957,wordd,0.571,28,419
2025-12-22 19:16:10,Qwen/Qwen3-8B,MMLU_selected_subjects,isot_fake_507,clean,0.631,28,438
2025-12-22 19:20:21,Qwen/Qwen3-8B,MMLU_selected_subjects,isot_fake_957,chara,0.556,28,419
2025-12-22 19:21:15,Qwen/Qwen3-8B,MMLU_selected_subjects,isot_fake_507,meani,0.618,28,438
2025-12-22 19:25:30,Qwen/Qwen3-8B,MMLU_selected_subjects,isot_fake_958,clean,0.561,28,667
2025-12-22 19:26:10,Qwen/Qwen3-8B,MMLU_selected_subjects,isot_fake_507,wordd,0.605,28,438
2025-12-22 19:30:52,Qwen/Qwen3-8B,MMLU_selected_subjects,isot_fake_958,meani,0.543,28,667
2025-12-22 19:31:49,Qwen/Qwen3-8B,MMLU_selected_subjects,isot_fake_507,chara,0.511,28,438
2025-12-22 19:36:10,Qwen/Qwen3-8B,MMLU_selected_subjects,isot_fake_958,wordd,0.573,28,667
2025-12-22 19:36:49,Qwen/Qwen3-8B,MMLU_selected_subjects,isot_fake_508,clean,0.622,28,398
2025-12-22 19:41:41,Qwen/Qwen3-8B,MMLU_selected_subjects,isot_fake_508,meani,0.584,28,398
2025-12-22 19:41:55,Qwen/Qwen3-8B,MMLU_selected_subjects,isot_fake_958,chara,0.537,28,667
2025-12-22 19:46:36,Qwen/Qwen3-8B,MMLU_selected_subjects,isot_fake_508,wordd,0.568,28,398
2025-12-22 19:47:07,Qwen/Qwen3-8B,MMLU_selected_subjects,isot_fake_959,clean,0.566,28,673
2025-12-22 19:51:53,Qwen/Qwen3-8B,MMLU_selected_subjects,isot_fake_508,chara,0.56,28,398
2025-12-22 19:52:17,Qwen/Qwen3-8B,MMLU_selected_subjects,isot_fake_959,meani,0.582,28,673
2025-12-22 19:56:59,Qwen/Qwen3-8B,MMLU_selected_subjects,isot_fake_509,clean,0.621,28,593
2025-12-22 19:57:28,Qwen/Qwen3-8B,MMLU_selected_subjects,isot_fake_959,wordd,0.572,28,673
2025-12-22 20:02:04,Qwen/Qwen3-8B,MMLU_selected_subjects,isot_fake_509,meani,0.604,28,593
2025-12-22 20:03:15,Qwen/Qwen3-8B,MMLU_selected_subjects,isot_fake_959,chara,0.56,28,673
2025-12-22 20:07:10,Qwen/Qwen3-8B,MMLU_selected_subjects,isot_fake_509,wordd,0.596,28,593
2025-12-22 20:08:22,Qwen/Qwen3-8B,MMLU_selected_subjects,isot_fake_96,clean,0.626,28,570
2025-12-22 20:12:48,Qwen/Qwen3-8B,MMLU_selected_subjects,isot_fake_509,chara,0.541,28,593
2025-12-22 20:13:29,Qwen/Qwen3-8B,MMLU_selected_subjects,isot_fake_96,meani,0.624,28,570
2025-12-22 20:18:11,Qwen/Qwen3-8B,MMLU_selected_subjects,isot_fake_51,clean,0.641,28,644
2025-12-22 20:18:34,Qwen/Qwen3-8B,MMLU_selected_subjects,isot_fake_96,wordd,0.568,28,570
2025-12-22 20:23:32,Qwen/Qwen3-8B,MMLU_selected_subjects,isot_fake_51,meani,0.571,28,644
2025-12-22 20:24:13,Qwen/Qwen3-8B,MMLU_selected_subjects,isot_fake_96,chara,0.532,28,570
2025-12-22 20:28:54,Qwen/Qwen3-8B,MMLU_selected_subjects,isot_fake_51,wordd,0.564,28,644
2025-12-22 20:29:22,Qwen/Qwen3-8B,MMLU_selected_subjects,isot_fake_960,clean,0.626,28,574
2025-12-22 20:34:23,Qwen/Qwen3-8B,MMLU_selected_subjects,isot_fake_960,meani,0.565,28,574
2025-12-22 20:34:45,Qwen/Qwen3-8B,MMLU_selected_subjects,isot_fake_51,chara,0.534,28,644
2025-12-22 20:39:19,Qwen/Qwen3-8B,MMLU_selected_subjects,isot_fake_960,wordd,0.559,28,574
2025-12-22 20:39:39,Qwen/Qwen3-8B,MMLU_selected_subjects,isot_fake_510,clean,0.64,28,519
2025-12-22 20:44:32,Qwen/Qwen3-8B,MMLU_selected_subjects,isot_fake_510,meani,0.604,28,519
2025-12-22 20:44:49,Qwen/Qwen3-8B,MMLU_selected_subjects,isot_fake_960,chara,0.53,28,574
2025-12-22 20:49:26,Qwen/Qwen3-8B,MMLU_selected_subjects,isot_fake_510,wordd,0.569,28,519
2025-12-22 20:49:59,Qwen/Qwen3-8B,MMLU_selected_subjects,isot_fake_961,clean,0.622,28,775
2025-12-22 20:54:46,Qwen/Qwen3-8B,MMLU_selected_subjects,isot_fake_510,chara,0.539,28,519
2025-12-22 20:55:09,Qwen/Qwen3-8B,MMLU_selected_subjects,isot_fake_961,meani,0.599,28,775
2025-12-22 20:59:27,Qwen/Qwen3-8B,MMLU_selected_subjects,isot_fake_511,clean,0.556,28,405
2025-12-22 21:00:18,Qwen/Qwen3-8B,MMLU_selected_subjects,isot_fake_961,wordd,0.593,28,775
2025-12-22 21:04:07,Qwen/Qwen3-8B,MMLU_selected_subjects,isot_fake_511,meani,0.572,28,405
2025-12-22 21:06:09,Qwen/Qwen3-8B,MMLU_selected_subjects,isot_fake_961,chara,0.535,28,775
2025-12-22 21:08:49,Qwen/Qwen3-8B,MMLU_selected_subjects,isot_fake_511,wordd,0.573,28,405
2025-12-22 21:11:13,Qwen/Qwen3-8B,MMLU_selected_subjects,isot_fake_962,clean,0.601,28,729
2025-12-22 21:13:56,Qwen/Qwen3-8B,MMLU_selected_subjects,isot_fake_511,chara,0.532,28,405
2025-12-22 21:16:16,Qwen/Qwen3-8B,MMLU_selected_subjects,isot_fake_962,meani,0.576,28,729
2025-12-22 21:18:37,Qwen/Qwen3-8B,MMLU_selected_subjects,isot_fake_512,clean,0.587,28,401
2025-12-22 21:21:19,Qwen/Qwen3-8B,MMLU_selected_subjects,isot_fake_962,wordd,0.582,28,729
2025-12-22 21:23:18,Qwen/Qwen3-8B,MMLU_selected_subjects,isot_fake_512,meani,0.592,28,401
2025-12-22 21:27:08,Qwen/Qwen3-8B,MMLU_selected_subjects,isot_fake_962,chara,0.526,28,729
2025-12-22 21:27:59,Qwen/Qwen3-8B,MMLU_selected_subjects,isot_fake_512,wordd,0.564,28,401
2025-12-22 21:32:09,Qwen/Qwen3-8B,MMLU_selected_subjects,isot_fake_963,clean,0.617,28,647
2025-12-22 21:33:07,Qwen/Qwen3-8B,MMLU_selected_subjects,isot_fake_512,chara,0.533,28,401
2025-12-22 21:37:11,Qwen/Qwen3-8B,MMLU_selected_subjects,isot_fake_963,meani,0.605,28,647
2025-12-22 21:37:45,Qwen/Qwen3-8B,MMLU_selected_subjects,isot_fake_513,clean,0.593,28,325
2025-12-22 21:42:13,Qwen/Qwen3-8B,MMLU_selected_subjects,isot_fake_963,wordd,0.61,28,647
2025-12-22 21:42:22,Qwen/Qwen3-8B,MMLU_selected_subjects,isot_fake_513,meani,0.609,28,325
2025-12-22 21:46:59,Qwen/Qwen3-8B,MMLU_selected_subjects,isot_fake_513,wordd,0.595,28,325
2025-12-22 21:47:51,Qwen/Qwen3-8B,MMLU_selected_subjects,isot_fake_963,chara,0.523,28,647
2025-12-22 21:51:57,Qwen/Qwen3-8B,MMLU_selected_subjects,isot_fake_513,chara,0.543,28,325
2025-12-22 21:52:52,Qwen/Qwen3-8B,MMLU_selected_subjects,isot_fake_964,clean,0.611,28,731
2025-12-22 21:56:49,Qwen/Qwen3-8B,MMLU_selected_subjects,isot_fake_514,clean,0.599,28,539
2025-12-22 21:57:54,Qwen/Qwen3-8B,MMLU_selected_subjects,isot_fake_964,meani,0.576,28,731
2025-12-22 22:01:37,Qwen/Qwen3-8B,MMLU_selected_subjects,isot_fake_514,meani,0.599,28,539
2025-12-22 22:02:55,Qwen/Qwen3-8B,MMLU_selected_subjects,isot_fake_964,wordd,0.601,28,731
2025-12-22 22:06:26,Qwen/Qwen3-8B,MMLU_selected_subjects,isot_fake_514,wordd,0.591,28,539
2025-12-22 22:08:41,Qwen/Qwen3-8B,MMLU_selected_subjects,isot_fake_964,chara,0.523,28,731
2025-12-22 22:11:47,Qwen/Qwen3-8B,MMLU_selected_subjects,isot_fake_514,chara,0.542,28,539
2025-12-22 22:13:41,Qwen/Qwen3-8B,MMLU_selected_subjects,isot_fake_965,clean,0.592,28,657
2025-12-22 22:16:22,Qwen/Qwen3-8B,MMLU_selected_subjects,isot_fake_515,clean,0.545,28,263
2025-12-22 22:18:39,Qwen/Qwen3-8B,MMLU_selected_subjects,isot_fake_965,meani,0.596,28,657
2025-12-22 22:20:56,Qwen/Qwen3-8B,MMLU_selected_subjects,isot_fake_515,meani,0.562,28,263
2025-12-22 22:23:37,Qwen/Qwen3-8B,MMLU_selected_subjects,isot_fake_965,wordd,0.607,28,657
2025-12-22 22:25:30,Qwen/Qwen3-8B,MMLU_selected_subjects,isot_fake_515,wordd,0.574,28,263
2025-12-22 22:29:14,Qwen/Qwen3-8B,MMLU_selected_subjects,isot_fake_965,chara,0.531,28,657
2025-12-22 22:30:21,Qwen/Qwen3-8B,MMLU_selected_subjects,isot_fake_515,chara,0.525,28,263
2025-12-22 22:34:13,Qwen/Qwen3-8B,MMLU_selected_subjects,isot_fake_966,clean,0.602,28,716
2025-12-22 22:35:00,Qwen/Qwen3-8B,MMLU_selected_subjects,isot_fake_516,clean,0.634,28,207
2025-12-22 22:39:12,Qwen/Qwen3-8B,MMLU_selected_subjects,isot_fake_966,meani,0.595,28,716
2025-12-22 22:39:38,Qwen/Qwen3-8B,MMLU_selected_subjects,isot_fake_516,meani,0.625,28,207
2025-12-22 22:44:11,Qwen/Qwen3-8B,MMLU_selected_subjects,isot_fake_966,wordd,0.596,28,716
2025-12-22 22:44:16,Qwen/Qwen3-8B,MMLU_selected_subjects,isot_fake_516,wordd,0.619,28,207
2025-12-22 22:49:04,Qwen/Qwen3-8B,MMLU_selected_subjects,isot_fake_516,chara,0.569,28,207
2025-12-22 22:49:56,Qwen/Qwen3-8B,MMLU_selected_subjects,isot_fake_966,chara,0.522,28,716
2025-12-22 22:53:59,Qwen/Qwen3-8B,MMLU_selected_subjects,isot_fake_517,clean,0.585,28,592
2025-12-22 22:54:42,Qwen/Qwen3-8B,MMLU_selected_subjects,isot_fake_967,clean,0.612,28,325
2025-12-22 22:58:52,Qwen/Qwen3-8B,MMLU_selected_subjects,isot_fake_517,meani,0.571,28,592
2025-12-22 22:59:24,Qwen/Qwen3-8B,MMLU_selected_subjects,isot_fake_967,meani,0.609,28,325
2025-12-22 23:03:45,Qwen/Qwen3-8B,MMLU_selected_subjects,isot_fake_517,wordd,0.564,28,592
2025-12-22 23:04:07,Qwen/Qwen3-8B,MMLU_selected_subjects,isot_fake_967,wordd,0.611,28,325
2025-12-22 23:09:06,Qwen/Qwen3-8B,MMLU_selected_subjects,isot_fake_967,chara,0.537,28,325
2025-12-22 23:09:13,Qwen/Qwen3-8B,MMLU_selected_subjects,isot_fake_517,chara,0.525,28,592
2025-12-22 23:13:55,Qwen/Qwen3-8B,MMLU_selected_subjects,isot_fake_518,clean,0.6,28,394
2025-12-22 23:13:57,Qwen/Qwen3-8B,MMLU_selected_subjects,isot_fake_968,clean,0.606,28,587
2025-12-22 23:18:36,Qwen/Qwen3-8B,MMLU_selected_subjects,isot_fake_518,meani,0.596,28,394
2025-12-22 23:18:48,Qwen/Qwen3-8B,MMLU_selected_subjects,isot_fake_968,meani,0.585,28,587
2025-12-22 23:23:18,Qwen/Qwen3-8B,MMLU_selected_subjects,isot_fake_518,wordd,0.609,28,394
2025-12-22 23:23:38,Qwen/Qwen3-8B,MMLU_selected_subjects,isot_fake_968,wordd,0.584,28,587
2025-12-22 23:28:24,Qwen/Qwen3-8B,MMLU_selected_subjects,isot_fake_518,chara,0.558,28,394
2025-12-22 23:29:06,Qwen/Qwen3-8B,MMLU_selected_subjects,isot_fake_968,chara,0.496,28,587
2025-12-22 23:33:13,Qwen/Qwen3-8B,MMLU_selected_subjects,isot_fake_519,clean,0.596,28,515
2025-12-22 23:33:39,Qwen/Qwen3-8B,MMLU_selected_subjects,isot_fake_969,clean,0.563,28,228
2025-12-22 23:38:01,Qwen/Qwen3-8B,MMLU_selected_subjects,isot_fake_519,meani,0.59,28,515
2025-12-22 23:38:10,Qwen/Qwen3-8B,MMLU_selected_subjects,isot_fake_969,meani,0.565,28,228
2025-12-22 23:42:41,Qwen/Qwen3-8B,MMLU_selected_subjects,isot_fake_969,wordd,0.592,28,228
2025-12-22 23:42:49,Qwen/Qwen3-8B,MMLU_selected_subjects,isot_fake_519,wordd,0.605,28,515
2025-12-22 23:47:27,Qwen/Qwen3-8B,MMLU_selected_subjects,isot_fake_969,chara,0.541,28,228
2025-12-22 23:48:08,Qwen/Qwen3-8B,MMLU_selected_subjects,isot_fake_519,chara,0.538,28,515
2025-12-22 23:52:15,Qwen/Qwen3-8B,MMLU_selected_subjects,isot_fake_97,clean,0.629,28,405
2025-12-22 23:52:58,Qwen/Qwen3-8B,MMLU_selected_subjects,isot_fake_52,clean,0.596,28,384
2025-12-22 23:57:05,Qwen/Qwen3-8B,MMLU_selected_subjects,isot_fake_97,meani,0.61,28,405
2025-12-22 23:57:48,Qwen/Qwen3-8B,MMLU_selected_subjects,isot_fake_52,meani,0.604,28,384
2025-12-23 00:01:57,Qwen/Qwen3-8B,MMLU_selected_subjects,isot_fake_97,wordd,0.621,28,405
2025-12-23 00:02:41,Qwen/Qwen3-8B,MMLU_selected_subjects,isot_fake_52,wordd,0.576,28,384
2025-12-23 00:07:20,Qwen/Qwen3-8B,MMLU_selected_subjects,isot_fake_97,chara,0.537,28,405
2025-12-23 00:08:07,Qwen/Qwen3-8B,MMLU_selected_subjects,isot_fake_52,chara,0.555,28,384
2025-12-23 00:12:27,Qwen/Qwen3-8B,MMLU_selected_subjects,isot_fake_970,clean,0.569,28,355
2025-12-23 00:13:21,Qwen/Qwen3-8B,MMLU_selected_subjects,isot_fake_520,clean,0.627,28,408
2025-12-23 00:17:10,Qwen/Qwen3-8B,MMLU_selected_subjects,isot_fake_970,meani,0.58,28,355
2025-12-23 00:18:17,Qwen/Qwen3-8B,MMLU_selected_subjects,isot_fake_520,meani,0.616,28,408
2025-12-23 00:21:51,Qwen/Qwen3-8B,MMLU_selected_subjects,isot_fake_970,wordd,0.583,28,355
2025-12-23 00:23:11,Qwen/Qwen3-8B,MMLU_selected_subjects,isot_fake_520,wordd,0.59,28,408
2025-12-23 00:27:04,Qwen/Qwen3-8B,MMLU_selected_subjects,isot_fake_970,chara,0.49,28,355
2025-12-23 00:28:36,Qwen/Qwen3-8B,MMLU_selected_subjects,isot_fake_520,chara,0.547,28,408
2025-12-23 00:32:12,Qwen/Qwen3-8B,MMLU_selected_subjects,isot_fake_971,clean,0.593,28,520
2025-12-23 00:33:58,Qwen/Qwen3-8B,MMLU_selected_subjects,isot_fake_521,clean,0.613,28,797
2025-12-23 00:37:20,Qwen/Qwen3-8B,MMLU_selected_subjects,isot_fake_971,meani,0.605,28,520
2025-12-23 00:39:16,Qwen/Qwen3-8B,MMLU_selected_subjects,isot_fake_521,meani,0.603,28,797
2025-12-23 00:42:20,Qwen/Qwen3-8B,MMLU_selected_subjects,isot_fake_971,wordd,0.586,28,520
2025-12-23 00:44:33,Qwen/Qwen3-8B,MMLU_selected_subjects,isot_fake_521,wordd,0.589,28,797
2025-12-23 00:48:04,Qwen/Qwen3-8B,MMLU_selected_subjects,isot_fake_971,chara,0.547,28,520
2025-12-23 00:50:47,Qwen/Qwen3-8B,MMLU_selected_subjects,isot_fake_521,chara,0.526,28,797
2025-12-23 00:53:11,Qwen/Qwen3-8B,MMLU_selected_subjects,isot_fake_972,clean,0.622,28,599
2025-12-23 00:55:37,Qwen/Qwen3-8B,MMLU_selected_subjects,isot_fake_522,clean,0.591,28,315
2025-12-23 00:58:23,Qwen/Qwen3-8B,MMLU_selected_subjects,isot_fake_972,meani,0.59,28,599
2025-12-23 01:00:33,Qwen/Qwen3-8B,MMLU_selected_subjects,isot_fake_522,meani,0.553,28,315
2025-12-23 01:03:27,Qwen/Qwen3-8B,MMLU_selected_subjects,isot_fake_972,wordd,0.584,28,599
2025-12-23 01:05:32,Qwen/Qwen3-8B,MMLU_selected_subjects,isot_fake_522,wordd,0.591,28,315
2025-12-23 01:09:15,Qwen/Qwen3-8B,MMLU_selected_subjects,isot_fake_972,chara,0.52,28,599
2025-12-23 01:10:42,Qwen/Qwen3-8B,MMLU_selected_subjects,isot_fake_522,chara,0.527,28,315
2025-12-23 01:14:14,Qwen/Qwen3-8B,MMLU_selected_subjects,isot_fake_973,clean,0.643,28,244
2025-12-23 01:15:59,Qwen/Qwen3-8B,MMLU_selected_subjects,isot_fake_523,clean,0.617,28,414
2025-12-23 01:19:08,Qwen/Qwen3-8B,MMLU_selected_subjects,isot_fake_973,meani,0.638,28,244
2025-12-23 01:21:04,Qwen/Qwen3-8B,MMLU_selected_subjects,isot_fake_523,meani,0.579,28,414
2025-12-23 01:24:14,Qwen/Qwen3-8B,MMLU_selected_subjects,isot_fake_973,wordd,0.608,28,244
2025-12-23 01:26:13,Qwen/Qwen3-8B,MMLU_selected_subjects,isot_fake_523,wordd,0.589,28,414
2025-12-23 01:29:21,Qwen/Qwen3-8B,MMLU_selected_subjects,isot_fake_973,chara,0.518,28,244
2025-12-23 01:31:34,Qwen/Qwen3-8B,MMLU_selected_subjects,isot_fake_523,chara,0.541,28,414
2025-12-23 01:34:05,Qwen/Qwen3-8B,MMLU_selected_subjects,isot_fake_974,clean,0.611,28,347
2025-12-23 01:36:15,Qwen/Qwen3-8B,MMLU_selected_subjects,isot_fake_524,clean,0.605,28,217
2025-12-23 01:38:47,Qwen/Qwen3-8B,MMLU_selected_subjects,isot_fake_974,meani,0.59,28,347
2025-12-23 01:40:52,Qwen/Qwen3-8B,MMLU_selected_subjects,isot_fake_524,meani,0.608,28,217
2025-12-23 01:43:28,Qwen/Qwen3-8B,MMLU_selected_subjects,isot_fake_974,wordd,0.572,28,347
2025-12-23 01:45:30,Qwen/Qwen3-8B,MMLU_selected_subjects,isot_fake_524,wordd,0.597,28,217
2025-12-23 01:48:35,Qwen/Qwen3-8B,MMLU_selected_subjects,isot_fake_974,chara,0.547,28,347
2025-12-23 01:50:28,Qwen/Qwen3-8B,MMLU_selected_subjects,isot_fake_524,chara,0.55,28,217
2025-12-23 01:53:48,Qwen/Qwen3-8B,MMLU_selected_subjects,isot_fake_975,clean,0.622,28,752
2025-12-23 01:55:36,Qwen/Qwen3-8B,MMLU_selected_subjects,isot_fake_525,clean,0.583,28,755
2025-12-23 01:58:55,Qwen/Qwen3-8B,MMLU_selected_subjects,isot_fake_975,meani,0.63,28,752
2025-12-23 02:00:43,Qwen/Qwen3-8B,MMLU_selected_subjects,isot_fake_525,meani,0.577,28,755
2025-12-23 02:04:01,Qwen/Qwen3-8B,MMLU_selected_subjects,isot_fake_975,wordd,0.6,28,752
2025-12-23 02:05:50,Qwen/Qwen3-8B,MMLU_selected_subjects,isot_fake_525,wordd,0.564,28,755
2025-12-23 02:09:51,Qwen/Qwen3-8B,MMLU_selected_subjects,isot_fake_975,chara,0.568,28,752
2025-12-23 02:11:39,Qwen/Qwen3-8B,MMLU_selected_subjects,isot_fake_525,chara,0.531,28,755
2025-12-23 02:14:49,Qwen/Qwen3-8B,MMLU_selected_subjects,isot_fake_976,clean,0.596,28,445
2025-12-23 02:16:24,Qwen/Qwen3-8B,MMLU_selected_subjects,isot_fake_526,clean,0.601,28,262
2025-12-23 02:19:46,Qwen/Qwen3-8B,MMLU_selected_subjects,isot_fake_976,meani,0.607,28,445
2025-12-23 02:21:07,Qwen/Qwen3-8B,MMLU_selected_subjects,isot_fake_526,meani,0.583,28,262
2025-12-23 02:24:43,Qwen/Qwen3-8B,MMLU_selected_subjects,isot_fake_976,wordd,0.592,28,445
2025-12-23 02:25:49,Qwen/Qwen3-8B,MMLU_selected_subjects,isot_fake_526,wordd,0.587,28,262
2025-12-23 02:30:02,Qwen/Qwen3-8B,MMLU_selected_subjects,isot_fake_976,chara,0.537,28,445
2025-12-23 02:30:46,Qwen/Qwen3-8B,MMLU_selected_subjects,isot_fake_526,chara,0.555,28,262
2025-12-23 02:35:05,Qwen/Qwen3-8B,MMLU_selected_subjects,isot_fake_977,clean,0.552,28,519
2025-12-23 02:35:43,Qwen/Qwen3-8B,MMLU_selected_subjects,isot_fake_527,clean,0.637,28,515
2025-12-23 02:40:03,Qwen/Qwen3-8B,MMLU_selected_subjects,isot_fake_977,meani,0.558,28,519
2025-12-23 02:40:34,Qwen/Qwen3-8B,MMLU_selected_subjects,isot_fake_527,meani,0.598,28,515
2025-12-23 02:45:00,Qwen/Qwen3-8B,MMLU_selected_subjects,isot_fake_977,wordd,0.554,28,519
2025-12-23 02:45:25,Qwen/Qwen3-8B,MMLU_selected_subjects,isot_fake_527,wordd,0.583,28,515
2025-12-23 02:50:26,Qwen/Qwen3-8B,MMLU_selected_subjects,isot_fake_977,chara,0.547,28,519
2025-12-23 02:50:48,Qwen/Qwen3-8B,MMLU_selected_subjects,isot_fake_527,chara,0.554,28,515
2025-12-23 02:55:19,Qwen/Qwen3-8B,MMLU_selected_subjects,isot_fake_978,clean,0.616,28,541
2025-12-23 02:55:26,Qwen/Qwen3-8B,MMLU_selected_subjects,isot_fake_528,clean,0.6,28,241
2025-12-23 03:00:03,Qwen/Qwen3-8B,MMLU_selected_subjects,isot_fake_528,meani,0.611,28,241
2025-12-23 03:00:12,Qwen/Qwen3-8B,MMLU_selected_subjects,isot_fake_978,meani,0.594,28,541
2025-12-23 03:04:43,Qwen/Qwen3-8B,MMLU_selected_subjects,isot_fake_528,wordd,0.599,28,241
2025-12-23 03:05:06,Qwen/Qwen3-8B,MMLU_selected_subjects,isot_fake_978,wordd,0.582,28,541
2025-12-23 03:09:34,Qwen/Qwen3-8B,MMLU_selected_subjects,isot_fake_528,chara,0.562,28,241
2025-12-23 03:10:32,Qwen/Qwen3-8B,MMLU_selected_subjects,isot_fake_978,chara,0.544,28,541
2025-12-23 03:14:23,Qwen/Qwen3-8B,MMLU_selected_subjects,isot_fake_529,clean,0.631,28,438
2025-12-23 03:15:39,Qwen/Qwen3-8B,MMLU_selected_subjects,isot_fake_979,clean,0.63,28,558
2025-12-23 03:19:16,Qwen/Qwen3-8B,MMLU_selected_subjects,isot_fake_529,meani,0.606,28,438
2025-12-23 03:20:43,Qwen/Qwen3-8B,MMLU_selected_subjects,isot_fake_979,meani,0.619,28,558
2025-12-23 03:24:02,Qwen/Qwen3-8B,MMLU_selected_subjects,isot_fake_529,wordd,0.599,28,438
2025-12-23 03:25:44,Qwen/Qwen3-8B,MMLU_selected_subjects,isot_fake_979,wordd,0.593,28,558
2025-12-23 03:29:17,Qwen/Qwen3-8B,MMLU_selected_subjects,isot_fake_529,chara,0.534,28,438
2025-12-23 03:31:17,Qwen/Qwen3-8B,MMLU_selected_subjects,isot_fake_979,chara,0.554,28,558
2025-12-23 03:34:09,Qwen/Qwen3-8B,MMLU_selected_subjects,isot_fake_53,clean,0.612,28,477
2025-12-23 03:36:26,Qwen/Qwen3-8B,MMLU_selected_subjects,isot_fake_98,clean,0.625,28,780
2025-12-23 03:39:00,Qwen/Qwen3-8B,MMLU_selected_subjects,isot_fake_53,meani,0.616,28,477
2025-12-23 03:41:35,Qwen/Qwen3-8B,MMLU_selected_subjects,isot_fake_98,meani,0.601,28,780
2025-12-23 03:43:51,Qwen/Qwen3-8B,MMLU_selected_subjects,isot_fake_53,wordd,0.55,28,477
2025-12-23 03:46:44,Qwen/Qwen3-8B,MMLU_selected_subjects,isot_fake_98,wordd,0.598,28,780
2025-12-23 03:49:06,Qwen/Qwen3-8B,MMLU_selected_subjects,isot_fake_53,chara,0.541,28,477
2025-12-23 03:52:40,Qwen/Qwen3-8B,MMLU_selected_subjects,isot_fake_98,chara,0.511,28,780
2025-12-23 03:54:02,Qwen/Qwen3-8B,MMLU_selected_subjects,isot_fake_530,clean,0.609,28,536
2025-12-23 03:57:38,Qwen/Qwen3-8B,MMLU_selected_subjects,isot_fake_980,clean,0.569,28,509
2025-12-23 03:58:57,Qwen/Qwen3-8B,MMLU_selected_subjects,isot_fake_530,meani,0.593,28,536
2025-12-23 04:02:39,Qwen/Qwen3-8B,MMLU_selected_subjects,isot_fake_980,meani,0.578,28,509
2025-12-23 04:03:57,Qwen/Qwen3-8B,MMLU_selected_subjects,isot_fake_530,wordd,0.572,28,536
2025-12-23 04:07:42,Qwen/Qwen3-8B,MMLU_selected_subjects,isot_fake_980,wordd,0.573,28,509
2025-12-23 04:09:26,Qwen/Qwen3-8B,MMLU_selected_subjects,isot_fake_530,chara,0.545,28,536
2025-12-23 04:13:07,Qwen/Qwen3-8B,MMLU_selected_subjects,isot_fake_980,chara,0.564,28,509
2025-12-23 04:14:11,Qwen/Qwen3-8B,MMLU_selected_subjects,isot_fake_531,clean,0.604,28,340
2025-12-23 04:18:20,Qwen/Qwen3-8B,MMLU_selected_subjects,isot_fake_981,clean,0.624,28,746
2025-12-23 04:18:57,Qwen/Qwen3-8B,MMLU_selected_subjects,isot_fake_531,meani,0.615,28,340
2025-12-23 04:23:30,Qwen/Qwen3-8B,MMLU_selected_subjects,isot_fake_981,meani,0.615,28,746
2025-12-23 04:23:42,Qwen/Qwen3-8B,MMLU_selected_subjects,isot_fake_531,wordd,0.609,28,340
2025-12-23 04:28:42,Qwen/Qwen3-8B,MMLU_selected_subjects,isot_fake_981,wordd,0.595,28,746
2025-12-23 04:28:47,Qwen/Qwen3-8B,MMLU_selected_subjects,isot_fake_531,chara,0.557,28,340
2025-12-23 04:33:26,Qwen/Qwen3-8B,MMLU_selected_subjects,isot_fake_532,clean,0.575,28,299
2025-12-23 04:34:36,Qwen/Qwen3-8B,MMLU_selected_subjects,isot_fake_981,chara,0.519,28,746
2025-12-23 04:38:05,Qwen/Qwen3-8B,MMLU_selected_subjects,isot_fake_532,meani,0.594,28,299
2025-12-23 04:39:17,Qwen/Qwen3-8B,MMLU_selected_subjects,isot_fake_982,clean,0.634,28,207
2025-12-23 04:42:45,Qwen/Qwen3-8B,MMLU_selected_subjects,isot_fake_532,wordd,0.589,28,299
2025-12-23 04:43:58,Qwen/Qwen3-8B,MMLU_selected_subjects,isot_fake_982,meani,0.613,28,207
2025-12-23 04:47:41,Qwen/Qwen3-8B,MMLU_selected_subjects,isot_fake_532,chara,0.559,28,299
2025-12-23 04:48:40,Qwen/Qwen3-8B,MMLU_selected_subjects,isot_fake_982,wordd,0.617,28,207
2025-12-23 04:52:59,Qwen/Qwen3-8B,MMLU_selected_subjects,isot_fake_533,clean,0.621,28,748
2025-12-23 04:53:35,Qwen/Qwen3-8B,MMLU_selected_subjects,isot_fake_982,chara,0.543,28,207
2025-12-23 04:58:09,Qwen/Qwen3-8B,MMLU_selected_subjects,isot_fake_533,meani,0.583,28,748
2025-12-23 04:58:27,Qwen/Qwen3-8B,MMLU_selected_subjects,isot_fake_983,clean,0.606,28,507
2025-12-23 05:03:18,Qwen/Qwen3-8B,MMLU_selected_subjects,isot_fake_983,meani,0.594,28,507
2025-12-23 05:03:20,Qwen/Qwen3-8B,MMLU_selected_subjects,isot_fake_533,wordd,0.589,28,748
2025-12-23 05:08:09,Qwen/Qwen3-8B,MMLU_selected_subjects,isot_fake_983,wordd,0.569,28,507
2025-12-23 05:09:13,Qwen/Qwen3-8B,MMLU_selected_subjects,isot_fake_533,chara,0.524,28,748
2025-12-23 05:13:31,Qwen/Qwen3-8B,MMLU_selected_subjects,isot_fake_983,chara,0.561,28,507
2025-12-23 05:13:56,Qwen/Qwen3-8B,MMLU_selected_subjects,isot_fake_534,clean,0.591,28,327
2025-12-23 05:18:26,Qwen/Qwen3-8B,MMLU_selected_subjects,isot_fake_984,clean,0.621,28,431
2025-12-23 05:18:37,Qwen/Qwen3-8B,MMLU_selected_subjects,isot_fake_534,meani,0.562,28,327
2025-12-23 05:23:17,Qwen/Qwen3-8B,MMLU_selected_subjects,isot_fake_534,wordd,0.592,28,327
2025-12-23 05:23:20,Qwen/Qwen3-8B,MMLU_selected_subjects,isot_fake_984,meani,0.609,28,431
2025-12-23 05:28:16,Qwen/Qwen3-8B,MMLU_selected_subjects,isot_fake_984,wordd,0.599,28,431
2025-12-23 05:28:18,Qwen/Qwen3-8B,MMLU_selected_subjects,isot_fake_534,chara,0.546,28,327
2025-12-23 05:33:03,Qwen/Qwen3-8B,MMLU_selected_subjects,isot_fake_535,clean,0.606,28,352
2025-12-23 05:33:34,Qwen/Qwen3-8B,MMLU_selected_subjects,isot_fake_984,chara,0.554,28,431
2025-12-23 05:37:48,Qwen/Qwen3-8B,MMLU_selected_subjects,isot_fake_535,meani,0.586,28,352
2025-12-23 05:38:37,Qwen/Qwen3-8B,MMLU_selected_subjects,isot_fake_985,clean,0.588,28,639
2025-12-23 05:42:36,Qwen/Qwen3-8B,MMLU_selected_subjects,isot_fake_535,wordd,0.597,28,352
2025-12-23 05:43:40,Qwen/Qwen3-8B,MMLU_selected_subjects,isot_fake_985,meani,0.589,28,639
2025-12-23 05:47:41,Qwen/Qwen3-8B,MMLU_selected_subjects,isot_fake_535,chara,0.522,28,352
2025-12-23 05:48:39,Qwen/Qwen3-8B,MMLU_selected_subjects,isot_fake_985,wordd,0.574,28,639
2025-12-23 05:52:53,Qwen/Qwen3-8B,MMLU_selected_subjects,isot_fake_536,clean,0.627,28,795
2025-12-23 05:54:14,Qwen/Qwen3-8B,MMLU_selected_subjects,isot_fake_985,chara,0.545,28,639
2025-12-23 05:58:04,Qwen/Qwen3-8B,MMLU_selected_subjects,isot_fake_536,meani,0.597,28,795
2025-12-23 05:59:15,Qwen/Qwen3-8B,MMLU_selected_subjects,isot_fake_986,clean,0.628,28,643
2025-12-23 06:03:16,Qwen/Qwen3-8B,MMLU_selected_subjects,isot_fake_536,wordd,0.57,28,795
2025-12-23 06:04:16,Qwen/Qwen3-8B,MMLU_selected_subjects,isot_fake_986,meani,0.588,28,643
2025-12-23 06:09:15,Qwen/Qwen3-8B,MMLU_selected_subjects,isot_fake_536,chara,0.534,28,795
2025-12-23 06:09:17,Qwen/Qwen3-8B,MMLU_selected_subjects,isot_fake_986,wordd,0.584,28,643
2025-12-23 06:13:51,Qwen/Qwen3-8B,MMLU_selected_subjects,isot_fake_537,clean,0.579,28,259
2025-12-23 06:14:57,Qwen/Qwen3-8B,MMLU_selected_subjects,isot_fake_986,chara,0.557,28,643
2025-12-23 06:18:25,Qwen/Qwen3-8B,MMLU_selected_subjects,isot_fake_537,meani,0.583,28,259
2025-12-23 06:19:54,Qwen/Qwen3-8B,MMLU_selected_subjects,isot_fake_987,clean,0.614,28,632
2025-12-23 06:23:01,Qwen/Qwen3-8B,MMLU_selected_subjects,isot_fake_537,wordd,0.582,28,259
2025-12-23 06:24:51,Qwen/Qwen3-8B,MMLU_selected_subjects,isot_fake_987,meani,0.613,28,632
2025-12-23 06:27:55,Qwen/Qwen3-8B,MMLU_selected_subjects,isot_fake_537,chara,0.522,28,259
2025-12-23 06:29:48,Qwen/Qwen3-8B,MMLU_selected_subjects,isot_fake_987,wordd,0.597,28,632
2025-12-23 06:32:30,Qwen/Qwen3-8B,MMLU_selected_subjects,isot_fake_538,clean,0.579,28,222
2025-12-23 06:35:22,Qwen/Qwen3-8B,MMLU_selected_subjects,isot_fake_987,chara,0.543,28,632
2025-12-23 06:37:07,Qwen/Qwen3-8B,MMLU_selected_subjects,isot_fake_538,meani,0.607,28,222
2025-12-23 06:40:23,Qwen/Qwen3-8B,MMLU_selected_subjects,isot_fake_988,clean,0.603,28,633
2025-12-23 06:41:46,Qwen/Qwen3-8B,MMLU_selected_subjects,isot_fake_538,wordd,0.594,28,222
2025-12-23 06:45:17,Qwen/Qwen3-8B,MMLU_selected_subjects,isot_fake_988,meani,0.621,28,633
2025-12-23 06:46:36,Qwen/Qwen3-8B,MMLU_selected_subjects,isot_fake_538,chara,0.545,28,222
2025-12-23 06:50:11,Qwen/Qwen3-8B,MMLU_selected_subjects,isot_fake_988,wordd,0.59,28,633
2025-12-23 06:51:34,Qwen/Qwen3-8B,MMLU_selected_subjects,isot_fake_539,clean,0.62,28,621
2025-12-23 06:55:44,Qwen/Qwen3-8B,MMLU_selected_subjects,isot_fake_988,chara,0.53,28,633
2025-12-23 06:56:31,Qwen/Qwen3-8B,MMLU_selected_subjects,isot_fake_539,meani,0.574,28,621
2025-12-23 07:00:28,Qwen/Qwen3-8B,MMLU_selected_subjects,isot_fake_989,clean,0.613,28,308
2025-12-23 07:01:30,Qwen/Qwen3-8B,MMLU_selected_subjects,isot_fake_539,wordd,0.606,28,621
2025-12-23 07:05:13,Qwen/Qwen3-8B,MMLU_selected_subjects,isot_fake_989,meani,0.609,28,308
2025-12-23 07:07:05,Qwen/Qwen3-8B,MMLU_selected_subjects,isot_fake_539,chara,0.561,28,621
2025-12-23 07:09:59,Qwen/Qwen3-8B,MMLU_selected_subjects,isot_fake_989,wordd,0.603,28,308
2025-12-23 07:11:44,Qwen/Qwen3-8B,MMLU_selected_subjects,isot_fake_54,clean,0.556,28,256
2025-12-23 07:15:01,Qwen/Qwen3-8B,MMLU_selected_subjects,isot_fake_989,chara,0.534,28,308
2025-12-23 07:16:22,Qwen/Qwen3-8B,MMLU_selected_subjects,isot_fake_54,meani,0.592,28,256
2025-12-23 07:19:59,Qwen/Qwen3-8B,MMLU_selected_subjects,isot_fake_99,clean,0.611,28,542
2025-12-23 07:21:00,Qwen/Qwen3-8B,MMLU_selected_subjects,isot_fake_54,wordd,0.58,28,256
2025-12-23 07:24:56,Qwen/Qwen3-8B,MMLU_selected_subjects,isot_fake_99,meani,0.617,28,542
2025-12-23 07:25:52,Qwen/Qwen3-8B,MMLU_selected_subjects,isot_fake_54,chara,0.547,28,256
2025-12-23 07:29:55,Qwen/Qwen3-8B,MMLU_selected_subjects,isot_fake_99,wordd,0.606,28,542
2025-12-23 07:30:28,Qwen/Qwen3-8B,MMLU_selected_subjects,isot_fake_540,clean,0.611,28,226
2025-12-23 07:35:03,Qwen/Qwen3-8B,MMLU_selected_subjects,isot_fake_540,meani,0.595,28,226
2025-12-23 07:35:24,Qwen/Qwen3-8B,MMLU_selected_subjects,isot_fake_99,chara,0.548,28,542
2025-12-23 07:39:41,Qwen/Qwen3-8B,MMLU_selected_subjects,isot_fake_540,wordd,0.603,28,226
2025-12-23 07:40:36,Qwen/Qwen3-8B,MMLU_selected_subjects,isot_fake_990,clean,0.589,28,786
2025-12-23 07:44:32,Qwen/Qwen3-8B,MMLU_selected_subjects,isot_fake_540,chara,0.564,28,226
2025-12-23 07:45:44,Qwen/Qwen3-8B,MMLU_selected_subjects,isot_fake_990,meani,0.603,28,786
2025-12-23 07:49:10,Qwen/Qwen3-8B,MMLU_selected_subjects,isot_fake_541,clean,0.542,28,291
2025-12-23 07:50:50,Qwen/Qwen3-8B,MMLU_selected_subjects,isot_fake_990,wordd,0.591,28,786
2025-12-23 07:53:47,Qwen/Qwen3-8B,MMLU_selected_subjects,isot_fake_541,meani,0.568,28,291
2025-12-23 07:56:45,Qwen/Qwen3-8B,MMLU_selected_subjects,isot_fake_990,chara,0.545,28,786
2025-12-23 07:58:24,Qwen/Qwen3-8B,MMLU_selected_subjects,isot_fake_541,wordd,0.592,28,291
2025-12-23 08:01:48,Qwen/Qwen3-8B,MMLU_selected_subjects,isot_fake_991,clean,0.625,28,461
2025-12-23 08:03:21,Qwen/Qwen3-8B,MMLU_selected_subjects,isot_fake_541,chara,0.518,28,291
2025-12-23 08:06:55,Qwen/Qwen3-8B,MMLU_selected_subjects,isot_fake_991,meani,0.592,28,461
2025-12-23 08:08:26,Qwen/Qwen3-8B,MMLU_selected_subjects,isot_fake_542,clean,0.616,28,592
2025-12-23 08:12:03,Qwen/Qwen3-8B,MMLU_selected_subjects,isot_fake_991,wordd,0.587,28,461
2025-12-23 08:13:31,Qwen/Qwen3-8B,MMLU_selected_subjects,isot_fake_542,meani,0.569,28,592
2025-12-23 08:17:35,Qwen/Qwen3-8B,MMLU_selected_subjects,isot_fake_991,chara,0.547,28,461
2025-12-23 08:18:38,Qwen/Qwen3-8B,MMLU_selected_subjects,isot_fake_542,wordd,0.574,28,592
2025-12-23 08:22:23,Qwen/Qwen3-8B,MMLU_selected_subjects,isot_fake_992,clean,0.612,28,413
2025-12-23 08:24:18,Qwen/Qwen3-8B,MMLU_selected_subjects,isot_fake_542,chara,0.505,28,592
2025-12-23 08:27:09,Qwen/Qwen3-8B,MMLU_selected_subjects,isot_fake_992,meani,0.602,28,413
2025-12-23 08:29:14,Qwen/Qwen3-8B,MMLU_selected_subjects,isot_fake_543,clean,0.612,28,585
2025-12-23 08:31:54,Qwen/Qwen3-8B,MMLU_selected_subjects,isot_fake_992,wordd,0.568,28,413
2025-12-23 08:34:07,Qwen/Qwen3-8B,MMLU_selected_subjects,isot_fake_543,meani,0.603,28,585
2025-12-23 08:37:03,Qwen/Qwen3-8B,MMLU_selected_subjects,isot_fake_992,chara,0.552,28,413
2025-12-23 08:38:59,Qwen/Qwen3-8B,MMLU_selected_subjects,isot_fake_543,wordd,0.607,28,585
2025-12-23 08:41:57,Qwen/Qwen3-8B,MMLU_selected_subjects,isot_fake_993,clean,0.592,28,667
2025-12-23 08:44:26,Qwen/Qwen3-8B,MMLU_selected_subjects,isot_fake_543,chara,0.532,28,585
2025-12-23 08:46:51,Qwen/Qwen3-8B,MMLU_selected_subjects,isot_fake_993,meani,0.603,28,667
2025-12-23 08:48:59,Qwen/Qwen3-8B,MMLU_selected_subjects,isot_fake_544,clean,0.575,28,231
2025-12-23 08:51:46,Qwen/Qwen3-8B,MMLU_selected_subjects,isot_fake_993,wordd,0.584,28,667
2025-12-23 08:53:33,Qwen/Qwen3-8B,MMLU_selected_subjects,isot_fake_544,meani,0.511,28,231
2025-12-23 08:57:21,Qwen/Qwen3-8B,MMLU_selected_subjects,isot_fake_993,chara,0.554,28,667
2025-12-23 08:58:07,Qwen/Qwen3-8B,MMLU_selected_subjects,isot_fake_544,wordd,0.527,28,231
2025-12-23 09:02:09,Qwen/Qwen3-8B,MMLU_selected_subjects,isot_fake_994,clean,0.62,28,421
2025-12-23 09:02:53,Qwen/Qwen3-8B,MMLU_selected_subjects,isot_fake_544,chara,0.472,28,231
2025-12-23 09:06:57,Qwen/Qwen3-8B,MMLU_selected_subjects,isot_fake_994,meani,0.583,28,421
2025-12-23 09:07:52,Qwen/Qwen3-8B,MMLU_selected_subjects,isot_fake_545,clean,0.63,28,511
2025-12-23 09:11:44,Qwen/Qwen3-8B,MMLU_selected_subjects,isot_fake_994,wordd,0.572,28,421
2025-12-23 09:12:47,Qwen/Qwen3-8B,MMLU_selected_subjects,isot_fake_545,meani,0.6,28,511
2025-12-23 09:16:56,Qwen/Qwen3-8B,MMLU_selected_subjects,isot_fake_994,chara,0.54,28,421
2025-12-23 09:17:43,Qwen/Qwen3-8B,MMLU_selected_subjects,isot_fake_545,wordd,0.589,28,511
2025-12-23 09:21:30,Qwen/Qwen3-8B,MMLU_selected_subjects,isot_fake_995,clean,0.579,28,222
2025-12-23 09:23:05,Qwen/Qwen3-8B,MMLU_selected_subjects,isot_fake_545,chara,0.53,28,511
2025-12-23 09:26:03,Qwen/Qwen3-8B,MMLU_selected_subjects,isot_fake_995,meani,0.609,28,222
2025-12-23 09:28:04,Qwen/Qwen3-8B,MMLU_selected_subjects,isot_fake_546,clean,0.617,28,716
2025-12-23 09:30:36,Qwen/Qwen3-8B,MMLU_selected_subjects,isot_fake_995,wordd,0.607,28,222
2025-12-23 09:33:02,Qwen/Qwen3-8B,MMLU_selected_subjects,isot_fake_546,meani,0.611,28,716
2025-12-23 09:35:23,Qwen/Qwen3-8B,MMLU_selected_subjects,isot_fake_995,chara,0.544,28,222
2025-12-23 09:38:00,Qwen/Qwen3-8B,MMLU_selected_subjects,isot_fake_546,wordd,0.58,28,716
2025-12-23 09:39:55,Qwen/Qwen3-8B,MMLU_selected_subjects,isot_fake_996,clean,0.616,28,198
2025-12-23 09:43:41,Qwen/Qwen3-8B,MMLU_selected_subjects,isot_fake_546,chara,0.523,28,716
2025-12-23 09:44:27,Qwen/Qwen3-8B,MMLU_selected_subjects,isot_fake_996,meani,0.583,28,198
2025-12-23 09:48:48,Qwen/Qwen3-8B,MMLU_selected_subjects,isot_fake_547,clean,0.615,28,792
2025-12-23 09:48:59,Qwen/Qwen3-8B,MMLU_selected_subjects,isot_fake_996,wordd,0.536,28,198
2025-12-23 09:53:42,Qwen/Qwen3-8B,MMLU_selected_subjects,isot_fake_996,chara,0.554,28,198
2025-12-23 09:53:52,Qwen/Qwen3-8B,MMLU_selected_subjects,isot_fake_547,meani,0.573,28,792
2025-12-23 09:58:27,Qwen/Qwen3-8B,MMLU_selected_subjects,isot_fake_997,clean,0.594,28,445
2025-12-23 09:58:56,Qwen/Qwen3-8B,MMLU_selected_subjects,isot_fake_547,wordd,0.588,28,792
2025-12-23 10:03:11,Qwen/Qwen3-8B,MMLU_selected_subjects,isot_fake_997,meani,0.593,28,445
2025-12-23 10:04:48,Qwen/Qwen3-8B,MMLU_selected_subjects,isot_fake_547,chara,0.534,28,792
2025-12-23 10:07:54,Qwen/Qwen3-8B,MMLU_selected_subjects,isot_fake_997,wordd,0.587,28,445
2025-12-23 10:09:46,Qwen/Qwen3-8B,MMLU_selected_subjects,isot_fake_548,clean,0.587,28,689
2025-12-23 10:13:06,Qwen/Qwen3-8B,MMLU_selected_subjects,isot_fake_997,chara,0.531,28,445
2025-12-23 10:14:43,Qwen/Qwen3-8B,MMLU_selected_subjects,isot_fake_548,meani,0.564,28,689
2025-12-23 10:18:04,Qwen/Qwen3-8B,MMLU_selected_subjects,isot_fake_998,clean,0.61,28,629
2025-12-23 10:19:40,Qwen/Qwen3-8B,MMLU_selected_subjects,isot_fake_548,wordd,0.564,28,689
2025-12-23 10:23:01,Qwen/Qwen3-8B,MMLU_selected_subjects,isot_fake_998,meani,0.603,28,629
2025-12-23 10:25:19,Qwen/Qwen3-8B,MMLU_selected_subjects,isot_fake_548,chara,0.559,28,689
2025-12-23 10:27:56,Qwen/Qwen3-8B,MMLU_selected_subjects,isot_fake_998,wordd,0.587,28,629
2025-12-23 10:33:28,Qwen/Qwen3-8B,MMLU_selected_subjects,isot_fake_998,chara,0.525,28,629
2025-12-23 10:38:07,Qwen/Qwen3-8B,MMLU_selected_subjects,isot_fake_999,clean,0.56,28,397
2025-12-23 10:42:46,Qwen/Qwen3-8B,MMLU_selected_subjects,isot_fake_999,meani,0.572,28,397
2025-12-23 10:47:26,Qwen/Qwen3-8B,MMLU_selected_subjects,isot_fake_999,wordd,0.546,28,397
2025-12-23 10:52:31,Qwen/Qwen3-8B,MMLU_selected_subjects,isot_fake_999,chara,0.521,28,397
2026-01-11 10:29:47,google/gemma-2-9b,MMLU_selected_subjects,isot_fake_1,clean,0.51,28,691
2026-01-11 10:36:20,google/gemma-2-9b,MMLU_selected_subjects,isot_fake_1,meani,0.449,28,691
2026-01-11 10:42:26,google/gemma-2-9b,MMLU_selected_subjects,isot_fake_10,clean,0.464,28,357
2026-01-11 10:48:30,google/gemma-2-9b,MMLU_selected_subjects,isot_fake_10,meani,0.074,28,357
2026-01-11 10:54:35,google/gemma-2-9b,MMLU_selected_subjects,isot_fake_100,clean,0.214,28,306
2026-01-11 11:00:41,google/gemma-2-9b,MMLU_selected_subjects,isot_fake_100,meani,0.314,28,306
2026-01-11 11:07:16,google/gemma-2-9b,MMLU_selected_subjects,isot_fake_1000,clean,0.483,28,706
2026-01-11 11:13:51,google/gemma-2-9b,MMLU_selected_subjects,isot_fake_1000,meani,0.463,28,706
2026-01-11 11:20:30,google/gemma-2-9b,MMLU_selected_subjects,isot_fake_101,clean,0.462,28,761
2026-01-11 11:27:09,google/gemma-2-9b,MMLU_selected_subjects,isot_fake_101,meani,0.507,28,761
2026-01-11 11:33:54,google/gemma-2-9b,MMLU_selected_subjects,isot_fake_102,clean,0.513,28,600
2026-01-11 11:40:37,google/gemma-2-9b,MMLU_selected_subjects,isot_fake_102,meani,0.35,28,600
2026-01-11 11:47:03,google/gemma-2-9b,MMLU_selected_subjects,isot_fake_103,clean,0.485,28,511
2026-01-11 11:53:29,google/gemma-2-9b,MMLU_selected_subjects,isot_fake_103,meani,0.434,28,511
2026-01-11 11:59:35,google/gemma-2-9b,MMLU_selected_subjects,isot_fake_104,clean,0.507,28,211
2026-01-11 12:05:41,google/gemma-2-9b,MMLU_selected_subjects,isot_fake_104,meani,0.33,28,211
2026-01-11 12:12:07,google/gemma-2-9b,MMLU_selected_subjects,isot_fake_105,clean,0.483,28,709
2026-01-11 12:18:35,google/gemma-2-9b,MMLU_selected_subjects,isot_fake_105,meani,0.371,28,709
2026-01-11 12:24:39,google/gemma-2-9b,MMLU_selected_subjects,isot_fake_106,clean,0.503,28,206
2026-01-11 12:30:43,google/gemma-2-9b,MMLU_selected_subjects,isot_fake_106,meani,0.354,28,206
2026-01-11 12:36:47,google/gemma-2-9b,MMLU_selected_subjects,isot_fake_107,clean,0.502,28,200
2026-01-11 12:42:51,google/gemma-2-9b,MMLU_selected_subjects,isot_fake_107,meani,0.333,28,200
2026-01-11 12:49:14,google/gemma-2-9b,MMLU_selected_subjects,isot_fake_108,clean,0.459,28,389
2026-01-11 12:55:38,google/gemma-2-9b,MMLU_selected_subjects,isot_fake_108,meani,0.304,28,389
2026-01-11 13:02:16,google/gemma-2-9b,MMLU_selected_subjects,isot_fake_109,clean,0.482,28,724
2026-01-11 13:08:54,google/gemma-2-9b,MMLU_selected_subjects,isot_fake_109,meani,0.366,28,724
2026-01-11 13:15:19,google/gemma-2-9b,MMLU_selected_subjects,isot_fake_11,clean,0.43,28,630
2026-01-11 13:21:46,google/gemma-2-9b,MMLU_selected_subjects,isot_fake_11,meani,0.45,28,630
2026-01-11 13:28:30,google/gemma-2-9b,MMLU_selected_subjects,isot_fake_110,clean,0.513,28,552
2026-01-11 13:35:17,google/gemma-2-9b,MMLU_selected_subjects,isot_fake_110,meani,0.222,28,552
2026-01-11 13:41:48,google/gemma-2-9b,MMLU_selected_subjects,isot_fake_111,clean,0.546,28,691
2026-01-11 13:48:19,google/gemma-2-9b,MMLU_selected_subjects,isot_fake_111,meani,0.362,28,691
2026-01-11 13:54:25,google/gemma-2-9b,MMLU_selected_subjects,isot_fake_112,clean,0.492,28,329
2026-01-11 14:00:31,google/gemma-2-9b,MMLU_selected_subjects,isot_fake_112,meani,0.444,28,329
2026-01-11 14:06:51,google/gemma-2-9b,MMLU_selected_subjects,isot_fake_113,clean,0.384,28,415
2026-01-11 14:13:12,google/gemma-2-9b,MMLU_selected_subjects,isot_fake_113,meani,0.208,28,415
2026-01-11 14:19:46,google/gemma-2-9b,MMLU_selected_subjects,isot_fake_114,clean,0.496,28,686
2026-01-11 14:26:21,google/gemma-2-9b,MMLU_selected_subjects,isot_fake_114,meani,0.422,28,686
2026-01-11 14:32:33,google/gemma-2-9b,MMLU_selected_subjects,isot_fake_115,clean,0.489,28,410
2026-01-11 14:38:43,google/gemma-2-9b,MMLU_selected_subjects,isot_fake_115,meani,0.444,28,410
2026-01-11 14:45:10,google/gemma-2-9b,MMLU_selected_subjects,isot_fake_116,clean,0.532,28,648
2026-01-11 14:51:39,google/gemma-2-9b,MMLU_selected_subjects,isot_fake_116,meani,0.511,28,648
2026-01-11 14:57:50,google/gemma-2-9b,MMLU_selected_subjects,isot_fake_117,clean,0.366,28,383
2026-01-11 15:03:59,google/gemma-2-9b,MMLU_selected_subjects,isot_fake_117,meani,0.405,28,383
2026-01-11 15:10:35,google/gemma-2-9b,MMLU_selected_subjects,isot_fake_118,clean,0.316,28,695
2026-01-11 15:17:12,google/gemma-2-9b,MMLU_selected_subjects,isot_fake_118,meani,0.438,28,695
2026-01-11 15:23:44,google/gemma-2-9b,MMLU_selected_subjects,isot_fake_119,clean,0.5,28,677
2026-01-11 15:30:18,google/gemma-2-9b,MMLU_selected_subjects,isot_fake_119,meani,0.445,28,677
2026-01-11 15:37:02,google/gemma-2-9b,MMLU_selected_subjects,isot_fake_12,clean,0.515,28,731
2026-01-11 15:43:46,google/gemma-2-9b,MMLU_selected_subjects,isot_fake_12,meani,0.377,28,731
2026-01-11 15:49:55,google/gemma-2-9b,MMLU_selected_subjects,isot_fake_120,clean,0.403,28,370
2026-01-11 15:56:03,google/gemma-2-9b,MMLU_selected_subjects,isot_fake_120,meani,0.37,28,370
2026-01-11 16:02:34,google/gemma-2-9b,MMLU_selected_subjects,isot_fake_121,clean,0.478,28,533
2026-01-11 16:09:03,google/gemma-2-9b,MMLU_selected_subjects,isot_fake_121,meani,0.335,28,533
2026-01-11 16:15:18,google/gemma-2-9b,MMLU_selected_subjects,isot_fake_122,clean,0.455,28,496
2026-01-11 16:21:34,google/gemma-2-9b,MMLU_selected_subjects,isot_fake_122,meani,0.506,28,496
2026-01-11 16:27:43,google/gemma-2-9b,MMLU_selected_subjects,isot_fake_123,clean,0.351,28,240
2026-01-11 16:33:49,google/gemma-2-9b,MMLU_selected_subjects,isot_fake_123,meani,0.308,28,240
2026-01-11 16:40:20,google/gemma-2-9b,MMLU_selected_subjects,isot_fake_124,clean,0.519,28,533
2026-01-11 16:46:48,google/gemma-2-9b,MMLU_selected_subjects,isot_fake_124,meani,0.508,28,533
2026-01-11 16:52:55,google/gemma-2-9b,MMLU_selected_subjects,isot_fake_125,clean,0.517,28,382
2026-01-11 16:59:02,google/gemma-2-9b,MMLU_selected_subjects,isot_fake_125,meani,0.427,28,382
2026-01-11 17:05:36,google/gemma-2-9b,MMLU_selected_subjects,isot_fake_126,clean,0.542,28,763
2026-01-11 17:12:10,google/gemma-2-9b,MMLU_selected_subjects,isot_fake_126,meani,0.46,28,763
2026-01-11 17:18:20,google/gemma-2-9b,MMLU_selected_subjects,isot_fake_127,clean,0.416,28,370
2026-01-11 17:24:32,google/gemma-2-9b,MMLU_selected_subjects,isot_fake_127,meani,0.34,28,370
2026-01-11 17:31:13,google/gemma-2-9b,MMLU_selected_subjects,isot_fake_128,clean,0.461,28,779
2026-01-11 17:37:53,google/gemma-2-9b,MMLU_selected_subjects,isot_fake_128,meani,0.322,28,779
2026-01-11 17:44:37,google/gemma-2-9b,MMLU_selected_subjects,isot_fake_129,clean,0.415,28,788
2026-01-11 17:51:23,google/gemma-2-9b,MMLU_selected_subjects,isot_fake_129,meani,0.452,28,788
2026-01-11 17:57:45,google/gemma-2-9b,MMLU_selected_subjects,isot_fake_13,clean,0.301,28,611
2026-01-11 18:04:15,google/gemma-2-9b,MMLU_selected_subjects,isot_fake_13,meani,0.341,28,611
2026-01-11 18:10:44,google/gemma-2-9b,MMLU_selected_subjects,isot_fake_130,clean,0.535,28,679
2026-01-11 18:17:13,google/gemma-2-9b,MMLU_selected_subjects,isot_fake_130,meani,0.5,28,679
2026-01-11 18:23:33,google/gemma-2-9b,MMLU_selected_subjects,isot_fake_131,clean,0.471,28,423
2026-01-11 18:29:53,google/gemma-2-9b,MMLU_selected_subjects,isot_fake_131,meani,0.39,28,423
2026-01-11 18:35:51,google/gemma-2-9b,MMLU_selected_subjects,isot_fake_132,clean,0.506,28,230
2026-01-11 18:41:48,google/gemma-2-9b,MMLU_selected_subjects,isot_fake_132,meani,0.504,28,230
2026-01-11 18:48:20,google/gemma-2-9b,MMLU_selected_subjects,isot_fake_133,clean,0.503,28,670
2026-01-11 18:54:51,google/gemma-2-9b,MMLU_selected_subjects,isot_fake_133,meani,0.458,28,670
2026-01-11 19:01:13,google/gemma-2-9b,MMLU_selected_subjects,isot_fake_134,clean,0.442,28,435
2026-01-11 19:07:34,google/gemma-2-9b,MMLU_selected_subjects,isot_fake_134,meani,0.452,28,435
2026-01-11 19:13:37,google/gemma-2-9b,MMLU_selected_subjects,isot_fake_135,clean,0.523,28,200
2026-01-11 19:19:40,google/gemma-2-9b,MMLU_selected_subjects,isot_fake_135,meani,0.38,28,200
2026-01-11 19:25:50,google/gemma-2-9b,MMLU_selected_subjects,isot_fake_136,clean,0.484,28,371
2026-01-11 19:31:58,google/gemma-2-9b,MMLU_selected_subjects,isot_fake_136,meani,0.413,28,371
2026-01-11 19:38:14,google/gemma-2-9b,MMLU_selected_subjects,isot_fake_137,clean,0.493,28,284
2026-01-11 19:44:31,google/gemma-2-9b,MMLU_selected_subjects,isot_fake_137,meani,0.299,28,284
2026-01-11 19:51:00,google/gemma-2-9b,MMLU_selected_subjects,isot_fake_138,clean,0.416,28,675
2026-01-11 19:57:27,google/gemma-2-9b,MMLU_selected_subjects,isot_fake_138,meani,0.298,28,675
2026-01-11 20:03:58,google/gemma-2-9b,MMLU_selected_subjects,isot_fake_139,clean,0.306,28,675
2026-01-11 20:10:29,google/gemma-2-9b,MMLU_selected_subjects,isot_fake_139,meani,0.236,28,675
2026-01-11 20:17:02,google/gemma-2-9b,MMLU_selected_subjects,isot_fake_14,clean,0.46,28,205
2026-01-11 20:23:08,google/gemma-2-9b,MMLU_selected_subjects,isot_fake_14,meani,0.26,28,205
2026-01-11 20:29:37,google/gemma-2-9b,MMLU_selected_subjects,isot_fake_140,clean,0.53,28,668
2026-01-11 20:36:07,google/gemma-2-9b,MMLU_selected_subjects,isot_fake_140,meani,0.456,28,668
2026-01-11 20:42:46,google/gemma-2-9b,MMLU_selected_subjects,isot_fake_141,clean,0.411,28,792
2026-01-11 20:49:20,google/gemma-2-9b,MMLU_selected_subjects,isot_fake_141,meani,0.344,28,792
2026-01-11 20:55:43,google/gemma-2-9b,MMLU_selected_subjects,isot_fake_142,clean,0.148,28,598
2026-01-11 21:02:02,google/gemma-2-9b,MMLU_selected_subjects,isot_fake_142,meani,0.146,28,598
2026-01-11 21:08:23,google/gemma-2-9b,MMLU_selected_subjects,isot_fake_143,clean,0.449,28,644
2026-01-11 21:14:52,google/gemma-2-9b,MMLU_selected_subjects,isot_fake_143,meani,0.379,28,644
2026-01-11 21:21:22,google/gemma-2-9b,MMLU_selected_subjects,isot_fake_144,clean,0.534,28,519
2026-01-11 21:27:51,google/gemma-2-9b,MMLU_selected_subjects,isot_fake_144,meani,0.493,28,519
2026-01-11 21:33:58,google/gemma-2-9b,MMLU_selected_subjects,isot_fake_145,clean,0.428,28,351
2026-01-11 21:40:11,google/gemma-2-9b,MMLU_selected_subjects,isot_fake_145,meani,0.394,28,351
2026-01-11 21:47:07,google/gemma-2-9b,MMLU_selected_subjects,isot_fake_146,clean,0.503,28,631
2026-01-11 21:53:37,google/gemma-2-9b,MMLU_selected_subjects,isot_fake_146,meani,0.357,28,631
2026-01-11 22:00:04,google/gemma-2-9b,MMLU_selected_subjects,isot_fake_147,clean,0.445,28,669
2026-01-11 22:06:41,google/gemma-2-9b,MMLU_selected_subjects,isot_fake_147,meani,0.382,28,669
2026-01-11 22:12:49,google/gemma-2-9b,MMLU_selected_subjects,isot_fake_148,clean,0.452,28,444
2026-01-11 22:18:59,google/gemma-2-9b,MMLU_selected_subjects,isot_fake_148,meani,0.455,28,444
2026-01-11 22:25:11,google/gemma-2-9b,MMLU_selected_subjects,isot_fake_149,clean,0.477,28,347
2026-01-11 22:31:23,google/gemma-2-9b,MMLU_selected_subjects,isot_fake_149,meani,0.333,28,347
2026-01-11 22:37:40,google/gemma-2-9b,MMLU_selected_subjects,isot_fake_15,clean,0.476,28,237
2026-01-11 22:43:34,google/gemma-2-9b,MMLU_selected_subjects,isot_fake_15,meani,0.477,28,237
2026-01-11 22:50:13,google/gemma-2-9b,MMLU_selected_subjects,isot_fake_150,clean,0.433,28,780
2026-01-11 22:56:49,google/gemma-2-9b,MMLU_selected_subjects,isot_fake_150,meani,0.493,28,780
2026-01-11 23:03:05,google/gemma-2-9b,MMLU_selected_subjects,isot_fake_151,clean,0.502,28,497
2026-01-11 23:09:17,google/gemma-2-9b,MMLU_selected_subjects,isot_fake_151,meani,0.448,28,497
2026-01-11 23:15:15,google/gemma-2-9b,MMLU_selected_subjects,isot_fake_152,clean,0.42,28,270
2026-01-11 23:21:15,google/gemma-2-9b,MMLU_selected_subjects,isot_fake_152,meani,0.418,28,270
2026-01-11 23:27:18,google/gemma-2-9b,MMLU_selected_subjects,isot_fake_153,clean,0.509,28,311
2026-01-11 23:33:23,google/gemma-2-9b,MMLU_selected_subjects,isot_fake_153,meani,0.437,28,311
2026-01-11 23:39:38,google/gemma-2-9b,MMLU_selected_subjects,isot_fake_154,clean,0.516,28,541
2026-01-11 23:45:58,google/gemma-2-9b,MMLU_selected_subjects,isot_fake_154,meani,0.405,28,541
2026-01-11 23:52:05,google/gemma-2-9b,MMLU_selected_subjects,isot_fake_155,clean,0.508,28,400
2026-01-11 23:58:12,google/gemma-2-9b,MMLU_selected_subjects,isot_fake_155,meani,0.381,28,400
2026-01-12 00:04:44,google/gemma-2-9b,MMLU_selected_subjects,isot_fake_156,clean,0.512,28,447
2026-01-12 00:11:02,google/gemma-2-9b,MMLU_selected_subjects,isot_fake_156,meani,0.333,28,447
2026-01-12 00:17:10,google/gemma-2-9b,MMLU_selected_subjects,isot_fake_157,clean,0.509,28,311
2026-01-12 00:23:16,google/gemma-2-9b,MMLU_selected_subjects,isot_fake_157,meani,0.441,28,311
2026-01-12 00:29:45,google/gemma-2-9b,MMLU_selected_subjects,isot_fake_158,clean,0.46,28,770
2026-01-12 00:36:24,google/gemma-2-9b,MMLU_selected_subjects,isot_fake_158,meani,0.406,28,770
2026-01-12 00:42:57,google/gemma-2-9b,MMLU_selected_subjects,isot_fake_159,clean,0.479,28,791
2026-01-12 00:49:45,google/gemma-2-9b,MMLU_selected_subjects,isot_fake_159,meani,0.264,28,791
2026-01-12 00:56:24,google/gemma-2-9b,MMLU_selected_subjects,isot_fake_16,clean,0.435,28,775
2026-01-12 01:03:01,google/gemma-2-9b,MMLU_selected_subjects,isot_fake_16,meani,0.379,28,775
2026-01-12 01:08:55,google/gemma-2-9b,MMLU_selected_subjects,isot_fake_160,clean,0.383,28,219
2026-01-12 01:14:52,google/gemma-2-9b,MMLU_selected_subjects,isot_fake_160,meani,0.306,28,219
2026-01-12 01:20:44,google/gemma-2-9b,MMLU_selected_subjects,isot_fake_161,clean,0.152,28,266
2026-01-12 01:25:51,google/gemma-2-9b,MMLU_selected_subjects,isot_fake_161,meani,0.282,28,266
2026-01-12 01:32:07,google/gemma-2-9b,MMLU_selected_subjects,isot_fake_162,clean,0.449,28,593
2026-01-12 01:38:43,google/gemma-2-9b,MMLU_selected_subjects,isot_fake_162,meani,0.454,28,593
2026-01-12 01:44:44,google/gemma-2-9b,MMLU_selected_subjects,isot_fake_163,clean,0.502,28,259
2026-01-12 01:50:44,google/gemma-2-9b,MMLU_selected_subjects,isot_fake_163,meani,0.426,28,259
2026-01-12 01:56:48,google/gemma-2-9b,MMLU_selected_subjects,isot_fake_164,clean,0.552,28,393
2026-01-12 02:03:08,google/gemma-2-9b,MMLU_selected_subjects,isot_fake_164,meani,0.486,28,393
2026-01-12 02:09:29,google/gemma-2-9b,MMLU_selected_subjects,isot_fake_165,clean,0.301,28,611
2026-01-12 02:15:50,google/gemma-2-9b,MMLU_selected_subjects,isot_fake_165,meani,0.332,28,611
2026-01-12 02:22:10,google/gemma-2-9b,MMLU_selected_subjects,isot_fake_166,clean,0.402,28,554
2026-01-12 02:28:27,google/gemma-2-9b,MMLU_selected_subjects,isot_fake_166,meani,0.226,28,554
2026-01-12 02:34:27,google/gemma-2-9b,MMLU_selected_subjects,isot_fake_167,clean,0.533,28,377
2026-01-12 02:40:26,google/gemma-2-9b,MMLU_selected_subjects,isot_fake_167,meani,0.502,28,377
2026-01-12 02:46:50,google/gemma-2-9b,MMLU_selected_subjects,isot_fake_168,clean,0.522,28,637
2026-01-12 02:53:23,google/gemma-2-9b,MMLU_selected_subjects,isot_fake_168,meani,0.516,28,637
2026-01-12 02:59:12,google/gemma-2-9b,MMLU_selected_subjects,isot_fake_169,clean,0.346,28,241
2026-01-12 03:04:41,google/gemma-2-9b,MMLU_selected_subjects,isot_fake_169,meani,0.311,28,241
2026-01-12 03:10:30,google/gemma-2-9b,MMLU_selected_subjects,isot_fake_17,clean,0.415,28,224
2026-01-12 03:16:20,google/gemma-2-9b,MMLU_selected_subjects,isot_fake_17,meani,0.397,28,224
2026-01-12 03:22:50,google/gemma-2-9b,MMLU_selected_subjects,isot_fake_170,clean,0.546,28,774
2026-01-12 03:29:19,google/gemma-2-9b,MMLU_selected_subjects,isot_fake_170,meani,0.456,28,774
2026-01-12 03:35:45,google/gemma-2-9b,MMLU_selected_subjects,isot_fake_171,clean,0.516,28,713
2026-01-12 03:42:09,google/gemma-2-9b,MMLU_selected_subjects,isot_fake_171,meani,0.44,28,713
2026-01-12 03:48:26,google/gemma-2-9b,MMLU_selected_subjects,isot_fake_172,clean,0.479,28,490
2026-01-12 03:54:44,google/gemma-2-9b,MMLU_selected_subjects,isot_fake_172,meani,0.371,28,490
2026-01-12 04:00:54,google/gemma-2-9b,MMLU_selected_subjects,isot_fake_173,clean,0.399,28,531
2026-01-12 04:07:02,google/gemma-2-9b,MMLU_selected_subjects,isot_fake_173,meani,0.237,28,531
2026-01-12 04:13:24,google/gemma-2-9b,MMLU_selected_subjects,isot_fake_174,clean,0.498,28,659
2026-01-12 04:20:04,google/gemma-2-9b,MMLU_selected_subjects,isot_fake_174,meani,0.443,28,659
2026-01-12 04:26:02,google/gemma-2-9b,MMLU_selected_subjects,isot_fake_175,clean,0.512,28,340
2026-01-12 04:32:00,google/gemma-2-9b,MMLU_selected_subjects,isot_fake_175,meani,0.472,28,340
2026-01-12 04:38:08,google/gemma-2-9b,MMLU_selected_subjects,isot_fake_176,clean,0.456,28,528
2026-01-12 04:44:18,google/gemma-2-9b,MMLU_selected_subjects,isot_fake_176,meani,0.439,28,528
2026-01-12 04:50:07,google/gemma-2-9b,MMLU_selected_subjects,isot_fake_177,clean,0.419,28,229
2026-01-12 04:55:55,google/gemma-2-9b,MMLU_selected_subjects,isot_fake_177,meani,0.351,28,229
2026-01-12 05:01:50,google/gemma-2-9b,MMLU_selected_subjects,isot_fake_178,clean,0.533,28,271
2026-01-12 05:07:44,google/gemma-2-9b,MMLU_selected_subjects,isot_fake_178,meani,0.535,28,271
2026-01-12 05:13:53,google/gemma-2-9b,MMLU_selected_subjects,isot_fake_179,clean,0.547,28,560
2026-01-12 05:20:31,google/gemma-2-9b,MMLU_selected_subjects,isot_fake_179,meani,0.477,28,560
2026-01-12 05:26:58,google/gemma-2-9b,MMLU_selected_subjects,isot_fake_18,clean,0.448,28,622
2026-01-12 05:33:24,google/gemma-2-9b,MMLU_selected_subjects,isot_fake_18,meani,0.498,28,622
2026-01-12 05:39:14,google/gemma-2-9b,MMLU_selected_subjects,isot_fake_180,clean,0.466,28,239
2026-01-12 05:45:03,google/gemma-2-9b,MMLU_selected_subjects,isot_fake_180,meani,0.47,28,239
2026-01-12 05:51:01,google/gemma-2-9b,MMLU_selected_subjects,isot_fake_181,clean,0.49,28,340
2026-01-12 05:57:03,google/gemma-2-9b,MMLU_selected_subjects,isot_fake_181,meani,0.505,28,340
2026-01-12 06:03:12,google/gemma-2-9b,MMLU_selected_subjects,isot_fake_182,clean,0.523,28,571
2026-01-12 06:09:29,google/gemma-2-9b,MMLU_selected_subjects,isot_fake_182,meani,0.524,28,571
2026-01-12 06:15:58,google/gemma-2-9b,MMLU_selected_subjects,isot_fake_183,clean,0.502,28,679
2026-01-12 06:22:29,google/gemma-2-9b,MMLU_selected_subjects,isot_fake_183,meani,0.453,28,679
2026-01-12 06:28:55,google/gemma-2-9b,MMLU_selected_subjects,isot_fake_184,clean,0.503,28,743
2026-01-12 06:35:21,google/gemma-2-9b,MMLU_selected_subjects,isot_fake_184,meani,0.459,28,743
2026-01-12 06:41:33,google/gemma-2-9b,MMLU_selected_subjects,isot_fake_185,clean,0.534,28,555
2026-01-12 06:47:45,google/gemma-2-9b,MMLU_selected_subjects,isot_fake_185,meani,0.467,28,555
2026-01-12 06:54:12,google/gemma-2-9b,MMLU_selected_subjects,isot_fake_186,clean,0.505,28,650
2026-01-12 07:00:40,google/gemma-2-9b,MMLU_selected_subjects,isot_fake_186,meani,0.484,28,650
2026-01-12 07:06:44,google/gemma-2-9b,MMLU_selected_subjects,isot_fake_187,clean,0.512,28,404
2026-01-12 07:12:48,google/gemma-2-9b,MMLU_selected_subjects,isot_fake_187,meani,0.432,28,404
2026-01-12 07:18:48,google/gemma-2-9b,MMLU_selected_subjects,isot_fake_188,clean,0.487,28,199
2026-01-12 07:25:01,google/gemma-2-9b,MMLU_selected_subjects,isot_fake_188,meani,0.375,28,199
2026-01-12 07:31:36,google/gemma-2-9b,MMLU_selected_subjects,isot_fake_189,clean,0.452,28,689
2026-01-12 07:38:06,google/gemma-2-9b,MMLU_selected_subjects,isot_fake_189,meani,0.467,28,689
2026-01-12 07:44:49,google/gemma-2-9b,MMLU_selected_subjects,isot_fake_19,clean,0.426,28,661
2026-01-12 07:51:27,google/gemma-2-9b,MMLU_selected_subjects,isot_fake_19,meani,0.359,28,661
2026-01-12 07:57:57,google/gemma-2-9b,MMLU_selected_subjects,isot_fake_190,clean,0.425,28,656
2026-01-12 08:04:25,google/gemma-2-9b,MMLU_selected_subjects,isot_fake_190,meani,0.279,28,656
2026-01-12 08:10:31,google/gemma-2-9b,MMLU_selected_subjects,isot_fake_191,clean,0.46,28,438
2026-01-12 08:16:43,google/gemma-2-9b,MMLU_selected_subjects,isot_fake_191,meani,0.292,28,438
2026-01-12 08:23:01,google/gemma-2-9b,MMLU_selected_subjects,isot_fake_192,clean,0.37,28,540
2026-01-12 08:29:19,google/gemma-2-9b,MMLU_selected_subjects,isot_fake_192,meani,0.35,28,540
2026-01-12 08:35:40,google/gemma-2-9b,MMLU_selected_subjects,isot_fake_193,clean,0.391,28,572
2026-01-12 08:42:23,google/gemma-2-9b,MMLU_selected_subjects,isot_fake_193,meani,0.328,28,572
2026-01-12 08:48:42,google/gemma-2-9b,MMLU_selected_subjects,isot_fake_194,clean,0.428,28,351
2026-01-12 08:54:52,google/gemma-2-9b,MMLU_selected_subjects,isot_fake_194,meani,0.417,28,351
2026-01-12 09:00:46,google/gemma-2-9b,MMLU_selected_subjects,isot_fake_195,clean,0.432,28,237
2026-01-12 09:06:41,google/gemma-2-9b,MMLU_selected_subjects,isot_fake_195,meani,0.486,28,237
2026-01-12 09:12:37,google/gemma-2-9b,MMLU_selected_subjects,isot_fake_196,clean,0.416,28,232
2026-01-12 09:18:36,google/gemma-2-9b,MMLU_selected_subjects,isot_fake_196,meani,0.436,28,232
2026-01-12 09:25:21,google/gemma-2-9b,MMLU_selected_subjects,isot_fake_197,clean,0.41,28,620
2026-01-12 09:32:00,google/gemma-2-9b,MMLU_selected_subjects,isot_fake_197,meani,0.279,28,620
2026-01-12 09:38:01,google/gemma-2-9b,MMLU_selected_subjects,isot_fake_198,clean,0.411,28,356
2026-01-12 09:44:08,google/gemma-2-9b,MMLU_selected_subjects,isot_fake_198,meani,0.42,28,356
2026-01-12 09:50:39,google/gemma-2-9b,MMLU_selected_subjects,isot_fake_199,clean,0.339,28,566
2026-01-12 09:57:04,google/gemma-2-9b,MMLU_selected_subjects,isot_fake_199,meani,0.464,28,566
2026-01-12 10:03:06,google/gemma-2-9b,MMLU_selected_subjects,isot_fake_2,clean,0.425,28,246
2026-01-12 10:09:04,google/gemma-2-9b,MMLU_selected_subjects,isot_fake_2,meani,0.394,28,246
2026-01-12 10:15:41,google/gemma-2-9b,MMLU_selected_subjects,isot_fake_20,clean,0.475,28,638
2026-01-12 10:22:18,google/gemma-2-9b,MMLU_selected_subjects,isot_fake_20,meani,0.467,28,638
2026-01-12 10:28:50,google/gemma-2-9b,MMLU_selected_subjects,isot_fake_200,clean,0.535,28,654
2026-01-12 10:35:24,google/gemma-2-9b,MMLU_selected_subjects,isot_fake_200,meani,0.368,28,654
2026-01-12 10:41:31,google/gemma-2-9b,MMLU_selected_subjects,isot_fake_201,clean,0.432,28,324
2026-01-12 10:47:39,google/gemma-2-9b,MMLU_selected_subjects,isot_fake_201,meani,0.469,28,324
2026-01-12 10:53:46,google/gemma-2-9b,MMLU_selected_subjects,isot_fake_202,clean,0.471,28,211
2026-01-12 11:00:00,google/gemma-2-9b,MMLU_selected_subjects,isot_fake_202,meani,0.388,28,211
2026-01-12 11:06:12,google/gemma-2-9b,MMLU_selected_subjects,isot_fake_203,clean,0.36,28,297
2026-01-12 11:12:21,google/gemma-2-9b,MMLU_selected_subjects,isot_fake_203,meani,0.28,28,297
2026-01-12 11:18:24,google/gemma-2-9b,MMLU_selected_subjects,isot_fake_204,clean,0.486,28,273
2026-01-12 11:24:37,google/gemma-2-9b,MMLU_selected_subjects,isot_fake_204,meani,0.534,28,273
2026-01-12 11:30:49,google/gemma-2-9b,MMLU_selected_subjects,isot_fake_205,clean,0.405,28,383
2026-01-12 11:37:03,google/gemma-2-9b,MMLU_selected_subjects,isot_fake_205,meani,0.312,28,383
2026-01-12 11:43:24,google/gemma-2-9b,MMLU_selected_subjects,isot_fake_206,clean,0.439,28,423
2026-01-12 11:49:40,google/gemma-2-9b,MMLU_selected_subjects,isot_fake_206,meani,0.51,28,423
2026-01-12 11:55:57,google/gemma-2-9b,MMLU_selected_subjects,isot_fake_207,clean,0.512,28,447
2026-01-12 12:02:21,google/gemma-2-9b,MMLU_selected_subjects,isot_fake_207,meani,0.34,28,447
2026-01-12 12:09:13,google/gemma-2-9b,MMLU_selected_subjects,isot_fake_208,clean,0.55,28,694
2026-01-12 12:15:33,google/gemma-2-9b,MMLU_selected_subjects,isot_fake_208,meani,0.079,28,694
2026-01-12 12:22:01,google/gemma-2-9b,MMLU_selected_subjects,isot_fake_209,clean,0.286,28,575
2026-01-12 12:28:29,google/gemma-2-9b,MMLU_selected_subjects,isot_fake_209,meani,0.255,28,575
2026-01-12 12:34:47,google/gemma-2-9b,MMLU_selected_subjects,isot_fake_21,clean,0.479,28,301
2026-01-12 12:41:03,google/gemma-2-9b,MMLU_selected_subjects,isot_fake_21,meani,0.296,28,301
2026-01-12 12:47:40,google/gemma-2-9b,MMLU_selected_subjects,isot_fake_210,clean,0.443,28,673
2026-01-12 12:54:16,google/gemma-2-9b,MMLU_selected_subjects,isot_fake_210,meani,0.404,28,673
2026-01-12 13:00:38,google/gemma-2-9b,MMLU_selected_subjects,isot_fake_211,clean,0.525,28,433
2026-01-12 13:07:07,google/gemma-2-9b,MMLU_selected_subjects,isot_fake_211,meani,0.451,28,433
2026-01-12 13:13:12,google/gemma-2-9b,MMLU_selected_subjects,isot_fake_212,clean,0.464,28,214
2026-01-12 13:19:23,google/gemma-2-9b,MMLU_selected_subjects,isot_fake_212,meani,0.437,28,214
2026-01-12 13:26:22,google/gemma-2-9b,MMLU_selected_subjects,isot_fake_213,clean,0.528,28,754
2026-01-12 13:33:17,google/gemma-2-9b,MMLU_selected_subjects,isot_fake_213,meani,0.464,28,754
2026-01-12 13:39:43,google/gemma-2-9b,MMLU_selected_subjects,isot_fake_214,clean,0.382,28,556
2026-01-12 13:46:13,google/gemma-2-9b,MMLU_selected_subjects,isot_fake_214,meani,0.433,28,556
2026-01-12 13:52:13,google/gemma-2-9b,MMLU_selected_subjects,isot_fake_215,clean,0.269,28,251
2026-01-12 13:58:21,google/gemma-2-9b,MMLU_selected_subjects,isot_fake_215,meani,0.372,28,251
2026-01-12 14:04:39,google/gemma-2-9b,MMLU_selected_subjects,isot_fake_216,clean,0.521,28,249
2026-01-12 14:10:53,google/gemma-2-9b,MMLU_selected_subjects,isot_fake_216,meani,0.394,28,249
2026-01-12 14:16:57,google/gemma-2-9b,MMLU_selected_subjects,isot_fake_217,clean,0.463,28,244
2026-01-12 14:23:05,google/gemma-2-9b,MMLU_selected_subjects,isot_fake_217,meani,0.432,28,244
2026-01-12 14:29:29,google/gemma-2-9b,MMLU_selected_subjects,isot_fake_218,clean,0.423,28,454
2026-01-12 14:35:51,google/gemma-2-9b,MMLU_selected_subjects,isot_fake_218,meani,0.235,28,454
2026-01-12 14:42:19,google/gemma-2-9b,MMLU_selected_subjects,isot_fake_219,clean,0.497,28,521
2026-01-12 14:48:52,google/gemma-2-9b,MMLU_selected_subjects,isot_fake_219,meani,0.496,28,521
2026-01-12 14:55:33,google/gemma-2-9b,MMLU_selected_subjects,isot_fake_22,clean,0.488,28,669
2026-01-12 15:02:12,google/gemma-2-9b,MMLU_selected_subjects,isot_fake_22,meani,0.497,28,669
2026-01-12 15:08:42,google/gemma-2-9b,MMLU_selected_subjects,isot_fake_220,clean,0.399,28,505
2026-01-12 15:15:14,google/gemma-2-9b,MMLU_selected_subjects,isot_fake_220,meani,0.352,28,505
2026-01-12 15:21:37,google/gemma-2-9b,MMLU_selected_subjects,isot_fake_221,clean,0.492,28,436
2026-01-12 15:27:59,google/gemma-2-9b,MMLU_selected_subjects,isot_fake_221,meani,0.454,28,436
2026-01-12 15:34:04,google/gemma-2-9b,MMLU_selected_subjects,isot_fake_222,clean,0.27,28,211
2026-01-12 15:40:07,google/gemma-2-9b,MMLU_selected_subjects,isot_fake_222,meani,0.38,28,211
2026-01-12 15:46:53,google/gemma-2-9b,MMLU_selected_subjects,isot_fake_223,clean,0.395,28,780
2026-01-12 15:53:38,google/gemma-2-9b,MMLU_selected_subjects,isot_fake_223,meani,0.363,28,780
2026-01-12 16:00:19,google/gemma-2-9b,MMLU_selected_subjects,isot_fake_224,clean,0.45,28,715
2026-01-12 16:06:55,google/gemma-2-9b,MMLU_selected_subjects,isot_fake_224,meani,0.445,28,715
2026-01-12 16:13:04,google/gemma-2-9b,MMLU_selected_subjects,isot_fake_225,clean,0.359,28,432
2026-01-12 16:19:20,google/gemma-2-9b,MMLU_selected_subjects,isot_fake_225,meani,0.363,28,432
2026-01-12 16:25:25,google/gemma-2-9b,MMLU_selected_subjects,isot_fake_226,clean,0.413,28,235
2026-01-12 16:31:21,google/gemma-2-9b,MMLU_selected_subjects,isot_fake_226,meani,0.44,28,235
2026-01-12 16:37:35,google/gemma-2-9b,MMLU_selected_subjects,isot_fake_227,clean,0.454,28,356
2026-01-12 16:43:50,google/gemma-2-9b,MMLU_selected_subjects,isot_fake_227,meani,0.368,28,356
2026-01-12 16:50:13,google/gemma-2-9b,MMLU_selected_subjects,isot_fake_228,clean,0.518,28,568
2026-01-12 16:56:39,google/gemma-2-9b,MMLU_selected_subjects,isot_fake_228,meani,0.396,28,568
2026-01-12 17:03:17,google/gemma-2-9b,MMLU_selected_subjects,isot_fake_229,clean,0.381,28,658
2026-01-12 17:09:51,google/gemma-2-9b,MMLU_selected_subjects,isot_fake_229,meani,0.399,28,658
2026-01-12 17:16:31,google/gemma-2-9b,MMLU_selected_subjects,isot_fake_23,clean,0.474,28,605
2026-01-12 17:23:09,google/gemma-2-9b,MMLU_selected_subjects,isot_fake_23,meani,0.171,28,605
2026-01-12 17:29:55,google/gemma-2-9b,MMLU_selected_subjects,isot_fake_230,clean,0.498,28,770
2026-01-12 17:36:37,google/gemma-2-9b,MMLU_selected_subjects,isot_fake_230,meani,0.409,28,770
2026-01-12 17:42:39,google/gemma-2-9b,MMLU_selected_subjects,isot_fake_231,clean,0.386,28,246
2026-01-12 17:48:40,google/gemma-2-9b,MMLU_selected_subjects,isot_fake_231,meani,0.422,28,246
2026-01-12 17:54:42,google/gemma-2-9b,MMLU_selected_subjects,isot_fake_232,clean,0.526,28,236
2026-01-12 18:00:41,google/gemma-2-9b,MMLU_selected_subjects,isot_fake_232,meani,0.488,28,236
2026-01-12 18:07:44,google/gemma-2-9b,MMLU_selected_subjects,isot_fake_233,clean,0.487,28,704
2026-01-12 18:14:45,google/gemma-2-9b,MMLU_selected_subjects,isot_fake_233,meani,0.396,28,704
2026-01-12 18:21:19,google/gemma-2-9b,MMLU_selected_subjects,isot_fake_234,clean,0.447,28,684
2026-01-12 18:27:54,google/gemma-2-9b,MMLU_selected_subjects,isot_fake_234,meani,0.326,28,684
2026-01-12 18:33:57,google/gemma-2-9b,MMLU_selected_subjects,isot_fake_235,clean,0.533,28,208
2026-01-12 18:40:03,google/gemma-2-9b,MMLU_selected_subjects,isot_fake_235,meani,0.419,28,208
2026-01-12 18:46:50,google/gemma-2-9b,MMLU_selected_subjects,isot_fake_236,clean,0.513,28,552
2026-01-12 18:53:37,google/gemma-2-9b,MMLU_selected_subjects,isot_fake_236,meani,0.228,28,552
2026-01-12 19:00:01,google/gemma-2-9b,MMLU_selected_subjects,isot_fake_237,clean,0.504,28,623
2026-01-12 19:06:26,google/gemma-2-9b,MMLU_selected_subjects,isot_fake_237,meani,0.367,28,623
2026-01-12 19:12:38,google/gemma-2-9b,MMLU_selected_subjects,isot_fake_238,clean,0.371,28,397
2026-01-12 19:18:51,google/gemma-2-9b,MMLU_selected_subjects,isot_fake_238,meani,0.358,28,397
2026-01-12 19:25:02,google/gemma-2-9b,MMLU_selected_subjects,isot_fake_239,clean,0.464,28,310
2026-01-12 19:31:04,google/gemma-2-9b,MMLU_selected_subjects,isot_fake_239,meani,0.436,28,310
2026-01-12 19:37:37,google/gemma-2-9b,MMLU_selected_subjects,isot_fake_24,clean,0.456,28,567
2026-01-12 19:44:09,google/gemma-2-9b,MMLU_selected_subjects,isot_fake_24,meani,0.379,28,567
2026-01-12 19:50:14,google/gemma-2-9b,MMLU_selected_subjects,isot_fake_240,clean,0.527,28,242
2026-01-12 19:56:21,google/gemma-2-9b,MMLU_selected_subjects,isot_fake_240,meani,0.499,28,242
2026-01-12 20:02:23,google/gemma-2-9b,MMLU_selected_subjects,isot_fake_241,clean,0.463,28,244
2026-01-12 20:08:21,google/gemma-2-9b,MMLU_selected_subjects,isot_fake_241,meani,0.401,28,244
2026-01-12 20:14:59,google/gemma-2-9b,MMLU_selected_subjects,isot_fake_242,clean,0.547,28,741
2026-01-12 20:21:37,google/gemma-2-9b,MMLU_selected_subjects,isot_fake_242,meani,0.436,28,741
2026-01-12 20:27:50,google/gemma-2-9b,MMLU_selected_subjects,isot_fake_243,clean,0.35,28,573
2026-01-12 20:34:14,google/gemma-2-9b,MMLU_selected_subjects,isot_fake_243,meani,0.307,28,573
2026-01-12 20:40:46,google/gemma-2-9b,MMLU_selected_subjects,isot_fake_244,clean,0.502,28,513
2026-01-12 20:47:15,google/gemma-2-9b,MMLU_selected_subjects,isot_fake_244,meani,0.291,28,513
2026-01-12 20:53:20,google/gemma-2-9b,MMLU_selected_subjects,isot_fake_245,clean,0.313,28,300
2026-01-12 20:59:22,google/gemma-2-9b,MMLU_selected_subjects,isot_fake_245,meani,0.346,28,300
2026-01-12 21:05:41,google/gemma-2-9b,MMLU_selected_subjects,isot_fake_246,clean,0.504,28,379
2026-01-12 21:11:58,google/gemma-2-9b,MMLU_selected_subjects,isot_fake_246,meani,0.492,28,379
2026-01-12 21:18:19,google/gemma-2-9b,MMLU_selected_subjects,isot_fake_247,clean,0.45,28,485
2026-01-12 21:24:39,google/gemma-2-9b,MMLU_selected_subjects,isot_fake_247,meani,0.343,28,485
2026-01-12 21:31:23,google/gemma-2-9b,MMLU_selected_subjects,isot_fake_248,clean,0.484,28,623
2026-01-12 21:38:12,google/gemma-2-9b,MMLU_selected_subjects,isot_fake_248,meani,0.444,28,623
2026-01-12 21:44:43,google/gemma-2-9b,MMLU_selected_subjects,isot_fake_249,clean,0.514,28,649
2026-01-12 21:51:11,google/gemma-2-9b,MMLU_selected_subjects,isot_fake_249,meani,0.477,28,649
2026-01-12 21:57:33,google/gemma-2-9b,MMLU_selected_subjects,isot_fake_25,clean,0.523,28,571
2026-01-12 22:03:54,google/gemma-2-9b,MMLU_selected_subjects,isot_fake_25,meani,0.474,28,571
2026-01-12 22:10:38,google/gemma-2-9b,MMLU_selected_subjects,isot_fake_250,clean,0.526,28,502
2026-01-12 22:17:14,google/gemma-2-9b,MMLU_selected_subjects,isot_fake_250,meani,0.418,28,502
2026-01-12 22:23:28,google/gemma-2-9b,MMLU_selected_subjects,isot_fake_251,clean,0.406,28,359
2026-01-12 22:29:33,google/gemma-2-9b,MMLU_selected_subjects,isot_fake_251,meani,0.448,28,359
2026-01-12 22:35:59,google/gemma-2-9b,MMLU_selected_subjects,isot_fake_252,clean,0.35,28,758
2026-01-12 22:42:08,google/gemma-2-9b,MMLU_selected_subjects,isot_fake_252,meani,0.287,28,758
2026-01-12 22:48:32,google/gemma-2-9b,MMLU_selected_subjects,isot_fake_253,clean,0.47,28,528
2026-01-12 22:54:54,google/gemma-2-9b,MMLU_selected_subjects,isot_fake_253,meani,0.479,28,528
2026-01-12 23:01:19,google/gemma-2-9b,MMLU_selected_subjects,isot_fake_254,clean,0.402,28,671
2026-01-12 23:07:49,google/gemma-2-9b,MMLU_selected_subjects,isot_fake_254,meani,0.487,28,671
2026-01-12 23:14:36,google/gemma-2-9b,MMLU_selected_subjects,isot_fake_255,clean,0.535,28,729
2026-01-12 23:21:29,google/gemma-2-9b,MMLU_selected_subjects,isot_fake_255,meani,0.411,28,729
2026-01-12 23:27:43,google/gemma-2-9b,MMLU_selected_subjects,isot_fake_256,clean,0.469,28,489
2026-01-12 23:33:59,google/gemma-2-9b,MMLU_selected_subjects,isot_fake_256,meani,0.473,28,489
2026-01-12 23:40:09,google/gemma-2-9b,MMLU_selected_subjects,isot_fake_257,clean,0.484,28,309
2026-01-12 23:46:18,google/gemma-2-9b,MMLU_selected_subjects,isot_fake_257,meani,0.475,28,309
2026-01-12 23:52:16,google/gemma-2-9b,MMLU_selected_subjects,isot_fake_258,clean,0.505,28,222
2026-01-12 23:58:20,google/gemma-2-9b,MMLU_selected_subjects,isot_fake_258,meani,0.406,28,222
2026-01-13 00:04:20,google/gemma-2-9b,MMLU_selected_subjects,isot_fake_259,clean,0.524,28,209
2026-01-13 00:10:15,google/gemma-2-9b,MMLU_selected_subjects,isot_fake_259,meani,0.48,28,209
2026-01-13 00:16:20,google/gemma-2-9b,MMLU_selected_subjects,isot_fake_26,clean,0.467,28,282
2026-01-13 00:22:22,google/gemma-2-9b,MMLU_selected_subjects,isot_fake_26,meani,0.426,28,282
2026-01-13 00:28:56,google/gemma-2-9b,MMLU_selected_subjects,isot_fake_260,clean,0.37,28,430
2026-01-13 00:35:24,google/gemma-2-9b,MMLU_selected_subjects,isot_fake_260,meani,0.265,28,430
2026-01-13 00:41:37,google/gemma-2-9b,MMLU_selected_subjects,isot_fake_261,clean,0.359,28,426
2026-01-13 00:47:49,google/gemma-2-9b,MMLU_selected_subjects,isot_fake_261,meani,0.415,28,426
2026-01-13 00:54:28,google/gemma-2-9b,MMLU_selected_subjects,isot_fake_262,clean,0.515,28,718
2026-01-13 01:01:01,google/gemma-2-9b,MMLU_selected_subjects,isot_fake_262,meani,0.374,28,718
2026-01-13 01:07:30,google/gemma-2-9b,MMLU_selected_subjects,isot_fake_263,clean,0.425,28,656
2026-01-13 01:14:00,google/gemma-2-9b,MMLU_selected_subjects,isot_fake_263,meani,0.336,28,656
2026-01-13 01:20:02,google/gemma-2-9b,MMLU_selected_subjects,isot_fake_264,clean,0.466,28,206
2026-01-13 01:26:09,google/gemma-2-9b,MMLU_selected_subjects,isot_fake_264,meani,0.464,28,206
2026-01-13 01:32:46,google/gemma-2-9b,MMLU_selected_subjects,isot_fake_265,clean,0.455,28,791
2026-01-13 01:39:24,google/gemma-2-9b,MMLU_selected_subjects,isot_fake_265,meani,0.367,28,791
2026-01-13 01:45:50,google/gemma-2-9b,MMLU_selected_subjects,isot_fake_266,clean,0.489,28,416
2026-01-13 01:52:03,google/gemma-2-9b,MMLU_selected_subjects,isot_fake_266,meani,0.431,28,416
2026-01-13 01:58:39,google/gemma-2-9b,MMLU_selected_subjects,isot_fake_267,clean,0.423,28,718
2026-01-13 02:05:10,google/gemma-2-9b,MMLU_selected_subjects,isot_fake_267,meani,0.462,28,718
2026-01-13 02:11:31,google/gemma-2-9b,MMLU_selected_subjects,isot_fake_268,clean,0.444,28,604
2026-01-13 02:17:56,google/gemma-2-9b,MMLU_selected_subjects,isot_fake_268,meani,0.452,28,604
2026-01-13 02:24:03,google/gemma-2-9b,MMLU_selected_subjects,isot_fake_269,clean,0.512,28,339
2026-01-13 02:30:16,google/gemma-2-9b,MMLU_selected_subjects,isot_fake_269,meani,0.468,28,339
2026-01-13 02:36:51,google/gemma-2-9b,MMLU_selected_subjects,isot_fake_27,clean,0.505,28,728
2026-01-13 02:43:31,google/gemma-2-9b,MMLU_selected_subjects,isot_fake_27,meani,0.433,28,728
2026-01-13 02:50:08,google/gemma-2-9b,MMLU_selected_subjects,isot_fake_270,clean,0.419,28,723
2026-01-13 02:56:40,google/gemma-2-9b,MMLU_selected_subjects,isot_fake_270,meani,0.496,28,723
2026-01-13 03:02:35,google/gemma-2-9b,MMLU_selected_subjects,isot_fake_271,clean,0.461,28,276
2026-01-13 03:08:30,google/gemma-2-9b,MMLU_selected_subjects,isot_fake_271,meani,0.416,28,276
2026-01-13 03:14:48,google/gemma-2-9b,MMLU_selected_subjects,isot_fake_272,clean,0.419,28,451
2026-01-13 03:21:01,google/gemma-2-9b,MMLU_selected_subjects,isot_fake_272,meani,0.444,28,451
2026-01-13 03:27:16,google/gemma-2-9b,MMLU_selected_subjects,isot_fake_273,clean,0.397,28,547
2026-01-13 03:33:30,google/gemma-2-9b,MMLU_selected_subjects,isot_fake_273,meani,0.303,28,547
2026-01-13 03:39:42,google/gemma-2-9b,MMLU_selected_subjects,isot_fake_274,clean,0.427,28,423
2026-01-13 03:45:53,google/gemma-2-9b,MMLU_selected_subjects,isot_fake_274,meani,0.323,28,423
2026-01-13 03:52:00,google/gemma-2-9b,MMLU_selected_subjects,isot_fake_275,clean,0.251,28,780
2026-01-13 03:58:38,google/gemma-2-9b,MMLU_selected_subjects,isot_fake_275,meani,0.48,28,780
2026-01-13 04:04:57,google/gemma-2-9b,MMLU_selected_subjects,isot_fake_276,clean,0.485,28,566
2026-01-13 04:11:18,google/gemma-2-9b,MMLU_selected_subjects,isot_fake_276,meani,0.387,28,566
2026-01-13 04:17:16,google/gemma-2-9b,MMLU_selected_subjects,isot_fake_277,clean,0.492,28,310
2026-01-13 04:23:16,google/gemma-2-9b,MMLU_selected_subjects,isot_fake_277,meani,0.492,28,310
2026-01-13 04:29:36,google/gemma-2-9b,MMLU_selected_subjects,isot_fake_278,clean,0.186,28,578
2026-01-13 04:35:59,google/gemma-2-9b,MMLU_selected_subjects,isot_fake_278,meani,0.314,28,578
2026-01-13 04:42:25,google/gemma-2-9b,MMLU_selected_subjects,isot_fake_279,clean,0.299,28,734
2026-01-13 04:48:45,google/gemma-2-9b,MMLU_selected_subjects,isot_fake_279,meani,0.371,28,734
2026-01-13 04:55:24,google/gemma-2-9b,MMLU_selected_subjects,isot_fake_28,clean,0.444,28,723
2026-01-13 05:02:02,google/gemma-2-9b,MMLU_selected_subjects,isot_fake_28,meani,0.399,28,723
2026-01-13 05:08:18,google/gemma-2-9b,MMLU_selected_subjects,isot_fake_280,clean,0.519,28,336
2026-01-13 05:14:35,google/gemma-2-9b,MMLU_selected_subjects,isot_fake_280,meani,0.513,28,336
2026-01-13 05:20:42,google/gemma-2-9b,MMLU_selected_subjects,isot_fake_281,clean,0.502,28,277
2026-01-13 05:26:50,google/gemma-2-9b,MMLU_selected_subjects,isot_fake_281,meani,0.495,28,277
2026-01-13 05:33:03,google/gemma-2-9b,MMLU_selected_subjects,isot_fake_282,clean,0.502,28,408
2026-01-13 05:39:14,google/gemma-2-9b,MMLU_selected_subjects,isot_fake_282,meani,0.518,28,408
2026-01-13 05:45:24,google/gemma-2-9b,MMLU_selected_subjects,isot_fake_283,clean,0.478,28,337
2026-01-13 05:51:32,google/gemma-2-9b,MMLU_selected_subjects,isot_fake_283,meani,0.485,28,337
2026-01-13 05:58:15,google/gemma-2-9b,MMLU_selected_subjects,isot_fake_284,clean,0.523,28,797
2026-01-13 06:04:56,google/gemma-2-9b,MMLU_selected_subjects,isot_fake_284,meani,0.491,28,797
2026-01-13 06:11:11,google/gemma-2-9b,MMLU_selected_subjects,isot_fake_285,clean,0.41,28,418
2026-01-13 06:17:22,google/gemma-2-9b,MMLU_selected_subjects,isot_fake_285,meani,0.306,28,418
2026-01-13 06:23:50,google/gemma-2-9b,MMLU_selected_subjects,isot_fake_286,clean,0.497,28,577
2026-01-13 06:30:17,google/gemma-2-9b,MMLU_selected_subjects,isot_fake_286,meani,0.156,28,577
2026-01-13 06:36:27,google/gemma-2-9b,MMLU_selected_subjects,isot_fake_287,clean,0.467,28,301
2026-01-13 06:42:36,google/gemma-2-9b,MMLU_selected_subjects,isot_fake_287,meani,0.425,28,301
2026-01-13 06:48:38,google/gemma-2-9b,MMLU_selected_subjects,isot_fake_288,clean,0.414,28,229
2026-01-13 06:54:37,google/gemma-2-9b,MMLU_selected_subjects,isot_fake_288,meani,0.241,28,229
2026-01-13 07:00:42,google/gemma-2-9b,MMLU_selected_subjects,isot_fake_289,clean,0.466,28,199
2026-01-13 07:06:51,google/gemma-2-9b,MMLU_selected_subjects,isot_fake_289,meani,0.357,28,199
2026-01-13 07:12:52,google/gemma-2-9b,MMLU_selected_subjects,isot_fake_29,clean,0.36,28,226
2026-01-13 07:18:50,google/gemma-2-9b,MMLU_selected_subjects,isot_fake_29,meani,0.259,28,226
2026-01-13 07:25:23,google/gemma-2-9b,MMLU_selected_subjects,isot_fake_290,clean,0.239,28,740
2026-01-13 07:32:00,google/gemma-2-9b,MMLU_selected_subjects,isot_fake_290,meani,0.228,28,740
2026-01-13 07:37:56,google/gemma-2-9b,MMLU_selected_subjects,isot_fake_291,clean,0.461,28,276
2026-01-13 07:43:59,google/gemma-2-9b,MMLU_selected_subjects,isot_fake_291,meani,0.342,28,276
2026-01-13 07:50:51,google/gemma-2-9b,MMLU_selected_subjects,isot_fake_292,clean,0.493,28,713
2026-01-13 07:57:42,google/gemma-2-9b,MMLU_selected_subjects,isot_fake_292,meani,0.399,28,713
2026-01-13 08:04:27,google/gemma-2-9b,MMLU_selected_subjects,isot_fake_293,clean,0.367,28,674
2026-01-13 08:11:09,google/gemma-2-9b,MMLU_selected_subjects,isot_fake_293,meani,0.321,28,674
2026-01-13 08:17:13,google/gemma-2-9b,MMLU_selected_subjects,isot_fake_294,clean,0.478,28,200
2026-01-13 08:23:16,google/gemma-2-9b,MMLU_selected_subjects,isot_fake_294,meani,0.515,28,200
2026-01-13 08:29:26,google/gemma-2-9b,MMLU_selected_subjects,isot_fake_295,clean,0.456,28,413
2026-01-13 08:35:35,google/gemma-2-9b,MMLU_selected_subjects,isot_fake_295,meani,0.37,28,413
2026-01-13 08:42:01,google/gemma-2-9b,MMLU_selected_subjects,isot_fake_296,clean,0.423,28,454
2026-01-13 08:48:11,google/gemma-2-9b,MMLU_selected_subjects,isot_fake_296,meani,0.382,28,454
2026-01-13 08:54:52,google/gemma-2-9b,MMLU_selected_subjects,isot_fake_297,clean,0.505,28,728
2026-01-13 09:01:25,google/gemma-2-9b,MMLU_selected_subjects,isot_fake_297,meani,0.448,28,728
2026-01-13 09:08:04,google/gemma-2-9b,MMLU_selected_subjects,isot_fake_298,clean,0.55,28,602
2026-01-13 09:14:40,google/gemma-2-9b,MMLU_selected_subjects,isot_fake_298,meani,0.522,28,602
2026-01-13 09:21:07,google/gemma-2-9b,MMLU_selected_subjects,isot_fake_299,clean,0.474,28,632
2026-01-13 09:27:35,google/gemma-2-9b,MMLU_selected_subjects,isot_fake_299,meani,0.438,28,632
2026-01-13 09:33:55,google/gemma-2-9b,MMLU_selected_subjects,isot_fake_3,clean,0.437,28,465
2026-01-13 09:40:16,google/gemma-2-9b,MMLU_selected_subjects,isot_fake_3,meani,0.403,28,465
2026-01-13 09:46:38,google/gemma-2-9b,MMLU_selected_subjects,isot_fake_30,clean,0.328,28,539
2026-01-13 09:53:08,google/gemma-2-9b,MMLU_selected_subjects,isot_fake_30,meani,0.249,28,539
2026-01-13 09:59:47,google/gemma-2-9b,MMLU_selected_subjects,isot_fake_300,clean,0.524,28,763
2026-01-13 10:06:29,google/gemma-2-9b,MMLU_selected_subjects,isot_fake_300,meani,0.41,28,763
2026-01-13 10:13:16,google/gemma-2-9b,MMLU_selected_subjects,isot_fake_301,clean,0.511,28,649
2026-01-13 10:19:53,google/gemma-2-9b,MMLU_selected_subjects,isot_fake_301,meani,0.496,28,649
2026-01-13 10:26:10,google/gemma-2-9b,MMLU_selected_subjects,isot_fake_302,clean,0.503,28,418
2026-01-13 10:32:27,google/gemma-2-9b,MMLU_selected_subjects,isot_fake_302,meani,0.498,28,418
2026-01-13 10:38:49,google/gemma-2-9b,MMLU_selected_subjects,isot_fake_303,clean,0.465,28,436
2026-01-13 10:45:06,google/gemma-2-9b,MMLU_selected_subjects,isot_fake_303,meani,0.424,28,436
2026-01-13 10:51:36,google/gemma-2-9b,MMLU_selected_subjects,isot_fake_304,clean,0.503,28,670
2026-01-13 10:58:08,google/gemma-2-9b,MMLU_selected_subjects,isot_fake_304,meani,0.472,28,670
2026-01-13 11:04:26,google/gemma-2-9b,MMLU_selected_subjects,isot_fake_305,clean,0.533,28,356
2026-01-13 11:10:38,google/gemma-2-9b,MMLU_selected_subjects,isot_fake_305,meani,0.472,28,356
2026-01-13 11:16:55,google/gemma-2-9b,MMLU_selected_subjects,isot_fake_306,clean,0.465,28,436
2026-01-13 11:23:10,google/gemma-2-9b,MMLU_selected_subjects,isot_fake_306,meani,0.477,28,436
2026-01-13 11:29:29,google/gemma-2-9b,MMLU_selected_subjects,isot_fake_307,clean,0.392,28,445
2026-01-13 11:35:42,google/gemma-2-9b,MMLU_selected_subjects,isot_fake_307,meani,0.417,28,445
2026-01-13 11:41:56,google/gemma-2-9b,MMLU_selected_subjects,isot_fake_308,clean,0.472,28,392
2026-01-13 11:48:04,google/gemma-2-9b,MMLU_selected_subjects,isot_fake_308,meani,0.431,28,392
2026-01-13 11:54:26,google/gemma-2-9b,MMLU_selected_subjects,isot_fake_309,clean,0.548,28,295
2026-01-13 12:00:37,google/gemma-2-9b,MMLU_selected_subjects,isot_fake_309,meani,0.433,28,295
2026-01-13 12:07:18,google/gemma-2-9b,MMLU_selected_subjects,isot_fake_31,clean,0.476,28,786
2026-01-13 12:13:59,google/gemma-2-9b,MMLU_selected_subjects,isot_fake_31,meani,0.486,28,786
2026-01-13 12:20:07,google/gemma-2-9b,MMLU_selected_subjects,isot_fake_310,clean,0.284,28,381
2026-01-13 12:26:23,google/gemma-2-9b,MMLU_selected_subjects,isot_fake_310,meani,0.418,28,381
2026-01-13 12:32:48,google/gemma-2-9b,MMLU_selected_subjects,isot_fake_311,clean,0.48,28,521
2026-01-13 12:39:12,google/gemma-2-9b,MMLU_selected_subjects,isot_fake_311,meani,0.39,28,521
2026-01-13 12:45:56,google/gemma-2-9b,MMLU_selected_subjects,isot_fake_312,clean,0.566,28,596
2026-01-13 12:52:38,google/gemma-2-9b,MMLU_selected_subjects,isot_fake_312,meani,0.444,28,596
2026-01-13 12:59:28,google/gemma-2-9b,MMLU_selected_subjects,isot_fake_313,clean,0.557,28,737
2026-01-13 13:06:20,google/gemma-2-9b,MMLU_selected_subjects,isot_fake_313,meani,0.413,28,737
2026-01-13 13:13:02,google/gemma-2-9b,MMLU_selected_subjects,isot_fake_314,clean,0.427,28,721
2026-01-13 13:19:41,google/gemma-2-9b,MMLU_selected_subjects,isot_fake_314,meani,0.362,28,721
2026-01-13 13:26:22,google/gemma-2-9b,MMLU_selected_subjects,isot_fake_315,clean,0.504,28,780
2026-01-13 13:33:08,google/gemma-2-9b,MMLU_selected_subjects,isot_fake_315,meani,0.415,28,780
2026-01-13 13:39:34,google/gemma-2-9b,MMLU_selected_subjects,isot_fake_316,clean,0.505,28,644
2026-01-13 13:46:04,google/gemma-2-9b,MMLU_selected_subjects,isot_fake_316,meani,0.484,28,644
2026-01-13 13:52:51,google/gemma-2-9b,MMLU_selected_subjects,isot_fake_317,clean,0.536,28,786
2026-01-13 13:59:33,google/gemma-2-9b,MMLU_selected_subjects,isot_fake_317,meani,0.436,28,786
2026-01-13 14:06:04,google/gemma-2-9b,MMLU_selected_subjects,isot_fake_318,clean,0.334,28,653
2026-01-13 14:12:41,google/gemma-2-9b,MMLU_selected_subjects,isot_fake_318,meani,0.406,28,653
2026-01-13 14:19:23,google/gemma-2-9b,MMLU_selected_subjects,isot_fake_319,clean,0.413,28,773
2026-01-13 14:26:03,google/gemma-2-9b,MMLU_selected_subjects,isot_fake_319,meani,0.507,28,773
2026-01-13 14:32:32,google/gemma-2-9b,MMLU_selected_subjects,isot_fake_32,clean,0.545,28,494
2026-01-13 14:39:01,google/gemma-2-9b,MMLU_selected_subjects,isot_fake_32,meani,0.474,28,494
2026-01-13 14:45:12,google/gemma-2-9b,MMLU_selected_subjects,isot_fake_320,clean,0.498,28,310
2026-01-13 14:51:25,google/gemma-2-9b,MMLU_selected_subjects,isot_fake_320,meani,0.333,28,310
2026-01-13 14:58:12,google/gemma-2-9b,MMLU_selected_subjects,isot_fake_321,clean,0.524,28,748
2026-01-13 15:04:58,google/gemma-2-9b,MMLU_selected_subjects,isot_fake_321,meani,0.468,28,748
2026-01-13 15:11:20,google/gemma-2-9b,MMLU_selected_subjects,isot_fake_322,clean,0.506,28,558
2026-01-13 15:17:44,google/gemma-2-9b,MMLU_selected_subjects,isot_fake_322,meani,0.537,28,558
2026-01-13 15:23:44,google/gemma-2-9b,MMLU_selected_subjects,isot_fake_323,clean,0.488,28,256
2026-01-13 15:29:47,google/gemma-2-9b,MMLU_selected_subjects,isot_fake_323,meani,0.518,28,256
2026-01-13 15:35:46,google/gemma-2-9b,MMLU_selected_subjects,isot_fake_324,clean,0.44,28,223
2026-01-13 15:41:46,google/gemma-2-9b,MMLU_selected_subjects,isot_fake_324,meani,0.288,28,223
2026-01-13 15:48:00,google/gemma-2-9b,MMLU_selected_subjects,isot_fake_325,clean,0.534,28,371
2026-01-13 15:54:18,google/gemma-2-9b,MMLU_selected_subjects,isot_fake_325,meani,0.485,28,371
2026-01-13 16:00:41,google/gemma-2-9b,MMLU_selected_subjects,isot_fake_326,clean,0.497,28,521
2026-01-13 16:07:04,google/gemma-2-9b,MMLU_selected_subjects,isot_fake_326,meani,0.473,28,521
2026-01-13 16:13:03,google/gemma-2-9b,MMLU_selected_subjects,isot_fake_327,clean,0.419,28,218
2026-01-13 16:19:00,google/gemma-2-9b,MMLU_selected_subjects,isot_fake_327,meani,0.457,28,218
2026-01-13 16:25:10,google/gemma-2-9b,MMLU_selected_subjects,isot_fake_328,clean,0.375,28,298
2026-01-13 16:31:32,google/gemma-2-9b,MMLU_selected_subjects,isot_fake_328,meani,0.415,28,298
2026-01-13 16:37:33,google/gemma-2-9b,MMLU_selected_subjects,isot_fake_329,clean,0.505,28,291
2026-01-13 16:43:31,google/gemma-2-9b,MMLU_selected_subjects,isot_fake_329,meani,0.463,28,291
2026-01-13 16:49:52,google/gemma-2-9b,MMLU_selected_subjects,isot_fake_33,clean,0.442,28,433
2026-01-13 16:56:11,google/gemma-2-9b,MMLU_selected_subjects,isot_fake_33,meani,0.432,28,433
2026-01-13 17:02:46,google/gemma-2-9b,MMLU_selected_subjects,isot_fake_330,clean,0.477,28,748
2026-01-13 17:09:22,google/gemma-2-9b,MMLU_selected_subjects,isot_fake_330,meani,0.34,28,748
2026-01-13 17:15:33,google/gemma-2-9b,MMLU_selected_subjects,isot_fake_331,clean,0.511,28,388
2026-01-13 17:21:43,google/gemma-2-9b,MMLU_selected_subjects,isot_fake_331,meani,0.459,28,388
2026-01-13 17:28:10,google/gemma-2-9b,MMLU_selected_subjects,isot_fake_332,clean,0.452,28,664
2026-01-13 17:34:38,google/gemma-2-9b,MMLU_selected_subjects,isot_fake_332,meani,0.415,28,664
2026-01-13 17:40:43,google/gemma-2-9b,MMLU_selected_subjects,isot_fake_333,clean,0.331,28,355
2026-01-13 17:46:48,google/gemma-2-9b,MMLU_selected_subjects,isot_fake_333,meani,0.26,28,355
2026-01-13 17:52:50,google/gemma-2-9b,MMLU_selected_subjects,isot_fake_334,clean,0.503,28,284
2026-01-13 17:59:08,google/gemma-2-9b,MMLU_selected_subjects,isot_fake_334,meani,0.472,28,284
2026-01-13 18:05:44,google/gemma-2-9b,MMLU_selected_subjects,isot_fake_335,clean,0.452,28,681
2026-01-13 18:12:21,google/gemma-2-9b,MMLU_selected_subjects,isot_fake_335,meani,0.45,28,681
2026-01-13 18:18:33,google/gemma-2-9b,MMLU_selected_subjects,isot_fake_336,clean,0.432,28,340
2026-01-13 18:24:55,google/gemma-2-9b,MMLU_selected_subjects,isot_fake_336,meani,0.329,28,340
2026-01-13 18:31:03,google/gemma-2-9b,MMLU_selected_subjects,isot_fake_337,clean,0.379,28,540
2026-01-13 18:37:24,google/gemma-2-9b,MMLU_selected_subjects,isot_fake_337,meani,0.397,28,540
2026-01-13 18:43:59,google/gemma-2-9b,MMLU_selected_subjects,isot_fake_338,clean,0.501,28,747
2026-01-13 18:50:39,google/gemma-2-9b,MMLU_selected_subjects,isot_fake_338,meani,0.429,28,747
2026-01-13 18:56:56,google/gemma-2-9b,MMLU_selected_subjects,isot_fake_339,clean,0.507,28,290
2026-01-13 19:03:12,google/gemma-2-9b,MMLU_selected_subjects,isot_fake_339,meani,0.396,28,290
2026-01-13 19:09:30,google/gemma-2-9b,MMLU_selected_subjects,isot_fake_34,clean,0.467,28,267
2026-01-13 19:15:40,google/gemma-2-9b,MMLU_selected_subjects,isot_fake_34,meani,0.352,28,267
2026-01-13 19:22:15,google/gemma-2-9b,MMLU_selected_subjects,isot_fake_340,clean,0.401,28,608
2026-01-13 19:28:45,google/gemma-2-9b,MMLU_selected_subjects,isot_fake_340,meani,0.404,28,608
2026-01-13 19:34:40,google/gemma-2-9b,MMLU_selected_subjects,isot_fake_341,clean,0.414,28,229
2026-01-13 19:40:36,google/gemma-2-9b,MMLU_selected_subjects,isot_fake_341,meani,0.288,28,229
2026-01-13 19:47:01,google/gemma-2-9b,MMLU_selected_subjects,isot_fake_342,clean,0.537,28,615
2026-01-13 19:53:27,google/gemma-2-9b,MMLU_selected_subjects,isot_fake_342,meani,0.5,28,615
2026-01-13 20:00:00,google/gemma-2-9b,MMLU_selected_subjects,isot_fake_343,clean,0.519,28,609
2026-01-13 20:06:36,google/gemma-2-9b,MMLU_selected_subjects,isot_fake_343,meani,0.307,28,609
2026-01-13 20:13:21,google/gemma-2-9b,MMLU_selected_subjects,isot_fake_344,clean,0.528,28,754
2026-01-13 20:20:10,google/gemma-2-9b,MMLU_selected_subjects,isot_fake_344,meani,0.423,28,754
2026-01-13 20:26:09,google/gemma-2-9b,MMLU_selected_subjects,isot_fake_345,clean,0.473,28,297
2026-01-13 20:32:10,google/gemma-2-9b,MMLU_selected_subjects,isot_fake_345,meani,0.46,28,297
2026-01-13 20:38:26,google/gemma-2-9b,MMLU_selected_subjects,isot_fake_346,clean,0.401,28,511
2026-01-13 20:44:42,google/gemma-2-9b,MMLU_selected_subjects,isot_fake_346,meani,0.45,28,511
2026-01-13 20:50:22,google/gemma-2-9b,MMLU_selected_subjects,isot_fake_347,clean,0.193,28,340
2026-01-13 20:56:29,google/gemma-2-9b,MMLU_selected_subjects,isot_fake_347,meani,0.219,28,340
2026-01-13 21:02:47,google/gemma-2-9b,MMLU_selected_subjects,isot_fake_348,clean,0.547,28,481
2026-01-13 21:09:03,google/gemma-2-9b,MMLU_selected_subjects,isot_fake_348,meani,0.45,28,481
2026-01-13 21:15:33,google/gemma-2-9b,MMLU_selected_subjects,isot_fake_349,clean,0.538,28,742
2026-01-13 21:22:03,google/gemma-2-9b,MMLU_selected_subjects,isot_fake_349,meani,0.475,28,742
2026-01-13 21:28:34,google/gemma-2-9b,MMLU_selected_subjects,isot_fake_35,clean,0.412,28,621
2026-01-13 21:35:05,google/gemma-2-9b,MMLU_selected_subjects,isot_fake_35,meani,0.314,28,621
2026-01-13 21:41:55,google/gemma-2-9b,MMLU_selected_subjects,isot_fake_350,clean,0.527,28,587
2026-01-13 21:48:45,google/gemma-2-9b,MMLU_selected_subjects,isot_fake_350,meani,0.323,28,587
2026-01-13 21:55:15,google/gemma-2-9b,MMLU_selected_subjects,isot_fake_351,clean,0.479,28,644
2026-01-13 22:01:47,google/gemma-2-9b,MMLU_selected_subjects,isot_fake_351,meani,0.53,28,644
2026-01-13 22:08:09,google/gemma-2-9b,MMLU_selected_subjects,isot_fake_352,clean,0.186,28,578
2026-01-13 22:14:32,google/gemma-2-9b,MMLU_selected_subjects,isot_fake_352,meani,0.315,28,578
2026-01-13 22:21:09,google/gemma-2-9b,MMLU_selected_subjects,isot_fake_353,clean,0.505,28,650
2026-01-13 22:27:46,google/gemma-2-9b,MMLU_selected_subjects,isot_fake_353,meani,0.488,28,650
2026-01-13 22:34:20,google/gemma-2-9b,MMLU_selected_subjects,isot_fake_354,clean,0.423,28,718
2026-01-13 22:40:55,google/gemma-2-9b,MMLU_selected_subjects,isot_fake_354,meani,0.392,28,718
2026-01-13 22:47:39,google/gemma-2-9b,MMLU_selected_subjects,isot_fake_355,clean,0.469,28,698
2026-01-13 22:54:22,google/gemma-2-9b,MMLU_selected_subjects,isot_fake_355,meani,0.206,28,698
2026-01-13 23:00:51,google/gemma-2-9b,MMLU_selected_subjects,isot_fake_356,clean,0.496,28,587
2026-01-13 23:07:16,google/gemma-2-9b,MMLU_selected_subjects,isot_fake_356,meani,0.524,28,587
2026-01-13 23:14:14,google/gemma-2-9b,MMLU_selected_subjects,isot_fake_357,clean,0.504,28,688
2026-01-13 23:21:17,google/gemma-2-9b,MMLU_selected_subjects,isot_fake_357,meani,0.396,28,688
2026-01-13 23:27:30,google/gemma-2-9b,MMLU_selected_subjects,isot_fake_358,clean,0.329,28,394
2026-01-13 23:33:42,google/gemma-2-9b,MMLU_selected_subjects,isot_fake_358,meani,0.383,28,394
2026-01-13 23:40:18,google/gemma-2-9b,MMLU_selected_subjects,isot_fake_359,clean,0.401,28,780
2026-01-13 23:46:56,google/gemma-2-9b,MMLU_selected_subjects,isot_fake_359,meani,0.281,28,780
2026-01-13 23:53:30,google/gemma-2-9b,MMLU_selected_subjects,isot_fake_36,clean,0.396,28,748
2026-01-14 00:00:10,google/gemma-2-9b,MMLU_selected_subjects,isot_fake_36,meani,0.259,28,748
2026-01-14 00:06:21,google/gemma-2-9b,MMLU_selected_subjects,isot_fake_360,clean,0.394,28,345
2026-01-14 00:12:27,google/gemma-2-9b,MMLU_selected_subjects,isot_fake_360,meani,0.47,28,345
2026-01-14 00:18:55,google/gemma-2-9b,MMLU_selected_subjects,isot_fake_361,clean,0.506,28,567
2026-01-14 00:25:21,google/gemma-2-9b,MMLU_selected_subjects,isot_fake_361,meani,0.429,28,567
2026-01-14 00:31:55,google/gemma-2-9b,MMLU_selected_subjects,isot_fake_362,clean,0.488,28,765
2026-01-14 00:38:31,google/gemma-2-9b,MMLU_selected_subjects,isot_fake_362,meani,0.436,28,765
2026-01-14 00:45:13,google/gemma-2-9b,MMLU_selected_subjects,isot_fake_363,clean,0.515,28,706
2026-01-14 00:51:55,google/gemma-2-9b,MMLU_selected_subjects,isot_fake_363,meani,0.475,28,706
2026-01-14 00:58:31,google/gemma-2-9b,MMLU_selected_subjects,isot_fake_364,clean,0.535,28,656
2026-01-14 01:05:02,google/gemma-2-9b,MMLU_selected_subjects,isot_fake_364,meani,0.499,28,656
2026-01-14 01:11:18,google/gemma-2-9b,MMLU_selected_subjects,isot_fake_365,clean,0.561,28,452
2026-01-14 01:17:30,google/gemma-2-9b,MMLU_selected_subjects,isot_fake_365,meani,0.504,28,452
2026-01-14 01:23:57,google/gemma-2-9b,MMLU_selected_subjects,isot_fake_366,clean,0.494,28,660
2026-01-14 01:30:27,google/gemma-2-9b,MMLU_selected_subjects,isot_fake_366,meani,0.228,28,660
2026-01-14 01:36:47,google/gemma-2-9b,MMLU_selected_subjects,isot_fake_367,clean,0.506,28,461
2026-01-14 01:43:08,google/gemma-2-9b,MMLU_selected_subjects,isot_fake_367,meani,0.367,28,461
2026-01-14 01:49:42,google/gemma-2-9b,MMLU_selected_subjects,isot_fake_368,clean,0.545,28,684
2026-01-14 01:56:18,google/gemma-2-9b,MMLU_selected_subjects,isot_fake_368,meani,0.483,28,684
2026-01-14 02:02:21,google/gemma-2-9b,MMLU_selected_subjects,isot_fake_369,clean,0.494,28,265
2026-01-14 02:08:22,google/gemma-2-9b,MMLU_selected_subjects,isot_fake_369,meani,0.462,28,265
2026-01-14 02:14:42,google/gemma-2-9b,MMLU_selected_subjects,isot_fake_37,clean,0.544,28,427
2026-01-14 02:20:53,google/gemma-2-9b,MMLU_selected_subjects,isot_fake_37,meani,0.531,28,427
2026-01-14 02:27:01,google/gemma-2-9b,MMLU_selected_subjects,isot_fake_370,clean,0.492,28,333
2026-01-14 02:33:11,google/gemma-2-9b,MMLU_selected_subjects,isot_fake_370,meani,0.401,28,333
2026-01-14 02:39:33,google/gemma-2-9b,MMLU_selected_subjects,isot_fake_371,clean,0.368,28,585
2026-01-14 02:45:58,google/gemma-2-9b,MMLU_selected_subjects,isot_fake_371,meani,0.347,28,585
2026-01-14 02:52:43,google/gemma-2-9b,MMLU_selected_subjects,isot_fake_372,clean,0.556,28,778
2026-01-14 02:59:25,google/gemma-2-9b,MMLU_selected_subjects,isot_fake_372,meani,0.458,28,778
2026-01-14 03:05:33,google/gemma-2-9b,MMLU_selected_subjects,isot_fake_373,clean,0.375,28,298
2026-01-14 03:11:41,google/gemma-2-9b,MMLU_selected_subjects,isot_fake_373,meani,0.311,28,298
2026-01-14 03:18:12,google/gemma-2-9b,MMLU_selected_subjects,isot_fake_374,clean,0.455,28,721
2026-01-14 03:24:41,google/gemma-2-9b,MMLU_selected_subjects,isot_fake_374,meani,0.452,28,721
2026-01-14 03:31:06,google/gemma-2-9b,MMLU_selected_subjects,isot_fake_375,clean,0.38,28,342
2026-01-14 03:37:19,google/gemma-2-9b,MMLU_selected_subjects,isot_fake_375,meani,0.368,28,342
2026-01-14 03:43:22,google/gemma-2-9b,MMLU_selected_subjects,isot_fake_376,clean,0.533,28,208
2026-01-14 03:49:30,google/gemma-2-9b,MMLU_selected_subjects,isot_fake_376,meani,0.427,28,208
2026-01-14 03:56:09,google/gemma-2-9b,MMLU_selected_subjects,isot_fake_377,clean,0.455,28,738
2026-01-14 04:02:50,google/gemma-2-9b,MMLU_selected_subjects,isot_fake_377,meani,0.38,28,738
2026-01-14 04:09:09,google/gemma-2-9b,MMLU_selected_subjects,isot_fake_378,clean,0.545,28,494
2026-01-14 04:15:29,google/gemma-2-9b,MMLU_selected_subjects,isot_fake_378,meani,0.49,28,494
2026-01-14 04:21:38,google/gemma-2-9b,MMLU_selected_subjects,isot_fake_379,clean,0.438,28,396
2026-01-14 04:27:44,google/gemma-2-9b,MMLU_selected_subjects,isot_fake_379,meani,0.451,28,396
2026-01-14 04:34:04,google/gemma-2-9b,MMLU_selected_subjects,isot_fake_38,clean,0.534,28,467
2026-01-14 04:40:21,google/gemma-2-9b,MMLU_selected_subjects,isot_fake_38,meani,0.501,28,467
2026-01-14 04:46:54,google/gemma-2-9b,MMLU_selected_subjects,isot_fake_380,clean,0.522,28,637
2026-01-14 04:53:31,google/gemma-2-9b,MMLU_selected_subjects,isot_fake_380,meani,0.464,28,637
2026-01-14 04:59:26,google/gemma-2-9b,MMLU_selected_subjects,isot_fake_381,clean,0.387,28,206
2026-01-14 05:05:20,google/gemma-2-9b,MMLU_selected_subjects,isot_fake_381,meani,0.272,28,206
2026-01-14 05:12:10,google/gemma-2-9b,MMLU_selected_subjects,isot_fake_382,clean,0.392,28,791
2026-01-14 05:19:08,google/gemma-2-9b,MMLU_selected_subjects,isot_fake_382,meani,0.392,28,791
2026-01-14 05:25:43,google/gemma-2-9b,MMLU_selected_subjects,isot_fake_383,clean,0.495,28,679
2026-01-14 05:32:20,google/gemma-2-9b,MMLU_selected_subjects,isot_fake_383,meani,0.424,28,679
2026-01-14 05:39:12,google/gemma-2-9b,MMLU_selected_subjects,isot_fake_384,clean,0.481,28,791
2026-01-14 05:46:01,google/gemma-2-9b,MMLU_selected_subjects,isot_fake_384,meani,0.484,28,791
2026-01-14 05:52:22,google/gemma-2-9b,MMLU_selected_subjects,isot_fake_385,clean,0.457,28,612
2026-01-14 05:58:44,google/gemma-2-9b,MMLU_selected_subjects,isot_fake_385,meani,0.454,28,612
2026-01-14 06:05:02,google/gemma-2-9b,MMLU_selected_subjects,isot_fake_386,clean,0.358,28,549
2026-01-14 06:11:35,google/gemma-2-9b,MMLU_selected_subjects,isot_fake_386,meani,0.303,28,549
2026-01-14 06:17:53,google/gemma-2-9b,MMLU_selected_subjects,isot_fake_387,clean,0.382,28,556
2026-01-14 06:24:17,google/gemma-2-9b,MMLU_selected_subjects,isot_fake_387,meani,0.403,28,556
2026-01-14 06:30:16,google/gemma-2-9b,MMLU_selected_subjects,isot_fake_388,clean,0.515,28,277
2026-01-14 06:36:15,google/gemma-2-9b,MMLU_selected_subjects,isot_fake_388,meani,0.485,28,277
2026-01-14 06:42:43,google/gemma-2-9b,MMLU_selected_subjects,isot_fake_389,clean,0.546,28,691
2026-01-14 06:49:18,google/gemma-2-9b,MMLU_selected_subjects,isot_fake_389,meani,0.438,28,691
2026-01-14 06:55:49,google/gemma-2-9b,MMLU_selected_subjects,isot_fake_39,clean,0.491,28,589
2026-01-14 07:02:14,google/gemma-2-9b,MMLU_selected_subjects,isot_fake_39,meani,0.377,28,589
2026-01-14 07:08:44,google/gemma-2-9b,MMLU_selected_subjects,isot_fake_390,clean,0.485,28,511
2026-01-14 07:15:12,google/gemma-2-9b,MMLU_selected_subjects,isot_fake_390,meani,0.393,28,511
2026-01-14 07:22:06,google/gemma-2-9b,MMLU_selected_subjects,isot_fake_391,clean,0.523,28,738
2026-01-14 07:28:59,google/gemma-2-9b,MMLU_selected_subjects,isot_fake_391,meani,0.428,28,738
2026-01-14 07:35:25,google/gemma-2-9b,MMLU_selected_subjects,isot_fake_392,clean,0.463,28,651
2026-01-14 07:41:47,google/gemma-2-9b,MMLU_selected_subjects,isot_fake_392,meani,0.435,28,651
2026-01-14 07:48:47,google/gemma-2-9b,MMLU_selected_subjects,isot_fake_393,clean,0.398,28,749
2026-01-14 07:55:50,google/gemma-2-9b,MMLU_selected_subjects,isot_fake_393,meani,0.368,28,749
2026-01-14 08:02:20,google/gemma-2-9b,MMLU_selected_subjects,isot_fake_394,clean,0.529,28,716
2026-01-14 08:08:50,google/gemma-2-9b,MMLU_selected_subjects,isot_fake_394,meani,0.467,28,716
2026-01-14 08:15:41,google/gemma-2-9b,MMLU_selected_subjects,isot_fake_395,clean,0.459,28,759
2026-01-14 08:22:29,google/gemma-2-9b,MMLU_selected_subjects,isot_fake_395,meani,0.331,28,759
2026-01-14 08:29:05,google/gemma-2-9b,MMLU_selected_subjects,isot_fake_396,clean,0.51,28,549
2026-01-14 08:35:32,google/gemma-2-9b,MMLU_selected_subjects,isot_fake_396,meani,0.469,28,549
2026-01-14 08:42:05,google/gemma-2-9b,MMLU_selected_subjects,isot_fake_397,clean,0.546,28,640
2026-01-14 08:48:34,google/gemma-2-9b,MMLU_selected_subjects,isot_fake_397,meani,0.501,28,640
2026-01-14 08:55:05,google/gemma-2-9b,MMLU_selected_subjects,isot_fake_398,clean,0.446,28,595
2026-01-14 09:01:32,google/gemma-2-9b,MMLU_selected_subjects,isot_fake_398,meani,0.355,28,595
2026-01-14 09:07:36,google/gemma-2-9b,MMLU_selected_subjects,isot_fake_399,clean,0.481,28,322
2026-01-14 09:13:44,google/gemma-2-9b,MMLU_selected_subjects,isot_fake_399,meani,0.495,28,322
2026-01-14 09:19:49,google/gemma-2-9b,MMLU_selected_subjects,isot_fake_4,clean,0.314,28,345
2026-01-14 09:26:00,google/gemma-2-9b,MMLU_selected_subjects,isot_fake_4,meani,0.378,28,345
2026-01-14 09:32:32,google/gemma-2-9b,MMLU_selected_subjects,isot_fake_40,clean,0.535,28,656
2026-01-14 09:38:59,google/gemma-2-9b,MMLU_selected_subjects,isot_fake_40,meani,0.509,28,656
2026-01-14 09:45:06,google/gemma-2-9b,MMLU_selected_subjects,isot_fake_400,clean,0.523,28,206
2026-01-14 09:51:11,google/gemma-2-9b,MMLU_selected_subjects,isot_fake_400,meani,0.373,28,206
2026-01-14 09:57:41,google/gemma-2-9b,MMLU_selected_subjects,isot_fake_401,clean,0.514,28,649
2026-01-14 10:04:12,google/gemma-2-9b,MMLU_selected_subjects,isot_fake_401,meani,0.402,28,649
2026-01-14 10:11:09,google/gemma-2-9b,MMLU_selected_subjects,isot_fake_402,clean,0.535,28,729
2026-01-14 10:18:09,google/gemma-2-9b,MMLU_selected_subjects,isot_fake_402,meani,0.439,28,729
2026-01-14 10:24:40,google/gemma-2-9b,MMLU_selected_subjects,isot_fake_403,clean,0.546,28,551
2026-01-14 10:31:12,google/gemma-2-9b,MMLU_selected_subjects,isot_fake_403,meani,0.487,28,551
2026-01-14 10:37:32,google/gemma-2-9b,MMLU_selected_subjects,isot_fake_404,clean,0.471,28,432
2026-01-14 10:43:46,google/gemma-2-9b,MMLU_selected_subjects,isot_fake_404,meani,0.485,28,432
2026-01-14 10:50:05,google/gemma-2-9b,MMLU_selected_subjects,isot_fake_405,clean,0.472,28,485
2026-01-14 10:56:29,google/gemma-2-9b,MMLU_selected_subjects,isot_fake_405,meani,0.266,28,485
2026-01-14 11:03:07,google/gemma-2-9b,MMLU_selected_subjects,isot_fake_406,clean,0.496,28,587
2026-01-14 11:09:41,google/gemma-2-9b,MMLU_selected_subjects,isot_fake_406,meani,0.515,28,587
2026-01-14 11:16:16,google/gemma-2-9b,MMLU_selected_subjects,isot_fake_407,clean,0.473,28,685
2026-01-14 11:22:59,google/gemma-2-9b,MMLU_selected_subjects,isot_fake_407,meani,0.281,28,685
2026-01-14 11:29:30,google/gemma-2-9b,MMLU_selected_subjects,isot_fake_408,clean,0.407,28,447
2026-01-14 11:35:59,google/gemma-2-9b,MMLU_selected_subjects,isot_fake_408,meani,0.481,28,447
2026-01-14 11:42:30,google/gemma-2-9b,MMLU_selected_subjects,isot_fake_409,clean,0.348,28,379
2026-01-14 11:49:01,google/gemma-2-9b,MMLU_selected_subjects,isot_fake_409,meani,0.102,28,379
2026-01-14 11:55:23,google/gemma-2-9b,MMLU_selected_subjects,isot_fake_41,clean,0.478,28,429
2026-01-14 12:01:50,google/gemma-2-9b,MMLU_selected_subjects,isot_fake_41,meani,0.437,28,429
2026-01-14 12:08:04,google/gemma-2-9b,MMLU_selected_subjects,isot_fake_410,clean,0.382,28,222
2026-01-14 12:14:15,google/gemma-2-9b,MMLU_selected_subjects,isot_fake_410,meani,0.359,28,222
2026-01-14 12:20:53,google/gemma-2-9b,MMLU_selected_subjects,isot_fake_411,clean,0.483,28,709
2026-01-14 12:27:35,google/gemma-2-9b,MMLU_selected_subjects,isot_fake_411,meani,0.376,28,709
2026-01-14 12:34:35,google/gemma-2-9b,MMLU_selected_subjects,isot_fake_412,clean,0.543,28,793
2026-01-14 12:41:28,google/gemma-2-9b,MMLU_selected_subjects,isot_fake_412,meani,0.472,28,793
2026-01-14 12:48:21,google/gemma-2-9b,MMLU_selected_subjects,isot_fake_413,clean,0.515,28,715
2026-01-14 12:55:21,google/gemma-2-9b,MMLU_selected_subjects,isot_fake_413,meani,0.291,28,715
2026-01-14 13:02:05,google/gemma-2-9b,MMLU_selected_subjects,isot_fake_414,clean,0.54,28,709
2026-01-14 13:08:41,google/gemma-2-9b,MMLU_selected_subjects,isot_fake_414,meani,0.51,28,709
2026-01-14 13:15:13,google/gemma-2-9b,MMLU_selected_subjects,isot_fake_415,clean,0.451,28,403
2026-01-14 13:21:45,google/gemma-2-9b,MMLU_selected_subjects,isot_fake_415,meani,0.335,28,403
2026-01-14 13:28:01,google/gemma-2-9b,MMLU_selected_subjects,isot_fake_416,clean,0.477,28,347
2026-01-14 13:34:22,google/gemma-2-9b,MMLU_selected_subjects,isot_fake_416,meani,0.295,28,347
2026-01-14 13:40:23,google/gemma-2-9b,MMLU_selected_subjects,isot_fake_417,clean,0.484,28,247
2026-01-14 13:46:29,google/gemma-2-9b,MMLU_selected_subjects,isot_fake_417,meani,0.453,28,247
2026-01-14 13:52:42,google/gemma-2-9b,MMLU_selected_subjects,isot_fake_418,clean,0.447,28,409
2026-01-14 13:58:53,google/gemma-2-9b,MMLU_selected_subjects,isot_fake_418,meani,0.379,28,409
2026-01-14 14:04:57,google/gemma-2-9b,MMLU_selected_subjects,isot_fake_419,clean,0.448,28,234
2026-01-14 14:11:01,google/gemma-2-9b,MMLU_selected_subjects,isot_fake_419,meani,0.423,28,234
2026-01-14 14:16:59,google/gemma-2-9b,MMLU_selected_subjects,isot_fake_42,clean,0.457,28,244
2026-01-14 14:22:57,google/gemma-2-9b,MMLU_selected_subjects,isot_fake_42,meani,0.438,28,244
2026-01-14 14:29:37,google/gemma-2-9b,MMLU_selected_subjects,isot_fake_420,clean,0.535,28,784
2026-01-14 14:36:29,google/gemma-2-9b,MMLU_selected_subjects,isot_fake_420,meani,0.511,28,784
2026-01-14 14:42:57,google/gemma-2-9b,MMLU_selected_subjects,isot_fake_421,clean,0.339,28,566
2026-01-14 14:49:29,google/gemma-2-9b,MMLU_selected_subjects,isot_fake_421,meani,0.451,28,566
2026-01-14 14:55:44,google/gemma-2-9b,MMLU_selected_subjects,isot_fake_422,clean,0.353,28,314
2026-01-14 15:01:54,google/gemma-2-9b,MMLU_selected_subjects,isot_fake_422,meani,0.148,28,314
2026-01-14 15:08:12,google/gemma-2-9b,MMLU_selected_subjects,isot_fake_423,clean,0.455,28,496
2026-01-14 15:14:36,google/gemma-2-9b,MMLU_selected_subjects,isot_fake_423,meani,0.496,28,496
2026-01-14 15:20:57,google/gemma-2-9b,MMLU_selected_subjects,isot_fake_424,clean,0.347,28,526
2026-01-14 15:27:22,google/gemma-2-9b,MMLU_selected_subjects,isot_fake_424,meani,0.41,28,526
2026-01-14 15:33:42,google/gemma-2-9b,MMLU_selected_subjects,isot_fake_425,clean,0.533,28,501
2026-01-14 15:39:58,google/gemma-2-9b,MMLU_selected_subjects,isot_fake_425,meani,0.407,28,501
2026-01-14 15:45:55,google/gemma-2-9b,MMLU_selected_subjects,isot_fake_426,clean,0.494,28,208
2026-01-14 15:51:51,google/gemma-2-9b,MMLU_selected_subjects,isot_fake_426,meani,0.456,28,208
2026-01-14 15:58:16,google/gemma-2-9b,MMLU_selected_subjects,isot_fake_427,clean,0.516,28,516
2026-01-14 16:04:39,google/gemma-2-9b,MMLU_selected_subjects,isot_fake_427,meani,0.518,28,516
2026-01-14 16:11:06,google/gemma-2-9b,MMLU_selected_subjects,isot_fake_428,clean,0.533,28,643
2026-01-14 16:17:37,google/gemma-2-9b,MMLU_selected_subjects,isot_fake_428,meani,0.458,28,643
2026-01-14 16:23:54,google/gemma-2-9b,MMLU_selected_subjects,isot_fake_429,clean,0.437,28,465
2026-01-14 16:30:10,google/gemma-2-9b,MMLU_selected_subjects,isot_fake_429,meani,0.315,28,465
2026-01-14 16:36:21,google/gemma-2-9b,MMLU_selected_subjects,isot_fake_43,clean,0.52,28,211
2026-01-14 16:42:30,google/gemma-2-9b,MMLU_selected_subjects,isot_fake_43,meani,0.434,28,211
2026-01-14 16:48:57,google/gemma-2-9b,MMLU_selected_subjects,isot_fake_430,clean,0.474,28,632
2026-01-14 16:55:25,google/gemma-2-9b,MMLU_selected_subjects,isot_fake_430,meani,0.468,28,632
2026-01-14 17:01:34,google/gemma-2-9b,MMLU_selected_subjects,isot_fake_431,clean,0.444,28,327
2026-01-14 17:07:53,google/gemma-2-9b,MMLU_selected_subjects,isot_fake_431,meani,0.3,28,327
2026-01-14 17:14:32,google/gemma-2-9b,MMLU_selected_subjects,isot_fake_432,clean,0.526,28,215
2026-01-14 17:21:13,google/gemma-2-9b,MMLU_selected_subjects,isot_fake_432,meani,0.531,28,215
2026-01-14 17:28:27,google/gemma-2-9b,MMLU_selected_subjects,isot_fake_433,clean,0.415,28,785
2026-01-14 17:35:23,google/gemma-2-9b,MMLU_selected_subjects,isot_fake_433,meani,0.422,28,785
2026-01-14 17:41:19,google/gemma-2-9b,MMLU_selected_subjects,isot_fake_434,clean,0.4,28,200
2026-01-14 17:47:13,google/gemma-2-9b,MMLU_selected_subjects,isot_fake_434,meani,0.465,28,200
2026-01-14 17:53:45,google/gemma-2-9b,MMLU_selected_subjects,isot_fake_435,clean,0.514,28,737
2026-01-14 18:00:17,google/gemma-2-9b,MMLU_selected_subjects,isot_fake_435,meani,0.36,28,737
2026-01-14 18:06:47,google/gemma-2-9b,MMLU_selected_subjects,isot_fake_436,clean,0.466,28,654
2026-01-14 18:13:14,google/gemma-2-9b,MMLU_selected_subjects,isot_fake_436,meani,0.402,28,654
2026-01-14 18:19:17,google/gemma-2-9b,MMLU_selected_subjects,isot_fake_437,clean,0.536,28,212
2026-01-14 18:25:22,google/gemma-2-9b,MMLU_selected_subjects,isot_fake_437,meani,0.502,28,212
2026-01-14 18:31:28,google/gemma-2-9b,MMLU_selected_subjects,isot_fake_438,clean,0.436,28,334
2026-01-14 18:37:32,google/gemma-2-9b,MMLU_selected_subjects,isot_fake_438,meani,0.249,28,334
2026-01-14 18:43:55,google/gemma-2-9b,MMLU_selected_subjects,isot_fake_439,clean,0.479,28,490
2026-01-14 18:50:29,google/gemma-2-9b,MMLU_selected_subjects,isot_fake_439,meani,0.409,28,490
2026-01-14 18:56:35,google/gemma-2-9b,MMLU_selected_subjects,isot_fake_44,clean,0.306,28,335
2026-01-14 19:02:39,google/gemma-2-9b,MMLU_selected_subjects,isot_fake_44,meani,0.34,28,335
2026-01-14 19:08:55,google/gemma-2-9b,MMLU_selected_subjects,isot_fake_440,clean,0.529,28,529
2026-01-14 19:15:13,google/gemma-2-9b,MMLU_selected_subjects,isot_fake_440,meani,0.471,28,529
2026-01-14 19:21:33,google/gemma-2-9b,MMLU_selected_subjects,isot_fake_441,clean,0.516,28,541
2026-01-14 19:27:54,google/gemma-2-9b,MMLU_selected_subjects,isot_fake_441,meani,0.464,28,541
2026-01-14 19:34:11,google/gemma-2-9b,MMLU_selected_subjects,isot_fake_442,clean,0.488,28,514
2026-01-14 19:40:30,google/gemma-2-9b,MMLU_selected_subjects,isot_fake_442,meani,0.446,28,514
2026-01-14 19:46:46,google/gemma-2-9b,MMLU_selected_subjects,isot_fake_443,clean,0.47,28,480
2026-01-14 19:53:04,google/gemma-2-9b,MMLU_selected_subjects,isot_fake_443,meani,0.343,28,480
2026-01-14 19:59:39,google/gemma-2-9b,MMLU_selected_subjects,isot_fake_444,clean,0.547,28,678
2026-01-14 20:06:12,google/gemma-2-9b,MMLU_selected_subjects,isot_fake_444,meani,0.49,28,678
2026-01-14 20:12:48,google/gemma-2-9b,MMLU_selected_subjects,isot_fake_445,clean,0.419,28,723
2026-01-14 20:19:25,google/gemma-2-9b,MMLU_selected_subjects,isot_fake_445,meani,0.466,28,723
2026-01-14 20:26:08,google/gemma-2-9b,MMLU_selected_subjects,isot_fake_446,clean,0.513,28,793
2026-01-14 20:32:47,google/gemma-2-9b,MMLU_selected_subjects,isot_fake_446,meani,0.487,28,793
2026-01-14 20:39:02,google/gemma-2-9b,MMLU_selected_subjects,isot_fake_447,clean,0.486,28,417
2026-01-14 20:45:17,google/gemma-2-9b,MMLU_selected_subjects,isot_fake_447,meani,0.279,28,417
2026-01-14 20:51:31,google/gemma-2-9b,MMLU_selected_subjects,isot_fake_448,clean,0.502,28,440
2026-01-14 20:57:51,google/gemma-2-9b,MMLU_selected_subjects,isot_fake_448,meani,0.301,28,440
2026-01-14 21:03:51,google/gemma-2-9b,MMLU_selected_subjects,isot_fake_449,clean,0.496,28,217
2026-01-14 21:09:53,google/gemma-2-9b,MMLU_selected_subjects,isot_fake_449,meani,0.438,28,217
2026-01-14 21:15:54,google/gemma-2-9b,MMLU_selected_subjects,isot_fake_45,clean,0.27,28,211
2026-01-14 21:21:55,google/gemma-2-9b,MMLU_selected_subjects,isot_fake_45,meani,0.315,28,211
2026-01-14 21:28:22,google/gemma-2-9b,MMLU_selected_subjects,isot_fake_450,clean,0.504,28,648
2026-01-14 21:34:56,google/gemma-2-9b,MMLU_selected_subjects,isot_fake_450,meani,0.394,28,648
2026-01-14 21:41:08,google/gemma-2-9b,MMLU_selected_subjects,isot_fake_451,clean,0.529,28,360
2026-01-14 21:47:32,google/gemma-2-9b,MMLU_selected_subjects,isot_fake_451,meani,0.5,28,360
2026-01-14 21:53:40,google/gemma-2-9b,MMLU_selected_subjects,isot_fake_452,clean,0.421,28,396
2026-01-14 21:59:47,google/gemma-2-9b,MMLU_selected_subjects,isot_fake_452,meani,0.468,28,396
2026-01-14 22:05:51,google/gemma-2-9b,MMLU_selected_subjects,isot_fake_453,clean,0.497,28,213
2026-01-14 22:11:55,google/gemma-2-9b,MMLU_selected_subjects,isot_fake_453,meani,0.415,28,213
2026-01-14 22:18:46,google/gemma-2-9b,MMLU_selected_subjects,isot_fake_454,clean,0.401,28,792
2026-01-14 22:25:33,google/gemma-2-9b,MMLU_selected_subjects,isot_fake_454,meani,0.31,28,792
2026-01-14 22:32:11,google/gemma-2-9b,MMLU_selected_subjects,isot_fake_455,clean,0.348,28,760
2026-01-14 22:38:41,google/gemma-2-9b,MMLU_selected_subjects,isot_fake_455,meani,0.259,28,760
2026-01-14 22:45:18,google/gemma-2-9b,MMLU_selected_subjects,isot_fake_456,clean,0.525,28,739
2026-01-14 22:51:58,google/gemma-2-9b,MMLU_selected_subjects,isot_fake_456,meani,0.455,28,739
2026-01-14 22:58:14,google/gemma-2-9b,MMLU_selected_subjects,isot_fake_457,clean,0.468,28,262
2026-01-14 23:04:35,google/gemma-2-9b,MMLU_selected_subjects,isot_fake_457,meani,0.308,28,262
2026-01-14 23:11:04,google/gemma-2-9b,MMLU_selected_subjects,isot_fake_458,clean,0.316,28,671
2026-01-14 23:17:30,google/gemma-2-9b,MMLU_selected_subjects,isot_fake_458,meani,0.293,28,671
2026-01-14 23:23:41,google/gemma-2-9b,MMLU_selected_subjects,isot_fake_459,clean,0.406,28,439
2026-01-14 23:29:51,google/gemma-2-9b,MMLU_selected_subjects,isot_fake_459,meani,0.406,28,439
2026-01-14 23:36:17,google/gemma-2-9b,MMLU_selected_subjects,isot_fake_46,clean,0.416,28,452
2026-01-14 23:42:43,google/gemma-2-9b,MMLU_selected_subjects,isot_fake_46,meani,0.283,28,452
2026-01-14 23:49:13,google/gemma-2-9b,MMLU_selected_subjects,isot_fake_460,clean,0.53,28,550
2026-01-14 23:55:44,google/gemma-2-9b,MMLU_selected_subjects,isot_fake_460,meani,0.409,28,550
2026-01-15 00:02:09,google/gemma-2-9b,MMLU_selected_subjects,isot_fake_461,clean,0.473,28,574
2026-01-15 00:08:33,google/gemma-2-9b,MMLU_selected_subjects,isot_fake_461,meani,0.458,28,574
2026-01-15 00:15:15,google/gemma-2-9b,MMLU_selected_subjects,isot_fake_462,clean,0.433,28,780
2026-01-15 00:21:55,google/gemma-2-9b,MMLU_selected_subjects,isot_fake_462,meani,0.438,28,780
2026-01-15 00:28:20,google/gemma-2-9b,MMLU_selected_subjects,isot_fake_463,clean,0.461,28,594
2026-01-15 00:34:51,google/gemma-2-9b,MMLU_selected_subjects,isot_fake_463,meani,0.433,28,594
2026-01-15 00:41:03,google/gemma-2-9b,MMLU_selected_subjects,isot_fake_464,clean,0.515,28,437
2026-01-15 00:47:23,google/gemma-2-9b,MMLU_selected_subjects,isot_fake_464,meani,0.446,28,437
2026-01-15 00:54:06,google/gemma-2-9b,MMLU_selected_subjects,isot_fake_465,clean,0.552,28,393
2026-01-15 01:00:20,google/gemma-2-9b,MMLU_selected_subjects,isot_fake_465,meani,0.436,28,393
2026-01-15 01:06:32,google/gemma-2-9b,MMLU_selected_subjects,isot_fake_466,clean,0.372,28,387
2026-01-15 01:12:42,google/gemma-2-9b,MMLU_selected_subjects,isot_fake_466,meani,0.471,28,387
2026-01-15 01:18:49,google/gemma-2-9b,MMLU_selected_subjects,isot_fake_467,clean,0.291,28,716
2026-01-15 01:25:32,google/gemma-2-9b,MMLU_selected_subjects,isot_fake_467,meani,0.346,28,716
2026-01-15 01:32:05,google/gemma-2-9b,MMLU_selected_subjects,isot_fake_468,clean,0.502,28,715
2026-01-15 01:38:39,google/gemma-2-9b,MMLU_selected_subjects,isot_fake_468,meani,0.458,28,715
2026-01-15 01:45:07,google/gemma-2-9b,MMLU_selected_subjects,isot_fake_469,clean,0.36,28,592
2026-01-15 01:51:23,google/gemma-2-9b,MMLU_selected_subjects,isot_fake_469,meani,0.257,28,592
2026-01-15 01:58:05,google/gemma-2-9b,MMLU_selected_subjects,isot_fake_47,clean,0.515,28,522
2026-01-15 02:04:45,google/gemma-2-9b,MMLU_selected_subjects,isot_fake_47,meani,0.385,28,522
2026-01-15 02:11:28,google/gemma-2-9b,MMLU_selected_subjects,isot_fake_470,clean,0.54,28,649
2026-01-15 02:18:12,google/gemma-2-9b,MMLU_selected_subjects,isot_fake_470,meani,0.365,28,649
2026-01-15 02:24:43,google/gemma-2-9b,MMLU_selected_subjects,isot_fake_471,clean,0.43,28,797
2026-01-15 02:31:16,google/gemma-2-9b,MMLU_selected_subjects,isot_fake_471,meani,0.272,28,797
2026-01-15 02:37:34,google/gemma-2-9b,MMLU_selected_subjects,isot_fake_472,clean,0.488,28,481
2026-01-15 02:43:55,google/gemma-2-9b,MMLU_selected_subjects,isot_fake_472,meani,0.463,28,481
2026-01-15 02:49:58,google/gemma-2-9b,MMLU_selected_subjects,isot_fake_473,clean,0.509,28,203
2026-01-15 02:56:07,google/gemma-2-9b,MMLU_selected_subjects,isot_fake_473,meani,0.413,28,203
2026-01-15 03:02:23,google/gemma-2-9b,MMLU_selected_subjects,isot_fake_474,clean,0.519,28,419
2026-01-15 03:08:48,google/gemma-2-9b,MMLU_selected_subjects,isot_fake_474,meani,0.486,28,419
2026-01-15 03:14:59,google/gemma-2-9b,MMLU_selected_subjects,isot_fake_475,clean,0.444,28,327
2026-01-15 03:21:07,google/gemma-2-9b,MMLU_selected_subjects,isot_fake_475,meani,0.367,28,327
2026-01-15 03:27:08,google/gemma-2-9b,MMLU_selected_subjects,isot_fake_476,clean,0.482,28,210
2026-01-15 03:33:09,google/gemma-2-9b,MMLU_selected_subjects,isot_fake_476,meani,0.335,28,210
2026-01-15 03:39:11,google/gemma-2-9b,MMLU_selected_subjects,isot_fake_477,clean,0.457,28,270
2026-01-15 03:45:10,google/gemma-2-9b,MMLU_selected_subjects,isot_fake_477,meani,0.439,28,270
2026-01-15 03:51:46,google/gemma-2-9b,MMLU_selected_subjects,isot_fake_478,clean,0.397,28,753
2026-01-15 03:58:32,google/gemma-2-9b,MMLU_selected_subjects,isot_fake_478,meani,0.139,28,753
2026-01-15 04:05:05,google/gemma-2-9b,MMLU_selected_subjects,isot_fake_479,clean,0.495,28,758
2026-01-15 04:11:38,google/gemma-2-9b,MMLU_selected_subjects,isot_fake_479,meani,0.464,28,758
2026-01-15 04:18:14,google/gemma-2-9b,MMLU_selected_subjects,isot_fake_48,clean,0.502,28,679
2026-01-15 04:24:55,google/gemma-2-9b,MMLU_selected_subjects,isot_fake_48,meani,0.435,28,679
2026-01-15 04:31:28,google/gemma-2-9b,MMLU_selected_subjects,isot_fake_480,clean,0.411,28,792
2026-01-15 04:38:04,google/gemma-2-9b,MMLU_selected_subjects,isot_fake_480,meani,0.351,28,792
2026-01-15 04:44:28,google/gemma-2-9b,MMLU_selected_subjects,isot_fake_481,clean,0.535,28,441
2026-01-15 04:50:44,google/gemma-2-9b,MMLU_selected_subjects,isot_fake_481,meani,0.393,28,441
2026-01-15 04:57:37,google/gemma-2-9b,MMLU_selected_subjects,isot_fake_482,clean,0.474,28,570
2026-01-15 05:04:34,google/gemma-2-9b,MMLU_selected_subjects,isot_fake_482,meani,0.396,28,570
2026-01-15 05:11:02,google/gemma-2-9b,MMLU_selected_subjects,isot_fake_483,clean,0.506,28,593
2026-01-15 05:17:32,google/gemma-2-9b,MMLU_selected_subjects,isot_fake_483,meani,0.435,28,593
2026-01-15 05:23:29,google/gemma-2-9b,MMLU_selected_subjects,isot_fake_484,clean,0.524,28,209
2026-01-15 05:29:24,google/gemma-2-9b,MMLU_selected_subjects,isot_fake_484,meani,0.448,28,209
2026-01-15 05:35:25,google/gemma-2-9b,MMLU_selected_subjects,isot_fake_485,clean,0.533,28,271
2026-01-15 05:41:26,google/gemma-2-9b,MMLU_selected_subjects,isot_fake_485,meani,0.542,28,271
2026-01-15 05:47:22,google/gemma-2-9b,MMLU_selected_subjects,isot_fake_486,clean,0.436,28,219
2026-01-15 05:53:24,google/gemma-2-9b,MMLU_selected_subjects,isot_fake_486,meani,0.44,28,219
2026-01-15 05:59:45,google/gemma-2-9b,MMLU_selected_subjects,isot_fake_487,clean,0.421,28,529
2026-01-15 06:06:03,google/gemma-2-9b,MMLU_selected_subjects,isot_fake_487,meani,0.481,28,529
2026-01-15 06:12:18,google/gemma-2-9b,MMLU_selected_subjects,isot_fake_488,clean,0.337,28,541
2026-01-15 06:18:34,google/gemma-2-9b,MMLU_selected_subjects,isot_fake_488,meani,0.295,28,541
2026-01-15 06:24:45,google/gemma-2-9b,MMLU_selected_subjects,isot_fake_489,clean,0.359,28,432
2026-01-15 06:30:59,google/gemma-2-9b,MMLU_selected_subjects,isot_fake_489,meani,0.339,28,432
2026-01-15 06:37:28,google/gemma-2-9b,MMLU_selected_subjects,isot_fake_49,clean,0.389,28,586
2026-01-15 06:43:55,google/gemma-2-9b,MMLU_selected_subjects,isot_fake_49,meani,0.228,28,586
2026-01-15 06:50:01,google/gemma-2-9b,MMLU_selected_subjects,isot_fake_490,clean,0.486,28,307
2026-01-15 06:56:08,google/gemma-2-9b,MMLU_selected_subjects,isot_fake_490,meani,0.305,28,307
2026-01-15 07:02:08,google/gemma-2-9b,MMLU_selected_subjects,isot_fake_491,clean,0.439,28,259
2026-01-15 07:08:09,google/gemma-2-9b,MMLU_selected_subjects,isot_fake_491,meani,0.406,28,259
2026-01-15 07:14:13,google/gemma-2-9b,MMLU_selected_subjects,isot_fake_492,clean,0.448,28,234
2026-01-15 07:20:09,google/gemma-2-9b,MMLU_selected_subjects,isot_fake_492,meani,0.432,28,234
2026-01-15 07:26:22,google/gemma-2-9b,MMLU_selected_subjects,isot_fake_493,clean,0.38,28,311
2026-01-15 07:32:43,google/gemma-2-9b,MMLU_selected_subjects,isot_fake_493,meani,0.325,28,311
2026-01-15 07:39:03,google/gemma-2-9b,MMLU_selected_subjects,isot_fake_494,clean,0.484,28,393
2026-01-15 07:45:21,google/gemma-2-9b,MMLU_selected_subjects,isot_fake_494,meani,0.345,28,393
2026-01-15 07:51:35,google/gemma-2-9b,MMLU_selected_subjects,isot_fake_495,clean,0.504,28,379
2026-01-15 07:57:48,google/gemma-2-9b,MMLU_selected_subjects,isot_fake_495,meani,0.436,28,379
2026-01-15 08:03:46,google/gemma-2-9b,MMLU_selected_subjects,isot_fake_496,clean,0.504,28,205
2026-01-15 08:09:47,google/gemma-2-9b,MMLU_selected_subjects,isot_fake_496,meani,0.502,28,205
2026-01-15 08:15:48,google/gemma-2-9b,MMLU_selected_subjects,isot_fake_497,clean,0.526,28,235
2026-01-15 08:21:48,google/gemma-2-9b,MMLU_selected_subjects,isot_fake_497,meani,0.503,28,235
2026-01-15 08:28:07,google/gemma-2-9b,MMLU_selected_subjects,isot_fake_498,clean,0.358,28,549
2026-01-15 08:34:29,google/gemma-2-9b,MMLU_selected_subjects,isot_fake_498,meani,0.339,28,549
2026-01-15 08:41:03,google/gemma-2-9b,MMLU_selected_subjects,isot_fake_499,clean,0.33,28,628
2026-01-15 08:47:40,google/gemma-2-9b,MMLU_selected_subjects,isot_fake_499,meani,0.302,28,628
2026-01-15 08:53:46,google/gemma-2-9b,MMLU_selected_subjects,isot_fake_5,clean,0.485,28,222
2026-01-15 08:59:41,google/gemma-2-9b,MMLU_selected_subjects,isot_fake_5,meani,0.492,28,222
2026-01-15 09:05:42,google/gemma-2-9b,MMLU_selected_subjects,isot_fake_50,clean,0.421,28,203
2026-01-15 09:11:36,google/gemma-2-9b,MMLU_selected_subjects,isot_fake_50,meani,0.45,28,203
2026-01-15 09:18:09,google/gemma-2-9b,MMLU_selected_subjects,isot_fake_500,clean,0.503,28,790
2026-01-15 09:24:39,google/gemma-2-9b,MMLU_selected_subjects,isot_fake_500,meani,0.339,28,790
2026-01-15 09:31:27,google/gemma-2-9b,MMLU_selected_subjects,isot_fake_501,clean,0.482,28,786
2026-01-15 09:38:19,google/gemma-2-9b,MMLU_selected_subjects,isot_fake_501,meani,0.446,28,786
2026-01-15 09:44:44,google/gemma-2-9b,MMLU_selected_subjects,isot_fake_502,clean,0.316,28,671
2026-01-15 09:51:09,google/gemma-2-9b,MMLU_selected_subjects,isot_fake_502,meani,0.37,28,671
2026-01-15 09:57:13,google/gemma-2-9b,MMLU_selected_subjects,isot_fake_503,clean,0.306,28,335
2026-01-15 10:03:18,google/gemma-2-9b,MMLU_selected_subjects,isot_fake_503,meani,0.34,28,335
2026-01-15 10:09:24,google/gemma-2-9b,MMLU_selected_subjects,isot_fake_504,clean,0.464,28,357
2026-01-15 10:15:29,google/gemma-2-9b,MMLU_selected_subjects,isot_fake_504,meani,0.195,28,357
2026-01-15 10:22:18,google/gemma-2-9b,MMLU_selected_subjects,isot_fake_505,clean,0.478,28,730
2026-01-15 10:29:03,google/gemma-2-9b,MMLU_selected_subjects,isot_fake_505,meani,0.398,28,730
2026-01-15 10:35:28,google/gemma-2-9b,MMLU_selected_subjects,isot_fake_506,clean,0.47,28,667
2026-01-15 10:41:56,google/gemma-2-9b,MMLU_selected_subjects,isot_fake_506,meani,0.463,28,667
2026-01-15 10:48:06,google/gemma-2-9b,MMLU_selected_subjects,isot_fake_507,clean,0.527,28,438
2026-01-15 10:54:29,google/gemma-2-9b,MMLU_selected_subjects,isot_fake_507,meani,0.472,28,438
2026-01-15 11:00:41,google/gemma-2-9b,MMLU_selected_subjects,isot_fake_508,clean,0.373,28,398
2026-01-15 11:06:53,google/gemma-2-9b,MMLU_selected_subjects,isot_fake_508,meani,0.372,28,398
2026-01-15 11:13:25,google/gemma-2-9b,MMLU_selected_subjects,isot_fake_509,clean,0.506,28,593
2026-01-15 11:19:56,google/gemma-2-9b,MMLU_selected_subjects,isot_fake_509,meani,0.465,28,593
2026-01-15 11:26:57,google/gemma-2-9b,MMLU_selected_subjects,isot_fake_51,clean,0.519,28,644
2026-01-15 11:31:38,mistralai/Mistral-7B-Instruct-v0.3,MMLU_selected_subjects,isot_fake_1,clean,0.544,28,691
2026-01-15 11:33:56,google/gemma-2-9b,MMLU_selected_subjects,isot_fake_51,meani,0.351,28,644
2026-01-15 11:37:34,mistralai/Mistral-7B-Instruct-v0.3,MMLU_selected_subjects,isot_fake_1,meani,0.537,28,691
2026-01-15 11:40:28,google/gemma-2-9b,MMLU_selected_subjects,isot_fake_510,clean,0.361,28,519
2026-01-15 11:42:58,mistralai/Mistral-7B-Instruct-v0.3,MMLU_selected_subjects,isot_fake_10,clean,0.551,28,357
2026-01-15 11:47:02,google/gemma-2-9b,MMLU_selected_subjects,isot_fake_510,meani,0.256,28,519
2026-01-15 11:48:23,mistralai/Mistral-7B-Instruct-v0.3,MMLU_selected_subjects,isot_fake_10,meani,0.537,28,357
2026-01-15 11:53:17,google/gemma-2-9b,MMLU_selected_subjects,isot_fake_511,clean,0.455,28,405
2026-01-15 11:53:48,mistralai/Mistral-7B-Instruct-v0.3,MMLU_selected_subjects,isot_fake_100,clean,0.56,28,306
2026-01-15 11:59:31,mistralai/Mistral-7B-Instruct-v0.3,MMLU_selected_subjects,isot_fake_100,meani,0.55,28,306
2026-01-15 11:59:54,google/gemma-2-9b,MMLU_selected_subjects,isot_fake_511,meani,0.378,28,405
2026-01-15 12:05:45,mistralai/Mistral-7B-Instruct-v0.3,MMLU_selected_subjects,isot_fake_1000,clean,0.556,28,706
2026-01-15 12:06:31,google/gemma-2-9b,MMLU_selected_subjects,isot_fake_512,clean,0.489,28,401
2026-01-15 12:11:57,mistralai/Mistral-7B-Instruct-v0.3,MMLU_selected_subjects,isot_fake_1000,meani,0.555,28,706
2026-01-15 12:13:10,google/gemma-2-9b,MMLU_selected_subjects,isot_fake_512,meani,0.52,28,401
2026-01-15 12:18:22,mistralai/Mistral-7B-Instruct-v0.3,MMLU_selected_subjects,isot_fake_101,clean,0.545,28,761
2026-01-15 12:19:46,google/gemma-2-9b,MMLU_selected_subjects,isot_fake_513,clean,0.439,28,325
2026-01-15 12:24:45,mistralai/Mistral-7B-Instruct-v0.3,MMLU_selected_subjects,isot_fake_101,meani,0.548,28,761
2026-01-15 12:26:22,google/gemma-2-9b,MMLU_selected_subjects,isot_fake_513,meani,0.348,28,325
2026-01-15 12:31:01,mistralai/Mistral-7B-Instruct-v0.3,MMLU_selected_subjects,isot_fake_102,clean,0.548,28,600
2026-01-15 12:33:15,google/gemma-2-9b,MMLU_selected_subjects,isot_fake_514,clean,0.419,28,539
2026-01-15 12:37:22,mistralai/Mistral-7B-Instruct-v0.3,MMLU_selected_subjects,isot_fake_102,meani,0.54,28,600
2026-01-15 12:40:06,google/gemma-2-9b,MMLU_selected_subjects,isot_fake_514,meani,0.302,28,539
2026-01-15 12:43:28,mistralai/Mistral-7B-Instruct-v0.3,MMLU_selected_subjects,isot_fake_103,clean,0.55,28,511
2026-01-15 12:46:35,google/gemma-2-9b,MMLU_selected_subjects,isot_fake_515,clean,0.495,28,263
2026-01-15 12:49:32,mistralai/Mistral-7B-Instruct-v0.3,MMLU_selected_subjects,isot_fake_103,meani,0.543,28,511
2026-01-15 12:53:02,google/gemma-2-9b,MMLU_selected_subjects,isot_fake_515,meani,0.491,28,263
2026-01-15 12:55:15,mistralai/Mistral-7B-Instruct-v0.3,MMLU_selected_subjects,isot_fake_104,clean,0.555,28,211
2026-01-15 12:59:40,google/gemma-2-9b,MMLU_selected_subjects,isot_fake_516,clean,0.487,28,207
2026-01-15 13:00:58,mistralai/Mistral-7B-Instruct-v0.3,MMLU_selected_subjects,isot_fake_104,meani,0.545,28,211
2026-01-15 13:06:15,google/gemma-2-9b,MMLU_selected_subjects,isot_fake_516,meani,0.453,28,207
2026-01-15 13:07:04,mistralai/Mistral-7B-Instruct-v0.3,MMLU_selected_subjects,isot_fake_105,clean,0.561,28,709
2026-01-15 13:13:12,google/gemma-2-9b,MMLU_selected_subjects,isot_fake_517,clean,0.36,28,592
2026-01-15 13:13:13,mistralai/Mistral-7B-Instruct-v0.3,MMLU_selected_subjects,isot_fake_105,meani,0.551,28,709
2026-01-15 13:18:44,mistralai/Mistral-7B-Instruct-v0.3,MMLU_selected_subjects,isot_fake_106,clean,0.555,28,206
2026-01-15 13:19:46,google/gemma-2-9b,MMLU_selected_subjects,isot_fake_517,meani,0.328,28,592
2026-01-15 13:24:02,mistralai/Mistral-7B-Instruct-v0.3,MMLU_selected_subjects,isot_fake_106,meani,0.55,28,206
2026-01-15 13:26:03,google/gemma-2-9b,MMLU_selected_subjects,isot_fake_518,clean,0.466,28,394
2026-01-15 13:29:26,mistralai/Mistral-7B-Instruct-v0.3,MMLU_selected_subjects,isot_fake_107,clean,0.554,28,200
2026-01-15 13:32:17,google/gemma-2-9b,MMLU_selected_subjects,isot_fake_518,meani,0.297,28,394
2026-01-15 13:34:50,mistralai/Mistral-7B-Instruct-v0.3,MMLU_selected_subjects,isot_fake_107,meani,0.548,28,200
2026-01-15 13:38:37,google/gemma-2-9b,MMLU_selected_subjects,isot_fake_519,clean,0.495,28,515
2026-01-15 13:40:30,mistralai/Mistral-7B-Instruct-v0.3,MMLU_selected_subjects,isot_fake_108,clean,0.547,28,389
2026-01-15 13:44:59,google/gemma-2-9b,MMLU_selected_subjects,isot_fake_519,meani,0.479,28,515
2026-01-15 13:46:15,mistralai/Mistral-7B-Instruct-v0.3,MMLU_selected_subjects,isot_fake_108,meani,0.558,28,389
2026-01-15 13:51:27,google/gemma-2-9b,MMLU_selected_subjects,isot_fake_52,clean,0.37,28,384
2026-01-15 13:52:15,mistralai/Mistral-7B-Instruct-v0.3,MMLU_selected_subjects,isot_fake_109,clean,0.544,28,724
2026-01-15 13:57:54,google/gemma-2-9b,MMLU_selected_subjects,isot_fake_52,meani,0.339,28,384
2026-01-15 13:58:12,mistralai/Mistral-7B-Instruct-v0.3,MMLU_selected_subjects,isot_fake_109,meani,0.556,28,724
2026-01-15 14:04:06,mistralai/Mistral-7B-Instruct-v0.3,MMLU_selected_subjects,isot_fake_11,clean,0.538,28,630
2026-01-15 14:04:21,google/gemma-2-9b,MMLU_selected_subjects,isot_fake_520,clean,0.527,28,408
2026-01-15 14:09:56,mistralai/Mistral-7B-Instruct-v0.3,MMLU_selected_subjects,isot_fake_11,meani,0.553,28,630
2026-01-15 14:10:46,google/gemma-2-9b,MMLU_selected_subjects,isot_fake_520,meani,0.475,28,408
2026-01-15 14:15:52,mistralai/Mistral-7B-Instruct-v0.3,MMLU_selected_subjects,isot_fake_110,clean,0.553,28,552
2026-01-15 14:17:38,google/gemma-2-9b,MMLU_selected_subjects,isot_fake_521,clean,0.523,28,797
2026-01-15 14:21:49,mistralai/Mistral-7B-Instruct-v0.3,MMLU_selected_subjects,isot_fake_110,meani,0.544,28,552
2026-01-15 14:24:21,google/gemma-2-9b,MMLU_selected_subjects,isot_fake_521,meani,0.478,28,797
2026-01-15 14:27:55,mistralai/Mistral-7B-Instruct-v0.3,MMLU_selected_subjects,isot_fake_111,clean,0.543,28,691
2026-01-15 14:30:35,google/gemma-2-9b,MMLU_selected_subjects,isot_fake_522,clean,0.455,28,315
2026-01-15 14:33:54,mistralai/Mistral-7B-Instruct-v0.3,MMLU_selected_subjects,isot_fake_111,meani,0.535,28,691
2026-01-15 14:36:46,google/gemma-2-9b,MMLU_selected_subjects,isot_fake_522,meani,0.463,28,315
2026-01-15 14:39:26,mistralai/Mistral-7B-Instruct-v0.3,MMLU_selected_subjects,isot_fake_112,clean,0.536,28,329
2026-01-15 14:43:11,google/gemma-2-9b,MMLU_selected_subjects,isot_fake_523,clean,0.454,28,414
2026-01-15 14:44:56,mistralai/Mistral-7B-Instruct-v0.3,MMLU_selected_subjects,isot_fake_112,meani,0.554,28,329
2026-01-15 14:49:38,google/gemma-2-9b,MMLU_selected_subjects,isot_fake_523,meani,0.358,28,414
2026-01-15 14:50:37,mistralai/Mistral-7B-Instruct-v0.3,MMLU_selected_subjects,isot_fake_113,clean,0.555,28,415
2026-01-15 14:55:43,google/gemma-2-9b,MMLU_selected_subjects,isot_fake_524,clean,0.467,28,217
2026-01-15 14:56:17,mistralai/Mistral-7B-Instruct-v0.3,MMLU_selected_subjects,isot_fake_113,meani,0.55,28,415
2026-01-15 15:01:48,google/gemma-2-9b,MMLU_selected_subjects,isot_fake_524,meani,0.458,28,217
2026-01-15 15:02:15,mistralai/Mistral-7B-Instruct-v0.3,MMLU_selected_subjects,isot_fake_114,clean,0.544,28,686
2026-01-15 15:08:08,mistralai/Mistral-7B-Instruct-v0.3,MMLU_selected_subjects,isot_fake_114,meani,0.54,28,686
2026-01-15 15:08:23,google/gemma-2-9b,MMLU_selected_subjects,isot_fake_525,clean,0.298,28,755
2026-01-15 15:13:41,mistralai/Mistral-7B-Instruct-v0.3,MMLU_selected_subjects,isot_fake_115,clean,0.536,28,410
2026-01-15 15:15:10,google/gemma-2-9b,MMLU_selected_subjects,isot_fake_525,meani,0.409,28,755
2026-01-15 15:19:13,mistralai/Mistral-7B-Instruct-v0.3,MMLU_selected_subjects,isot_fake_115,meani,0.546,28,410
2026-01-15 15:21:21,google/gemma-2-9b,MMLU_selected_subjects,isot_fake_526,clean,0.411,28,262
2026-01-15 15:25:01,mistralai/Mistral-7B-Instruct-v0.3,MMLU_selected_subjects,isot_fake_116,clean,0.547,28,648
2026-01-15 15:27:34,google/gemma-2-9b,MMLU_selected_subjects,isot_fake_526,meani,0.278,28,262
2026-01-15 15:30:51,mistralai/Mistral-7B-Instruct-v0.3,MMLU_selected_subjects,isot_fake_116,meani,0.538,28,648
2026-01-15 15:33:58,google/gemma-2-9b,MMLU_selected_subjects,isot_fake_527,clean,0.536,28,515
2026-01-15 15:36:19,mistralai/Mistral-7B-Instruct-v0.3,MMLU_selected_subjects,isot_fake_117,clean,0.548,28,383
2026-01-15 15:40:29,google/gemma-2-9b,MMLU_selected_subjects,isot_fake_527,meani,0.486,28,515
2026-01-15 15:41:46,mistralai/Mistral-7B-Instruct-v0.3,MMLU_selected_subjects,isot_fake_117,meani,0.534,28,383
2026-01-15 15:46:36,google/gemma-2-9b,MMLU_selected_subjects,isot_fake_528,clean,0.346,28,241
2026-01-15 15:47:47,mistralai/Mistral-7B-Instruct-v0.3,MMLU_selected_subjects,isot_fake_118,clean,0.554,28,695
2026-01-15 15:51:47,google/gemma-2-9b,MMLU_selected_subjects,isot_fake_528,meani,0.208,28,241
2026-01-15 15:53:42,mistralai/Mistral-7B-Instruct-v0.3,MMLU_selected_subjects,isot_fake_118,meani,0.545,28,695
2026-01-15 15:58:05,google/gemma-2-9b,MMLU_selected_subjects,isot_fake_529,clean,0.527,28,438
2026-01-15 15:59:39,mistralai/Mistral-7B-Instruct-v0.3,MMLU_selected_subjects,isot_fake_119,clean,0.54,28,677
2026-01-15 16:04:23,google/gemma-2-9b,MMLU_selected_subjects,isot_fake_529,meani,0.506,28,438
2026-01-15 16:05:29,mistralai/Mistral-7B-Instruct-v0.3,MMLU_selected_subjects,isot_fake_119,meani,0.551,28,677
2026-01-15 16:10:47,google/gemma-2-9b,MMLU_selected_subjects,isot_fake_53,clean,0.505,28,477
2026-01-15 16:11:35,mistralai/Mistral-7B-Instruct-v0.3,MMLU_selected_subjects,isot_fake_12,clean,0.544,28,731
2026-01-15 16:17:14,google/gemma-2-9b,MMLU_selected_subjects,isot_fake_53,meani,0.416,28,477
2026-01-15 16:17:42,mistralai/Mistral-7B-Instruct-v0.3,MMLU_selected_subjects,isot_fake_12,meani,0.553,28,731
2026-01-15 16:23:15,mistralai/Mistral-7B-Instruct-v0.3,MMLU_selected_subjects,isot_fake_120,clean,0.546,28,370
2026-01-15 16:23:44,google/gemma-2-9b,MMLU_selected_subjects,isot_fake_530,clean,0.515,28,536
2026-01-15 16:28:45,mistralai/Mistral-7B-Instruct-v0.3,MMLU_selected_subjects,isot_fake_120,meani,0.545,28,370
2026-01-15 16:30:14,google/gemma-2-9b,MMLU_selected_subjects,isot_fake_530,meani,0.488,28,536
2026-01-15 16:34:41,mistralai/Mistral-7B-Instruct-v0.3,MMLU_selected_subjects,isot_fake_121,clean,0.537,28,533
2026-01-15 16:36:30,google/gemma-2-9b,MMLU_selected_subjects,isot_fake_531,clean,0.432,28,340
2026-01-15 16:40:35,mistralai/Mistral-7B-Instruct-v0.3,MMLU_selected_subjects,isot_fake_121,meani,0.544,28,533
2026-01-15 16:42:46,google/gemma-2-9b,MMLU_selected_subjects,isot_fake_531,meani,0.343,28,340
2026-01-15 16:46:15,mistralai/Mistral-7B-Instruct-v0.3,MMLU_selected_subjects,isot_fake_122,clean,0.543,28,496
2026-01-15 16:48:57,google/gemma-2-9b,MMLU_selected_subjects,isot_fake_532,clean,0.446,28,299
2026-01-15 16:51:53,mistralai/Mistral-7B-Instruct-v0.3,MMLU_selected_subjects,isot_fake_122,meani,0.542,28,496
2026-01-15 16:54:58,google/gemma-2-9b,MMLU_selected_subjects,isot_fake_532,meani,0.15,28,299
2026-01-15 16:57:16,mistralai/Mistral-7B-Instruct-v0.3,MMLU_selected_subjects,isot_fake_123,clean,0.551,28,240
2026-01-15 17:01:51,google/gemma-2-9b,MMLU_selected_subjects,isot_fake_533,clean,0.524,28,748
2026-01-15 17:02:38,mistralai/Mistral-7B-Instruct-v0.3,MMLU_selected_subjects,isot_fake_123,meani,0.56,28,240
2026-01-15 17:08:31,mistralai/Mistral-7B-Instruct-v0.3,MMLU_selected_subjects,isot_fake_124,clean,0.546,28,533
2026-01-15 17:08:45,google/gemma-2-9b,MMLU_selected_subjects,isot_fake_533,meani,0.472,28,748
2026-01-15 17:14:23,mistralai/Mistral-7B-Instruct-v0.3,MMLU_selected_subjects,isot_fake_124,meani,0.547,28,533
2026-01-15 17:15:03,google/gemma-2-9b,MMLU_selected_subjects,isot_fake_534,clean,0.407,28,327
2026-01-15 17:19:57,mistralai/Mistral-7B-Instruct-v0.3,MMLU_selected_subjects,isot_fake_125,clean,0.549,28,382
2026-01-15 17:21:16,google/gemma-2-9b,MMLU_selected_subjects,isot_fake_534,meani,0.46,28,327
2026-01-15 17:25:32,mistralai/Mistral-7B-Instruct-v0.3,MMLU_selected_subjects,isot_fake_125,meani,0.553,28,382
2026-01-15 17:27:36,google/gemma-2-9b,MMLU_selected_subjects,isot_fake_535,clean,0.447,28,352
2026-01-15 17:31:27,mistralai/Mistral-7B-Instruct-v0.3,MMLU_selected_subjects,isot_fake_126,clean,0.542,28,763
2026-01-15 17:33:49,google/gemma-2-9b,MMLU_selected_subjects,isot_fake_535,meani,0.416,28,352
2026-01-15 17:37:14,mistralai/Mistral-7B-Instruct-v0.3,MMLU_selected_subjects,isot_fake_126,meani,0.538,28,763
2026-01-15 17:40:38,google/gemma-2-9b,MMLU_selected_subjects,isot_fake_536,clean,0.343,28,795
2026-01-15 17:42:48,mistralai/Mistral-7B-Instruct-v0.3,MMLU_selected_subjects,isot_fake_127,clean,0.546,28,370
2026-01-15 17:47:29,google/gemma-2-9b,MMLU_selected_subjects,isot_fake_536,meani,0.385,28,795
2026-01-15 17:48:06,mistralai/Mistral-7B-Instruct-v0.3,MMLU_selected_subjects,isot_fake_127,meani,0.549,28,370
2026-01-15 17:53:31,google/gemma-2-9b,MMLU_selected_subjects,isot_fake_537,clean,0.456,28,259
2026-01-15 17:54:05,mistralai/Mistral-7B-Instruct-v0.3,MMLU_selected_subjects,isot_fake_128,clean,0.55,28,779
2026-01-15 17:59:31,google/gemma-2-9b,MMLU_selected_subjects,isot_fake_537,meani,0.455,28,259
2026-01-15 18:00:04,mistralai/Mistral-7B-Instruct-v0.3,MMLU_selected_subjects,isot_fake_128,meani,0.54,28,779
2026-01-15 18:05:43,google/gemma-2-9b,MMLU_selected_subjects,isot_fake_538,clean,0.485,28,222
2026-01-15 18:06:14,mistralai/Mistral-7B-Instruct-v0.3,MMLU_selected_subjects,isot_fake_129,clean,0.553,28,788
2026-01-15 18:11:43,google/gemma-2-9b,MMLU_selected_subjects,isot_fake_538,meani,0.427,28,222
2026-01-15 18:12:21,mistralai/Mistral-7B-Instruct-v0.3,MMLU_selected_subjects,isot_fake_129,meani,0.539,28,788
2026-01-15 18:18:11,google/gemma-2-9b,MMLU_selected_subjects,isot_fake_539,clean,0.454,28,621
2026-01-15 18:18:13,mistralai/Mistral-7B-Instruct-v0.3,MMLU_selected_subjects,isot_fake_13,clean,0.551,28,611
2026-01-15 18:24:04,mistralai/Mistral-7B-Instruct-v0.3,MMLU_selected_subjects,isot_fake_13,meani,0.536,28,611
2026-01-15 18:24:44,google/gemma-2-9b,MMLU_selected_subjects,isot_fake_539,meani,0.365,28,621
2026-01-15 18:29:55,mistralai/Mistral-7B-Instruct-v0.3,MMLU_selected_subjects,isot_fake_130,clean,0.559,28,679
2026-01-15 18:30:54,google/gemma-2-9b,MMLU_selected_subjects,isot_fake_54,clean,0.439,28,256
2026-01-15 18:35:42,mistralai/Mistral-7B-Instruct-v0.3,MMLU_selected_subjects,isot_fake_130,meani,0.567,28,679
2026-01-15 18:36:57,google/gemma-2-9b,MMLU_selected_subjects,isot_fake_54,meani,0.427,28,256
2026-01-15 18:41:20,mistralai/Mistral-7B-Instruct-v0.3,MMLU_selected_subjects,isot_fake_131,clean,0.543,28,423
2026-01-15 18:42:57,google/gemma-2-9b,MMLU_selected_subjects,isot_fake_540,clean,0.36,28,226
2026-01-15 18:47:00,mistralai/Mistral-7B-Instruct-v0.3,MMLU_selected_subjects,isot_fake_131,meani,0.546,28,423
2026-01-15 18:48:56,google/gemma-2-9b,MMLU_selected_subjects,isot_fake_540,meani,0.318,28,226
2026-01-15 18:52:21,mistralai/Mistral-7B-Instruct-v0.3,MMLU_selected_subjects,isot_fake_132,clean,0.548,28,230
2026-01-15 18:55:01,google/gemma-2-9b,MMLU_selected_subjects,isot_fake_541,clean,0.505,28,291
2026-01-15 18:57:38,mistralai/Mistral-7B-Instruct-v0.3,MMLU_selected_subjects,isot_fake_132,meani,0.546,28,230
2026-01-15 19:01:10,google/gemma-2-9b,MMLU_selected_subjects,isot_fake_541,meani,0.494,28,291
2026-01-15 19:03:28,mistralai/Mistral-7B-Instruct-v0.3,MMLU_selected_subjects,isot_fake_133,clean,0.551,28,670
2026-01-15 19:07:59,google/gemma-2-9b,MMLU_selected_subjects,isot_fake_542,clean,0.409,28,592
2026-01-15 19:09:14,mistralai/Mistral-7B-Instruct-v0.3,MMLU_selected_subjects,isot_fake_133,meani,0.548,28,670
2026-01-15 19:14:23,google/gemma-2-9b,MMLU_selected_subjects,isot_fake_542,meani,0.161,28,592
2026-01-15 19:14:56,mistralai/Mistral-7B-Instruct-v0.3,MMLU_selected_subjects,isot_fake_134,clean,0.546,28,435
2026-01-15 19:20:35,mistralai/Mistral-7B-Instruct-v0.3,MMLU_selected_subjects,isot_fake_134,meani,0.549,28,435
2026-01-15 19:20:45,google/gemma-2-9b,MMLU_selected_subjects,isot_fake_543,clean,0.368,28,585
2026-01-15 19:25:58,mistralai/Mistral-7B-Instruct-v0.3,MMLU_selected_subjects,isot_fake_135,clean,0.548,28,200
2026-01-15 19:27:12,google/gemma-2-9b,MMLU_selected_subjects,isot_fake_543,meani,0.342,28,585
2026-01-15 19:31:20,mistralai/Mistral-7B-Instruct-v0.3,MMLU_selected_subjects,isot_fake_135,meani,0.545,28,200
2026-01-15 19:33:13,google/gemma-2-9b,MMLU_selected_subjects,isot_fake_544,clean,0.352,28,231
2026-01-15 19:36:53,mistralai/Mistral-7B-Instruct-v0.3,MMLU_selected_subjects,isot_fake_136,clean,0.541,28,371
2026-01-15 19:39:17,google/gemma-2-9b,MMLU_selected_subjects,isot_fake_544,meani,0.389,28,231
2026-01-15 19:42:22,mistralai/Mistral-7B-Instruct-v0.3,MMLU_selected_subjects,isot_fake_136,meani,0.555,28,371
2026-01-15 19:45:54,google/gemma-2-9b,MMLU_selected_subjects,isot_fake_545,clean,0.506,28,511
2026-01-15 19:48:00,mistralai/Mistral-7B-Instruct-v0.3,MMLU_selected_subjects,isot_fake_137,clean,0.558,28,284
2026-01-15 19:52:28,google/gemma-2-9b,MMLU_selected_subjects,isot_fake_545,meani,0.316,28,511
2026-01-15 19:53:36,mistralai/Mistral-7B-Instruct-v0.3,MMLU_selected_subjects,isot_fake_137,meani,0.549,28,284
2026-01-15 19:58:38,google/gemma-2-9b,MMLU_selected_subjects,isot_fake_546,clean,0.302,28,716
2026-01-15 19:59:25,mistralai/Mistral-7B-Instruct-v0.3,MMLU_selected_subjects,isot_fake_138,clean,0.553,28,675
2026-01-15 20:05:11,google/gemma-2-9b,MMLU_selected_subjects,isot_fake_546,meani,0.209,28,716
2026-01-15 20:05:15,mistralai/Mistral-7B-Instruct-v0.3,MMLU_selected_subjects,isot_fake_138,meani,0.556,28,675
2026-01-15 20:11:13,mistralai/Mistral-7B-Instruct-v0.3,MMLU_selected_subjects,isot_fake_139,clean,0.538,28,675
2026-01-15 20:11:52,google/gemma-2-9b,MMLU_selected_subjects,isot_fake_547,clean,0.407,28,792
2026-01-15 20:17:09,mistralai/Mistral-7B-Instruct-v0.3,MMLU_selected_subjects,isot_fake_139,meani,0.554,28,675
2026-01-15 20:17:41,google/gemma-2-9b,MMLU_selected_subjects,isot_fake_547,meani,0.229,28,792
2026-01-15 20:22:38,mistralai/Mistral-7B-Instruct-v0.3,MMLU_selected_subjects,isot_fake_14,clean,0.548,28,205
2026-01-15 20:24:27,google/gemma-2-9b,MMLU_selected_subjects,isot_fake_548,clean,0.475,28,689
2026-01-15 20:28:01,mistralai/Mistral-7B-Instruct-v0.3,MMLU_selected_subjects,isot_fake_14,meani,0.542,28,205
2026-01-15 20:31:00,google/gemma-2-9b,MMLU_selected_subjects,isot_fake_548,meani,0.472,28,689
2026-01-15 20:33:56,mistralai/Mistral-7B-Instruct-v0.3,MMLU_selected_subjects,isot_fake_140,clean,0.549,28,668
2026-01-15 20:37:35,google/gemma-2-9b,MMLU_selected_subjects,isot_fake_549,clean,0.55,28,640
2026-01-15 20:39:49,mistralai/Mistral-7B-Instruct-v0.3,MMLU_selected_subjects,isot_fake_140,meani,0.558,28,668
2026-01-15 20:44:03,google/gemma-2-9b,MMLU_selected_subjects,isot_fake_549,meani,0.497,28,640
2026-01-15 20:45:48,mistralai/Mistral-7B-Instruct-v0.3,MMLU_selected_subjects,isot_fake_141,clean,0.529,28,792
2026-01-15 20:50:08,google/gemma-2-9b,MMLU_selected_subjects,isot_fake_55,clean,0.497,28,283
2026-01-15 20:51:43,mistralai/Mistral-7B-Instruct-v0.3,MMLU_selected_subjects,isot_fake_141,meani,0.55,28,792
2026-01-15 20:56:16,google/gemma-2-9b,MMLU_selected_subjects,isot_fake_55,meani,0.458,28,283
2026-01-15 20:57:24,mistralai/Mistral-7B-Instruct-v0.3,MMLU_selected_subjects,isot_fake_142,clean,0.541,28,598
2026-01-15 21:02:25,google/gemma-2-9b,MMLU_selected_subjects,isot_fake_550,clean,0.497,28,311
2026-01-15 21:03:04,mistralai/Mistral-7B-Instruct-v0.3,MMLU_selected_subjects,isot_fake_142,meani,0.544,28,598
2026-01-15 21:08:33,google/gemma-2-9b,MMLU_selected_subjects,isot_fake_550,meani,0.463,28,311
2026-01-15 21:08:49,mistralai/Mistral-7B-Instruct-v0.3,MMLU_selected_subjects,isot_fake_143,clean,0.542,28,644
2026-01-15 21:14:31,mistralai/Mistral-7B-Instruct-v0.3,MMLU_selected_subjects,isot_fake_143,meani,0.55,28,644
2026-01-15 21:15:03,google/gemma-2-9b,MMLU_selected_subjects,isot_fake_551,clean,0.443,28,718
2026-01-15 21:20:29,mistralai/Mistral-7B-Instruct-v0.3,MMLU_selected_subjects,isot_fake_144,clean,0.542,28,519
2026-01-15 21:21:41,google/gemma-2-9b,MMLU_selected_subjects,isot_fake_551,meani,0.473,28,718
2026-01-15 21:26:24,mistralai/Mistral-7B-Instruct-v0.3,MMLU_selected_subjects,isot_fake_144,meani,0.546,28,519
2026-01-15 21:28:31,google/gemma-2-9b,MMLU_selected_subjects,isot_fake_552,clean,0.556,28,778
2026-01-15 21:31:51,mistralai/Mistral-7B-Instruct-v0.3,MMLU_selected_subjects,isot_fake_145,clean,0.528,28,351
2026-01-15 21:35:17,google/gemma-2-9b,MMLU_selected_subjects,isot_fake_552,meani,0.423,28,778
2026-01-15 21:37:14,mistralai/Mistral-7B-Instruct-v0.3,MMLU_selected_subjects,isot_fake_145,meani,0.541,28,351
2026-01-15 21:41:25,google/gemma-2-9b,MMLU_selected_subjects,isot_fake_553,clean,0.49,28,222
2026-01-15 21:43:00,mistralai/Mistral-7B-Instruct-v0.3,MMLU_selected_subjects,isot_fake_146,clean,0.547,28,631
2026-01-15 21:47:31,google/gemma-2-9b,MMLU_selected_subjects,isot_fake_553,meani,0.315,28,222
2026-01-15 21:48:45,mistralai/Mistral-7B-Instruct-v0.3,MMLU_selected_subjects,isot_fake_146,meani,0.544,28,631
2026-01-15 21:54:14,google/gemma-2-9b,MMLU_selected_subjects,isot_fake_554,clean,0.367,28,752
2026-01-15 21:54:33,mistralai/Mistral-7B-Instruct-v0.3,MMLU_selected_subjects,isot_fake_147,clean,0.544,28,669
2026-01-15 22:00:17,mistralai/Mistral-7B-Instruct-v0.3,MMLU_selected_subjects,isot_fake_147,meani,0.538,28,669
2026-01-15 22:01:02,google/gemma-2-9b,MMLU_selected_subjects,isot_fake_554,meani,0.323,28,752
2026-01-15 22:05:52,mistralai/Mistral-7B-Instruct-v0.3,MMLU_selected_subjects,isot_fake_148,clean,0.546,28,444
2026-01-15 22:07:19,google/gemma-2-9b,MMLU_selected_subjects,isot_fake_555,clean,0.493,28,284
2026-01-15 22:11:25,mistralai/Mistral-7B-Instruct-v0.3,MMLU_selected_subjects,isot_fake_148,meani,0.536,28,444
2026-01-15 22:13:49,google/gemma-2-9b,MMLU_selected_subjects,isot_fake_555,meani,0.457,28,284
2026-01-15 22:17:04,mistralai/Mistral-7B-Instruct-v0.3,MMLU_selected_subjects,isot_fake_149,clean,0.568,28,347
2026-01-15 22:20:30,google/gemma-2-9b,MMLU_selected_subjects,isot_fake_556,clean,0.546,28,752
2026-01-15 22:22:41,mistralai/Mistral-7B-Instruct-v0.3,MMLU_selected_subjects,isot_fake_149,meani,0.555,28,347
2026-01-15 22:27:16,google/gemma-2-9b,MMLU_selected_subjects,isot_fake_556,meani,0.505,28,752
2026-01-15 22:28:01,mistralai/Mistral-7B-Instruct-v0.3,MMLU_selected_subjects,isot_fake_15,clean,0.543,28,237
2026-01-15 22:33:19,mistralai/Mistral-7B-Instruct-v0.3,MMLU_selected_subjects,isot_fake_15,meani,0.548,28,237
2026-01-15 22:33:57,google/gemma-2-9b,MMLU_selected_subjects,isot_fake_557,clean,0.415,28,689
2026-01-15 22:39:13,mistralai/Mistral-7B-Instruct-v0.3,MMLU_selected_subjects,isot_fake_150,clean,0.554,28,780
2026-01-15 22:40:40,google/gemma-2-9b,MMLU_selected_subjects,isot_fake_557,meani,0.272,28,689
2026-01-15 22:45:10,mistralai/Mistral-7B-Instruct-v0.3,MMLU_selected_subjects,isot_fake_150,meani,0.553,28,780
2026-01-15 22:46:39,google/gemma-2-9b,MMLU_selected_subjects,isot_fake_558,clean,0.509,28,250
2026-01-15 22:50:42,mistralai/Mistral-7B-Instruct-v0.3,MMLU_selected_subjects,isot_fake_151,clean,0.557,28,497
2026-01-15 22:52:36,google/gemma-2-9b,MMLU_selected_subjects,isot_fake_558,meani,0.487,28,250
2026-01-15 22:56:16,mistralai/Mistral-7B-Instruct-v0.3,MMLU_selected_subjects,isot_fake_151,meani,0.549,28,497
2026-01-15 22:58:43,google/gemma-2-9b,MMLU_selected_subjects,isot_fake_559,clean,0.527,28,205
2026-01-15 23:01:38,mistralai/Mistral-7B-Instruct-v0.3,MMLU_selected_subjects,isot_fake_152,clean,0.524,28,270
2026-01-15 23:04:48,google/gemma-2-9b,MMLU_selected_subjects,isot_fake_559,meani,0.458,28,205
2026-01-15 23:07:01,mistralai/Mistral-7B-Instruct-v0.3,MMLU_selected_subjects,isot_fake_152,meani,0.538,28,270
2026-01-15 23:11:09,google/gemma-2-9b,MMLU_selected_subjects,isot_fake_56,clean,0.513,28,587
2026-01-15 23:12:27,mistralai/Mistral-7B-Instruct-v0.3,MMLU_selected_subjects,isot_fake_153,clean,0.558,28,311
2026-01-15 23:17:27,google/gemma-2-9b,MMLU_selected_subjects,isot_fake_56,meani,0.359,28,587
2026-01-15 23:17:48,mistralai/Mistral-7B-Instruct-v0.3,MMLU_selected_subjects,isot_fake_153,meani,0.553,28,311
2026-01-15 23:23:34,mistralai/Mistral-7B-Instruct-v0.3,MMLU_selected_subjects,isot_fake_154,clean,0.544,28,541
2026-01-15 23:23:49,google/gemma-2-9b,MMLU_selected_subjects,isot_fake_560,clean,0.498,28,586
2026-01-15 23:29:17,mistralai/Mistral-7B-Instruct-v0.3,MMLU_selected_subjects,isot_fake_154,meani,0.546,28,541
2026-01-15 23:30:13,google/gemma-2-9b,MMLU_selected_subjects,isot_fake_560,meani,0.497,28,586
2026-01-15 23:34:48,mistralai/Mistral-7B-Instruct-v0.3,MMLU_selected_subjects,isot_fake_155,clean,0.56,28,400
2026-01-15 23:36:26,google/gemma-2-9b,MMLU_selected_subjects,isot_fake_561,clean,0.42,28,382
2026-01-15 23:40:16,mistralai/Mistral-7B-Instruct-v0.3,MMLU_selected_subjects,isot_fake_155,meani,0.562,28,400
2026-01-15 23:42:33,google/gemma-2-9b,MMLU_selected_subjects,isot_fake_561,meani,0.434,28,382
2026-01-15 23:45:49,mistralai/Mistral-7B-Instruct-v0.3,MMLU_selected_subjects,isot_fake_156,clean,0.55,28,447
2026-01-15 23:49:18,google/gemma-2-9b,MMLU_selected_subjects,isot_fake_562,clean,0.389,28,730
2026-01-15 23:51:22,mistralai/Mistral-7B-Instruct-v0.3,MMLU_selected_subjects,isot_fake_156,meani,0.54,28,447
2026-01-15 23:55:55,google/gemma-2-9b,MMLU_selected_subjects,isot_fake_562,meani,0.287,28,730
2026-01-15 23:56:48,mistralai/Mistral-7B-Instruct-v0.3,MMLU_selected_subjects,isot_fake_157,clean,0.558,28,311
2026-01-16 00:02:08,mistralai/Mistral-7B-Instruct-v0.3,MMLU_selected_subjects,isot_fake_157,meani,0.552,28,311
2026-01-16 00:02:23,google/gemma-2-9b,MMLU_selected_subjects,isot_fake_563,clean,0.407,28,564
2026-01-16 00:08:02,mistralai/Mistral-7B-Instruct-v0.3,MMLU_selected_subjects,isot_fake_158,clean,0.538,28,770
2026-01-16 00:08:47,google/gemma-2-9b,MMLU_selected_subjects,isot_fake_563,meani,0.424,28,564
2026-01-16 00:13:56,mistralai/Mistral-7B-Instruct-v0.3,MMLU_selected_subjects,isot_fake_158,meani,0.542,28,770
2026-01-16 00:15:24,google/gemma-2-9b,MMLU_selected_subjects,isot_fake_564,clean,0.306,28,675
2026-01-16 00:19:52,mistralai/Mistral-7B-Instruct-v0.3,MMLU_selected_subjects,isot_fake_159,clean,0.55,28,791
2026-01-16 00:22:04,google/gemma-2-9b,MMLU_selected_subjects,isot_fake_564,meani,0.288,28,675
2026-01-16 00:25:48,mistralai/Mistral-7B-Instruct-v0.3,MMLU_selected_subjects,isot_fake_159,meani,0.552,28,791
2026-01-16 00:28:22,google/gemma-2-9b,MMLU_selected_subjects,isot_fake_565,clean,0.513,28,418
2026-01-16 00:31:54,mistralai/Mistral-7B-Instruct-v0.3,MMLU_selected_subjects,isot_fake_16,clean,0.559,28,775
2026-01-16 00:34:41,google/gemma-2-9b,MMLU_selected_subjects,isot_fake_565,meani,0.5,28,418
2026-01-16 00:37:54,mistralai/Mistral-7B-Instruct-v0.3,MMLU_selected_subjects,isot_fake_16,meani,0.536,28,775
2026-01-16 00:40:44,google/gemma-2-9b,MMLU_selected_subjects,isot_fake_566,clean,0.485,28,231
2026-01-16 00:43:11,mistralai/Mistral-7B-Instruct-v0.3,MMLU_selected_subjects,isot_fake_160,clean,0.545,28,219
2026-01-16 00:46:47,google/gemma-2-9b,MMLU_selected_subjects,isot_fake_566,meani,0.4,28,231
2026-01-16 00:48:27,mistralai/Mistral-7B-Instruct-v0.3,MMLU_selected_subjects,isot_fake_160,meani,0.553,28,219
2026-01-16 00:53:29,google/gemma-2-9b,MMLU_selected_subjects,isot_fake_567,clean,0.492,28,752
2026-01-16 00:53:47,mistralai/Mistral-7B-Instruct-v0.3,MMLU_selected_subjects,isot_fake_161,clean,0.554,28,266
2026-01-16 00:59:10,mistralai/Mistral-7B-Instruct-v0.3,MMLU_selected_subjects,isot_fake_161,meani,0.548,28,266
2026-01-16 01:00:09,google/gemma-2-9b,MMLU_selected_subjects,isot_fake_567,meani,0.397,28,752
2026-01-16 01:04:57,mistralai/Mistral-7B-Instruct-v0.3,MMLU_selected_subjects,isot_fake_162,clean,0.544,28,593
2026-01-16 01:06:51,google/gemma-2-9b,MMLU_selected_subjects,isot_fake_568,clean,0.511,28,758
2026-01-16 01:10:43,mistralai/Mistral-7B-Instruct-v0.3,MMLU_selected_subjects,isot_fake_162,meani,0.536,28,593
2026-01-16 01:13:32,google/gemma-2-9b,MMLU_selected_subjects,isot_fake_568,meani,0.398,28,758
2026-01-16 01:16:09,mistralai/Mistral-7B-Instruct-v0.3,MMLU_selected_subjects,isot_fake_163,clean,0.559,28,259
2026-01-16 01:20:03,google/gemma-2-9b,MMLU_selected_subjects,isot_fake_569,clean,0.48,28,648
2026-01-16 01:21:39,mistralai/Mistral-7B-Instruct-v0.3,MMLU_selected_subjects,isot_fake_163,meani,0.566,28,259
2026-01-16 01:26:10,google/gemma-2-9b,MMLU_selected_subjects,isot_fake_569,meani,0.126,28,648
2026-01-16 01:27:12,mistralai/Mistral-7B-Instruct-v0.3,MMLU_selected_subjects,isot_fake_164,clean,0.56,28,393
2026-01-16 01:32:13,google/gemma-2-9b,MMLU_selected_subjects,isot_fake_57,clean,0.504,28,293
2026-01-16 01:32:39,mistralai/Mistral-7B-Instruct-v0.3,MMLU_selected_subjects,isot_fake_164,meani,0.546,28,393
2026-01-16 01:38:17,google/gemma-2-9b,MMLU_selected_subjects,isot_fake_57,meani,0.401,28,293
2026-01-16 01:38:31,mistralai/Mistral-7B-Instruct-v0.3,MMLU_selected_subjects,isot_fake_165,clean,0.551,28,611
2026-01-16 01:44:18,google/gemma-2-9b,MMLU_selected_subjects,isot_fake_570,clean,0.519,28,230
2026-01-16 01:44:21,mistralai/Mistral-7B-Instruct-v0.3,MMLU_selected_subjects,isot_fake_165,meani,0.555,28,611
2026-01-16 01:50:05,mistralai/Mistral-7B-Instruct-v0.3,MMLU_selected_subjects,isot_fake_166,clean,0.554,28,554
2026-01-16 01:50:21,google/gemma-2-9b,MMLU_selected_subjects,isot_fake_570,meani,0.474,28,230
2026-01-16 01:55:35,mistralai/Mistral-7B-Instruct-v0.3,MMLU_selected_subjects,isot_fake_166,meani,0.551,28,554
2026-01-16 01:56:21,google/gemma-2-9b,MMLU_selected_subjects,isot_fake_571,clean,0.495,28,279
2026-01-16 02:01:03,mistralai/Mistral-7B-Instruct-v0.3,MMLU_selected_subjects,isot_fake_167,clean,0.555,28,377
2026-01-16 02:02:22,google/gemma-2-9b,MMLU_selected_subjects,isot_fake_571,meani,0.453,28,279
2026-01-16 02:06:34,mistralai/Mistral-7B-Instruct-v0.3,MMLU_selected_subjects,isot_fake_167,meani,0.547,28,377
2026-01-16 02:08:42,google/gemma-2-9b,MMLU_selected_subjects,isot_fake_572,clean,0.533,28,501
2026-01-16 02:12:27,mistralai/Mistral-7B-Instruct-v0.3,MMLU_selected_subjects,isot_fake_168,clean,0.539,28,637
2026-01-16 02:15:04,google/gemma-2-9b,MMLU_selected_subjects,isot_fake_572,meani,0.393,28,501
2026-01-16 02:18:16,mistralai/Mistral-7B-Instruct-v0.3,MMLU_selected_subjects,isot_fake_168,meani,0.558,28,637
2026-01-16 02:22:00,google/gemma-2-9b,MMLU_selected_subjects,isot_fake_573,clean,0.438,28,780
2026-01-16 02:23:38,mistralai/Mistral-7B-Instruct-v0.3,MMLU_selected_subjects,isot_fake_169,clean,0.538,28,241
2026-01-16 02:28:54,google/gemma-2-9b,MMLU_selected_subjects,isot_fake_573,meani,0.294,28,780
2026-01-16 02:29:00,mistralai/Mistral-7B-Instruct-v0.3,MMLU_selected_subjects,isot_fake_169,meani,0.543,28,241
2026-01-16 02:34:15,mistralai/Mistral-7B-Instruct-v0.3,MMLU_selected_subjects,isot_fake_17,clean,0.551,28,224
2026-01-16 02:35:39,google/gemma-2-9b,MMLU_selected_subjects,isot_fake_574,clean,0.478,28,714
2026-01-16 02:39:29,mistralai/Mistral-7B-Instruct-v0.3,MMLU_selected_subjects,isot_fake_17,meani,0.555,28,224
2026-01-16 02:42:27,google/gemma-2-9b,MMLU_selected_subjects,isot_fake_574,meani,0.388,28,714
2026-01-16 02:45:28,mistralai/Mistral-7B-Instruct-v0.3,MMLU_selected_subjects,isot_fake_170,clean,0.546,28,774
2026-01-16 02:48:22,google/gemma-2-9b,MMLU_selected_subjects,isot_fake_575,clean,0.423,28,208
2026-01-16 02:51:28,mistralai/Mistral-7B-Instruct-v0.3,MMLU_selected_subjects,isot_fake_170,meani,0.546,28,774
2026-01-16 02:54:19,google/gemma-2-9b,MMLU_selected_subjects,isot_fake_575,meani,0.391,28,208
2026-01-16 02:57:24,mistralai/Mistral-7B-Instruct-v0.3,MMLU_selected_subjects,isot_fake_171,clean,0.545,28,713
2026-01-16 03:00:22,google/gemma-2-9b,MMLU_selected_subjects,isot_fake_576,clean,0.381,28,233
2026-01-16 03:03:12,mistralai/Mistral-7B-Instruct-v0.3,MMLU_selected_subjects,isot_fake_171,meani,0.543,28,713
2026-01-16 03:06:22,google/gemma-2-9b,MMLU_selected_subjects,isot_fake_576,meani,0.125,28,233
2026-01-16 03:09:00,mistralai/Mistral-7B-Instruct-v0.3,MMLU_selected_subjects,isot_fake_172,clean,0.544,28,490
2026-01-16 03:11:19,google/gemma-2-9b,MMLU_selected_subjects,isot_fake_577,clean,0.082,28,738
2026-01-16 03:14:48,mistralai/Mistral-7B-Instruct-v0.3,MMLU_selected_subjects,isot_fake_172,meani,0.555,28,490
2026-01-16 03:18:03,google/gemma-2-9b,MMLU_selected_subjects,isot_fake_577,meani,0.277,28,738
2026-01-16 03:20:26,mistralai/Mistral-7B-Instruct-v0.3,MMLU_selected_subjects,isot_fake_173,clean,0.545,28,531
2026-01-16 03:24:10,google/gemma-2-9b,MMLU_selected_subjects,isot_fake_578,clean,0.469,28,300
2026-01-16 03:26:02,mistralai/Mistral-7B-Instruct-v0.3,MMLU_selected_subjects,isot_fake_173,meani,0.547,28,531
2026-01-16 03:30:15,google/gemma-2-9b,MMLU_selected_subjects,isot_fake_578,meani,0.442,28,300
2026-01-16 03:31:58,mistralai/Mistral-7B-Instruct-v0.3,MMLU_selected_subjects,isot_fake_174,clean,0.553,28,659
2026-01-16 03:36:48,google/gemma-2-9b,MMLU_selected_subjects,isot_fake_579,clean,0.402,28,642
2026-01-16 03:37:53,mistralai/Mistral-7B-Instruct-v0.3,MMLU_selected_subjects,isot_fake_174,meani,0.552,28,659
2026-01-16 03:43:20,mistralai/Mistral-7B-Instruct-v0.3,MMLU_selected_subjects,isot_fake_175,clean,0.539,28,340
2026-01-16 03:43:24,google/gemma-2-9b,MMLU_selected_subjects,isot_fake_579,meani,0.384,28,642
2026-01-16 03:48:48,mistralai/Mistral-7B-Instruct-v0.3,MMLU_selected_subjects,isot_fake_175,meani,0.545,28,340
2026-01-16 03:49:28,google/gemma-2-9b,MMLU_selected_subjects,isot_fake_58,clean,0.432,28,299
2026-01-16 03:54:25,mistralai/Mistral-7B-Instruct-v0.3,MMLU_selected_subjects,isot_fake_176,clean,0.547,28,528
2026-01-16 03:55:28,google/gemma-2-9b,MMLU_selected_subjects,isot_fake_58,meani,0.366,28,299
2026-01-16 04:00:01,mistralai/Mistral-7B-Instruct-v0.3,MMLU_selected_subjects,isot_fake_176,meani,0.555,28,528
2026-01-16 04:01:55,google/gemma-2-9b,MMLU_selected_subjects,isot_fake_580,clean,0.531,28,636
2026-01-16 04:05:17,mistralai/Mistral-7B-Instruct-v0.3,MMLU_selected_subjects,isot_fake_177,clean,0.549,28,229
2026-01-16 04:08:23,google/gemma-2-9b,MMLU_selected_subjects,isot_fake_580,meani,0.48,28,636
2026-01-16 04:10:32,mistralai/Mistral-7B-Instruct-v0.3,MMLU_selected_subjects,isot_fake_177,meani,0.555,28,229
2026-01-16 04:14:20,google/gemma-2-9b,MMLU_selected_subjects,isot_fake_581,clean,0.519,28,221
2026-01-16 04:16:04,mistralai/Mistral-7B-Instruct-v0.3,MMLU_selected_subjects,isot_fake_178,clean,0.533,28,271
2026-01-16 04:20:17,google/gemma-2-9b,MMLU_selected_subjects,isot_fake_581,meani,0.357,28,221
2026-01-16 04:21:29,mistralai/Mistral-7B-Instruct-v0.3,MMLU_selected_subjects,isot_fake_178,meani,0.542,28,271
2026-01-16 04:27:03,google/gemma-2-9b,MMLU_selected_subjects,isot_fake_582,clean,0.494,28,776
2026-01-16 04:27:13,mistralai/Mistral-7B-Instruct-v0.3,MMLU_selected_subjects,isot_fake_179,clean,0.54,28,560
2026-01-16 04:32:55,mistralai/Mistral-7B-Instruct-v0.3,MMLU_selected_subjects,isot_fake_179,meani,0.542,28,560
2026-01-16 04:33:42,google/gemma-2-9b,MMLU_selected_subjects,isot_fake_582,meani,0.449,28,776
2026-01-16 04:38:51,mistralai/Mistral-7B-Instruct-v0.3,MMLU_selected_subjects,isot_fake_18,clean,0.549,28,622
2026-01-16 04:40:23,google/gemma-2-9b,MMLU_selected_subjects,isot_fake_583,clean,0.455,28,791
2026-01-16 04:44:37,mistralai/Mistral-7B-Instruct-v0.3,MMLU_selected_subjects,isot_fake_18,meani,0.542,28,622
2026-01-16 04:47:10,google/gemma-2-9b,MMLU_selected_subjects,isot_fake_583,meani,0.401,28,791
2026-01-16 04:49:57,mistralai/Mistral-7B-Instruct-v0.3,MMLU_selected_subjects,isot_fake_180,clean,0.531,28,239
2026-01-16 04:53:10,google/gemma-2-9b,MMLU_selected_subjects,isot_fake_584,clean,0.509,28,208
2026-01-16 04:55:15,mistralai/Mistral-7B-Instruct-v0.3,MMLU_selected_subjects,isot_fake_180,meani,0.54,28,239
2026-01-16 04:59:14,google/gemma-2-9b,MMLU_selected_subjects,isot_fake_584,meani,0.489,28,208
2026-01-16 05:00:42,mistralai/Mistral-7B-Instruct-v0.3,MMLU_selected_subjects,isot_fake_181,clean,0.534,28,340
2026-01-16 05:05:26,google/gemma-2-9b,MMLU_selected_subjects,isot_fake_585,clean,0.533,28,377
2026-01-16 05:06:08,mistralai/Mistral-7B-Instruct-v0.3,MMLU_selected_subjects,isot_fake_181,meani,0.537,28,340
2026-01-16 05:11:37,google/gemma-2-9b,MMLU_selected_subjects,isot_fake_585,meani,0.503,28,377
2026-01-16 05:11:47,mistralai/Mistral-7B-Instruct-v0.3,MMLU_selected_subjects,isot_fake_182,clean,0.545,28,571
2026-01-16 05:17:24,mistralai/Mistral-7B-Instruct-v0.3,MMLU_selected_subjects,isot_fake_182,meani,0.541,28,571
2026-01-16 05:17:59,google/gemma-2-9b,MMLU_selected_subjects,isot_fake_586,clean,0.405,28,334
2026-01-16 05:23:24,mistralai/Mistral-7B-Instruct-v0.3,MMLU_selected_subjects,isot_fake_183,clean,0.546,28,679
2026-01-16 05:24:14,google/gemma-2-9b,MMLU_selected_subjects,isot_fake_586,meani,0.436,28,334
2026-01-16 05:29:25,mistralai/Mistral-7B-Instruct-v0.3,MMLU_selected_subjects,isot_fake_183,meani,0.547,28,679
2026-01-16 05:30:13,google/gemma-2-9b,MMLU_selected_subjects,isot_fake_587,clean,0.419,28,209
2026-01-16 05:35:24,mistralai/Mistral-7B-Instruct-v0.3,MMLU_selected_subjects,isot_fake_184,clean,0.545,28,743
2026-01-16 05:36:12,google/gemma-2-9b,MMLU_selected_subjects,isot_fake_587,meani,0.343,28,209
2026-01-16 05:41:20,mistralai/Mistral-7B-Instruct-v0.3,MMLU_selected_subjects,isot_fake_184,meani,0.548,28,743
2026-01-16 05:42:58,google/gemma-2-9b,MMLU_selected_subjects,isot_fake_588,clean,0.514,28,740
2026-01-16 05:47:06,mistralai/Mistral-7B-Instruct-v0.3,MMLU_selected_subjects,isot_fake_185,clean,0.547,28,555
2026-01-16 05:49:52,google/gemma-2-9b,MMLU_selected_subjects,isot_fake_588,meani,0.511,28,740
2026-01-16 05:52:48,mistralai/Mistral-7B-Instruct-v0.3,MMLU_selected_subjects,isot_fake_185,meani,0.548,28,555
2026-01-16 05:55:59,google/gemma-2-9b,MMLU_selected_subjects,isot_fake_589,clean,0.42,28,382
2026-01-16 05:58:49,mistralai/Mistral-7B-Instruct-v0.3,MMLU_selected_subjects,isot_fake_186,clean,0.545,28,650
2026-01-16 06:02:05,google/gemma-2-9b,MMLU_selected_subjects,isot_fake_589,meani,0.429,28,382
2026-01-16 06:04:49,mistralai/Mistral-7B-Instruct-v0.3,MMLU_selected_subjects,isot_fake_186,meani,0.542,28,650
2026-01-16 06:08:17,google/gemma-2-9b,MMLU_selected_subjects,isot_fake_59,clean,0.325,28,387
2026-01-16 06:10:19,mistralai/Mistral-7B-Instruct-v0.3,MMLU_selected_subjects,isot_fake_187,clean,0.561,28,404
2026-01-16 06:14:31,google/gemma-2-9b,MMLU_selected_subjects,isot_fake_59,meani,0.443,28,387
2026-01-16 06:15:46,mistralai/Mistral-7B-Instruct-v0.3,MMLU_selected_subjects,isot_fake_187,meani,0.55,28,404
2026-01-16 06:20:56,google/gemma-2-9b,MMLU_selected_subjects,isot_fake_590,clean,0.431,28,367
2026-01-16 06:21:08,mistralai/Mistral-7B-Instruct-v0.3,MMLU_selected_subjects,isot_fake_188,clean,0.558,28,199
2026-01-16 06:26:19,mistralai/Mistral-7B-Instruct-v0.3,MMLU_selected_subjects,isot_fake_188,meani,0.554,28,199
2026-01-16 06:27:07,google/gemma-2-9b,MMLU_selected_subjects,isot_fake_590,meani,0.434,28,367
2026-01-16 06:32:11,mistralai/Mistral-7B-Instruct-v0.3,MMLU_selected_subjects,isot_fake_189,clean,0.543,28,689
2026-01-16 06:33:41,google/gemma-2-9b,MMLU_selected_subjects,isot_fake_591,clean,0.445,28,669
2026-01-16 06:37:56,mistralai/Mistral-7B-Instruct-v0.3,MMLU_selected_subjects,isot_fake_189,meani,0.551,28,689
2026-01-16 06:40:12,google/gemma-2-9b,MMLU_selected_subjects,isot_fake_591,meani,0.429,28,669
2026-01-16 06:44:08,mistralai/Mistral-7B-Instruct-v0.3,MMLU_selected_subjects,isot_fake_19,clean,0.55,28,661
2026-01-16 06:46:43,google/gemma-2-9b,MMLU_selected_subjects,isot_fake_592,clean,0.509,28,691
2026-01-16 06:50:06,mistralai/Mistral-7B-Instruct-v0.3,MMLU_selected_subjects,isot_fake_19,meani,0.55,28,661
2026-01-16 06:53:10,google/gemma-2-9b,MMLU_selected_subjects,isot_fake_592,meani,0.535,28,691
2026-01-16 06:56:01,mistralai/Mistral-7B-Instruct-v0.3,MMLU_selected_subjects,isot_fake_190,clean,0.554,28,656
2026-01-16 06:59:55,google/gemma-2-9b,MMLU_selected_subjects,isot_fake_593,clean,0.4,28,696
2026-01-16 07:01:54,mistralai/Mistral-7B-Instruct-v0.3,MMLU_selected_subjects,isot_fake_190,meani,0.545,28,656
2026-01-16 07:06:35,google/gemma-2-9b,MMLU_selected_subjects,isot_fake_593,meani,0.305,28,696
2026-01-16 07:07:25,mistralai/Mistral-7B-Instruct-v0.3,MMLU_selected_subjects,isot_fake_191,clean,0.557,28,438
2026-01-16 07:12:43,google/gemma-2-9b,MMLU_selected_subjects,isot_fake_594,clean,0.455,28,405
2026-01-16 07:12:55,mistralai/Mistral-7B-Instruct-v0.3,MMLU_selected_subjects,isot_fake_191,meani,0.554,28,438
2026-01-16 07:18:35,mistralai/Mistral-7B-Instruct-v0.3,MMLU_selected_subjects,isot_fake_192,clean,0.559,28,540
2026-01-16 07:18:53,google/gemma-2-9b,MMLU_selected_subjects,isot_fake_594,meani,0.341,28,405
2026-01-16 07:24:13,mistralai/Mistral-7B-Instruct-v0.3,MMLU_selected_subjects,isot_fake_192,meani,0.555,28,540
2026-01-16 07:25:19,google/gemma-2-9b,MMLU_selected_subjects,isot_fake_595,clean,0.493,28,497
2026-01-16 07:30:04,mistralai/Mistral-7B-Instruct-v0.3,MMLU_selected_subjects,isot_fake_193,clean,0.544,28,572
2026-01-16 07:31:39,google/gemma-2-9b,MMLU_selected_subjects,isot_fake_595,meani,0.458,28,497
2026-01-16 07:35:52,mistralai/Mistral-7B-Instruct-v0.3,MMLU_selected_subjects,isot_fake_193,meani,0.558,28,572
2026-01-16 07:38:17,google/gemma-2-9b,MMLU_selected_subjects,isot_fake_596,clean,0.525,28,597
2026-01-16 07:41:20,mistralai/Mistral-7B-Instruct-v0.3,MMLU_selected_subjects,isot_fake_194,clean,0.528,28,351
2026-01-16 07:44:46,google/gemma-2-9b,MMLU_selected_subjects,isot_fake_596,meani,0.482,28,597
2026-01-16 07:46:43,mistralai/Mistral-7B-Instruct-v0.3,MMLU_selected_subjects,isot_fake_194,meani,0.553,28,351
2026-01-16 07:50:47,google/gemma-2-9b,MMLU_selected_subjects,isot_fake_597,clean,0.44,28,223
2026-01-16 07:52:02,mistralai/Mistral-7B-Instruct-v0.3,MMLU_selected_subjects,isot_fake_195,clean,0.554,28,237
2026-01-16 07:56:50,google/gemma-2-9b,MMLU_selected_subjects,isot_fake_597,meani,0.27,28,223
2026-01-16 07:57:20,mistralai/Mistral-7B-Instruct-v0.3,MMLU_selected_subjects,isot_fake_195,meani,0.566,28,237
2026-01-16 08:02:41,mistralai/Mistral-7B-Instruct-v0.3,MMLU_selected_subjects,isot_fake_196,clean,0.536,28,232
2026-01-16 08:03:15,google/gemma-2-9b,MMLU_selected_subjects,isot_fake_598,clean,0.463,28,651
2026-01-16 08:07:59,mistralai/Mistral-7B-Instruct-v0.3,MMLU_selected_subjects,isot_fake_196,meani,0.548,28,232
2026-01-16 08:09:43,google/gemma-2-9b,MMLU_selected_subjects,isot_fake_598,meani,0.399,28,651
2026-01-16 08:13:55,mistralai/Mistral-7B-Instruct-v0.3,MMLU_selected_subjects,isot_fake_197,clean,0.551,28,620
2026-01-16 08:16:01,google/gemma-2-9b,MMLU_selected_subjects,isot_fake_599,clean,0.529,28,473
2026-01-16 08:19:54,mistralai/Mistral-7B-Instruct-v0.3,MMLU_selected_subjects,isot_fake_197,meani,0.549,28,620
2026-01-16 08:22:28,google/gemma-2-9b,MMLU_selected_subjects,isot_fake_599,meani,0.151,28,473
2026-01-16 08:25:17,mistralai/Mistral-7B-Instruct-v0.3,MMLU_selected_subjects,isot_fake_198,clean,0.552,28,356
2026-01-16 08:28:33,google/gemma-2-9b,MMLU_selected_subjects,isot_fake_6,clean,0.476,28,325
2026-01-16 08:30:39,mistralai/Mistral-7B-Instruct-v0.3,MMLU_selected_subjects,isot_fake_198,meani,0.55,28,356
2026-01-16 08:34:41,google/gemma-2-9b,MMLU_selected_subjects,isot_fake_6,meani,0.442,28,325
2026-01-16 08:36:27,mistralai/Mistral-7B-Instruct-v0.3,MMLU_selected_subjects,isot_fake_199,clean,0.554,28,566
2026-01-16 08:40:36,google/gemma-2-9b,MMLU_selected_subjects,isot_fake_60,clean,0.431,28,204
2026-01-16 08:42:14,mistralai/Mistral-7B-Instruct-v0.3,MMLU_selected_subjects,isot_fake_199,meani,0.55,28,566
2026-01-16 08:46:34,google/gemma-2-9b,MMLU_selected_subjects,isot_fake_60,meani,0.364,28,204
2026-01-16 08:47:36,mistralai/Mistral-7B-Instruct-v0.3,MMLU_selected_subjects,isot_fake_2,clean,0.557,28,246
2026-01-16 08:52:56,mistralai/Mistral-7B-Instruct-v0.3,MMLU_selected_subjects,isot_fake_2,meani,0.554,28,246
2026-01-16 08:53:04,google/gemma-2-9b,MMLU_selected_subjects,isot_fake_600,clean,0.49,28,479
2026-01-16 08:58:49,mistralai/Mistral-7B-Instruct-v0.3,MMLU_selected_subjects,isot_fake_20,clean,0.547,28,638
2026-01-16 08:59:38,google/gemma-2-9b,MMLU_selected_subjects,isot_fake_600,meani,0.428,28,479
2026-01-16 09:04:38,mistralai/Mistral-7B-Instruct-v0.3,MMLU_selected_subjects,isot_fake_20,meani,0.542,28,638
2026-01-16 09:06:22,google/gemma-2-9b,MMLU_selected_subjects,isot_fake_601,clean,0.528,28,742
2026-01-16 09:10:26,mistralai/Mistral-7B-Instruct-v0.3,MMLU_selected_subjects,isot_fake_200,clean,0.548,28,654
2026-01-16 09:13:02,google/gemma-2-9b,MMLU_selected_subjects,isot_fake_601,meani,0.526,28,742
2026-01-16 09:16:17,mistralai/Mistral-7B-Instruct-v0.3,MMLU_selected_subjects,isot_fake_200,meani,0.543,28,654
2026-01-16 09:19:11,google/gemma-2-9b,MMLU_selected_subjects,isot_fake_602,clean,0.482,28,398
2026-01-16 09:21:41,mistralai/Mistral-7B-Instruct-v0.3,MMLU_selected_subjects,isot_fake_201,clean,0.535,28,324
2026-01-16 09:25:25,google/gemma-2-9b,MMLU_selected_subjects,isot_fake_602,meani,0.482,28,398
2026-01-16 09:27:05,mistralai/Mistral-7B-Instruct-v0.3,MMLU_selected_subjects,isot_fake_201,meani,0.55,28,324
2026-01-16 09:32:16,google/gemma-2-9b,MMLU_selected_subjects,isot_fake_603,clean,0.549,28,785
2026-01-16 09:32:30,mistralai/Mistral-7B-Instruct-v0.3,MMLU_selected_subjects,isot_fake_202,clean,0.551,28,211
2026-01-16 09:37:53,mistralai/Mistral-7B-Instruct-v0.3,MMLU_selected_subjects,isot_fake_202,meani,0.562,28,211
2026-01-16 09:39:07,google/gemma-2-9b,MMLU_selected_subjects,isot_fake_603,meani,0.415,28,785
2026-01-16 09:43:25,mistralai/Mistral-7B-Instruct-v0.3,MMLU_selected_subjects,isot_fake_203,clean,0.543,28,297
2026-01-16 09:45:30,google/gemma-2-9b,MMLU_selected_subjects,isot_fake_604,clean,0.537,28,615
2026-01-16 09:48:48,mistralai/Mistral-7B-Instruct-v0.3,MMLU_selected_subjects,isot_fake_203,meani,0.557,28,297
2026-01-16 09:51:56,google/gemma-2-9b,MMLU_selected_subjects,isot_fake_604,meani,0.544,28,615
2026-01-16 09:54:15,mistralai/Mistral-7B-Instruct-v0.3,MMLU_selected_subjects,isot_fake_204,clean,0.542,28,273
2026-01-16 09:58:39,google/gemma-2-9b,MMLU_selected_subjects,isot_fake_605,clean,0.336,28,662
2026-01-16 09:59:43,mistralai/Mistral-7B-Instruct-v0.3,MMLU_selected_subjects,isot_fake_204,meani,0.547,28,273
2026-01-16 10:05:13,mistralai/Mistral-7B-Instruct-v0.3,MMLU_selected_subjects,isot_fake_205,clean,0.547,28,383
2026-01-16 10:05:27,google/gemma-2-9b,MMLU_selected_subjects,isot_fake_605,meani,0.411,28,662
2026-01-16 10:10:43,mistralai/Mistral-7B-Instruct-v0.3,MMLU_selected_subjects,isot_fake_205,meani,0.55,28,383
2026-01-16 10:11:30,google/gemma-2-9b,MMLU_selected_subjects,isot_fake_606,clean,0.456,28,254
2026-01-16 10:16:22,mistralai/Mistral-7B-Instruct-v0.3,MMLU_selected_subjects,isot_fake_206,clean,0.547,28,423
2026-01-16 10:17:32,google/gemma-2-9b,MMLU_selected_subjects,isot_fake_606,meani,0.421,28,254
2026-01-16 10:22:02,mistralai/Mistral-7B-Instruct-v0.3,MMLU_selected_subjects,isot_fake_206,meani,0.545,28,423
2026-01-16 10:24:14,google/gemma-2-9b,MMLU_selected_subjects,isot_fake_607,clean,0.436,28,782
2026-01-16 10:27:47,mistralai/Mistral-7B-Instruct-v0.3,MMLU_selected_subjects,isot_fake_207,clean,0.55,28,447
2026-01-16 10:30:55,google/gemma-2-9b,MMLU_selected_subjects,isot_fake_607,meani,0.432,28,782
2026-01-16 10:33:24,mistralai/Mistral-7B-Instruct-v0.3,MMLU_selected_subjects,isot_fake_207,meani,0.551,28,447
2026-01-16 10:37:35,google/gemma-2-9b,MMLU_selected_subjects,isot_fake_608,clean,0.528,28,742
2026-01-16 10:39:34,mistralai/Mistral-7B-Instruct-v0.3,MMLU_selected_subjects,isot_fake_208,clean,0.541,28,694
2026-01-16 10:44:16,google/gemma-2-9b,MMLU_selected_subjects,isot_fake_608,meani,0.518,28,742
2026-01-16 10:45:37,mistralai/Mistral-7B-Instruct-v0.3,MMLU_selected_subjects,isot_fake_208,meani,0.549,28,694
2026-01-16 10:51:03,google/gemma-2-9b,MMLU_selected_subjects,isot_fake_609,clean,0.534,28,555
2026-01-16 10:51:23,mistralai/Mistral-7B-Instruct-v0.3,MMLU_selected_subjects,isot_fake_209,clean,0.543,28,575
2026-01-16 10:57:09,mistralai/Mistral-7B-Instruct-v0.3,MMLU_selected_subjects,isot_fake_209,meani,0.561,28,575
2026-01-16 10:57:51,google/gemma-2-9b,MMLU_selected_subjects,isot_fake_609,meani,0.295,28,555
2026-01-16 11:02:36,mistralai/Mistral-7B-Instruct-v0.3,MMLU_selected_subjects,isot_fake_21,clean,0.542,28,301
2026-01-16 11:04:21,google/gemma-2-9b,MMLU_selected_subjects,isot_fake_61,clean,0.501,28,624
2026-01-16 11:08:06,mistralai/Mistral-7B-Instruct-v0.3,MMLU_selected_subjects,isot_fake_21,meani,0.548,28,301
2026-01-16 11:10:49,google/gemma-2-9b,MMLU_selected_subjects,isot_fake_61,meani,0.449,28,624
2026-01-16 11:14:01,mistralai/Mistral-7B-Instruct-v0.3,MMLU_selected_subjects,isot_fake_210,clean,0.558,28,673
2026-01-16 11:17:03,google/gemma-2-9b,MMLU_selected_subjects,isot_fake_610,clean,0.425,28,357
2026-01-16 11:19:52,mistralai/Mistral-7B-Instruct-v0.3,MMLU_selected_subjects,isot_fake_210,meani,0.549,28,673
2026-01-16 11:23:13,google/gemma-2-9b,MMLU_selected_subjects,isot_fake_610,meani,0.376,28,357
2026-01-16 11:25:29,mistralai/Mistral-7B-Instruct-v0.3,MMLU_selected_subjects,isot_fake_211,clean,0.554,28,433
2026-01-16 11:29:56,google/gemma-2-9b,MMLU_selected_subjects,isot_fake_611,clean,0.527,28,699
2026-01-16 11:31:05,mistralai/Mistral-7B-Instruct-v0.3,MMLU_selected_subjects,isot_fake_211,meani,0.542,28,433
2026-01-16 11:36:29,mistralai/Mistral-7B-Instruct-v0.3,MMLU_selected_subjects,isot_fake_212,clean,0.538,28,214
2026-01-16 11:36:40,google/gemma-2-9b,MMLU_selected_subjects,isot_fake_611,meani,0.335,28,699
2026-01-16 11:41:51,mistralai/Mistral-7B-Instruct-v0.3,MMLU_selected_subjects,isot_fake_212,meani,0.546,28,214
2026-01-16 11:43:00,google/gemma-2-9b,MMLU_selected_subjects,isot_fake_612,clean,0.509,28,346
2026-01-16 11:48:07,mistralai/Mistral-7B-Instruct-v0.3,MMLU_selected_subjects,isot_fake_213,clean,0.546,28,754
2026-01-16 11:49:20,google/gemma-2-9b,MMLU_selected_subjects,isot_fake_612,meani,0.411,28,346
2026-01-16 11:54:19,mistralai/Mistral-7B-Instruct-v0.3,MMLU_selected_subjects,isot_fake_213,meani,0.541,28,754
2026-01-16 11:56:05,google/gemma-2-9b,MMLU_selected_subjects,isot_fake_613,clean,0.484,28,623
2026-01-16 12:00:02,mistralai/Mistral-7B-Instruct-v0.3,MMLU_selected_subjects,isot_fake_214,clean,0.536,28,556
2026-01-16 12:02:51,google/gemma-2-9b,MMLU_selected_subjects,isot_fake_613,meani,0.403,28,623
2026-01-16 12:05:50,mistralai/Mistral-7B-Instruct-v0.3,MMLU_selected_subjects,isot_fake_214,meani,0.556,28,556
2026-01-16 12:09:08,google/gemma-2-9b,MMLU_selected_subjects,isot_fake_614,clean,0.501,28,399
2026-01-16 12:11:24,mistralai/Mistral-7B-Instruct-v0.3,MMLU_selected_subjects,isot_fake_215,clean,0.54,28,251
2026-01-16 12:15:18,google/gemma-2-9b,MMLU_selected_subjects,isot_fake_614,meani,0.48,28,399
2026-01-16 12:16:52,mistralai/Mistral-7B-Instruct-v0.3,MMLU_selected_subjects,isot_fake_215,meani,0.541,28,251
2026-01-16 12:21:36,google/gemma-2-9b,MMLU_selected_subjects,isot_fake_615,clean,0.471,28,423
2026-01-16 12:22:30,mistralai/Mistral-7B-Instruct-v0.3,MMLU_selected_subjects,isot_fake_216,clean,0.539,28,249
2026-01-16 12:27:56,google/gemma-2-9b,MMLU_selected_subjects,isot_fake_615,meani,0.452,28,423
2026-01-16 12:27:59,mistralai/Mistral-7B-Instruct-v0.3,MMLU_selected_subjects,isot_fake_216,meani,0.55,28,249
2026-01-16 12:33:21,mistralai/Mistral-7B-Instruct-v0.3,MMLU_selected_subjects,isot_fake_217,clean,0.54,28,244
2026-01-16 12:34:27,google/gemma-2-9b,MMLU_selected_subjects,isot_fake_616,clean,0.444,28,654
2026-01-16 12:38:43,mistralai/Mistral-7B-Instruct-v0.3,MMLU_selected_subjects,isot_fake_217,meani,0.537,28,244
2026-01-16 12:41:00,google/gemma-2-9b,MMLU_selected_subjects,isot_fake_616,meani,0.519,28,654
2026-01-16 12:44:18,mistralai/Mistral-7B-Instruct-v0.3,MMLU_selected_subjects,isot_fake_218,clean,0.544,28,454
2026-01-16 12:47:15,google/gemma-2-9b,MMLU_selected_subjects,isot_fake_617,clean,0.486,28,328
2026-01-16 12:49:45,mistralai/Mistral-7B-Instruct-v0.3,MMLU_selected_subjects,isot_fake_218,meani,0.552,28,454
2026-01-16 12:53:30,google/gemma-2-9b,MMLU_selected_subjects,isot_fake_617,meani,0.38,28,328
2026-01-16 12:55:27,mistralai/Mistral-7B-Instruct-v0.3,MMLU_selected_subjects,isot_fake_219,clean,0.537,28,521
2026-01-16 13:00:10,google/gemma-2-9b,MMLU_selected_subjects,isot_fake_618,clean,0.526,28,714
2026-01-16 13:01:10,mistralai/Mistral-7B-Instruct-v0.3,MMLU_selected_subjects,isot_fake_219,meani,0.549,28,521
2026-01-16 13:07:00,google/gemma-2-9b,MMLU_selected_subjects,isot_fake_618,meani,0.546,28,714
2026-01-16 13:07:05,mistralai/Mistral-7B-Instruct-v0.3,MMLU_selected_subjects,isot_fake_22,clean,0.55,28,669
2026-01-16 13:12:56,mistralai/Mistral-7B-Instruct-v0.3,MMLU_selected_subjects,isot_fake_22,meani,0.538,28,669
2026-01-16 13:12:58,google/gemma-2-9b,MMLU_selected_subjects,isot_fake_619,clean,0.371,28,483
2026-01-16 13:18:29,mistralai/Mistral-7B-Instruct-v0.3,MMLU_selected_subjects,isot_fake_220,clean,0.544,28,505
2026-01-16 13:19:19,google/gemma-2-9b,MMLU_selected_subjects,isot_fake_619,meani,0.287,28,483
2026-01-16 13:24:02,mistralai/Mistral-7B-Instruct-v0.3,MMLU_selected_subjects,isot_fake_220,meani,0.544,28,505
2026-01-16 13:25:48,google/gemma-2-9b,MMLU_selected_subjects,isot_fake_62,clean,0.517,28,506
2026-01-16 13:29:36,mistralai/Mistral-7B-Instruct-v0.3,MMLU_selected_subjects,isot_fake_221,clean,0.543,28,436
2026-01-16 13:32:27,google/gemma-2-9b,MMLU_selected_subjects,isot_fake_62,meani,0.416,28,506
2026-01-16 13:35:10,mistralai/Mistral-7B-Instruct-v0.3,MMLU_selected_subjects,isot_fake_221,meani,0.542,28,436
2026-01-16 13:38:30,google/gemma-2-9b,MMLU_selected_subjects,isot_fake_620,clean,0.474,28,201
2026-01-16 13:40:34,mistralai/Mistral-7B-Instruct-v0.3,MMLU_selected_subjects,isot_fake_222,clean,0.558,28,211
2026-01-16 13:44:36,google/gemma-2-9b,MMLU_selected_subjects,isot_fake_620,meani,0.376,28,201
2026-01-16 13:45:58,mistralai/Mistral-7B-Instruct-v0.3,MMLU_selected_subjects,isot_fake_222,meani,0.564,28,211
2026-01-16 13:50:53,google/gemma-2-9b,MMLU_selected_subjects,isot_fake_621,clean,0.484,28,371
2026-01-16 13:52:11,mistralai/Mistral-7B-Instruct-v0.3,MMLU_selected_subjects,isot_fake_223,clean,0.546,28,780
2026-01-16 13:57:00,google/gemma-2-9b,MMLU_selected_subjects,isot_fake_621,meani,0.354,28,371
2026-01-16 13:58:19,mistralai/Mistral-7B-Instruct-v0.3,MMLU_selected_subjects,isot_fake_223,meani,0.543,28,780
2026-01-16 14:03:21,google/gemma-2-9b,MMLU_selected_subjects,isot_fake_622,clean,0.51,28,608
2026-01-16 14:04:26,mistralai/Mistral-7B-Instruct-v0.3,MMLU_selected_subjects,isot_fake_224,clean,0.56,28,715
2026-01-16 14:09:52,google/gemma-2-9b,MMLU_selected_subjects,isot_fake_622,meani,0.491,28,608
2026-01-16 14:10:26,mistralai/Mistral-7B-Instruct-v0.3,MMLU_selected_subjects,isot_fake_224,meani,0.543,28,715
2026-01-16 14:16:02,mistralai/Mistral-7B-Instruct-v0.3,MMLU_selected_subjects,isot_fake_225,clean,0.534,28,432
2026-01-16 14:16:24,google/gemma-2-9b,MMLU_selected_subjects,isot_fake_623,clean,0.46,28,770
2026-01-16 14:21:32,mistralai/Mistral-7B-Instruct-v0.3,MMLU_selected_subjects,isot_fake_225,meani,0.557,28,432
2026-01-16 14:22:54,google/gemma-2-9b,MMLU_selected_subjects,isot_fake_623,meani,0.38,28,770
2026-01-16 14:26:55,mistralai/Mistral-7B-Instruct-v0.3,MMLU_selected_subjects,isot_fake_226,clean,0.547,28,235
2026-01-16 14:29:15,google/gemma-2-9b,MMLU_selected_subjects,isot_fake_624,clean,0.508,28,351
2026-01-16 14:32:19,mistralai/Mistral-7B-Instruct-v0.3,MMLU_selected_subjects,isot_fake_226,meani,0.542,28,235
2026-01-16 14:35:24,google/gemma-2-9b,MMLU_selected_subjects,isot_fake_624,meani,0.377,28,351
2026-01-16 14:37:55,mistralai/Mistral-7B-Instruct-v0.3,MMLU_selected_subjects,isot_fake_227,clean,0.546,28,356
2026-01-16 14:41:39,google/gemma-2-9b,MMLU_selected_subjects,isot_fake_625,clean,0.49,28,459
2026-01-16 14:43:38,mistralai/Mistral-7B-Instruct-v0.3,MMLU_selected_subjects,isot_fake_227,meani,0.542,28,356
2026-01-16 14:47:58,google/gemma-2-9b,MMLU_selected_subjects,isot_fake_625,meani,0.383,28,459
2026-01-16 14:49:28,mistralai/Mistral-7B-Instruct-v0.3,MMLU_selected_subjects,isot_fake_228,clean,0.552,28,568
2026-01-16 14:55:14,google/gemma-2-9b,MMLU_selected_subjects,isot_fake_626,clean,0.527,28,587
2026-01-16 14:55:48,mistralai/Mistral-7B-Instruct-v0.3,MMLU_selected_subjects,isot_fake_228,meani,0.545,28,568
2026-01-16 15:01:50,mistralai/Mistral-7B-Instruct-v0.3,MMLU_selected_subjects,isot_fake_229,clean,0.547,28,658
2026-01-16 15:02:22,google/gemma-2-9b,MMLU_selected_subjects,isot_fake_626,meani,0.364,28,587
2026-01-16 15:07:50,mistralai/Mistral-7B-Instruct-v0.3,MMLU_selected_subjects,isot_fake_229,meani,0.547,28,658
2026-01-16 15:08:59,google/gemma-2-9b,MMLU_selected_subjects,isot_fake_627,clean,0.468,28,521
2026-01-16 15:14:05,mistralai/Mistral-7B-Instruct-v0.3,MMLU_selected_subjects,isot_fake_23,clean,0.549,28,605
2026-01-16 15:15:34,google/gemma-2-9b,MMLU_selected_subjects,isot_fake_627,meani,0.469,28,521
2026-01-16 15:20:14,mistralai/Mistral-7B-Instruct-v0.3,MMLU_selected_subjects,isot_fake_23,meani,0.542,28,605
2026-01-16 15:22:21,google/gemma-2-9b,MMLU_selected_subjects,isot_fake_628,clean,0.538,28,555
2026-01-16 15:26:42,mistralai/Mistral-7B-Instruct-v0.3,MMLU_selected_subjects,isot_fake_230,clean,0.551,28,770
2026-01-16 15:29:07,google/gemma-2-9b,MMLU_selected_subjects,isot_fake_628,meani,0.506,28,555
2026-01-16 15:32:59,mistralai/Mistral-7B-Instruct-v0.3,MMLU_selected_subjects,isot_fake_230,meani,0.551,28,770
2026-01-16 15:35:36,google/gemma-2-9b,MMLU_selected_subjects,isot_fake_629,clean,0.508,28,386
2026-01-16 15:38:36,mistralai/Mistral-7B-Instruct-v0.3,MMLU_selected_subjects,isot_fake_231,clean,0.539,28,246
2026-01-16 15:42:11,google/gemma-2-9b,MMLU_selected_subjects,isot_fake_629,meani,0.453,28,386
2026-01-16 15:44:09,mistralai/Mistral-7B-Instruct-v0.3,MMLU_selected_subjects,isot_fake_231,meani,0.552,28,246
2026-01-16 15:49:09,google/gemma-2-9b,MMLU_selected_subjects,isot_fake_63,clean,0.401,28,738
2026-01-16 15:49:45,mistralai/Mistral-7B-Instruct-v0.3,MMLU_selected_subjects,isot_fake_232,clean,0.538,28,236
2026-01-16 15:55:26,mistralai/Mistral-7B-Instruct-v0.3,MMLU_selected_subjects,isot_fake_232,meani,0.548,28,236
2026-01-16 15:56:14,google/gemma-2-9b,MMLU_selected_subjects,isot_fake_63,meani,0.38,28,738
2026-01-16 16:02:02,mistralai/Mistral-7B-Instruct-v0.3,MMLU_selected_subjects,isot_fake_233,clean,0.553,28,704
2026-01-16 16:03:04,google/gemma-2-9b,MMLU_selected_subjects,isot_fake_630,clean,0.486,28,509
2026-01-16 16:08:37,mistralai/Mistral-7B-Instruct-v0.3,MMLU_selected_subjects,isot_fake_233,meani,0.55,28,704
2026-01-16 16:09:55,google/gemma-2-9b,MMLU_selected_subjects,isot_fake_630,meani,0.494,28,509
2026-01-16 16:14:48,mistralai/Mistral-7B-Instruct-v0.3,MMLU_selected_subjects,isot_fake_234,clean,0.525,28,684
2026-01-16 16:16:50,google/gemma-2-9b,MMLU_selected_subjects,isot_fake_631,clean,0.503,28,743
2026-01-16 16:20:51,mistralai/Mistral-7B-Instruct-v0.3,MMLU_selected_subjects,isot_fake_234,meani,0.547,28,684
2026-01-16 16:23:44,google/gemma-2-9b,MMLU_selected_subjects,isot_fake_631,meani,0.467,28,743
2026-01-16 16:26:30,mistralai/Mistral-7B-Instruct-v0.3,MMLU_selected_subjects,isot_fake_235,clean,0.55,28,208
2026-01-16 16:30:24,google/gemma-2-9b,MMLU_selected_subjects,isot_fake_632,clean,0.27,28,681
2026-01-16 16:32:04,mistralai/Mistral-7B-Instruct-v0.3,MMLU_selected_subjects,isot_fake_235,meani,0.543,28,208
2026-01-16 16:37:17,google/gemma-2-9b,MMLU_selected_subjects,isot_fake_632,meani,0.45,28,681
2026-01-16 16:38:09,mistralai/Mistral-7B-Instruct-v0.3,MMLU_selected_subjects,isot_fake_236,clean,0.553,28,552
2026-01-16 16:43:41,google/gemma-2-9b,MMLU_selected_subjects,isot_fake_633,clean,0.463,28,244
2026-01-16 16:44:20,mistralai/Mistral-7B-Instruct-v0.3,MMLU_selected_subjects,isot_fake_236,meani,0.543,28,552
2026-01-16 16:49:51,google/gemma-2-9b,MMLU_selected_subjects,isot_fake_633,meani,0.415,28,244
2026-01-16 16:50:18,mistralai/Mistral-7B-Instruct-v0.3,MMLU_selected_subjects,isot_fake_237,clean,0.544,28,623
2026-01-16 16:56:07,mistralai/Mistral-7B-Instruct-v0.3,MMLU_selected_subjects,isot_fake_237,meani,0.541,28,623
2026-01-16 16:56:40,google/gemma-2-9b,MMLU_selected_subjects,isot_fake_634,clean,0.481,28,791
2026-01-16 17:01:28,mistralai/Mistral-7B-Instruct-v0.3,MMLU_selected_subjects,isot_fake_238,clean,0.544,28,397
2026-01-16 17:03:34,google/gemma-2-9b,MMLU_selected_subjects,isot_fake_634,meani,0.491,28,791
2026-01-16 17:06:51,mistralai/Mistral-7B-Instruct-v0.3,MMLU_selected_subjects,isot_fake_238,meani,0.545,28,397
2026-01-16 17:10:38,google/gemma-2-9b,MMLU_selected_subjects,isot_fake_635,clean,0.469,28,698
2026-01-16 17:12:26,mistralai/Mistral-7B-Instruct-v0.3,MMLU_selected_subjects,isot_fake_239,clean,0.539,28,310
2026-01-16 17:17:27,google/gemma-2-9b,MMLU_selected_subjects,isot_fake_635,meani,0.206,28,698
2026-01-16 17:17:54,mistralai/Mistral-7B-Instruct-v0.3,MMLU_selected_subjects,isot_fake_239,meani,0.546,28,310
2026-01-16 17:23:33,google/gemma-2-9b,MMLU_selected_subjects,isot_fake_636,clean,0.43,28,222
2026-01-16 17:23:55,mistralai/Mistral-7B-Instruct-v0.3,MMLU_selected_subjects,isot_fake_24,clean,0.557,28,567
2026-01-16 17:29:59,mistralai/Mistral-7B-Instruct-v0.3,MMLU_selected_subjects,isot_fake_24,meani,0.547,28,567
2026-01-16 17:31:12,google/gemma-2-9b,MMLU_selected_subjects,isot_fake_636,meani,0.422,28,222
2026-01-16 17:35:36,mistralai/Mistral-7B-Instruct-v0.3,MMLU_selected_subjects,isot_fake_240,clean,0.534,28,242
2026-01-16 17:38:31,google/gemma-2-9b,MMLU_selected_subjects,isot_fake_637,clean,0.434,28,633
2026-01-16 17:41:11,mistralai/Mistral-7B-Instruct-v0.3,MMLU_selected_subjects,isot_fake_240,meani,0.545,28,242
2026-01-16 17:44:32,google/gemma-2-9b,MMLU_selected_subjects,isot_fake_637,meani,0.202,28,633
2026-01-16 17:46:37,mistralai/Mistral-7B-Instruct-v0.3,MMLU_selected_subjects,isot_fake_241,clean,0.54,28,244
2026-01-16 17:51:04,google/gemma-2-9b,MMLU_selected_subjects,isot_fake_638,clean,0.367,28,570
2026-01-16 17:52:06,mistralai/Mistral-7B-Instruct-v0.3,MMLU_selected_subjects,isot_fake_241,meani,0.54,28,244
2026-01-16 17:57:39,google/gemma-2-9b,MMLU_selected_subjects,isot_fake_638,meani,0.362,28,570
2026-01-16 17:58:15,mistralai/Mistral-7B-Instruct-v0.3,MMLU_selected_subjects,isot_fake_242,clean,0.543,28,741
2026-01-16 18:03:36,google/gemma-2-9b,MMLU_selected_subjects,isot_fake_639,clean,0.27,28,214
2026-01-16 18:04:19,mistralai/Mistral-7B-Instruct-v0.3,MMLU_selected_subjects,isot_fake_242,meani,0.557,28,741
2026-01-16 18:09:45,google/gemma-2-9b,MMLU_selected_subjects,isot_fake_639,meani,0.298,28,214
2026-01-16 18:10:11,mistralai/Mistral-7B-Instruct-v0.3,MMLU_selected_subjects,isot_fake_243,clean,0.532,28,573
2026-01-16 18:15:59,mistralai/Mistral-7B-Instruct-v0.3,MMLU_selected_subjects,isot_fake_243,meani,0.532,28,573
2026-01-16 18:16:20,google/gemma-2-9b,MMLU_selected_subjects,isot_fake_64,clean,0.468,28,586
2026-01-16 18:21:52,mistralai/Mistral-7B-Instruct-v0.3,MMLU_selected_subjects,isot_fake_244,clean,0.536,28,513
2026-01-16 18:22:52,google/gemma-2-9b,MMLU_selected_subjects,isot_fake_64,meani,0.43,28,586
2026-01-16 18:27:49,mistralai/Mistral-7B-Instruct-v0.3,MMLU_selected_subjects,isot_fake_244,meani,0.547,28,513
2026-01-16 18:29:29,google/gemma-2-9b,MMLU_selected_subjects,isot_fake_640,clean,0.353,28,532
2026-01-16 18:33:24,mistralai/Mistral-7B-Instruct-v0.3,MMLU_selected_subjects,isot_fake_245,clean,0.547,28,300
2026-01-16 18:36:02,google/gemma-2-9b,MMLU_selected_subjects,isot_fake_640,meani,0.468,28,532
2026-01-16 18:39:01,mistralai/Mistral-7B-Instruct-v0.3,MMLU_selected_subjects,isot_fake_245,meani,0.555,28,300
2026-01-16 18:42:51,google/gemma-2-9b,MMLU_selected_subjects,isot_fake_641,clean,0.498,28,659
2026-01-16 18:44:47,mistralai/Mistral-7B-Instruct-v0.3,MMLU_selected_subjects,isot_fake_246,clean,0.558,28,379
2026-01-16 18:49:38,google/gemma-2-9b,MMLU_selected_subjects,isot_fake_641,meani,0.394,28,659
2026-01-16 18:50:29,mistralai/Mistral-7B-Instruct-v0.3,MMLU_selected_subjects,isot_fake_246,meani,0.546,28,379
2026-01-16 18:56:20,mistralai/Mistral-7B-Instruct-v0.3,MMLU_selected_subjects,isot_fake_247,clean,0.545,28,485
2026-01-16 18:56:23,google/gemma-2-9b,MMLU_selected_subjects,isot_fake_642,clean,0.5,28,517
2026-01-16 19:02:10,mistralai/Mistral-7B-Instruct-v0.3,MMLU_selected_subjects,isot_fake_247,meani,0.558,28,485
2026-01-16 19:03:07,google/gemma-2-9b,MMLU_selected_subjects,isot_fake_642,meani,0.292,28,517
2026-01-16 19:08:21,mistralai/Mistral-7B-Instruct-v0.3,MMLU_selected_subjects,isot_fake_248,clean,0.558,28,623
2026-01-16 19:09:36,google/gemma-2-9b,MMLU_selected_subjects,isot_fake_643,clean,0.508,28,454
2026-01-16 19:14:31,mistralai/Mistral-7B-Instruct-v0.3,MMLU_selected_subjects,isot_fake_248,meani,0.557,28,623
2026-01-16 19:16:07,google/gemma-2-9b,MMLU_selected_subjects,isot_fake_643,meani,0.386,28,454
2026-01-16 19:20:30,mistralai/Mistral-7B-Instruct-v0.3,MMLU_selected_subjects,isot_fake_249,clean,0.549,28,649
2026-01-16 19:22:38,google/gemma-2-9b,MMLU_selected_subjects,isot_fake_644,clean,0.469,28,624
2026-01-16 19:26:28,mistralai/Mistral-7B-Instruct-v0.3,MMLU_selected_subjects,isot_fake_249,meani,0.55,28,649
2026-01-16 19:29:07,google/gemma-2-9b,MMLU_selected_subjects,isot_fake_644,meani,0.189,28,624
2026-01-16 19:32:14,mistralai/Mistral-7B-Instruct-v0.3,MMLU_selected_subjects,isot_fake_25,clean,0.545,28,571
2026-01-16 19:35:49,google/gemma-2-9b,MMLU_selected_subjects,isot_fake_645,clean,0.531,28,650
2026-01-16 19:37:56,mistralai/Mistral-7B-Instruct-v0.3,MMLU_selected_subjects,isot_fake_25,meani,0.548,28,571
2026-01-16 19:42:25,google/gemma-2-9b,MMLU_selected_subjects,isot_fake_645,meani,0.363,28,650
2026-01-16 19:44:01,mistralai/Mistral-7B-Instruct-v0.3,MMLU_selected_subjects,isot_fake_250,clean,0.561,28,502
2026-01-16 19:49:04,google/gemma-2-9b,MMLU_selected_subjects,isot_fake_646,clean,0.381,28,614
2026-01-16 19:50:02,mistralai/Mistral-7B-Instruct-v0.3,MMLU_selected_subjects,isot_fake_250,meani,0.551,28,502
2026-01-16 19:55:36,mistralai/Mistral-7B-Instruct-v0.3,MMLU_selected_subjects,isot_fake_251,clean,0.55,28,359
2026-01-16 19:55:40,google/gemma-2-9b,MMLU_selected_subjects,isot_fake_646,meani,0.436,28,614
2026-01-16 20:01:07,mistralai/Mistral-7B-Instruct-v0.3,MMLU_selected_subjects,isot_fake_251,meani,0.545,28,359
2026-01-16 20:02:00,google/gemma-2-9b,MMLU_selected_subjects,isot_fake_647,clean,0.471,28,367
2026-01-16 20:07:14,mistralai/Mistral-7B-Instruct-v0.3,MMLU_selected_subjects,isot_fake_252,clean,0.544,28,758
2026-01-16 20:08:18,google/gemma-2-9b,MMLU_selected_subjects,isot_fake_647,meani,0.477,28,367
2026-01-16 20:13:13,mistralai/Mistral-7B-Instruct-v0.3,MMLU_selected_subjects,isot_fake_252,meani,0.548,28,758
2026-01-16 20:14:52,google/gemma-2-9b,MMLU_selected_subjects,isot_fake_648,clean,0.506,28,567
2026-01-16 20:19:08,mistralai/Mistral-7B-Instruct-v0.3,MMLU_selected_subjects,isot_fake_253,clean,0.548,28,528
2026-01-16 20:21:28,google/gemma-2-9b,MMLU_selected_subjects,isot_fake_648,meani,0.434,28,567
2026-01-16 20:25:02,mistralai/Mistral-7B-Instruct-v0.3,MMLU_selected_subjects,isot_fake_253,meani,0.55,28,528
2026-01-16 20:26:35,google/gemma-2-9b,MMLU_selected_subjects,isot_fake_649,clean,0.157,28,481
2026-01-16 20:31:01,mistralai/Mistral-7B-Instruct-v0.3,MMLU_selected_subjects,isot_fake_254,clean,0.554,28,671
2026-01-16 20:33:03,google/gemma-2-9b,MMLU_selected_subjects,isot_fake_649,meani,0.326,28,481
2026-01-16 20:36:59,mistralai/Mistral-7B-Instruct-v0.3,MMLU_selected_subjects,isot_fake_254,meani,0.549,28,671
2026-01-16 20:39:22,google/gemma-2-9b,MMLU_selected_subjects,isot_fake_65,clean,0.464,28,385
2026-01-16 20:43:20,mistralai/Mistral-7B-Instruct-v0.3,MMLU_selected_subjects,isot_fake_255,clean,0.542,28,729
2026-01-16 20:45:40,google/gemma-2-9b,MMLU_selected_subjects,isot_fake_65,meani,0.354,28,385
2026-01-16 20:49:37,mistralai/Mistral-7B-Instruct-v0.3,MMLU_selected_subjects,isot_fake_255,meani,0.55,28,729
2026-01-16 20:51:53,google/gemma-2-9b,MMLU_selected_subjects,isot_fake_650,clean,0.464,28,310
2026-01-16 20:55:22,mistralai/Mistral-7B-Instruct-v0.3,MMLU_selected_subjects,isot_fake_256,clean,0.544,28,489
2026-01-16 20:58:05,google/gemma-2-9b,MMLU_selected_subjects,isot_fake_650,meani,0.47,28,310
2026-01-16 21:01:07,mistralai/Mistral-7B-Instruct-v0.3,MMLU_selected_subjects,isot_fake_256,meani,0.54,28,489
2026-01-16 21:04:51,google/gemma-2-9b,MMLU_selected_subjects,isot_fake_651,clean,0.501,28,747
2026-01-16 21:06:45,mistralai/Mistral-7B-Instruct-v0.3,MMLU_selected_subjects,isot_fake_257,clean,0.558,28,309
2026-01-16 21:11:40,google/gemma-2-9b,MMLU_selected_subjects,isot_fake_651,meani,0.507,28,747
2026-01-16 21:12:24,mistralai/Mistral-7B-Instruct-v0.3,MMLU_selected_subjects,isot_fake_257,meani,0.555,28,309
2026-01-16 21:17:50,mistralai/Mistral-7B-Instruct-v0.3,MMLU_selected_subjects,isot_fake_258,clean,0.549,28,222
2026-01-16 21:18:26,google/gemma-2-9b,MMLU_selected_subjects,isot_fake_652,clean,0.524,28,708
2026-01-16 21:23:14,mistralai/Mistral-7B-Instruct-v0.3,MMLU_selected_subjects,isot_fake_258,meani,0.543,28,222
2026-01-16 21:25:13,google/gemma-2-9b,MMLU_selected_subjects,isot_fake_652,meani,0.529,28,708
2026-01-16 21:28:38,mistralai/Mistral-7B-Instruct-v0.3,MMLU_selected_subjects,isot_fake_259,clean,0.554,28,209
2026-01-16 21:32:12,google/gemma-2-9b,MMLU_selected_subjects,isot_fake_653,clean,0.513,28,552
2026-01-16 21:34:07,mistralai/Mistral-7B-Instruct-v0.3,MMLU_selected_subjects,isot_fake_259,meani,0.563,28,209
2026-01-16 21:39:06,google/gemma-2-9b,MMLU_selected_subjects,isot_fake_653,meani,0.308,28,552
2026-01-16 21:39:35,mistralai/Mistral-7B-Instruct-v0.3,MMLU_selected_subjects,isot_fake_26,clean,0.552,28,282
2026-01-16 21:44:56,mistralai/Mistral-7B-Instruct-v0.3,MMLU_selected_subjects,isot_fake_26,meani,0.552,28,282
2026-01-16 21:45:23,google/gemma-2-9b,MMLU_selected_subjects,isot_fake_654,clean,0.473,28,219
2026-01-16 21:50:49,mistralai/Mistral-7B-Instruct-v0.3,MMLU_selected_subjects,isot_fake_260,clean,0.538,28,430
2026-01-16 21:51:39,google/gemma-2-9b,MMLU_selected_subjects,isot_fake_654,meani,0.315,28,219
2026-01-16 21:56:44,mistralai/Mistral-7B-Instruct-v0.3,MMLU_selected_subjects,isot_fake_260,meani,0.546,28,430
2026-01-16 21:57:47,google/gemma-2-9b,MMLU_selected_subjects,isot_fake_655,clean,0.445,28,222
2026-01-16 22:02:29,mistralai/Mistral-7B-Instruct-v0.3,MMLU_selected_subjects,isot_fake_261,clean,0.537,28,426
2026-01-16 22:03:55,google/gemma-2-9b,MMLU_selected_subjects,isot_fake_655,meani,0.429,28,222
2026-01-16 22:08:07,mistralai/Mistral-7B-Instruct-v0.3,MMLU_selected_subjects,isot_fake_261,meani,0.551,28,426
2026-01-16 22:10:15,google/gemma-2-9b,MMLU_selected_subjects,isot_fake_656,clean,0.561,28,452
2026-01-16 22:14:08,mistralai/Mistral-7B-Instruct-v0.3,MMLU_selected_subjects,isot_fake_262,clean,0.554,28,718
2026-01-16 22:16:40,google/gemma-2-9b,MMLU_selected_subjects,isot_fake_656,meani,0.531,28,452
2026-01-16 22:20:06,mistralai/Mistral-7B-Instruct-v0.3,MMLU_selected_subjects,isot_fake_262,meani,0.553,28,718
2026-01-16 22:22:49,google/gemma-2-9b,MMLU_selected_subjects,isot_fake_657,clean,0.427,28,254
2026-01-16 22:26:08,mistralai/Mistral-7B-Instruct-v0.3,MMLU_selected_subjects,isot_fake_263,clean,0.554,28,656
2026-01-16 22:28:58,google/gemma-2-9b,MMLU_selected_subjects,isot_fake_657,meani,0.451,28,254
2026-01-16 22:32:06,mistralai/Mistral-7B-Instruct-v0.3,MMLU_selected_subjects,isot_fake_263,meani,0.55,28,656
2026-01-16 22:35:39,google/gemma-2-9b,MMLU_selected_subjects,isot_fake_658,clean,0.54,28,631
2026-01-16 22:37:32,mistralai/Mistral-7B-Instruct-v0.3,MMLU_selected_subjects,isot_fake_264,clean,0.548,28,206
2026-01-16 22:42:19,google/gemma-2-9b,MMLU_selected_subjects,isot_fake_658,meani,0.474,28,631
2026-01-16 22:42:58,mistralai/Mistral-7B-Instruct-v0.3,MMLU_selected_subjects,isot_fake_264,meani,0.558,28,206
2026-01-16 22:49:05,google/gemma-2-9b,MMLU_selected_subjects,isot_fake_659,clean,0.428,28,731
2026-01-16 22:49:06,mistralai/Mistral-7B-Instruct-v0.3,MMLU_selected_subjects,isot_fake_265,clean,0.538,28,791
2026-01-16 22:55:12,mistralai/Mistral-7B-Instruct-v0.3,MMLU_selected_subjects,isot_fake_265,meani,0.536,28,791
2026-01-16 22:55:34,google/gemma-2-9b,MMLU_selected_subjects,isot_fake_659,meani,0.227,28,731
2026-01-16 23:01:02,mistralai/Mistral-7B-Instruct-v0.3,MMLU_selected_subjects,isot_fake_266,clean,0.546,28,416
2026-01-16 23:02:15,google/gemma-2-9b,MMLU_selected_subjects,isot_fake_66,clean,0.522,28,678
2026-01-16 23:06:47,mistralai/Mistral-7B-Instruct-v0.3,MMLU_selected_subjects,isot_fake_266,meani,0.538,28,416
2026-01-16 23:08:58,google/gemma-2-9b,MMLU_selected_subjects,isot_fake_66,meani,0.481,28,678
2026-01-16 23:12:50,mistralai/Mistral-7B-Instruct-v0.3,MMLU_selected_subjects,isot_fake_267,clean,0.538,28,718
2026-01-16 23:15:33,google/gemma-2-9b,MMLU_selected_subjects,isot_fake_660,clean,0.444,28,604
2026-01-16 23:18:50,mistralai/Mistral-7B-Instruct-v0.3,MMLU_selected_subjects,isot_fake_267,meani,0.538,28,718
2026-01-16 23:22:07,google/gemma-2-9b,MMLU_selected_subjects,isot_fake_660,meani,0.451,28,604
2026-01-16 23:24:47,mistralai/Mistral-7B-Instruct-v0.3,MMLU_selected_subjects,isot_fake_268,clean,0.542,28,604
2026-01-16 23:28:11,google/gemma-2-9b,MMLU_selected_subjects,isot_fake_661,clean,0.423,28,208
2026-01-16 23:30:41,mistralai/Mistral-7B-Instruct-v0.3,MMLU_selected_subjects,isot_fake_268,meani,0.551,28,604
2026-01-16 23:34:18,google/gemma-2-9b,MMLU_selected_subjects,isot_fake_661,meani,0.408,28,208
2026-01-16 23:36:16,mistralai/Mistral-7B-Instruct-v0.3,MMLU_selected_subjects,isot_fake_269,clean,0.542,28,339
2026-01-16 23:40:45,google/gemma-2-9b,MMLU_selected_subjects,isot_fake_662,clean,0.509,28,496
2026-01-16 23:41:54,mistralai/Mistral-7B-Instruct-v0.3,MMLU_selected_subjects,isot_fake_269,meani,0.539,28,339
2026-01-16 23:47:11,google/gemma-2-9b,MMLU_selected_subjects,isot_fake_662,meani,0.408,28,496
2026-01-16 23:48:05,mistralai/Mistral-7B-Instruct-v0.3,MMLU_selected_subjects,isot_fake_27,clean,0.545,28,728
2026-01-16 23:54:11,mistralai/Mistral-7B-Instruct-v0.3,MMLU_selected_subjects,isot_fake_27,meani,0.551,28,728
2026-01-16 23:54:14,google/gemma-2-9b,MMLU_selected_subjects,isot_fake_663,clean,0.519,28,644
2026-01-17 00:00:28,mistralai/Mistral-7B-Instruct-v0.3,MMLU_selected_subjects,isot_fake_270,clean,0.545,28,723
2026-01-17 00:01:15,google/gemma-2-9b,MMLU_selected_subjects,isot_fake_663,meani,0.296,28,644
2026-01-17 00:06:35,mistralai/Mistral-7B-Instruct-v0.3,MMLU_selected_subjects,isot_fake_270,meani,0.551,28,723
2026-01-17 00:07:33,google/gemma-2-9b,MMLU_selected_subjects,isot_fake_664,clean,0.479,28,301
2026-01-17 00:12:03,mistralai/Mistral-7B-Instruct-v0.3,MMLU_selected_subjects,isot_fake_271,clean,0.536,28,276
2026-01-17 00:13:48,google/gemma-2-9b,MMLU_selected_subjects,isot_fake_664,meani,0.387,28,301
2026-01-17 00:17:28,mistralai/Mistral-7B-Instruct-v0.3,MMLU_selected_subjects,isot_fake_271,meani,0.547,28,276
2026-01-17 00:20:32,google/gemma-2-9b,MMLU_selected_subjects,isot_fake_665,clean,0.487,28,642
2026-01-17 00:23:26,mistralai/Mistral-7B-Instruct-v0.3,MMLU_selected_subjects,isot_fake_272,clean,0.548,28,451
2026-01-17 00:27:14,google/gemma-2-9b,MMLU_selected_subjects,isot_fake_665,meani,0.542,28,642
2026-01-17 00:29:09,mistralai/Mistral-7B-Instruct-v0.3,MMLU_selected_subjects,isot_fake_272,meani,0.548,28,451
2026-01-17 00:34:02,google/gemma-2-9b,MMLU_selected_subjects,isot_fake_666,clean,0.511,28,649
2026-01-17 00:34:56,mistralai/Mistral-7B-Instruct-v0.3,MMLU_selected_subjects,isot_fake_273,clean,0.537,28,547
2026-01-17 00:40:42,mistralai/Mistral-7B-Instruct-v0.3,MMLU_selected_subjects,isot_fake_273,meani,0.54,28,547
2026-01-17 00:40:52,google/gemma-2-9b,MMLU_selected_subjects,isot_fake_666,meani,0.501,28,649
2026-01-17 00:46:21,mistralai/Mistral-7B-Instruct-v0.3,MMLU_selected_subjects,isot_fake_274,clean,0.534,28,423
2026-01-17 00:47:42,google/gemma-2-9b,MMLU_selected_subjects,isot_fake_667,clean,0.407,28,792
2026-01-17 00:52:02,mistralai/Mistral-7B-Instruct-v0.3,MMLU_selected_subjects,isot_fake_274,meani,0.538,28,423
2026-01-17 00:54:10,google/gemma-2-9b,MMLU_selected_subjects,isot_fake_667,meani,0.25,28,792
2026-01-17 00:58:07,mistralai/Mistral-7B-Instruct-v0.3,MMLU_selected_subjects,isot_fake_275,clean,0.545,28,780
2026-01-17 01:00:46,google/gemma-2-9b,MMLU_selected_subjects,isot_fake_668,clean,0.479,28,518
2026-01-17 01:04:13,mistralai/Mistral-7B-Instruct-v0.3,MMLU_selected_subjects,isot_fake_275,meani,0.539,28,780
2026-01-17 01:07:26,google/gemma-2-9b,MMLU_selected_subjects,isot_fake_668,meani,0.502,28,518
2026-01-17 01:10:04,mistralai/Mistral-7B-Instruct-v0.3,MMLU_selected_subjects,isot_fake_276,clean,0.545,28,566
2026-01-17 01:13:54,google/gemma-2-9b,MMLU_selected_subjects,isot_fake_669,clean,0.537,28,365
2026-01-17 01:15:48,mistralai/Mistral-7B-Instruct-v0.3,MMLU_selected_subjects,isot_fake_276,meani,0.542,28,566
2026-01-17 01:20:24,google/gemma-2-9b,MMLU_selected_subjects,isot_fake_669,meani,0.377,28,365
2026-01-17 01:21:21,mistralai/Mistral-7B-Instruct-v0.3,MMLU_selected_subjects,isot_fake_277,clean,0.553,28,310
2026-01-17 01:26:50,mistralai/Mistral-7B-Instruct-v0.3,MMLU_selected_subjects,isot_fake_277,meani,0.56,28,310
2026-01-17 01:27:04,google/gemma-2-9b,MMLU_selected_subjects,isot_fake_67,clean,0.412,28,621
2026-01-17 01:32:44,mistralai/Mistral-7B-Instruct-v0.3,MMLU_selected_subjects,isot_fake_278,clean,0.54,28,578
2026-01-17 01:33:42,google/gemma-2-9b,MMLU_selected_subjects,isot_fake_67,meani,0.316,28,621
2026-01-17 01:38:45,mistralai/Mistral-7B-Instruct-v0.3,MMLU_selected_subjects,isot_fake_278,meani,0.553,28,578
2026-01-17 01:40:33,google/gemma-2-9b,MMLU_selected_subjects,isot_fake_670,clean,0.528,28,736
2026-01-17 01:44:44,mistralai/Mistral-7B-Instruct-v0.3,MMLU_selected_subjects,isot_fake_279,clean,0.545,28,734
2026-01-17 01:47:24,google/gemma-2-9b,MMLU_selected_subjects,isot_fake_670,meani,0.449,28,736
2026-01-17 01:50:44,mistralai/Mistral-7B-Instruct-v0.3,MMLU_selected_subjects,isot_fake_279,meani,0.537,28,734
2026-01-17 01:53:32,google/gemma-2-9b,MMLU_selected_subjects,isot_fake_671,clean,0.413,28,235
2026-01-17 01:56:52,mistralai/Mistral-7B-Instruct-v0.3,MMLU_selected_subjects,isot_fake_28,clean,0.555,28,723
2026-01-17 01:59:39,google/gemma-2-9b,MMLU_selected_subjects,isot_fake_671,meani,0.375,28,235
2026-01-17 02:03:03,mistralai/Mistral-7B-Instruct-v0.3,MMLU_selected_subjects,isot_fake_28,meani,0.539,28,723
2026-01-17 02:06:25,google/gemma-2-9b,MMLU_selected_subjects,isot_fake_672,clean,0.488,28,765
2026-01-17 02:08:47,mistralai/Mistral-7B-Instruct-v0.3,MMLU_selected_subjects,isot_fake_280,clean,0.547,28,336
2026-01-17 02:13:07,google/gemma-2-9b,MMLU_selected_subjects,isot_fake_672,meani,0.425,28,765
2026-01-17 02:14:30,mistralai/Mistral-7B-Instruct-v0.3,MMLU_selected_subjects,isot_fake_280,meani,0.547,28,336
2026-01-17 02:19:26,google/gemma-2-9b,MMLU_selected_subjects,isot_fake_673,clean,0.49,28,369
2026-01-17 02:20:04,mistralai/Mistral-7B-Instruct-v0.3,MMLU_selected_subjects,isot_fake_281,clean,0.539,28,277
2026-01-17 02:25:33,mistralai/Mistral-7B-Instruct-v0.3,MMLU_selected_subjects,isot_fake_281,meani,0.549,28,277
2026-01-17 02:25:44,google/gemma-2-9b,MMLU_selected_subjects,isot_fake_673,meani,0.456,28,369
2026-01-17 02:31:18,mistralai/Mistral-7B-Instruct-v0.3,MMLU_selected_subjects,isot_fake_282,clean,0.544,28,408
2026-01-17 02:32:05,google/gemma-2-9b,MMLU_selected_subjects,isot_fake_674,clean,0.484,28,305
2026-01-17 02:37:00,mistralai/Mistral-7B-Instruct-v0.3,MMLU_selected_subjects,isot_fake_282,meani,0.557,28,408
2026-01-17 02:38:21,google/gemma-2-9b,MMLU_selected_subjects,isot_fake_674,meani,0.432,28,305
2026-01-17 02:42:41,mistralai/Mistral-7B-Instruct-v0.3,MMLU_selected_subjects,isot_fake_283,clean,0.554,28,337
2026-01-17 02:44:41,google/gemma-2-9b,MMLU_selected_subjects,isot_fake_675,clean,0.468,28,363
2026-01-17 02:48:20,mistralai/Mistral-7B-Instruct-v0.3,MMLU_selected_subjects,isot_fake_283,meani,0.538,28,337
2026-01-17 02:51:02,google/gemma-2-9b,MMLU_selected_subjects,isot_fake_675,meani,0.47,28,363
2026-01-17 02:54:31,mistralai/Mistral-7B-Instruct-v0.3,MMLU_selected_subjects,isot_fake_284,clean,0.545,28,797
2026-01-17 02:57:30,google/gemma-2-9b,MMLU_selected_subjects,isot_fake_676,clean,0.485,28,510
2026-01-17 03:00:40,mistralai/Mistral-7B-Instruct-v0.3,MMLU_selected_subjects,isot_fake_284,meani,0.546,28,797
2026-01-17 03:03:59,google/gemma-2-9b,MMLU_selected_subjects,isot_fake_676,meani,0.458,28,510
2026-01-17 03:06:25,mistralai/Mistral-7B-Instruct-v0.3,MMLU_selected_subjects,isot_fake_285,clean,0.544,28,418
2026-01-17 03:10:12,google/gemma-2-9b,MMLU_selected_subjects,isot_fake_677,clean,0.502,28,200
2026-01-17 03:12:09,mistralai/Mistral-7B-Instruct-v0.3,MMLU_selected_subjects,isot_fake_285,meani,0.557,28,418
2026-01-17 03:16:29,google/gemma-2-9b,MMLU_selected_subjects,isot_fake_677,meani,0.335,28,200
2026-01-17 03:18:00,mistralai/Mistral-7B-Instruct-v0.3,MMLU_selected_subjects,isot_fake_286,clean,0.541,28,577
2026-01-17 03:22:45,google/gemma-2-9b,MMLU_selected_subjects,isot_fake_678,clean,0.512,28,340
2026-01-17 03:23:43,mistralai/Mistral-7B-Instruct-v0.3,MMLU_selected_subjects,isot_fake_286,meani,0.541,28,577
2026-01-17 03:29:03,google/gemma-2-9b,MMLU_selected_subjects,isot_fake_678,meani,0.427,28,340
2026-01-17 03:29:18,mistralai/Mistral-7B-Instruct-v0.3,MMLU_selected_subjects,isot_fake_287,clean,0.559,28,301
2026-01-17 03:34:51,mistralai/Mistral-7B-Instruct-v0.3,MMLU_selected_subjects,isot_fake_287,meani,0.544,28,301
2026-01-17 03:35:46,google/gemma-2-9b,MMLU_selected_subjects,isot_fake_679,clean,0.401,28,738
2026-01-17 03:40:09,mistralai/Mistral-7B-Instruct-v0.3,MMLU_selected_subjects,isot_fake_288,clean,0.543,28,229
2026-01-17 03:42:29,google/gemma-2-9b,MMLU_selected_subjects,isot_fake_679,meani,0.394,28,738
2026-01-17 03:45:32,mistralai/Mistral-7B-Instruct-v0.3,MMLU_selected_subjects,isot_fake_288,meani,0.552,28,229
2026-01-17 03:49:09,google/gemma-2-9b,MMLU_selected_subjects,isot_fake_68,clean,0.456,28,676
2026-01-17 03:51:09,mistralai/Mistral-7B-Instruct-v0.3,MMLU_selected_subjects,isot_fake_289,clean,0.551,28,199
2026-01-17 03:55:45,google/gemma-2-9b,MMLU_selected_subjects,isot_fake_68,meani,0.44,28,676
2026-01-17 03:56:39,mistralai/Mistral-7B-Instruct-v0.3,MMLU_selected_subjects,isot_fake_289,meani,0.541,28,199
2026-01-17 04:02:07,mistralai/Mistral-7B-Instruct-v0.3,MMLU_selected_subjects,isot_fake_29,clean,0.533,28,226
2026-01-17 04:02:33,google/gemma-2-9b,MMLU_selected_subjects,isot_fake_680,clean,0.507,28,710
2026-01-17 04:07:31,mistralai/Mistral-7B-Instruct-v0.3,MMLU_selected_subjects,isot_fake_29,meani,0.535,28,226
2026-01-17 04:09:16,google/gemma-2-9b,MMLU_selected_subjects,isot_fake_680,meani,0.444,28,710
2026-01-17 04:13:33,mistralai/Mistral-7B-Instruct-v0.3,MMLU_selected_subjects,isot_fake_290,clean,0.54,28,740
2026-01-17 04:15:58,google/gemma-2-9b,MMLU_selected_subjects,isot_fake_681,clean,0.547,28,663
2026-01-17 04:19:36,mistralai/Mistral-7B-Instruct-v0.3,MMLU_selected_subjects,isot_fake_290,meani,0.56,28,740
2026-01-17 04:22:41,google/gemma-2-9b,MMLU_selected_subjects,isot_fake_681,meani,0.524,28,663
2026-01-17 04:25:03,mistralai/Mistral-7B-Instruct-v0.3,MMLU_selected_subjects,isot_fake_291,clean,0.536,28,276
2026-01-17 04:29:07,google/gemma-2-9b,MMLU_selected_subjects,isot_fake_682,clean,0.437,28,572
2026-01-17 04:30:30,mistralai/Mistral-7B-Instruct-v0.3,MMLU_selected_subjects,isot_fake_291,meani,0.554,28,276
2026-01-17 04:35:38,google/gemma-2-9b,MMLU_selected_subjects,isot_fake_682,meani,0.462,28,572
2026-01-17 04:36:44,mistralai/Mistral-7B-Instruct-v0.3,MMLU_selected_subjects,isot_fake_292,clean,0.553,28,713
2026-01-17 04:42:14,google/gemma-2-9b,MMLU_selected_subjects,isot_fake_683,clean,0.397,28,685
2026-01-17 04:42:48,mistralai/Mistral-7B-Instruct-v0.3,MMLU_selected_subjects,isot_fake_292,meani,0.571,28,713
2026-01-17 04:49:09,mistralai/Mistral-7B-Instruct-v0.3,MMLU_selected_subjects,isot_fake_293,clean,0.55,28,674
2026-01-17 04:49:13,google/gemma-2-9b,MMLU_selected_subjects,isot_fake_683,meani,0.374,28,685
2026-01-17 04:55:27,mistralai/Mistral-7B-Instruct-v0.3,MMLU_selected_subjects,isot_fake_293,meani,0.559,28,674
2026-01-17 04:55:44,google/gemma-2-9b,MMLU_selected_subjects,isot_fake_684,clean,0.405,28,383
2026-01-17 05:01:01,mistralai/Mistral-7B-Instruct-v0.3,MMLU_selected_subjects,isot_fake_294,clean,0.537,28,200
2026-01-17 05:02:18,google/gemma-2-9b,MMLU_selected_subjects,isot_fake_684,meani,0.243,28,383
2026-01-17 05:06:37,mistralai/Mistral-7B-Instruct-v0.3,MMLU_selected_subjects,isot_fake_294,meani,0.535,28,200
2026-01-17 05:09:29,google/gemma-2-9b,MMLU_selected_subjects,isot_fake_685,clean,0.513,28,793
2026-01-17 05:12:30,mistralai/Mistral-7B-Instruct-v0.3,MMLU_selected_subjects,isot_fake_295,clean,0.545,28,413
2026-01-17 05:16:42,google/gemma-2-9b,MMLU_selected_subjects,isot_fake_685,meani,0.46,28,793
2026-01-17 05:18:22,mistralai/Mistral-7B-Instruct-v0.3,MMLU_selected_subjects,isot_fake_295,meani,0.54,28,413
2026-01-17 05:23:26,google/gemma-2-9b,MMLU_selected_subjects,isot_fake_686,clean,0.394,28,383
2026-01-17 05:24:17,mistralai/Mistral-7B-Instruct-v0.3,MMLU_selected_subjects,isot_fake_296,clean,0.544,28,454
2026-01-17 05:30:09,google/gemma-2-9b,MMLU_selected_subjects,isot_fake_686,meani,0.365,28,383
2026-01-17 05:30:12,mistralai/Mistral-7B-Instruct-v0.3,MMLU_selected_subjects,isot_fake_296,meani,0.549,28,454
2026-01-17 05:36:35,mistralai/Mistral-7B-Instruct-v0.3,MMLU_selected_subjects,isot_fake_297,clean,0.545,28,728
2026-01-17 05:37:12,google/gemma-2-9b,MMLU_selected_subjects,isot_fake_687,clean,0.432,28,620
2026-01-17 05:42:55,mistralai/Mistral-7B-Instruct-v0.3,MMLU_selected_subjects,isot_fake_297,meani,0.546,28,728
2026-01-17 05:44:15,google/gemma-2-9b,MMLU_selected_subjects,isot_fake_687,meani,0.38,28,620
2026-01-17 05:49:13,mistralai/Mistral-7B-Instruct-v0.3,MMLU_selected_subjects,isot_fake_298,clean,0.544,28,602
2026-01-17 05:51:16,google/gemma-2-9b,MMLU_selected_subjects,isot_fake_688,clean,0.408,28,502
2026-01-17 05:55:25,mistralai/Mistral-7B-Instruct-v0.3,MMLU_selected_subjects,isot_fake_298,meani,0.552,28,602
2026-01-17 05:58:05,google/gemma-2-9b,MMLU_selected_subjects,isot_fake_688,meani,0.303,28,502
2026-01-17 06:01:24,mistralai/Mistral-7B-Instruct-v0.3,MMLU_selected_subjects,isot_fake_299,clean,0.551,28,632
2026-01-17 06:04:30,google/gemma-2-9b,MMLU_selected_subjects,isot_fake_689,clean,0.515,28,437
2026-01-17 06:07:20,mistralai/Mistral-7B-Instruct-v0.3,MMLU_selected_subjects,isot_fake_299,meani,0.554,28,632
2026-01-17 06:10:54,google/gemma-2-9b,MMLU_selected_subjects,isot_fake_689,meani,0.406,28,437
2026-01-17 06:13:08,mistralai/Mistral-7B-Instruct-v0.3,MMLU_selected_subjects,isot_fake_3,clean,0.534,28,465
2026-01-17 06:17:22,google/gemma-2-9b,MMLU_selected_subjects,isot_fake_69,clean,0.545,28,434
2026-01-17 06:18:57,mistralai/Mistral-7B-Instruct-v0.3,MMLU_selected_subjects,isot_fake_3,meani,0.541,28,465
2026-01-17 06:23:52,google/gemma-2-9b,MMLU_selected_subjects,isot_fake_69,meani,0.444,28,434
2026-01-17 06:24:42,mistralai/Mistral-7B-Instruct-v0.3,MMLU_selected_subjects,isot_fake_30,clean,0.555,28,539
2026-01-17 06:30:20,google/gemma-2-9b,MMLU_selected_subjects,isot_fake_690,clean,0.49,28,314
2026-01-17 06:30:38,mistralai/Mistral-7B-Instruct-v0.3,MMLU_selected_subjects,isot_fake_30,meani,0.541,28,539
2026-01-17 06:36:45,google/gemma-2-9b,MMLU_selected_subjects,isot_fake_690,meani,0.395,28,314
2026-01-17 06:36:50,mistralai/Mistral-7B-Instruct-v0.3,MMLU_selected_subjects,isot_fake_300,clean,0.546,28,763
2026-01-17 06:43:01,mistralai/Mistral-7B-Instruct-v0.3,MMLU_selected_subjects,isot_fake_300,meani,0.544,28,763
2026-01-17 06:43:12,google/gemma-2-9b,MMLU_selected_subjects,isot_fake_691,clean,0.518,28,210
2026-01-17 06:48:55,mistralai/Mistral-7B-Instruct-v0.3,MMLU_selected_subjects,isot_fake_301,clean,0.557,28,649
2026-01-17 06:49:37,google/gemma-2-9b,MMLU_selected_subjects,isot_fake_691,meani,0.38,28,210
2026-01-17 06:54:55,mistralai/Mistral-7B-Instruct-v0.3,MMLU_selected_subjects,isot_fake_301,meani,0.557,28,649
2026-01-17 06:55:51,google/gemma-2-9b,MMLU_selected_subjects,isot_fake_692,clean,0.496,28,207
2026-01-17 07:00:50,mistralai/Mistral-7B-Instruct-v0.3,MMLU_selected_subjects,isot_fake_302,clean,0.537,28,418
2026-01-17 07:02:09,google/gemma-2-9b,MMLU_selected_subjects,isot_fake_692,meani,0.429,28,207
2026-01-17 07:06:42,mistralai/Mistral-7B-Instruct-v0.3,MMLU_selected_subjects,isot_fake_302,meani,0.548,28,418
2026-01-17 07:08:37,google/gemma-2-9b,MMLU_selected_subjects,isot_fake_693,clean,0.484,28,261
2026-01-17 07:12:32,mistralai/Mistral-7B-Instruct-v0.3,MMLU_selected_subjects,isot_fake_303,clean,0.556,28,436
2026-01-17 07:15:07,google/gemma-2-9b,MMLU_selected_subjects,isot_fake_693,meani,0.495,28,261
2026-01-17 07:18:23,mistralai/Mistral-7B-Instruct-v0.3,MMLU_selected_subjects,isot_fake_303,meani,0.543,28,436
2026-01-17 07:21:55,google/gemma-2-9b,MMLU_selected_subjects,isot_fake_694,clean,0.405,28,334
2026-01-17 07:24:38,mistralai/Mistral-7B-Instruct-v0.3,MMLU_selected_subjects,isot_fake_304,clean,0.551,28,670
2026-01-17 07:28:45,google/gemma-2-9b,MMLU_selected_subjects,isot_fake_694,meani,0.409,28,334
2026-01-17 07:30:52,mistralai/Mistral-7B-Instruct-v0.3,MMLU_selected_subjects,isot_fake_304,meani,0.538,28,670
2026-01-17 07:35:26,google/gemma-2-9b,MMLU_selected_subjects,isot_fake_695,clean,0.448,28,351
2026-01-17 07:36:43,mistralai/Mistral-7B-Instruct-v0.3,MMLU_selected_subjects,isot_fake_305,clean,0.529,28,356
2026-01-17 07:41:59,google/gemma-2-9b,MMLU_selected_subjects,isot_fake_695,meani,0.266,28,351
2026-01-17 07:42:28,mistralai/Mistral-7B-Instruct-v0.3,MMLU_selected_subjects,isot_fake_305,meani,0.54,28,356
2026-01-17 07:48:08,mistralai/Mistral-7B-Instruct-v0.3,MMLU_selected_subjects,isot_fake_306,clean,0.556,28,436
2026-01-17 07:48:38,google/gemma-2-9b,MMLU_selected_subjects,isot_fake_696,clean,0.428,28,677
2026-01-17 07:53:47,mistralai/Mistral-7B-Instruct-v0.3,MMLU_selected_subjects,isot_fake_306,meani,0.56,28,436
2026-01-17 07:55:16,google/gemma-2-9b,MMLU_selected_subjects,isot_fake_696,meani,0.246,28,677
2026-01-17 07:59:32,mistralai/Mistral-7B-Instruct-v0.3,MMLU_selected_subjects,isot_fake_307,clean,0.548,28,445
2026-01-17 08:02:06,google/gemma-2-9b,MMLU_selected_subjects,isot_fake_697,clean,0.47,28,793
2026-01-17 08:05:14,mistralai/Mistral-7B-Instruct-v0.3,MMLU_selected_subjects,isot_fake_307,meani,0.55,28,445
2026-01-17 08:08:54,google/gemma-2-9b,MMLU_selected_subjects,isot_fake_697,meani,0.398,28,793
2026-01-17 08:10:56,mistralai/Mistral-7B-Instruct-v0.3,MMLU_selected_subjects,isot_fake_308,clean,0.547,28,392
2026-01-17 08:15:46,google/gemma-2-9b,MMLU_selected_subjects,isot_fake_698,clean,0.502,28,715
2026-01-17 08:16:35,mistralai/Mistral-7B-Instruct-v0.3,MMLU_selected_subjects,isot_fake_308,meani,0.538,28,392
2026-01-17 08:22:22,mistralai/Mistral-7B-Instruct-v0.3,MMLU_selected_subjects,isot_fake_309,clean,0.545,28,295
2026-01-17 08:22:43,google/gemma-2-9b,MMLU_selected_subjects,isot_fake_698,meani,0.352,28,715
2026-01-17 08:28:05,mistralai/Mistral-7B-Instruct-v0.3,MMLU_selected_subjects,isot_fake_309,meani,0.542,28,295
2026-01-17 08:29:11,google/gemma-2-9b,MMLU_selected_subjects,isot_fake_699,clean,0.473,28,338
2026-01-17 08:34:24,mistralai/Mistral-7B-Instruct-v0.3,MMLU_selected_subjects,isot_fake_31,clean,0.552,28,786
2026-01-17 08:35:40,google/gemma-2-9b,MMLU_selected_subjects,isot_fake_699,meani,0.384,28,338
2026-01-17 08:40:42,mistralai/Mistral-7B-Instruct-v0.3,MMLU_selected_subjects,isot_fake_31,meani,0.546,28,786
2026-01-17 08:42:20,google/gemma-2-9b,MMLU_selected_subjects,isot_fake_7,clean,0.542,28,284
2026-01-17 08:46:31,mistralai/Mistral-7B-Instruct-v0.3,MMLU_selected_subjects,isot_fake_310,clean,0.546,28,381
2026-01-17 08:48:58,google/gemma-2-9b,MMLU_selected_subjects,isot_fake_7,meani,0.47,28,284
2026-01-17 08:52:19,mistralai/Mistral-7B-Instruct-v0.3,MMLU_selected_subjects,isot_fake_310,meani,0.537,28,381
2026-01-17 08:55:48,google/gemma-2-9b,MMLU_selected_subjects,isot_fake_70,clean,0.469,28,624
2026-01-17 08:58:19,mistralai/Mistral-7B-Instruct-v0.3,MMLU_selected_subjects,isot_fake_311,clean,0.556,28,521
2026-01-17 09:02:43,google/gemma-2-9b,MMLU_selected_subjects,isot_fake_70,meani,0.082,28,624
2026-01-17 09:04:15,mistralai/Mistral-7B-Instruct-v0.3,MMLU_selected_subjects,isot_fake_311,meani,0.557,28,521
2026-01-17 09:09:43,google/gemma-2-9b,MMLU_selected_subjects,isot_fake_700,clean,0.461,28,594
2026-01-17 09:10:39,mistralai/Mistral-7B-Instruct-v0.3,MMLU_selected_subjects,isot_fake_312,clean,0.547,28,596
2026-01-17 09:16:42,google/gemma-2-9b,MMLU_selected_subjects,isot_fake_700,meani,0.444,28,594
2026-01-17 09:17:00,mistralai/Mistral-7B-Instruct-v0.3,MMLU_selected_subjects,isot_fake_312,meani,0.56,28,596
2026-01-17 09:23:26,mistralai/Mistral-7B-Instruct-v0.3,MMLU_selected_subjects,isot_fake_313,clean,0.553,28,737
2026-01-17 09:23:43,google/gemma-2-9b,MMLU_selected_subjects,isot_fake_701,clean,0.499,28,713
2026-01-17 09:29:34,mistralai/Mistral-7B-Instruct-v0.3,MMLU_selected_subjects,isot_fake_313,meani,0.55,28,737
2026-01-17 09:30:23,google/gemma-2-9b,MMLU_selected_subjects,isot_fake_701,meani,0.283,28,713
2026-01-17 09:35:35,mistralai/Mistral-7B-Instruct-v0.3,MMLU_selected_subjects,isot_fake_314,clean,0.537,28,721
2026-01-17 09:36:43,google/gemma-2-9b,MMLU_selected_subjects,isot_fake_702,clean,0.306,28,368
2026-01-17 09:41:36,mistralai/Mistral-7B-Instruct-v0.3,MMLU_selected_subjects,isot_fake_314,meani,0.546,28,721
2026-01-17 09:43:05,google/gemma-2-9b,MMLU_selected_subjects,isot_fake_702,meani,0.325,28,368
2026-01-17 09:47:50,mistralai/Mistral-7B-Instruct-v0.3,MMLU_selected_subjects,isot_fake_315,clean,0.538,28,780
2026-01-17 09:49:24,google/gemma-2-9b,MMLU_selected_subjects,isot_fake_703,clean,0.407,28,327
2026-01-17 09:54:02,mistralai/Mistral-7B-Instruct-v0.3,MMLU_selected_subjects,isot_fake_315,meani,0.55,28,780
2026-01-17 09:55:47,google/gemma-2-9b,MMLU_selected_subjects,isot_fake_703,meani,0.447,28,327
2026-01-17 10:00:04,mistralai/Mistral-7B-Instruct-v0.3,MMLU_selected_subjects,isot_fake_316,clean,0.549,28,644
2026-01-17 10:02:35,google/gemma-2-9b,MMLU_selected_subjects,isot_fake_704,clean,0.527,28,625
2026-01-17 10:06:02,mistralai/Mistral-7B-Instruct-v0.3,MMLU_selected_subjects,isot_fake_316,meani,0.553,28,644
2026-01-17 10:09:28,google/gemma-2-9b,MMLU_selected_subjects,isot_fake_704,meani,0.468,28,625
2026-01-17 10:12:19,mistralai/Mistral-7B-Instruct-v0.3,MMLU_selected_subjects,isot_fake_317,clean,0.537,28,786
2026-01-17 10:15:53,google/gemma-2-9b,MMLU_selected_subjects,isot_fake_705,clean,0.432,28,299
2026-01-17 10:18:35,mistralai/Mistral-7B-Instruct-v0.3,MMLU_selected_subjects,isot_fake_317,meani,0.552,28,786
2026-01-17 10:22:21,google/gemma-2-9b,MMLU_selected_subjects,isot_fake_705,meani,0.424,28,299
2026-01-17 10:24:44,mistralai/Mistral-7B-Instruct-v0.3,MMLU_selected_subjects,isot_fake_318,clean,0.537,28,653
2026-01-17 10:29:10,google/gemma-2-9b,MMLU_selected_subjects,isot_fake_706,clean,0.518,28,357
2026-01-17 10:30:50,mistralai/Mistral-7B-Instruct-v0.3,MMLU_selected_subjects,isot_fake_318,meani,0.549,28,653
2026-01-17 10:35:58,google/gemma-2-9b,MMLU_selected_subjects,isot_fake_706,meani,0.391,28,357
2026-01-17 10:37:04,mistralai/Mistral-7B-Instruct-v0.3,MMLU_selected_subjects,isot_fake_319,clean,0.542,28,773
2026-01-17 10:42:55,google/gemma-2-9b,MMLU_selected_subjects,isot_fake_707,clean,0.496,28,569
2026-01-17 10:43:18,mistralai/Mistral-7B-Instruct-v0.3,MMLU_selected_subjects,isot_fake_319,meani,0.552,28,773
2026-01-17 10:49:31,mistralai/Mistral-7B-Instruct-v0.3,MMLU_selected_subjects,isot_fake_32,clean,0.56,28,494
2026-01-17 10:49:56,google/gemma-2-9b,MMLU_selected_subjects,isot_fake_707,meani,0.469,28,569
2026-01-17 10:55:41,mistralai/Mistral-7B-Instruct-v0.3,MMLU_selected_subjects,isot_fake_32,meani,0.545,28,494
2026-01-17 10:56:39,google/gemma-2-9b,MMLU_selected_subjects,isot_fake_708,clean,0.36,28,297
2026-01-17 11:01:34,mistralai/Mistral-7B-Instruct-v0.3,MMLU_selected_subjects,isot_fake_320,clean,0.539,28,310
2026-01-17 11:03:22,google/gemma-2-9b,MMLU_selected_subjects,isot_fake_708,meani,0.248,28,297
2026-01-17 11:07:25,mistralai/Mistral-7B-Instruct-v0.3,MMLU_selected_subjects,isot_fake_320,meani,0.544,28,310
2026-01-17 11:09:53,google/gemma-2-9b,MMLU_selected_subjects,isot_fake_709,clean,0.49,28,259
2026-01-17 11:13:48,mistralai/Mistral-7B-Instruct-v0.3,MMLU_selected_subjects,isot_fake_321,clean,0.553,28,748
2026-01-17 11:16:05,google/gemma-2-9b,MMLU_selected_subjects,isot_fake_709,meani,0.439,28,259
2026-01-17 11:19:54,mistralai/Mistral-7B-Instruct-v0.3,MMLU_selected_subjects,isot_fake_321,meani,0.553,28,748
2026-01-17 11:23:13,google/gemma-2-9b,MMLU_selected_subjects,isot_fake_71,clean,0.484,28,720
2026-01-17 11:25:52,mistralai/Mistral-7B-Instruct-v0.3,MMLU_selected_subjects,isot_fake_322,clean,0.544,28,558
2026-01-17 11:30:23,google/gemma-2-9b,MMLU_selected_subjects,isot_fake_71,meani,0.324,28,720
2026-01-17 11:31:50,mistralai/Mistral-7B-Instruct-v0.3,MMLU_selected_subjects,isot_fake_322,meani,0.561,28,558
2026-01-17 11:36:51,google/gemma-2-9b,MMLU_selected_subjects,isot_fake_710,clean,0.391,28,282
2026-01-17 11:37:25,mistralai/Mistral-7B-Instruct-v0.3,MMLU_selected_subjects,isot_fake_323,clean,0.548,28,256
2026-01-17 11:42:57,mistralai/Mistral-7B-Instruct-v0.3,MMLU_selected_subjects,isot_fake_323,meani,0.552,28,256
2026-01-17 11:43:22,google/gemma-2-9b,MMLU_selected_subjects,isot_fake_710,meani,0.387,28,282
2026-01-17 11:48:34,mistralai/Mistral-7B-Instruct-v0.3,MMLU_selected_subjects,isot_fake_324,clean,0.546,28,223
2026-01-17 11:49:49,google/gemma-2-9b,MMLU_selected_subjects,isot_fake_711,clean,0.487,28,199
2026-01-17 11:54:10,mistralai/Mistral-7B-Instruct-v0.3,MMLU_selected_subjects,isot_fake_324,meani,0.563,28,223
2026-01-17 11:56:19,google/gemma-2-9b,MMLU_selected_subjects,isot_fake_711,meani,0.422,28,199
2026-01-17 12:00:00,mistralai/Mistral-7B-Instruct-v0.3,MMLU_selected_subjects,isot_fake_325,clean,0.544,28,371
2026-01-17 12:03:29,google/gemma-2-9b,MMLU_selected_subjects,isot_fake_712,clean,0.366,28,751
2026-01-17 12:05:48,mistralai/Mistral-7B-Instruct-v0.3,MMLU_selected_subjects,isot_fake_325,meani,0.55,28,371
2026-01-17 12:10:40,google/gemma-2-9b,MMLU_selected_subjects,isot_fake_712,meani,0.401,28,751
2026-01-17 12:11:48,mistralai/Mistral-7B-Instruct-v0.3,MMLU_selected_subjects,isot_fake_326,clean,0.537,28,521
2026-01-17 12:17:48,mistralai/Mistral-7B-Instruct-v0.3,MMLU_selected_subjects,isot_fake_326,meani,0.548,28,521
2026-01-17 12:17:49,google/gemma-2-9b,MMLU_selected_subjects,isot_fake_713,clean,0.442,28,681
2026-01-17 12:23:25,mistralai/Mistral-7B-Instruct-v0.3,MMLU_selected_subjects,isot_fake_327,clean,0.554,28,218
2026-01-17 12:24:58,google/gemma-2-9b,MMLU_selected_subjects,isot_fake_713,meani,0.288,28,681
2026-01-17 12:29:01,mistralai/Mistral-7B-Instruct-v0.3,MMLU_selected_subjects,isot_fake_327,meani,0.552,28,218
2026-01-17 12:31:44,google/gemma-2-9b,MMLU_selected_subjects,isot_fake_714,clean,0.476,28,360
2026-01-17 12:34:56,mistralai/Mistral-7B-Instruct-v0.3,MMLU_selected_subjects,isot_fake_328,clean,0.559,28,298
2026-01-17 12:38:32,google/gemma-2-9b,MMLU_selected_subjects,isot_fake_714,meani,0.432,28,360
2026-01-17 12:40:50,mistralai/Mistral-7B-Instruct-v0.3,MMLU_selected_subjects,isot_fake_328,meani,0.554,28,298
2026-01-17 12:45:29,google/gemma-2-9b,MMLU_selected_subjects,isot_fake_715,clean,0.521,28,445
2026-01-17 12:46:35,mistralai/Mistral-7B-Instruct-v0.3,MMLU_selected_subjects,isot_fake_329,clean,0.549,28,291
2026-01-17 12:52:21,mistralai/Mistral-7B-Instruct-v0.3,MMLU_selected_subjects,isot_fake_329,meani,0.549,28,291
2026-01-17 12:52:28,google/gemma-2-9b,MMLU_selected_subjects,isot_fake_715,meani,0.422,28,445
2026-01-17 12:58:08,mistralai/Mistral-7B-Instruct-v0.3,MMLU_selected_subjects,isot_fake_33,clean,0.543,28,433
2026-01-17 12:58:45,google/gemma-2-9b,MMLU_selected_subjects,isot_fake_716,clean,0.491,28,214
2026-01-17 13:03:48,mistralai/Mistral-7B-Instruct-v0.3,MMLU_selected_subjects,isot_fake_33,meani,0.55,28,433
2026-01-17 13:04:51,google/gemma-2-9b,MMLU_selected_subjects,isot_fake_716,meani,0.479,28,214
2026-01-17 13:09:51,mistralai/Mistral-7B-Instruct-v0.3,MMLU_selected_subjects,isot_fake_330,clean,0.545,28,748
2026-01-17 13:11:31,google/gemma-2-9b,MMLU_selected_subjects,isot_fake_717,clean,0.446,28,595
2026-01-17 13:15:55,mistralai/Mistral-7B-Instruct-v0.3,MMLU_selected_subjects,isot_fake_330,meani,0.54,28,748
2026-01-17 13:18:14,google/gemma-2-9b,MMLU_selected_subjects,isot_fake_717,meani,0.412,28,595
2026-01-17 13:21:41,mistralai/Mistral-7B-Instruct-v0.3,MMLU_selected_subjects,isot_fake_331,clean,0.547,28,388
2026-01-17 13:24:38,google/gemma-2-9b,MMLU_selected_subjects,isot_fake_718,clean,0.492,28,281
2026-01-17 13:27:22,mistralai/Mistral-7B-Instruct-v0.3,MMLU_selected_subjects,isot_fake_331,meani,0.547,28,388
2026-01-17 13:31:06,google/gemma-2-9b,MMLU_selected_subjects,isot_fake_718,meani,0.499,28,281
2026-01-17 13:33:32,mistralai/Mistral-7B-Instruct-v0.3,MMLU_selected_subjects,isot_fake_332,clean,0.548,28,664
2026-01-17 13:38:13,google/gemma-2-9b,MMLU_selected_subjects,isot_fake_719,clean,0.46,28,795
2026-01-17 13:39:43,mistralai/Mistral-7B-Instruct-v0.3,MMLU_selected_subjects,isot_fake_332,meani,0.54,28,664
2026-01-17 13:45:21,google/gemma-2-9b,MMLU_selected_subjects,isot_fake_719,meani,0.449,28,795
2026-01-17 13:45:27,mistralai/Mistral-7B-Instruct-v0.3,MMLU_selected_subjects,isot_fake_333,clean,0.544,28,355
2026-01-17 13:51:12,mistralai/Mistral-7B-Instruct-v0.3,MMLU_selected_subjects,isot_fake_333,meani,0.546,28,355
2026-01-17 13:51:46,google/gemma-2-9b,MMLU_selected_subjects,isot_fake_72,clean,0.439,28,259
2026-01-17 13:56:59,mistralai/Mistral-7B-Instruct-v0.3,MMLU_selected_subjects,isot_fake_334,clean,0.532,28,284
2026-01-17 13:58:14,google/gemma-2-9b,MMLU_selected_subjects,isot_fake_72,meani,0.394,28,259
2026-01-17 14:02:47,mistralai/Mistral-7B-Instruct-v0.3,MMLU_selected_subjects,isot_fake_334,meani,0.544,28,284
2026-01-17 14:05:21,google/gemma-2-9b,MMLU_selected_subjects,isot_fake_720,clean,0.54,28,709
2026-01-17 14:09:05,mistralai/Mistral-7B-Instruct-v0.3,MMLU_selected_subjects,isot_fake_335,clean,0.546,28,681
2026-01-17 14:12:25,google/gemma-2-9b,MMLU_selected_subjects,isot_fake_720,meani,0.456,28,709
2026-01-17 14:15:19,mistralai/Mistral-7B-Instruct-v0.3,MMLU_selected_subjects,isot_fake_335,meani,0.547,28,681
2026-01-17 14:19:09,google/gemma-2-9b,MMLU_selected_subjects,isot_fake_721,clean,0.407,28,531
2026-01-17 14:21:12,mistralai/Mistral-7B-Instruct-v0.3,MMLU_selected_subjects,isot_fake_336,clean,0.548,28,340
2026-01-17 14:25:57,google/gemma-2-9b,MMLU_selected_subjects,isot_fake_721,meani,0.501,28,531
2026-01-17 14:27:11,mistralai/Mistral-7B-Instruct-v0.3,MMLU_selected_subjects,isot_fake_336,meani,0.557,28,340
2026-01-17 14:33:05,google/gemma-2-9b,MMLU_selected_subjects,isot_fake_722,clean,0.528,28,638
2026-01-17 14:33:20,mistralai/Mistral-7B-Instruct-v0.3,MMLU_selected_subjects,isot_fake_337,clean,0.549,28,540
2026-01-17 14:39:26,mistralai/Mistral-7B-Instruct-v0.3,MMLU_selected_subjects,isot_fake_337,meani,0.547,28,540
2026-01-17 14:40:15,google/gemma-2-9b,MMLU_selected_subjects,isot_fake_722,meani,0.509,28,638
2026-01-17 14:45:47,mistralai/Mistral-7B-Instruct-v0.3,MMLU_selected_subjects,isot_fake_338,clean,0.544,28,747
2026-01-17 14:46:46,google/gemma-2-9b,MMLU_selected_subjects,isot_fake_723,clean,0.508,28,351
2026-01-17 14:52:02,mistralai/Mistral-7B-Instruct-v0.3,MMLU_selected_subjects,isot_fake_338,meani,0.543,28,747
2026-01-17 14:53:13,google/gemma-2-9b,MMLU_selected_subjects,isot_fake_723,meani,0.431,28,351
2026-01-17 14:58:00,mistralai/Mistral-7B-Instruct-v0.3,MMLU_selected_subjects,isot_fake_339,clean,0.555,28,290
2026-01-17 15:00:21,google/gemma-2-9b,MMLU_selected_subjects,isot_fake_724,clean,0.523,28,724
2026-01-17 15:04:14,mistralai/Mistral-7B-Instruct-v0.3,MMLU_selected_subjects,isot_fake_339,meani,0.549,28,290
2026-01-17 15:08:26,google/gemma-2-9b,MMLU_selected_subjects,isot_fake_724,meani,0.483,28,724
2026-01-17 15:10:21,mistralai/Mistral-7B-Instruct-v0.3,MMLU_selected_subjects,isot_fake_34,clean,0.552,28,267
2026-01-17 15:15:38,google/gemma-2-9b,MMLU_selected_subjects,isot_fake_725,clean,0.543,28,543
2026-01-17 15:16:00,mistralai/Mistral-7B-Instruct-v0.3,MMLU_selected_subjects,isot_fake_34,meani,0.547,28,267
2026-01-17 15:21:55,mistralai/Mistral-7B-Instruct-v0.3,MMLU_selected_subjects,isot_fake_340,clean,0.544,28,608
2026-01-17 15:22:24,google/gemma-2-9b,MMLU_selected_subjects,isot_fake_725,meani,0.422,28,543
2026-01-17 15:27:53,mistralai/Mistral-7B-Instruct-v0.3,MMLU_selected_subjects,isot_fake_340,meani,0.549,28,608
2026-01-17 15:29:08,google/gemma-2-9b,MMLU_selected_subjects,isot_fake_726,clean,0.361,28,519
2026-01-17 15:33:20,mistralai/Mistral-7B-Instruct-v0.3,MMLU_selected_subjects,isot_fake_341,clean,0.543,28,229
2026-01-17 15:35:57,google/gemma-2-9b,MMLU_selected_subjects,isot_fake_726,meani,0.22,28,519
2026-01-17 15:38:52,mistralai/Mistral-7B-Instruct-v0.3,MMLU_selected_subjects,isot_fake_341,meani,0.542,28,229
2026-01-17 15:42:12,google/gemma-2-9b,MMLU_selected_subjects,isot_fake_727,clean,0.513,28,205
2026-01-17 15:44:56,mistralai/Mistral-7B-Instruct-v0.3,MMLU_selected_subjects,isot_fake_342,clean,0.549,28,615
2026-01-17 15:48:31,google/gemma-2-9b,MMLU_selected_subjects,isot_fake_727,meani,0.491,28,205
2026-01-17 15:50:59,mistralai/Mistral-7B-Instruct-v0.3,MMLU_selected_subjects,isot_fake_342,meani,0.544,28,615
2026-01-17 15:54:56,google/gemma-2-9b,MMLU_selected_subjects,isot_fake_728,clean,0.336,28,259
2026-01-17 15:57:08,mistralai/Mistral-7B-Instruct-v0.3,MMLU_selected_subjects,isot_fake_343,clean,0.545,28,609
2026-01-17 16:00:46,google/gemma-2-9b,MMLU_selected_subjects,isot_fake_728,meani,0.122,28,259
2026-01-17 16:03:15,mistralai/Mistral-7B-Instruct-v0.3,MMLU_selected_subjects,isot_fake_343,meani,0.553,28,609
2026-01-17 16:07:14,google/gemma-2-9b,MMLU_selected_subjects,isot_fake_729,clean,0.482,28,304
2026-01-17 16:09:48,mistralai/Mistral-7B-Instruct-v0.3,MMLU_selected_subjects,isot_fake_344,clean,0.546,28,754
2026-01-17 16:13:45,google/gemma-2-9b,MMLU_selected_subjects,isot_fake_729,meani,0.395,28,304
2026-01-17 16:16:18,mistralai/Mistral-7B-Instruct-v0.3,MMLU_selected_subjects,isot_fake_344,meani,0.549,28,754
2026-01-17 16:19:44,google/gemma-2-9b,MMLU_selected_subjects,isot_fake_73,clean,0.136,28,439
2026-01-17 16:22:03,mistralai/Mistral-7B-Instruct-v0.3,MMLU_selected_subjects,isot_fake_345,clean,0.544,28,297
2026-01-17 16:26:39,google/gemma-2-9b,MMLU_selected_subjects,isot_fake_73,meani,0.392,28,439
2026-01-17 16:27:46,mistralai/Mistral-7B-Instruct-v0.3,MMLU_selected_subjects,isot_fake_345,meani,0.547,28,297
2026-01-17 16:32:52,google/gemma-2-9b,MMLU_selected_subjects,isot_fake_730,clean,0.514,28,207
2026-01-17 16:33:30,mistralai/Mistral-7B-Instruct-v0.3,MMLU_selected_subjects,isot_fake_346,clean,0.557,28,511
2026-01-17 16:39:07,google/gemma-2-9b,MMLU_selected_subjects,isot_fake_730,meani,0.418,28,207
2026-01-17 16:39:17,mistralai/Mistral-7B-Instruct-v0.3,MMLU_selected_subjects,isot_fake_346,meani,0.558,28,511
2026-01-17 16:44:54,mistralai/Mistral-7B-Instruct-v0.3,MMLU_selected_subjects,isot_fake_347,clean,0.54,28,340
2026-01-17 16:45:53,google/gemma-2-9b,MMLU_selected_subjects,isot_fake_731,clean,0.488,28,707
2026-01-17 16:50:32,mistralai/Mistral-7B-Instruct-v0.3,MMLU_selected_subjects,isot_fake_347,meani,0.558,28,340
2026-01-17 16:52:41,google/gemma-2-9b,MMLU_selected_subjects,isot_fake_731,meani,0.336,28,707
2026-01-17 16:56:28,mistralai/Mistral-7B-Instruct-v0.3,MMLU_selected_subjects,isot_fake_348,clean,0.55,28,481
2026-01-17 16:59:10,google/gemma-2-9b,MMLU_selected_subjects,isot_fake_732,clean,0.545,28,415
2026-01-17 17:02:20,mistralai/Mistral-7B-Instruct-v0.3,MMLU_selected_subjects,isot_fake_348,meani,0.539,28,481
2026-01-17 17:05:41,google/gemma-2-9b,MMLU_selected_subjects,isot_fake_732,meani,0.414,28,415
2026-01-17 17:08:29,mistralai/Mistral-7B-Instruct-v0.3,MMLU_selected_subjects,isot_fake_349,clean,0.555,28,742
2026-01-17 17:12:30,google/gemma-2-9b,MMLU_selected_subjects,isot_fake_733,clean,0.449,28,593
2026-01-17 17:14:40,mistralai/Mistral-7B-Instruct-v0.3,MMLU_selected_subjects,isot_fake_349,meani,0.551,28,742
2026-01-17 17:19:18,google/gemma-2-9b,MMLU_selected_subjects,isot_fake_733,meani,0.439,28,593
2026-01-17 17:20:44,mistralai/Mistral-7B-Instruct-v0.3,MMLU_selected_subjects,isot_fake_35,clean,0.551,28,621
2026-01-17 17:25:43,google/gemma-2-9b,MMLU_selected_subjects,isot_fake_734,clean,0.507,28,264
2026-01-17 17:26:47,mistralai/Mistral-7B-Instruct-v0.3,MMLU_selected_subjects,isot_fake_35,meani,0.537,28,621
2026-01-17 17:32:11,google/gemma-2-9b,MMLU_selected_subjects,isot_fake_734,meani,0.513,28,264
2026-01-17 17:33:06,mistralai/Mistral-7B-Instruct-v0.3,MMLU_selected_subjects,isot_fake_350,clean,0.553,28,587
2026-01-17 17:39:10,google/gemma-2-9b,MMLU_selected_subjects,isot_fake_735,clean,0.467,28,721
2026-01-17 17:39:23,mistralai/Mistral-7B-Instruct-v0.3,MMLU_selected_subjects,isot_fake_350,meani,0.547,28,587
2026-01-17 17:45:37,mistralai/Mistral-7B-Instruct-v0.3,MMLU_selected_subjects,isot_fake_351,clean,0.554,28,644
2026-01-17 17:46:12,google/gemma-2-9b,MMLU_selected_subjects,isot_fake_735,meani,0.493,28,721
2026-01-17 17:51:47,mistralai/Mistral-7B-Instruct-v0.3,MMLU_selected_subjects,isot_fake_351,meani,0.555,28,644
2026-01-17 17:52:35,google/gemma-2-9b,MMLU_selected_subjects,isot_fake_736,clean,0.519,28,230
2026-01-17 17:57:53,mistralai/Mistral-7B-Instruct-v0.3,MMLU_selected_subjects,isot_fake_352,clean,0.54,28,578
2026-01-17 17:59:03,google/gemma-2-9b,MMLU_selected_subjects,isot_fake_736,meani,0.51,28,230
2026-01-17 18:03:59,mistralai/Mistral-7B-Instruct-v0.3,MMLU_selected_subjects,isot_fake_352,meani,0.54,28,578
2026-01-17 18:06:18,google/gemma-2-9b,MMLU_selected_subjects,isot_fake_737,clean,0.415,28,785
2026-01-17 18:10:19,mistralai/Mistral-7B-Instruct-v0.3,MMLU_selected_subjects,isot_fake_353,clean,0.545,28,650
2026-01-17 18:13:32,google/gemma-2-9b,MMLU_selected_subjects,isot_fake_737,meani,0.398,28,785
2026-01-17 18:16:39,mistralai/Mistral-7B-Instruct-v0.3,MMLU_selected_subjects,isot_fake_353,meani,0.553,28,650
2026-01-17 18:19:45,google/gemma-2-9b,MMLU_selected_subjects,isot_fake_738,clean,0.367,28,207
2026-01-17 18:22:29,mistralai/Mistral-7B-Instruct-v0.3,MMLU_selected_subjects,isot_fake_354,clean,0.558,28,718
2026-01-17 18:25:57,google/gemma-2-9b,MMLU_selected_subjects,isot_fake_738,meani,0.3,28,207
2026-01-17 18:28:15,mistralai/Mistral-7B-Instruct-v0.3,MMLU_selected_subjects,isot_fake_354,meani,0.556,28,718
2026-01-17 18:32:27,google/gemma-2-9b,MMLU_selected_subjects,isot_fake_739,clean,0.529,28,529
2026-01-17 18:34:35,mistralai/Mistral-7B-Instruct-v0.3,MMLU_selected_subjects,isot_fake_355,clean,0.554,28,698
2026-01-17 18:39:00,google/gemma-2-9b,MMLU_selected_subjects,isot_fake_739,meani,0.522,28,529
2026-01-17 18:40:54,mistralai/Mistral-7B-Instruct-v0.3,MMLU_selected_subjects,isot_fake_355,meani,0.548,28,698
2026-01-17 18:45:53,google/gemma-2-9b,MMLU_selected_subjects,isot_fake_74,clean,0.45,28,755
2026-01-17 18:46:55,mistralai/Mistral-7B-Instruct-v0.3,MMLU_selected_subjects,isot_fake_356,clean,0.545,28,587
2026-01-17 18:52:47,google/gemma-2-9b,MMLU_selected_subjects,isot_fake_74,meani,0.312,28,755
2026-01-17 18:52:52,mistralai/Mistral-7B-Instruct-v0.3,MMLU_selected_subjects,isot_fake_356,meani,0.548,28,587
2026-01-17 18:59:07,google/gemma-2-9b,MMLU_selected_subjects,isot_fake_740,clean,0.381,28,264
2026-01-17 18:59:31,mistralai/Mistral-7B-Instruct-v0.3,MMLU_selected_subjects,isot_fake_357,clean,0.55,28,688
2026-01-17 19:05:27,google/gemma-2-9b,MMLU_selected_subjects,isot_fake_740,meani,0.425,28,264
2026-01-17 19:06:05,mistralai/Mistral-7B-Instruct-v0.3,MMLU_selected_subjects,isot_fake_357,meani,0.542,28,688
2026-01-17 19:11:56,mistralai/Mistral-7B-Instruct-v0.3,MMLU_selected_subjects,isot_fake_358,clean,0.548,28,394
2026-01-17 19:12:03,google/gemma-2-9b,MMLU_selected_subjects,isot_fake_741,clean,0.544,28,392
2026-01-17 19:17:48,mistralai/Mistral-7B-Instruct-v0.3,MMLU_selected_subjects,isot_fake_358,meani,0.541,28,394
2026-01-17 19:18:43,google/gemma-2-9b,MMLU_selected_subjects,isot_fake_741,meani,0.475,28,392
2026-01-17 19:24:04,mistralai/Mistral-7B-Instruct-v0.3,MMLU_selected_subjects,isot_fake_359,clean,0.541,28,780
2026-01-17 19:25:03,google/gemma-2-9b,MMLU_selected_subjects,isot_fake_742,clean,0.413,28,235
2026-01-17 19:30:20,mistralai/Mistral-7B-Instruct-v0.3,MMLU_selected_subjects,isot_fake_359,meani,0.538,28,780
2026-01-17 19:31:27,google/gemma-2-9b,MMLU_selected_subjects,isot_fake_742,meani,0.392,28,235
2026-01-17 19:36:34,mistralai/Mistral-7B-Instruct-v0.3,MMLU_selected_subjects,isot_fake_36,clean,0.528,28,748
2026-01-17 19:37:46,google/gemma-2-9b,MMLU_selected_subjects,isot_fake_743,clean,0.383,28,208
2026-01-17 19:42:48,mistralai/Mistral-7B-Instruct-v0.3,MMLU_selected_subjects,isot_fake_36,meani,0.533,28,748
2026-01-17 19:44:10,google/gemma-2-9b,MMLU_selected_subjects,isot_fake_743,meani,0.343,28,208
2026-01-17 19:48:35,mistralai/Mistral-7B-Instruct-v0.3,MMLU_selected_subjects,isot_fake_360,clean,0.543,28,345
2026-01-17 19:51:04,google/gemma-2-9b,MMLU_selected_subjects,isot_fake_744,clean,0.537,28,530
2026-01-17 19:54:26,mistralai/Mistral-7B-Instruct-v0.3,MMLU_selected_subjects,isot_fake_360,meani,0.548,28,345
2026-01-17 19:57:55,google/gemma-2-9b,MMLU_selected_subjects,isot_fake_744,meani,0.428,28,530
2026-01-17 20:00:32,mistralai/Mistral-7B-Instruct-v0.3,MMLU_selected_subjects,isot_fake_361,clean,0.529,28,567
2026-01-17 20:04:52,google/gemma-2-9b,MMLU_selected_subjects,isot_fake_745,clean,0.411,28,569
2026-01-17 20:06:24,mistralai/Mistral-7B-Instruct-v0.3,MMLU_selected_subjects,isot_fake_361,meani,0.543,28,567
2026-01-17 20:11:41,google/gemma-2-9b,MMLU_selected_subjects,isot_fake_745,meani,0.379,28,569
2026-01-17 20:12:36,mistralai/Mistral-7B-Instruct-v0.3,MMLU_selected_subjects,isot_fake_362,clean,0.541,28,765
2026-01-17 20:18:35,google/gemma-2-9b,MMLU_selected_subjects,isot_fake_746,clean,0.522,28,678
2026-01-17 20:18:43,mistralai/Mistral-7B-Instruct-v0.3,MMLU_selected_subjects,isot_fake_362,meani,0.543,28,765
2026-01-17 20:24:55,mistralai/Mistral-7B-Instruct-v0.3,MMLU_selected_subjects,isot_fake_363,clean,0.545,28,706
2026-01-17 20:25:25,google/gemma-2-9b,MMLU_selected_subjects,isot_fake_746,meani,0.451,28,678
2026-01-17 20:31:06,mistralai/Mistral-7B-Instruct-v0.3,MMLU_selected_subjects,isot_fake_363,meani,0.547,28,706
2026-01-17 20:32:20,google/gemma-2-9b,MMLU_selected_subjects,isot_fake_747,clean,0.456,28,743
2026-01-17 20:37:14,mistralai/Mistral-7B-Instruct-v0.3,MMLU_selected_subjects,isot_fake_364,clean,0.543,28,656
2026-01-17 20:39:16,google/gemma-2-9b,MMLU_selected_subjects,isot_fake_747,meani,0.32,28,743
2026-01-17 20:43:16,mistralai/Mistral-7B-Instruct-v0.3,MMLU_selected_subjects,isot_fake_364,meani,0.543,28,656
2026-01-17 20:46:04,google/gemma-2-9b,MMLU_selected_subjects,isot_fake_748,clean,0.381,28,702
2026-01-17 20:49:06,mistralai/Mistral-7B-Instruct-v0.3,MMLU_selected_subjects,isot_fake_365,clean,0.542,28,452
2026-01-17 20:53:02,google/gemma-2-9b,MMLU_selected_subjects,isot_fake_748,meani,0.275,28,702
2026-01-17 20:54:59,mistralai/Mistral-7B-Instruct-v0.3,MMLU_selected_subjects,isot_fake_365,meani,0.537,28,452
2026-01-17 20:59:23,google/gemma-2-9b,MMLU_selected_subjects,isot_fake_749,clean,0.477,28,256
2026-01-17 21:01:05,mistralai/Mistral-7B-Instruct-v0.3,MMLU_selected_subjects,isot_fake_366,clean,0.539,28,660
2026-01-17 21:05:48,google/gemma-2-9b,MMLU_selected_subjects,isot_fake_749,meani,0.435,28,256
2026-01-17 21:07:11,mistralai/Mistral-7B-Instruct-v0.3,MMLU_selected_subjects,isot_fake_366,meani,0.553,28,660
2026-01-17 21:12:48,google/gemma-2-9b,MMLU_selected_subjects,isot_fake_75,clean,0.452,28,681
2026-01-17 21:13:01,mistralai/Mistral-7B-Instruct-v0.3,MMLU_selected_subjects,isot_fake_367,clean,0.552,28,461
2026-01-17 21:18:54,mistralai/Mistral-7B-Instruct-v0.3,MMLU_selected_subjects,isot_fake_367,meani,0.547,28,461
2026-01-17 21:19:51,google/gemma-2-9b,MMLU_selected_subjects,isot_fake_75,meani,0.433,28,681
2026-01-17 21:25:07,mistralai/Mistral-7B-Instruct-v0.3,MMLU_selected_subjects,isot_fake_368,clean,0.537,28,684
2026-01-17 21:26:32,google/gemma-2-9b,MMLU_selected_subjects,isot_fake_750,clean,0.437,28,508
2026-01-17 21:31:22,mistralai/Mistral-7B-Instruct-v0.3,MMLU_selected_subjects,isot_fake_368,meani,0.553,28,684
2026-01-17 21:33:13,google/gemma-2-9b,MMLU_selected_subjects,isot_fake_750,meani,0.456,28,508
2026-01-17 21:37:02,mistralai/Mistral-7B-Instruct-v0.3,MMLU_selected_subjects,isot_fake_369,clean,0.55,28,265
2026-01-17 21:40:07,google/gemma-2-9b,MMLU_selected_subjects,isot_fake_751,clean,0.319,28,444
2026-01-17 21:42:45,mistralai/Mistral-7B-Instruct-v0.3,MMLU_selected_subjects,isot_fake_369,meani,0.558,28,265
2026-01-17 21:47:04,google/gemma-2-9b,MMLU_selected_subjects,isot_fake_751,meani,0.363,28,444
2026-01-17 21:48:36,mistralai/Mistral-7B-Instruct-v0.3,MMLU_selected_subjects,isot_fake_37,clean,0.544,28,427
2026-01-17 21:53:14,google/gemma-2-9b,MMLU_selected_subjects,isot_fake_752,clean,0.432,28,237
2026-01-17 21:54:18,mistralai/Mistral-7B-Instruct-v0.3,MMLU_selected_subjects,isot_fake_37,meani,0.54,28,427
2026-01-17 21:59:22,google/gemma-2-9b,MMLU_selected_subjects,isot_fake_752,meani,0.472,28,237
2026-01-17 22:00:06,mistralai/Mistral-7B-Instruct-v0.3,MMLU_selected_subjects,isot_fake_370,clean,0.546,28,333
2026-01-17 22:05:53,mistralai/Mistral-7B-Instruct-v0.3,MMLU_selected_subjects,isot_fake_370,meani,0.558,28,333
2026-01-17 22:06:11,google/gemma-2-9b,MMLU_selected_subjects,isot_fake_753,clean,0.298,28,736
2026-01-17 22:11:55,mistralai/Mistral-7B-Instruct-v0.3,MMLU_selected_subjects,isot_fake_371,clean,0.55,28,585
2026-01-17 22:13:02,google/gemma-2-9b,MMLU_selected_subjects,isot_fake_753,meani,0.342,28,736
2026-01-17 22:17:53,mistralai/Mistral-7B-Instruct-v0.3,MMLU_selected_subjects,isot_fake_371,meani,0.564,28,585
2026-01-17 22:19:50,google/gemma-2-9b,MMLU_selected_subjects,isot_fake_754,clean,0.402,28,642
2026-01-17 22:24:10,mistralai/Mistral-7B-Instruct-v0.3,MMLU_selected_subjects,isot_fake_372,clean,0.546,28,778
2026-01-17 22:26:41,google/gemma-2-9b,MMLU_selected_subjects,isot_fake_754,meani,0.309,28,642
2026-01-17 22:30:23,mistralai/Mistral-7B-Instruct-v0.3,MMLU_selected_subjects,isot_fake_372,meani,0.545,28,778
2026-01-17 22:33:30,google/gemma-2-9b,MMLU_selected_subjects,isot_fake_755,clean,0.555,28,658
2026-01-17 22:36:11,mistralai/Mistral-7B-Instruct-v0.3,MMLU_selected_subjects,isot_fake_373,clean,0.559,28,298
2026-01-17 22:40:23,google/gemma-2-9b,MMLU_selected_subjects,isot_fake_755,meani,0.505,28,658
2026-01-17 22:41:52,mistralai/Mistral-7B-Instruct-v0.3,MMLU_selected_subjects,isot_fake_373,meani,0.544,28,298
2026-01-17 22:47:41,google/gemma-2-9b,MMLU_selected_subjects,isot_fake_756,clean,0.479,28,713
2026-01-17 22:48:00,mistralai/Mistral-7B-Instruct-v0.3,MMLU_selected_subjects,isot_fake_374,clean,0.546,28,721
2026-01-17 22:54:06,mistralai/Mistral-7B-Instruct-v0.3,MMLU_selected_subjects,isot_fake_374,meani,0.546,28,721
2026-01-17 22:55:01,google/gemma-2-9b,MMLU_selected_subjects,isot_fake_756,meani,0.411,28,713
2026-01-17 22:59:54,mistralai/Mistral-7B-Instruct-v0.3,MMLU_selected_subjects,isot_fake_375,clean,0.543,28,342
2026-01-17 23:01:36,google/gemma-2-9b,MMLU_selected_subjects,isot_fake_757,clean,0.559,28,348
2026-01-17 23:05:39,mistralai/Mistral-7B-Instruct-v0.3,MMLU_selected_subjects,isot_fake_375,meani,0.546,28,342
2026-01-17 23:08:10,google/gemma-2-9b,MMLU_selected_subjects,isot_fake_757,meani,0.516,28,348
2026-01-17 23:11:21,mistralai/Mistral-7B-Instruct-v0.3,MMLU_selected_subjects,isot_fake_376,clean,0.553,28,208
2026-01-17 23:15:03,google/gemma-2-9b,MMLU_selected_subjects,isot_fake_758,clean,0.444,28,604
2026-01-17 23:17:05,mistralai/Mistral-7B-Instruct-v0.3,MMLU_selected_subjects,isot_fake_376,meani,0.55,28,208
2026-01-17 23:22:00,google/gemma-2-9b,MMLU_selected_subjects,isot_fake_758,meani,0.438,28,604
2026-01-17 23:23:29,mistralai/Mistral-7B-Instruct-v0.3,MMLU_selected_subjects,isot_fake_377,clean,0.545,28,738
2026-01-17 23:28:44,google/gemma-2-9b,MMLU_selected_subjects,isot_fake_759,clean,0.493,28,435
2026-01-17 23:29:43,mistralai/Mistral-7B-Instruct-v0.3,MMLU_selected_subjects,isot_fake_377,meani,0.553,28,738
2026-01-17 23:35:31,google/gemma-2-9b,MMLU_selected_subjects,isot_fake_759,meani,0.491,28,435
2026-01-17 23:35:58,mistralai/Mistral-7B-Instruct-v0.3,MMLU_selected_subjects,isot_fake_378,clean,0.56,28,494
2026-01-17 23:41:48,google/gemma-2-9b,MMLU_selected_subjects,isot_fake_76,clean,0.364,28,236
2026-01-17 23:41:50,mistralai/Mistral-7B-Instruct-v0.3,MMLU_selected_subjects,isot_fake_378,meani,0.545,28,494
2026-01-17 23:47:26,mistralai/Mistral-7B-Instruct-v0.3,MMLU_selected_subjects,isot_fake_379,clean,0.549,28,396
2026-01-17 23:48:20,google/gemma-2-9b,MMLU_selected_subjects,isot_fake_76,meani,0.274,28,236
2026-01-17 23:53:05,mistralai/Mistral-7B-Instruct-v0.3,MMLU_selected_subjects,isot_fake_379,meani,0.545,28,396
2026-01-17 23:55:38,google/gemma-2-9b,MMLU_selected_subjects,isot_fake_760,clean,0.519,28,644
2026-01-17 23:58:57,mistralai/Mistral-7B-Instruct-v0.3,MMLU_selected_subjects,isot_fake_38,clean,0.543,28,467
2026-01-18 00:02:50,google/gemma-2-9b,MMLU_selected_subjects,isot_fake_760,meani,0.324,28,644
2026-01-18 00:04:49,mistralai/Mistral-7B-Instruct-v0.3,MMLU_selected_subjects,isot_fake_38,meani,0.539,28,467
2026-01-18 00:09:08,google/gemma-2-9b,MMLU_selected_subjects,isot_fake_761,clean,0.492,28,226
2026-01-18 00:10:54,mistralai/Mistral-7B-Instruct-v0.3,MMLU_selected_subjects,isot_fake_380,clean,0.539,28,637
2026-01-18 00:15:23,google/gemma-2-9b,MMLU_selected_subjects,isot_fake_761,meani,0.493,28,226
2026-01-18 00:16:57,mistralai/Mistral-7B-Instruct-v0.3,MMLU_selected_subjects,isot_fake_380,meani,0.545,28,637
2026-01-18 00:22:15,google/gemma-2-9b,MMLU_selected_subjects,isot_fake_762,clean,0.337,28,483
2026-01-18 00:22:27,mistralai/Mistral-7B-Instruct-v0.3,MMLU_selected_subjects,isot_fake_381,clean,0.548,28,206
2026-01-18 00:27:55,mistralai/Mistral-7B-Instruct-v0.3,MMLU_selected_subjects,isot_fake_381,meani,0.549,28,206
2026-01-18 00:29:07,google/gemma-2-9b,MMLU_selected_subjects,isot_fake_762,meani,0.211,28,483
2026-01-18 00:34:17,mistralai/Mistral-7B-Instruct-v0.3,MMLU_selected_subjects,isot_fake_382,clean,0.554,28,791
2026-01-18 00:36:13,google/gemma-2-9b,MMLU_selected_subjects,isot_fake_763,clean,0.482,28,745
2026-01-18 00:40:32,mistralai/Mistral-7B-Instruct-v0.3,MMLU_selected_subjects,isot_fake_382,meani,0.55,28,791
2026-01-18 00:42:50,google/gemma-2-9b,MMLU_selected_subjects,isot_fake_763,meani,0.307,28,745
2026-01-18 00:46:46,mistralai/Mistral-7B-Instruct-v0.3,MMLU_selected_subjects,isot_fake_383,clean,0.546,28,679
2026-01-18 00:49:40,google/gemma-2-9b,MMLU_selected_subjects,isot_fake_764,clean,0.524,28,456
2026-01-18 00:53:00,mistralai/Mistral-7B-Instruct-v0.3,MMLU_selected_subjects,isot_fake_383,meani,0.54,28,679
2026-01-18 00:56:25,google/gemma-2-9b,MMLU_selected_subjects,isot_fake_764,meani,0.487,28,456
2026-01-18 00:59:22,mistralai/Mistral-7B-Instruct-v0.3,MMLU_selected_subjects,isot_fake_384,clean,0.536,28,791
2026-01-18 01:03:01,google/gemma-2-9b,MMLU_selected_subjects,isot_fake_765,clean,0.351,28,251
2026-01-18 01:05:45,mistralai/Mistral-7B-Instruct-v0.3,MMLU_selected_subjects,isot_fake_384,meani,0.533,28,791
2026-01-18 01:09:39,google/gemma-2-9b,MMLU_selected_subjects,isot_fake_765,meani,0.295,28,251
2026-01-18 01:11:52,mistralai/Mistral-7B-Instruct-v0.3,MMLU_selected_subjects,isot_fake_385,clean,0.543,28,612
2026-01-18 01:16:22,google/gemma-2-9b,MMLU_selected_subjects,isot_fake_766,clean,0.518,28,357
2026-01-18 01:17:57,mistralai/Mistral-7B-Instruct-v0.3,MMLU_selected_subjects,isot_fake_385,meani,0.549,28,612
2026-01-18 01:23:08,google/gemma-2-9b,MMLU_selected_subjects,isot_fake_766,meani,0.447,28,357
2026-01-18 01:23:53,mistralai/Mistral-7B-Instruct-v0.3,MMLU_selected_subjects,isot_fake_386,clean,0.548,28,549
2026-01-18 01:29:27,google/gemma-2-9b,MMLU_selected_subjects,isot_fake_767,clean,0.456,28,306
2026-01-18 01:29:35,mistralai/Mistral-7B-Instruct-v0.3,MMLU_selected_subjects,isot_fake_386,meani,0.561,28,549
2026-01-18 01:35:21,mistralai/Mistral-7B-Instruct-v0.3,MMLU_selected_subjects,isot_fake_387,clean,0.536,28,556
2026-01-18 01:35:45,google/gemma-2-9b,MMLU_selected_subjects,isot_fake_767,meani,0.443,28,306
2026-01-18 01:41:00,mistralai/Mistral-7B-Instruct-v0.3,MMLU_selected_subjects,isot_fake_387,meani,0.554,28,556
2026-01-18 01:42:00,google/gemma-2-9b,MMLU_selected_subjects,isot_fake_768,clean,0.43,28,222
2026-01-18 01:46:34,mistralai/Mistral-7B-Instruct-v0.3,MMLU_selected_subjects,isot_fake_388,clean,0.545,28,277
2026-01-18 01:48:16,google/gemma-2-9b,MMLU_selected_subjects,isot_fake_768,meani,0.392,28,222
2026-01-18 01:52:10,mistralai/Mistral-7B-Instruct-v0.3,MMLU_selected_subjects,isot_fake_388,meani,0.544,28,277
2026-01-18 01:54:39,google/gemma-2-9b,MMLU_selected_subjects,isot_fake_769,clean,0.497,28,350
2026-01-18 01:58:19,mistralai/Mistral-7B-Instruct-v0.3,MMLU_selected_subjects,isot_fake_389,clean,0.543,28,691
2026-01-18 02:01:06,google/gemma-2-9b,MMLU_selected_subjects,isot_fake_769,meani,0.259,28,350
2026-01-18 02:04:28,mistralai/Mistral-7B-Instruct-v0.3,MMLU_selected_subjects,isot_fake_389,meani,0.539,28,691
2026-01-18 02:07:39,google/gemma-2-9b,MMLU_selected_subjects,isot_fake_77,clean,0.478,28,427
2026-01-18 02:10:27,mistralai/Mistral-7B-Instruct-v0.3,MMLU_selected_subjects,isot_fake_39,clean,0.544,28,589
2026-01-18 02:14:14,google/gemma-2-9b,MMLU_selected_subjects,isot_fake_77,meani,0.444,28,427
2026-01-18 02:16:23,mistralai/Mistral-7B-Instruct-v0.3,MMLU_selected_subjects,isot_fake_39,meani,0.549,28,589
2026-01-18 02:20:48,google/gemma-2-9b,MMLU_selected_subjects,isot_fake_770,clean,0.471,28,432
2026-01-18 02:22:25,mistralai/Mistral-7B-Instruct-v0.3,MMLU_selected_subjects,isot_fake_390,clean,0.55,28,511
2026-01-18 02:27:24,google/gemma-2-9b,MMLU_selected_subjects,isot_fake_770,meani,0.439,28,432
2026-01-18 02:28:24,mistralai/Mistral-7B-Instruct-v0.3,MMLU_selected_subjects,isot_fake_390,meani,0.546,28,511
2026-01-18 02:33:46,google/gemma-2-9b,MMLU_selected_subjects,isot_fake_771,clean,0.524,28,209
2026-01-18 02:34:58,mistralai/Mistral-7B-Instruct-v0.3,MMLU_selected_subjects,isot_fake_391,clean,0.533,28,738
2026-01-18 02:40:09,google/gemma-2-9b,MMLU_selected_subjects,isot_fake_771,meani,0.316,28,209
2026-01-18 02:41:24,mistralai/Mistral-7B-Instruct-v0.3,MMLU_selected_subjects,isot_fake_391,meani,0.533,28,738
2026-01-18 02:47:00,google/gemma-2-9b,MMLU_selected_subjects,isot_fake_772,clean,0.501,28,624
2026-01-18 02:47:27,mistralai/Mistral-7B-Instruct-v0.3,MMLU_selected_subjects,isot_fake_392,clean,0.538,28,651
2026-01-18 02:53:32,mistralai/Mistral-7B-Instruct-v0.3,MMLU_selected_subjects,isot_fake_392,meani,0.539,28,651
2026-01-18 02:53:54,google/gemma-2-9b,MMLU_selected_subjects,isot_fake_772,meani,0.465,28,624
2026-01-18 03:00:33,mistralai/Mistral-7B-Instruct-v0.3,MMLU_selected_subjects,isot_fake_393,clean,0.548,28,749
2026-01-18 03:00:42,google/gemma-2-9b,MMLU_selected_subjects,isot_fake_773,clean,0.39,28,500
2026-01-18 03:07:19,mistralai/Mistral-7B-Instruct-v0.3,MMLU_selected_subjects,isot_fake_393,meani,0.546,28,749
2026-01-18 03:07:32,google/gemma-2-9b,MMLU_selected_subjects,isot_fake_773,meani,0.33,28,500
2026-01-18 03:13:26,mistralai/Mistral-7B-Instruct-v0.3,MMLU_selected_subjects,isot_fake_394,clean,0.547,28,716
2026-01-18 03:13:56,google/gemma-2-9b,MMLU_selected_subjects,isot_fake_774,clean,0.393,28,371
2026-01-18 03:19:35,mistralai/Mistral-7B-Instruct-v0.3,MMLU_selected_subjects,isot_fake_394,meani,0.539,28,716
2026-01-18 03:20:14,google/gemma-2-9b,MMLU_selected_subjects,isot_fake_774,meani,0.331,28,371
2026-01-18 03:25:53,mistralai/Mistral-7B-Instruct-v0.3,MMLU_selected_subjects,isot_fake_395,clean,0.547,28,759
2026-01-18 03:26:33,google/gemma-2-9b,MMLU_selected_subjects,isot_fake_775,clean,0.534,28,371
2026-01-18 03:32:06,mistralai/Mistral-7B-Instruct-v0.3,MMLU_selected_subjects,isot_fake_395,meani,0.545,28,759
2026-01-18 03:32:54,google/gemma-2-9b,MMLU_selected_subjects,isot_fake_775,meani,0.455,28,371
2026-01-18 03:38:09,mistralai/Mistral-7B-Instruct-v0.3,MMLU_selected_subjects,isot_fake_396,clean,0.562,28,549
2026-01-18 03:39:37,google/gemma-2-9b,MMLU_selected_subjects,isot_fake_776,clean,0.48,28,648
2026-01-18 03:44:08,mistralai/Mistral-7B-Instruct-v0.3,MMLU_selected_subjects,isot_fake_396,meani,0.553,28,549
2026-01-18 03:46:22,google/gemma-2-9b,MMLU_selected_subjects,isot_fake_776,meani,0.257,28,648
2026-01-18 03:50:20,mistralai/Mistral-7B-Instruct-v0.3,MMLU_selected_subjects,isot_fake_397,clean,0.546,28,640
2026-01-18 03:52:51,google/gemma-2-9b,MMLU_selected_subjects,isot_fake_777,clean,0.533,28,356
2026-01-18 03:56:26,mistralai/Mistral-7B-Instruct-v0.3,MMLU_selected_subjects,isot_fake_397,meani,0.541,28,640
2026-01-18 03:59:18,google/gemma-2-9b,MMLU_selected_subjects,isot_fake_777,meani,0.456,28,356
2026-01-18 04:02:31,mistralai/Mistral-7B-Instruct-v0.3,MMLU_selected_subjects,isot_fake_398,clean,0.541,28,595
2026-01-18 04:06:06,google/gemma-2-9b,MMLU_selected_subjects,isot_fake_778,clean,0.42,28,661
2026-01-18 04:08:33,mistralai/Mistral-7B-Instruct-v0.3,MMLU_selected_subjects,isot_fake_398,meani,0.534,28,595
2026-01-18 04:12:56,google/gemma-2-9b,MMLU_selected_subjects,isot_fake_778,meani,0.387,28,661
2026-01-18 04:14:16,mistralai/Mistral-7B-Instruct-v0.3,MMLU_selected_subjects,isot_fake_399,clean,0.538,28,322
2026-01-18 04:19:21,google/gemma-2-9b,MMLU_selected_subjects,isot_fake_779,clean,0.507,28,245
2026-01-18 04:19:57,mistralai/Mistral-7B-Instruct-v0.3,MMLU_selected_subjects,isot_fake_399,meani,0.548,28,322
2026-01-18 04:25:37,mistralai/Mistral-7B-Instruct-v0.3,MMLU_selected_subjects,isot_fake_4,clean,0.546,28,345
2026-01-18 04:25:43,google/gemma-2-9b,MMLU_selected_subjects,isot_fake_779,meani,0.493,28,245
2026-01-18 04:31:17,mistralai/Mistral-7B-Instruct-v0.3,MMLU_selected_subjects,isot_fake_4,meani,0.552,28,345
2026-01-18 04:32:52,google/gemma-2-9b,MMLU_selected_subjects,isot_fake_78,clean,0.491,28,746
2026-01-18 04:37:31,mistralai/Mistral-7B-Instruct-v0.3,MMLU_selected_subjects,isot_fake_40,clean,0.543,28,656
2026-01-18 04:40:03,google/gemma-2-9b,MMLU_selected_subjects,isot_fake_78,meani,0.386,28,746
2026-01-18 04:43:38,mistralai/Mistral-7B-Instruct-v0.3,MMLU_selected_subjects,isot_fake_40,meani,0.543,28,656
2026-01-18 04:46:53,google/gemma-2-9b,MMLU_selected_subjects,isot_fake_780,clean,0.452,28,432
2026-01-18 04:49:25,mistralai/Mistral-7B-Instruct-v0.3,MMLU_selected_subjects,isot_fake_400,clean,0.549,28,206
2026-01-18 04:53:41,google/gemma-2-9b,MMLU_selected_subjects,isot_fake_780,meani,0.428,28,432
2026-01-18 04:55:06,mistralai/Mistral-7B-Instruct-v0.3,MMLU_selected_subjects,isot_fake_400,meani,0.546,28,206
2026-01-18 05:00:09,google/gemma-2-9b,MMLU_selected_subjects,isot_fake_781,clean,0.336,28,259
2026-01-18 05:01:12,mistralai/Mistral-7B-Instruct-v0.3,MMLU_selected_subjects,isot_fake_401,clean,0.549,28,649
2026-01-18 05:06:19,google/gemma-2-9b,MMLU_selected_subjects,isot_fake_781,meani,0.114,28,259
2026-01-18 05:07:14,mistralai/Mistral-7B-Instruct-v0.3,MMLU_selected_subjects,isot_fake_401,meani,0.543,28,649
2026-01-18 05:13:31,google/gemma-2-9b,MMLU_selected_subjects,isot_fake_782,clean,0.398,28,749
2026-01-18 05:13:38,mistralai/Mistral-7B-Instruct-v0.3,MMLU_selected_subjects,isot_fake_402,clean,0.542,28,729
2026-01-18 05:19:56,mistralai/Mistral-7B-Instruct-v0.3,MMLU_selected_subjects,isot_fake_402,meani,0.543,28,729
2026-01-18 05:20:43,google/gemma-2-9b,MMLU_selected_subjects,isot_fake_782,meani,0.296,28,749
2026-01-18 05:25:52,mistralai/Mistral-7B-Instruct-v0.3,MMLU_selected_subjects,isot_fake_403,clean,0.545,28,551
2026-01-18 05:27:12,google/gemma-2-9b,MMLU_selected_subjects,isot_fake_783,clean,0.472,28,304
2026-01-18 05:31:42,mistralai/Mistral-7B-Instruct-v0.3,MMLU_selected_subjects,isot_fake_403,meani,0.561,28,551
2026-01-18 05:33:45,google/gemma-2-9b,MMLU_selected_subjects,isot_fake_783,meani,0.401,28,304
2026-01-18 05:37:26,mistralai/Mistral-7B-Instruct-v0.3,MMLU_selected_subjects,isot_fake_404,clean,0.539,28,432
2026-01-18 05:40:03,google/gemma-2-9b,MMLU_selected_subjects,isot_fake_784,clean,0.472,28,282
2026-01-18 05:43:13,mistralai/Mistral-7B-Instruct-v0.3,MMLU_selected_subjects,isot_fake_404,meani,0.544,28,432
2026-01-18 05:46:26,google/gemma-2-9b,MMLU_selected_subjects,isot_fake_784,meani,0.389,28,282
2026-01-18 05:49:11,mistralai/Mistral-7B-Instruct-v0.3,MMLU_selected_subjects,isot_fake_405,clean,0.552,28,485
2026-01-18 05:53:16,google/gemma-2-9b,MMLU_selected_subjects,isot_fake_785,clean,0.469,28,689
2026-01-18 05:55:03,mistralai/Mistral-7B-Instruct-v0.3,MMLU_selected_subjects,isot_fake_405,meani,0.542,28,485
2026-01-18 06:00:10,google/gemma-2-9b,MMLU_selected_subjects,isot_fake_785,meani,0.45,28,689
2026-01-18 06:01:11,mistralai/Mistral-7B-Instruct-v0.3,MMLU_selected_subjects,isot_fake_406,clean,0.545,28,587
2026-01-18 06:07:10,google/gemma-2-9b,MMLU_selected_subjects,isot_fake_786,clean,0.516,28,686
2026-01-18 06:07:11,mistralai/Mistral-7B-Instruct-v0.3,MMLU_selected_subjects,isot_fake_406,meani,0.549,28,587
2026-01-18 06:13:22,mistralai/Mistral-7B-Instruct-v0.3,MMLU_selected_subjects,isot_fake_407,clean,0.545,28,685
2026-01-18 06:14:08,google/gemma-2-9b,MMLU_selected_subjects,isot_fake_786,meani,0.461,28,686
2026-01-18 06:19:31,mistralai/Mistral-7B-Instruct-v0.3,MMLU_selected_subjects,isot_fake_407,meani,0.547,28,685
2026-01-18 06:21:05,google/gemma-2-9b,MMLU_selected_subjects,isot_fake_787,clean,0.521,28,652
2026-01-18 06:25:29,mistralai/Mistral-7B-Instruct-v0.3,MMLU_selected_subjects,isot_fake_408,clean,0.553,28,447
2026-01-18 06:28:09,google/gemma-2-9b,MMLU_selected_subjects,isot_fake_787,meani,0.446,28,652
2026-01-18 06:31:23,mistralai/Mistral-7B-Instruct-v0.3,MMLU_selected_subjects,isot_fake_408,meani,0.539,28,447
2026-01-18 06:35:00,google/gemma-2-9b,MMLU_selected_subjects,isot_fake_788,clean,0.385,28,382
2026-01-18 06:37:17,mistralai/Mistral-7B-Instruct-v0.3,MMLU_selected_subjects,isot_fake_409,clean,0.541,28,379
2026-01-18 06:41:49,google/gemma-2-9b,MMLU_selected_subjects,isot_fake_788,meani,0.243,28,382
2026-01-18 06:43:10,mistralai/Mistral-7B-Instruct-v0.3,MMLU_selected_subjects,isot_fake_409,meani,0.551,28,379
2026-01-18 06:48:21,google/gemma-2-9b,MMLU_selected_subjects,isot_fake_789,clean,0.397,28,547
2026-01-18 06:48:55,mistralai/Mistral-7B-Instruct-v0.3,MMLU_selected_subjects,isot_fake_41,clean,0.542,28,429
2026-01-18 06:54:38,mistralai/Mistral-7B-Instruct-v0.3,MMLU_selected_subjects,isot_fake_41,meani,0.551,28,429
2026-01-18 06:54:49,google/gemma-2-9b,MMLU_selected_subjects,isot_fake_789,meani,0.275,28,547
2026-01-18 07:00:13,mistralai/Mistral-7B-Instruct-v0.3,MMLU_selected_subjects,isot_fake_410,clean,0.551,28,222
2026-01-18 07:01:32,google/gemma-2-9b,MMLU_selected_subjects,isot_fake_79,clean,0.53,28,550
2026-01-18 07:05:48,mistralai/Mistral-7B-Instruct-v0.3,MMLU_selected_subjects,isot_fake_410,meani,0.556,28,222
2026-01-18 07:08:15,google/gemma-2-9b,MMLU_selected_subjects,isot_fake_79,meani,0.432,28,550
2026-01-18 07:11:49,mistralai/Mistral-7B-Instruct-v0.3,MMLU_selected_subjects,isot_fake_411,clean,0.561,28,709
2026-01-18 07:14:55,google/gemma-2-9b,MMLU_selected_subjects,isot_fake_790,clean,0.467,28,536
2026-01-18 07:17:49,mistralai/Mistral-7B-Instruct-v0.3,MMLU_selected_subjects,isot_fake_411,meani,0.551,28,709
2026-01-18 07:21:35,google/gemma-2-9b,MMLU_selected_subjects,isot_fake_790,meani,0.438,28,536
2026-01-18 07:24:17,mistralai/Mistral-7B-Instruct-v0.3,MMLU_selected_subjects,isot_fake_412,clean,0.547,28,793
2026-01-18 07:28:21,google/gemma-2-9b,MMLU_selected_subjects,isot_fake_791,clean,0.389,28,586
2026-01-18 07:30:42,mistralai/Mistral-7B-Instruct-v0.3,MMLU_selected_subjects,isot_fake_412,meani,0.542,28,793
2026-01-18 07:35:09,google/gemma-2-9b,MMLU_selected_subjects,isot_fake_791,meani,0.27,28,586
2026-01-18 07:37:03,mistralai/Mistral-7B-Instruct-v0.3,MMLU_selected_subjects,isot_fake_413,clean,0.545,28,715
2026-01-18 07:41:44,google/gemma-2-9b,MMLU_selected_subjects,isot_fake_792,clean,0.425,28,460
2026-01-18 07:43:15,mistralai/Mistral-7B-Instruct-v0.3,MMLU_selected_subjects,isot_fake_413,meani,0.536,28,715
2026-01-18 07:48:18,google/gemma-2-9b,MMLU_selected_subjects,isot_fake_792,meani,0.361,28,460
2026-01-18 07:49:33,mistralai/Mistral-7B-Instruct-v0.3,MMLU_selected_subjects,isot_fake_414,clean,0.546,28,709
2026-01-18 07:55:07,google/gemma-2-9b,MMLU_selected_subjects,isot_fake_793,clean,0.529,28,648
2026-01-18 07:55:51,mistralai/Mistral-7B-Instruct-v0.3,MMLU_selected_subjects,isot_fake_414,meani,0.536,28,709
2026-01-18 08:01:54,google/gemma-2-9b,MMLU_selected_subjects,isot_fake_793,meani,0.433,28,648
2026-01-18 08:01:57,mistralai/Mistral-7B-Instruct-v0.3,MMLU_selected_subjects,isot_fake_415,clean,0.548,28,403
2026-01-18 08:08:04,mistralai/Mistral-7B-Instruct-v0.3,MMLU_selected_subjects,isot_fake_415,meani,0.551,28,403
2026-01-18 08:08:39,google/gemma-2-9b,MMLU_selected_subjects,isot_fake_794,clean,0.517,28,404
2026-01-18 08:14:02,mistralai/Mistral-7B-Instruct-v0.3,MMLU_selected_subjects,isot_fake_416,clean,0.568,28,347
2026-01-18 08:15:27,google/gemma-2-9b,MMLU_selected_subjects,isot_fake_794,meani,0.441,28,404
2026-01-18 08:20:03,mistralai/Mistral-7B-Instruct-v0.3,MMLU_selected_subjects,isot_fake_416,meani,0.557,28,347
2026-01-18 08:22:00,google/gemma-2-9b,MMLU_selected_subjects,isot_fake_795,clean,0.489,28,256
2026-01-18 08:25:45,mistralai/Mistral-7B-Instruct-v0.3,MMLU_selected_subjects,isot_fake_417,clean,0.551,28,247
2026-01-18 08:28:31,google/gemma-2-9b,MMLU_selected_subjects,isot_fake_795,meani,0.44,28,256
2026-01-18 08:31:24,mistralai/Mistral-7B-Instruct-v0.3,MMLU_selected_subjects,isot_fake_417,meani,0.546,28,247
2026-01-18 08:35:05,google/gemma-2-9b,MMLU_selected_subjects,isot_fake_796,clean,0.498,28,475
2026-01-18 08:37:05,mistralai/Mistral-7B-Instruct-v0.3,MMLU_selected_subjects,isot_fake_418,clean,0.545,28,409
2026-01-18 08:41:32,google/gemma-2-9b,MMLU_selected_subjects,isot_fake_796,meani,0.346,28,475
2026-01-18 08:42:41,mistralai/Mistral-7B-Instruct-v0.3,MMLU_selected_subjects,isot_fake_418,meani,0.546,28,409
2026-01-18 08:47:40,google/gemma-2-9b,MMLU_selected_subjects,isot_fake_797,clean,0.476,28,237
2026-01-18 08:48:06,mistralai/Mistral-7B-Instruct-v0.3,MMLU_selected_subjects,isot_fake_419,clean,0.547,28,234
2026-01-18 08:53:32,mistralai/Mistral-7B-Instruct-v0.3,MMLU_selected_subjects,isot_fake_419,meani,0.562,28,234
2026-01-18 08:53:53,google/gemma-2-9b,MMLU_selected_subjects,isot_fake_797,meani,0.373,28,237
2026-01-18 08:59:02,mistralai/Mistral-7B-Instruct-v0.3,MMLU_selected_subjects,isot_fake_42,clean,0.528,28,244
2026-01-18 09:00:49,google/gemma-2-9b,MMLU_selected_subjects,isot_fake_798,clean,0.437,28,740
2026-01-18 09:04:34,mistralai/Mistral-7B-Instruct-v0.3,MMLU_selected_subjects,isot_fake_42,meani,0.555,28,244
2026-01-18 09:07:44,google/gemma-2-9b,MMLU_selected_subjects,isot_fake_798,meani,0.37,28,740
2026-01-18 09:10:45,mistralai/Mistral-7B-Instruct-v0.3,MMLU_selected_subjects,isot_fake_420,clean,0.539,28,784
2026-01-18 09:14:15,google/gemma-2-9b,MMLU_selected_subjects,isot_fake_799,clean,0.493,28,435
2026-01-18 09:16:57,mistralai/Mistral-7B-Instruct-v0.3,MMLU_selected_subjects,isot_fake_420,meani,0.546,28,784
2026-01-18 09:20:47,google/gemma-2-9b,MMLU_selected_subjects,isot_fake_799,meani,0.47,28,435
2026-01-18 09:22:59,mistralai/Mistral-7B-Instruct-v0.3,MMLU_selected_subjects,isot_fake_421,clean,0.554,28,566
2026-01-18 09:27:37,google/gemma-2-9b,MMLU_selected_subjects,isot_fake_8,clean,0.53,28,578
2026-01-18 09:29:03,mistralai/Mistral-7B-Instruct-v0.3,MMLU_selected_subjects,isot_fake_421,meani,0.542,28,566
2026-01-18 09:34:30,google/gemma-2-9b,MMLU_selected_subjects,isot_fake_8,meani,0.385,28,578
2026-01-18 09:34:46,mistralai/Mistral-7B-Instruct-v0.3,MMLU_selected_subjects,isot_fake_422,clean,0.553,28,314
2026-01-18 09:40:19,mistralai/Mistral-7B-Instruct-v0.3,MMLU_selected_subjects,isot_fake_422,meani,0.548,28,314
2026-01-18 09:40:53,google/gemma-2-9b,MMLU_selected_subjects,isot_fake_80,clean,0.467,28,282
2026-01-18 09:46:15,mistralai/Mistral-7B-Instruct-v0.3,MMLU_selected_subjects,isot_fake_423,clean,0.543,28,496
2026-01-18 09:47:19,google/gemma-2-9b,MMLU_selected_subjects,isot_fake_80,meani,0.373,28,282
2026-01-18 09:52:08,mistralai/Mistral-7B-Instruct-v0.3,MMLU_selected_subjects,isot_fake_423,meani,0.546,28,496
2026-01-18 09:54:26,google/gemma-2-9b,MMLU_selected_subjects,isot_fake_800,clean,0.433,28,780
2026-01-18 09:58:05,mistralai/Mistral-7B-Instruct-v0.3,MMLU_selected_subjects,isot_fake_424,clean,0.543,28,526
2026-01-18 10:01:37,google/gemma-2-9b,MMLU_selected_subjects,isot_fake_800,meani,0.49,28,780
2026-01-18 10:04:01,mistralai/Mistral-7B-Instruct-v0.3,MMLU_selected_subjects,isot_fake_424,meani,0.562,28,526
2026-01-18 10:08:47,google/gemma-2-9b,MMLU_selected_subjects,isot_fake_801,clean,0.327,28,751
2026-01-18 10:10:00,mistralai/Mistral-7B-Instruct-v0.3,MMLU_selected_subjects,isot_fake_425,clean,0.544,28,501
2026-01-18 10:15:52,google/gemma-2-9b,MMLU_selected_subjects,isot_fake_801,meani,0.426,28,751
2026-01-18 10:15:55,mistralai/Mistral-7B-Instruct-v0.3,MMLU_selected_subjects,isot_fake_425,meani,0.544,28,501
2026-01-18 10:21:29,mistralai/Mistral-7B-Instruct-v0.3,MMLU_selected_subjects,isot_fake_426,clean,0.548,28,208
2026-01-18 10:22:48,google/gemma-2-9b,MMLU_selected_subjects,isot_fake_802,clean,0.556,28,629
2026-01-18 10:26:55,mistralai/Mistral-7B-Instruct-v0.3,MMLU_selected_subjects,isot_fake_426,meani,0.548,28,208
2026-01-18 10:29:34,google/gemma-2-9b,MMLU_selected_subjects,isot_fake_802,meani,0.463,28,629
2026-01-18 10:32:48,mistralai/Mistral-7B-Instruct-v0.3,MMLU_selected_subjects,isot_fake_427,clean,0.538,28,516
2026-01-18 10:36:18,google/gemma-2-9b,MMLU_selected_subjects,isot_fake_803,clean,0.547,28,678
2026-01-18 10:38:43,mistralai/Mistral-7B-Instruct-v0.3,MMLU_selected_subjects,isot_fake_427,meani,0.546,28,516
2026-01-18 10:43:05,google/gemma-2-9b,MMLU_selected_subjects,isot_fake_803,meani,0.414,28,678
2026-01-18 10:44:44,mistralai/Mistral-7B-Instruct-v0.3,MMLU_selected_subjects,isot_fake_428,clean,0.54,28,643
2026-01-18 10:49:33,google/gemma-2-9b,MMLU_selected_subjects,isot_fake_804,clean,0.407,28,531
2026-01-18 10:50:44,mistralai/Mistral-7B-Instruct-v0.3,MMLU_selected_subjects,isot_fake_428,meani,0.547,28,643
2026-01-18 10:56:01,google/gemma-2-9b,MMLU_selected_subjects,isot_fake_804,meani,0.477,28,531
2026-01-18 10:56:30,mistralai/Mistral-7B-Instruct-v0.3,MMLU_selected_subjects,isot_fake_429,clean,0.534,28,465
2026-01-18 11:02:20,mistralai/Mistral-7B-Instruct-v0.3,MMLU_selected_subjects,isot_fake_429,meani,0.55,28,465
2026-01-18 11:02:51,google/gemma-2-9b,MMLU_selected_subjects,isot_fake_805,clean,0.306,28,675
2026-01-18 11:08:01,mistralai/Mistral-7B-Instruct-v0.3,MMLU_selected_subjects,isot_fake_43,clean,0.568,28,211
2026-01-18 11:09:39,google/gemma-2-9b,MMLU_selected_subjects,isot_fake_805,meani,0.13,28,675
2026-01-18 11:13:36,mistralai/Mistral-7B-Instruct-v0.3,MMLU_selected_subjects,isot_fake_43,meani,0.548,28,211
2026-01-18 11:16:42,google/gemma-2-9b,MMLU_selected_subjects,isot_fake_806,clean,0.462,28,761
2026-01-18 11:19:41,mistralai/Mistral-7B-Instruct-v0.3,MMLU_selected_subjects,isot_fake_430,clean,0.551,28,632
2026-01-18 11:23:47,google/gemma-2-9b,MMLU_selected_subjects,isot_fake_806,meani,0.514,28,761
2026-01-18 11:25:40,mistralai/Mistral-7B-Instruct-v0.3,MMLU_selected_subjects,isot_fake_430,meani,0.554,28,632
2026-01-18 11:30:17,google/gemma-2-9b,MMLU_selected_subjects,isot_fake_807,clean,0.521,28,249
2026-01-18 11:31:29,mistralai/Mistral-7B-Instruct-v0.3,MMLU_selected_subjects,isot_fake_431,clean,0.549,28,327
2026-01-18 11:36:47,google/gemma-2-9b,MMLU_selected_subjects,isot_fake_807,meani,0.365,28,249
2026-01-18 11:37:18,mistralai/Mistral-7B-Instruct-v0.3,MMLU_selected_subjects,isot_fake_431,meani,0.549,28,327
2026-01-18 11:43:06,mistralai/Mistral-7B-Instruct-v0.3,MMLU_selected_subjects,isot_fake_432,clean,0.559,28,215
2026-01-18 11:43:23,google/gemma-2-9b,MMLU_selected_subjects,isot_fake_808,clean,0.422,28,308
2026-01-18 11:48:52,mistralai/Mistral-7B-Instruct-v0.3,MMLU_selected_subjects,isot_fake_432,meani,0.544,28,215
2026-01-18 11:50:05,google/gemma-2-9b,MMLU_selected_subjects,isot_fake_808,meani,0.396,28,308
2026-01-18 11:55:16,mistralai/Mistral-7B-Instruct-v0.3,MMLU_selected_subjects,isot_fake_433,clean,0.553,28,785
2026-01-18 11:56:47,google/gemma-2-9b,MMLU_selected_subjects,isot_fake_809,clean,0.412,28,248
2026-01-18 12:01:39,mistralai/Mistral-7B-Instruct-v0.3,MMLU_selected_subjects,isot_fake_433,meani,0.544,28,785
2026-01-18 12:03:32,google/gemma-2-9b,MMLU_selected_subjects,isot_fake_809,meani,0.202,28,248
2026-01-18 12:07:17,mistralai/Mistral-7B-Instruct-v0.3,MMLU_selected_subjects,isot_fake_434,clean,0.554,28,200
2026-01-18 12:10:19,google/gemma-2-9b,MMLU_selected_subjects,isot_fake_81,clean,0.519,28,609
2026-01-18 12:12:38,mistralai/Mistral-7B-Instruct-v0.3,MMLU_selected_subjects,isot_fake_434,meani,0.553,28,200
2026-01-18 12:17:02,google/gemma-2-9b,MMLU_selected_subjects,isot_fake_81,meani,0.348,28,609
2026-01-18 12:18:40,mistralai/Mistral-7B-Instruct-v0.3,MMLU_selected_subjects,isot_fake_435,clean,0.549,28,737
2026-01-18 12:23:43,google/gemma-2-9b,MMLU_selected_subjects,isot_fake_810,clean,0.528,28,525
2026-01-18 12:24:47,mistralai/Mistral-7B-Instruct-v0.3,MMLU_selected_subjects,isot_fake_435,meani,0.544,28,737
2026-01-18 12:30:34,google/gemma-2-9b,MMLU_selected_subjects,isot_fake_810,meani,0.424,28,525
2026-01-18 12:30:59,mistralai/Mistral-7B-Instruct-v0.3,MMLU_selected_subjects,isot_fake_436,clean,0.542,28,654
2026-01-18 12:37:10,mistralai/Mistral-7B-Instruct-v0.3,MMLU_selected_subjects,isot_fake_436,meani,0.543,28,654
2026-01-18 12:37:36,google/gemma-2-9b,MMLU_selected_subjects,isot_fake_811,clean,0.517,28,641
2026-01-18 12:42:54,mistralai/Mistral-7B-Instruct-v0.3,MMLU_selected_subjects,isot_fake_437,clean,0.563,28,212
2026-01-18 12:44:38,google/gemma-2-9b,MMLU_selected_subjects,isot_fake_811,meani,0.4,28,641
2026-01-18 12:48:40,mistralai/Mistral-7B-Instruct-v0.3,MMLU_selected_subjects,isot_fake_437,meani,0.552,28,212
2026-01-18 12:52:08,google/gemma-2-9b,MMLU_selected_subjects,isot_fake_812,clean,0.45,28,726
2026-01-18 12:54:31,mistralai/Mistral-7B-Instruct-v0.3,MMLU_selected_subjects,isot_fake_438,clean,0.542,28,334
2026-01-18 12:59:40,google/gemma-2-9b,MMLU_selected_subjects,isot_fake_812,meani,0.255,28,726
2026-01-18 13:00:22,mistralai/Mistral-7B-Instruct-v0.3,MMLU_selected_subjects,isot_fake_438,meani,0.556,28,334
2026-01-18 13:06:32,mistralai/Mistral-7B-Instruct-v0.3,MMLU_selected_subjects,isot_fake_439,clean,0.544,28,490
2026-01-18 13:06:45,google/gemma-2-9b,MMLU_selected_subjects,isot_fake_813,clean,0.445,28,754
2026-01-18 13:12:34,mistralai/Mistral-7B-Instruct-v0.3,MMLU_selected_subjects,isot_fake_439,meani,0.548,28,490
2026-01-18 13:13:50,google/gemma-2-9b,MMLU_selected_subjects,isot_fake_813,meani,0.384,28,754
2026-01-18 13:18:25,mistralai/Mistral-7B-Instruct-v0.3,MMLU_selected_subjects,isot_fake_44,clean,0.54,28,335
2026-01-18 13:20:19,google/gemma-2-9b,MMLU_selected_subjects,isot_fake_814,clean,0.484,28,247
2026-01-18 13:24:14,mistralai/Mistral-7B-Instruct-v0.3,MMLU_selected_subjects,isot_fake_44,meani,0.549,28,335
2026-01-18 13:26:52,google/gemma-2-9b,MMLU_selected_subjects,isot_fake_814,meani,0.312,28,247
2026-01-18 13:30:19,mistralai/Mistral-7B-Instruct-v0.3,MMLU_selected_subjects,isot_fake_440,clean,0.538,28,529
2026-01-18 13:33:38,google/gemma-2-9b,MMLU_selected_subjects,isot_fake_815,clean,0.46,28,205
2026-01-18 13:36:19,mistralai/Mistral-7B-Instruct-v0.3,MMLU_selected_subjects,isot_fake_440,meani,0.54,28,529
2026-01-18 13:40:25,google/gemma-2-9b,MMLU_selected_subjects,isot_fake_815,meani,0.3,28,205
2026-01-18 13:42:32,mistralai/Mistral-7B-Instruct-v0.3,MMLU_selected_subjects,isot_fake_441,clean,0.544,28,541
2026-01-18 13:47:25,google/gemma-2-9b,MMLU_selected_subjects,isot_fake_816,clean,0.396,28,594
2026-01-18 13:48:35,mistralai/Mistral-7B-Instruct-v0.3,MMLU_selected_subjects,isot_fake_441,meani,0.551,28,541
2026-01-18 13:54:13,google/gemma-2-9b,MMLU_selected_subjects,isot_fake_816,meani,0.336,28,594
2026-01-18 13:54:33,mistralai/Mistral-7B-Instruct-v0.3,MMLU_selected_subjects,isot_fake_442,clean,0.544,28,514
2026-01-18 14:00:23,mistralai/Mistral-7B-Instruct-v0.3,MMLU_selected_subjects,isot_fake_442,meani,0.54,28,514
2026-01-18 14:00:29,google/gemma-2-9b,MMLU_selected_subjects,isot_fake_817,clean,0.474,28,303
2026-01-18 14:06:09,mistralai/Mistral-7B-Instruct-v0.3,MMLU_selected_subjects,isot_fake_443,clean,0.539,28,480
2026-01-18 14:06:47,google/gemma-2-9b,MMLU_selected_subjects,isot_fake_817,meani,0.389,28,303
2026-01-18 14:11:54,mistralai/Mistral-7B-Instruct-v0.3,MMLU_selected_subjects,isot_fake_443,meani,0.547,28,480
2026-01-18 14:13:34,google/gemma-2-9b,MMLU_selected_subjects,isot_fake_818,clean,0.334,28,653
2026-01-18 14:18:11,mistralai/Mistral-7B-Instruct-v0.3,MMLU_selected_subjects,isot_fake_444,clean,0.552,28,678
2026-01-18 14:20:21,google/gemma-2-9b,MMLU_selected_subjects,isot_fake_818,meani,0.354,28,653
2026-01-18 14:24:18,mistralai/Mistral-7B-Instruct-v0.3,MMLU_selected_subjects,isot_fake_444,meani,0.553,28,678
2026-01-18 14:26:45,google/gemma-2-9b,MMLU_selected_subjects,isot_fake_819,clean,0.417,28,253
2026-01-18 14:30:30,mistralai/Mistral-7B-Instruct-v0.3,MMLU_selected_subjects,isot_fake_445,clean,0.545,28,723
2026-01-18 14:33:11,google/gemma-2-9b,MMLU_selected_subjects,isot_fake_819,meani,0.314,28,253
2026-01-18 14:36:43,mistralai/Mistral-7B-Instruct-v0.3,MMLU_selected_subjects,isot_fake_445,meani,0.543,28,723
2026-01-18 14:39:49,google/gemma-2-9b,MMLU_selected_subjects,isot_fake_82,clean,0.561,28,452
2026-01-18 14:43:01,mistralai/Mistral-7B-Instruct-v0.3,MMLU_selected_subjects,isot_fake_446,clean,0.545,28,793
2026-01-18 14:46:26,google/gemma-2-9b,MMLU_selected_subjects,isot_fake_82,meani,0.49,28,452
2026-01-18 14:49:13,mistralai/Mistral-7B-Instruct-v0.3,MMLU_selected_subjects,isot_fake_446,meani,0.551,28,793
2026-01-18 14:53:18,google/gemma-2-9b,MMLU_selected_subjects,isot_fake_820,clean,0.536,28,483
2026-01-18 14:54:58,mistralai/Mistral-7B-Instruct-v0.3,MMLU_selected_subjects,isot_fake_447,clean,0.543,28,417
2026-01-18 15:00:16,google/gemma-2-9b,MMLU_selected_subjects,isot_fake_820,meani,0.421,28,483
2026-01-18 15:00:46,mistralai/Mistral-7B-Instruct-v0.3,MMLU_selected_subjects,isot_fake_447,meani,0.541,28,417
2026-01-18 15:06:40,mistralai/Mistral-7B-Instruct-v0.3,MMLU_selected_subjects,isot_fake_448,clean,0.541,28,440
2026-01-18 15:07:11,google/gemma-2-9b,MMLU_selected_subjects,isot_fake_821,clean,0.479,28,518
2026-01-18 15:12:30,mistralai/Mistral-7B-Instruct-v0.3,MMLU_selected_subjects,isot_fake_448,meani,0.548,28,440
2026-01-18 15:14:02,google/gemma-2-9b,MMLU_selected_subjects,isot_fake_821,meani,0.486,28,518
2026-01-18 15:18:05,mistralai/Mistral-7B-Instruct-v0.3,MMLU_selected_subjects,isot_fake_449,clean,0.546,28,217
2026-01-18 15:21:17,google/gemma-2-9b,MMLU_selected_subjects,isot_fake_822,clean,0.543,28,793
2026-01-18 15:23:42,mistralai/Mistral-7B-Instruct-v0.3,MMLU_selected_subjects,isot_fake_449,meani,0.557,28,217
2026-01-18 15:28:37,google/gemma-2-9b,MMLU_selected_subjects,isot_fake_822,meani,0.365,28,793
2026-01-18 15:29:21,mistralai/Mistral-7B-Instruct-v0.3,MMLU_selected_subjects,isot_fake_45,clean,0.558,28,211
2026-01-18 15:34:55,mistralai/Mistral-7B-Instruct-v0.3,MMLU_selected_subjects,isot_fake_45,meani,0.55,28,211
2026-01-18 15:35:30,google/gemma-2-9b,MMLU_selected_subjects,isot_fake_823,clean,0.494,28,510
2026-01-18 15:41:00,mistralai/Mistral-7B-Instruct-v0.3,MMLU_selected_subjects,isot_fake_450,clean,0.541,28,648
2026-01-18 15:42:05,google/gemma-2-9b,MMLU_selected_subjects,isot_fake_823,meani,0.404,28,510
2026-01-18 15:46:48,mistralai/Mistral-7B-Instruct-v0.3,MMLU_selected_subjects,isot_fake_450,meani,0.532,28,648
2026-01-18 15:48:30,google/gemma-2-9b,MMLU_selected_subjects,isot_fake_824,clean,0.41,28,493
2026-01-18 15:52:22,mistralai/Mistral-7B-Instruct-v0.3,MMLU_selected_subjects,isot_fake_451,clean,0.54,28,360
2026-01-18 15:54:42,google/gemma-2-9b,MMLU_selected_subjects,isot_fake_824,meani,0.095,28,493
2026-01-18 15:57:54,mistralai/Mistral-7B-Instruct-v0.3,MMLU_selected_subjects,isot_fake_451,meani,0.54,28,360
2026-01-18 16:01:08,google/gemma-2-9b,MMLU_selected_subjects,isot_fake_825,clean,0.505,28,644
2026-01-18 16:03:19,mistralai/Mistral-7B-Instruct-v0.3,MMLU_selected_subjects,isot_fake_452,clean,0.567,28,396
2026-01-18 16:07:34,google/gemma-2-9b,MMLU_selected_subjects,isot_fake_825,meani,0.508,28,644
2026-01-18 16:08:43,mistralai/Mistral-7B-Instruct-v0.3,MMLU_selected_subjects,isot_fake_452,meani,0.561,28,396
2026-01-18 16:13:35,google/gemma-2-9b,MMLU_selected_subjects,isot_fake_826,clean,0.475,28,215
2026-01-18 16:14:13,mistralai/Mistral-7B-Instruct-v0.3,MMLU_selected_subjects,isot_fake_453,clean,0.554,28,213
2026-01-18 16:19:35,google/gemma-2-9b,MMLU_selected_subjects,isot_fake_826,meani,0.367,28,215
2026-01-18 16:19:35,mistralai/Mistral-7B-Instruct-v0.3,MMLU_selected_subjects,isot_fake_453,meani,0.555,28,213
2026-01-18 16:25:40,mistralai/Mistral-7B-Instruct-v0.3,MMLU_selected_subjects,isot_fake_454,clean,0.55,28,792
2026-01-18 16:26:00,google/gemma-2-9b,MMLU_selected_subjects,isot_fake_827,clean,0.431,28,555
2026-01-18 16:31:43,mistralai/Mistral-7B-Instruct-v0.3,MMLU_selected_subjects,isot_fake_454,meani,0.538,28,792
2026-01-18 16:32:24,google/gemma-2-9b,MMLU_selected_subjects,isot_fake_827,meani,0.376,28,555
2026-01-18 16:37:41,mistralai/Mistral-7B-Instruct-v0.3,MMLU_selected_subjects,isot_fake_455,clean,0.544,28,760
2026-01-18 16:38:48,google/gemma-2-9b,MMLU_selected_subjects,isot_fake_828,clean,0.491,28,583
2026-01-18 16:43:40,mistralai/Mistral-7B-Instruct-v0.3,MMLU_selected_subjects,isot_fake_455,meani,0.546,28,760
2026-01-18 16:45:13,google/gemma-2-9b,MMLU_selected_subjects,isot_fake_828,meani,0.436,28,583
2026-01-18 16:49:39,mistralai/Mistral-7B-Instruct-v0.3,MMLU_selected_subjects,isot_fake_456,clean,0.528,28,739
2026-01-18 16:51:40,google/gemma-2-9b,MMLU_selected_subjects,isot_fake_829,clean,0.531,28,636
2026-01-18 16:55:38,mistralai/Mistral-7B-Instruct-v0.3,MMLU_selected_subjects,isot_fake_456,meani,0.544,28,739
2026-01-18 16:58:08,google/gemma-2-9b,MMLU_selected_subjects,isot_fake_829,meani,0.5,28,636
2026-01-18 17:01:16,mistralai/Mistral-7B-Instruct-v0.3,MMLU_selected_subjects,isot_fake_457,clean,0.565,28,262
2026-01-18 17:04:21,google/gemma-2-9b,MMLU_selected_subjects,isot_fake_83,clean,0.519,28,380
2026-01-18 17:06:46,mistralai/Mistral-7B-Instruct-v0.3,MMLU_selected_subjects,isot_fake_457,meani,0.556,28,262
2026-01-18 17:10:29,google/gemma-2-9b,MMLU_selected_subjects,isot_fake_83,meani,0.412,28,380
2026-01-18 17:12:38,mistralai/Mistral-7B-Instruct-v0.3,MMLU_selected_subjects,isot_fake_458,clean,0.549,28,671
2026-01-18 17:16:56,google/gemma-2-9b,MMLU_selected_subjects,isot_fake_830,clean,0.492,28,619
2026-01-18 17:18:35,mistralai/Mistral-7B-Instruct-v0.3,MMLU_selected_subjects,isot_fake_458,meani,0.546,28,671
2026-01-18 17:23:23,google/gemma-2-9b,MMLU_selected_subjects,isot_fake_830,meani,0.461,28,619
2026-01-18 17:24:06,mistralai/Mistral-7B-Instruct-v0.3,MMLU_selected_subjects,isot_fake_459,clean,0.546,28,439
2026-01-18 17:29:36,mistralai/Mistral-7B-Instruct-v0.3,MMLU_selected_subjects,isot_fake_459,meani,0.551,28,439
2026-01-18 17:29:56,google/gemma-2-9b,MMLU_selected_subjects,isot_fake_831,clean,0.377,28,686
2026-01-18 17:35:27,mistralai/Mistral-7B-Instruct-v0.3,MMLU_selected_subjects,isot_fake_46,clean,0.546,28,452
2026-01-18 17:36:30,google/gemma-2-9b,MMLU_selected_subjects,isot_fake_831,meani,0.335,28,686
2026-01-18 17:41:02,mistralai/Mistral-7B-Instruct-v0.3,MMLU_selected_subjects,isot_fake_46,meani,0.54,28,452
2026-01-18 17:42:53,google/gemma-2-9b,MMLU_selected_subjects,isot_fake_832,clean,0.428,28,616
2026-01-18 17:46:51,mistralai/Mistral-7B-Instruct-v0.3,MMLU_selected_subjects,isot_fake_460,clean,0.546,28,550
2026-01-18 17:49:16,google/gemma-2-9b,MMLU_selected_subjects,isot_fake_832,meani,0.389,28,616
2026-01-18 17:52:37,mistralai/Mistral-7B-Instruct-v0.3,MMLU_selected_subjects,isot_fake_460,meani,0.556,28,550
2026-01-18 17:55:37,google/gemma-2-9b,MMLU_selected_subjects,isot_fake_833,clean,0.454,28,419
2026-01-18 17:58:22,mistralai/Mistral-7B-Instruct-v0.3,MMLU_selected_subjects,isot_fake_461,clean,0.535,28,574
2026-01-18 18:01:58,google/gemma-2-9b,MMLU_selected_subjects,isot_fake_833,meani,0.476,28,419
2026-01-18 18:04:03,mistralai/Mistral-7B-Instruct-v0.3,MMLU_selected_subjects,isot_fake_461,meani,0.543,28,574
2026-01-18 18:08:22,google/gemma-2-9b,MMLU_selected_subjects,isot_fake_834,clean,0.402,28,554
2026-01-18 18:09:59,mistralai/Mistral-7B-Instruct-v0.3,MMLU_selected_subjects,isot_fake_462,clean,0.554,28,780
2026-01-18 18:14:47,google/gemma-2-9b,MMLU_selected_subjects,isot_fake_834,meani,0.353,28,554
2026-01-18 18:15:52,mistralai/Mistral-7B-Instruct-v0.3,MMLU_selected_subjects,isot_fake_462,meani,0.555,28,780
2026-01-18 18:20:57,google/gemma-2-9b,MMLU_selected_subjects,isot_fake_835,clean,0.525,28,298
2026-01-18 18:21:38,mistralai/Mistral-7B-Instruct-v0.3,MMLU_selected_subjects,isot_fake_463,clean,0.536,28,594
2026-01-18 18:27:05,google/gemma-2-9b,MMLU_selected_subjects,isot_fake_835,meani,0.388,28,298
2026-01-18 18:27:24,mistralai/Mistral-7B-Instruct-v0.3,MMLU_selected_subjects,isot_fake_463,meani,0.543,28,594
2026-01-18 18:32:54,mistralai/Mistral-7B-Instruct-v0.3,MMLU_selected_subjects,isot_fake_464,clean,0.543,28,437
2026-01-18 18:33:18,google/gemma-2-9b,MMLU_selected_subjects,isot_fake_836,clean,0.559,28,470
2026-01-18 18:38:25,mistralai/Mistral-7B-Instruct-v0.3,MMLU_selected_subjects,isot_fake_464,meani,0.547,28,437
2026-01-18 18:39:31,google/gemma-2-9b,MMLU_selected_subjects,isot_fake_836,meani,0.486,28,470
2026-01-18 18:44:01,mistralai/Mistral-7B-Instruct-v0.3,MMLU_selected_subjects,isot_fake_465,clean,0.56,28,393
2026-01-18 18:46:05,google/gemma-2-9b,MMLU_selected_subjects,isot_fake_837,clean,0.439,28,677
2026-01-18 18:49:29,mistralai/Mistral-7B-Instruct-v0.3,MMLU_selected_subjects,isot_fake_465,meani,0.548,28,393
2026-01-18 18:52:37,google/gemma-2-9b,MMLU_selected_subjects,isot_fake_837,meani,0.393,28,677
2026-01-18 18:54:59,mistralai/Mistral-7B-Instruct-v0.3,MMLU_selected_subjects,isot_fake_466,clean,0.555,28,387
2026-01-18 18:58:43,google/gemma-2-9b,MMLU_selected_subjects,isot_fake_838,clean,0.503,28,284
2026-01-18 19:00:23,mistralai/Mistral-7B-Instruct-v0.3,MMLU_selected_subjects,isot_fake_466,meani,0.542,28,387
2026-01-18 19:04:49,google/gemma-2-9b,MMLU_selected_subjects,isot_fake_838,meani,0.485,28,284
2026-01-18 19:06:24,mistralai/Mistral-7B-Instruct-v0.3,MMLU_selected_subjects,isot_fake_467,clean,0.548,28,716
2026-01-18 19:11:33,google/gemma-2-9b,MMLU_selected_subjects,isot_fake_839,clean,0.307,28,778
2026-01-18 19:12:16,mistralai/Mistral-7B-Instruct-v0.3,MMLU_selected_subjects,isot_fake_467,meani,0.554,28,716
2026-01-18 19:18:12,mistralai/Mistral-7B-Instruct-v0.3,MMLU_selected_subjects,isot_fake_468,clean,0.543,28,715
2026-01-18 19:18:17,google/gemma-2-9b,MMLU_selected_subjects,isot_fake_839,meani,0.4,28,778
2026-01-18 19:24:12,mistralai/Mistral-7B-Instruct-v0.3,MMLU_selected_subjects,isot_fake_468,meani,0.551,28,715
2026-01-18 19:24:35,google/gemma-2-9b,MMLU_selected_subjects,isot_fake_84,clean,0.377,28,418
2026-01-18 19:30:05,mistralai/Mistral-7B-Instruct-v0.3,MMLU_selected_subjects,isot_fake_469,clean,0.557,28,592
2026-01-18 19:30:52,google/gemma-2-9b,MMLU_selected_subjects,isot_fake_84,meani,0.449,28,418
2026-01-18 19:35:57,mistralai/Mistral-7B-Instruct-v0.3,MMLU_selected_subjects,isot_fake_469,meani,0.547,28,592
2026-01-18 19:37:39,google/gemma-2-9b,MMLU_selected_subjects,isot_fake_840,clean,0.513,28,600
2026-01-18 19:41:53,mistralai/Mistral-7B-Instruct-v0.3,MMLU_selected_subjects,isot_fake_47,clean,0.55,28,522
2026-01-18 19:44:24,google/gemma-2-9b,MMLU_selected_subjects,isot_fake_840,meani,0.279,28,600
2026-01-18 19:47:44,mistralai/Mistral-7B-Instruct-v0.3,MMLU_selected_subjects,isot_fake_47,meani,0.542,28,522
2026-01-18 19:50:39,google/gemma-2-9b,MMLU_selected_subjects,isot_fake_841,clean,0.494,28,501
2026-01-18 19:53:44,mistralai/Mistral-7B-Instruct-v0.3,MMLU_selected_subjects,isot_fake_470,clean,0.553,28,649
2026-01-18 19:56:58,google/gemma-2-9b,MMLU_selected_subjects,isot_fake_841,meani,0.488,28,501
2026-01-18 19:59:53,mistralai/Mistral-7B-Instruct-v0.3,MMLU_selected_subjects,isot_fake_470,meani,0.544,28,649
2026-01-18 20:02:56,google/gemma-2-9b,MMLU_selected_subjects,isot_fake_842,clean,0.387,28,218
2026-01-18 20:05:48,mistralai/Mistral-7B-Instruct-v0.3,MMLU_selected_subjects,isot_fake_471,clean,0.545,28,797
2026-01-18 20:08:54,google/gemma-2-9b,MMLU_selected_subjects,isot_fake_842,meani,0.435,28,218
2026-01-18 20:11:43,mistralai/Mistral-7B-Instruct-v0.3,MMLU_selected_subjects,isot_fake_471,meani,0.543,28,797
2026-01-18 20:15:11,google/gemma-2-9b,MMLU_selected_subjects,isot_fake_843,clean,0.491,28,408
2026-01-18 20:17:26,mistralai/Mistral-7B-Instruct-v0.3,MMLU_selected_subjects,isot_fake_472,clean,0.551,28,481
2026-01-18 20:21:26,google/gemma-2-9b,MMLU_selected_subjects,isot_fake_843,meani,0.253,28,408
2026-01-18 20:23:09,mistralai/Mistral-7B-Instruct-v0.3,MMLU_selected_subjects,isot_fake_472,meani,0.562,28,481
2026-01-18 20:28:01,google/gemma-2-9b,MMLU_selected_subjects,isot_fake_844,clean,0.423,28,718
2026-01-18 20:28:36,mistralai/Mistral-7B-Instruct-v0.3,MMLU_selected_subjects,isot_fake_473,clean,0.551,28,203
2026-01-18 20:33:58,mistralai/Mistral-7B-Instruct-v0.3,MMLU_selected_subjects,isot_fake_473,meani,0.556,28,203
2026-01-18 20:34:36,google/gemma-2-9b,MMLU_selected_subjects,isot_fake_844,meani,0.386,28,718
2026-01-18 20:39:38,mistralai/Mistral-7B-Instruct-v0.3,MMLU_selected_subjects,isot_fake_474,clean,0.545,28,419
2026-01-18 20:40:57,google/gemma-2-9b,MMLU_selected_subjects,isot_fake_845,clean,0.508,28,454
2026-01-18 20:45:14,mistralai/Mistral-7B-Instruct-v0.3,MMLU_selected_subjects,isot_fake_474,meani,0.535,28,419
2026-01-18 20:47:18,google/gemma-2-9b,MMLU_selected_subjects,isot_fake_845,meani,0.207,28,454
2026-01-18 20:50:47,mistralai/Mistral-7B-Instruct-v0.3,MMLU_selected_subjects,isot_fake_475,clean,0.549,28,327
2026-01-18 20:53:39,google/gemma-2-9b,MMLU_selected_subjects,isot_fake_846,clean,0.523,28,502
2026-01-18 20:56:18,mistralai/Mistral-7B-Instruct-v0.3,MMLU_selected_subjects,isot_fake_475,meani,0.55,28,327
2026-01-18 21:00:01,google/gemma-2-9b,MMLU_selected_subjects,isot_fake_846,meani,0.489,28,502
2026-01-18 21:01:42,mistralai/Mistral-7B-Instruct-v0.3,MMLU_selected_subjects,isot_fake_476,clean,0.543,28,210
2026-01-18 21:06:22,google/gemma-2-9b,MMLU_selected_subjects,isot_fake_847,clean,0.547,28,560
2026-01-18 21:07:01,mistralai/Mistral-7B-Instruct-v0.3,MMLU_selected_subjects,isot_fake_476,meani,0.548,28,210
2026-01-18 21:12:24,mistralai/Mistral-7B-Instruct-v0.3,MMLU_selected_subjects,isot_fake_477,clean,0.547,28,270
2026-01-18 21:12:42,google/gemma-2-9b,MMLU_selected_subjects,isot_fake_847,meani,0.543,28,560
2026-01-18 21:17:47,mistralai/Mistral-7B-Instruct-v0.3,MMLU_selected_subjects,isot_fake_477,meani,0.545,28,270
2026-01-18 21:19:00,google/gemma-2-9b,MMLU_selected_subjects,isot_fake_848,clean,0.539,28,450
2026-01-18 21:23:48,mistralai/Mistral-7B-Instruct-v0.3,MMLU_selected_subjects,isot_fake_478,clean,0.55,28,753
2026-01-18 21:25:18,google/gemma-2-9b,MMLU_selected_subjects,isot_fake_848,meani,0.403,28,450
2026-01-18 21:29:43,mistralai/Mistral-7B-Instruct-v0.3,MMLU_selected_subjects,isot_fake_478,meani,0.54,28,753
2026-01-18 21:31:10,google/gemma-2-9b,MMLU_selected_subjects,isot_fake_849,clean,0.243,28,727
2026-01-18 21:35:46,mistralai/Mistral-7B-Instruct-v0.3,MMLU_selected_subjects,isot_fake_479,clean,0.552,28,758
2026-01-18 21:37:48,google/gemma-2-9b,MMLU_selected_subjects,isot_fake_849,meani,0.419,28,727
2026-01-18 21:41:42,mistralai/Mistral-7B-Instruct-v0.3,MMLU_selected_subjects,isot_fake_479,meani,0.551,28,758
2026-01-18 21:44:09,google/gemma-2-9b,MMLU_selected_subjects,isot_fake_85,clean,0.52,28,486
2026-01-18 21:47:43,mistralai/Mistral-7B-Instruct-v0.3,MMLU_selected_subjects,isot_fake_48,clean,0.546,28,679
2026-01-18 21:50:29,google/gemma-2-9b,MMLU_selected_subjects,isot_fake_85,meani,0.501,28,486
2026-01-18 21:53:45,mistralai/Mistral-7B-Instruct-v0.3,MMLU_selected_subjects,isot_fake_48,meani,0.557,28,679
2026-01-18 21:56:59,google/gemma-2-9b,MMLU_selected_subjects,isot_fake_850,clean,0.478,28,636
2026-01-18 21:59:43,mistralai/Mistral-7B-Instruct-v0.3,MMLU_selected_subjects,isot_fake_480,clean,0.529,28,792
2026-01-18 22:03:29,google/gemma-2-9b,MMLU_selected_subjects,isot_fake_850,meani,0.436,28,636
2026-01-18 22:05:41,mistralai/Mistral-7B-Instruct-v0.3,MMLU_selected_subjects,isot_fake_480,meani,0.554,28,792
2026-01-18 22:09:39,google/gemma-2-9b,MMLU_selected_subjects,isot_fake_851,clean,0.527,28,242
2026-01-18 22:11:19,mistralai/Mistral-7B-Instruct-v0.3,MMLU_selected_subjects,isot_fake_481,clean,0.554,28,441
2026-01-18 22:15:47,google/gemma-2-9b,MMLU_selected_subjects,isot_fake_851,meani,0.442,28,242
2026-01-18 22:16:55,mistralai/Mistral-7B-Instruct-v0.3,MMLU_selected_subjects,isot_fake_481,meani,0.554,28,441
2026-01-18 22:22:21,google/gemma-2-9b,MMLU_selected_subjects,isot_fake_852,clean,0.397,28,633
2026-01-18 22:23:16,mistralai/Mistral-7B-Instruct-v0.3,MMLU_selected_subjects,isot_fake_482,clean,0.557,28,570
2026-01-18 22:28:55,google/gemma-2-9b,MMLU_selected_subjects,isot_fake_852,meani,0.432,28,633
2026-01-18 22:29:36,mistralai/Mistral-7B-Instruct-v0.3,MMLU_selected_subjects,isot_fake_482,meani,0.555,28,570
2026-01-18 22:35:23,google/gemma-2-9b,MMLU_selected_subjects,isot_fake_853,clean,0.402,28,671
2026-01-18 22:35:29,mistralai/Mistral-7B-Instruct-v0.3,MMLU_selected_subjects,isot_fake_483,clean,0.555,28,593
2026-01-18 22:41:14,mistralai/Mistral-7B-Instruct-v0.3,MMLU_selected_subjects,isot_fake_483,meani,0.547,28,593
2026-01-18 22:41:52,google/gemma-2-9b,MMLU_selected_subjects,isot_fake_853,meani,0.485,28,671
2026-01-18 22:46:33,mistralai/Mistral-7B-Instruct-v0.3,MMLU_selected_subjects,isot_fake_484,clean,0.554,28,209
2026-01-18 22:48:02,google/gemma-2-9b,MMLU_selected_subjects,isot_fake_854,clean,0.471,28,367
2026-01-18 22:51:50,mistralai/Mistral-7B-Instruct-v0.3,MMLU_selected_subjects,isot_fake_484,meani,0.563,28,209
2026-01-18 22:54:11,google/gemma-2-9b,MMLU_selected_subjects,isot_fake_854,meani,0.462,28,367
2026-01-18 22:57:23,mistralai/Mistral-7B-Instruct-v0.3,MMLU_selected_subjects,isot_fake_485,clean,0.533,28,271
2026-01-18 23:00:24,google/gemma-2-9b,MMLU_selected_subjects,isot_fake_855,clean,0.336,28,473
2026-01-18 23:02:46,mistralai/Mistral-7B-Instruct-v0.3,MMLU_selected_subjects,isot_fake_485,meani,0.542,28,271
2026-01-18 23:06:36,google/gemma-2-9b,MMLU_selected_subjects,isot_fake_855,meani,0.48,28,473
2026-01-18 23:08:05,mistralai/Mistral-7B-Instruct-v0.3,MMLU_selected_subjects,isot_fake_486,clean,0.554,28,219
2026-01-18 23:12:55,google/gemma-2-9b,MMLU_selected_subjects,isot_fake_856,clean,0.446,28,476
2026-01-18 23:13:21,mistralai/Mistral-7B-Instruct-v0.3,MMLU_selected_subjects,isot_fake_486,meani,0.552,28,219
2026-01-18 23:19:01,mistralai/Mistral-7B-Instruct-v0.3,MMLU_selected_subjects,isot_fake_487,clean,0.548,28,529
2026-01-18 23:19:13,google/gemma-2-9b,MMLU_selected_subjects,isot_fake_856,meani,0.493,28,476
2026-01-18 23:24:40,mistralai/Mistral-7B-Instruct-v0.3,MMLU_selected_subjects,isot_fake_487,meani,0.54,28,529
2026-01-18 23:25:12,google/gemma-2-9b,MMLU_selected_subjects,isot_fake_857,clean,0.426,28,205
2026-01-18 23:30:16,mistralai/Mistral-7B-Instruct-v0.3,MMLU_selected_subjects,isot_fake_488,clean,0.547,28,541
2026-01-18 23:31:11,google/gemma-2-9b,MMLU_selected_subjects,isot_fake_857,meani,0.451,28,205
2026-01-18 23:35:50,mistralai/Mistral-7B-Instruct-v0.3,MMLU_selected_subjects,isot_fake_488,meani,0.543,28,541
2026-01-18 23:36:54,google/gemma-2-9b,MMLU_selected_subjects,isot_fake_858,clean,0.152,28,266
2026-01-18 23:41:25,mistralai/Mistral-7B-Instruct-v0.3,MMLU_selected_subjects,isot_fake_489,clean,0.534,28,432
2026-01-18 23:41:46,google/gemma-2-9b,MMLU_selected_subjects,isot_fake_858,meani,0.222,28,266
2026-01-18 23:46:50,mistralai/Mistral-7B-Instruct-v0.3,MMLU_selected_subjects,isot_fake_489,meani,0.551,28,432
2026-01-18 23:47:55,google/gemma-2-9b,MMLU_selected_subjects,isot_fake_859,clean,0.559,28,348
2026-01-18 23:52:44,mistralai/Mistral-7B-Instruct-v0.3,MMLU_selected_subjects,isot_fake_49,clean,0.554,28,586
2026-01-18 23:54:03,google/gemma-2-9b,MMLU_selected_subjects,isot_fake_859,meani,0.509,28,348
2026-01-18 23:58:35,mistralai/Mistral-7B-Instruct-v0.3,MMLU_selected_subjects,isot_fake_49,meani,0.537,28,586
2026-01-19 00:00:39,google/gemma-2-9b,MMLU_selected_subjects,isot_fake_86,clean,0.554,28,653
2026-01-19 00:04:03,mistralai/Mistral-7B-Instruct-v0.3,MMLU_selected_subjects,isot_fake_490,clean,0.559,28,307
2026-01-19 00:07:15,google/gemma-2-9b,MMLU_selected_subjects,isot_fake_86,meani,0.506,28,653
2026-01-19 00:09:32,mistralai/Mistral-7B-Instruct-v0.3,MMLU_selected_subjects,isot_fake_490,meani,0.551,28,307
2026-01-19 00:13:31,google/gemma-2-9b,MMLU_selected_subjects,isot_fake_860,clean,0.53,28,435
2026-01-19 00:14:54,mistralai/Mistral-7B-Instruct-v0.3,MMLU_selected_subjects,isot_fake_491,clean,0.539,28,259
2026-01-19 00:19:47,google/gemma-2-9b,MMLU_selected_subjects,isot_fake_860,meani,0.465,28,435
2026-01-19 00:20:15,mistralai/Mistral-7B-Instruct-v0.3,MMLU_selected_subjects,isot_fake_491,meani,0.549,28,259
2026-01-19 00:25:35,mistralai/Mistral-7B-Instruct-v0.3,MMLU_selected_subjects,isot_fake_492,clean,0.547,28,234
2026-01-19 00:26:19,google/gemma-2-9b,MMLU_selected_subjects,isot_fake_861,clean,0.494,28,510
2026-01-19 00:30:56,mistralai/Mistral-7B-Instruct-v0.3,MMLU_selected_subjects,isot_fake_492,meani,0.555,28,234
2026-01-19 00:32:50,google/gemma-2-9b,MMLU_selected_subjects,isot_fake_861,meani,0.327,28,510
2026-01-19 00:36:33,mistralai/Mistral-7B-Instruct-v0.3,MMLU_selected_subjects,isot_fake_493,clean,0.557,28,311
2026-01-19 00:39:13,google/gemma-2-9b,MMLU_selected_subjects,isot_fake_862,clean,0.368,28,585
2026-01-19 00:42:11,mistralai/Mistral-7B-Instruct-v0.3,MMLU_selected_subjects,isot_fake_493,meani,0.544,28,311
2026-01-19 00:45:40,google/gemma-2-9b,MMLU_selected_subjects,isot_fake_862,meani,0.336,28,585
2026-01-19 00:47:47,mistralai/Mistral-7B-Instruct-v0.3,MMLU_selected_subjects,isot_fake_494,clean,0.549,28,393
2026-01-19 00:52:09,google/gemma-2-9b,MMLU_selected_subjects,isot_fake_863,clean,0.524,28,574
2026-01-19 00:53:22,mistralai/Mistral-7B-Instruct-v0.3,MMLU_selected_subjects,isot_fake_494,meani,0.552,28,393
2026-01-19 00:58:38,google/gemma-2-9b,MMLU_selected_subjects,isot_fake_863,meani,0.448,28,574
2026-01-19 00:58:58,mistralai/Mistral-7B-Instruct-v0.3,MMLU_selected_subjects,isot_fake_495,clean,0.558,28,379
2026-01-19 01:04:35,mistralai/Mistral-7B-Instruct-v0.3,MMLU_selected_subjects,isot_fake_495,meani,0.556,28,379
2026-01-19 01:04:48,google/gemma-2-9b,MMLU_selected_subjects,isot_fake_864,clean,0.507,28,245
2026-01-19 01:09:55,mistralai/Mistral-7B-Instruct-v0.3,MMLU_selected_subjects,isot_fake_496,clean,0.552,28,205
2026-01-19 01:10:58,google/gemma-2-9b,MMLU_selected_subjects,isot_fake_864,meani,0.452,28,245
2026-01-19 01:15:12,mistralai/Mistral-7B-Instruct-v0.3,MMLU_selected_subjects,isot_fake_496,meani,0.545,28,205
2026-01-19 01:16:56,google/gemma-2-9b,MMLU_selected_subjects,isot_fake_865,clean,0.251,28,780
2026-01-19 01:20:37,mistralai/Mistral-7B-Instruct-v0.3,MMLU_selected_subjects,isot_fake_497,clean,0.554,28,235
2026-01-19 01:23:32,google/gemma-2-9b,MMLU_selected_subjects,isot_fake_865,meani,0.492,28,780
2026-01-19 01:26:01,mistralai/Mistral-7B-Instruct-v0.3,MMLU_selected_subjects,isot_fake_497,meani,0.554,28,235
2026-01-19 01:29:48,google/gemma-2-9b,MMLU_selected_subjects,isot_fake_866,clean,0.531,28,360
2026-01-19 01:31:41,mistralai/Mistral-7B-Instruct-v0.3,MMLU_selected_subjects,isot_fake_498,clean,0.548,28,549
2026-01-19 01:36:05,google/gemma-2-9b,MMLU_selected_subjects,isot_fake_866,meani,0.453,28,360
2026-01-19 01:37:21,mistralai/Mistral-7B-Instruct-v0.3,MMLU_selected_subjects,isot_fake_498,meani,0.554,28,549
2026-01-19 01:42:20,google/gemma-2-9b,MMLU_selected_subjects,isot_fake_867,clean,0.517,28,488
2026-01-19 01:43:20,mistralai/Mistral-7B-Instruct-v0.3,MMLU_selected_subjects,isot_fake_499,clean,0.538,28,628
2026-01-19 01:48:36,google/gemma-2-9b,MMLU_selected_subjects,isot_fake_867,meani,0.453,28,488
2026-01-19 01:49:15,mistralai/Mistral-7B-Instruct-v0.3,MMLU_selected_subjects,isot_fake_499,meani,0.555,28,628
2026-01-19 01:54:37,mistralai/Mistral-7B-Instruct-v0.3,MMLU_selected_subjects,isot_fake_5,clean,0.532,28,222
2026-01-19 01:55:21,google/gemma-2-9b,MMLU_selected_subjects,isot_fake_868,clean,0.533,28,792
2026-01-19 01:59:57,mistralai/Mistral-7B-Instruct-v0.3,MMLU_selected_subjects,isot_fake_5,meani,0.554,28,222
2026-01-19 02:02:06,google/gemma-2-9b,MMLU_selected_subjects,isot_fake_868,meani,0.461,28,792
2026-01-19 02:05:15,mistralai/Mistral-7B-Instruct-v0.3,MMLU_selected_subjects,isot_fake_50,clean,0.546,28,203
2026-01-19 02:08:57,google/gemma-2-9b,MMLU_selected_subjects,isot_fake_869,clean,0.473,28,716
2026-01-19 02:10:35,mistralai/Mistral-7B-Instruct-v0.3,MMLU_selected_subjects,isot_fake_50,meani,0.553,28,203
2026-01-19 02:15:48,google/gemma-2-9b,MMLU_selected_subjects,isot_fake_869,meani,0.389,28,716
2026-01-19 02:16:34,mistralai/Mistral-7B-Instruct-v0.3,MMLU_selected_subjects,isot_fake_500,clean,0.54,28,790
2026-01-19 02:21:58,google/gemma-2-9b,MMLU_selected_subjects,isot_fake_87,clean,0.468,28,363
2026-01-19 02:22:31,mistralai/Mistral-7B-Instruct-v0.3,MMLU_selected_subjects,isot_fake_500,meani,0.556,28,790
2026-01-19 02:28:08,google/gemma-2-9b,MMLU_selected_subjects,isot_fake_87,meani,0.467,28,363
2026-01-19 02:28:37,mistralai/Mistral-7B-Instruct-v0.3,MMLU_selected_subjects,isot_fake_501,clean,0.546,28,786
2026-01-19 02:34:41,mistralai/Mistral-7B-Instruct-v0.3,MMLU_selected_subjects,isot_fake_501,meani,0.551,28,786
2026-01-19 02:34:48,google/gemma-2-9b,MMLU_selected_subjects,isot_fake_870,clean,0.448,28,769
2026-01-19 02:40:34,mistralai/Mistral-7B-Instruct-v0.3,MMLU_selected_subjects,isot_fake_502,clean,0.549,28,671
2026-01-19 02:41:28,google/gemma-2-9b,MMLU_selected_subjects,isot_fake_870,meani,0.233,28,769
2026-01-19 02:46:25,mistralai/Mistral-7B-Instruct-v0.3,MMLU_selected_subjects,isot_fake_502,meani,0.553,28,671
2026-01-19 02:48:10,google/gemma-2-9b,MMLU_selected_subjects,isot_fake_871,clean,0.495,28,745
2026-01-19 02:51:55,mistralai/Mistral-7B-Instruct-v0.3,MMLU_selected_subjects,isot_fake_503,clean,0.54,28,335
2026-01-19 02:54:52,google/gemma-2-9b,MMLU_selected_subjects,isot_fake_871,meani,0.437,28,745
2026-01-19 02:57:24,mistralai/Mistral-7B-Instruct-v0.3,MMLU_selected_subjects,isot_fake_503,meani,0.555,28,335
2026-01-19 03:01:25,google/gemma-2-9b,MMLU_selected_subjects,isot_fake_872,clean,0.543,28,543
2026-01-19 03:02:49,mistralai/Mistral-7B-Instruct-v0.3,MMLU_selected_subjects,isot_fake_504,clean,0.551,28,357
2026-01-19 03:07:59,google/gemma-2-9b,MMLU_selected_subjects,isot_fake_872,meani,0.449,28,543
2026-01-19 03:08:17,mistralai/Mistral-7B-Instruct-v0.3,MMLU_selected_subjects,isot_fake_504,meani,0.55,28,357
2026-01-19 03:14:05,google/gemma-2-9b,MMLU_selected_subjects,isot_fake_873,clean,0.533,28,312
2026-01-19 03:14:21,mistralai/Mistral-7B-Instruct-v0.3,MMLU_selected_subjects,isot_fake_505,clean,0.529,28,730
2026-01-19 03:20:12,google/gemma-2-9b,MMLU_selected_subjects,isot_fake_873,meani,0.466,28,312
2026-01-19 03:20:21,mistralai/Mistral-7B-Instruct-v0.3,MMLU_selected_subjects,isot_fake_505,meani,0.552,28,730
2026-01-19 03:26:15,mistralai/Mistral-7B-Instruct-v0.3,MMLU_selected_subjects,isot_fake_506,clean,0.542,28,667
2026-01-19 03:26:34,google/gemma-2-9b,MMLU_selected_subjects,isot_fake_874,clean,0.506,28,558
2026-01-19 03:32:07,mistralai/Mistral-7B-Instruct-v0.3,MMLU_selected_subjects,isot_fake_506,meani,0.551,28,667
2026-01-19 03:32:56,google/gemma-2-9b,MMLU_selected_subjects,isot_fake_874,meani,0.526,28,558
2026-01-19 03:37:45,mistralai/Mistral-7B-Instruct-v0.3,MMLU_selected_subjects,isot_fake_507,clean,0.544,28,438
2026-01-19 03:39:39,google/gemma-2-9b,MMLU_selected_subjects,isot_fake_875,clean,0.49,28,479
2026-01-19 03:43:23,mistralai/Mistral-7B-Instruct-v0.3,MMLU_selected_subjects,isot_fake_507,meani,0.54,28,438
2026-01-19 03:46:06,google/gemma-2-9b,MMLU_selected_subjects,isot_fake_875,meani,0.474,28,479
2026-01-19 03:48:57,mistralai/Mistral-7B-Instruct-v0.3,MMLU_selected_subjects,isot_fake_508,clean,0.547,28,398
2026-01-19 03:52:38,google/gemma-2-9b,MMLU_selected_subjects,isot_fake_876,clean,0.546,28,691
2026-01-19 03:54:28,mistralai/Mistral-7B-Instruct-v0.3,MMLU_selected_subjects,isot_fake_508,meani,0.557,28,398
2026-01-19 03:59:10,google/gemma-2-9b,MMLU_selected_subjects,isot_fake_876,meani,0.416,28,691
2026-01-19 04:00:21,mistralai/Mistral-7B-Instruct-v0.3,MMLU_selected_subjects,isot_fake_509,clean,0.555,28,593
2026-01-19 04:05:12,google/gemma-2-9b,MMLU_selected_subjects,isot_fake_877,clean,0.464,28,270
2026-01-19 04:06:08,mistralai/Mistral-7B-Instruct-v0.3,MMLU_selected_subjects,isot_fake_509,meani,0.555,28,593
2026-01-19 04:11:14,google/gemma-2-9b,MMLU_selected_subjects,isot_fake_877,meani,0.343,28,270
2026-01-19 04:12:24,mistralai/Mistral-7B-Instruct-v0.3,MMLU_selected_subjects,isot_fake_51,clean,0.553,28,644
2026-01-19 04:17:57,google/gemma-2-9b,MMLU_selected_subjects,isot_fake_878,clean,0.536,28,752
2026-01-19 04:18:29,mistralai/Mistral-7B-Instruct-v0.3,MMLU_selected_subjects,isot_fake_51,meani,0.552,28,644
2026-01-19 04:24:14,mistralai/Mistral-7B-Instruct-v0.3,MMLU_selected_subjects,isot_fake_510,clean,0.544,28,519
2026-01-19 04:24:39,google/gemma-2-9b,MMLU_selected_subjects,isot_fake_878,meani,0.428,28,752
2026-01-19 04:30:00,mistralai/Mistral-7B-Instruct-v0.3,MMLU_selected_subjects,isot_fake_510,meani,0.548,28,519
2026-01-19 04:31:02,google/gemma-2-9b,MMLU_selected_subjects,isot_fake_879,clean,0.513,28,558
2026-01-19 04:35:31,mistralai/Mistral-7B-Instruct-v0.3,MMLU_selected_subjects,isot_fake_511,clean,0.541,28,405
2026-01-19 04:37:25,google/gemma-2-9b,MMLU_selected_subjects,isot_fake_879,meani,0.403,28,558
2026-01-19 04:41:02,mistralai/Mistral-7B-Instruct-v0.3,MMLU_selected_subjects,isot_fake_511,meani,0.549,28,405
2026-01-19 04:44:16,google/gemma-2-9b,MMLU_selected_subjects,isot_fake_88,clean,0.467,28,778
2026-01-19 04:46:34,mistralai/Mistral-7B-Instruct-v0.3,MMLU_selected_subjects,isot_fake_512,clean,0.548,28,401
2026-01-19 04:51:08,google/gemma-2-9b,MMLU_selected_subjects,isot_fake_88,meani,0.38,28,778
2026-01-19 04:52:04,mistralai/Mistral-7B-Instruct-v0.3,MMLU_selected_subjects,isot_fake_512,meani,0.541,28,401
2026-01-19 04:57:30,mistralai/Mistral-7B-Instruct-v0.3,MMLU_selected_subjects,isot_fake_513,clean,0.55,28,325
2026-01-19 04:57:34,google/gemma-2-9b,MMLU_selected_subjects,isot_fake_880,clean,0.515,28,536
2026-01-19 05:02:55,mistralai/Mistral-7B-Instruct-v0.3,MMLU_selected_subjects,isot_fake_513,meani,0.557,28,325
2026-01-19 05:04:00,google/gemma-2-9b,MMLU_selected_subjects,isot_fake_880,meani,0.494,28,536
2026-01-19 05:08:42,mistralai/Mistral-7B-Instruct-v0.3,MMLU_selected_subjects,isot_fake_514,clean,0.54,28,539
2026-01-19 05:10:35,google/gemma-2-9b,MMLU_selected_subjects,isot_fake_881,clean,0.239,28,740
2026-01-19 05:14:23,mistralai/Mistral-7B-Instruct-v0.3,MMLU_selected_subjects,isot_fake_514,meani,0.551,28,539
2026-01-19 05:17:11,google/gemma-2-9b,MMLU_selected_subjects,isot_fake_881,meani,0.133,28,740
2026-01-19 05:19:43,mistralai/Mistral-7B-Instruct-v0.3,MMLU_selected_subjects,isot_fake_515,clean,0.556,28,263
2026-01-19 05:24:02,google/gemma-2-9b,MMLU_selected_subjects,isot_fake_882,clean,0.459,28,759
2026-01-19 05:25:02,mistralai/Mistral-7B-Instruct-v0.3,MMLU_selected_subjects,isot_fake_515,meani,0.549,28,263
2026-01-19 05:30:24,mistralai/Mistral-7B-Instruct-v0.3,MMLU_selected_subjects,isot_fake_516,clean,0.552,28,207
2026-01-19 05:30:53,google/gemma-2-9b,MMLU_selected_subjects,isot_fake_882,meani,0.449,28,759
2026-01-19 05:35:48,mistralai/Mistral-7B-Instruct-v0.3,MMLU_selected_subjects,isot_fake_516,meani,0.569,28,207
2026-01-19 05:37:22,google/gemma-2-9b,MMLU_selected_subjects,isot_fake_883,clean,0.517,28,506
2026-01-19 05:41:39,mistralai/Mistral-7B-Instruct-v0.3,MMLU_selected_subjects,isot_fake_517,clean,0.557,28,592
2026-01-19 05:43:52,google/gemma-2-9b,MMLU_selected_subjects,isot_fake_883,meani,0.333,28,506
2026-01-19 05:47:28,mistralai/Mistral-7B-Instruct-v0.3,MMLU_selected_subjects,isot_fake_517,meani,0.554,28,592
2026-01-19 05:50:34,google/gemma-2-9b,MMLU_selected_subjects,isot_fake_884,clean,0.356,28,787
2026-01-19 05:53:01,mistralai/Mistral-7B-Instruct-v0.3,MMLU_selected_subjects,isot_fake_518,clean,0.536,28,394
2026-01-19 05:57:22,google/gemma-2-9b,MMLU_selected_subjects,isot_fake_884,meani,0.254,28,787
2026-01-19 05:58:32,mistralai/Mistral-7B-Instruct-v0.3,MMLU_selected_subjects,isot_fake_518,meani,0.543,28,394
2026-01-19 06:03:32,google/gemma-2-9b,MMLU_selected_subjects,isot_fake_885,clean,0.371,28,386
2026-01-19 06:04:16,mistralai/Mistral-7B-Instruct-v0.3,MMLU_selected_subjects,isot_fake_519,clean,0.544,28,515
2026-01-19 06:09:59,mistralai/Mistral-7B-Instruct-v0.3,MMLU_selected_subjects,isot_fake_519,meani,0.546,28,515
2026-01-19 06:10:00,google/gemma-2-9b,MMLU_selected_subjects,isot_fake_885,meani,0.185,28,386
2026-01-19 06:15:34,mistralai/Mistral-7B-Instruct-v0.3,MMLU_selected_subjects,isot_fake_52,clean,0.552,28,384
2026-01-19 06:16:38,google/gemma-2-9b,MMLU_selected_subjects,isot_fake_886,clean,0.442,28,681
2026-01-19 06:21:10,mistralai/Mistral-7B-Instruct-v0.3,MMLU_selected_subjects,isot_fake_52,meani,0.559,28,384
2026-01-19 06:23:17,google/gemma-2-9b,MMLU_selected_subjects,isot_fake_886,meani,0.336,28,681
2026-01-19 06:26:52,mistralai/Mistral-7B-Instruct-v0.3,MMLU_selected_subjects,isot_fake_520,clean,0.556,28,408
2026-01-19 06:29:36,google/gemma-2-9b,MMLU_selected_subjects,isot_fake_887,clean,0.512,28,550
2026-01-19 06:32:32,mistralai/Mistral-7B-Instruct-v0.3,MMLU_selected_subjects,isot_fake_520,meani,0.567,28,408
2026-01-19 06:35:54,google/gemma-2-9b,MMLU_selected_subjects,isot_fake_887,meani,0.483,28,550
2026-01-19 06:38:36,mistralai/Mistral-7B-Instruct-v0.3,MMLU_selected_subjects,isot_fake_521,clean,0.545,28,797
2026-01-19 06:42:00,google/gemma-2-9b,MMLU_selected_subjects,isot_fake_888,clean,0.484,28,305
2026-01-19 06:44:38,mistralai/Mistral-7B-Instruct-v0.3,MMLU_selected_subjects,isot_fake_521,meani,0.537,28,797
2026-01-19 06:48:06,google/gemma-2-9b,MMLU_selected_subjects,isot_fake_888,meani,0.441,28,305
2026-01-19 06:50:05,mistralai/Mistral-7B-Instruct-v0.3,MMLU_selected_subjects,isot_fake_522,clean,0.546,28,315
2026-01-19 06:54:52,google/gemma-2-9b,MMLU_selected_subjects,isot_fake_889,clean,0.514,28,730
2026-01-19 06:55:23,mistralai/Mistral-7B-Instruct-v0.3,MMLU_selected_subjects,isot_fake_522,meani,0.546,28,315
2026-01-19 07:01:03,mistralai/Mistral-7B-Instruct-v0.3,MMLU_selected_subjects,isot_fake_523,clean,0.542,28,414
2026-01-19 07:01:37,google/gemma-2-9b,MMLU_selected_subjects,isot_fake_889,meani,0.424,28,730
2026-01-19 07:06:27,mistralai/Mistral-7B-Instruct-v0.3,MMLU_selected_subjects,isot_fake_523,meani,0.549,28,414
2026-01-19 07:08:01,google/gemma-2-9b,MMLU_selected_subjects,isot_fake_89,clean,0.399,28,599
2026-01-19 07:11:52,mistralai/Mistral-7B-Instruct-v0.3,MMLU_selected_subjects,isot_fake_524,clean,0.544,28,217
2026-01-19 07:14:24,google/gemma-2-9b,MMLU_selected_subjects,isot_fake_89,meani,0.403,28,599
2026-01-19 07:17:15,mistralai/Mistral-7B-Instruct-v0.3,MMLU_selected_subjects,isot_fake_524,meani,0.548,28,217
2026-01-19 07:21:01,google/gemma-2-9b,MMLU_selected_subjects,isot_fake_890,clean,0.436,28,733
2026-01-19 07:23:16,mistralai/Mistral-7B-Instruct-v0.3,MMLU_selected_subjects,isot_fake_525,clean,0.541,28,755
2026-01-19 07:27:39,google/gemma-2-9b,MMLU_selected_subjects,isot_fake_890,meani,0.35,28,733
2026-01-19 07:29:15,mistralai/Mistral-7B-Instruct-v0.3,MMLU_selected_subjects,isot_fake_525,meani,0.533,28,755
2026-01-19 07:34:07,google/gemma-2-9b,MMLU_selected_subjects,isot_fake_891,clean,0.499,28,631
2026-01-19 07:34:49,mistralai/Mistral-7B-Instruct-v0.3,MMLU_selected_subjects,isot_fake_526,clean,0.551,28,262
2026-01-19 07:40:06,mistralai/Mistral-7B-Instruct-v0.3,MMLU_selected_subjects,isot_fake_526,meani,0.552,28,262
2026-01-19 07:40:31,google/gemma-2-9b,MMLU_selected_subjects,isot_fake_891,meani,0.317,28,631
2026-01-19 07:45:51,mistralai/Mistral-7B-Instruct-v0.3,MMLU_selected_subjects,isot_fake_527,clean,0.542,28,515
2026-01-19 07:46:52,google/gemma-2-9b,MMLU_selected_subjects,isot_fake_892,clean,0.466,28,488
2026-01-19 07:51:30,mistralai/Mistral-7B-Instruct-v0.3,MMLU_selected_subjects,isot_fake_527,meani,0.537,28,515
2026-01-19 07:53:13,google/gemma-2-9b,MMLU_selected_subjects,isot_fake_892,meani,0.314,28,488
2026-01-19 07:56:55,mistralai/Mistral-7B-Instruct-v0.3,MMLU_selected_subjects,isot_fake_528,clean,0.538,28,241
2026-01-19 07:59:19,google/gemma-2-9b,MMLU_selected_subjects,isot_fake_893,clean,0.511,28,285
2026-01-19 08:02:18,mistralai/Mistral-7B-Instruct-v0.3,MMLU_selected_subjects,isot_fake_528,meani,0.547,28,241
2026-01-19 08:05:25,google/gemma-2-9b,MMLU_selected_subjects,isot_fake_893,meani,0.477,28,285
2026-01-19 08:07:57,mistralai/Mistral-7B-Instruct-v0.3,MMLU_selected_subjects,isot_fake_529,clean,0.544,28,438
2026-01-19 08:11:38,google/gemma-2-9b,MMLU_selected_subjects,isot_fake_894,clean,0.438,28,404
2026-01-19 08:13:34,mistralai/Mistral-7B-Instruct-v0.3,MMLU_selected_subjects,isot_fake_529,meani,0.537,28,438
2026-01-19 08:17:51,google/gemma-2-9b,MMLU_selected_subjects,isot_fake_894,meani,0.352,28,404
2026-01-19 08:19:14,mistralai/Mistral-7B-Instruct-v0.3,MMLU_selected_subjects,isot_fake_53,clean,0.541,28,477
2026-01-19 08:24:22,google/gemma-2-9b,MMLU_selected_subjects,isot_fake_895,clean,0.555,28,658
2026-01-19 08:24:50,mistralai/Mistral-7B-Instruct-v0.3,MMLU_selected_subjects,isot_fake_53,meani,0.548,28,477
2026-01-19 08:30:38,mistralai/Mistral-7B-Instruct-v0.3,MMLU_selected_subjects,isot_fake_530,clean,0.552,28,536
2026-01-19 08:30:52,google/gemma-2-9b,MMLU_selected_subjects,isot_fake_895,meani,0.512,28,658
2026-01-19 08:36:27,mistralai/Mistral-7B-Instruct-v0.3,MMLU_selected_subjects,isot_fake_530,meani,0.554,28,536
2026-01-19 08:36:56,google/gemma-2-9b,MMLU_selected_subjects,isot_fake_896,clean,0.523,28,200
2026-01-19 08:41:58,mistralai/Mistral-7B-Instruct-v0.3,MMLU_selected_subjects,isot_fake_531,clean,0.548,28,340
2026-01-19 08:43:01,google/gemma-2-9b,MMLU_selected_subjects,isot_fake_896,meani,0.423,28,200
2026-01-19 08:47:34,mistralai/Mistral-7B-Instruct-v0.3,MMLU_selected_subjects,isot_fake_531,meani,0.55,28,340
2026-01-19 08:49:40,google/gemma-2-9b,MMLU_selected_subjects,isot_fake_897,clean,0.477,28,711
2026-01-19 08:53:03,mistralai/Mistral-7B-Instruct-v0.3,MMLU_selected_subjects,isot_fake_532,clean,0.555,28,299
2026-01-19 08:56:18,google/gemma-2-9b,MMLU_selected_subjects,isot_fake_897,meani,0.462,28,711
2026-01-19 08:58:32,mistralai/Mistral-7B-Instruct-v0.3,MMLU_selected_subjects,isot_fake_532,meani,0.55,28,299
2026-01-19 09:02:34,google/gemma-2-9b,MMLU_selected_subjects,isot_fake_898,clean,0.484,28,351
2026-01-19 09:04:44,mistralai/Mistral-7B-Instruct-v0.3,MMLU_selected_subjects,isot_fake_533,clean,0.553,28,748
2026-01-19 09:08:47,google/gemma-2-9b,MMLU_selected_subjects,isot_fake_898,meani,0.383,28,351
2026-01-19 09:10:51,mistralai/Mistral-7B-Instruct-v0.3,MMLU_selected_subjects,isot_fake_533,meani,0.545,28,748
2026-01-19 09:14:59,google/gemma-2-9b,MMLU_selected_subjects,isot_fake_899,clean,0.495,28,425
2026-01-19 09:16:18,mistralai/Mistral-7B-Instruct-v0.3,MMLU_selected_subjects,isot_fake_534,clean,0.548,28,327
2026-01-19 09:21:10,google/gemma-2-9b,MMLU_selected_subjects,isot_fake_899,meani,0.491,28,425
2026-01-19 09:21:40,mistralai/Mistral-7B-Instruct-v0.3,MMLU_selected_subjects,isot_fake_534,meani,0.561,28,327
2026-01-19 09:27:14,mistralai/Mistral-7B-Instruct-v0.3,MMLU_selected_subjects,isot_fake_535,clean,0.542,28,352
2026-01-19 09:27:20,google/gemma-2-9b,MMLU_selected_subjects,isot_fake_9,clean,0.393,28,371
2026-01-19 09:32:46,mistralai/Mistral-7B-Instruct-v0.3,MMLU_selected_subjects,isot_fake_535,meani,0.553,28,352
2026-01-19 09:33:30,google/gemma-2-9b,MMLU_selected_subjects,isot_fake_9,meani,0.391,28,371
2026-01-19 09:38:55,mistralai/Mistral-7B-Instruct-v0.3,MMLU_selected_subjects,isot_fake_536,clean,0.548,28,795
2026-01-19 09:39:29,google/gemma-2-9b,MMLU_selected_subjects,isot_fake_90,clean,0.4,28,200
2026-01-19 09:45:02,mistralai/Mistral-7B-Instruct-v0.3,MMLU_selected_subjects,isot_fake_536,meani,0.546,28,795
2026-01-19 09:45:29,google/gemma-2-9b,MMLU_selected_subjects,isot_fake_90,meani,0.479,28,200
2026-01-19 09:50:24,mistralai/Mistral-7B-Instruct-v0.3,MMLU_selected_subjects,isot_fake_537,clean,0.545,28,259
2026-01-19 09:52:12,google/gemma-2-9b,MMLU_selected_subjects,isot_fake_900,clean,0.55,28,675
2026-01-19 09:55:47,mistralai/Mistral-7B-Instruct-v0.3,MMLU_selected_subjects,isot_fake_537,meani,0.553,28,259
2026-01-19 09:58:57,google/gemma-2-9b,MMLU_selected_subjects,isot_fake_900,meani,0.355,28,675
2026-01-19 10:01:11,mistralai/Mistral-7B-Instruct-v0.3,MMLU_selected_subjects,isot_fake_538,clean,0.532,28,222
2026-01-19 10:05:28,google/gemma-2-9b,MMLU_selected_subjects,isot_fake_901,clean,0.479,28,480
2026-01-19 10:06:37,mistralai/Mistral-7B-Instruct-v0.3,MMLU_selected_subjects,isot_fake_538,meani,0.546,28,222
2026-01-19 10:11:56,google/gemma-2-9b,MMLU_selected_subjects,isot_fake_901,meani,0.357,28,480
2026-01-19 10:12:29,mistralai/Mistral-7B-Instruct-v0.3,MMLU_selected_subjects,isot_fake_539,clean,0.551,28,621
2026-01-19 10:18:10,google/gemma-2-9b,MMLU_selected_subjects,isot_fake_902,clean,0.509,28,400
2026-01-19 10:18:20,mistralai/Mistral-7B-Instruct-v0.3,MMLU_selected_subjects,isot_fake_539,meani,0.545,28,621
2026-01-19 10:23:48,mistralai/Mistral-7B-Instruct-v0.3,MMLU_selected_subjects,isot_fake_54,clean,0.54,28,256
2026-01-19 10:24:30,google/gemma-2-9b,MMLU_selected_subjects,isot_fake_902,meani,0.482,28,400
2026-01-19 10:29:11,mistralai/Mistral-7B-Instruct-v0.3,MMLU_selected_subjects,isot_fake_54,meani,0.548,28,256
2026-01-19 10:30:46,google/gemma-2-9b,MMLU_selected_subjects,isot_fake_903,clean,0.427,28,327
2026-01-19 10:34:34,mistralai/Mistral-7B-Instruct-v0.3,MMLU_selected_subjects,isot_fake_540,clean,0.533,28,226
2026-01-19 10:37:07,google/gemma-2-9b,MMLU_selected_subjects,isot_fake_903,meani,0.252,28,327
2026-01-19 10:39:59,mistralai/Mistral-7B-Instruct-v0.3,MMLU_selected_subjects,isot_fake_540,meani,0.539,28,226
2026-01-19 10:43:22,google/gemma-2-9b,MMLU_selected_subjects,isot_fake_904,clean,0.361,28,234
2026-01-19 10:45:23,mistralai/Mistral-7B-Instruct-v0.3,MMLU_selected_subjects,isot_fake_541,clean,0.549,28,291
2026-01-19 10:49:44,google/gemma-2-9b,MMLU_selected_subjects,isot_fake_904,meani,0.45,28,234
2026-01-19 10:50:48,mistralai/Mistral-7B-Instruct-v0.3,MMLU_selected_subjects,isot_fake_541,meani,0.557,28,291
2026-01-19 10:56:16,google/gemma-2-9b,MMLU_selected_subjects,isot_fake_905,clean,0.45,28,409
2026-01-19 10:56:54,mistralai/Mistral-7B-Instruct-v0.3,MMLU_selected_subjects,isot_fake_542,clean,0.551,28,592
2026-01-19 11:02:44,mistralai/Mistral-7B-Instruct-v0.3,MMLU_selected_subjects,isot_fake_542,meani,0.553,28,592
2026-01-19 11:02:45,google/gemma-2-9b,MMLU_selected_subjects,isot_fake_905,meani,0.425,28,409
2026-01-19 11:08:36,mistralai/Mistral-7B-Instruct-v0.3,MMLU_selected_subjects,isot_fake_543,clean,0.55,28,585
2026-01-19 11:09:33,google/gemma-2-9b,MMLU_selected_subjects,isot_fake_906,clean,0.459,28,556
2026-01-19 11:14:24,mistralai/Mistral-7B-Instruct-v0.3,MMLU_selected_subjects,isot_fake_543,meani,0.551,28,585
2026-01-19 11:16:20,google/gemma-2-9b,MMLU_selected_subjects,isot_fake_906,meani,0.272,28,556
2026-01-19 11:19:46,mistralai/Mistral-7B-Instruct-v0.3,MMLU_selected_subjects,isot_fake_544,clean,0.56,28,231
2026-01-19 11:22:56,google/gemma-2-9b,MMLU_selected_subjects,isot_fake_907,clean,0.413,28,561
2026-01-19 11:25:06,mistralai/Mistral-7B-Instruct-v0.3,MMLU_selected_subjects,isot_fake_544,meani,0.552,28,231
2026-01-19 11:29:35,google/gemma-2-9b,MMLU_selected_subjects,isot_fake_907,meani,0.466,28,561
2026-01-19 11:31:04,mistralai/Mistral-7B-Instruct-v0.3,MMLU_selected_subjects,isot_fake_545,clean,0.54,28,511
2026-01-19 11:36:21,google/gemma-2-9b,MMLU_selected_subjects,isot_fake_908,clean,0.488,28,669
2026-01-19 11:36:59,mistralai/Mistral-7B-Instruct-v0.3,MMLU_selected_subjects,isot_fake_545,meani,0.535,28,511
2026-01-19 11:42:52,mistralai/Mistral-7B-Instruct-v0.3,MMLU_selected_subjects,isot_fake_546,clean,0.546,28,716
2026-01-19 11:43:04,google/gemma-2-9b,MMLU_selected_subjects,isot_fake_908,meani,0.462,28,669
2026-01-19 11:48:44,mistralai/Mistral-7B-Instruct-v0.3,MMLU_selected_subjects,isot_fake_546,meani,0.548,28,716
2026-01-19 11:49:40,google/gemma-2-9b,MMLU_selected_subjects,isot_fake_909,clean,0.509,28,479
2026-01-19 11:54:51,mistralai/Mistral-7B-Instruct-v0.3,MMLU_selected_subjects,isot_fake_547,clean,0.544,28,792
2026-01-19 11:56:18,google/gemma-2-9b,MMLU_selected_subjects,isot_fake_909,meani,0.491,28,479
2026-01-19 12:00:58,mistralai/Mistral-7B-Instruct-v0.3,MMLU_selected_subjects,isot_fake_547,meani,0.549,28,792
2026-01-19 12:02:48,google/gemma-2-9b,MMLU_selected_subjects,isot_fake_91,clean,0.531,28,454
2026-01-19 12:06:54,mistralai/Mistral-7B-Instruct-v0.3,MMLU_selected_subjects,isot_fake_548,clean,0.549,28,689
2026-01-19 12:09:18,google/gemma-2-9b,MMLU_selected_subjects,isot_fake_91,meani,0.523,28,454
2026-01-19 12:12:52,mistralai/Mistral-7B-Instruct-v0.3,MMLU_selected_subjects,isot_fake_548,meani,0.553,28,689
2026-01-19 12:16:19,google/gemma-2-9b,MMLU_selected_subjects,isot_fake_910,clean,0.506,28,785
2026-01-19 12:18:51,mistralai/Mistral-7B-Instruct-v0.3,MMLU_selected_subjects,isot_fake_549,clean,0.547,28,640
2026-01-19 12:23:21,google/gemma-2-9b,MMLU_selected_subjects,isot_fake_910,meani,0.447,28,785
2026-01-19 12:24:46,mistralai/Mistral-7B-Instruct-v0.3,MMLU_selected_subjects,isot_fake_549,meani,0.533,28,640
2026-01-19 12:30:11,google/gemma-2-9b,MMLU_selected_subjects,isot_fake_911,clean,0.488,28,542
2026-01-19 12:30:12,mistralai/Mistral-7B-Instruct-v0.3,MMLU_selected_subjects,isot_fake_55,clean,0.538,28,283
2026-01-19 12:35:39,mistralai/Mistral-7B-Instruct-v0.3,MMLU_selected_subjects,isot_fake_55,meani,0.55,28,283
2026-01-19 12:37:01,google/gemma-2-9b,MMLU_selected_subjects,isot_fake_911,meani,0.398,28,542
2026-01-19 12:41:11,mistralai/Mistral-7B-Instruct-v0.3,MMLU_selected_subjects,isot_fake_550,clean,0.553,28,311
2026-01-19 12:43:22,google/gemma-2-9b,MMLU_selected_subjects,isot_fake_912,clean,0.534,28,276
2026-01-19 12:46:44,mistralai/Mistral-7B-Instruct-v0.3,MMLU_selected_subjects,isot_fake_550,meani,0.545,28,311
2026-01-19 12:49:42,google/gemma-2-9b,MMLU_selected_subjects,isot_fake_912,meani,0.453,28,276
2026-01-19 12:52:38,mistralai/Mistral-7B-Instruct-v0.3,MMLU_selected_subjects,isot_fake_551,clean,0.554,28,718
2026-01-19 12:56:31,google/gemma-2-9b,MMLU_selected_subjects,isot_fake_913,clean,0.443,28,584
2026-01-19 12:58:33,mistralai/Mistral-7B-Instruct-v0.3,MMLU_selected_subjects,isot_fake_551,meani,0.537,28,718
2026-01-19 13:03:30,google/gemma-2-9b,MMLU_selected_subjects,isot_fake_913,meani,0.374,28,584
2026-01-19 13:04:47,mistralai/Mistral-7B-Instruct-v0.3,MMLU_selected_subjects,isot_fake_552,clean,0.546,28,778
2026-01-19 13:10:29,google/gemma-2-9b,MMLU_selected_subjects,isot_fake_914,clean,0.287,28,444
2026-01-19 13:11:04,mistralai/Mistral-7B-Instruct-v0.3,MMLU_selected_subjects,isot_fake_552,meani,0.554,28,778
2026-01-19 13:16:35,mistralai/Mistral-7B-Instruct-v0.3,MMLU_selected_subjects,isot_fake_553,clean,0.553,28,222
2026-01-19 13:17:26,google/gemma-2-9b,MMLU_selected_subjects,isot_fake_914,meani,0.264,28,444
2026-01-19 13:22:07,mistralai/Mistral-7B-Instruct-v0.3,MMLU_selected_subjects,isot_fake_553,meani,0.55,28,222
2026-01-19 13:24:29,google/gemma-2-9b,MMLU_selected_subjects,isot_fake_915,clean,0.513,28,568
2026-01-19 13:28:28,mistralai/Mistral-7B-Instruct-v0.3,MMLU_selected_subjects,isot_fake_554,clean,0.557,28,752
2026-01-19 13:31:34,google/gemma-2-9b,MMLU_selected_subjects,isot_fake_915,meani,0.462,28,568
2026-01-19 13:34:41,mistralai/Mistral-7B-Instruct-v0.3,MMLU_selected_subjects,isot_fake_554,meani,0.553,28,752
2026-01-19 13:37:41,google/gemma-2-9b,MMLU_selected_subjects,isot_fake_916,clean,0.496,28,273
2026-01-19 13:40:19,mistralai/Mistral-7B-Instruct-v0.3,MMLU_selected_subjects,isot_fake_555,clean,0.558,28,284
2026-01-19 13:43:45,google/gemma-2-9b,MMLU_selected_subjects,isot_fake_916,meani,0.396,28,273
2026-01-19 13:45:54,mistralai/Mistral-7B-Instruct-v0.3,MMLU_selected_subjects,isot_fake_555,meani,0.554,28,284
2026-01-19 13:49:59,google/gemma-2-9b,MMLU_selected_subjects,isot_fake_917,clean,0.497,28,350
2026-01-19 13:51:53,mistralai/Mistral-7B-Instruct-v0.3,MMLU_selected_subjects,isot_fake_556,clean,0.548,28,752
2026-01-19 13:56:16,google/gemma-2-9b,MMLU_selected_subjects,isot_fake_917,meani,0.315,28,350
2026-01-19 13:57:40,mistralai/Mistral-7B-Instruct-v0.3,MMLU_selected_subjects,isot_fake_556,meani,0.545,28,752
2026-01-19 14:02:33,google/gemma-2-9b,MMLU_selected_subjects,isot_fake_918,clean,0.494,28,501
2026-01-19 14:03:39,mistralai/Mistral-7B-Instruct-v0.3,MMLU_selected_subjects,isot_fake_557,clean,0.557,28,689
2026-01-19 14:08:48,google/gemma-2-9b,MMLU_selected_subjects,isot_fake_918,meani,0.485,28,501
2026-01-19 14:09:35,mistralai/Mistral-7B-Instruct-v0.3,MMLU_selected_subjects,isot_fake_557,meani,0.56,28,689
2026-01-19 14:14:58,mistralai/Mistral-7B-Instruct-v0.3,MMLU_selected_subjects,isot_fake_558,clean,0.543,28,250
2026-01-19 14:15:23,google/gemma-2-9b,MMLU_selected_subjects,isot_fake_919,clean,0.474,28,632
2026-01-19 14:20:14,mistralai/Mistral-7B-Instruct-v0.3,MMLU_selected_subjects,isot_fake_558,meani,0.541,28,250
2026-01-19 14:21:57,google/gemma-2-9b,MMLU_selected_subjects,isot_fake_919,meani,0.427,28,632
2026-01-19 14:25:37,mistralai/Mistral-7B-Instruct-v0.3,MMLU_selected_subjects,isot_fake_559,clean,0.546,28,205
2026-01-19 14:28:21,google/gemma-2-9b,MMLU_selected_subjects,isot_fake_92,clean,0.488,28,514
2026-01-19 14:30:57,mistralai/Mistral-7B-Instruct-v0.3,MMLU_selected_subjects,isot_fake_559,meani,0.544,28,205
2026-01-19 14:34:44,google/gemma-2-9b,MMLU_selected_subjects,isot_fake_92,meani,0.408,28,514
2026-01-19 14:36:32,mistralai/Mistral-7B-Instruct-v0.3,MMLU_selected_subjects,isot_fake_56,clean,0.537,28,587
2026-01-19 14:41:03,google/gemma-2-9b,MMLU_selected_subjects,isot_fake_920,clean,0.471,28,492
2026-01-19 14:42:10,mistralai/Mistral-7B-Instruct-v0.3,MMLU_selected_subjects,isot_fake_56,meani,0.55,28,587
2026-01-19 14:47:24,google/gemma-2-9b,MMLU_selected_subjects,isot_fake_920,meani,0.325,28,492
2026-01-19 14:47:45,mistralai/Mistral-7B-Instruct-v0.3,MMLU_selected_subjects,isot_fake_560,clean,0.544,28,586
2026-01-19 14:53:23,mistralai/Mistral-7B-Instruct-v0.3,MMLU_selected_subjects,isot_fake_560,meani,0.561,28,586
2026-01-19 14:53:42,google/gemma-2-9b,MMLU_selected_subjects,isot_fake_921,clean,0.431,28,301
2026-01-19 14:58:52,mistralai/Mistral-7B-Instruct-v0.3,MMLU_selected_subjects,isot_fake_561,clean,0.55,28,382
2026-01-19 14:59:59,google/gemma-2-9b,MMLU_selected_subjects,isot_fake_921,meani,0.298,28,301
2026-01-19 15:04:25,mistralai/Mistral-7B-Instruct-v0.3,MMLU_selected_subjects,isot_fake_561,meani,0.542,28,382
2026-01-19 15:06:36,google/gemma-2-9b,MMLU_selected_subjects,isot_fake_922,clean,0.541,28,704
2026-01-19 15:10:22,mistralai/Mistral-7B-Instruct-v0.3,MMLU_selected_subjects,isot_fake_562,clean,0.549,28,730
2026-01-19 15:13:11,google/gemma-2-9b,MMLU_selected_subjects,isot_fake_922,meani,0.391,28,704
2026-01-19 15:16:18,mistralai/Mistral-7B-Instruct-v0.3,MMLU_selected_subjects,isot_fake_562,meani,0.549,28,730
2026-01-19 15:19:56,google/gemma-2-9b,MMLU_selected_subjects,isot_fake_923,clean,0.46,28,795
2026-01-19 15:22:03,mistralai/Mistral-7B-Instruct-v0.3,MMLU_selected_subjects,isot_fake_563,clean,0.55,28,564
2026-01-19 15:26:44,google/gemma-2-9b,MMLU_selected_subjects,isot_fake_923,meani,0.441,28,795
2026-01-19 15:27:43,mistralai/Mistral-7B-Instruct-v0.3,MMLU_selected_subjects,isot_fake_563,meani,0.545,28,564
2026-01-19 15:33:08,google/gemma-2-9b,MMLU_selected_subjects,isot_fake_924,clean,0.485,28,566
2026-01-19 15:33:38,mistralai/Mistral-7B-Instruct-v0.3,MMLU_selected_subjects,isot_fake_564,clean,0.538,28,675
2026-01-19 15:39:34,mistralai/Mistral-7B-Instruct-v0.3,MMLU_selected_subjects,isot_fake_564,meani,0.545,28,675
2026-01-19 15:39:34,google/gemma-2-9b,MMLU_selected_subjects,isot_fake_924,meani,0.39,28,566
2026-01-19 15:45:08,mistralai/Mistral-7B-Instruct-v0.3,MMLU_selected_subjects,isot_fake_565,clean,0.539,28,418
2026-01-19 15:46:20,google/gemma-2-9b,MMLU_selected_subjects,isot_fake_925,clean,0.348,28,760
2026-01-19 15:50:41,mistralai/Mistral-7B-Instruct-v0.3,MMLU_selected_subjects,isot_fake_565,meani,0.542,28,418
2026-01-19 15:53:06,google/gemma-2-9b,MMLU_selected_subjects,isot_fake_925,meani,0.339,28,760
2026-01-19 15:56:00,mistralai/Mistral-7B-Instruct-v0.3,MMLU_selected_subjects,isot_fake_566,clean,0.553,28,231
2026-01-19 15:59:18,google/gemma-2-9b,MMLU_selected_subjects,isot_fake_926,clean,0.475,28,272
2026-01-19 16:01:27,mistralai/Mistral-7B-Instruct-v0.3,MMLU_selected_subjects,isot_fake_566,meani,0.546,28,231
2026-01-19 16:05:34,google/gemma-2-9b,MMLU_selected_subjects,isot_fake_926,meani,0.314,28,272
2026-01-19 16:07:29,mistralai/Mistral-7B-Instruct-v0.3,MMLU_selected_subjects,isot_fake_567,clean,0.546,28,752
2026-01-19 16:11:42,google/gemma-2-9b,MMLU_selected_subjects,isot_fake_927,clean,0.218,28,614
2026-01-19 16:13:34,mistralai/Mistral-7B-Instruct-v0.3,MMLU_selected_subjects,isot_fake_567,meani,0.55,28,752
2026-01-19 16:18:23,google/gemma-2-9b,MMLU_selected_subjects,isot_fake_927,meani,0.312,28,614
2026-01-19 16:19:33,mistralai/Mistral-7B-Instruct-v0.3,MMLU_selected_subjects,isot_fake_568,clean,0.536,28,758
2026-01-19 16:24:35,google/gemma-2-9b,MMLU_selected_subjects,isot_fake_928,clean,0.433,28,308
2026-01-19 16:25:31,mistralai/Mistral-7B-Instruct-v0.3,MMLU_selected_subjects,isot_fake_568,meani,0.546,28,758
2026-01-19 16:30:42,google/gemma-2-9b,MMLU_selected_subjects,isot_fake_928,meani,0.359,28,308
2026-01-19 16:31:22,mistralai/Mistral-7B-Instruct-v0.3,MMLU_selected_subjects,isot_fake_569,clean,0.552,28,648
2026-01-19 16:37:14,mistralai/Mistral-7B-Instruct-v0.3,MMLU_selected_subjects,isot_fake_569,meani,0.551,28,648
2026-01-19 16:37:16,google/gemma-2-9b,MMLU_selected_subjects,isot_fake_929,clean,0.499,28,583
2026-01-19 16:42:45,mistralai/Mistral-7B-Instruct-v0.3,MMLU_selected_subjects,isot_fake_57,clean,0.547,28,293
2026-01-19 16:43:51,google/gemma-2-9b,MMLU_selected_subjects,isot_fake_929,meani,0.314,28,583
2026-01-19 16:48:14,mistralai/Mistral-7B-Instruct-v0.3,MMLU_selected_subjects,isot_fake_57,meani,0.547,28,293
2026-01-19 16:50:17,google/gemma-2-9b,MMLU_selected_subjects,isot_fake_93,clean,0.35,28,344
2026-01-19 16:53:33,mistralai/Mistral-7B-Instruct-v0.3,MMLU_selected_subjects,isot_fake_570,clean,0.544,28,230
2026-01-19 16:56:36,google/gemma-2-9b,MMLU_selected_subjects,isot_fake_93,meani,0.26,28,344
2026-01-19 16:58:51,mistralai/Mistral-7B-Instruct-v0.3,MMLU_selected_subjects,isot_fake_570,meani,0.549,28,230
2026-01-19 17:02:51,google/gemma-2-9b,MMLU_selected_subjects,isot_fake_930,clean,0.505,28,275
2026-01-19 17:04:15,mistralai/Mistral-7B-Instruct-v0.3,MMLU_selected_subjects,isot_fake_571,clean,0.541,28,279
2026-01-19 17:09:05,google/gemma-2-9b,MMLU_selected_subjects,isot_fake_930,meani,0.412,28,275
2026-01-19 17:09:38,mistralai/Mistral-7B-Instruct-v0.3,MMLU_selected_subjects,isot_fake_571,meani,0.554,28,279
2026-01-19 17:15:17,mistralai/Mistral-7B-Instruct-v0.3,MMLU_selected_subjects,isot_fake_572,clean,0.544,28,501
2026-01-19 17:15:26,google/gemma-2-9b,MMLU_selected_subjects,isot_fake_931,clean,0.411,28,457
2026-01-19 17:20:56,mistralai/Mistral-7B-Instruct-v0.3,MMLU_selected_subjects,isot_fake_572,meani,0.533,28,501
2026-01-19 17:21:51,google/gemma-2-9b,MMLU_selected_subjects,isot_fake_931,meani,0.355,28,457
2026-01-19 17:27:12,mistralai/Mistral-7B-Instruct-v0.3,MMLU_selected_subjects,isot_fake_573,clean,0.552,28,780
2026-01-19 17:28:40,google/gemma-2-9b,MMLU_selected_subjects,isot_fake_932,clean,0.511,28,607
2026-01-19 17:33:21,mistralai/Mistral-7B-Instruct-v0.3,MMLU_selected_subjects,isot_fake_573,meani,0.548,28,780
2026-01-19 17:35:16,google/gemma-2-9b,MMLU_selected_subjects,isot_fake_932,meani,0.409,28,607
2026-01-19 17:39:24,mistralai/Mistral-7B-Instruct-v0.3,MMLU_selected_subjects,isot_fake_574,clean,0.553,28,714
2026-01-19 17:41:35,google/gemma-2-9b,MMLU_selected_subjects,isot_fake_933,clean,0.519,28,419
2026-01-19 17:45:22,mistralai/Mistral-7B-Instruct-v0.3,MMLU_selected_subjects,isot_fake_574,meani,0.559,28,714
2026-01-19 17:47:52,google/gemma-2-9b,MMLU_selected_subjects,isot_fake_933,meani,0.515,28,419
2026-01-19 17:50:36,mistralai/Mistral-7B-Instruct-v0.3,MMLU_selected_subjects,isot_fake_575,clean,0.543,28,208
2026-01-19 17:54:15,google/gemma-2-9b,MMLU_selected_subjects,isot_fake_934,clean,0.326,28,319
2026-01-19 17:55:48,mistralai/Mistral-7B-Instruct-v0.3,MMLU_selected_subjects,isot_fake_575,meani,0.552,28,208
2026-01-19 18:00:22,google/gemma-2-9b,MMLU_selected_subjects,isot_fake_934,meani,0.435,28,319
2026-01-19 18:01:03,mistralai/Mistral-7B-Instruct-v0.3,MMLU_selected_subjects,isot_fake_576,clean,0.54,28,233
2026-01-19 18:06:12,mistralai/Mistral-7B-Instruct-v0.3,MMLU_selected_subjects,isot_fake_576,meani,0.564,28,233
2026-01-19 18:06:49,google/gemma-2-9b,MMLU_selected_subjects,isot_fake_935,clean,0.507,28,507
2026-01-19 18:12:15,mistralai/Mistral-7B-Instruct-v0.3,MMLU_selected_subjects,isot_fake_577,clean,0.544,28,738
2026-01-19 18:13:18,google/gemma-2-9b,MMLU_selected_subjects,isot_fake_935,meani,0.467,28,507
2026-01-19 18:18:18,mistralai/Mistral-7B-Instruct-v0.3,MMLU_selected_subjects,isot_fake_577,meani,0.539,28,738
2026-01-19 18:19:40,google/gemma-2-9b,MMLU_selected_subjects,isot_fake_936,clean,0.442,28,475
2026-01-19 18:23:47,mistralai/Mistral-7B-Instruct-v0.3,MMLU_selected_subjects,isot_fake_578,clean,0.555,28,300
2026-01-19 18:26:01,google/gemma-2-9b,MMLU_selected_subjects,isot_fake_936,meani,0.506,28,475
2026-01-19 18:29:00,mistralai/Mistral-7B-Instruct-v0.3,MMLU_selected_subjects,isot_fake_578,meani,0.556,28,300
2026-01-19 18:32:06,google/gemma-2-9b,MMLU_selected_subjects,isot_fake_937,clean,0.354,28,298
2026-01-19 18:34:50,mistralai/Mistral-7B-Instruct-v0.3,MMLU_selected_subjects,isot_fake_579,clean,0.542,28,642
2026-01-19 18:38:10,google/gemma-2-9b,MMLU_selected_subjects,isot_fake_937,meani,0.345,28,298
2026-01-19 18:40:43,mistralai/Mistral-7B-Instruct-v0.3,MMLU_selected_subjects,isot_fake_579,meani,0.548,28,642
2026-01-19 18:44:17,google/gemma-2-9b,MMLU_selected_subjects,isot_fake_938,clean,0.542,28,250
2026-01-19 18:46:06,mistralai/Mistral-7B-Instruct-v0.3,MMLU_selected_subjects,isot_fake_58,clean,0.549,28,299
2026-01-19 18:50:25,google/gemma-2-9b,MMLU_selected_subjects,isot_fake_938,meani,0.497,28,250
2026-01-19 18:51:29,mistralai/Mistral-7B-Instruct-v0.3,MMLU_selected_subjects,isot_fake_58,meani,0.548,28,299
2026-01-19 18:57:05,google/gemma-2-9b,MMLU_selected_subjects,isot_fake_939,clean,0.349,28,755
2026-01-19 18:57:18,mistralai/Mistral-7B-Instruct-v0.3,MMLU_selected_subjects,isot_fake_580,clean,0.544,28,636
2026-01-19 19:03:02,mistralai/Mistral-7B-Instruct-v0.3,MMLU_selected_subjects,isot_fake_580,meani,0.54,28,636
2026-01-19 19:03:44,google/gemma-2-9b,MMLU_selected_subjects,isot_fake_939,meani,0.436,28,755
2026-01-19 19:08:24,mistralai/Mistral-7B-Instruct-v0.3,MMLU_selected_subjects,isot_fake_581,clean,0.56,28,221
2026-01-19 19:10:01,google/gemma-2-9b,MMLU_selected_subjects,isot_fake_94,clean,0.388,28,445
2026-01-19 19:13:40,mistralai/Mistral-7B-Instruct-v0.3,MMLU_selected_subjects,isot_fake_581,meani,0.555,28,221
2026-01-19 19:16:19,google/gemma-2-9b,MMLU_selected_subjects,isot_fake_94,meani,0.404,28,445
2026-01-19 19:19:42,mistralai/Mistral-7B-Instruct-v0.3,MMLU_selected_subjects,isot_fake_582,clean,0.542,28,776
2026-01-19 19:22:29,google/gemma-2-9b,MMLU_selected_subjects,isot_fake_940,clean,0.473,28,219
2026-01-19 19:25:39,mistralai/Mistral-7B-Instruct-v0.3,MMLU_selected_subjects,isot_fake_582,meani,0.544,28,776
2026-01-19 19:28:39,google/gemma-2-9b,MMLU_selected_subjects,isot_fake_940,meani,0.257,28,219
2026-01-19 19:31:42,mistralai/Mistral-7B-Instruct-v0.3,MMLU_selected_subjects,isot_fake_583,clean,0.538,28,791
2026-01-19 19:35:00,google/gemma-2-9b,MMLU_selected_subjects,isot_fake_941,clean,0.513,28,587
2026-01-19 19:37:46,mistralai/Mistral-7B-Instruct-v0.3,MMLU_selected_subjects,isot_fake_583,meani,0.55,28,791
2026-01-19 19:41:22,google/gemma-2-9b,MMLU_selected_subjects,isot_fake_941,meani,0.29,28,587
2026-01-19 19:43:08,mistralai/Mistral-7B-Instruct-v0.3,MMLU_selected_subjects,isot_fake_584,clean,0.543,28,208
2026-01-19 19:47:44,google/gemma-2-9b,MMLU_selected_subjects,isot_fake_942,clean,0.306,28,368
2026-01-19 19:48:24,mistralai/Mistral-7B-Instruct-v0.3,MMLU_selected_subjects,isot_fake_584,meani,0.547,28,208
2026-01-19 19:53:56,mistralai/Mistral-7B-Instruct-v0.3,MMLU_selected_subjects,isot_fake_585,clean,0.555,28,377
2026-01-19 19:54:06,google/gemma-2-9b,MMLU_selected_subjects,isot_fake_942,meani,0.396,28,368
2026-01-19 19:59:24,mistralai/Mistral-7B-Instruct-v0.3,MMLU_selected_subjects,isot_fake_585,meani,0.542,28,377
2026-01-19 20:00:19,google/gemma-2-9b,MMLU_selected_subjects,isot_fake_943,clean,0.263,28,248
2026-01-19 20:04:56,mistralai/Mistral-7B-Instruct-v0.3,MMLU_selected_subjects,isot_fake_586,clean,0.552,28,334
2026-01-19 20:06:27,google/gemma-2-9b,MMLU_selected_subjects,isot_fake_943,meani,0.355,28,248
2026-01-19 20:10:22,mistralai/Mistral-7B-Instruct-v0.3,MMLU_selected_subjects,isot_fake_586,meani,0.546,28,334
2026-01-19 20:12:50,google/gemma-2-9b,MMLU_selected_subjects,isot_fake_944,clean,0.428,28,616
2026-01-19 20:15:38,mistralai/Mistral-7B-Instruct-v0.3,MMLU_selected_subjects,isot_fake_587,clean,0.547,28,209
2026-01-19 20:19:12,google/gemma-2-9b,MMLU_selected_subjects,isot_fake_944,meani,0.394,28,616
2026-01-19 20:20:53,mistralai/Mistral-7B-Instruct-v0.3,MMLU_selected_subjects,isot_fake_587,meani,0.531,28,209
2026-01-19 20:25:32,google/gemma-2-9b,MMLU_selected_subjects,isot_fake_945,clean,0.517,28,429
2026-01-19 20:26:59,mistralai/Mistral-7B-Instruct-v0.3,MMLU_selected_subjects,isot_fake_588,clean,0.557,28,740
2026-01-19 20:31:51,google/gemma-2-9b,MMLU_selected_subjects,isot_fake_945,meani,0.324,28,429
2026-01-19 20:33:01,mistralai/Mistral-7B-Instruct-v0.3,MMLU_selected_subjects,isot_fake_588,meani,0.561,28,740
2026-01-19 20:37:43,google/gemma-2-9b,MMLU_selected_subjects,isot_fake_946,clean,0.387,28,206
2026-01-19 20:38:28,mistralai/Mistral-7B-Instruct-v0.3,MMLU_selected_subjects,isot_fake_589,clean,0.55,28,382
2026-01-19 20:43:39,google/gemma-2-9b,MMLU_selected_subjects,isot_fake_946,meani,0.23,28,206
2026-01-19 20:43:51,mistralai/Mistral-7B-Instruct-v0.3,MMLU_selected_subjects,isot_fake_589,meani,0.553,28,382
2026-01-19 20:49:16,mistralai/Mistral-7B-Instruct-v0.3,MMLU_selected_subjects,isot_fake_59,clean,0.544,28,387
2026-01-19 20:50:11,google/gemma-2-9b,MMLU_selected_subjects,isot_fake_947,clean,0.508,28,663
2026-01-19 20:54:40,mistralai/Mistral-7B-Instruct-v0.3,MMLU_selected_subjects,isot_fake_59,meani,0.554,28,387
2026-01-19 20:56:44,google/gemma-2-9b,MMLU_selected_subjects,isot_fake_947,meani,0.515,28,663
2026-01-19 21:00:03,mistralai/Mistral-7B-Instruct-v0.3,MMLU_selected_subjects,isot_fake_590,clean,0.549,28,367
2026-01-19 21:02:40,google/gemma-2-9b,MMLU_selected_subjects,isot_fake_948,clean,0.447,28,218
2026-01-19 21:05:27,mistralai/Mistral-7B-Instruct-v0.3,MMLU_selected_subjects,isot_fake_590,meani,0.546,28,367
2026-01-19 21:08:36,google/gemma-2-9b,MMLU_selected_subjects,isot_fake_948,meani,0.488,28,218
2026-01-19 21:11:18,mistralai/Mistral-7B-Instruct-v0.3,MMLU_selected_subjects,isot_fake_591,clean,0.544,28,669
2026-01-19 21:14:48,google/gemma-2-9b,MMLU_selected_subjects,isot_fake_949,clean,0.511,28,388
2026-01-19 21:17:02,mistralai/Mistral-7B-Instruct-v0.3,MMLU_selected_subjects,isot_fake_591,meani,0.554,28,669
2026-01-19 21:21:01,google/gemma-2-9b,MMLU_selected_subjects,isot_fake_949,meani,0.407,28,388
2026-01-19 21:22:50,mistralai/Mistral-7B-Instruct-v0.3,MMLU_selected_subjects,isot_fake_592,clean,0.549,28,691
2026-01-19 21:27:20,google/gemma-2-9b,MMLU_selected_subjects,isot_fake_95,clean,0.546,28,490
2026-01-19 21:28:34,mistralai/Mistral-7B-Instruct-v0.3,MMLU_selected_subjects,isot_fake_592,meani,0.557,28,691
2026-01-19 21:33:39,google/gemma-2-9b,MMLU_selected_subjects,isot_fake_95,meani,0.439,28,490
2026-01-19 21:34:29,mistralai/Mistral-7B-Instruct-v0.3,MMLU_selected_subjects,isot_fake_593,clean,0.538,28,696
2026-01-19 21:40:18,google/gemma-2-9b,MMLU_selected_subjects,isot_fake_950,clean,0.541,28,673
2026-01-19 21:40:25,mistralai/Mistral-7B-Instruct-v0.3,MMLU_selected_subjects,isot_fake_593,meani,0.548,28,696
2026-01-19 21:45:55,mistralai/Mistral-7B-Instruct-v0.3,MMLU_selected_subjects,isot_fake_594,clean,0.541,28,405
2026-01-19 21:46:57,google/gemma-2-9b,MMLU_selected_subjects,isot_fake_950,meani,0.436,28,673
2026-01-19 21:51:19,mistralai/Mistral-7B-Instruct-v0.3,MMLU_selected_subjects,isot_fake_594,meani,0.554,28,405
2026-01-19 21:53:20,google/gemma-2-9b,MMLU_selected_subjects,isot_fake_951,clean,0.463,28,651
2026-01-19 21:56:53,mistralai/Mistral-7B-Instruct-v0.3,MMLU_selected_subjects,isot_fake_595,clean,0.55,28,497
2026-01-19 21:59:43,google/gemma-2-9b,MMLU_selected_subjects,isot_fake_951,meani,0.375,28,651
2026-01-19 22:02:24,mistralai/Mistral-7B-Instruct-v0.3,MMLU_selected_subjects,isot_fake_595,meani,0.56,28,497
2026-01-19 22:06:12,google/gemma-2-9b,MMLU_selected_subjects,isot_fake_952,clean,0.464,28,697
2026-01-19 22:08:09,mistralai/Mistral-7B-Instruct-v0.3,MMLU_selected_subjects,isot_fake_596,clean,0.548,28,597
2026-01-19 22:12:41,google/gemma-2-9b,MMLU_selected_subjects,isot_fake_952,meani,0.44,28,697
2026-01-19 22:13:52,mistralai/Mistral-7B-Instruct-v0.3,MMLU_selected_subjects,isot_fake_596,meani,0.545,28,597
2026-01-19 22:18:46,google/gemma-2-9b,MMLU_selected_subjects,isot_fake_953,clean,0.497,28,311
2026-01-19 22:19:13,mistralai/Mistral-7B-Instruct-v0.3,MMLU_selected_subjects,isot_fake_597,clean,0.546,28,223
2026-01-19 22:24:24,mistralai/Mistral-7B-Instruct-v0.3,MMLU_selected_subjects,isot_fake_597,meani,0.559,28,223
2026-01-19 22:24:51,google/gemma-2-9b,MMLU_selected_subjects,isot_fake_953,meani,0.464,28,311
2026-01-19 22:30:05,mistralai/Mistral-7B-Instruct-v0.3,MMLU_selected_subjects,isot_fake_598,clean,0.538,28,651
2026-01-19 22:31:23,google/gemma-2-9b,MMLU_selected_subjects,isot_fake_954,clean,0.521,28,652
2026-01-19 22:35:47,mistralai/Mistral-7B-Instruct-v0.3,MMLU_selected_subjects,isot_fake_598,meani,0.546,28,651
2026-01-19 22:37:54,google/gemma-2-9b,MMLU_selected_subjects,isot_fake_954,meani,0.403,28,652
2026-01-19 22:41:17,mistralai/Mistral-7B-Instruct-v0.3,MMLU_selected_subjects,isot_fake_599,clean,0.557,28,473
2026-01-19 22:44:27,google/gemma-2-9b,MMLU_selected_subjects,isot_fake_955,clean,0.472,28,685
2026-01-19 22:46:54,mistralai/Mistral-7B-Instruct-v0.3,MMLU_selected_subjects,isot_fake_599,meani,0.559,28,473
2026-01-19 22:51:01,google/gemma-2-9b,MMLU_selected_subjects,isot_fake_955,meani,0.226,28,685
2026-01-19 22:52:12,mistralai/Mistral-7B-Instruct-v0.3,MMLU_selected_subjects,isot_fake_6,clean,0.549,28,325
2026-01-19 22:57:32,mistralai/Mistral-7B-Instruct-v0.3,MMLU_selected_subjects,isot_fake_6,meani,0.538,28,325
2026-01-19 22:57:35,google/gemma-2-9b,MMLU_selected_subjects,isot_fake_956,clean,0.45,28,755
2026-01-19 23:02:47,mistralai/Mistral-7B-Instruct-v0.3,MMLU_selected_subjects,isot_fake_60,clean,0.54,28,204
2026-01-19 23:04:10,google/gemma-2-9b,MMLU_selected_subjects,isot_fake_956,meani,0.374,28,755
2026-01-19 23:07:56,mistralai/Mistral-7B-Instruct-v0.3,MMLU_selected_subjects,isot_fake_60,meani,0.547,28,204
2026-01-19 23:10:23,google/gemma-2-9b,MMLU_selected_subjects,isot_fake_957,clean,0.529,28,419
2026-01-19 23:13:41,mistralai/Mistral-7B-Instruct-v0.3,MMLU_selected_subjects,isot_fake_600,clean,0.537,28,479
2026-01-19 23:16:37,google/gemma-2-9b,MMLU_selected_subjects,isot_fake_957,meani,0.466,28,419
2026-01-19 23:19:19,mistralai/Mistral-7B-Instruct-v0.3,MMLU_selected_subjects,isot_fake_600,meani,0.55,28,479
2026-01-19 23:23:05,google/gemma-2-9b,MMLU_selected_subjects,isot_fake_958,clean,0.474,28,667
2026-01-19 23:25:28,mistralai/Mistral-7B-Instruct-v0.3,MMLU_selected_subjects,isot_fake_601,clean,0.551,28,742
2026-01-19 23:29:34,google/gemma-2-9b,MMLU_selected_subjects,isot_fake_958,meani,0.349,28,667
2026-01-19 23:31:24,mistralai/Mistral-7B-Instruct-v0.3,MMLU_selected_subjects,isot_fake_601,meani,0.543,28,742
2026-01-19 23:36:05,google/gemma-2-9b,MMLU_selected_subjects,isot_fake_959,clean,0.409,28,673
2026-01-19 23:36:50,mistralai/Mistral-7B-Instruct-v0.3,MMLU_selected_subjects,isot_fake_602,clean,0.546,28,398
2026-01-19 23:42:15,mistralai/Mistral-7B-Instruct-v0.3,MMLU_selected_subjects,isot_fake_602,meani,0.544,28,398
2026-01-19 23:42:34,google/gemma-2-9b,MMLU_selected_subjects,isot_fake_959,meani,0.356,28,673
2026-01-19 23:48:32,mistralai/Mistral-7B-Instruct-v0.3,MMLU_selected_subjects,isot_fake_603,clean,0.551,28,785
2026-01-19 23:49:05,google/gemma-2-9b,MMLU_selected_subjects,isot_fake_96,clean,0.457,28,570
2026-01-19 23:54:37,mistralai/Mistral-7B-Instruct-v0.3,MMLU_selected_subjects,isot_fake_603,meani,0.55,28,785
2026-01-19 23:55:32,google/gemma-2-9b,MMLU_selected_subjects,isot_fake_96,meani,0.304,28,570
2026-01-20 00:00:25,mistralai/Mistral-7B-Instruct-v0.3,MMLU_selected_subjects,isot_fake_604,clean,0.549,28,615
2026-01-20 00:02:00,google/gemma-2-9b,MMLU_selected_subjects,isot_fake_960,clean,0.524,28,574
2026-01-20 00:06:06,mistralai/Mistral-7B-Instruct-v0.3,MMLU_selected_subjects,isot_fake_604,meani,0.543,28,615
2026-01-20 00:08:26,google/gemma-2-9b,MMLU_selected_subjects,isot_fake_960,meani,0.392,28,574
2026-01-20 00:12:15,mistralai/Mistral-7B-Instruct-v0.3,MMLU_selected_subjects,isot_fake_605,clean,0.542,28,662
2026-01-20 00:15:07,google/gemma-2-9b,MMLU_selected_subjects,isot_fake_961,clean,0.435,28,775
2026-01-20 00:18:18,mistralai/Mistral-7B-Instruct-v0.3,MMLU_selected_subjects,isot_fake_605,meani,0.548,28,662
2026-01-20 00:21:48,google/gemma-2-9b,MMLU_selected_subjects,isot_fake_961,meani,0.456,28,775
2026-01-20 00:23:35,mistralai/Mistral-7B-Instruct-v0.3,MMLU_selected_subjects,isot_fake_606,clean,0.545,28,254
2026-01-20 00:28:22,google/gemma-2-9b,MMLU_selected_subjects,isot_fake_962,clean,0.369,28,729
2026-01-20 00:29:00,mistralai/Mistral-7B-Instruct-v0.3,MMLU_selected_subjects,isot_fake_606,meani,0.542,28,254
2026-01-20 00:35:00,mistralai/Mistral-7B-Instruct-v0.3,MMLU_selected_subjects,isot_fake_607,clean,0.543,28,782
2026-01-20 00:35:00,google/gemma-2-9b,MMLU_selected_subjects,isot_fake_962,meani,0.375,28,729
2026-01-20 00:40:54,mistralai/Mistral-7B-Instruct-v0.3,MMLU_selected_subjects,isot_fake_607,meani,0.549,28,782
2026-01-20 00:41:36,google/gemma-2-9b,MMLU_selected_subjects,isot_fake_963,clean,0.512,28,647
2026-01-20 00:46:50,mistralai/Mistral-7B-Instruct-v0.3,MMLU_selected_subjects,isot_fake_608,clean,0.551,28,742
2026-01-20 00:48:11,google/gemma-2-9b,MMLU_selected_subjects,isot_fake_963,meani,0.434,28,647
2026-01-20 00:52:47,mistralai/Mistral-7B-Instruct-v0.3,MMLU_selected_subjects,isot_fake_608,meani,0.536,28,742
2026-01-20 00:54:46,google/gemma-2-9b,MMLU_selected_subjects,isot_fake_964,clean,0.428,28,731
2026-01-20 00:58:49,mistralai/Mistral-7B-Instruct-v0.3,MMLU_selected_subjects,isot_fake_609,clean,0.552,28,555
2026-01-20 01:01:21,google/gemma-2-9b,MMLU_selected_subjects,isot_fake_964,meani,0.334,28,731
2026-01-20 01:04:33,mistralai/Mistral-7B-Instruct-v0.3,MMLU_selected_subjects,isot_fake_609,meani,0.542,28,555
2026-01-20 01:07:52,google/gemma-2-9b,MMLU_selected_subjects,isot_fake_965,clean,0.517,28,657
2026-01-20 01:10:16,mistralai/Mistral-7B-Instruct-v0.3,MMLU_selected_subjects,isot_fake_61,clean,0.543,28,624
2026-01-20 01:14:23,google/gemma-2-9b,MMLU_selected_subjects,isot_fake_965,meani,0.438,28,657
2026-01-20 01:15:49,mistralai/Mistral-7B-Instruct-v0.3,MMLU_selected_subjects,isot_fake_61,meani,0.55,28,624
2026-01-20 01:20:53,google/gemma-2-9b,MMLU_selected_subjects,isot_fake_966,clean,0.529,28,716
2026-01-20 01:21:14,mistralai/Mistral-7B-Instruct-v0.3,MMLU_selected_subjects,isot_fake_610,clean,0.547,28,357
2026-01-20 01:26:35,mistralai/Mistral-7B-Instruct-v0.3,MMLU_selected_subjects,isot_fake_610,meani,0.54,28,357
2026-01-20 01:27:24,google/gemma-2-9b,MMLU_selected_subjects,isot_fake_966,meani,0.455,28,716
2026-01-20 01:32:41,mistralai/Mistral-7B-Instruct-v0.3,MMLU_selected_subjects,isot_fake_611,clean,0.555,28,699
2026-01-20 01:33:33,google/gemma-2-9b,MMLU_selected_subjects,isot_fake_967,clean,0.523,28,325
2026-01-20 01:38:44,mistralai/Mistral-7B-Instruct-v0.3,MMLU_selected_subjects,isot_fake_611,meani,0.537,28,699
2026-01-20 01:39:42,google/gemma-2-9b,MMLU_selected_subjects,isot_fake_967,meani,0.504,28,325
2026-01-20 01:44:20,mistralai/Mistral-7B-Instruct-v0.3,MMLU_selected_subjects,isot_fake_612,clean,0.55,28,346
2026-01-20 01:46:04,google/gemma-2-9b,MMLU_selected_subjects,isot_fake_968,clean,0.453,28,587
2026-01-20 01:49:53,mistralai/Mistral-7B-Instruct-v0.3,MMLU_selected_subjects,isot_fake_612,meani,0.541,28,346
2026-01-20 01:52:25,google/gemma-2-9b,MMLU_selected_subjects,isot_fake_968,meani,0.368,28,587
2026-01-20 01:55:52,mistralai/Mistral-7B-Instruct-v0.3,MMLU_selected_subjects,isot_fake_613,clean,0.558,28,623
2026-01-20 01:58:20,google/gemma-2-9b,MMLU_selected_subjects,isot_fake_969,clean,0.515,28,228
2026-01-20 02:01:46,mistralai/Mistral-7B-Instruct-v0.3,MMLU_selected_subjects,isot_fake_613,meani,0.542,28,623
2026-01-20 02:04:16,google/gemma-2-9b,MMLU_selected_subjects,isot_fake_969,meani,0.507,28,228
2026-01-20 02:07:15,mistralai/Mistral-7B-Instruct-v0.3,MMLU_selected_subjects,isot_fake_614,clean,0.55,28,399
2026-01-20 02:10:32,google/gemma-2-9b,MMLU_selected_subjects,isot_fake_97,clean,0.518,28,405
2026-01-20 02:12:41,mistralai/Mistral-7B-Instruct-v0.3,MMLU_selected_subjects,isot_fake_614,meani,0.55,28,399
2026-01-20 02:16:51,google/gemma-2-9b,MMLU_selected_subjects,isot_fake_97,meani,0.343,28,405
2026-01-20 02:18:14,mistralai/Mistral-7B-Instruct-v0.3,MMLU_selected_subjects,isot_fake_615,clean,0.543,28,423
2026-01-20 02:22:56,google/gemma-2-9b,MMLU_selected_subjects,isot_fake_970,clean,0.331,28,355
2026-01-20 02:23:48,mistralai/Mistral-7B-Instruct-v0.3,MMLU_selected_subjects,isot_fake_615,meani,0.543,28,423
2026-01-20 02:29:00,google/gemma-2-9b,MMLU_selected_subjects,isot_fake_970,meani,0.347,28,355
2026-01-20 02:29:33,mistralai/Mistral-7B-Instruct-v0.3,MMLU_selected_subjects,isot_fake_616,clean,0.537,28,654
2026-01-20 02:35:17,mistralai/Mistral-7B-Instruct-v0.3,MMLU_selected_subjects,isot_fake_616,meani,0.544,28,654
2026-01-20 02:35:21,google/gemma-2-9b,MMLU_selected_subjects,isot_fake_971,clean,0.521,28,520
2026-01-20 02:40:37,mistralai/Mistral-7B-Instruct-v0.3,MMLU_selected_subjects,isot_fake_617,clean,0.551,28,328
2026-01-20 02:41:41,google/gemma-2-9b,MMLU_selected_subjects,isot_fake_971,meani,0.499,28,520
2026-01-20 02:45:47,mistralai/Mistral-7B-Instruct-v0.3,MMLU_selected_subjects,isot_fake_617,meani,0.556,28,328
2026-01-20 02:48:03,google/gemma-2-9b,MMLU_selected_subjects,isot_fake_972,clean,0.465,28,599
2026-01-20 02:51:43,mistralai/Mistral-7B-Instruct-v0.3,MMLU_selected_subjects,isot_fake_618,clean,0.541,28,714
2026-01-20 02:54:23,google/gemma-2-9b,MMLU_selected_subjects,isot_fake_972,meani,0.321,28,599
2026-01-20 02:57:35,mistralai/Mistral-7B-Instruct-v0.3,MMLU_selected_subjects,isot_fake_618,meani,0.541,28,714
2026-01-20 03:00:26,google/gemma-2-9b,MMLU_selected_subjects,isot_fake_973,clean,0.512,28,244
2026-01-20 03:03:15,mistralai/Mistral-7B-Instruct-v0.3,MMLU_selected_subjects,isot_fake_619,clean,0.548,28,483
2026-01-20 03:06:30,google/gemma-2-9b,MMLU_selected_subjects,isot_fake_973,meani,0.351,28,244
2026-01-20 03:08:53,mistralai/Mistral-7B-Instruct-v0.3,MMLU_selected_subjects,isot_fake_619,meani,0.547,28,483
2026-01-20 03:12:36,google/gemma-2-9b,MMLU_selected_subjects,isot_fake_974,clean,0.533,28,347
2026-01-20 03:14:49,mistralai/Mistral-7B-Instruct-v0.3,MMLU_selected_subjects,isot_fake_62,clean,0.548,28,506
2026-01-20 03:18:42,google/gemma-2-9b,MMLU_selected_subjects,isot_fake_974,meani,0.375,28,347
2026-01-20 03:20:43,mistralai/Mistral-7B-Instruct-v0.3,MMLU_selected_subjects,isot_fake_62,meani,0.548,28,506
2026-01-20 03:25:22,google/gemma-2-9b,MMLU_selected_subjects,isot_fake_975,clean,0.546,28,752
2026-01-20 03:26:01,mistralai/Mistral-7B-Instruct-v0.3,MMLU_selected_subjects,isot_fake_620,clean,0.557,28,201
2026-01-20 03:31:08,mistralai/Mistral-7B-Instruct-v0.3,MMLU_selected_subjects,isot_fake_620,meani,0.551,28,201
2026-01-20 03:32:00,google/gemma-2-9b,MMLU_selected_subjects,isot_fake_975,meani,0.346,28,752
2026-01-20 03:36:41,mistralai/Mistral-7B-Instruct-v0.3,MMLU_selected_subjects,isot_fake_621,clean,0.547,28,371
2026-01-20 03:38:23,google/gemma-2-9b,MMLU_selected_subjects,isot_fake_976,clean,0.532,28,445
2026-01-20 03:42:16,mistralai/Mistral-7B-Instruct-v0.3,MMLU_selected_subjects,isot_fake_621,meani,0.54,28,371
2026-01-20 03:44:49,google/gemma-2-9b,MMLU_selected_subjects,isot_fake_976,meani,0.462,28,445
2026-01-20 03:48:03,mistralai/Mistral-7B-Instruct-v0.3,MMLU_selected_subjects,isot_fake_622,clean,0.55,28,608
2026-01-20 03:51:15,google/gemma-2-9b,MMLU_selected_subjects,isot_fake_977,clean,0.426,28,519
2026-01-20 03:53:42,mistralai/Mistral-7B-Instruct-v0.3,MMLU_selected_subjects,isot_fake_622,meani,0.544,28,608
2026-01-20 03:57:41,google/gemma-2-9b,MMLU_selected_subjects,isot_fake_977,meani,0.404,28,519
2026-01-20 03:59:33,mistralai/Mistral-7B-Instruct-v0.3,MMLU_selected_subjects,isot_fake_623,clean,0.538,28,770
2026-01-20 04:04:03,google/gemma-2-9b,MMLU_selected_subjects,isot_fake_978,clean,0.435,28,541
2026-01-20 04:05:25,mistralai/Mistral-7B-Instruct-v0.3,MMLU_selected_subjects,isot_fake_623,meani,0.535,28,770
2026-01-20 04:10:26,google/gemma-2-9b,MMLU_selected_subjects,isot_fake_978,meani,0.43,28,541
2026-01-20 04:10:59,mistralai/Mistral-7B-Instruct-v0.3,MMLU_selected_subjects,isot_fake_624,clean,0.554,28,351
2026-01-20 04:16:17,mistralai/Mistral-7B-Instruct-v0.3,MMLU_selected_subjects,isot_fake_624,meani,0.561,28,351
2026-01-20 04:16:56,google/gemma-2-9b,MMLU_selected_subjects,isot_fake_979,clean,0.532,28,558
2026-01-20 04:21:53,mistralai/Mistral-7B-Instruct-v0.3,MMLU_selected_subjects,isot_fake_625,clean,0.541,28,459
2026-01-20 04:23:24,google/gemma-2-9b,MMLU_selected_subjects,isot_fake_979,meani,0.399,28,558
2026-01-20 04:27:25,mistralai/Mistral-7B-Instruct-v0.3,MMLU_selected_subjects,isot_fake_625,meani,0.541,28,459
2026-01-20 04:30:06,google/gemma-2-9b,MMLU_selected_subjects,isot_fake_98,clean,0.504,28,780
2026-01-20 04:33:25,mistralai/Mistral-7B-Instruct-v0.3,MMLU_selected_subjects,isot_fake_626,clean,0.553,28,587
2026-01-20 04:36:47,google/gemma-2-9b,MMLU_selected_subjects,isot_fake_98,meani,0.447,28,780
2026-01-20 04:39:05,mistralai/Mistral-7B-Instruct-v0.3,MMLU_selected_subjects,isot_fake_626,meani,0.553,28,587
2026-01-20 04:43:15,google/gemma-2-9b,MMLU_selected_subjects,isot_fake_980,clean,0.486,28,509
2026-01-20 04:44:37,mistralai/Mistral-7B-Instruct-v0.3,MMLU_selected_subjects,isot_fake_627,clean,0.545,28,521
2026-01-20 04:49:43,google/gemma-2-9b,MMLU_selected_subjects,isot_fake_980,meani,0.494,28,509
2026-01-20 04:50:09,mistralai/Mistral-7B-Instruct-v0.3,MMLU_selected_subjects,isot_fake_627,meani,0.548,28,521
2026-01-20 04:55:53,mistralai/Mistral-7B-Instruct-v0.3,MMLU_selected_subjects,isot_fake_628,clean,0.545,28,555
2026-01-20 04:56:28,google/gemma-2-9b,MMLU_selected_subjects,isot_fake_981,clean,0.491,28,746
2026-01-20 05:01:32,mistralai/Mistral-7B-Instruct-v0.3,MMLU_selected_subjects,isot_fake_628,meani,0.546,28,555
2026-01-20 05:03:12,google/gemma-2-9b,MMLU_selected_subjects,isot_fake_981,meani,0.349,28,746
2026-01-20 05:06:59,mistralai/Mistral-7B-Instruct-v0.3,MMLU_selected_subjects,isot_fake_629,clean,0.551,28,386
2026-01-20 05:09:16,google/gemma-2-9b,MMLU_selected_subjects,isot_fake_982,clean,0.487,28,207
2026-01-20 05:12:27,mistralai/Mistral-7B-Instruct-v0.3,MMLU_selected_subjects,isot_fake_629,meani,0.547,28,386
2026-01-20 05:15:21,google/gemma-2-9b,MMLU_selected_subjects,isot_fake_982,meani,0.402,28,207
2026-01-20 05:18:24,mistralai/Mistral-7B-Instruct-v0.3,MMLU_selected_subjects,isot_fake_63,clean,0.535,28,738
2026-01-20 05:21:41,google/gemma-2-9b,MMLU_selected_subjects,isot_fake_983,clean,0.446,28,507
2026-01-20 05:24:22,mistralai/Mistral-7B-Instruct-v0.3,MMLU_selected_subjects,isot_fake_63,meani,0.534,28,738
2026-01-20 05:27:45,google/gemma-2-9b,MMLU_selected_subjects,isot_fake_983,meani,0.257,28,507
2026-01-20 05:30:03,mistralai/Mistral-7B-Instruct-v0.3,MMLU_selected_subjects,isot_fake_630,clean,0.534,28,509
2026-01-20 05:34:09,google/gemma-2-9b,MMLU_selected_subjects,isot_fake_984,clean,0.493,28,431
2026-01-20 05:35:43,mistralai/Mistral-7B-Instruct-v0.3,MMLU_selected_subjects,isot_fake_630,meani,0.548,28,509
2026-01-20 05:40:33,google/gemma-2-9b,MMLU_selected_subjects,isot_fake_984,meani,0.423,28,431
2026-01-20 05:41:39,mistralai/Mistral-7B-Instruct-v0.3,MMLU_selected_subjects,isot_fake_631,clean,0.545,28,743
2026-01-20 05:47:01,google/gemma-2-9b,MMLU_selected_subjects,isot_fake_985,clean,0.519,28,639
2026-01-20 05:47:30,mistralai/Mistral-7B-Instruct-v0.3,MMLU_selected_subjects,isot_fake_631,meani,0.549,28,743
2026-01-20 05:53:24,mistralai/Mistral-7B-Instruct-v0.3,MMLU_selected_subjects,isot_fake_632,clean,0.539,28,681
2026-01-20 05:53:28,google/gemma-2-9b,MMLU_selected_subjects,isot_fake_985,meani,0.454,28,639
2026-01-20 05:59:15,mistralai/Mistral-7B-Instruct-v0.3,MMLU_selected_subjects,isot_fake_632,meani,0.54,28,681
2026-01-20 05:59:54,google/gemma-2-9b,MMLU_selected_subjects,isot_fake_986,clean,0.415,28,643
2026-01-20 06:04:30,mistralai/Mistral-7B-Instruct-v0.3,MMLU_selected_subjects,isot_fake_633,clean,0.54,28,244
2026-01-20 06:06:25,google/gemma-2-9b,MMLU_selected_subjects,isot_fake_986,meani,0.474,28,643
2026-01-20 06:09:41,mistralai/Mistral-7B-Instruct-v0.3,MMLU_selected_subjects,isot_fake_633,meani,0.542,28,244
2026-01-20 06:12:51,google/gemma-2-9b,MMLU_selected_subjects,isot_fake_987,clean,0.374,28,632
2026-01-20 06:15:43,mistralai/Mistral-7B-Instruct-v0.3,MMLU_selected_subjects,isot_fake_634,clean,0.536,28,791
2026-01-20 06:19:17,google/gemma-2-9b,MMLU_selected_subjects,isot_fake_987,meani,0.371,28,632
2026-01-20 06:21:42,mistralai/Mistral-7B-Instruct-v0.3,MMLU_selected_subjects,isot_fake_634,meani,0.543,28,791
2026-01-20 06:25:39,google/gemma-2-9b,MMLU_selected_subjects,isot_fake_988,clean,0.434,28,633
2026-01-20 06:27:45,mistralai/Mistral-7B-Instruct-v0.3,MMLU_selected_subjects,isot_fake_635,clean,0.554,28,698
2026-01-20 06:31:59,google/gemma-2-9b,MMLU_selected_subjects,isot_fake_988,meani,0.221,28,633
2026-01-20 06:33:49,mistralai/Mistral-7B-Instruct-v0.3,MMLU_selected_subjects,isot_fake_635,meani,0.551,28,698
2026-01-20 06:38:08,google/gemma-2-9b,MMLU_selected_subjects,isot_fake_989,clean,0.422,28,308
2026-01-20 06:39:07,mistralai/Mistral-7B-Instruct-v0.3,MMLU_selected_subjects,isot_fake_636,clean,0.554,28,222
2026-01-20 06:44:18,google/gemma-2-9b,MMLU_selected_subjects,isot_fake_989,meani,0.382,28,308
2026-01-20 06:44:20,mistralai/Mistral-7B-Instruct-v0.3,MMLU_selected_subjects,isot_fake_636,meani,0.554,28,222
2026-01-20 06:49:57,mistralai/Mistral-7B-Instruct-v0.3,MMLU_selected_subjects,isot_fake_637,clean,0.535,28,633
2026-01-20 06:50:46,google/gemma-2-9b,MMLU_selected_subjects,isot_fake_99,clean,0.492,28,542
2026-01-20 06:55:33,mistralai/Mistral-7B-Instruct-v0.3,MMLU_selected_subjects,isot_fake_637,meani,0.543,28,633
2026-01-20 06:57:13,google/gemma-2-9b,MMLU_selected_subjects,isot_fake_99,meani,0.428,28,542
2026-01-20 07:01:20,mistralai/Mistral-7B-Instruct-v0.3,MMLU_selected_subjects,isot_fake_638,clean,0.537,28,570
2026-01-20 07:03:55,google/gemma-2-9b,MMLU_selected_subjects,isot_fake_990,clean,0.527,28,786
2026-01-20 07:06:57,mistralai/Mistral-7B-Instruct-v0.3,MMLU_selected_subjects,isot_fake_638,meani,0.536,28,570
2026-01-20 07:10:35,google/gemma-2-9b,MMLU_selected_subjects,isot_fake_990,meani,0.473,28,786
2026-01-20 07:12:10,mistralai/Mistral-7B-Instruct-v0.3,MMLU_selected_subjects,isot_fake_639,clean,0.552,28,214
2026-01-20 07:17:21,google/gemma-2-9b,MMLU_selected_subjects,isot_fake_991,clean,0.356,28,461
2026-01-20 07:17:24,mistralai/Mistral-7B-Instruct-v0.3,MMLU_selected_subjects,isot_fake_639,meani,0.556,28,214
2026-01-20 07:23:09,mistralai/Mistral-7B-Instruct-v0.3,MMLU_selected_subjects,isot_fake_64,clean,0.551,28,586
2026-01-20 07:24:08,google/gemma-2-9b,MMLU_selected_subjects,isot_fake_991,meani,0.328,28,461
2026-01-20 07:28:51,mistralai/Mistral-7B-Instruct-v0.3,MMLU_selected_subjects,isot_fake_64,meani,0.549,28,586
2026-01-20 07:30:20,google/gemma-2-9b,MMLU_selected_subjects,isot_fake_992,clean,0.456,28,413
2026-01-20 07:34:35,mistralai/Mistral-7B-Instruct-v0.3,MMLU_selected_subjects,isot_fake_640,clean,0.55,28,532
2026-01-20 07:36:31,google/gemma-2-9b,MMLU_selected_subjects,isot_fake_992,meani,0.402,28,413
2026-01-20 07:40:09,mistralai/Mistral-7B-Instruct-v0.3,MMLU_selected_subjects,isot_fake_640,meani,0.543,28,532
2026-01-20 07:42:58,google/gemma-2-9b,MMLU_selected_subjects,isot_fake_993,clean,0.47,28,667
2026-01-20 07:46:04,mistralai/Mistral-7B-Instruct-v0.3,MMLU_selected_subjects,isot_fake_641,clean,0.553,28,659
2026-01-20 07:49:26,google/gemma-2-9b,MMLU_selected_subjects,isot_fake_993,meani,0.366,28,667
2026-01-20 07:51:56,mistralai/Mistral-7B-Instruct-v0.3,MMLU_selected_subjects,isot_fake_641,meani,0.535,28,659
2026-01-20 07:55:43,google/gemma-2-9b,MMLU_selected_subjects,isot_fake_994,clean,0.516,28,421
2026-01-20 07:57:42,mistralai/Mistral-7B-Instruct-v0.3,MMLU_selected_subjects,isot_fake_642,clean,0.548,28,517
2026-01-20 08:02:01,google/gemma-2-9b,MMLU_selected_subjects,isot_fake_994,meani,0.439,28,421
2026-01-20 08:03:28,mistralai/Mistral-7B-Instruct-v0.3,MMLU_selected_subjects,isot_fake_642,meani,0.549,28,517
2026-01-20 08:07:59,google/gemma-2-9b,MMLU_selected_subjects,isot_fake_995,clean,0.485,28,222
2026-01-20 08:09:03,mistralai/Mistral-7B-Instruct-v0.3,MMLU_selected_subjects,isot_fake_643,clean,0.55,28,454
2026-01-20 08:13:57,google/gemma-2-9b,MMLU_selected_subjects,isot_fake_995,meani,0.423,28,222
2026-01-20 08:14:33,mistralai/Mistral-7B-Instruct-v0.3,MMLU_selected_subjects,isot_fake_643,meani,0.546,28,454
2026-01-20 08:19:52,google/gemma-2-9b,MMLU_selected_subjects,isot_fake_996,clean,0.499,28,198
2026-01-20 08:20:14,mistralai/Mistral-7B-Instruct-v0.3,MMLU_selected_subjects,isot_fake_644,clean,0.539,28,624
2026-01-20 08:25:47,google/gemma-2-9b,MMLU_selected_subjects,isot_fake_996,meani,0.434,28,198
2026-01-20 08:25:53,mistralai/Mistral-7B-Instruct-v0.3,MMLU_selected_subjects,isot_fake_644,meani,0.544,28,624
2026-01-20 08:31:45,mistralai/Mistral-7B-Instruct-v0.3,MMLU_selected_subjects,isot_fake_645,clean,0.545,28,650
2026-01-20 08:32:00,google/gemma-2-9b,MMLU_selected_subjects,isot_fake_997,clean,0.392,28,445
2026-01-20 08:37:32,mistralai/Mistral-7B-Instruct-v0.3,MMLU_selected_subjects,isot_fake_645,meani,0.548,28,650
2026-01-20 08:38:12,google/gemma-2-9b,MMLU_selected_subjects,isot_fake_997,meani,0.445,28,445
2026-01-20 08:43:15,mistralai/Mistral-7B-Instruct-v0.3,MMLU_selected_subjects,isot_fake_646,clean,0.547,28,614
2026-01-20 08:44:43,google/gemma-2-9b,MMLU_selected_subjects,isot_fake_998,clean,0.425,28,629
2026-01-20 08:48:58,mistralai/Mistral-7B-Instruct-v0.3,MMLU_selected_subjects,isot_fake_646,meani,0.54,28,614
2026-01-20 08:51:11,google/gemma-2-9b,MMLU_selected_subjects,isot_fake_998,meani,0.383,28,629
2026-01-20 08:54:22,mistralai/Mistral-7B-Instruct-v0.3,MMLU_selected_subjects,isot_fake_647,clean,0.543,28,367
2026-01-20 08:57:20,google/gemma-2-9b,MMLU_selected_subjects,isot_fake_999,clean,0.481,28,397
2026-01-20 08:59:42,mistralai/Mistral-7B-Instruct-v0.3,MMLU_selected_subjects,isot_fake_647,meani,0.553,28,367
2026-01-20 09:03:29,google/gemma-2-9b,MMLU_selected_subjects,isot_fake_999,meani,0.464,28,397
2026-01-20 09:05:27,mistralai/Mistral-7B-Instruct-v0.3,MMLU_selected_subjects,isot_fake_648,clean,0.529,28,567
2026-01-20 09:11:06,mistralai/Mistral-7B-Instruct-v0.3,MMLU_selected_subjects,isot_fake_648,meani,0.539,28,567
2026-01-20 09:16:41,mistralai/Mistral-7B-Instruct-v0.3,MMLU_selected_subjects,isot_fake_649,clean,0.531,28,481
2026-01-20 09:22:14,mistralai/Mistral-7B-Instruct-v0.3,MMLU_selected_subjects,isot_fake_649,meani,0.549,28,481
2026-01-20 09:27:39,mistralai/Mistral-7B-Instruct-v0.3,MMLU_selected_subjects,isot_fake_65,clean,0.543,28,385
2026-01-20 09:33:04,mistralai/Mistral-7B-Instruct-v0.3,MMLU_selected_subjects,isot_fake_65,meani,0.542,28,385
2026-01-20 09:38:25,mistralai/Mistral-7B-Instruct-v0.3,MMLU_selected_subjects,isot_fake_650,clean,0.539,28,310
2026-01-20 09:43:40,mistralai/Mistral-7B-Instruct-v0.3,MMLU_selected_subjects,isot_fake_650,meani,0.54,28,310
2026-01-20 09:49:38,mistralai/Mistral-7B-Instruct-v0.3,MMLU_selected_subjects,isot_fake_651,clean,0.544,28,747
2026-01-20 09:55:32,mistralai/Mistral-7B-Instruct-v0.3,MMLU_selected_subjects,isot_fake_651,meani,0.536,28,747
2026-01-20 10:01:35,mistralai/Mistral-7B-Instruct-v0.3,MMLU_selected_subjects,isot_fake_652,clean,0.552,28,708
2026-01-20 10:07:30,mistralai/Mistral-7B-Instruct-v0.3,MMLU_selected_subjects,isot_fake_652,meani,0.561,28,708
2026-01-20 10:13:21,mistralai/Mistral-7B-Instruct-v0.3,MMLU_selected_subjects,isot_fake_653,clean,0.553,28,552
2026-01-20 10:19:16,mistralai/Mistral-7B-Instruct-v0.3,MMLU_selected_subjects,isot_fake_653,meani,0.541,28,552
2026-01-20 10:24:41,mistralai/Mistral-7B-Instruct-v0.3,MMLU_selected_subjects,isot_fake_654,clean,0.547,28,219
2026-01-20 10:29:59,mistralai/Mistral-7B-Instruct-v0.3,MMLU_selected_subjects,isot_fake_654,meani,0.547,28,219
2026-01-20 10:35:13,mistralai/Mistral-7B-Instruct-v0.3,MMLU_selected_subjects,isot_fake_655,clean,0.537,28,222
2026-01-20 10:40:28,mistralai/Mistral-7B-Instruct-v0.3,MMLU_selected_subjects,isot_fake_655,meani,0.554,28,222
2026-01-20 10:46:04,mistralai/Mistral-7B-Instruct-v0.3,MMLU_selected_subjects,isot_fake_656,clean,0.542,28,452
2026-01-20 10:51:36,mistralai/Mistral-7B-Instruct-v0.3,MMLU_selected_subjects,isot_fake_656,meani,0.548,28,452
2026-01-20 10:56:55,mistralai/Mistral-7B-Instruct-v0.3,MMLU_selected_subjects,isot_fake_657,clean,0.547,28,254
2026-01-20 11:02:11,mistralai/Mistral-7B-Instruct-v0.3,MMLU_selected_subjects,isot_fake_657,meani,0.544,28,254
2026-01-20 11:08:02,mistralai/Mistral-7B-Instruct-v0.3,MMLU_selected_subjects,isot_fake_658,clean,0.544,28,631
2026-01-20 11:13:50,mistralai/Mistral-7B-Instruct-v0.3,MMLU_selected_subjects,isot_fake_658,meani,0.538,28,631
2026-01-20 11:19:54,mistralai/Mistral-7B-Instruct-v0.3,MMLU_selected_subjects,isot_fake_659,clean,0.544,28,731
2026-01-20 11:25:45,mistralai/Mistral-7B-Instruct-v0.3,MMLU_selected_subjects,isot_fake_659,meani,0.545,28,731
2026-01-20 11:31:31,mistralai/Mistral-7B-Instruct-v0.3,MMLU_selected_subjects,isot_fake_66,clean,0.542,28,678
2026-01-20 11:37:20,mistralai/Mistral-7B-Instruct-v0.3,MMLU_selected_subjects,isot_fake_66,meani,0.535,28,678
2026-01-20 11:43:08,mistralai/Mistral-7B-Instruct-v0.3,MMLU_selected_subjects,isot_fake_660,clean,0.542,28,604
2026-01-20 11:48:52,mistralai/Mistral-7B-Instruct-v0.3,MMLU_selected_subjects,isot_fake_660,meani,0.545,28,604
2026-01-20 11:54:07,mistralai/Mistral-7B-Instruct-v0.3,MMLU_selected_subjects,isot_fake_661,clean,0.543,28,208
2026-01-20 11:59:19,mistralai/Mistral-7B-Instruct-v0.3,MMLU_selected_subjects,isot_fake_661,meani,0.542,28,208
2026-01-20 12:04:54,mistralai/Mistral-7B-Instruct-v0.3,MMLU_selected_subjects,isot_fake_662,clean,0.544,28,496
2026-01-20 12:10:25,mistralai/Mistral-7B-Instruct-v0.3,MMLU_selected_subjects,isot_fake_662,meani,0.548,28,496
2026-01-20 12:16:39,mistralai/Mistral-7B-Instruct-v0.3,MMLU_selected_subjects,isot_fake_663,clean,0.553,28,644
2026-01-20 12:22:48,mistralai/Mistral-7B-Instruct-v0.3,MMLU_selected_subjects,isot_fake_663,meani,0.559,28,644
2026-01-20 12:28:13,mistralai/Mistral-7B-Instruct-v0.3,MMLU_selected_subjects,isot_fake_664,clean,0.542,28,301
2026-01-20 12:33:36,mistralai/Mistral-7B-Instruct-v0.3,MMLU_selected_subjects,isot_fake_664,meani,0.558,28,301
2026-01-20 12:39:29,mistralai/Mistral-7B-Instruct-v0.3,MMLU_selected_subjects,isot_fake_665,clean,0.545,28,642
2026-01-20 12:45:16,mistralai/Mistral-7B-Instruct-v0.3,MMLU_selected_subjects,isot_fake_665,meani,0.545,28,642
2026-01-20 12:50:54,mistralai/Mistral-7B-Instruct-v0.3,MMLU_selected_subjects,isot_fake_666,clean,0.557,28,649
2026-01-20 12:56:44,mistralai/Mistral-7B-Instruct-v0.3,MMLU_selected_subjects,isot_fake_666,meani,0.548,28,649
2026-01-20 13:02:41,mistralai/Mistral-7B-Instruct-v0.3,MMLU_selected_subjects,isot_fake_667,clean,0.544,28,792
2026-01-20 13:08:48,mistralai/Mistral-7B-Instruct-v0.3,MMLU_selected_subjects,isot_fake_667,meani,0.55,28,792
2026-01-20 13:14:29,mistralai/Mistral-7B-Instruct-v0.3,MMLU_selected_subjects,isot_fake_668,clean,0.56,28,518
2026-01-20 13:20:11,mistralai/Mistral-7B-Instruct-v0.3,MMLU_selected_subjects,isot_fake_668,meani,0.545,28,518
2026-01-20 13:25:48,mistralai/Mistral-7B-Instruct-v0.3,MMLU_selected_subjects,isot_fake_669,clean,0.541,28,365
2026-01-20 13:31:26,mistralai/Mistral-7B-Instruct-v0.3,MMLU_selected_subjects,isot_fake_669,meani,0.535,28,365
2026-01-20 13:37:15,mistralai/Mistral-7B-Instruct-v0.3,MMLU_selected_subjects,isot_fake_67,clean,0.551,28,621
2026-01-20 13:43:03,mistralai/Mistral-7B-Instruct-v0.3,MMLU_selected_subjects,isot_fake_67,meani,0.55,28,621
2026-01-20 13:49:05,mistralai/Mistral-7B-Instruct-v0.3,MMLU_selected_subjects,isot_fake_670,clean,0.543,28,736
2026-01-20 13:55:07,mistralai/Mistral-7B-Instruct-v0.3,MMLU_selected_subjects,isot_fake_670,meani,0.533,28,736
2026-01-20 14:00:24,mistralai/Mistral-7B-Instruct-v0.3,MMLU_selected_subjects,isot_fake_671,clean,0.547,28,235
2026-01-20 14:05:39,mistralai/Mistral-7B-Instruct-v0.3,MMLU_selected_subjects,isot_fake_671,meani,0.538,28,235
2026-01-20 14:11:36,mistralai/Mistral-7B-Instruct-v0.3,MMLU_selected_subjects,isot_fake_672,clean,0.541,28,765
2026-01-20 14:17:34,mistralai/Mistral-7B-Instruct-v0.3,MMLU_selected_subjects,isot_fake_672,meani,0.541,28,765
2026-01-20 14:23:07,mistralai/Mistral-7B-Instruct-v0.3,MMLU_selected_subjects,isot_fake_673,clean,0.552,28,369
2026-01-20 14:28:36,mistralai/Mistral-7B-Instruct-v0.3,MMLU_selected_subjects,isot_fake_673,meani,0.556,28,369
2026-01-20 14:34:03,mistralai/Mistral-7B-Instruct-v0.3,MMLU_selected_subjects,isot_fake_674,clean,0.553,28,305
2026-01-20 14:39:39,mistralai/Mistral-7B-Instruct-v0.3,MMLU_selected_subjects,isot_fake_674,meani,0.552,28,305
2026-01-20 14:45:10,mistralai/Mistral-7B-Instruct-v0.3,MMLU_selected_subjects,isot_fake_675,clean,0.54,28,363
2026-01-20 14:50:40,mistralai/Mistral-7B-Instruct-v0.3,MMLU_selected_subjects,isot_fake_675,meani,0.548,28,363
2026-01-20 14:56:19,mistralai/Mistral-7B-Instruct-v0.3,MMLU_selected_subjects,isot_fake_676,clean,0.546,28,510
2026-01-20 15:01:57,mistralai/Mistral-7B-Instruct-v0.3,MMLU_selected_subjects,isot_fake_676,meani,0.537,28,510
2026-01-20 15:07:18,mistralai/Mistral-7B-Instruct-v0.3,MMLU_selected_subjects,isot_fake_677,clean,0.554,28,200
2026-01-20 15:12:45,mistralai/Mistral-7B-Instruct-v0.3,MMLU_selected_subjects,isot_fake_677,meani,0.554,28,200
2026-01-20 15:18:11,mistralai/Mistral-7B-Instruct-v0.3,MMLU_selected_subjects,isot_fake_678,clean,0.539,28,340
2026-01-20 15:23:32,mistralai/Mistral-7B-Instruct-v0.3,MMLU_selected_subjects,isot_fake_678,meani,0.551,28,340
2026-01-20 15:29:29,mistralai/Mistral-7B-Instruct-v0.3,MMLU_selected_subjects,isot_fake_679,clean,0.535,28,738
2026-01-20 15:35:28,mistralai/Mistral-7B-Instruct-v0.3,MMLU_selected_subjects,isot_fake_679,meani,0.539,28,738
2026-01-20 15:41:19,mistralai/Mistral-7B-Instruct-v0.3,MMLU_selected_subjects,isot_fake_68,clean,0.54,28,676
2026-01-20 15:47:13,mistralai/Mistral-7B-Instruct-v0.3,MMLU_selected_subjects,isot_fake_68,meani,0.543,28,676
2026-01-20 15:53:13,mistralai/Mistral-7B-Instruct-v0.3,MMLU_selected_subjects,isot_fake_680,clean,0.544,28,710
2026-01-20 15:59:07,mistralai/Mistral-7B-Instruct-v0.3,MMLU_selected_subjects,isot_fake_680,meani,0.544,28,710
2026-01-20 16:05:07,mistralai/Mistral-7B-Instruct-v0.3,MMLU_selected_subjects,isot_fake_681,clean,0.553,28,663
2026-01-20 16:10:58,mistralai/Mistral-7B-Instruct-v0.3,MMLU_selected_subjects,isot_fake_681,meani,0.549,28,663
2026-01-20 16:16:36,mistralai/Mistral-7B-Instruct-v0.3,MMLU_selected_subjects,isot_fake_682,clean,0.547,28,572
2026-01-20 16:22:13,mistralai/Mistral-7B-Instruct-v0.3,MMLU_selected_subjects,isot_fake_682,meani,0.554,28,572
2026-01-20 16:28:07,mistralai/Mistral-7B-Instruct-v0.3,MMLU_selected_subjects,isot_fake_683,clean,0.549,28,685
2026-01-20 16:34:01,mistralai/Mistral-7B-Instruct-v0.3,MMLU_selected_subjects,isot_fake_683,meani,0.549,28,685
2026-01-20 16:39:51,mistralai/Mistral-7B-Instruct-v0.3,MMLU_selected_subjects,isot_fake_684,clean,0.547,28,383
2026-01-20 16:45:23,mistralai/Mistral-7B-Instruct-v0.3,MMLU_selected_subjects,isot_fake_684,meani,0.55,28,383
2026-01-20 16:51:25,mistralai/Mistral-7B-Instruct-v0.3,MMLU_selected_subjects,isot_fake_685,clean,0.545,28,793
2026-01-20 16:57:24,mistralai/Mistral-7B-Instruct-v0.3,MMLU_selected_subjects,isot_fake_685,meani,0.535,28,793
2026-01-20 17:02:52,mistralai/Mistral-7B-Instruct-v0.3,MMLU_selected_subjects,isot_fake_686,clean,0.547,28,383
2026-01-20 17:08:30,mistralai/Mistral-7B-Instruct-v0.3,MMLU_selected_subjects,isot_fake_686,meani,0.549,28,383
2026-01-20 17:14:18,mistralai/Mistral-7B-Instruct-v0.3,MMLU_selected_subjects,isot_fake_687,clean,0.546,28,620
2026-01-20 17:20:07,mistralai/Mistral-7B-Instruct-v0.3,MMLU_selected_subjects,isot_fake_687,meani,0.54,28,620
2026-01-20 17:25:56,mistralai/Mistral-7B-Instruct-v0.3,MMLU_selected_subjects,isot_fake_688,clean,0.546,28,502
2026-01-20 17:31:43,mistralai/Mistral-7B-Instruct-v0.3,MMLU_selected_subjects,isot_fake_688,meani,0.55,28,502
2026-01-20 17:37:19,mistralai/Mistral-7B-Instruct-v0.3,MMLU_selected_subjects,isot_fake_689,clean,0.543,28,437
2026-01-20 17:42:49,mistralai/Mistral-7B-Instruct-v0.3,MMLU_selected_subjects,isot_fake_689,meani,0.54,28,437
2026-01-20 17:48:17,mistralai/Mistral-7B-Instruct-v0.3,MMLU_selected_subjects,isot_fake_69,clean,0.542,28,434
2026-01-20 17:53:46,mistralai/Mistral-7B-Instruct-v0.3,MMLU_selected_subjects,isot_fake_69,meani,0.54,28,434
2026-01-20 17:59:15,mistralai/Mistral-7B-Instruct-v0.3,MMLU_selected_subjects,isot_fake_690,clean,0.548,28,314
2026-01-20 18:04:39,mistralai/Mistral-7B-Instruct-v0.3,MMLU_selected_subjects,isot_fake_690,meani,0.548,28,314
2026-01-20 18:10:08,mistralai/Mistral-7B-Instruct-v0.3,MMLU_selected_subjects,isot_fake_691,clean,0.552,28,210
2026-01-20 18:15:28,mistralai/Mistral-7B-Instruct-v0.3,MMLU_selected_subjects,isot_fake_691,meani,0.551,28,210
2026-01-20 18:20:44,mistralai/Mistral-7B-Instruct-v0.3,MMLU_selected_subjects,isot_fake_692,clean,0.548,28,207
2026-01-20 18:25:56,mistralai/Mistral-7B-Instruct-v0.3,MMLU_selected_subjects,isot_fake_692,meani,0.552,28,207
2026-01-20 18:31:19,mistralai/Mistral-7B-Instruct-v0.3,MMLU_selected_subjects,isot_fake_693,clean,0.536,28,261
2026-01-20 18:36:44,mistralai/Mistral-7B-Instruct-v0.3,MMLU_selected_subjects,isot_fake_693,meani,0.551,28,261
2026-01-20 18:42:20,mistralai/Mistral-7B-Instruct-v0.3,MMLU_selected_subjects,isot_fake_694,clean,0.552,28,334
2026-01-20 18:47:56,mistralai/Mistral-7B-Instruct-v0.3,MMLU_selected_subjects,isot_fake_694,meani,0.543,28,334
2026-01-20 18:53:24,mistralai/Mistral-7B-Instruct-v0.3,MMLU_selected_subjects,isot_fake_695,clean,0.54,28,351
2026-01-20 18:58:52,mistralai/Mistral-7B-Instruct-v0.3,MMLU_selected_subjects,isot_fake_695,meani,0.533,28,351
2026-01-20 19:04:46,mistralai/Mistral-7B-Instruct-v0.3,MMLU_selected_subjects,isot_fake_696,clean,0.554,28,677
2026-01-20 19:10:38,mistralai/Mistral-7B-Instruct-v0.3,MMLU_selected_subjects,isot_fake_696,meani,0.544,28,677
2026-01-20 19:16:32,mistralai/Mistral-7B-Instruct-v0.3,MMLU_selected_subjects,isot_fake_697,clean,0.537,28,793
2026-01-20 19:22:22,mistralai/Mistral-7B-Instruct-v0.3,MMLU_selected_subjects,isot_fake_697,meani,0.538,28,793
2026-01-20 19:28:16,mistralai/Mistral-7B-Instruct-v0.3,MMLU_selected_subjects,isot_fake_698,clean,0.543,28,715
2026-01-20 19:34:15,mistralai/Mistral-7B-Instruct-v0.3,MMLU_selected_subjects,isot_fake_698,meani,0.539,28,715
2026-01-20 19:39:39,mistralai/Mistral-7B-Instruct-v0.3,MMLU_selected_subjects,isot_fake_699,clean,0.545,28,338
2026-01-20 19:44:58,mistralai/Mistral-7B-Instruct-v0.3,MMLU_selected_subjects,isot_fake_699,meani,0.55,28,338
2026-01-20 19:50:36,mistralai/Mistral-7B-Instruct-v0.3,MMLU_selected_subjects,isot_fake_7,clean,0.534,28,284
2026-01-20 19:55:57,mistralai/Mistral-7B-Instruct-v0.3,MMLU_selected_subjects,isot_fake_7,meani,0.548,28,284
2026-01-20 20:01:39,mistralai/Mistral-7B-Instruct-v0.3,MMLU_selected_subjects,isot_fake_70,clean,0.539,28,624
2026-01-20 20:07:18,mistralai/Mistral-7B-Instruct-v0.3,MMLU_selected_subjects,isot_fake_70,meani,0.547,28,624
2026-01-20 20:13:07,mistralai/Mistral-7B-Instruct-v0.3,MMLU_selected_subjects,isot_fake_700,clean,0.536,28,594
2026-01-20 20:18:53,mistralai/Mistral-7B-Instruct-v0.3,MMLU_selected_subjects,isot_fake_700,meani,0.539,28,594
2026-01-20 20:24:45,mistralai/Mistral-7B-Instruct-v0.3,MMLU_selected_subjects,isot_fake_701,clean,0.54,28,713
2026-01-20 20:30:38,mistralai/Mistral-7B-Instruct-v0.3,MMLU_selected_subjects,isot_fake_701,meani,0.542,28,713
2026-01-20 20:36:12,mistralai/Mistral-7B-Instruct-v0.3,MMLU_selected_subjects,isot_fake_702,clean,0.531,28,368
2026-01-20 20:41:43,mistralai/Mistral-7B-Instruct-v0.3,MMLU_selected_subjects,isot_fake_702,meani,0.544,28,368
2026-01-20 20:47:07,mistralai/Mistral-7B-Instruct-v0.3,MMLU_selected_subjects,isot_fake_703,clean,0.548,28,327
2026-01-20 20:52:28,mistralai/Mistral-7B-Instruct-v0.3,MMLU_selected_subjects,isot_fake_703,meani,0.557,28,327
2026-01-20 20:58:21,mistralai/Mistral-7B-Instruct-v0.3,MMLU_selected_subjects,isot_fake_704,clean,0.54,28,625
2026-01-20 21:04:01,mistralai/Mistral-7B-Instruct-v0.3,MMLU_selected_subjects,isot_fake_704,meani,0.543,28,625
2026-01-20 21:09:21,mistralai/Mistral-7B-Instruct-v0.3,MMLU_selected_subjects,isot_fake_705,clean,0.549,28,299
2026-01-20 21:14:38,mistralai/Mistral-7B-Instruct-v0.3,MMLU_selected_subjects,isot_fake_705,meani,0.547,28,299
2026-01-20 21:20:11,mistralai/Mistral-7B-Instruct-v0.3,MMLU_selected_subjects,isot_fake_706,clean,0.558,28,357
2026-01-20 21:25:45,mistralai/Mistral-7B-Instruct-v0.3,MMLU_selected_subjects,isot_fake_706,meani,0.557,28,357
2026-01-20 21:31:39,mistralai/Mistral-7B-Instruct-v0.3,MMLU_selected_subjects,isot_fake_707,clean,0.549,28,569
2026-01-20 21:37:31,mistralai/Mistral-7B-Instruct-v0.3,MMLU_selected_subjects,isot_fake_707,meani,0.543,28,569
2026-01-20 21:43:02,mistralai/Mistral-7B-Instruct-v0.3,MMLU_selected_subjects,isot_fake_708,clean,0.543,28,297
2026-01-20 21:48:28,mistralai/Mistral-7B-Instruct-v0.3,MMLU_selected_subjects,isot_fake_708,meani,0.553,28,297
2026-01-20 21:53:46,mistralai/Mistral-7B-Instruct-v0.3,MMLU_selected_subjects,isot_fake_709,clean,0.543,28,259
2026-01-20 21:59:03,mistralai/Mistral-7B-Instruct-v0.3,MMLU_selected_subjects,isot_fake_709,meani,0.554,28,259
2026-01-20 22:05:19,mistralai/Mistral-7B-Instruct-v0.3,MMLU_selected_subjects,isot_fake_71,clean,0.536,28,720
2026-01-20 22:11:35,mistralai/Mistral-7B-Instruct-v0.3,MMLU_selected_subjects,isot_fake_71,meani,0.526,28,720
2026-01-20 22:17:00,mistralai/Mistral-7B-Instruct-v0.3,MMLU_selected_subjects,isot_fake_710,clean,0.544,28,282
2026-01-20 22:22:28,mistralai/Mistral-7B-Instruct-v0.3,MMLU_selected_subjects,isot_fake_710,meani,0.545,28,282
2026-01-20 22:27:49,mistralai/Mistral-7B-Instruct-v0.3,MMLU_selected_subjects,isot_fake_711,clean,0.558,28,199
2026-01-20 22:33:02,mistralai/Mistral-7B-Instruct-v0.3,MMLU_selected_subjects,isot_fake_711,meani,0.555,28,199
2026-01-20 22:39:01,mistralai/Mistral-7B-Instruct-v0.3,MMLU_selected_subjects,isot_fake_712,clean,0.548,28,751
2026-01-20 22:44:52,mistralai/Mistral-7B-Instruct-v0.3,MMLU_selected_subjects,isot_fake_712,meani,0.556,28,751
2026-01-20 22:50:51,mistralai/Mistral-7B-Instruct-v0.3,MMLU_selected_subjects,isot_fake_713,clean,0.558,28,681
2026-01-20 22:56:47,mistralai/Mistral-7B-Instruct-v0.3,MMLU_selected_subjects,isot_fake_713,meani,0.557,28,681
2026-01-20 23:02:24,mistralai/Mistral-7B-Instruct-v0.3,MMLU_selected_subjects,isot_fake_714,clean,0.535,28,360
2026-01-20 23:07:56,mistralai/Mistral-7B-Instruct-v0.3,MMLU_selected_subjects,isot_fake_714,meani,0.55,28,360
2026-01-20 23:13:42,mistralai/Mistral-7B-Instruct-v0.3,MMLU_selected_subjects,isot_fake_715,clean,0.544,28,445
2026-01-20 23:19:25,mistralai/Mistral-7B-Instruct-v0.3,MMLU_selected_subjects,isot_fake_715,meani,0.538,28,445
2026-01-20 23:24:41,mistralai/Mistral-7B-Instruct-v0.3,MMLU_selected_subjects,isot_fake_716,clean,0.543,28,214
2026-01-20 23:29:57,mistralai/Mistral-7B-Instruct-v0.3,MMLU_selected_subjects,isot_fake_716,meani,0.562,28,214
2026-01-20 23:35:49,mistralai/Mistral-7B-Instruct-v0.3,MMLU_selected_subjects,isot_fake_717,clean,0.541,28,595
2026-01-20 23:41:34,mistralai/Mistral-7B-Instruct-v0.3,MMLU_selected_subjects,isot_fake_717,meani,0.54,28,595
2026-01-20 23:46:58,mistralai/Mistral-7B-Instruct-v0.3,MMLU_selected_subjects,isot_fake_718,clean,0.542,28,281
2026-01-20 23:52:20,mistralai/Mistral-7B-Instruct-v0.3,MMLU_selected_subjects,isot_fake_718,meani,0.543,28,281
2026-01-20 23:58:20,mistralai/Mistral-7B-Instruct-v0.3,MMLU_selected_subjects,isot_fake_719,clean,0.549,28,795
2026-01-21 00:04:18,mistralai/Mistral-7B-Instruct-v0.3,MMLU_selected_subjects,isot_fake_719,meani,0.554,28,795
2026-01-21 00:09:38,mistralai/Mistral-7B-Instruct-v0.3,MMLU_selected_subjects,isot_fake_72,clean,0.539,28,259
2026-01-21 00:15:08,mistralai/Mistral-7B-Instruct-v0.3,MMLU_selected_subjects,isot_fake_72,meani,0.554,28,259
2026-01-21 00:21:08,mistralai/Mistral-7B-Instruct-v0.3,MMLU_selected_subjects,isot_fake_720,clean,0.546,28,709
2026-01-21 00:27:07,mistralai/Mistral-7B-Instruct-v0.3,MMLU_selected_subjects,isot_fake_720,meani,0.548,28,709
2026-01-21 00:32:46,mistralai/Mistral-7B-Instruct-v0.3,MMLU_selected_subjects,isot_fake_721,clean,0.555,28,531
2026-01-21 00:38:21,mistralai/Mistral-7B-Instruct-v0.3,MMLU_selected_subjects,isot_fake_721,meani,0.539,28,531
2026-01-21 00:44:14,mistralai/Mistral-7B-Instruct-v0.3,MMLU_selected_subjects,isot_fake_722,clean,0.539,28,638
2026-01-21 00:50:06,mistralai/Mistral-7B-Instruct-v0.3,MMLU_selected_subjects,isot_fake_722,meani,0.547,28,638
2026-01-21 00:55:39,mistralai/Mistral-7B-Instruct-v0.3,MMLU_selected_subjects,isot_fake_723,clean,0.554,28,351
2026-01-21 01:01:04,mistralai/Mistral-7B-Instruct-v0.3,MMLU_selected_subjects,isot_fake_723,meani,0.554,28,351
2026-01-21 01:07:04,mistralai/Mistral-7B-Instruct-v0.3,MMLU_selected_subjects,isot_fake_724,clean,0.551,28,724
2026-01-21 01:12:57,mistralai/Mistral-7B-Instruct-v0.3,MMLU_selected_subjects,isot_fake_724,meani,0.554,28,724
2026-01-21 01:18:47,mistralai/Mistral-7B-Instruct-v0.3,MMLU_selected_subjects,isot_fake_725,clean,0.531,28,543
2026-01-21 01:24:40,mistralai/Mistral-7B-Instruct-v0.3,MMLU_selected_subjects,isot_fake_725,meani,0.541,28,543
2026-01-21 01:30:24,mistralai/Mistral-7B-Instruct-v0.3,MMLU_selected_subjects,isot_fake_726,clean,0.544,28,519
2026-01-21 01:36:08,mistralai/Mistral-7B-Instruct-v0.3,MMLU_selected_subjects,isot_fake_726,meani,0.547,28,519
2026-01-21 01:41:24,mistralai/Mistral-7B-Instruct-v0.3,MMLU_selected_subjects,isot_fake_727,clean,0.551,28,205
2026-01-21 01:46:40,mistralai/Mistral-7B-Instruct-v0.3,MMLU_selected_subjects,isot_fake_727,meani,0.552,28,205
2026-01-21 01:51:57,mistralai/Mistral-7B-Instruct-v0.3,MMLU_selected_subjects,isot_fake_728,clean,0.539,28,259
2026-01-21 01:57:10,mistralai/Mistral-7B-Instruct-v0.3,MMLU_selected_subjects,isot_fake_728,meani,0.559,28,259
2026-01-21 02:02:34,mistralai/Mistral-7B-Instruct-v0.3,MMLU_selected_subjects,isot_fake_729,clean,0.544,28,304
2026-01-21 02:07:50,mistralai/Mistral-7B-Instruct-v0.3,MMLU_selected_subjects,isot_fake_729,meani,0.551,28,304
2026-01-21 02:13:29,mistralai/Mistral-7B-Instruct-v0.3,MMLU_selected_subjects,isot_fake_73,clean,0.547,28,439
2026-01-21 02:18:52,mistralai/Mistral-7B-Instruct-v0.3,MMLU_selected_subjects,isot_fake_73,meani,0.549,28,439
2026-01-21 02:24:16,mistralai/Mistral-7B-Instruct-v0.3,MMLU_selected_subjects,isot_fake_730,clean,0.561,28,207
2026-01-21 02:29:38,mistralai/Mistral-7B-Instruct-v0.3,MMLU_selected_subjects,isot_fake_730,meani,0.553,28,207
2026-01-21 02:35:28,mistralai/Mistral-7B-Instruct-v0.3,MMLU_selected_subjects,isot_fake_731,clean,0.552,28,707
2026-01-21 02:41:19,mistralai/Mistral-7B-Instruct-v0.3,MMLU_selected_subjects,isot_fake_731,meani,0.539,28,707
2026-01-21 02:46:46,mistralai/Mistral-7B-Instruct-v0.3,MMLU_selected_subjects,isot_fake_732,clean,0.559,28,415
2026-01-21 02:52:18,mistralai/Mistral-7B-Instruct-v0.3,MMLU_selected_subjects,isot_fake_732,meani,0.549,28,415
2026-01-21 02:58:10,mistralai/Mistral-7B-Instruct-v0.3,MMLU_selected_subjects,isot_fake_733,clean,0.544,28,593
2026-01-21 03:03:57,mistralai/Mistral-7B-Instruct-v0.3,MMLU_selected_subjects,isot_fake_733,meani,0.544,28,593
2026-01-21 03:09:25,mistralai/Mistral-7B-Instruct-v0.3,MMLU_selected_subjects,isot_fake_734,clean,0.531,28,264
2026-01-21 03:14:51,mistralai/Mistral-7B-Instruct-v0.3,MMLU_selected_subjects,isot_fake_734,meani,0.541,28,264
2026-01-21 03:20:47,mistralai/Mistral-7B-Instruct-v0.3,MMLU_selected_subjects,isot_fake_735,clean,0.552,28,721
2026-01-21 03:26:39,mistralai/Mistral-7B-Instruct-v0.3,MMLU_selected_subjects,isot_fake_735,meani,0.545,28,721
2026-01-21 03:31:58,mistralai/Mistral-7B-Instruct-v0.3,MMLU_selected_subjects,isot_fake_736,clean,0.544,28,230
2026-01-21 03:37:18,mistralai/Mistral-7B-Instruct-v0.3,MMLU_selected_subjects,isot_fake_736,meani,0.546,28,230
2026-01-21 03:43:17,mistralai/Mistral-7B-Instruct-v0.3,MMLU_selected_subjects,isot_fake_737,clean,0.553,28,785
2026-01-21 03:49:08,mistralai/Mistral-7B-Instruct-v0.3,MMLU_selected_subjects,isot_fake_737,meani,0.538,28,785
2026-01-21 03:54:30,mistralai/Mistral-7B-Instruct-v0.3,MMLU_selected_subjects,isot_fake_738,clean,0.549,28,207
2026-01-21 03:59:50,mistralai/Mistral-7B-Instruct-v0.3,MMLU_selected_subjects,isot_fake_738,meani,0.559,28,207
2026-01-21 04:05:30,mistralai/Mistral-7B-Instruct-v0.3,MMLU_selected_subjects,isot_fake_739,clean,0.538,28,529
2026-01-21 04:11:05,mistralai/Mistral-7B-Instruct-v0.3,MMLU_selected_subjects,isot_fake_739,meani,0.549,28,529
2026-01-21 04:16:58,mistralai/Mistral-7B-Instruct-v0.3,MMLU_selected_subjects,isot_fake_74,clean,0.54,28,755
2026-01-21 04:22:46,mistralai/Mistral-7B-Instruct-v0.3,MMLU_selected_subjects,isot_fake_74,meani,0.533,28,755
2026-01-21 04:28:05,mistralai/Mistral-7B-Instruct-v0.3,MMLU_selected_subjects,isot_fake_740,clean,0.54,28,264
2026-01-21 04:33:26,mistralai/Mistral-7B-Instruct-v0.3,MMLU_selected_subjects,isot_fake_740,meani,0.55,28,264
2026-01-21 04:39:01,mistralai/Mistral-7B-Instruct-v0.3,MMLU_selected_subjects,isot_fake_741,clean,0.554,28,392
2026-01-21 04:44:33,mistralai/Mistral-7B-Instruct-v0.3,MMLU_selected_subjects,isot_fake_741,meani,0.55,28,392
2026-01-21 04:49:53,mistralai/Mistral-7B-Instruct-v0.3,MMLU_selected_subjects,isot_fake_742,clean,0.547,28,235
2026-01-21 04:55:09,mistralai/Mistral-7B-Instruct-v0.3,MMLU_selected_subjects,isot_fake_742,meani,0.543,28,235
2026-01-21 05:00:27,mistralai/Mistral-7B-Instruct-v0.3,MMLU_selected_subjects,isot_fake_743,clean,0.541,28,208
2026-01-21 05:05:45,mistralai/Mistral-7B-Instruct-v0.3,MMLU_selected_subjects,isot_fake_743,meani,0.531,28,208
2026-01-21 05:11:31,mistralai/Mistral-7B-Instruct-v0.3,MMLU_selected_subjects,isot_fake_744,clean,0.548,28,530
2026-01-21 05:17:15,mistralai/Mistral-7B-Instruct-v0.3,MMLU_selected_subjects,isot_fake_744,meani,0.548,28,530
2026-01-21 05:23:10,mistralai/Mistral-7B-Instruct-v0.3,MMLU_selected_subjects,isot_fake_745,clean,0.531,28,569
2026-01-21 05:29:02,mistralai/Mistral-7B-Instruct-v0.3,MMLU_selected_subjects,isot_fake_745,meani,0.545,28,569
2026-01-21 05:34:50,mistralai/Mistral-7B-Instruct-v0.3,MMLU_selected_subjects,isot_fake_746,clean,0.542,28,678
2026-01-21 05:40:39,mistralai/Mistral-7B-Instruct-v0.3,MMLU_selected_subjects,isot_fake_746,meani,0.554,28,678
2026-01-21 05:46:28,mistralai/Mistral-7B-Instruct-v0.3,MMLU_selected_subjects,isot_fake_747,clean,0.555,28,743
2026-01-21 05:52:21,mistralai/Mistral-7B-Instruct-v0.3,MMLU_selected_subjects,isot_fake_747,meani,0.54,28,743
2026-01-21 05:58:16,mistralai/Mistral-7B-Instruct-v0.3,MMLU_selected_subjects,isot_fake_748,clean,0.537,28,702
2026-01-21 06:04:00,mistralai/Mistral-7B-Instruct-v0.3,MMLU_selected_subjects,isot_fake_748,meani,0.541,28,702
2026-01-21 06:09:24,mistralai/Mistral-7B-Instruct-v0.3,MMLU_selected_subjects,isot_fake_749,clean,0.547,28,256
2026-01-21 06:14:43,mistralai/Mistral-7B-Instruct-v0.3,MMLU_selected_subjects,isot_fake_749,meani,0.555,28,256
2026-01-21 06:20:42,mistralai/Mistral-7B-Instruct-v0.3,MMLU_selected_subjects,isot_fake_75,clean,0.546,28,681
2026-01-21 06:26:36,mistralai/Mistral-7B-Instruct-v0.3,MMLU_selected_subjects,isot_fake_75,meani,0.532,28,681
2026-01-21 06:32:09,mistralai/Mistral-7B-Instruct-v0.3,MMLU_selected_subjects,isot_fake_750,clean,0.54,28,508
2026-01-21 06:37:41,mistralai/Mistral-7B-Instruct-v0.3,MMLU_selected_subjects,isot_fake_750,meani,0.544,28,508
2026-01-21 06:43:23,mistralai/Mistral-7B-Instruct-v0.3,MMLU_selected_subjects,isot_fake_751,clean,0.551,28,444
2026-01-21 06:49:02,mistralai/Mistral-7B-Instruct-v0.3,MMLU_selected_subjects,isot_fake_751,meani,0.563,28,444
2026-01-21 06:54:21,mistralai/Mistral-7B-Instruct-v0.3,MMLU_selected_subjects,isot_fake_752,clean,0.554,28,237
2026-01-21 06:59:39,mistralai/Mistral-7B-Instruct-v0.3,MMLU_selected_subjects,isot_fake_752,meani,0.558,28,237
2026-01-21 07:05:32,mistralai/Mistral-7B-Instruct-v0.3,MMLU_selected_subjects,isot_fake_753,clean,0.552,28,736
2026-01-21 07:11:24,mistralai/Mistral-7B-Instruct-v0.3,MMLU_selected_subjects,isot_fake_753,meani,0.544,28,736
2026-01-21 07:17:19,mistralai/Mistral-7B-Instruct-v0.3,MMLU_selected_subjects,isot_fake_754,clean,0.542,28,642
2026-01-21 07:23:08,mistralai/Mistral-7B-Instruct-v0.3,MMLU_selected_subjects,isot_fake_754,meani,0.539,28,642
2026-01-21 07:28:52,mistralai/Mistral-7B-Instruct-v0.3,MMLU_selected_subjects,isot_fake_755,clean,0.542,28,658
2026-01-21 07:34:35,mistralai/Mistral-7B-Instruct-v0.3,MMLU_selected_subjects,isot_fake_755,meani,0.536,28,658
2026-01-21 07:40:55,mistralai/Mistral-7B-Instruct-v0.3,MMLU_selected_subjects,isot_fake_756,clean,0.55,28,713
2026-01-21 07:47:12,mistralai/Mistral-7B-Instruct-v0.3,MMLU_selected_subjects,isot_fake_756,meani,0.547,28,713
2026-01-21 07:52:36,mistralai/Mistral-7B-Instruct-v0.3,MMLU_selected_subjects,isot_fake_757,clean,0.552,28,348
2026-01-21 07:58:05,mistralai/Mistral-7B-Instruct-v0.3,MMLU_selected_subjects,isot_fake_757,meani,0.547,28,348
2026-01-21 08:03:52,mistralai/Mistral-7B-Instruct-v0.3,MMLU_selected_subjects,isot_fake_758,clean,0.542,28,604
2026-01-21 08:09:36,mistralai/Mistral-7B-Instruct-v0.3,MMLU_selected_subjects,isot_fake_758,meani,0.539,28,604
2026-01-21 08:15:08,mistralai/Mistral-7B-Instruct-v0.3,MMLU_selected_subjects,isot_fake_759,clean,0.539,28,435
2026-01-21 08:20:38,mistralai/Mistral-7B-Instruct-v0.3,MMLU_selected_subjects,isot_fake_759,meani,0.535,28,435
2026-01-21 08:25:53,mistralai/Mistral-7B-Instruct-v0.3,MMLU_selected_subjects,isot_fake_76,clean,0.555,28,236
2026-01-21 08:31:09,mistralai/Mistral-7B-Instruct-v0.3,MMLU_selected_subjects,isot_fake_76,meani,0.56,28,236
2026-01-21 08:37:20,mistralai/Mistral-7B-Instruct-v0.3,MMLU_selected_subjects,isot_fake_760,clean,0.553,28,644
2026-01-21 08:43:27,mistralai/Mistral-7B-Instruct-v0.3,MMLU_selected_subjects,isot_fake_760,meani,0.565,28,644
2026-01-21 08:48:49,mistralai/Mistral-7B-Instruct-v0.3,MMLU_selected_subjects,isot_fake_761,clean,0.545,28,226
2026-01-21 08:54:10,mistralai/Mistral-7B-Instruct-v0.3,MMLU_selected_subjects,isot_fake_761,meani,0.55,28,226
2026-01-21 08:59:56,mistralai/Mistral-7B-Instruct-v0.3,MMLU_selected_subjects,isot_fake_762,clean,0.543,28,483
2026-01-21 09:05:36,mistralai/Mistral-7B-Instruct-v0.3,MMLU_selected_subjects,isot_fake_762,meani,0.55,28,483
2026-01-21 09:11:41,mistralai/Mistral-7B-Instruct-v0.3,MMLU_selected_subjects,isot_fake_763,clean,0.543,28,745
2026-01-21 09:17:48,mistralai/Mistral-7B-Instruct-v0.3,MMLU_selected_subjects,isot_fake_763,meani,0.556,28,745
2026-01-21 09:23:32,mistralai/Mistral-7B-Instruct-v0.3,MMLU_selected_subjects,isot_fake_764,clean,0.542,28,456
2026-01-21 09:29:09,mistralai/Mistral-7B-Instruct-v0.3,MMLU_selected_subjects,isot_fake_764,meani,0.544,28,456
2026-01-21 09:34:33,mistralai/Mistral-7B-Instruct-v0.3,MMLU_selected_subjects,isot_fake_765,clean,0.547,28,251
2026-01-21 09:39:58,mistralai/Mistral-7B-Instruct-v0.3,MMLU_selected_subjects,isot_fake_765,meani,0.555,28,251
2026-01-21 09:45:29,mistralai/Mistral-7B-Instruct-v0.3,MMLU_selected_subjects,isot_fake_766,clean,0.558,28,357
2026-01-21 09:50:59,mistralai/Mistral-7B-Instruct-v0.3,MMLU_selected_subjects,isot_fake_766,meani,0.562,28,357
2026-01-21 09:56:26,mistralai/Mistral-7B-Instruct-v0.3,MMLU_selected_subjects,isot_fake_767,clean,0.557,28,306
2026-01-21 10:01:52,mistralai/Mistral-7B-Instruct-v0.3,MMLU_selected_subjects,isot_fake_767,meani,0.554,28,306
2026-01-21 10:07:10,mistralai/Mistral-7B-Instruct-v0.3,MMLU_selected_subjects,isot_fake_768,clean,0.554,28,222
2026-01-21 10:12:26,mistralai/Mistral-7B-Instruct-v0.3,MMLU_selected_subjects,isot_fake_768,meani,0.559,28,222
2026-01-21 10:17:54,mistralai/Mistral-7B-Instruct-v0.3,MMLU_selected_subjects,isot_fake_769,clean,0.553,28,350
2026-01-21 10:23:20,mistralai/Mistral-7B-Instruct-v0.3,MMLU_selected_subjects,isot_fake_769,meani,0.544,28,350
2026-01-21 10:28:56,mistralai/Mistral-7B-Instruct-v0.3,MMLU_selected_subjects,isot_fake_77,clean,0.554,28,427
2026-01-21 10:34:29,mistralai/Mistral-7B-Instruct-v0.3,MMLU_selected_subjects,isot_fake_77,meani,0.548,28,427
2026-01-21 10:39:59,mistralai/Mistral-7B-Instruct-v0.3,MMLU_selected_subjects,isot_fake_770,clean,0.539,28,432
2026-01-21 10:45:30,mistralai/Mistral-7B-Instruct-v0.3,MMLU_selected_subjects,isot_fake_770,meani,0.536,28,432
2026-01-21 10:50:50,mistralai/Mistral-7B-Instruct-v0.3,MMLU_selected_subjects,isot_fake_771,clean,0.554,28,209
2026-01-21 10:56:07,mistralai/Mistral-7B-Instruct-v0.3,MMLU_selected_subjects,isot_fake_771,meani,0.565,28,209
2026-01-21 11:01:50,mistralai/Mistral-7B-Instruct-v0.3,MMLU_selected_subjects,isot_fake_772,clean,0.543,28,624
2026-01-21 11:07:24,mistralai/Mistral-7B-Instruct-v0.3,MMLU_selected_subjects,isot_fake_772,meani,0.549,28,624
2026-01-21 11:13:18,mistralai/Mistral-7B-Instruct-v0.3,MMLU_selected_subjects,isot_fake_773,clean,0.545,28,500
2026-01-21 11:18:56,mistralai/Mistral-7B-Instruct-v0.3,MMLU_selected_subjects,isot_fake_773,meani,0.543,28,500
2026-01-21 11:24:46,mistralai/Mistral-7B-Instruct-v0.3,MMLU_selected_subjects,isot_fake_774,clean,0.538,28,371
2026-01-21 11:30:27,mistralai/Mistral-7B-Instruct-v0.3,MMLU_selected_subjects,isot_fake_774,meani,0.553,28,371
2026-01-21 11:36:08,mistralai/Mistral-7B-Instruct-v0.3,MMLU_selected_subjects,isot_fake_775,clean,0.544,28,371
2026-01-21 11:41:39,mistralai/Mistral-7B-Instruct-v0.3,MMLU_selected_subjects,isot_fake_775,meani,0.535,28,371
2026-01-21 11:47:32,mistralai/Mistral-7B-Instruct-v0.3,MMLU_selected_subjects,isot_fake_776,clean,0.552,28,648
2026-01-21 11:53:28,mistralai/Mistral-7B-Instruct-v0.3,MMLU_selected_subjects,isot_fake_776,meani,0.553,28,648
2026-01-21 11:58:59,mistralai/Mistral-7B-Instruct-v0.3,MMLU_selected_subjects,isot_fake_777,clean,0.529,28,356
2026-01-21 12:04:24,mistralai/Mistral-7B-Instruct-v0.3,MMLU_selected_subjects,isot_fake_777,meani,0.531,28,356
2026-01-21 12:10:14,mistralai/Mistral-7B-Instruct-v0.3,MMLU_selected_subjects,isot_fake_778,clean,0.538,28,661
2026-01-21 12:16:00,mistralai/Mistral-7B-Instruct-v0.3,MMLU_selected_subjects,isot_fake_778,meani,0.551,28,661
2026-01-21 12:21:21,mistralai/Mistral-7B-Instruct-v0.3,MMLU_selected_subjects,isot_fake_779,clean,0.556,28,245
2026-01-21 12:26:41,mistralai/Mistral-7B-Instruct-v0.3,MMLU_selected_subjects,isot_fake_779,meani,0.541,28,245
2026-01-21 12:32:46,mistralai/Mistral-7B-Instruct-v0.3,MMLU_selected_subjects,isot_fake_78,clean,0.542,28,746
2026-01-21 12:38:50,mistralai/Mistral-7B-Instruct-v0.3,MMLU_selected_subjects,isot_fake_78,meani,0.549,28,746
2026-01-21 12:44:30,mistralai/Mistral-7B-Instruct-v0.3,MMLU_selected_subjects,isot_fake_780,clean,0.525,28,432
2026-01-21 12:50:00,mistralai/Mistral-7B-Instruct-v0.3,MMLU_selected_subjects,isot_fake_780,meani,0.545,28,432
2026-01-21 12:55:15,mistralai/Mistral-7B-Instruct-v0.3,MMLU_selected_subjects,isot_fake_781,clean,0.539,28,259
2026-01-21 13:00:32,mistralai/Mistral-7B-Instruct-v0.3,MMLU_selected_subjects,isot_fake_781,meani,0.544,28,259
2026-01-21 13:07:11,mistralai/Mistral-7B-Instruct-v0.3,MMLU_selected_subjects,isot_fake_782,clean,0.548,28,749
2026-01-21 13:13:31,mistralai/Mistral-7B-Instruct-v0.3,MMLU_selected_subjects,isot_fake_782,meani,0.551,28,749
2026-01-21 13:19:07,mistralai/Mistral-7B-Instruct-v0.3,MMLU_selected_subjects,isot_fake_783,clean,0.553,28,304
2026-01-21 13:24:34,mistralai/Mistral-7B-Instruct-v0.3,MMLU_selected_subjects,isot_fake_783,meani,0.557,28,304
2026-01-21 13:29:56,mistralai/Mistral-7B-Instruct-v0.3,MMLU_selected_subjects,isot_fake_784,clean,0.538,28,282
2026-01-21 13:35:15,mistralai/Mistral-7B-Instruct-v0.3,MMLU_selected_subjects,isot_fake_784,meani,0.541,28,282
2026-01-21 13:42:25,mistralai/Mistral-7B-Instruct-v0.3,MMLU_selected_subjects,isot_fake_785,clean,0.546,28,689
2026-01-21 13:48:12,mistralai/Mistral-7B-Instruct-v0.3,MMLU_selected_subjects,isot_fake_785,meani,0.546,28,689
2026-01-21 13:54:15,mistralai/Mistral-7B-Instruct-v0.3,MMLU_selected_subjects,isot_fake_786,clean,0.547,28,686
2026-01-21 14:00:12,mistralai/Mistral-7B-Instruct-v0.3,MMLU_selected_subjects,isot_fake_786,meani,0.544,28,686
2026-01-21 14:06:11,mistralai/Mistral-7B-Instruct-v0.3,MMLU_selected_subjects,isot_fake_787,clean,0.54,28,652
2026-01-21 14:12:13,mistralai/Mistral-7B-Instruct-v0.3,MMLU_selected_subjects,isot_fake_787,meani,0.552,28,652
2026-01-21 14:17:46,mistralai/Mistral-7B-Instruct-v0.3,MMLU_selected_subjects,isot_fake_788,clean,0.548,28,382
2026-01-21 14:23:12,mistralai/Mistral-7B-Instruct-v0.3,MMLU_selected_subjects,isot_fake_788,meani,0.54,28,382
2026-01-21 14:28:49,mistralai/Mistral-7B-Instruct-v0.3,MMLU_selected_subjects,isot_fake_789,clean,0.537,28,547
2026-01-21 14:34:27,mistralai/Mistral-7B-Instruct-v0.3,MMLU_selected_subjects,isot_fake_789,meani,0.546,28,547
2026-01-21 14:40:18,mistralai/Mistral-7B-Instruct-v0.3,MMLU_selected_subjects,isot_fake_79,clean,0.546,28,550
2026-01-21 14:46:04,mistralai/Mistral-7B-Instruct-v0.3,MMLU_selected_subjects,isot_fake_79,meani,0.547,28,550
2026-01-21 14:51:50,mistralai/Mistral-7B-Instruct-v0.3,MMLU_selected_subjects,isot_fake_790,clean,0.552,28,536
2026-01-21 14:57:39,mistralai/Mistral-7B-Instruct-v0.3,MMLU_selected_subjects,isot_fake_790,meani,0.548,28,536
2026-01-21 15:03:34,mistralai/Mistral-7B-Instruct-v0.3,MMLU_selected_subjects,isot_fake_791,clean,0.554,28,586
2026-01-21 15:09:24,mistralai/Mistral-7B-Instruct-v0.3,MMLU_selected_subjects,isot_fake_791,meani,0.544,28,586
2026-01-21 15:15:01,mistralai/Mistral-7B-Instruct-v0.3,MMLU_selected_subjects,isot_fake_792,clean,0.544,28,460
2026-01-21 15:20:37,mistralai/Mistral-7B-Instruct-v0.3,MMLU_selected_subjects,isot_fake_792,meani,0.542,28,460
2026-01-21 15:26:25,mistralai/Mistral-7B-Instruct-v0.3,MMLU_selected_subjects,isot_fake_793,clean,0.545,28,648
2026-01-21 15:32:11,mistralai/Mistral-7B-Instruct-v0.3,MMLU_selected_subjects,isot_fake_793,meani,0.545,28,648
2026-01-21 15:37:52,mistralai/Mistral-7B-Instruct-v0.3,MMLU_selected_subjects,isot_fake_794,clean,0.552,28,404
2026-01-21 15:43:29,mistralai/Mistral-7B-Instruct-v0.3,MMLU_selected_subjects,isot_fake_794,meani,0.549,28,404
2026-01-21 15:48:48,mistralai/Mistral-7B-Instruct-v0.3,MMLU_selected_subjects,isot_fake_795,clean,0.546,28,256
2026-01-21 15:54:10,mistralai/Mistral-7B-Instruct-v0.3,MMLU_selected_subjects,isot_fake_795,meani,0.545,28,256
2026-01-21 15:59:50,mistralai/Mistral-7B-Instruct-v0.3,MMLU_selected_subjects,isot_fake_796,clean,0.53,28,475
2026-01-21 16:05:21,mistralai/Mistral-7B-Instruct-v0.3,MMLU_selected_subjects,isot_fake_796,meani,0.544,28,475
2026-01-21 16:10:38,mistralai/Mistral-7B-Instruct-v0.3,MMLU_selected_subjects,isot_fake_797,clean,0.543,28,237
2026-01-21 16:15:54,mistralai/Mistral-7B-Instruct-v0.3,MMLU_selected_subjects,isot_fake_797,meani,0.561,28,237
2026-01-21 16:21:52,mistralai/Mistral-7B-Instruct-v0.3,MMLU_selected_subjects,isot_fake_798,clean,0.557,28,740
2026-01-21 16:27:45,mistralai/Mistral-7B-Instruct-v0.3,MMLU_selected_subjects,isot_fake_798,meani,0.548,28,740
2026-01-21 16:33:21,mistralai/Mistral-7B-Instruct-v0.3,MMLU_selected_subjects,isot_fake_799,clean,0.539,28,435
2026-01-21 16:38:59,mistralai/Mistral-7B-Instruct-v0.3,MMLU_selected_subjects,isot_fake_799,meani,0.546,28,435
2026-01-21 16:44:53,mistralai/Mistral-7B-Instruct-v0.3,MMLU_selected_subjects,isot_fake_8,clean,0.551,28,578
2026-01-21 16:50:44,mistralai/Mistral-7B-Instruct-v0.3,MMLU_selected_subjects,isot_fake_8,meani,0.538,28,578
2026-01-21 16:56:04,mistralai/Mistral-7B-Instruct-v0.3,MMLU_selected_subjects,isot_fake_80,clean,0.552,28,282
2026-01-21 17:01:04,mistralai/Mistral-7B-Instruct-v0.3,MMLU_selected_subjects,isot_fake_80,meani,0.559,28,282
2026-01-21 17:06:57,mistralai/Mistral-7B-Instruct-v0.3,MMLU_selected_subjects,isot_fake_800,clean,0.554,28,780
2026-01-21 17:12:46,mistralai/Mistral-7B-Instruct-v0.3,MMLU_selected_subjects,isot_fake_800,meani,0.554,28,780
2026-01-21 17:18:40,mistralai/Mistral-7B-Instruct-v0.3,MMLU_selected_subjects,isot_fake_801,clean,0.548,28,751
2026-01-21 17:24:35,mistralai/Mistral-7B-Instruct-v0.3,MMLU_selected_subjects,isot_fake_801,meani,0.545,28,751
2026-01-21 17:30:45,mistralai/Mistral-7B-Instruct-v0.3,MMLU_selected_subjects,isot_fake_802,clean,0.538,28,629
2026-01-21 17:36:38,mistralai/Mistral-7B-Instruct-v0.3,MMLU_selected_subjects,isot_fake_802,meani,0.544,28,629
2026-01-21 17:42:40,mistralai/Mistral-7B-Instruct-v0.3,MMLU_selected_subjects,isot_fake_803,clean,0.552,28,678
2026-01-21 17:48:31,mistralai/Mistral-7B-Instruct-v0.3,MMLU_selected_subjects,isot_fake_803,meani,0.537,28,678
2026-01-21 17:54:06,mistralai/Mistral-7B-Instruct-v0.3,MMLU_selected_subjects,isot_fake_804,clean,0.555,28,531
2026-01-21 17:59:40,mistralai/Mistral-7B-Instruct-v0.3,MMLU_selected_subjects,isot_fake_804,meani,0.557,28,531
2026-01-21 18:05:40,mistralai/Mistral-7B-Instruct-v0.3,MMLU_selected_subjects,isot_fake_805,clean,0.538,28,675
2026-01-21 18:11:33,mistralai/Mistral-7B-Instruct-v0.3,MMLU_selected_subjects,isot_fake_805,meani,0.56,28,675
2026-01-21 18:17:41,mistralai/Mistral-7B-Instruct-v0.3,MMLU_selected_subjects,isot_fake_806,clean,0.545,28,761
2026-01-21 18:23:47,mistralai/Mistral-7B-Instruct-v0.3,MMLU_selected_subjects,isot_fake_806,meani,0.553,28,761
2026-01-21 18:29:20,mistralai/Mistral-7B-Instruct-v0.3,MMLU_selected_subjects,isot_fake_807,clean,0.539,28,249
2026-01-21 18:34:48,mistralai/Mistral-7B-Instruct-v0.3,MMLU_selected_subjects,isot_fake_807,meani,0.55,28,249
2026-01-21 18:40:16,mistralai/Mistral-7B-Instruct-v0.3,MMLU_selected_subjects,isot_fake_808,clean,0.548,28,308
2026-01-21 18:45:42,mistralai/Mistral-7B-Instruct-v0.3,MMLU_selected_subjects,isot_fake_808,meani,0.555,28,308
2026-01-21 18:51:04,mistralai/Mistral-7B-Instruct-v0.3,MMLU_selected_subjects,isot_fake_809,clean,0.54,28,248
2026-01-21 18:56:24,mistralai/Mistral-7B-Instruct-v0.3,MMLU_selected_subjects,isot_fake_809,meani,0.549,28,248
2026-01-21 19:02:15,mistralai/Mistral-7B-Instruct-v0.3,MMLU_selected_subjects,isot_fake_81,clean,0.545,28,609
2026-01-21 19:08:01,mistralai/Mistral-7B-Instruct-v0.3,MMLU_selected_subjects,isot_fake_81,meani,0.55,28,609
2026-01-21 19:13:39,mistralai/Mistral-7B-Instruct-v0.3,MMLU_selected_subjects,isot_fake_810,clean,0.529,28,525
2026-01-21 19:19:15,mistralai/Mistral-7B-Instruct-v0.3,MMLU_selected_subjects,isot_fake_810,meani,0.546,28,525
2026-01-21 19:25:05,mistralai/Mistral-7B-Instruct-v0.3,MMLU_selected_subjects,isot_fake_811,clean,0.54,28,641
2026-01-21 19:30:50,mistralai/Mistral-7B-Instruct-v0.3,MMLU_selected_subjects,isot_fake_811,meani,0.545,28,641
2026-01-21 19:36:59,mistralai/Mistral-7B-Instruct-v0.3,MMLU_selected_subjects,isot_fake_812,clean,0.553,28,726
2026-01-21 19:42:50,mistralai/Mistral-7B-Instruct-v0.3,MMLU_selected_subjects,isot_fake_812,meani,0.543,28,726
2026-01-21 19:48:49,mistralai/Mistral-7B-Instruct-v0.3,MMLU_selected_subjects,isot_fake_813,clean,0.545,28,754
2026-01-21 19:54:38,mistralai/Mistral-7B-Instruct-v0.3,MMLU_selected_subjects,isot_fake_813,meani,0.549,28,754
2026-01-21 20:00:01,mistralai/Mistral-7B-Instruct-v0.3,MMLU_selected_subjects,isot_fake_814,clean,0.551,28,247
2026-01-21 20:05:19,mistralai/Mistral-7B-Instruct-v0.3,MMLU_selected_subjects,isot_fake_814,meani,0.537,28,247
2026-01-21 20:10:48,mistralai/Mistral-7B-Instruct-v0.3,MMLU_selected_subjects,isot_fake_815,clean,0.548,28,205
2026-01-21 20:16:19,mistralai/Mistral-7B-Instruct-v0.3,MMLU_selected_subjects,isot_fake_815,meani,0.547,28,205
2026-01-21 20:22:09,mistralai/Mistral-7B-Instruct-v0.3,MMLU_selected_subjects,isot_fake_816,clean,0.557,28,594
2026-01-21 20:28:00,mistralai/Mistral-7B-Instruct-v0.3,MMLU_selected_subjects,isot_fake_816,meani,0.551,28,594
2026-01-21 20:33:24,mistralai/Mistral-7B-Instruct-v0.3,MMLU_selected_subjects,isot_fake_817,clean,0.535,28,303
2026-01-21 20:38:46,mistralai/Mistral-7B-Instruct-v0.3,MMLU_selected_subjects,isot_fake_817,meani,0.547,28,303
2026-01-21 20:44:37,mistralai/Mistral-7B-Instruct-v0.3,MMLU_selected_subjects,isot_fake_818,clean,0.537,28,653
2026-01-21 20:50:25,mistralai/Mistral-7B-Instruct-v0.3,MMLU_selected_subjects,isot_fake_818,meani,0.544,28,653
2026-01-21 20:55:47,mistralai/Mistral-7B-Instruct-v0.3,MMLU_selected_subjects,isot_fake_819,clean,0.555,28,253
2026-01-21 21:01:11,mistralai/Mistral-7B-Instruct-v0.3,MMLU_selected_subjects,isot_fake_819,meani,0.555,28,253
2026-01-21 21:06:45,mistralai/Mistral-7B-Instruct-v0.3,MMLU_selected_subjects,isot_fake_82,clean,0.542,28,452
2026-01-21 21:12:16,mistralai/Mistral-7B-Instruct-v0.3,MMLU_selected_subjects,isot_fake_82,meani,0.543,28,452
2026-01-21 21:18:12,mistralai/Mistral-7B-Instruct-v0.3,MMLU_selected_subjects,isot_fake_820,clean,0.55,28,483
2026-01-21 21:24:02,mistralai/Mistral-7B-Instruct-v0.3,MMLU_selected_subjects,isot_fake_820,meani,0.531,28,483
2026-01-21 21:29:42,mistralai/Mistral-7B-Instruct-v0.3,MMLU_selected_subjects,isot_fake_821,clean,0.56,28,518
2026-01-21 21:35:18,mistralai/Mistral-7B-Instruct-v0.3,MMLU_selected_subjects,isot_fake_821,meani,0.55,28,518
2026-01-21 21:41:31,mistralai/Mistral-7B-Instruct-v0.3,MMLU_selected_subjects,isot_fake_822,clean,0.547,28,793
2026-01-21 21:47:44,mistralai/Mistral-7B-Instruct-v0.3,MMLU_selected_subjects,isot_fake_822,meani,0.547,28,793
2026-01-21 21:53:34,mistralai/Mistral-7B-Instruct-v0.3,MMLU_selected_subjects,isot_fake_823,clean,0.537,28,510
2026-01-21 21:59:24,mistralai/Mistral-7B-Instruct-v0.3,MMLU_selected_subjects,isot_fake_823,meani,0.558,28,510
2026-01-21 22:05:05,mistralai/Mistral-7B-Instruct-v0.3,MMLU_selected_subjects,isot_fake_824,clean,0.558,28,493
2026-01-21 22:10:47,mistralai/Mistral-7B-Instruct-v0.3,MMLU_selected_subjects,isot_fake_824,meani,0.56,28,493
2026-01-21 22:16:36,mistralai/Mistral-7B-Instruct-v0.3,MMLU_selected_subjects,isot_fake_825,clean,0.549,28,644
2026-01-21 22:22:17,mistralai/Mistral-7B-Instruct-v0.3,MMLU_selected_subjects,isot_fake_825,meani,0.553,28,644
2026-01-21 22:27:38,mistralai/Mistral-7B-Instruct-v0.3,MMLU_selected_subjects,isot_fake_826,clean,0.556,28,215
2026-01-21 22:32:54,mistralai/Mistral-7B-Instruct-v0.3,MMLU_selected_subjects,isot_fake_826,meani,0.55,28,215
2026-01-21 22:38:48,mistralai/Mistral-7B-Instruct-v0.3,MMLU_selected_subjects,isot_fake_827,clean,0.524,28,555
2026-01-21 22:44:32,mistralai/Mistral-7B-Instruct-v0.3,MMLU_selected_subjects,isot_fake_827,meani,0.534,28,555
2026-01-21 22:50:13,mistralai/Mistral-7B-Instruct-v0.3,MMLU_selected_subjects,isot_fake_828,clean,0.547,28,583
2026-01-21 22:55:53,mistralai/Mistral-7B-Instruct-v0.3,MMLU_selected_subjects,isot_fake_828,meani,0.543,28,583
2026-01-21 23:01:39,mistralai/Mistral-7B-Instruct-v0.3,MMLU_selected_subjects,isot_fake_829,clean,0.544,28,636
2026-01-21 23:07:22,mistralai/Mistral-7B-Instruct-v0.3,MMLU_selected_subjects,isot_fake_829,meani,0.536,28,636
2026-01-21 23:12:47,mistralai/Mistral-7B-Instruct-v0.3,MMLU_selected_subjects,isot_fake_83,clean,0.55,28,380
2026-01-21 23:18:11,mistralai/Mistral-7B-Instruct-v0.3,MMLU_selected_subjects,isot_fake_83,meani,0.556,28,380
2026-01-21 23:23:56,mistralai/Mistral-7B-Instruct-v0.3,MMLU_selected_subjects,isot_fake_830,clean,0.541,28,619
2026-01-21 23:29:38,mistralai/Mistral-7B-Instruct-v0.3,MMLU_selected_subjects,isot_fake_830,meani,0.546,28,619
2026-01-21 23:35:26,mistralai/Mistral-7B-Instruct-v0.3,MMLU_selected_subjects,isot_fake_831,clean,0.545,28,686
2026-01-21 23:41:00,mistralai/Mistral-7B-Instruct-v0.3,MMLU_selected_subjects,isot_fake_831,meani,0.55,28,686
2026-01-21 23:46:47,mistralai/Mistral-7B-Instruct-v0.3,MMLU_selected_subjects,isot_fake_832,clean,0.533,28,616
2026-01-21 23:52:37,mistralai/Mistral-7B-Instruct-v0.3,MMLU_selected_subjects,isot_fake_832,meani,0.541,28,616
2026-01-21 23:58:22,mistralai/Mistral-7B-Instruct-v0.3,MMLU_selected_subjects,isot_fake_833,clean,0.549,28,419
2026-01-22 00:04:08,mistralai/Mistral-7B-Instruct-v0.3,MMLU_selected_subjects,isot_fake_833,meani,0.544,28,419
2026-01-22 00:10:01,mistralai/Mistral-7B-Instruct-v0.3,MMLU_selected_subjects,isot_fake_834,clean,0.554,28,554
2026-01-22 00:15:47,mistralai/Mistral-7B-Instruct-v0.3,MMLU_selected_subjects,isot_fake_834,meani,0.556,28,554
2026-01-22 00:21:30,mistralai/Mistral-7B-Instruct-v0.3,MMLU_selected_subjects,isot_fake_835,clean,0.554,28,298
2026-01-22 00:27:07,mistralai/Mistral-7B-Instruct-v0.3,MMLU_selected_subjects,isot_fake_835,meani,0.545,28,298
2026-01-22 00:34:32,mistralai/Mistral-7B-Instruct-v0.3,MMLU_selected_subjects,isot_fake_836,clean,0.539,28,470
2026-01-22 00:40:14,mistralai/Mistral-7B-Instruct-v0.3,MMLU_selected_subjects,isot_fake_836,meani,0.533,28,470
2026-01-22 00:46:28,mistralai/Mistral-7B-Instruct-v0.3,MMLU_selected_subjects,isot_fake_837,clean,0.549,28,677
2026-01-22 00:53:15,mistralai/Mistral-7B-Instruct-v0.3,MMLU_selected_subjects,isot_fake_837,meani,0.549,28,677
2026-01-22 00:59:24,mistralai/Mistral-7B-Instruct-v0.3,MMLU_selected_subjects,isot_fake_838,clean,0.532,28,284
2026-01-22 01:05:08,mistralai/Mistral-7B-Instruct-v0.3,MMLU_selected_subjects,isot_fake_838,meani,0.544,28,284
2026-01-22 01:11:31,mistralai/Mistral-7B-Instruct-v0.3,MMLU_selected_subjects,isot_fake_839,clean,0.55,28,778
2026-01-22 01:17:32,mistralai/Mistral-7B-Instruct-v0.3,MMLU_selected_subjects,isot_fake_839,meani,0.552,28,778
2026-01-22 01:23:07,mistralai/Mistral-7B-Instruct-v0.3,MMLU_selected_subjects,isot_fake_84,clean,0.544,28,418
2026-01-22 01:28:37,mistralai/Mistral-7B-Instruct-v0.3,MMLU_selected_subjects,isot_fake_84,meani,0.547,28,418
2026-01-22 01:34:40,mistralai/Mistral-7B-Instruct-v0.3,MMLU_selected_subjects,isot_fake_840,clean,0.548,28,600
2026-01-22 01:40:47,mistralai/Mistral-7B-Instruct-v0.3,MMLU_selected_subjects,isot_fake_840,meani,0.552,28,600
2026-01-22 01:46:19,mistralai/Mistral-7B-Instruct-v0.3,MMLU_selected_subjects,isot_fake_841,clean,0.551,28,501
2026-01-22 01:51:54,mistralai/Mistral-7B-Instruct-v0.3,MMLU_selected_subjects,isot_fake_841,meani,0.548,28,501
2026-01-22 01:57:10,mistralai/Mistral-7B-Instruct-v0.3,MMLU_selected_subjects,isot_fake_842,clean,0.56,28,218
2026-01-22 02:02:23,mistralai/Mistral-7B-Instruct-v0.3,MMLU_selected_subjects,isot_fake_842,meani,0.558,28,218
2026-01-22 02:08:02,mistralai/Mistral-7B-Instruct-v0.3,MMLU_selected_subjects,isot_fake_843,clean,0.548,28,408
2026-01-22 02:13:35,mistralai/Mistral-7B-Instruct-v0.3,MMLU_selected_subjects,isot_fake_843,meani,0.542,28,408
2026-01-22 02:19:09,mistralai/Mistral-7B-Instruct-v0.3,MMLU_selected_subjects,isot_fake_844,clean,0.558,28,718
2026-01-22 02:24:48,mistralai/Mistral-7B-Instruct-v0.3,MMLU_selected_subjects,isot_fake_844,meani,0.556,28,718
2026-01-22 02:30:26,mistralai/Mistral-7B-Instruct-v0.3,MMLU_selected_subjects,isot_fake_845,clean,0.55,28,454
2026-01-22 02:36:02,mistralai/Mistral-7B-Instruct-v0.3,MMLU_selected_subjects,isot_fake_845,meani,0.539,28,454
2026-01-22 02:41:48,mistralai/Mistral-7B-Instruct-v0.3,MMLU_selected_subjects,isot_fake_846,clean,0.55,28,502
2026-01-22 02:47:29,mistralai/Mistral-7B-Instruct-v0.3,MMLU_selected_subjects,isot_fake_846,meani,0.54,28,502
2026-01-22 02:53:12,mistralai/Mistral-7B-Instruct-v0.3,MMLU_selected_subjects,isot_fake_847,clean,0.54,28,560
2026-01-22 02:58:52,mistralai/Mistral-7B-Instruct-v0.3,MMLU_selected_subjects,isot_fake_847,meani,0.548,28,560
2026-01-22 03:04:26,mistralai/Mistral-7B-Instruct-v0.3,MMLU_selected_subjects,isot_fake_848,clean,0.538,28,450
2026-01-22 03:09:59,mistralai/Mistral-7B-Instruct-v0.3,MMLU_selected_subjects,isot_fake_848,meani,0.548,28,450
2026-01-22 03:15:57,mistralai/Mistral-7B-Instruct-v0.3,MMLU_selected_subjects,isot_fake_849,clean,0.546,28,727
2026-01-22 03:21:51,mistralai/Mistral-7B-Instruct-v0.3,MMLU_selected_subjects,isot_fake_849,meani,0.542,28,727
2026-01-22 03:27:37,mistralai/Mistral-7B-Instruct-v0.3,MMLU_selected_subjects,isot_fake_85,clean,0.534,28,486
2026-01-22 03:33:18,mistralai/Mistral-7B-Instruct-v0.3,MMLU_selected_subjects,isot_fake_85,meani,0.549,28,486
2026-01-22 03:39:07,mistralai/Mistral-7B-Instruct-v0.3,MMLU_selected_subjects,isot_fake_850,clean,0.554,28,636
2026-01-22 03:44:56,mistralai/Mistral-7B-Instruct-v0.3,MMLU_selected_subjects,isot_fake_850,meani,0.551,28,636
2026-01-22 03:50:23,mistralai/Mistral-7B-Instruct-v0.3,MMLU_selected_subjects,isot_fake_851,clean,0.534,28,242
2026-01-22 03:55:49,mistralai/Mistral-7B-Instruct-v0.3,MMLU_selected_subjects,isot_fake_851,meani,0.547,28,242
2026-01-22 04:01:41,mistralai/Mistral-7B-Instruct-v0.3,MMLU_selected_subjects,isot_fake_852,clean,0.554,28,633
2026-01-22 04:07:32,mistralai/Mistral-7B-Instruct-v0.3,MMLU_selected_subjects,isot_fake_852,meani,0.55,28,633
2026-01-22 04:13:24,mistralai/Mistral-7B-Instruct-v0.3,MMLU_selected_subjects,isot_fake_853,clean,0.554,28,671
2026-01-22 04:19:13,mistralai/Mistral-7B-Instruct-v0.3,MMLU_selected_subjects,isot_fake_853,meani,0.553,28,671
2026-01-22 04:24:40,mistralai/Mistral-7B-Instruct-v0.3,MMLU_selected_subjects,isot_fake_854,clean,0.543,28,367
2026-01-22 04:30:03,mistralai/Mistral-7B-Instruct-v0.3,MMLU_selected_subjects,isot_fake_854,meani,0.545,28,367
2026-01-22 04:35:36,mistralai/Mistral-7B-Instruct-v0.3,MMLU_selected_subjects,isot_fake_855,clean,0.539,28,473
2026-01-22 04:41:07,mistralai/Mistral-7B-Instruct-v0.3,MMLU_selected_subjects,isot_fake_855,meani,0.546,28,473
2026-01-22 04:46:50,mistralai/Mistral-7B-Instruct-v0.3,MMLU_selected_subjects,isot_fake_856,clean,0.552,28,476
2026-01-22 04:52:23,mistralai/Mistral-7B-Instruct-v0.3,MMLU_selected_subjects,isot_fake_856,meani,0.562,28,476
2026-01-22 04:57:38,mistralai/Mistral-7B-Instruct-v0.3,MMLU_selected_subjects,isot_fake_857,clean,0.56,28,205
2026-01-22 05:02:52,mistralai/Mistral-7B-Instruct-v0.3,MMLU_selected_subjects,isot_fake_857,meani,0.548,28,205
2026-01-22 05:08:09,mistralai/Mistral-7B-Instruct-v0.3,MMLU_selected_subjects,isot_fake_858,clean,0.554,28,266
2026-01-22 05:13:30,mistralai/Mistral-7B-Instruct-v0.3,MMLU_selected_subjects,isot_fake_858,meani,0.569,28,266
2026-01-22 05:18:56,mistralai/Mistral-7B-Instruct-v0.3,MMLU_selected_subjects,isot_fake_859,clean,0.552,28,348
2026-01-22 05:24:20,mistralai/Mistral-7B-Instruct-v0.3,MMLU_selected_subjects,isot_fake_859,meani,0.549,28,348
2026-01-22 05:30:13,mistralai/Mistral-7B-Instruct-v0.3,MMLU_selected_subjects,isot_fake_86,clean,0.541,28,653
2026-01-22 05:36:05,mistralai/Mistral-7B-Instruct-v0.3,MMLU_selected_subjects,isot_fake_86,meani,0.549,28,653
2026-01-22 05:41:37,mistralai/Mistral-7B-Instruct-v0.3,MMLU_selected_subjects,isot_fake_860,clean,0.552,28,435
2026-01-22 05:47:07,mistralai/Mistral-7B-Instruct-v0.3,MMLU_selected_subjects,isot_fake_860,meani,0.554,28,435
2026-01-22 05:52:57,mistralai/Mistral-7B-Instruct-v0.3,MMLU_selected_subjects,isot_fake_861,clean,0.537,28,510
2026-01-22 05:58:48,mistralai/Mistral-7B-Instruct-v0.3,MMLU_selected_subjects,isot_fake_861,meani,0.546,28,510
2026-01-22 06:04:36,mistralai/Mistral-7B-Instruct-v0.3,MMLU_selected_subjects,isot_fake_862,clean,0.55,28,585
2026-01-22 06:10:18,mistralai/Mistral-7B-Instruct-v0.3,MMLU_selected_subjects,isot_fake_862,meani,0.546,28,585
2026-01-22 06:16:06,mistralai/Mistral-7B-Instruct-v0.3,MMLU_selected_subjects,isot_fake_863,clean,0.564,28,574
2026-01-22 06:21:47,mistralai/Mistral-7B-Instruct-v0.3,MMLU_selected_subjects,isot_fake_863,meani,0.556,28,574
2026-01-22 06:27:10,mistralai/Mistral-7B-Instruct-v0.3,MMLU_selected_subjects,isot_fake_864,clean,0.556,28,245
2026-01-22 06:32:32,mistralai/Mistral-7B-Instruct-v0.3,MMLU_selected_subjects,isot_fake_864,meani,0.548,28,245
2026-01-22 06:38:29,mistralai/Mistral-7B-Instruct-v0.3,MMLU_selected_subjects,isot_fake_865,clean,0.545,28,780
2026-01-22 06:44:24,mistralai/Mistral-7B-Instruct-v0.3,MMLU_selected_subjects,isot_fake_865,meani,0.538,28,780
2026-01-22 06:50:01,mistralai/Mistral-7B-Instruct-v0.3,MMLU_selected_subjects,isot_fake_866,clean,0.546,28,360
2026-01-22 06:55:39,mistralai/Mistral-7B-Instruct-v0.3,MMLU_selected_subjects,isot_fake_866,meani,0.542,28,360
2026-01-22 07:01:13,mistralai/Mistral-7B-Instruct-v0.3,MMLU_selected_subjects,isot_fake_867,clean,0.551,28,488
2026-01-22 07:06:50,mistralai/Mistral-7B-Instruct-v0.3,MMLU_selected_subjects,isot_fake_867,meani,0.551,28,488
2026-01-22 07:13:00,mistralai/Mistral-7B-Instruct-v0.3,MMLU_selected_subjects,isot_fake_868,clean,0.555,28,792
2026-01-22 07:18:54,mistralai/Mistral-7B-Instruct-v0.3,MMLU_selected_subjects,isot_fake_868,meani,0.549,28,792
2026-01-22 07:25:00,mistralai/Mistral-7B-Instruct-v0.3,MMLU_selected_subjects,isot_fake_869,clean,0.555,28,716
2026-01-22 07:31:08,mistralai/Mistral-7B-Instruct-v0.3,MMLU_selected_subjects,isot_fake_869,meani,0.542,28,716
2026-01-22 07:36:41,mistralai/Mistral-7B-Instruct-v0.3,MMLU_selected_subjects,isot_fake_87,clean,0.54,28,363
2026-01-22 07:42:12,mistralai/Mistral-7B-Instruct-v0.3,MMLU_selected_subjects,isot_fake_87,meani,0.542,28,363
2026-01-22 07:48:12,mistralai/Mistral-7B-Instruct-v0.3,MMLU_selected_subjects,isot_fake_870,clean,0.561,28,769
2026-01-22 07:54:05,mistralai/Mistral-7B-Instruct-v0.3,MMLU_selected_subjects,isot_fake_870,meani,0.545,28,769
2026-01-22 08:00:03,mistralai/Mistral-7B-Instruct-v0.3,MMLU_selected_subjects,isot_fake_871,clean,0.54,28,745
2026-01-22 08:05:57,mistralai/Mistral-7B-Instruct-v0.3,MMLU_selected_subjects,isot_fake_871,meani,0.541,28,745
2026-01-22 08:11:54,mistralai/Mistral-7B-Instruct-v0.3,MMLU_selected_subjects,isot_fake_872,clean,0.531,28,543
2026-01-22 08:17:40,mistralai/Mistral-7B-Instruct-v0.3,MMLU_selected_subjects,isot_fake_872,meani,0.553,28,543
2026-01-22 08:23:06,mistralai/Mistral-7B-Instruct-v0.3,MMLU_selected_subjects,isot_fake_873,clean,0.547,28,312
2026-01-22 08:28:30,mistralai/Mistral-7B-Instruct-v0.3,MMLU_selected_subjects,isot_fake_873,meani,0.541,28,312
2026-01-22 08:34:13,mistralai/Mistral-7B-Instruct-v0.3,MMLU_selected_subjects,isot_fake_874,clean,0.544,28,558
2026-01-22 08:39:57,mistralai/Mistral-7B-Instruct-v0.3,MMLU_selected_subjects,isot_fake_874,meani,0.551,28,558
2026-01-22 08:45:39,mistralai/Mistral-7B-Instruct-v0.3,MMLU_selected_subjects,isot_fake_875,clean,0.537,28,479
2026-01-22 08:51:22,mistralai/Mistral-7B-Instruct-v0.3,MMLU_selected_subjects,isot_fake_875,meani,0.553,28,479
2026-01-22 08:57:19,mistralai/Mistral-7B-Instruct-v0.3,MMLU_selected_subjects,isot_fake_876,clean,0.543,28,691
2026-01-22 09:03:12,mistralai/Mistral-7B-Instruct-v0.3,MMLU_selected_subjects,isot_fake_876,meani,0.545,28,691
2026-01-22 09:08:34,mistralai/Mistral-7B-Instruct-v0.3,MMLU_selected_subjects,isot_fake_877,clean,0.55,28,270
2026-01-22 09:13:58,mistralai/Mistral-7B-Instruct-v0.3,MMLU_selected_subjects,isot_fake_877,meani,0.542,28,270
2026-01-22 09:20:49,mistralai/Mistral-7B-Instruct-v0.3,MMLU_selected_subjects,isot_fake_878,clean,0.547,28,752
2026-01-22 09:26:51,mistralai/Mistral-7B-Instruct-v0.3,MMLU_selected_subjects,isot_fake_878,meani,0.527,28,752
2026-01-22 09:32:31,mistralai/Mistral-7B-Instruct-v0.3,MMLU_selected_subjects,isot_fake_879,clean,0.535,28,558
2026-01-22 09:38:09,mistralai/Mistral-7B-Instruct-v0.3,MMLU_selected_subjects,isot_fake_879,meani,0.54,28,558
2026-01-22 09:44:22,mistralai/Mistral-7B-Instruct-v0.3,MMLU_selected_subjects,isot_fake_88,clean,0.55,28,778
2026-01-22 09:50:34,mistralai/Mistral-7B-Instruct-v0.3,MMLU_selected_subjects,isot_fake_88,meani,0.546,28,778
2026-01-22 09:56:28,mistralai/Mistral-7B-Instruct-v0.3,MMLU_selected_subjects,isot_fake_880,clean,0.552,28,536
2026-01-22 10:02:50,mistralai/Mistral-7B-Instruct-v0.3,MMLU_selected_subjects,isot_fake_880,meani,0.557,28,536
2026-01-22 10:09:23,mistralai/Mistral-7B-Instruct-v0.3,MMLU_selected_subjects,isot_fake_881,clean,0.54,28,740
2026-01-22 10:15:31,mistralai/Mistral-7B-Instruct-v0.3,MMLU_selected_subjects,isot_fake_881,meani,0.545,28,740
2026-01-22 10:21:32,mistralai/Mistral-7B-Instruct-v0.3,MMLU_selected_subjects,isot_fake_882,clean,0.547,28,759
2026-01-22 10:27:27,mistralai/Mistral-7B-Instruct-v0.3,MMLU_selected_subjects,isot_fake_882,meani,0.549,28,759
2026-01-22 10:33:22,mistralai/Mistral-7B-Instruct-v0.3,MMLU_selected_subjects,isot_fake_883,clean,0.548,28,506
2026-01-22 10:39:10,mistralai/Mistral-7B-Instruct-v0.3,MMLU_selected_subjects,isot_fake_883,meani,0.542,28,506
2026-01-22 10:45:13,mistralai/Mistral-7B-Instruct-v0.3,MMLU_selected_subjects,isot_fake_884,clean,0.547,28,787
2026-01-22 10:51:15,mistralai/Mistral-7B-Instruct-v0.3,MMLU_selected_subjects,isot_fake_884,meani,0.554,28,787
2026-01-22 10:56:51,mistralai/Mistral-7B-Instruct-v0.3,MMLU_selected_subjects,isot_fake_885,clean,0.546,28,386
2026-01-22 11:02:27,mistralai/Mistral-7B-Instruct-v0.3,MMLU_selected_subjects,isot_fake_885,meani,0.535,28,386
2026-01-22 11:09:10,mistralai/Mistral-7B-Instruct-v0.3,MMLU_selected_subjects,isot_fake_886,clean,0.558,28,681
2026-01-22 11:15:22,mistralai/Mistral-7B-Instruct-v0.3,MMLU_selected_subjects,isot_fake_886,meani,0.539,28,681
2026-01-22 11:21:02,mistralai/Mistral-7B-Instruct-v0.3,MMLU_selected_subjects,isot_fake_887,clean,0.547,28,550
2026-01-22 11:26:43,mistralai/Mistral-7B-Instruct-v0.3,MMLU_selected_subjects,isot_fake_887,meani,0.556,28,550
2026-01-22 11:32:10,mistralai/Mistral-7B-Instruct-v0.3,MMLU_selected_subjects,isot_fake_888,clean,0.539,28,305
2026-01-22 11:37:36,mistralai/Mistral-7B-Instruct-v0.3,MMLU_selected_subjects,isot_fake_888,meani,0.544,28,305
2026-01-22 11:43:45,mistralai/Mistral-7B-Instruct-v0.3,MMLU_selected_subjects,isot_fake_889,clean,0.561,28,730
2026-01-22 11:49:46,mistralai/Mistral-7B-Instruct-v0.3,MMLU_selected_subjects,isot_fake_889,meani,0.541,28,730
2026-01-22 11:55:35,mistralai/Mistral-7B-Instruct-v0.3,MMLU_selected_subjects,isot_fake_89,clean,0.543,28,599
2026-01-22 12:01:18,mistralai/Mistral-7B-Instruct-v0.3,MMLU_selected_subjects,isot_fake_89,meani,0.558,28,599
2026-01-22 12:07:17,mistralai/Mistral-7B-Instruct-v0.3,MMLU_selected_subjects,isot_fake_890,clean,0.56,28,733
2026-01-22 12:13:17,mistralai/Mistral-7B-Instruct-v0.3,MMLU_selected_subjects,isot_fake_890,meani,0.553,28,733
2026-01-22 12:19:09,mistralai/Mistral-7B-Instruct-v0.3,MMLU_selected_subjects,isot_fake_891,clean,0.547,28,631
2026-01-22 12:25:01,mistralai/Mistral-7B-Instruct-v0.3,MMLU_selected_subjects,isot_fake_891,meani,0.537,28,631
2026-01-22 12:30:40,mistralai/Mistral-7B-Instruct-v0.3,MMLU_selected_subjects,isot_fake_892,clean,0.534,28,488
2026-01-22 12:36:15,mistralai/Mistral-7B-Instruct-v0.3,MMLU_selected_subjects,isot_fake_892,meani,0.543,28,488
2026-01-22 12:41:44,mistralai/Mistral-7B-Instruct-v0.3,MMLU_selected_subjects,isot_fake_893,clean,0.55,28,285
2026-01-22 12:47:09,mistralai/Mistral-7B-Instruct-v0.3,MMLU_selected_subjects,isot_fake_893,meani,0.549,28,285
2026-01-22 12:52:41,mistralai/Mistral-7B-Instruct-v0.3,MMLU_selected_subjects,isot_fake_894,clean,0.546,28,404
2026-01-22 12:58:15,mistralai/Mistral-7B-Instruct-v0.3,MMLU_selected_subjects,isot_fake_894,meani,0.548,28,404
2026-01-22 13:04:06,mistralai/Mistral-7B-Instruct-v0.3,MMLU_selected_subjects,isot_fake_895,clean,0.542,28,658
2026-01-22 13:10:01,mistralai/Mistral-7B-Instruct-v0.3,MMLU_selected_subjects,isot_fake_895,meani,0.55,28,658
2026-01-22 13:15:31,mistralai/Mistral-7B-Instruct-v0.3,MMLU_selected_subjects,isot_fake_896,clean,0.548,28,200
2026-01-22 13:21:11,mistralai/Mistral-7B-Instruct-v0.3,MMLU_selected_subjects,isot_fake_896,meani,0.545,28,200
2026-01-22 13:27:18,mistralai/Mistral-7B-Instruct-v0.3,MMLU_selected_subjects,isot_fake_897,clean,0.553,28,711
2026-01-22 13:33:24,mistralai/Mistral-7B-Instruct-v0.3,MMLU_selected_subjects,isot_fake_897,meani,0.543,28,711
2026-01-22 13:38:55,mistralai/Mistral-7B-Instruct-v0.3,MMLU_selected_subjects,isot_fake_898,clean,0.542,28,351
2026-01-22 13:44:33,mistralai/Mistral-7B-Instruct-v0.3,MMLU_selected_subjects,isot_fake_898,meani,0.546,28,351
2026-01-22 13:50:07,mistralai/Mistral-7B-Instruct-v0.3,MMLU_selected_subjects,isot_fake_899,clean,0.536,28,425
2026-01-22 13:55:38,mistralai/Mistral-7B-Instruct-v0.3,MMLU_selected_subjects,isot_fake_899,meani,0.556,28,425
2026-01-22 14:01:13,mistralai/Mistral-7B-Instruct-v0.3,MMLU_selected_subjects,isot_fake_9,clean,0.538,28,371
2026-01-22 14:06:49,mistralai/Mistral-7B-Instruct-v0.3,MMLU_selected_subjects,isot_fake_9,meani,0.543,28,371
2026-01-22 14:12:12,mistralai/Mistral-7B-Instruct-v0.3,MMLU_selected_subjects,isot_fake_90,clean,0.554,28,200
2026-01-22 14:17:31,mistralai/Mistral-7B-Instruct-v0.3,MMLU_selected_subjects,isot_fake_90,meani,0.554,28,200
2026-01-22 14:23:38,mistralai/Mistral-7B-Instruct-v0.3,MMLU_selected_subjects,isot_fake_900,clean,0.546,28,675
2026-01-22 14:29:41,mistralai/Mistral-7B-Instruct-v0.3,MMLU_selected_subjects,isot_fake_900,meani,0.544,28,675
2026-01-22 14:35:28,mistralai/Mistral-7B-Instruct-v0.3,MMLU_selected_subjects,isot_fake_901,clean,0.536,28,480
2026-01-22 14:41:11,mistralai/Mistral-7B-Instruct-v0.3,MMLU_selected_subjects,isot_fake_901,meani,0.528,28,480
2026-01-22 14:46:43,mistralai/Mistral-7B-Instruct-v0.3,MMLU_selected_subjects,isot_fake_902,clean,0.536,28,400
2026-01-22 14:52:16,mistralai/Mistral-7B-Instruct-v0.3,MMLU_selected_subjects,isot_fake_902,meani,0.541,28,400
2026-01-22 14:57:45,mistralai/Mistral-7B-Instruct-v0.3,MMLU_selected_subjects,isot_fake_903,clean,0.539,28,327
2026-01-22 15:03:16,mistralai/Mistral-7B-Instruct-v0.3,MMLU_selected_subjects,isot_fake_903,meani,0.545,28,327
2026-01-22 15:08:37,mistralai/Mistral-7B-Instruct-v0.3,MMLU_selected_subjects,isot_fake_904,clean,0.543,28,234
2026-01-22 15:13:58,mistralai/Mistral-7B-Instruct-v0.3,MMLU_selected_subjects,isot_fake_904,meani,0.552,28,234
2026-01-22 15:19:32,mistralai/Mistral-7B-Instruct-v0.3,MMLU_selected_subjects,isot_fake_905,clean,0.542,28,409
2026-01-22 15:25:03,mistralai/Mistral-7B-Instruct-v0.3,MMLU_selected_subjects,isot_fake_905,meani,0.541,28,409
2026-01-22 15:30:54,mistralai/Mistral-7B-Instruct-v0.3,MMLU_selected_subjects,isot_fake_906,clean,0.562,28,556
2026-01-22 15:36:45,mistralai/Mistral-7B-Instruct-v0.3,MMLU_selected_subjects,isot_fake_906,meani,0.555,28,556
2026-01-22 15:42:32,mistralai/Mistral-7B-Instruct-v0.3,MMLU_selected_subjects,isot_fake_907,clean,0.554,28,561
2026-01-22 15:48:15,mistralai/Mistral-7B-Instruct-v0.3,MMLU_selected_subjects,isot_fake_907,meani,0.551,28,561
2026-01-22 15:54:11,mistralai/Mistral-7B-Instruct-v0.3,MMLU_selected_subjects,isot_fake_908,clean,0.55,28,669
2026-01-22 16:00:00,mistralai/Mistral-7B-Instruct-v0.3,MMLU_selected_subjects,isot_fake_908,meani,0.54,28,669
2026-01-22 16:05:48,mistralai/Mistral-7B-Instruct-v0.3,MMLU_selected_subjects,isot_fake_909,clean,0.537,28,479
2026-01-22 16:11:29,mistralai/Mistral-7B-Instruct-v0.3,MMLU_selected_subjects,isot_fake_909,meani,0.545,28,479
2026-01-22 16:17:03,mistralai/Mistral-7B-Instruct-v0.3,MMLU_selected_subjects,isot_fake_91,clean,0.533,28,454
2026-01-22 16:22:50,mistralai/Mistral-7B-Instruct-v0.3,MMLU_selected_subjects,isot_fake_91,meani,0.547,28,454
2026-01-22 16:29:07,mistralai/Mistral-7B-Instruct-v0.3,MMLU_selected_subjects,isot_fake_910,clean,0.56,28,785
2026-01-22 16:35:13,mistralai/Mistral-7B-Instruct-v0.3,MMLU_selected_subjects,isot_fake_910,meani,0.548,28,785
2026-01-22 16:41:09,mistralai/Mistral-7B-Instruct-v0.3,MMLU_selected_subjects,isot_fake_911,clean,0.55,28,542
2026-01-22 16:47:03,mistralai/Mistral-7B-Instruct-v0.3,MMLU_selected_subjects,isot_fake_911,meani,0.542,28,542
2026-01-22 16:52:23,mistralai/Mistral-7B-Instruct-v0.3,MMLU_selected_subjects,isot_fake_912,clean,0.551,28,276
2026-01-22 16:57:42,mistralai/Mistral-7B-Instruct-v0.3,MMLU_selected_subjects,isot_fake_912,meani,0.547,28,276
2026-01-22 17:03:26,mistralai/Mistral-7B-Instruct-v0.3,MMLU_selected_subjects,isot_fake_913,clean,0.543,28,584
2026-01-22 17:09:05,mistralai/Mistral-7B-Instruct-v0.3,MMLU_selected_subjects,isot_fake_913,meani,0.559,28,584
2026-01-22 17:14:48,mistralai/Mistral-7B-Instruct-v0.3,MMLU_selected_subjects,isot_fake_914,clean,0.54,28,444
2026-01-22 17:20:29,mistralai/Mistral-7B-Instruct-v0.3,MMLU_selected_subjects,isot_fake_914,meani,0.555,28,444
2026-01-22 17:26:20,mistralai/Mistral-7B-Instruct-v0.3,MMLU_selected_subjects,isot_fake_915,clean,0.55,28,568
2026-01-22 17:32:02,mistralai/Mistral-7B-Instruct-v0.3,MMLU_selected_subjects,isot_fake_915,meani,0.542,28,568
2026-01-22 17:37:23,mistralai/Mistral-7B-Instruct-v0.3,MMLU_selected_subjects,isot_fake_916,clean,0.549,28,273
2026-01-22 17:42:45,mistralai/Mistral-7B-Instruct-v0.3,MMLU_selected_subjects,isot_fake_916,meani,0.555,28,273
2026-01-22 17:48:16,mistralai/Mistral-7B-Instruct-v0.3,MMLU_selected_subjects,isot_fake_917,clean,0.553,28,350
2026-01-22 17:53:49,mistralai/Mistral-7B-Instruct-v0.3,MMLU_selected_subjects,isot_fake_917,meani,0.55,28,350
2026-01-22 17:59:21,mistralai/Mistral-7B-Instruct-v0.3,MMLU_selected_subjects,isot_fake_918,clean,0.551,28,501
2026-01-22 18:04:51,mistralai/Mistral-7B-Instruct-v0.3,MMLU_selected_subjects,isot_fake_918,meani,0.563,28,501
2026-01-22 18:10:40,mistralai/Mistral-7B-Instruct-v0.3,MMLU_selected_subjects,isot_fake_919,clean,0.551,28,632
2026-01-22 18:16:23,mistralai/Mistral-7B-Instruct-v0.3,MMLU_selected_subjects,isot_fake_919,meani,0.554,28,632
2026-01-22 18:22:06,mistralai/Mistral-7B-Instruct-v0.3,MMLU_selected_subjects,isot_fake_92,clean,0.544,28,514
2026-01-22 18:27:46,mistralai/Mistral-7B-Instruct-v0.3,MMLU_selected_subjects,isot_fake_92,meani,0.539,28,514
2026-01-22 18:33:26,mistralai/Mistral-7B-Instruct-v0.3,MMLU_selected_subjects,isot_fake_920,clean,0.548,28,492
2026-01-22 18:38:56,mistralai/Mistral-7B-Instruct-v0.3,MMLU_selected_subjects,isot_fake_920,meani,0.539,28,492
2026-01-22 18:44:26,mistralai/Mistral-7B-Instruct-v0.3,MMLU_selected_subjects,isot_fake_921,clean,0.548,28,301
2026-01-22 18:49:52,mistralai/Mistral-7B-Instruct-v0.3,MMLU_selected_subjects,isot_fake_921,meani,0.545,28,301
2026-01-22 18:55:48,mistralai/Mistral-7B-Instruct-v0.3,MMLU_selected_subjects,isot_fake_922,clean,0.551,28,704
2026-01-22 19:01:42,mistralai/Mistral-7B-Instruct-v0.3,MMLU_selected_subjects,isot_fake_922,meani,0.54,28,704
2026-01-22 19:07:44,mistralai/Mistral-7B-Instruct-v0.3,MMLU_selected_subjects,isot_fake_923,clean,0.549,28,795
2026-01-22 19:13:42,mistralai/Mistral-7B-Instruct-v0.3,MMLU_selected_subjects,isot_fake_923,meani,0.551,28,795
2026-01-22 19:19:23,mistralai/Mistral-7B-Instruct-v0.3,MMLU_selected_subjects,isot_fake_924,clean,0.545,28,566
2026-01-22 19:25:04,mistralai/Mistral-7B-Instruct-v0.3,MMLU_selected_subjects,isot_fake_924,meani,0.558,28,566
2026-01-22 19:31:04,mistralai/Mistral-7B-Instruct-v0.3,MMLU_selected_subjects,isot_fake_925,clean,0.544,28,760
2026-01-22 19:37:10,mistralai/Mistral-7B-Instruct-v0.3,MMLU_selected_subjects,isot_fake_925,meani,0.541,28,760
2026-01-22 19:42:26,mistralai/Mistral-7B-Instruct-v0.3,MMLU_selected_subjects,isot_fake_926,clean,0.543,28,272
2026-01-22 19:47:48,mistralai/Mistral-7B-Instruct-v0.3,MMLU_selected_subjects,isot_fake_926,meani,0.541,28,272
2026-01-22 19:53:37,mistralai/Mistral-7B-Instruct-v0.3,MMLU_selected_subjects,isot_fake_927,clean,0.541,28,614
2026-01-22 19:59:24,mistralai/Mistral-7B-Instruct-v0.3,MMLU_selected_subjects,isot_fake_927,meani,0.544,28,614
2026-01-22 20:04:46,mistralai/Mistral-7B-Instruct-v0.3,MMLU_selected_subjects,isot_fake_928,clean,0.548,28,308
2026-01-22 20:10:05,mistralai/Mistral-7B-Instruct-v0.3,MMLU_selected_subjects,isot_fake_928,meani,0.545,28,308
2026-01-22 20:15:44,mistralai/Mistral-7B-Instruct-v0.3,MMLU_selected_subjects,isot_fake_929,clean,0.551,28,583
2026-01-22 20:21:26,mistralai/Mistral-7B-Instruct-v0.3,MMLU_selected_subjects,isot_fake_929,meani,0.549,28,583
2026-01-22 20:26:52,mistralai/Mistral-7B-Instruct-v0.3,MMLU_selected_subjects,isot_fake_93,clean,0.542,28,344
2026-01-22 20:32:20,mistralai/Mistral-7B-Instruct-v0.3,MMLU_selected_subjects,isot_fake_93,meani,0.554,28,344
2026-01-22 20:37:49,mistralai/Mistral-7B-Instruct-v0.3,MMLU_selected_subjects,isot_fake_930,clean,0.538,28,275
2026-01-22 20:43:12,mistralai/Mistral-7B-Instruct-v0.3,MMLU_selected_subjects,isot_fake_930,meani,0.553,28,275
2026-01-22 20:48:46,mistralai/Mistral-7B-Instruct-v0.3,MMLU_selected_subjects,isot_fake_931,clean,0.549,28,457
2026-01-22 20:54:19,mistralai/Mistral-7B-Instruct-v0.3,MMLU_selected_subjects,isot_fake_931,meani,0.545,28,457
2026-01-22 21:00:04,mistralai/Mistral-7B-Instruct-v0.3,MMLU_selected_subjects,isot_fake_932,clean,0.541,28,607
2026-01-22 21:05:46,mistralai/Mistral-7B-Instruct-v0.3,MMLU_selected_subjects,isot_fake_932,meani,0.563,28,607
2026-01-22 21:11:23,mistralai/Mistral-7B-Instruct-v0.3,MMLU_selected_subjects,isot_fake_933,clean,0.545,28,419
2026-01-22 21:16:58,mistralai/Mistral-7B-Instruct-v0.3,MMLU_selected_subjects,isot_fake_933,meani,0.545,28,419
2026-01-22 21:22:20,mistralai/Mistral-7B-Instruct-v0.3,MMLU_selected_subjects,isot_fake_934,clean,0.537,28,319
2026-01-22 21:27:43,mistralai/Mistral-7B-Instruct-v0.3,MMLU_selected_subjects,isot_fake_934,meani,0.542,28,319
2026-01-22 21:33:23,mistralai/Mistral-7B-Instruct-v0.3,MMLU_selected_subjects,isot_fake_935,clean,0.557,28,507
2026-01-22 21:39:04,mistralai/Mistral-7B-Instruct-v0.3,MMLU_selected_subjects,isot_fake_935,meani,0.557,28,507
2026-01-22 21:44:46,mistralai/Mistral-7B-Instruct-v0.3,MMLU_selected_subjects,isot_fake_936,clean,0.546,28,475
2026-01-22 21:50:25,mistralai/Mistral-7B-Instruct-v0.3,MMLU_selected_subjects,isot_fake_936,meani,0.555,28,475
2026-01-22 21:55:45,mistralai/Mistral-7B-Instruct-v0.3,MMLU_selected_subjects,isot_fake_937,clean,0.551,28,298
2026-01-22 22:01:02,mistralai/Mistral-7B-Instruct-v0.3,MMLU_selected_subjects,isot_fake_937,meani,0.544,28,298
2026-01-22 22:06:31,mistralai/Mistral-7B-Instruct-v0.3,MMLU_selected_subjects,isot_fake_938,clean,0.547,28,250
2026-01-22 22:11:57,mistralai/Mistral-7B-Instruct-v0.3,MMLU_selected_subjects,isot_fake_938,meani,0.538,28,250
2026-01-22 22:17:52,mistralai/Mistral-7B-Instruct-v0.3,MMLU_selected_subjects,isot_fake_939,clean,0.534,28,755
2026-01-22 22:23:46,mistralai/Mistral-7B-Instruct-v0.3,MMLU_selected_subjects,isot_fake_939,meani,0.55,28,755
2026-01-22 22:29:18,mistralai/Mistral-7B-Instruct-v0.3,MMLU_selected_subjects,isot_fake_94,clean,0.548,28,445
2026-01-22 22:34:49,mistralai/Mistral-7B-Instruct-v0.3,MMLU_selected_subjects,isot_fake_94,meani,0.542,28,445
2026-01-22 22:40:14,mistralai/Mistral-7B-Instruct-v0.3,MMLU_selected_subjects,isot_fake_940,clean,0.547,28,219
2026-01-22 22:45:40,mistralai/Mistral-7B-Instruct-v0.3,MMLU_selected_subjects,isot_fake_940,meani,0.554,28,219
2026-01-22 22:51:20,mistralai/Mistral-7B-Instruct-v0.3,MMLU_selected_subjects,isot_fake_941,clean,0.537,28,587
2026-01-22 22:56:59,mistralai/Mistral-7B-Instruct-v0.3,MMLU_selected_subjects,isot_fake_941,meani,0.56,28,587
2026-01-22 23:02:31,mistralai/Mistral-7B-Instruct-v0.3,MMLU_selected_subjects,isot_fake_942,clean,0.531,28,368
2026-01-22 23:08:04,mistralai/Mistral-7B-Instruct-v0.3,MMLU_selected_subjects,isot_fake_942,meani,0.549,28,368
2026-01-22 23:13:34,mistralai/Mistral-7B-Instruct-v0.3,MMLU_selected_subjects,isot_fake_943,clean,0.549,28,248
2026-01-22 23:19:00,mistralai/Mistral-7B-Instruct-v0.3,MMLU_selected_subjects,isot_fake_943,meani,0.551,28,248
2026-01-22 23:24:41,mistralai/Mistral-7B-Instruct-v0.3,MMLU_selected_subjects,isot_fake_944,clean,0.533,28,616
2026-01-22 23:30:20,mistralai/Mistral-7B-Instruct-v0.3,MMLU_selected_subjects,isot_fake_944,meani,0.544,28,616
2026-01-22 23:35:55,mistralai/Mistral-7B-Instruct-v0.3,MMLU_selected_subjects,isot_fake_945,clean,0.547,28,429
2026-01-22 23:41:21,mistralai/Mistral-7B-Instruct-v0.3,MMLU_selected_subjects,isot_fake_945,meani,0.554,28,429
2026-01-22 23:46:36,mistralai/Mistral-7B-Instruct-v0.3,MMLU_selected_subjects,isot_fake_946,clean,0.548,28,206
2026-01-22 23:51:49,mistralai/Mistral-7B-Instruct-v0.3,MMLU_selected_subjects,isot_fake_946,meani,0.552,28,206
2026-01-22 23:57:37,mistralai/Mistral-7B-Instruct-v0.3,MMLU_selected_subjects,isot_fake_947,clean,0.543,28,663
2026-01-23 00:03:17,mistralai/Mistral-7B-Instruct-v0.3,MMLU_selected_subjects,isot_fake_947,meani,0.542,28,663
2026-01-23 00:08:33,mistralai/Mistral-7B-Instruct-v0.3,MMLU_selected_subjects,isot_fake_948,clean,0.547,28,218
2026-01-23 00:13:48,mistralai/Mistral-7B-Instruct-v0.3,MMLU_selected_subjects,isot_fake_948,meani,0.561,28,218
2026-01-23 00:19:24,mistralai/Mistral-7B-Instruct-v0.3,MMLU_selected_subjects,isot_fake_949,clean,0.547,28,388
2026-01-23 00:24:53,mistralai/Mistral-7B-Instruct-v0.3,MMLU_selected_subjects,isot_fake_949,meani,0.543,28,388
2026-01-23 00:30:28,mistralai/Mistral-7B-Instruct-v0.3,MMLU_selected_subjects,isot_fake_95,clean,0.563,28,490
2026-01-23 00:36:03,mistralai/Mistral-7B-Instruct-v0.3,MMLU_selected_subjects,isot_fake_95,meani,0.563,28,490
2026-01-23 00:42:04,mistralai/Mistral-7B-Instruct-v0.3,MMLU_selected_subjects,isot_fake_950,clean,0.541,28,673
2026-01-23 00:48:03,mistralai/Mistral-7B-Instruct-v0.3,MMLU_selected_subjects,isot_fake_950,meani,0.548,28,673
2026-01-23 00:53:49,mistralai/Mistral-7B-Instruct-v0.3,MMLU_selected_subjects,isot_fake_951,clean,0.538,28,651
2026-01-23 00:59:33,mistralai/Mistral-7B-Instruct-v0.3,MMLU_selected_subjects,isot_fake_951,meani,0.544,28,651
2026-01-23 01:05:30,mistralai/Mistral-7B-Instruct-v0.3,MMLU_selected_subjects,isot_fake_952,clean,0.546,28,697
2026-01-23 01:11:25,mistralai/Mistral-7B-Instruct-v0.3,MMLU_selected_subjects,isot_fake_952,meani,0.547,28,697
2026-01-23 01:16:49,mistralai/Mistral-7B-Instruct-v0.3,MMLU_selected_subjects,isot_fake_953,clean,0.553,28,311
2026-01-23 01:22:16,mistralai/Mistral-7B-Instruct-v0.3,MMLU_selected_subjects,isot_fake_953,meani,0.554,28,311
2026-01-23 01:28:13,mistralai/Mistral-7B-Instruct-v0.3,MMLU_selected_subjects,isot_fake_954,clean,0.54,28,652
2026-01-23 01:34:04,mistralai/Mistral-7B-Instruct-v0.3,MMLU_selected_subjects,isot_fake_954,meani,0.528,28,652
2026-01-23 01:39:56,mistralai/Mistral-7B-Instruct-v0.3,MMLU_selected_subjects,isot_fake_955,clean,0.544,28,685
2026-01-23 01:45:52,mistralai/Mistral-7B-Instruct-v0.3,MMLU_selected_subjects,isot_fake_955,meani,0.541,28,685
2026-01-23 01:51:44,mistralai/Mistral-7B-Instruct-v0.3,MMLU_selected_subjects,isot_fake_956,clean,0.54,28,755
2026-01-23 01:57:31,mistralai/Mistral-7B-Instruct-v0.3,MMLU_selected_subjects,isot_fake_956,meani,0.54,28,755
2026-01-23 02:03:02,mistralai/Mistral-7B-Instruct-v0.3,MMLU_selected_subjects,isot_fake_957,clean,0.549,28,419
2026-01-23 02:08:37,mistralai/Mistral-7B-Instruct-v0.3,MMLU_selected_subjects,isot_fake_957,meani,0.548,28,419
2026-01-23 02:14:25,mistralai/Mistral-7B-Instruct-v0.3,MMLU_selected_subjects,isot_fake_958,clean,0.557,28,667
2026-01-23 02:20:11,mistralai/Mistral-7B-Instruct-v0.3,MMLU_selected_subjects,isot_fake_958,meani,0.551,28,667
2026-01-23 02:26:07,mistralai/Mistral-7B-Instruct-v0.3,MMLU_selected_subjects,isot_fake_959,clean,0.532,28,673
2026-01-23 02:31:58,mistralai/Mistral-7B-Instruct-v0.3,MMLU_selected_subjects,isot_fake_959,meani,0.543,28,673
2026-01-23 02:37:45,mistralai/Mistral-7B-Instruct-v0.3,MMLU_selected_subjects,isot_fake_96,clean,0.534,28,570
2026-01-23 02:43:30,mistralai/Mistral-7B-Instruct-v0.3,MMLU_selected_subjects,isot_fake_96,meani,0.535,28,570
2026-01-23 02:49:23,mistralai/Mistral-7B-Instruct-v0.3,MMLU_selected_subjects,isot_fake_960,clean,0.564,28,574
2026-01-23 02:55:06,mistralai/Mistral-7B-Instruct-v0.3,MMLU_selected_subjects,isot_fake_960,meani,0.553,28,574
2026-01-23 03:01:11,mistralai/Mistral-7B-Instruct-v0.3,MMLU_selected_subjects,isot_fake_961,clean,0.559,28,775
2026-01-23 03:07:10,mistralai/Mistral-7B-Instruct-v0.3,MMLU_selected_subjects,isot_fake_961,meani,0.549,28,775
2026-01-23 03:13:07,mistralai/Mistral-7B-Instruct-v0.3,MMLU_selected_subjects,isot_fake_962,clean,0.548,28,729
2026-01-23 03:18:59,mistralai/Mistral-7B-Instruct-v0.3,MMLU_selected_subjects,isot_fake_962,meani,0.545,28,729
2026-01-23 03:24:57,mistralai/Mistral-7B-Instruct-v0.3,MMLU_selected_subjects,isot_fake_963,clean,0.541,28,647
2026-01-23 03:30:48,mistralai/Mistral-7B-Instruct-v0.3,MMLU_selected_subjects,isot_fake_963,meani,0.552,28,647
2026-01-23 03:36:42,mistralai/Mistral-7B-Instruct-v0.3,MMLU_selected_subjects,isot_fake_964,clean,0.544,28,731
2026-01-23 03:42:29,mistralai/Mistral-7B-Instruct-v0.3,MMLU_selected_subjects,isot_fake_964,meani,0.541,28,731
2026-01-23 03:48:25,mistralai/Mistral-7B-Instruct-v0.3,MMLU_selected_subjects,isot_fake_965,clean,0.55,28,657
2026-01-23 03:54:14,mistralai/Mistral-7B-Instruct-v0.3,MMLU_selected_subjects,isot_fake_965,meani,0.539,28,657
2026-01-23 04:00:05,mistralai/Mistral-7B-Instruct-v0.3,MMLU_selected_subjects,isot_fake_966,clean,0.547,28,716
2026-01-23 04:05:49,mistralai/Mistral-7B-Instruct-v0.3,MMLU_selected_subjects,isot_fake_966,meani,0.544,28,716
2026-01-23 04:11:19,mistralai/Mistral-7B-Instruct-v0.3,MMLU_selected_subjects,isot_fake_967,clean,0.545,28,325
2026-01-23 04:16:44,mistralai/Mistral-7B-Instruct-v0.3,MMLU_selected_subjects,isot_fake_967,meani,0.549,28,325
2026-01-23 04:22:29,mistralai/Mistral-7B-Instruct-v0.3,MMLU_selected_subjects,isot_fake_968,clean,0.547,28,587
2026-01-23 04:28:12,mistralai/Mistral-7B-Instruct-v0.3,MMLU_selected_subjects,isot_fake_968,meani,0.535,28,587
2026-01-23 04:33:27,mistralai/Mistral-7B-Instruct-v0.3,MMLU_selected_subjects,isot_fake_969,clean,0.533,28,228
2026-01-23 04:38:44,mistralai/Mistral-7B-Instruct-v0.3,MMLU_selected_subjects,isot_fake_969,meani,0.539,28,228
2026-01-23 04:44:26,mistralai/Mistral-7B-Instruct-v0.3,MMLU_selected_subjects,isot_fake_97,clean,0.552,28,405
2026-01-23 04:50:08,mistralai/Mistral-7B-Instruct-v0.3,MMLU_selected_subjects,isot_fake_97,meani,0.547,28,405
2026-01-23 04:55:36,mistralai/Mistral-7B-Instruct-v0.3,MMLU_selected_subjects,isot_fake_970,clean,0.544,28,355
2026-01-23 05:01:03,mistralai/Mistral-7B-Instruct-v0.3,MMLU_selected_subjects,isot_fake_970,meani,0.538,28,355
2026-01-23 05:06:45,mistralai/Mistral-7B-Instruct-v0.3,MMLU_selected_subjects,isot_fake_971,clean,0.548,28,520
2026-01-23 05:12:20,mistralai/Mistral-7B-Instruct-v0.3,MMLU_selected_subjects,isot_fake_971,meani,0.538,28,520
2026-01-23 05:18:11,mistralai/Mistral-7B-Instruct-v0.3,MMLU_selected_subjects,isot_fake_972,clean,0.54,28,599
2026-01-23 05:23:54,mistralai/Mistral-7B-Instruct-v0.3,MMLU_selected_subjects,isot_fake_972,meani,0.54,28,599
2026-01-23 05:29:16,mistralai/Mistral-7B-Instruct-v0.3,MMLU_selected_subjects,isot_fake_973,clean,0.54,28,244
2026-01-23 05:34:37,mistralai/Mistral-7B-Instruct-v0.3,MMLU_selected_subjects,isot_fake_973,meani,0.529,28,244
2026-01-23 05:40:04,mistralai/Mistral-7B-Instruct-v0.3,MMLU_selected_subjects,isot_fake_974,clean,0.531,28,347
2026-01-23 05:45:30,mistralai/Mistral-7B-Instruct-v0.3,MMLU_selected_subjects,isot_fake_974,meani,0.557,28,347
2026-01-23 05:51:28,mistralai/Mistral-7B-Instruct-v0.3,MMLU_selected_subjects,isot_fake_975,clean,0.548,28,752
2026-01-23 05:57:20,mistralai/Mistral-7B-Instruct-v0.3,MMLU_selected_subjects,isot_fake_975,meani,0.55,28,752
2026-01-23 06:03:11,mistralai/Mistral-7B-Instruct-v0.3,MMLU_selected_subjects,isot_fake_976,clean,0.536,28,445
2026-01-23 06:08:55,mistralai/Mistral-7B-Instruct-v0.3,MMLU_selected_subjects,isot_fake_976,meani,0.542,28,445
2026-01-23 06:14:35,mistralai/Mistral-7B-Instruct-v0.3,MMLU_selected_subjects,isot_fake_977,clean,0.543,28,519
2026-01-23 06:20:17,mistralai/Mistral-7B-Instruct-v0.3,MMLU_selected_subjects,isot_fake_977,meani,0.551,28,519
2026-01-23 06:26:00,mistralai/Mistral-7B-Instruct-v0.3,MMLU_selected_subjects,isot_fake_978,clean,0.541,28,541
2026-01-23 06:31:40,mistralai/Mistral-7B-Instruct-v0.3,MMLU_selected_subjects,isot_fake_978,meani,0.548,28,541
2026-01-23 06:37:37,mistralai/Mistral-7B-Instruct-v0.3,MMLU_selected_subjects,isot_fake_979,clean,0.545,28,558
2026-01-23 06:43:27,mistralai/Mistral-7B-Instruct-v0.3,MMLU_selected_subjects,isot_fake_979,meani,0.548,28,558
2026-01-23 06:49:38,mistralai/Mistral-7B-Instruct-v0.3,MMLU_selected_subjects,isot_fake_98,clean,0.538,28,780
2026-01-23 06:55:39,mistralai/Mistral-7B-Instruct-v0.3,MMLU_selected_subjects,isot_fake_98,meani,0.542,28,780
2026-01-23 07:01:23,mistralai/Mistral-7B-Instruct-v0.3,MMLU_selected_subjects,isot_fake_980,clean,0.534,28,509
2026-01-23 07:07:06,mistralai/Mistral-7B-Instruct-v0.3,MMLU_selected_subjects,isot_fake_980,meani,0.539,28,509
2026-01-23 07:13:11,mistralai/Mistral-7B-Instruct-v0.3,MMLU_selected_subjects,isot_fake_981,clean,0.542,28,746
2026-01-23 07:19:15,mistralai/Mistral-7B-Instruct-v0.3,MMLU_selected_subjects,isot_fake_981,meani,0.548,28,746
2026-01-23 07:24:36,mistralai/Mistral-7B-Instruct-v0.3,MMLU_selected_subjects,isot_fake_982,clean,0.552,28,207
2026-01-23 07:30:01,mistralai/Mistral-7B-Instruct-v0.3,MMLU_selected_subjects,isot_fake_982,meani,0.566,28,207
2026-01-23 07:35:44,mistralai/Mistral-7B-Instruct-v0.3,MMLU_selected_subjects,isot_fake_983,clean,0.545,28,507
2026-01-23 07:41:29,mistralai/Mistral-7B-Instruct-v0.3,MMLU_selected_subjects,isot_fake_983,meani,0.557,28,507
2026-01-23 07:47:13,mistralai/Mistral-7B-Instruct-v0.3,MMLU_selected_subjects,isot_fake_984,clean,0.548,28,431
2026-01-23 07:52:54,mistralai/Mistral-7B-Instruct-v0.3,MMLU_selected_subjects,isot_fake_984,meani,0.55,28,431
2026-01-23 07:58:41,mistralai/Mistral-7B-Instruct-v0.3,MMLU_selected_subjects,isot_fake_985,clean,0.548,28,639
2026-01-23 08:04:28,mistralai/Mistral-7B-Instruct-v0.3,MMLU_selected_subjects,isot_fake_985,meani,0.542,28,639
2026-01-23 08:10:16,mistralai/Mistral-7B-Instruct-v0.3,MMLU_selected_subjects,isot_fake_986,clean,0.55,28,643
2026-01-23 08:16:03,mistralai/Mistral-7B-Instruct-v0.3,MMLU_selected_subjects,isot_fake_986,meani,0.548,28,643
2026-01-23 08:21:47,mistralai/Mistral-7B-Instruct-v0.3,MMLU_selected_subjects,isot_fake_987,clean,0.538,28,632
2026-01-23 08:27:33,mistralai/Mistral-7B-Instruct-v0.3,MMLU_selected_subjects,isot_fake_987,meani,0.534,28,632
2026-01-23 08:33:15,mistralai/Mistral-7B-Instruct-v0.3,MMLU_selected_subjects,isot_fake_988,clean,0.535,28,633
2026-01-23 08:38:54,mistralai/Mistral-7B-Instruct-v0.3,MMLU_selected_subjects,isot_fake_988,meani,0.539,28,633
2026-01-23 08:44:25,mistralai/Mistral-7B-Instruct-v0.3,MMLU_selected_subjects,isot_fake_989,clean,0.548,28,308
2026-01-23 08:49:51,mistralai/Mistral-7B-Instruct-v0.3,MMLU_selected_subjects,isot_fake_989,meani,0.546,28,308
2026-01-23 08:55:36,mistralai/Mistral-7B-Instruct-v0.3,MMLU_selected_subjects,isot_fake_99,clean,0.541,28,542
2026-01-23 09:01:21,mistralai/Mistral-7B-Instruct-v0.3,MMLU_selected_subjects,isot_fake_99,meani,0.539,28,542
2026-01-23 09:07:20,mistralai/Mistral-7B-Instruct-v0.3,MMLU_selected_subjects,isot_fake_990,clean,0.541,28,786
2026-01-23 09:13:16,mistralai/Mistral-7B-Instruct-v0.3,MMLU_selected_subjects,isot_fake_990,meani,0.539,28,786
2026-01-23 09:19:21,mistralai/Mistral-7B-Instruct-v0.3,MMLU_selected_subjects,isot_fake_991,clean,0.555,28,461
2026-01-23 09:25:08,mistralai/Mistral-7B-Instruct-v0.3,MMLU_selected_subjects,isot_fake_991,meani,0.555,28,461
2026-01-23 09:30:47,mistralai/Mistral-7B-Instruct-v0.3,MMLU_selected_subjects,isot_fake_992,clean,0.545,28,413
2026-01-23 09:36:14,mistralai/Mistral-7B-Instruct-v0.3,MMLU_selected_subjects,isot_fake_992,meani,0.536,28,413
2026-01-23 09:42:10,mistralai/Mistral-7B-Instruct-v0.3,MMLU_selected_subjects,isot_fake_993,clean,0.542,28,667
2026-01-23 09:47:58,mistralai/Mistral-7B-Instruct-v0.3,MMLU_selected_subjects,isot_fake_993,meani,0.549,28,667
2026-01-23 09:53:32,mistralai/Mistral-7B-Instruct-v0.3,MMLU_selected_subjects,isot_fake_994,clean,0.544,28,421
2026-01-23 09:59:04,mistralai/Mistral-7B-Instruct-v0.3,MMLU_selected_subjects,isot_fake_994,meani,0.541,28,421
2026-01-23 10:04:21,mistralai/Mistral-7B-Instruct-v0.3,MMLU_selected_subjects,isot_fake_995,clean,0.532,28,222
2026-01-23 10:09:39,mistralai/Mistral-7B-Instruct-v0.3,MMLU_selected_subjects,isot_fake_995,meani,0.534,28,222
2026-01-23 10:14:52,mistralai/Mistral-7B-Instruct-v0.3,MMLU_selected_subjects,isot_fake_996,clean,0.557,28,198
2026-01-23 10:20:06,mistralai/Mistral-7B-Instruct-v0.3,MMLU_selected_subjects,isot_fake_996,meani,0.549,28,198
2026-01-23 10:25:36,mistralai/Mistral-7B-Instruct-v0.3,MMLU_selected_subjects,isot_fake_997,clean,0.548,28,445
2026-01-23 10:31:10,mistralai/Mistral-7B-Instruct-v0.3,MMLU_selected_subjects,isot_fake_997,meani,0.551,28,445
2026-01-23 10:37:04,mistralai/Mistral-7B-Instruct-v0.3,MMLU_selected_subjects,isot_fake_998,clean,0.55,28,629
2026-01-23 10:42:55,mistralai/Mistral-7B-Instruct-v0.3,MMLU_selected_subjects,isot_fake_998,meani,0.546,28,629
2026-01-23 10:48:37,mistralai/Mistral-7B-Instruct-v0.3,MMLU_selected_subjects,isot_fake_999,clean,0.555,28,397
2026-01-23 10:54:37,mistralai/Mistral-7B-Instruct-v0.3,MMLU_selected_subjects,isot_fake_999,meani,0.551,28,397
2026-01-24 19:03:27,meta-llama/Llama-3.1-8B,MMLU_selected_subjects,isot_fake_1,clean,0.506,28,691
2026-01-24 19:07:13,meta-llama/Llama-3.1-8B,MMLU_selected_subjects,isot_fake_1,meani,0.507,28,691
2026-01-24 19:10:58,meta-llama/Llama-3.1-8B,MMLU_selected_subjects,isot_fake_10,clean,0.513,28,357
2026-01-24 19:14:56,meta-llama/Llama-3.1-8B,MMLU_selected_subjects,isot_fake_10,meani,0.522,28,357
2026-01-24 19:18:52,meta-llama/Llama-3.1-8B,MMLU_selected_subjects,isot_fake_100,clean,0.51,28,306
2026-01-24 19:22:52,meta-llama/Llama-3.1-8B,MMLU_selected_subjects,isot_fake_100,meani,0.505,28,306
2026-01-24 19:26:36,meta-llama/Llama-3.1-8B,MMLU_selected_subjects,isot_fake_1000,clean,0.517,28,706
2026-01-24 19:30:15,meta-llama/Llama-3.1-8B,MMLU_selected_subjects,isot_fake_1000,meani,0.523,28,706
2026-01-24 19:34:34,meta-llama/Llama-3.1-8B,MMLU_selected_subjects,isot_fake_101,clean,0.507,28,761
2026-01-24 19:38:30,meta-llama/Llama-3.1-8B,MMLU_selected_subjects,isot_fake_101,meani,0.532,28,761
2026-01-24 19:42:48,meta-llama/Llama-3.1-8B,MMLU_selected_subjects,isot_fake_102,clean,0.503,28,600
2026-01-24 19:46:17,meta-llama/Llama-3.1-8B,MMLU_selected_subjects,isot_fake_102,meani,0.48,28,600
2026-01-24 19:50:17,meta-llama/Llama-3.1-8B,MMLU_selected_subjects,isot_fake_103,clean,0.516,28,511
2026-01-24 19:53:27,meta-llama/Llama-3.1-8B,MMLU_selected_subjects,isot_fake_103,meani,0.487,28,511
2026-01-24 19:57:23,meta-llama/Llama-3.1-8B,MMLU_selected_subjects,isot_fake_104,clean,0.522,28,211
2026-01-24 20:01:16,meta-llama/Llama-3.1-8B,MMLU_selected_subjects,isot_fake_104,meani,0.532,28,211
2026-01-24 20:03:47,meta-llama/Llama-3.1-8B,MMLU_selected_subjects,isot_fake_105,clean,0.521,28,709
2026-01-24 20:06:24,meta-llama/Llama-3.1-8B,MMLU_selected_subjects,isot_fake_105,meani,0.525,28,709
2026-01-24 20:09:40,meta-llama/Llama-3.1-8B,MMLU_selected_subjects,isot_fake_106,clean,0.525,28,206
2026-01-24 20:12:23,meta-llama/Llama-3.1-8B,MMLU_selected_subjects,isot_fake_106,meani,0.498,28,206
2026-01-24 20:16:04,meta-llama/Llama-3.1-8B,MMLU_selected_subjects,isot_fake_107,clean,0.53,28,200
2026-01-24 20:19:26,meta-llama/Llama-3.1-8B,MMLU_selected_subjects,isot_fake_107,meani,0.531,28,200
2026-01-24 20:23:30,meta-llama/Llama-3.1-8B,MMLU_selected_subjects,isot_fake_108,clean,0.527,28,389
2026-01-24 20:27:38,meta-llama/Llama-3.1-8B,MMLU_selected_subjects,isot_fake_108,meani,0.516,28,389
2026-01-24 20:31:49,meta-llama/Llama-3.1-8B,MMLU_selected_subjects,isot_fake_109,clean,0.546,28,724
2026-01-24 20:36:10,meta-llama/Llama-3.1-8B,MMLU_selected_subjects,isot_fake_109,meani,0.529,28,724
2026-01-24 20:39:10,meta-llama/Llama-3.1-8B,MMLU_selected_subjects,isot_fake_11,clean,0.529,28,630
2026-01-24 20:42:39,meta-llama/Llama-3.1-8B,MMLU_selected_subjects,isot_fake_11,meani,0.515,28,630
2026-01-24 20:46:59,meta-llama/Llama-3.1-8B,MMLU_selected_subjects,isot_fake_110,clean,0.511,28,552
2026-01-24 20:50:52,meta-llama/Llama-3.1-8B,MMLU_selected_subjects,isot_fake_110,meani,0.527,28,552
2026-01-24 20:53:37,meta-llama/Llama-3.1-8B,MMLU_selected_subjects,isot_fake_111,clean,0.525,28,691
2026-01-24 20:57:38,meta-llama/Llama-3.1-8B,MMLU_selected_subjects,isot_fake_111,meani,0.527,28,691
2026-01-24 21:01:35,meta-llama/Llama-3.1-8B,MMLU_selected_subjects,isot_fake_112,clean,0.527,28,329
2026-01-24 21:05:30,meta-llama/Llama-3.1-8B,MMLU_selected_subjects,isot_fake_112,meani,0.53,28,329
2026-01-24 21:09:38,meta-llama/Llama-3.1-8B,MMLU_selected_subjects,isot_fake_113,clean,0.519,28,415
2026-01-24 21:13:18,meta-llama/Llama-3.1-8B,MMLU_selected_subjects,isot_fake_113,meani,0.502,28,415
2026-01-24 21:16:37,meta-llama/Llama-3.1-8B,MMLU_selected_subjects,isot_fake_114,clean,0.523,28,686
2026-01-24 21:20:08,meta-llama/Llama-3.1-8B,MMLU_selected_subjects,isot_fake_114,meani,0.524,28,686
2026-01-24 21:23:41,meta-llama/Llama-3.1-8B,MMLU_selected_subjects,isot_fake_115,clean,0.511,28,410
2026-01-24 21:27:35,meta-llama/Llama-3.1-8B,MMLU_selected_subjects,isot_fake_115,meani,0.512,28,410
2026-01-24 21:30:49,meta-llama/Llama-3.1-8B,MMLU_selected_subjects,isot_fake_116,clean,0.522,28,648
2026-01-24 21:33:36,meta-llama/Llama-3.1-8B,MMLU_selected_subjects,isot_fake_116,meani,0.514,28,648
2026-01-24 21:36:45,meta-llama/Llama-3.1-8B,MMLU_selected_subjects,isot_fake_117,clean,0.507,28,383
2026-01-24 21:40:32,meta-llama/Llama-3.1-8B,MMLU_selected_subjects,isot_fake_117,meani,0.542,28,383
2026-01-24 21:44:16,meta-llama/Llama-3.1-8B,MMLU_selected_subjects,isot_fake_118,clean,0.536,28,695
2026-01-24 21:48:01,meta-llama/Llama-3.1-8B,MMLU_selected_subjects,isot_fake_118,meani,0.533,28,695
2026-01-24 21:51:26,meta-llama/Llama-3.1-8B,MMLU_selected_subjects,isot_fake_119,clean,0.495,28,677
2026-01-24 21:54:22,meta-llama/Llama-3.1-8B,MMLU_selected_subjects,isot_fake_119,meani,0.512,28,677
2026-01-24 21:58:45,meta-llama/Llama-3.1-8B,MMLU_selected_subjects,isot_fake_12,clean,0.524,28,731
2026-01-24 22:02:27,meta-llama/Llama-3.1-8B,MMLU_selected_subjects,isot_fake_12,meani,0.512,28,731
2026-01-24 22:05:40,meta-llama/Llama-3.1-8B,MMLU_selected_subjects,isot_fake_120,clean,0.516,28,370
2026-01-24 22:08:21,meta-llama/Llama-3.1-8B,MMLU_selected_subjects,isot_fake_120,meani,0.527,28,370
2026-01-24 22:12:19,meta-llama/Llama-3.1-8B,MMLU_selected_subjects,isot_fake_121,clean,0.518,28,533
2026-01-24 22:15:39,meta-llama/Llama-3.1-8B,MMLU_selected_subjects,isot_fake_121,meani,0.502,28,533
2026-01-24 22:19:33,meta-llama/Llama-3.1-8B,MMLU_selected_subjects,isot_fake_122,clean,0.548,28,496
2026-01-24 22:23:23,meta-llama/Llama-3.1-8B,MMLU_selected_subjects,isot_fake_122,meani,0.541,28,496
2026-01-24 22:27:23,meta-llama/Llama-3.1-8B,MMLU_selected_subjects,isot_fake_123,clean,0.534,28,240
2026-01-24 22:30:06,meta-llama/Llama-3.1-8B,MMLU_selected_subjects,isot_fake_123,meani,0.533,28,240
2026-01-24 22:34:09,meta-llama/Llama-3.1-8B,MMLU_selected_subjects,isot_fake_124,clean,0.529,28,533
2026-01-24 22:37:23,meta-llama/Llama-3.1-8B,MMLU_selected_subjects,isot_fake_124,meani,0.516,28,533
2026-01-24 22:41:29,meta-llama/Llama-3.1-8B,MMLU_selected_subjects,isot_fake_125,clean,0.504,28,382
2026-01-24 22:45:24,meta-llama/Llama-3.1-8B,MMLU_selected_subjects,isot_fake_125,meani,0.515,28,382
2026-01-24 22:48:30,meta-llama/Llama-3.1-8B,MMLU_selected_subjects,isot_fake_126,clean,0.463,28,763
2026-01-24 22:52:14,meta-llama/Llama-3.1-8B,MMLU_selected_subjects,isot_fake_126,meani,0.526,28,763
2026-01-24 22:55:58,meta-llama/Llama-3.1-8B,MMLU_selected_subjects,isot_fake_127,clean,0.524,28,370
2026-01-24 22:59:12,meta-llama/Llama-3.1-8B,MMLU_selected_subjects,isot_fake_127,meani,0.51,28,370
2026-01-24 23:03:22,meta-llama/Llama-3.1-8B,MMLU_selected_subjects,isot_fake_128,clean,0.515,28,779
2026-01-24 23:06:34,meta-llama/Llama-3.1-8B,MMLU_selected_subjects,isot_fake_128,meani,0.533,28,779
2026-01-24 23:10:08,meta-llama/Llama-3.1-8B,MMLU_selected_subjects,isot_fake_129,clean,0.525,28,788
2026-01-24 23:13:35,meta-llama/Llama-3.1-8B,MMLU_selected_subjects,isot_fake_129,meani,0.511,28,788
2026-01-24 23:17:08,meta-llama/Llama-3.1-8B,MMLU_selected_subjects,isot_fake_13,clean,0.524,28,611
2026-01-24 23:21:00,meta-llama/Llama-3.1-8B,MMLU_selected_subjects,isot_fake_13,meani,0.508,28,611
2026-01-24 23:24:28,meta-llama/Llama-3.1-8B,MMLU_selected_subjects,isot_fake_130,clean,0.535,28,679
2026-01-24 23:28:42,meta-llama/Llama-3.1-8B,MMLU_selected_subjects,isot_fake_130,meani,0.548,28,679
2026-01-24 23:32:43,meta-llama/Llama-3.1-8B,MMLU_selected_subjects,isot_fake_131,clean,0.54,28,423
2026-01-24 23:36:33,meta-llama/Llama-3.1-8B,MMLU_selected_subjects,isot_fake_131,meani,0.53,28,423
2026-01-24 23:39:33,meta-llama/Llama-3.1-8B,MMLU_selected_subjects,isot_fake_132,clean,0.532,28,230
2026-01-24 23:42:52,meta-llama/Llama-3.1-8B,MMLU_selected_subjects,isot_fake_132,meani,0.552,28,230
2026-01-24 23:46:24,meta-llama/Llama-3.1-8B,MMLU_selected_subjects,isot_fake_133,clean,0.535,28,670
2026-01-24 23:50:11,meta-llama/Llama-3.1-8B,MMLU_selected_subjects,isot_fake_133,meani,0.514,28,670
2026-01-24 23:53:14,meta-llama/Llama-3.1-8B,MMLU_selected_subjects,isot_fake_134,clean,0.517,28,435
2026-01-24 23:56:07,meta-llama/Llama-3.1-8B,MMLU_selected_subjects,isot_fake_134,meani,0.518,28,435
2026-01-24 23:59:56,meta-llama/Llama-3.1-8B,MMLU_selected_subjects,isot_fake_135,clean,0.509,28,200
2026-01-25 00:03:25,meta-llama/Llama-3.1-8B,MMLU_selected_subjects,isot_fake_135,meani,0.52,28,200
2026-01-25 00:07:24,meta-llama/Llama-3.1-8B,MMLU_selected_subjects,isot_fake_136,clean,0.516,28,371
2026-01-25 00:11:19,meta-llama/Llama-3.1-8B,MMLU_selected_subjects,isot_fake_136,meani,0.544,28,371
2026-01-25 00:15:21,meta-llama/Llama-3.1-8B,MMLU_selected_subjects,isot_fake_137,clean,0.523,28,284
2026-01-25 00:18:49,meta-llama/Llama-3.1-8B,MMLU_selected_subjects,isot_fake_137,meani,0.533,28,284
2026-01-25 00:21:19,meta-llama/Llama-3.1-8B,MMLU_selected_subjects,isot_fake_138,clean,0.515,28,675
2026-01-25 00:24:38,meta-llama/Llama-3.1-8B,MMLU_selected_subjects,isot_fake_138,meani,0.513,28,675
2026-01-25 00:28:04,meta-llama/Llama-3.1-8B,MMLU_selected_subjects,isot_fake_139,clean,0.519,28,675
2026-01-25 00:31:45,meta-llama/Llama-3.1-8B,MMLU_selected_subjects,isot_fake_139,meani,0.526,28,675
2026-01-25 00:35:29,meta-llama/Llama-3.1-8B,MMLU_selected_subjects,isot_fake_14,clean,0.511,28,205
2026-01-25 00:38:59,meta-llama/Llama-3.1-8B,MMLU_selected_subjects,isot_fake_14,meani,0.5,28,205
2026-01-25 00:43:03,meta-llama/Llama-3.1-8B,MMLU_selected_subjects,isot_fake_140,clean,0.524,28,668
2026-01-25 00:47:14,meta-llama/Llama-3.1-8B,MMLU_selected_subjects,isot_fake_140,meani,0.53,28,668
2026-01-25 00:51:01,meta-llama/Llama-3.1-8B,MMLU_selected_subjects,isot_fake_141,clean,0.529,28,792
2026-01-25 00:55:14,meta-llama/Llama-3.1-8B,MMLU_selected_subjects,isot_fake_141,meani,0.532,28,792
2026-01-25 00:59:01,meta-llama/Llama-3.1-8B,MMLU_selected_subjects,isot_fake_142,clean,0.491,28,598
2026-01-25 01:02:51,meta-llama/Llama-3.1-8B,MMLU_selected_subjects,isot_fake_142,meani,0.511,28,598
2026-01-25 01:06:43,meta-llama/Llama-3.1-8B,MMLU_selected_subjects,isot_fake_143,clean,0.468,28,644
2026-01-25 01:10:03,meta-llama/Llama-3.1-8B,MMLU_selected_subjects,isot_fake_143,meani,0.504,28,644
2026-01-25 01:13:29,meta-llama/Llama-3.1-8B,MMLU_selected_subjects,isot_fake_144,clean,0.519,28,519
2026-01-25 01:16:51,meta-llama/Llama-3.1-8B,MMLU_selected_subjects,isot_fake_144,meani,0.513,28,519
2026-01-25 01:20:51,meta-llama/Llama-3.1-8B,MMLU_selected_subjects,isot_fake_145,clean,0.522,28,351
2026-01-25 01:24:51,meta-llama/Llama-3.1-8B,MMLU_selected_subjects,isot_fake_145,meani,0.544,28,351
2026-01-25 01:28:43,meta-llama/Llama-3.1-8B,MMLU_selected_subjects,isot_fake_146,clean,0.529,28,631
2026-01-25 01:32:33,meta-llama/Llama-3.1-8B,MMLU_selected_subjects,isot_fake_146,meani,0.516,28,631
2026-01-25 01:35:30,meta-llama/Llama-3.1-8B,MMLU_selected_subjects,isot_fake_147,clean,0.514,28,669
2026-01-25 01:39:34,meta-llama/Llama-3.1-8B,MMLU_selected_subjects,isot_fake_147,meani,0.535,28,669
2026-01-25 01:43:24,meta-llama/Llama-3.1-8B,MMLU_selected_subjects,isot_fake_148,clean,0.526,28,444
2026-01-25 01:47:11,meta-llama/Llama-3.1-8B,MMLU_selected_subjects,isot_fake_148,meani,0.525,28,444
2026-01-25 01:51:13,meta-llama/Llama-3.1-8B,MMLU_selected_subjects,isot_fake_149,clean,0.533,28,347
2026-01-25 01:55:04,meta-llama/Llama-3.1-8B,MMLU_selected_subjects,isot_fake_149,meani,0.523,28,347
2026-01-25 01:58:48,meta-llama/Llama-3.1-8B,MMLU_selected_subjects,isot_fake_15,clean,0.539,28,237
2026-01-25 02:02:12,meta-llama/Llama-3.1-8B,MMLU_selected_subjects,isot_fake_15,meani,0.539,28,237
2026-01-25 02:06:32,meta-llama/Llama-3.1-8B,MMLU_selected_subjects,isot_fake_150,clean,0.518,28,780
2026-01-25 02:09:51,meta-llama/Llama-3.1-8B,MMLU_selected_subjects,isot_fake_150,meani,0.522,28,780
2026-01-25 02:13:25,meta-llama/Llama-3.1-8B,MMLU_selected_subjects,isot_fake_151,clean,0.527,28,497
2026-01-25 02:17:08,meta-llama/Llama-3.1-8B,MMLU_selected_subjects,isot_fake_151,meani,0.536,28,497
2026-01-25 02:20:42,meta-llama/Llama-3.1-8B,MMLU_selected_subjects,isot_fake_152,clean,0.519,28,270
2026-01-25 02:24:33,meta-llama/Llama-3.1-8B,MMLU_selected_subjects,isot_fake_152,meani,0.531,28,270
2026-01-25 02:27:50,meta-llama/Llama-3.1-8B,MMLU_selected_subjects,isot_fake_153,clean,0.526,28,311
2026-01-25 02:30:37,meta-llama/Llama-3.1-8B,MMLU_selected_subjects,isot_fake_153,meani,0.524,28,311
2026-01-25 02:34:05,meta-llama/Llama-3.1-8B,MMLU_selected_subjects,isot_fake_154,clean,0.487,28,541
2026-01-25 02:38:06,meta-llama/Llama-3.1-8B,MMLU_selected_subjects,isot_fake_154,meani,0.519,28,541
2026-01-25 02:41:48,meta-llama/Llama-3.1-8B,MMLU_selected_subjects,isot_fake_155,clean,0.537,28,400
2026-01-25 02:45:35,meta-llama/Llama-3.1-8B,MMLU_selected_subjects,isot_fake_155,meani,0.525,28,400
2026-01-25 02:48:09,meta-llama/Llama-3.1-8B,MMLU_selected_subjects,isot_fake_156,clean,0.504,28,447
2026-01-25 02:50:48,meta-llama/Llama-3.1-8B,MMLU_selected_subjects,isot_fake_156,meani,0.486,28,447
2026-01-25 02:54:09,meta-llama/Llama-3.1-8B,MMLU_selected_subjects,isot_fake_157,clean,0.526,28,311
2026-01-25 02:57:12,meta-llama/Llama-3.1-8B,MMLU_selected_subjects,isot_fake_157,meani,0.518,28,311
2026-01-25 03:00:07,meta-llama/Llama-3.1-8B,MMLU_selected_subjects,isot_fake_158,clean,0.515,28,770
2026-01-25 03:04:15,meta-llama/Llama-3.1-8B,MMLU_selected_subjects,isot_fake_158,meani,0.522,28,770
2026-01-25 03:07:01,meta-llama/Llama-3.1-8B,MMLU_selected_subjects,isot_fake_159,clean,0.515,28,791
2026-01-25 03:10:21,meta-llama/Llama-3.1-8B,MMLU_selected_subjects,isot_fake_159,meani,0.516,28,791
2026-01-25 03:13:26,meta-llama/Llama-3.1-8B,MMLU_selected_subjects,isot_fake_16,clean,0.535,28,775
2026-01-25 03:16:23,meta-llama/Llama-3.1-8B,MMLU_selected_subjects,isot_fake_16,meani,0.532,28,775
2026-01-25 03:19:55,meta-llama/Llama-3.1-8B,MMLU_selected_subjects,isot_fake_160,clean,0.534,28,219
2026-01-25 03:23:13,meta-llama/Llama-3.1-8B,MMLU_selected_subjects,isot_fake_160,meani,0.526,28,219
2026-01-25 03:27:10,meta-llama/Llama-3.1-8B,MMLU_selected_subjects,isot_fake_161,clean,0.534,28,266
2026-01-25 03:31:02,meta-llama/Llama-3.1-8B,MMLU_selected_subjects,isot_fake_161,meani,0.541,28,266
2026-01-25 03:34:10,meta-llama/Llama-3.1-8B,MMLU_selected_subjects,isot_fake_162,clean,0.503,28,593
2026-01-25 03:37:29,meta-llama/Llama-3.1-8B,MMLU_selected_subjects,isot_fake_162,meani,0.519,28,593
2026-01-25 03:41:29,meta-llama/Llama-3.1-8B,MMLU_selected_subjects,isot_fake_163,clean,0.509,28,259
2026-01-25 03:45:31,meta-llama/Llama-3.1-8B,MMLU_selected_subjects,isot_fake_163,meani,0.52,28,259
2026-01-25 03:49:37,meta-llama/Llama-3.1-8B,MMLU_selected_subjects,isot_fake_164,clean,0.521,28,393
2026-01-25 03:53:25,meta-llama/Llama-3.1-8B,MMLU_selected_subjects,isot_fake_164,meani,0.516,28,393
2026-01-25 03:56:50,meta-llama/Llama-3.1-8B,MMLU_selected_subjects,isot_fake_165,clean,0.524,28,611
2026-01-25 04:00:13,meta-llama/Llama-3.1-8B,MMLU_selected_subjects,isot_fake_165,meani,0.516,28,611
2026-01-25 04:03:10,meta-llama/Llama-3.1-8B,MMLU_selected_subjects,isot_fake_166,clean,0.499,28,554
2026-01-25 04:05:45,meta-llama/Llama-3.1-8B,MMLU_selected_subjects,isot_fake_166,meani,0.511,28,554
2026-01-25 04:09:36,meta-llama/Llama-3.1-8B,MMLU_selected_subjects,isot_fake_167,clean,0.495,28,377
2026-01-25 04:13:05,meta-llama/Llama-3.1-8B,MMLU_selected_subjects,isot_fake_167,meani,0.518,28,377
2026-01-25 04:17:02,meta-llama/Llama-3.1-8B,MMLU_selected_subjects,isot_fake_168,clean,0.485,28,637
2026-01-25 04:21:13,meta-llama/Llama-3.1-8B,MMLU_selected_subjects,isot_fake_168,meani,0.502,28,637
2026-01-25 04:25:00,meta-llama/Llama-3.1-8B,MMLU_selected_subjects,isot_fake_169,clean,0.526,28,241
2026-01-25 04:28:55,meta-llama/Llama-3.1-8B,MMLU_selected_subjects,isot_fake_169,meani,0.541,28,241
2026-01-25 04:32:40,meta-llama/Llama-3.1-8B,MMLU_selected_subjects,isot_fake_17,clean,0.524,28,224
2026-01-25 04:35:59,meta-llama/Llama-3.1-8B,MMLU_selected_subjects,isot_fake_17,meani,0.535,28,224
2026-01-25 04:39:07,meta-llama/Llama-3.1-8B,MMLU_selected_subjects,isot_fake_170,clean,0.509,28,774
2026-01-25 04:43:13,meta-llama/Llama-3.1-8B,MMLU_selected_subjects,isot_fake_170,meani,0.525,28,774
2026-01-25 04:46:16,meta-llama/Llama-3.1-8B,MMLU_selected_subjects,isot_fake_171,clean,0.532,28,713
2026-01-25 04:49:40,meta-llama/Llama-3.1-8B,MMLU_selected_subjects,isot_fake_171,meani,0.528,28,713
2026-01-25 04:53:07,meta-llama/Llama-3.1-8B,MMLU_selected_subjects,isot_fake_172,clean,0.522,28,490
2026-01-25 04:56:35,meta-llama/Llama-3.1-8B,MMLU_selected_subjects,isot_fake_172,meani,0.481,28,490
2026-01-25 04:59:35,meta-llama/Llama-3.1-8B,MMLU_selected_subjects,isot_fake_173,clean,0.502,28,531
2026-01-25 05:02:32,meta-llama/Llama-3.1-8B,MMLU_selected_subjects,isot_fake_173,meani,0.522,28,531
2026-01-25 05:06:29,meta-llama/Llama-3.1-8B,MMLU_selected_subjects,isot_fake_174,clean,0.491,28,659
2026-01-25 05:09:33,meta-llama/Llama-3.1-8B,MMLU_selected_subjects,isot_fake_174,meani,0.496,28,659
2026-01-25 05:13:30,meta-llama/Llama-3.1-8B,MMLU_selected_subjects,isot_fake_175,clean,0.508,28,340
2026-01-25 05:17:22,meta-llama/Llama-3.1-8B,MMLU_selected_subjects,isot_fake_175,meani,0.506,28,340
2026-01-25 05:20:29,meta-llama/Llama-3.1-8B,MMLU_selected_subjects,isot_fake_176,clean,0.536,28,528
2026-01-25 05:23:11,meta-llama/Llama-3.1-8B,MMLU_selected_subjects,isot_fake_176,meani,0.542,28,528
2026-01-25 05:26:10,meta-llama/Llama-3.1-8B,MMLU_selected_subjects,isot_fake_177,clean,0.531,28,229
2026-01-25 05:28:58,meta-llama/Llama-3.1-8B,MMLU_selected_subjects,isot_fake_177,meani,0.525,28,229
2026-01-25 05:32:57,meta-llama/Llama-3.1-8B,MMLU_selected_subjects,isot_fake_178,clean,0.527,28,271
2026-01-25 05:36:52,meta-llama/Llama-3.1-8B,MMLU_selected_subjects,isot_fake_178,meani,0.545,28,271
2026-01-25 05:40:48,meta-llama/Llama-3.1-8B,MMLU_selected_subjects,isot_fake_179,clean,0.499,28,560
2026-01-25 05:44:40,meta-llama/Llama-3.1-8B,MMLU_selected_subjects,isot_fake_179,meani,0.512,28,560
2026-01-25 05:48:55,meta-llama/Llama-3.1-8B,MMLU_selected_subjects,isot_fake_18,clean,0.531,28,622
2026-01-25 05:53:09,meta-llama/Llama-3.1-8B,MMLU_selected_subjects,isot_fake_18,meani,0.509,28,622
2026-01-25 05:56:20,meta-llama/Llama-3.1-8B,MMLU_selected_subjects,isot_fake_180,clean,0.533,28,239
2026-01-25 06:00:07,meta-llama/Llama-3.1-8B,MMLU_selected_subjects,isot_fake_180,meani,0.527,28,239
2026-01-25 06:03:53,meta-llama/Llama-3.1-8B,MMLU_selected_subjects,isot_fake_181,clean,0.527,28,340
2026-01-25 06:07:46,meta-llama/Llama-3.1-8B,MMLU_selected_subjects,isot_fake_181,meani,0.517,28,340
2026-01-25 06:11:03,meta-llama/Llama-3.1-8B,MMLU_selected_subjects,isot_fake_182,clean,0.513,28,571
2026-01-25 06:14:17,meta-llama/Llama-3.1-8B,MMLU_selected_subjects,isot_fake_182,meani,0.516,28,571
2026-01-25 06:18:05,meta-llama/Llama-3.1-8B,MMLU_selected_subjects,isot_fake_183,clean,0.526,28,679
2026-01-25 06:22:11,meta-llama/Llama-3.1-8B,MMLU_selected_subjects,isot_fake_183,meani,0.514,28,679
2026-01-25 06:25:09,meta-llama/Llama-3.1-8B,MMLU_selected_subjects,isot_fake_184,clean,0.449,28,743
2026-01-25 06:29:09,meta-llama/Llama-3.1-8B,MMLU_selected_subjects,isot_fake_184,meani,0.505,28,743
2026-01-25 06:32:04,meta-llama/Llama-3.1-8B,MMLU_selected_subjects,isot_fake_185,clean,0.534,28,555
2026-01-25 06:34:54,meta-llama/Llama-3.1-8B,MMLU_selected_subjects,isot_fake_185,meani,0.534,28,555
2026-01-25 06:38:14,meta-llama/Llama-3.1-8B,MMLU_selected_subjects,isot_fake_186,clean,0.535,28,650
2026-01-25 06:42:02,meta-llama/Llama-3.1-8B,MMLU_selected_subjects,isot_fake_186,meani,0.509,28,650
2026-01-25 06:44:52,meta-llama/Llama-3.1-8B,MMLU_selected_subjects,isot_fake_187,clean,0.541,28,404
2026-01-25 06:48:02,meta-llama/Llama-3.1-8B,MMLU_selected_subjects,isot_fake_187,meani,0.546,28,404
2026-01-25 06:52:00,meta-llama/Llama-3.1-8B,MMLU_selected_subjects,isot_fake_188,clean,0.537,28,199
2026-01-25 06:55:48,meta-llama/Llama-3.1-8B,MMLU_selected_subjects,isot_fake_188,meani,0.529,28,199
2026-01-25 06:59:59,meta-llama/Llama-3.1-8B,MMLU_selected_subjects,isot_fake_189,clean,0.53,28,689
2026-01-25 07:04:12,meta-llama/Llama-3.1-8B,MMLU_selected_subjects,isot_fake_189,meani,0.537,28,689
2026-01-25 07:08:39,meta-llama/Llama-3.1-8B,MMLU_selected_subjects,isot_fake_19,clean,0.514,28,661
2026-01-25 07:12:43,meta-llama/Llama-3.1-8B,MMLU_selected_subjects,isot_fake_19,meani,0.53,28,661
2026-01-25 07:15:30,meta-llama/Llama-3.1-8B,MMLU_selected_subjects,isot_fake_190,clean,0.534,28,656
2026-01-25 07:18:14,meta-llama/Llama-3.1-8B,MMLU_selected_subjects,isot_fake_190,meani,0.528,28,656
2026-01-25 07:21:24,meta-llama/Llama-3.1-8B,MMLU_selected_subjects,isot_fake_191,clean,0.524,28,438
2026-01-25 07:24:08,meta-llama/Llama-3.1-8B,MMLU_selected_subjects,isot_fake_191,meani,0.535,28,438
2026-01-25 07:26:34,meta-llama/Llama-3.1-8B,MMLU_selected_subjects,isot_fake_192,clean,0.501,28,540
2026-01-25 07:29:17,meta-llama/Llama-3.1-8B,MMLU_selected_subjects,isot_fake_192,meani,0.515,28,540
2026-01-25 07:32:56,meta-llama/Llama-3.1-8B,MMLU_selected_subjects,isot_fake_193,clean,0.543,28,572
2026-01-25 07:36:28,meta-llama/Llama-3.1-8B,MMLU_selected_subjects,isot_fake_193,meani,0.536,28,572
2026-01-25 07:40:28,meta-llama/Llama-3.1-8B,MMLU_selected_subjects,isot_fake_194,clean,0.522,28,351
2026-01-25 07:44:31,meta-llama/Llama-3.1-8B,MMLU_selected_subjects,isot_fake_194,meani,0.539,28,351
2026-01-25 07:47:01,meta-llama/Llama-3.1-8B,MMLU_selected_subjects,isot_fake_195,clean,0.523,28,237
2026-01-25 07:50:10,meta-llama/Llama-3.1-8B,MMLU_selected_subjects,isot_fake_195,meani,0.526,28,237
2026-01-25 07:53:26,meta-llama/Llama-3.1-8B,MMLU_selected_subjects,isot_fake_196,clean,0.522,28,232
2026-01-25 07:55:48,meta-llama/Llama-3.1-8B,MMLU_selected_subjects,isot_fake_196,meani,0.523,28,232
2026-01-25 07:58:51,meta-llama/Llama-3.1-8B,MMLU_selected_subjects,isot_fake_197,clean,0.526,28,620
2026-01-25 08:02:30,meta-llama/Llama-3.1-8B,MMLU_selected_subjects,isot_fake_197,meani,0.521,28,620
2026-01-25 08:05:37,meta-llama/Llama-3.1-8B,MMLU_selected_subjects,isot_fake_198,clean,0.515,28,356
2026-01-25 08:08:54,meta-llama/Llama-3.1-8B,MMLU_selected_subjects,isot_fake_198,meani,0.531,28,356
2026-01-25 08:12:31,meta-llama/Llama-3.1-8B,MMLU_selected_subjects,isot_fake_199,clean,0.543,28,566
2026-01-25 08:16:10,meta-llama/Llama-3.1-8B,MMLU_selected_subjects,isot_fake_199,meani,0.525,28,566
2026-01-25 08:19:55,meta-llama/Llama-3.1-8B,MMLU_selected_subjects,isot_fake_2,clean,0.527,28,246
2026-01-25 08:23:27,meta-llama/Llama-3.1-8B,MMLU_selected_subjects,isot_fake_2,meani,0.519,28,246
2026-01-25 08:26:54,meta-llama/Llama-3.1-8B,MMLU_selected_subjects,isot_fake_20,clean,0.491,28,638
2026-01-25 08:30:50,meta-llama/Llama-3.1-8B,MMLU_selected_subjects,isot_fake_20,meani,0.516,28,638
2026-01-25 08:34:53,meta-llama/Llama-3.1-8B,MMLU_selected_subjects,isot_fake_200,clean,0.521,28,654
2026-01-25 08:37:30,meta-llama/Llama-3.1-8B,MMLU_selected_subjects,isot_fake_200,meani,0.507,28,654
2026-01-25 08:41:15,meta-llama/Llama-3.1-8B,MMLU_selected_subjects,isot_fake_201,clean,0.535,28,324
2026-01-25 08:45:00,meta-llama/Llama-3.1-8B,MMLU_selected_subjects,isot_fake_201,meani,0.523,28,324
2026-01-25 08:48:52,meta-llama/Llama-3.1-8B,MMLU_selected_subjects,isot_fake_202,clean,0.524,28,211
2026-01-25 08:52:48,meta-llama/Llama-3.1-8B,MMLU_selected_subjects,isot_fake_202,meani,0.525,28,211
2026-01-25 08:56:47,meta-llama/Llama-3.1-8B,MMLU_selected_subjects,isot_fake_203,clean,0.522,28,297
2026-01-25 09:00:46,meta-llama/Llama-3.1-8B,MMLU_selected_subjects,isot_fake_203,meani,0.515,28,297
2026-01-25 09:03:56,meta-llama/Llama-3.1-8B,MMLU_selected_subjects,isot_fake_204,clean,0.544,28,273
2026-01-25 09:07:31,meta-llama/Llama-3.1-8B,MMLU_selected_subjects,isot_fake_204,meani,0.55,28,273
2026-01-25 09:10:55,meta-llama/Llama-3.1-8B,MMLU_selected_subjects,isot_fake_205,clean,0.535,28,383
2026-01-25 09:14:46,meta-llama/Llama-3.1-8B,MMLU_selected_subjects,isot_fake_205,meani,0.524,28,383
2026-01-25 09:17:39,meta-llama/Llama-3.1-8B,MMLU_selected_subjects,isot_fake_206,clean,0.514,28,423
2026-01-25 09:21:12,meta-llama/Llama-3.1-8B,MMLU_selected_subjects,isot_fake_206,meani,0.525,28,423
2026-01-25 09:23:48,meta-llama/Llama-3.1-8B,MMLU_selected_subjects,isot_fake_207,clean,0.504,28,447
2026-01-25 09:26:23,meta-llama/Llama-3.1-8B,MMLU_selected_subjects,isot_fake_207,meani,0.489,28,447
2026-01-25 09:30:31,meta-llama/Llama-3.1-8B,MMLU_selected_subjects,isot_fake_208,clean,0.53,28,694
2026-01-25 09:33:26,meta-llama/Llama-3.1-8B,MMLU_selected_subjects,isot_fake_208,meani,0.53,28,694
2026-01-25 09:36:40,meta-llama/Llama-3.1-8B,MMLU_selected_subjects,isot_fake_209,clean,0.511,28,575
2026-01-25 09:40:37,meta-llama/Llama-3.1-8B,MMLU_selected_subjects,isot_fake_209,meani,0.53,28,575
2026-01-25 09:43:09,meta-llama/Llama-3.1-8B,MMLU_selected_subjects,isot_fake_21,clean,0.532,28,301
2026-01-25 09:46:50,meta-llama/Llama-3.1-8B,MMLU_selected_subjects,isot_fake_21,meani,0.537,28,301
2026-01-25 09:49:27,meta-llama/Llama-3.1-8B,MMLU_selected_subjects,isot_fake_210,clean,0.535,28,673
2026-01-25 09:52:35,meta-llama/Llama-3.1-8B,MMLU_selected_subjects,isot_fake_210,meani,0.534,28,673
2026-01-25 09:55:13,meta-llama/Llama-3.1-8B,MMLU_selected_subjects,isot_fake_211,clean,0.502,28,433
2026-01-25 09:58:35,meta-llama/Llama-3.1-8B,MMLU_selected_subjects,isot_fake_211,meani,0.506,28,433
2026-01-25 10:02:29,meta-llama/Llama-3.1-8B,MMLU_selected_subjects,isot_fake_212,clean,0.52,28,214
2026-01-25 10:06:20,meta-llama/Llama-3.1-8B,MMLU_selected_subjects,isot_fake_212,meani,0.52,28,214
2026-01-25 10:10:30,meta-llama/Llama-3.1-8B,MMLU_selected_subjects,isot_fake_213,clean,0.524,28,754
2026-01-25 10:14:12,meta-llama/Llama-3.1-8B,MMLU_selected_subjects,isot_fake_213,meani,0.488,28,754
2026-01-25 10:17:20,meta-llama/Llama-3.1-8B,MMLU_selected_subjects,isot_fake_214,clean,0.5,28,556
2026-01-25 10:21:24,meta-llama/Llama-3.1-8B,MMLU_selected_subjects,isot_fake_214,meani,0.523,28,556
2026-01-25 10:25:14,meta-llama/Llama-3.1-8B,MMLU_selected_subjects,isot_fake_215,clean,0.519,28,251
2026-01-25 10:29:09,meta-llama/Llama-3.1-8B,MMLU_selected_subjects,isot_fake_215,meani,0.529,28,251
2026-01-25 10:32:41,meta-llama/Llama-3.1-8B,MMLU_selected_subjects,isot_fake_216,clean,0.498,28,249
2026-01-25 10:36:35,meta-llama/Llama-3.1-8B,MMLU_selected_subjects,isot_fake_216,meani,0.509,28,249
2026-01-25 10:39:43,meta-llama/Llama-3.1-8B,MMLU_selected_subjects,isot_fake_217,clean,0.525,28,244
2026-01-25 10:43:22,meta-llama/Llama-3.1-8B,MMLU_selected_subjects,isot_fake_217,meani,0.526,28,244
2026-01-25 10:47:26,meta-llama/Llama-3.1-8B,MMLU_selected_subjects,isot_fake_218,clean,0.525,28,454
2026-01-25 10:51:25,meta-llama/Llama-3.1-8B,MMLU_selected_subjects,isot_fake_218,meani,0.509,28,454
2026-01-25 10:55:21,meta-llama/Llama-3.1-8B,MMLU_selected_subjects,isot_fake_219,clean,0.536,28,521
2026-01-25 10:58:43,meta-llama/Llama-3.1-8B,MMLU_selected_subjects,isot_fake_219,meani,0.536,28,521
2026-01-25 11:02:13,meta-llama/Llama-3.1-8B,MMLU_selected_subjects,isot_fake_22,clean,0.49,28,669
2026-01-25 11:05:45,meta-llama/Llama-3.1-8B,MMLU_selected_subjects,isot_fake_22,meani,0.52,28,669
2026-01-25 11:09:24,meta-llama/Llama-3.1-8B,MMLU_selected_subjects,isot_fake_220,clean,0.516,28,505
2026-01-25 11:12:31,meta-llama/Llama-3.1-8B,MMLU_selected_subjects,isot_fake_220,meani,0.532,28,505
2026-01-25 11:16:34,meta-llama/Llama-3.1-8B,MMLU_selected_subjects,isot_fake_221,clean,0.545,28,436
2026-01-25 11:20:36,meta-llama/Llama-3.1-8B,MMLU_selected_subjects,isot_fake_221,meani,0.52,28,436
2026-01-25 11:23:25,meta-llama/Llama-3.1-8B,MMLU_selected_subjects,isot_fake_222,clean,0.519,28,211
2026-01-25 11:27:10,meta-llama/Llama-3.1-8B,MMLU_selected_subjects,isot_fake_222,meani,0.543,28,211
2026-01-25 11:30:54,meta-llama/Llama-3.1-8B,MMLU_selected_subjects,isot_fake_223,clean,0.504,28,780
2026-01-25 11:33:58,meta-llama/Llama-3.1-8B,MMLU_selected_subjects,isot_fake_223,meani,0.527,28,780
2026-01-25 11:37:24,meta-llama/Llama-3.1-8B,MMLU_selected_subjects,isot_fake_224,clean,0.534,28,715
2026-01-25 11:41:15,meta-llama/Llama-3.1-8B,MMLU_selected_subjects,isot_fake_224,meani,0.509,28,715
2026-01-25 11:44:53,meta-llama/Llama-3.1-8B,MMLU_selected_subjects,isot_fake_225,clean,0.525,28,432
2026-01-25 11:48:39,meta-llama/Llama-3.1-8B,MMLU_selected_subjects,isot_fake_225,meani,0.523,28,432
2026-01-25 11:52:19,meta-llama/Llama-3.1-8B,MMLU_selected_subjects,isot_fake_226,clean,0.52,28,235
2026-01-25 11:55:44,meta-llama/Llama-3.1-8B,MMLU_selected_subjects,isot_fake_226,meani,0.537,28,235
2026-01-25 11:59:44,meta-llama/Llama-3.1-8B,MMLU_selected_subjects,isot_fake_227,clean,0.513,28,356
2026-01-25 12:03:36,meta-llama/Llama-3.1-8B,MMLU_selected_subjects,isot_fake_227,meani,0.512,28,356
2026-01-25 12:07:03,meta-llama/Llama-3.1-8B,MMLU_selected_subjects,isot_fake_228,clean,0.531,28,568
2026-01-25 12:10:39,meta-llama/Llama-3.1-8B,MMLU_selected_subjects,isot_fake_228,meani,0.529,28,568
2026-01-25 12:13:50,meta-llama/Llama-3.1-8B,MMLU_selected_subjects,isot_fake_229,clean,0.514,28,658
2026-01-25 12:16:38,meta-llama/Llama-3.1-8B,MMLU_selected_subjects,isot_fake_229,meani,0.533,28,658
2026-01-25 12:20:31,meta-llama/Llama-3.1-8B,MMLU_selected_subjects,isot_fake_23,clean,0.536,28,605
2026-01-25 12:24:06,meta-llama/Llama-3.1-8B,MMLU_selected_subjects,isot_fake_23,meani,0.523,28,605
2026-01-25 12:27:03,meta-llama/Llama-3.1-8B,MMLU_selected_subjects,isot_fake_230,clean,0.525,28,770
2026-01-25 12:31:03,meta-llama/Llama-3.1-8B,MMLU_selected_subjects,isot_fake_230,meani,0.519,28,770
2026-01-25 12:34:58,meta-llama/Llama-3.1-8B,MMLU_selected_subjects,isot_fake_231,clean,0.511,28,246
2026-01-25 12:37:35,meta-llama/Llama-3.1-8B,MMLU_selected_subjects,isot_fake_231,meani,0.514,28,246
2026-01-25 12:41:12,meta-llama/Llama-3.1-8B,MMLU_selected_subjects,isot_fake_232,clean,0.524,28,236
2026-01-25 12:44:14,meta-llama/Llama-3.1-8B,MMLU_selected_subjects,isot_fake_232,meani,0.536,28,236
2026-01-25 12:48:42,meta-llama/Llama-3.1-8B,MMLU_selected_subjects,isot_fake_233,clean,0.51,28,704
2026-01-25 12:52:44,meta-llama/Llama-3.1-8B,MMLU_selected_subjects,isot_fake_233,meani,0.452,28,704
2026-01-25 12:56:10,meta-llama/Llama-3.1-8B,MMLU_selected_subjects,isot_fake_234,clean,0.505,28,684
2026-01-25 13:00:27,meta-llama/Llama-3.1-8B,MMLU_selected_subjects,isot_fake_234,meani,0.538,28,684
2026-01-25 13:04:18,meta-llama/Llama-3.1-8B,MMLU_selected_subjects,isot_fake_235,clean,0.534,28,208
2026-01-25 13:08:13,meta-llama/Llama-3.1-8B,MMLU_selected_subjects,isot_fake_235,meani,0.502,28,208
2026-01-25 13:12:34,meta-llama/Llama-3.1-8B,MMLU_selected_subjects,isot_fake_236,clean,0.511,28,552
2026-01-25 13:16:29,meta-llama/Llama-3.1-8B,MMLU_selected_subjects,isot_fake_236,meani,0.525,28,552
2026-01-25 13:19:48,meta-llama/Llama-3.1-8B,MMLU_selected_subjects,isot_fake_237,clean,0.428,28,623
2026-01-25 13:23:40,meta-llama/Llama-3.1-8B,MMLU_selected_subjects,isot_fake_237,meani,0.506,28,623
2026-01-25 13:26:36,meta-llama/Llama-3.1-8B,MMLU_selected_subjects,isot_fake_238,clean,0.526,28,397
2026-01-25 13:30:30,meta-llama/Llama-3.1-8B,MMLU_selected_subjects,isot_fake_238,meani,0.501,28,397
2026-01-25 13:34:18,meta-llama/Llama-3.1-8B,MMLU_selected_subjects,isot_fake_239,clean,0.514,28,310
2026-01-25 13:37:53,meta-llama/Llama-3.1-8B,MMLU_selected_subjects,isot_fake_239,meani,0.53,28,310
2026-01-25 13:42:10,meta-llama/Llama-3.1-8B,MMLU_selected_subjects,isot_fake_24,clean,0.549,28,567
2026-01-25 13:46:29,meta-llama/Llama-3.1-8B,MMLU_selected_subjects,isot_fake_24,meani,0.512,28,567
2026-01-25 13:50:30,meta-llama/Llama-3.1-8B,MMLU_selected_subjects,isot_fake_240,clean,0.525,28,242
2026-01-25 13:54:16,meta-llama/Llama-3.1-8B,MMLU_selected_subjects,isot_fake_240,meani,0.522,28,242
2026-01-25 13:57:20,meta-llama/Llama-3.1-8B,MMLU_selected_subjects,isot_fake_241,clean,0.525,28,244
2026-01-25 14:00:28,meta-llama/Llama-3.1-8B,MMLU_selected_subjects,isot_fake_241,meani,0.525,28,244
2026-01-25 14:04:12,meta-llama/Llama-3.1-8B,MMLU_selected_subjects,isot_fake_242,clean,0.504,28,741
2026-01-25 14:08:24,meta-llama/Llama-3.1-8B,MMLU_selected_subjects,isot_fake_242,meani,0.5,28,741
2026-01-25 14:11:01,meta-llama/Llama-3.1-8B,MMLU_selected_subjects,isot_fake_243,clean,0.501,28,573
2026-01-25 14:15:06,meta-llama/Llama-3.1-8B,MMLU_selected_subjects,isot_fake_243,meani,0.527,28,573
2026-01-25 14:19:21,meta-llama/Llama-3.1-8B,MMLU_selected_subjects,isot_fake_244,clean,0.527,28,513
2026-01-25 14:22:57,meta-llama/Llama-3.1-8B,MMLU_selected_subjects,isot_fake_244,meani,0.504,28,513
2026-01-25 14:26:41,meta-llama/Llama-3.1-8B,MMLU_selected_subjects,isot_fake_245,clean,0.542,28,300
2026-01-25 14:30:31,meta-llama/Llama-3.1-8B,MMLU_selected_subjects,isot_fake_245,meani,0.529,28,300
2026-01-25 14:34:36,meta-llama/Llama-3.1-8B,MMLU_selected_subjects,isot_fake_246,clean,0.507,28,379
2026-01-25 14:38:41,meta-llama/Llama-3.1-8B,MMLU_selected_subjects,isot_fake_246,meani,0.509,28,379
2026-01-25 14:41:09,meta-llama/Llama-3.1-8B,MMLU_selected_subjects,isot_fake_247,clean,0.521,28,485
2026-01-25 14:43:49,meta-llama/Llama-3.1-8B,MMLU_selected_subjects,isot_fake_247,meani,0.508,28,485
2026-01-25 14:47:59,meta-llama/Llama-3.1-8B,MMLU_selected_subjects,isot_fake_248,clean,0.519,28,623
2026-01-25 14:52:13,meta-llama/Llama-3.1-8B,MMLU_selected_subjects,isot_fake_248,meani,0.519,28,623
2026-01-25 14:56:10,meta-llama/Llama-3.1-8B,MMLU_selected_subjects,isot_fake_249,clean,0.497,28,649
2026-01-25 14:59:56,meta-llama/Llama-3.1-8B,MMLU_selected_subjects,isot_fake_249,meani,0.513,28,649
2026-01-25 15:03:16,meta-llama/Llama-3.1-8B,MMLU_selected_subjects,isot_fake_25,clean,0.513,28,571
2026-01-25 15:07:03,meta-llama/Llama-3.1-8B,MMLU_selected_subjects,isot_fake_25,meani,0.521,28,571
2026-01-25 15:11:22,meta-llama/Llama-3.1-8B,MMLU_selected_subjects,isot_fake_250,clean,0.498,28,502
2026-01-25 15:15:39,meta-llama/Llama-3.1-8B,MMLU_selected_subjects,isot_fake_250,meani,0.491,28,502
2026-01-25 15:18:45,meta-llama/Llama-3.1-8B,MMLU_selected_subjects,isot_fake_251,clean,0.544,28,359
2026-01-25 15:21:51,meta-llama/Llama-3.1-8B,MMLU_selected_subjects,isot_fake_251,meani,0.518,28,359
2026-01-25 15:24:54,meta-llama/Llama-3.1-8B,MMLU_selected_subjects,isot_fake_252,clean,0.533,28,758
2026-01-25 15:29:08,meta-llama/Llama-3.1-8B,MMLU_selected_subjects,isot_fake_252,meani,0.538,28,758
2026-01-25 15:32:47,meta-llama/Llama-3.1-8B,MMLU_selected_subjects,isot_fake_253,clean,0.528,28,528
2026-01-25 15:35:50,meta-llama/Llama-3.1-8B,MMLU_selected_subjects,isot_fake_253,meani,0.522,28,528
2026-01-25 15:38:47,meta-llama/Llama-3.1-8B,MMLU_selected_subjects,isot_fake_254,clean,0.522,28,671
2026-01-25 15:42:47,meta-llama/Llama-3.1-8B,MMLU_selected_subjects,isot_fake_254,meani,0.537,28,671
2026-01-25 15:46:44,meta-llama/Llama-3.1-8B,MMLU_selected_subjects,isot_fake_255,clean,0.485,28,729
2026-01-25 15:50:00,meta-llama/Llama-3.1-8B,MMLU_selected_subjects,isot_fake_255,meani,0.527,28,729
2026-01-25 15:53:55,meta-llama/Llama-3.1-8B,MMLU_selected_subjects,isot_fake_256,clean,0.47,28,489
2026-01-25 15:57:58,meta-llama/Llama-3.1-8B,MMLU_selected_subjects,isot_fake_256,meani,0.542,28,489
2026-01-25 16:01:56,meta-llama/Llama-3.1-8B,MMLU_selected_subjects,isot_fake_257,clean,0.535,28,309
2026-01-25 16:05:56,meta-llama/Llama-3.1-8B,MMLU_selected_subjects,isot_fake_257,meani,0.522,28,309
2026-01-25 16:09:11,meta-llama/Llama-3.1-8B,MMLU_selected_subjects,isot_fake_258,clean,0.531,28,222
2026-01-25 16:12:07,meta-llama/Llama-3.1-8B,MMLU_selected_subjects,isot_fake_258,meani,0.538,28,222
2026-01-25 16:16:02,meta-llama/Llama-3.1-8B,MMLU_selected_subjects,isot_fake_259,clean,0.522,28,209
2026-01-25 16:19:51,meta-llama/Llama-3.1-8B,MMLU_selected_subjects,isot_fake_259,meani,0.534,28,209
2026-01-25 16:23:39,meta-llama/Llama-3.1-8B,MMLU_selected_subjects,isot_fake_26,clean,0.541,28,282
2026-01-25 16:26:25,meta-llama/Llama-3.1-8B,MMLU_selected_subjects,isot_fake_26,meani,0.513,28,282
2026-01-25 16:30:23,meta-llama/Llama-3.1-8B,MMLU_selected_subjects,isot_fake_260,clean,0.509,28,430
2026-01-25 16:34:21,meta-llama/Llama-3.1-8B,MMLU_selected_subjects,isot_fake_260,meani,0.504,28,430
2026-01-25 16:37:08,meta-llama/Llama-3.1-8B,MMLU_selected_subjects,isot_fake_261,clean,0.518,28,426
2026-01-25 16:39:38,meta-llama/Llama-3.1-8B,MMLU_selected_subjects,isot_fake_261,meani,0.532,28,426
2026-01-25 16:42:34,meta-llama/Llama-3.1-8B,MMLU_selected_subjects,isot_fake_262,clean,0.517,28,718
2026-01-25 16:46:52,meta-llama/Llama-3.1-8B,MMLU_selected_subjects,isot_fake_262,meani,0.528,28,718
2026-01-25 16:49:39,meta-llama/Llama-3.1-8B,MMLU_selected_subjects,isot_fake_263,clean,0.534,28,656
2026-01-25 16:52:19,meta-llama/Llama-3.1-8B,MMLU_selected_subjects,isot_fake_263,meani,0.525,28,656
2026-01-25 16:55:33,meta-llama/Llama-3.1-8B,MMLU_selected_subjects,isot_fake_264,clean,0.532,28,206
2026-01-25 16:58:53,meta-llama/Llama-3.1-8B,MMLU_selected_subjects,isot_fake_264,meani,0.528,28,206
2026-01-25 17:02:32,meta-llama/Llama-3.1-8B,MMLU_selected_subjects,isot_fake_265,clean,0.518,28,791
2026-01-25 17:06:27,meta-llama/Llama-3.1-8B,MMLU_selected_subjects,isot_fake_265,meani,0.519,28,791
2026-01-25 17:09:39,meta-llama/Llama-3.1-8B,MMLU_selected_subjects,isot_fake_266,clean,0.514,28,416
2026-01-25 17:13:15,meta-llama/Llama-3.1-8B,MMLU_selected_subjects,isot_fake_266,meani,0.518,28,416
2026-01-25 17:16:14,meta-llama/Llama-3.1-8B,MMLU_selected_subjects,isot_fake_267,clean,0.521,28,718
2026-01-25 17:18:55,meta-llama/Llama-3.1-8B,MMLU_selected_subjects,isot_fake_267,meani,0.516,28,718
2026-01-25 17:22:49,meta-llama/Llama-3.1-8B,MMLU_selected_subjects,isot_fake_268,clean,0.521,28,604
2026-01-25 17:26:15,meta-llama/Llama-3.1-8B,MMLU_selected_subjects,isot_fake_268,meani,0.544,28,604
2026-01-25 17:29:53,meta-llama/Llama-3.1-8B,MMLU_selected_subjects,isot_fake_269,clean,0.523,28,339
2026-01-25 17:33:37,meta-llama/Llama-3.1-8B,MMLU_selected_subjects,isot_fake_269,meani,0.525,28,339
2026-01-25 17:37:20,meta-llama/Llama-3.1-8B,MMLU_selected_subjects,isot_fake_27,clean,0.446,28,728
2026-01-25 17:40:49,meta-llama/Llama-3.1-8B,MMLU_selected_subjects,isot_fake_27,meani,0.51,28,728
2026-01-25 17:44:22,meta-llama/Llama-3.1-8B,MMLU_selected_subjects,isot_fake_270,clean,0.504,28,723
2026-01-25 17:47:46,meta-llama/Llama-3.1-8B,MMLU_selected_subjects,isot_fake_270,meani,0.542,28,723
2026-01-25 17:51:16,meta-llama/Llama-3.1-8B,MMLU_selected_subjects,isot_fake_271,clean,0.517,28,276
2026-01-25 17:54:37,meta-llama/Llama-3.1-8B,MMLU_selected_subjects,isot_fake_271,meani,0.521,28,276
2026-01-25 17:58:09,meta-llama/Llama-3.1-8B,MMLU_selected_subjects,isot_fake_272,clean,0.527,28,451
2026-01-25 18:02:11,meta-llama/Llama-3.1-8B,MMLU_selected_subjects,isot_fake_272,meani,0.54,28,451
2026-01-25 18:05:21,meta-llama/Llama-3.1-8B,MMLU_selected_subjects,isot_fake_273,clean,0.524,28,547
2026-01-25 18:08:56,meta-llama/Llama-3.1-8B,MMLU_selected_subjects,isot_fake_273,meani,0.537,28,547
2026-01-25 18:11:18,meta-llama/Llama-3.1-8B,MMLU_selected_subjects,isot_fake_274,clean,0.538,28,423
2026-01-25 18:14:28,meta-llama/Llama-3.1-8B,MMLU_selected_subjects,isot_fake_274,meani,0.54,28,423
2026-01-25 18:18:16,meta-llama/Llama-3.1-8B,MMLU_selected_subjects,isot_fake_275,clean,0.52,28,780
2026-01-25 18:22:16,meta-llama/Llama-3.1-8B,MMLU_selected_subjects,isot_fake_275,meani,0.52,28,780
2026-01-25 18:26:08,meta-llama/Llama-3.1-8B,MMLU_selected_subjects,isot_fake_276,clean,0.523,28,566
2026-01-25 18:30:15,meta-llama/Llama-3.1-8B,MMLU_selected_subjects,isot_fake_276,meani,0.511,28,566
2026-01-25 18:34:07,meta-llama/Llama-3.1-8B,MMLU_selected_subjects,isot_fake_277,clean,0.512,28,310
2026-01-25 18:37:40,meta-llama/Llama-3.1-8B,MMLU_selected_subjects,isot_fake_277,meani,0.513,28,310
2026-01-25 18:41:21,meta-llama/Llama-3.1-8B,MMLU_selected_subjects,isot_fake_278,clean,0.496,28,578
2026-01-25 18:45:18,meta-llama/Llama-3.1-8B,MMLU_selected_subjects,isot_fake_278,meani,0.514,28,578
2026-01-25 18:49:10,meta-llama/Llama-3.1-8B,MMLU_selected_subjects,isot_fake_279,clean,0.544,28,734
2026-01-25 18:52:29,meta-llama/Llama-3.1-8B,MMLU_selected_subjects,isot_fake_279,meani,0.52,28,734
2026-01-25 18:56:07,meta-llama/Llama-3.1-8B,MMLU_selected_subjects,isot_fake_28,clean,0.519,28,723
2026-01-25 18:59:13,meta-llama/Llama-3.1-8B,MMLU_selected_subjects,isot_fake_28,meani,0.536,28,723
2026-01-25 19:03:04,meta-llama/Llama-3.1-8B,MMLU_selected_subjects,isot_fake_280,clean,0.541,28,336
2026-01-25 19:07:05,meta-llama/Llama-3.1-8B,MMLU_selected_subjects,isot_fake_280,meani,0.533,28,336
2026-01-25 19:11:00,meta-llama/Llama-3.1-8B,MMLU_selected_subjects,isot_fake_281,clean,0.526,28,277
2026-01-25 19:14:45,meta-llama/Llama-3.1-8B,MMLU_selected_subjects,isot_fake_281,meani,0.508,28,277
2026-01-25 19:17:44,meta-llama/Llama-3.1-8B,MMLU_selected_subjects,isot_fake_282,clean,0.53,28,408
2026-01-25 19:20:39,meta-llama/Llama-3.1-8B,MMLU_selected_subjects,isot_fake_282,meani,0.529,28,408
2026-01-25 19:23:32,meta-llama/Llama-3.1-8B,MMLU_selected_subjects,isot_fake_283,clean,0.516,28,337
2026-01-25 19:27:06,meta-llama/Llama-3.1-8B,MMLU_selected_subjects,isot_fake_283,meani,0.525,28,337
2026-01-25 19:29:53,meta-llama/Llama-3.1-8B,MMLU_selected_subjects,isot_fake_284,clean,0.524,28,797
2026-01-25 19:33:15,meta-llama/Llama-3.1-8B,MMLU_selected_subjects,isot_fake_284,meani,0.524,28,797
2026-01-25 19:37:13,meta-llama/Llama-3.1-8B,MMLU_selected_subjects,isot_fake_285,clean,0.495,28,418
2026-01-25 19:41:08,meta-llama/Llama-3.1-8B,MMLU_selected_subjects,isot_fake_285,meani,0.508,28,418
2026-01-25 19:44:50,meta-llama/Llama-3.1-8B,MMLU_selected_subjects,isot_fake_286,clean,0.521,28,577
2026-01-25 19:48:36,meta-llama/Llama-3.1-8B,MMLU_selected_subjects,isot_fake_286,meani,0.492,28,577
2026-01-25 19:50:53,meta-llama/Llama-3.1-8B,MMLU_selected_subjects,isot_fake_287,clean,0.521,28,301
2026-01-25 19:53:48,meta-llama/Llama-3.1-8B,MMLU_selected_subjects,isot_fake_287,meani,0.517,28,301
2026-01-25 19:57:08,meta-llama/Llama-3.1-8B,MMLU_selected_subjects,isot_fake_288,clean,0.506,28,229
2026-01-25 20:00:56,meta-llama/Llama-3.1-8B,MMLU_selected_subjects,isot_fake_288,meani,0.53,28,229
2026-01-25 20:04:30,meta-llama/Llama-3.1-8B,MMLU_selected_subjects,isot_fake_289,clean,0.512,28,199
2026-01-25 20:07:37,meta-llama/Llama-3.1-8B,MMLU_selected_subjects,isot_fake_289,meani,0.514,28,199
2026-01-25 20:10:53,meta-llama/Llama-3.1-8B,MMLU_selected_subjects,isot_fake_29,clean,0.528,28,226
2026-01-25 20:14:44,meta-llama/Llama-3.1-8B,MMLU_selected_subjects,isot_fake_29,meani,0.531,28,226
2026-01-25 20:18:45,meta-llama/Llama-3.1-8B,MMLU_selected_subjects,isot_fake_290,clean,0.527,28,740
2026-01-25 20:21:33,meta-llama/Llama-3.1-8B,MMLU_selected_subjects,isot_fake_290,meani,0.522,28,740
2026-01-25 20:25:02,meta-llama/Llama-3.1-8B,MMLU_selected_subjects,isot_fake_291,clean,0.517,28,276
2026-01-25 20:28:47,meta-llama/Llama-3.1-8B,MMLU_selected_subjects,isot_fake_291,meani,0.527,28,276
2026-01-25 20:32:33,meta-llama/Llama-3.1-8B,MMLU_selected_subjects,isot_fake_292,clean,0.521,28,713
2026-01-25 20:35:19,meta-llama/Llama-3.1-8B,MMLU_selected_subjects,isot_fake_292,meani,0.5,28,713
2026-01-25 20:38:07,meta-llama/Llama-3.1-8B,MMLU_selected_subjects,isot_fake_293,clean,0.527,28,674
2026-01-25 20:41:31,meta-llama/Llama-3.1-8B,MMLU_selected_subjects,isot_fake_293,meani,0.532,28,674
2026-01-25 20:45:21,meta-llama/Llama-3.1-8B,MMLU_selected_subjects,isot_fake_294,clean,0.518,28,200
2026-01-25 20:48:51,meta-llama/Llama-3.1-8B,MMLU_selected_subjects,isot_fake_294,meani,0.546,28,200
2026-01-25 20:52:40,meta-llama/Llama-3.1-8B,MMLU_selected_subjects,isot_fake_295,clean,0.502,28,413
2026-01-25 20:56:35,meta-llama/Llama-3.1-8B,MMLU_selected_subjects,isot_fake_295,meani,0.51,28,413
2026-01-25 21:00:41,meta-llama/Llama-3.1-8B,MMLU_selected_subjects,isot_fake_296,clean,0.525,28,454
2026-01-25 21:04:38,meta-llama/Llama-3.1-8B,MMLU_selected_subjects,isot_fake_296,meani,0.511,28,454
2026-01-25 21:08:24,meta-llama/Llama-3.1-8B,MMLU_selected_subjects,isot_fake_297,clean,0.446,28,728
2026-01-25 21:12:32,meta-llama/Llama-3.1-8B,MMLU_selected_subjects,isot_fake_297,meani,0.498,28,728
2026-01-25 21:16:24,meta-llama/Llama-3.1-8B,MMLU_selected_subjects,isot_fake_298,clean,0.526,28,602
2026-01-25 21:20:14,meta-llama/Llama-3.1-8B,MMLU_selected_subjects,isot_fake_298,meani,0.502,28,602
2026-01-25 21:22:57,meta-llama/Llama-3.1-8B,MMLU_selected_subjects,isot_fake_299,clean,0.515,28,632
2026-01-25 21:26:44,meta-llama/Llama-3.1-8B,MMLU_selected_subjects,isot_fake_299,meani,0.53,28,632
2026-01-25 21:30:44,meta-llama/Llama-3.1-8B,MMLU_selected_subjects,isot_fake_3,clean,0.534,28,465
2026-01-25 21:34:21,meta-llama/Llama-3.1-8B,MMLU_selected_subjects,isot_fake_3,meani,0.537,28,465
2026-01-25 21:37:52,meta-llama/Llama-3.1-8B,MMLU_selected_subjects,isot_fake_30,clean,0.486,28,539
2026-01-25 21:40:59,meta-llama/Llama-3.1-8B,MMLU_selected_subjects,isot_fake_30,meani,0.506,28,539
2026-01-25 21:44:34,meta-llama/Llama-3.1-8B,MMLU_selected_subjects,isot_fake_300,clean,0.539,28,763
2026-01-25 21:48:54,meta-llama/Llama-3.1-8B,MMLU_selected_subjects,isot_fake_300,meani,0.529,28,763
2026-01-25 21:53:15,meta-llama/Llama-3.1-8B,MMLU_selected_subjects,isot_fake_301,clean,0.515,28,649
2026-01-25 21:56:28,meta-llama/Llama-3.1-8B,MMLU_selected_subjects,isot_fake_301,meani,0.514,28,649
2026-01-25 22:00:31,meta-llama/Llama-3.1-8B,MMLU_selected_subjects,isot_fake_302,clean,0.523,28,418
2026-01-25 22:04:33,meta-llama/Llama-3.1-8B,MMLU_selected_subjects,isot_fake_302,meani,0.52,28,418
2026-01-25 22:07:19,meta-llama/Llama-3.1-8B,MMLU_selected_subjects,isot_fake_303,clean,0.52,28,436
2026-01-25 22:10:55,meta-llama/Llama-3.1-8B,MMLU_selected_subjects,isot_fake_303,meani,0.529,28,436
2026-01-25 22:14:28,meta-llama/Llama-3.1-8B,MMLU_selected_subjects,isot_fake_304,clean,0.535,28,670
2026-01-25 22:17:52,meta-llama/Llama-3.1-8B,MMLU_selected_subjects,isot_fake_304,meani,0.506,28,670
2026-01-25 22:21:46,meta-llama/Llama-3.1-8B,MMLU_selected_subjects,isot_fake_305,clean,0.493,28,356
2026-01-25 22:25:41,meta-llama/Llama-3.1-8B,MMLU_selected_subjects,isot_fake_305,meani,0.522,28,356
2026-01-25 22:28:27,meta-llama/Llama-3.1-8B,MMLU_selected_subjects,isot_fake_306,clean,0.52,28,436
2026-01-25 22:32:09,meta-llama/Llama-3.1-8B,MMLU_selected_subjects,isot_fake_306,meani,0.529,28,436
2026-01-25 22:34:40,meta-llama/Llama-3.1-8B,MMLU_selected_subjects,isot_fake_307,clean,0.525,28,445
2026-01-25 22:37:53,meta-llama/Llama-3.1-8B,MMLU_selected_subjects,isot_fake_307,meani,0.506,28,445
2026-01-25 22:41:49,meta-llama/Llama-3.1-8B,MMLU_selected_subjects,isot_fake_308,clean,0.498,28,392
2026-01-25 22:44:44,meta-llama/Llama-3.1-8B,MMLU_selected_subjects,isot_fake_308,meani,0.516,28,392
2026-01-25 22:48:33,meta-llama/Llama-3.1-8B,MMLU_selected_subjects,isot_fake_309,clean,0.517,28,295
2026-01-25 22:52:15,meta-llama/Llama-3.1-8B,MMLU_selected_subjects,isot_fake_309,meani,0.489,28,295
2026-01-25 22:55:38,meta-llama/Llama-3.1-8B,MMLU_selected_subjects,isot_fake_31,clean,0.53,28,786
2026-01-25 22:58:38,meta-llama/Llama-3.1-8B,MMLU_selected_subjects,isot_fake_31,meani,0.495,28,786
2026-01-25 23:01:22,meta-llama/Llama-3.1-8B,MMLU_selected_subjects,isot_fake_310,clean,0.518,28,381
2026-01-25 23:04:20,meta-llama/Llama-3.1-8B,MMLU_selected_subjects,isot_fake_310,meani,0.533,28,381
2026-01-25 23:07:30,meta-llama/Llama-3.1-8B,MMLU_selected_subjects,isot_fake_311,clean,0.521,28,521
2026-01-25 23:10:42,meta-llama/Llama-3.1-8B,MMLU_selected_subjects,isot_fake_311,meani,0.535,28,521
2026-01-25 23:13:49,meta-llama/Llama-3.1-8B,MMLU_selected_subjects,isot_fake_312,clean,0.525,28,596
2026-01-25 23:17:07,meta-llama/Llama-3.1-8B,MMLU_selected_subjects,isot_fake_312,meani,0.531,28,596
2026-01-25 23:21:21,meta-llama/Llama-3.1-8B,MMLU_selected_subjects,isot_fake_313,clean,0.528,28,737
2026-01-25 23:24:52,meta-llama/Llama-3.1-8B,MMLU_selected_subjects,isot_fake_313,meani,0.491,28,737
2026-01-25 23:28:57,meta-llama/Llama-3.1-8B,MMLU_selected_subjects,isot_fake_314,clean,0.532,28,721
2026-01-25 23:32:41,meta-llama/Llama-3.1-8B,MMLU_selected_subjects,isot_fake_314,meani,0.535,28,721
2026-01-25 23:36:58,meta-llama/Llama-3.1-8B,MMLU_selected_subjects,isot_fake_315,clean,0.523,28,780
2026-01-25 23:41:02,meta-llama/Llama-3.1-8B,MMLU_selected_subjects,isot_fake_315,meani,0.52,28,780
2026-01-25 23:43:40,meta-llama/Llama-3.1-8B,MMLU_selected_subjects,isot_fake_316,clean,0.537,28,644
2026-01-25 23:46:13,meta-llama/Llama-3.1-8B,MMLU_selected_subjects,isot_fake_316,meani,0.532,28,644
2026-01-25 23:49:50,meta-llama/Llama-3.1-8B,MMLU_selected_subjects,isot_fake_317,clean,0.499,28,786
2026-01-25 23:53:27,meta-llama/Llama-3.1-8B,MMLU_selected_subjects,isot_fake_317,meani,0.518,28,786
2026-01-25 23:57:06,meta-llama/Llama-3.1-8B,MMLU_selected_subjects,isot_fake_318,clean,0.523,28,653
2026-01-25 23:59:49,meta-llama/Llama-3.1-8B,MMLU_selected_subjects,isot_fake_318,meani,0.516,28,653
2026-01-26 00:03:08,meta-llama/Llama-3.1-8B,MMLU_selected_subjects,isot_fake_319,clean,0.533,28,773
2026-01-26 00:07:12,meta-llama/Llama-3.1-8B,MMLU_selected_subjects,isot_fake_319,meani,0.543,28,773
2026-01-26 00:10:41,meta-llama/Llama-3.1-8B,MMLU_selected_subjects,isot_fake_32,clean,0.468,28,494
2026-01-26 00:14:06,meta-llama/Llama-3.1-8B,MMLU_selected_subjects,isot_fake_32,meani,0.515,28,494
2026-01-26 00:17:14,meta-llama/Llama-3.1-8B,MMLU_selected_subjects,isot_fake_320,clean,0.51,28,310
2026-01-26 00:20:14,meta-llama/Llama-3.1-8B,MMLU_selected_subjects,isot_fake_320,meani,0.49,28,310
2026-01-26 00:23:59,meta-llama/Llama-3.1-8B,MMLU_selected_subjects,isot_fake_321,clean,0.491,28,748
2026-01-26 00:27:52,meta-llama/Llama-3.1-8B,MMLU_selected_subjects,isot_fake_321,meani,0.518,28,748
2026-01-26 00:31:23,meta-llama/Llama-3.1-8B,MMLU_selected_subjects,isot_fake_322,clean,0.512,28,558
2026-01-26 00:34:44,meta-llama/Llama-3.1-8B,MMLU_selected_subjects,isot_fake_322,meani,0.531,28,558
2026-01-26 00:38:39,meta-llama/Llama-3.1-8B,MMLU_selected_subjects,isot_fake_323,clean,0.538,28,256
2026-01-26 00:42:27,meta-llama/Llama-3.1-8B,MMLU_selected_subjects,isot_fake_323,meani,0.522,28,256
2026-01-26 00:45:55,meta-llama/Llama-3.1-8B,MMLU_selected_subjects,isot_fake_324,clean,0.541,28,223
2026-01-26 00:49:00,meta-llama/Llama-3.1-8B,MMLU_selected_subjects,isot_fake_324,meani,0.538,28,223
2026-01-26 00:53:00,meta-llama/Llama-3.1-8B,MMLU_selected_subjects,isot_fake_325,clean,0.548,28,371
2026-01-26 00:56:41,meta-llama/Llama-3.1-8B,MMLU_selected_subjects,isot_fake_325,meani,0.541,28,371
2026-01-26 01:00:35,meta-llama/Llama-3.1-8B,MMLU_selected_subjects,isot_fake_326,clean,0.536,28,521
2026-01-26 01:04:14,meta-llama/Llama-3.1-8B,MMLU_selected_subjects,isot_fake_326,meani,0.537,28,521
2026-01-26 01:07:35,meta-llama/Llama-3.1-8B,MMLU_selected_subjects,isot_fake_327,clean,0.529,28,218
2026-01-26 01:11:15,meta-llama/Llama-3.1-8B,MMLU_selected_subjects,isot_fake_327,meani,0.525,28,218
2026-01-26 01:15:04,meta-llama/Llama-3.1-8B,MMLU_selected_subjects,isot_fake_328,clean,0.529,28,298
2026-01-26 01:17:35,meta-llama/Llama-3.1-8B,MMLU_selected_subjects,isot_fake_328,meani,0.513,28,298
2026-01-26 01:21:19,meta-llama/Llama-3.1-8B,MMLU_selected_subjects,isot_fake_329,clean,0.514,28,291
2026-01-26 01:25:01,meta-llama/Llama-3.1-8B,MMLU_selected_subjects,isot_fake_329,meani,0.53,28,291
2026-01-26 01:28:32,meta-llama/Llama-3.1-8B,MMLU_selected_subjects,isot_fake_33,clean,0.522,28,433
2026-01-26 01:32:08,meta-llama/Llama-3.1-8B,MMLU_selected_subjects,isot_fake_33,meani,0.509,28,433
2026-01-26 01:35:22,meta-llama/Llama-3.1-8B,MMLU_selected_subjects,isot_fake_330,clean,0.522,28,748
2026-01-26 01:38:36,meta-llama/Llama-3.1-8B,MMLU_selected_subjects,isot_fake_330,meani,0.478,28,748
2026-01-26 01:42:33,meta-llama/Llama-3.1-8B,MMLU_selected_subjects,isot_fake_331,clean,0.511,28,388
2026-01-26 01:45:41,meta-llama/Llama-3.1-8B,MMLU_selected_subjects,isot_fake_331,meani,0.523,28,388
2026-01-26 01:48:29,meta-llama/Llama-3.1-8B,MMLU_selected_subjects,isot_fake_332,clean,0.516,28,664
2026-01-26 01:52:13,meta-llama/Llama-3.1-8B,MMLU_selected_subjects,isot_fake_332,meani,0.517,28,664
2026-01-26 01:56:10,meta-llama/Llama-3.1-8B,MMLU_selected_subjects,isot_fake_333,clean,0.508,28,355
2026-01-26 01:59:58,meta-llama/Llama-3.1-8B,MMLU_selected_subjects,isot_fake_333,meani,0.525,28,355
2026-01-26 02:03:41,meta-llama/Llama-3.1-8B,MMLU_selected_subjects,isot_fake_334,clean,0.531,28,284
2026-01-26 02:07:24,meta-llama/Llama-3.1-8B,MMLU_selected_subjects,isot_fake_334,meani,0.523,28,284
2026-01-26 02:11:32,meta-llama/Llama-3.1-8B,MMLU_selected_subjects,isot_fake_335,clean,0.52,28,681
2026-01-26 02:14:48,meta-llama/Llama-3.1-8B,MMLU_selected_subjects,isot_fake_335,meani,0.5,28,681
2026-01-26 02:17:51,meta-llama/Llama-3.1-8B,MMLU_selected_subjects,isot_fake_336,clean,0.528,28,340
2026-01-26 02:21:32,meta-llama/Llama-3.1-8B,MMLU_selected_subjects,isot_fake_336,meani,0.512,28,340
2026-01-26 02:24:48,meta-llama/Llama-3.1-8B,MMLU_selected_subjects,isot_fake_337,clean,0.541,28,540
2026-01-26 02:28:42,meta-llama/Llama-3.1-8B,MMLU_selected_subjects,isot_fake_337,meani,0.535,28,540
2026-01-26 02:32:23,meta-llama/Llama-3.1-8B,MMLU_selected_subjects,isot_fake_338,clean,0.479,28,747
2026-01-26 02:36:04,meta-llama/Llama-3.1-8B,MMLU_selected_subjects,isot_fake_338,meani,0.491,28,747
2026-01-26 02:39:47,meta-llama/Llama-3.1-8B,MMLU_selected_subjects,isot_fake_339,clean,0.541,28,290
2026-01-26 02:43:05,meta-llama/Llama-3.1-8B,MMLU_selected_subjects,isot_fake_339,meani,0.52,28,290
2026-01-26 02:47:04,meta-llama/Llama-3.1-8B,MMLU_selected_subjects,isot_fake_34,clean,0.543,28,267
2026-01-26 02:50:56,meta-llama/Llama-3.1-8B,MMLU_selected_subjects,isot_fake_34,meani,0.525,28,267
2026-01-26 02:53:48,meta-llama/Llama-3.1-8B,MMLU_selected_subjects,isot_fake_340,clean,0.524,28,608
2026-01-26 02:57:06,meta-llama/Llama-3.1-8B,MMLU_selected_subjects,isot_fake_340,meani,0.544,28,608
2026-01-26 03:00:24,meta-llama/Llama-3.1-8B,MMLU_selected_subjects,isot_fake_341,clean,0.506,28,229
2026-01-26 03:04:05,meta-llama/Llama-3.1-8B,MMLU_selected_subjects,isot_fake_341,meani,0.533,28,229
2026-01-26 03:08:09,meta-llama/Llama-3.1-8B,MMLU_selected_subjects,isot_fake_342,clean,0.528,28,615
2026-01-26 03:12:03,meta-llama/Llama-3.1-8B,MMLU_selected_subjects,isot_fake_342,meani,0.535,28,615
2026-01-26 03:16:08,meta-llama/Llama-3.1-8B,MMLU_selected_subjects,isot_fake_343,clean,0.493,28,609
2026-01-26 03:19:46,meta-llama/Llama-3.1-8B,MMLU_selected_subjects,isot_fake_343,meani,0.506,28,609
2026-01-26 03:23:48,meta-llama/Llama-3.1-8B,MMLU_selected_subjects,isot_fake_344,clean,0.524,28,754
2026-01-26 03:27:00,meta-llama/Llama-3.1-8B,MMLU_selected_subjects,isot_fake_344,meani,0.498,28,754
2026-01-26 03:30:58,meta-llama/Llama-3.1-8B,MMLU_selected_subjects,isot_fake_345,clean,0.471,28,297
2026-01-26 03:34:40,meta-llama/Llama-3.1-8B,MMLU_selected_subjects,isot_fake_345,meani,0.515,28,297
2026-01-26 03:37:31,meta-llama/Llama-3.1-8B,MMLU_selected_subjects,isot_fake_346,clean,0.527,28,511
2026-01-26 03:41:01,meta-llama/Llama-3.1-8B,MMLU_selected_subjects,isot_fake_346,meani,0.529,28,511
2026-01-26 03:44:56,meta-llama/Llama-3.1-8B,MMLU_selected_subjects,isot_fake_347,clean,0.532,28,340
2026-01-26 03:47:49,meta-llama/Llama-3.1-8B,MMLU_selected_subjects,isot_fake_347,meani,0.523,28,340
2026-01-26 03:51:38,meta-llama/Llama-3.1-8B,MMLU_selected_subjects,isot_fake_348,clean,0.494,28,481
2026-01-26 03:55:06,meta-llama/Llama-3.1-8B,MMLU_selected_subjects,isot_fake_348,meani,0.508,28,481
2026-01-26 03:58:10,meta-llama/Llama-3.1-8B,MMLU_selected_subjects,isot_fake_349,clean,0.522,28,742
2026-01-26 04:01:25,meta-llama/Llama-3.1-8B,MMLU_selected_subjects,isot_fake_349,meani,0.513,28,742
2026-01-26 04:05:39,meta-llama/Llama-3.1-8B,MMLU_selected_subjects,isot_fake_35,clean,0.544,28,621
2026-01-26 04:09:54,meta-llama/Llama-3.1-8B,MMLU_selected_subjects,isot_fake_35,meani,0.526,28,621
2026-01-26 04:14:12,meta-llama/Llama-3.1-8B,MMLU_selected_subjects,isot_fake_350,clean,0.529,28,587
2026-01-26 04:17:58,meta-llama/Llama-3.1-8B,MMLU_selected_subjects,isot_fake_350,meani,0.53,28,587
2026-01-26 04:20:46,meta-llama/Llama-3.1-8B,MMLU_selected_subjects,isot_fake_351,clean,0.527,28,644
2026-01-26 04:24:36,meta-llama/Llama-3.1-8B,MMLU_selected_subjects,isot_fake_351,meani,0.525,28,644
2026-01-26 04:28:16,meta-llama/Llama-3.1-8B,MMLU_selected_subjects,isot_fake_352,clean,0.496,28,578
2026-01-26 04:32:23,meta-llama/Llama-3.1-8B,MMLU_selected_subjects,isot_fake_352,meani,0.527,28,578
2026-01-26 04:35:41,meta-llama/Llama-3.1-8B,MMLU_selected_subjects,isot_fake_353,clean,0.535,28,650
2026-01-26 04:39:05,meta-llama/Llama-3.1-8B,MMLU_selected_subjects,isot_fake_353,meani,0.499,28,650
2026-01-26 04:42:06,meta-llama/Llama-3.1-8B,MMLU_selected_subjects,isot_fake_354,clean,0.54,28,718
2026-01-26 04:45:08,meta-llama/Llama-3.1-8B,MMLU_selected_subjects,isot_fake_354,meani,0.511,28,718
2026-01-26 04:48:57,meta-llama/Llama-3.1-8B,MMLU_selected_subjects,isot_fake_355,clean,0.55,28,698
2026-01-26 04:52:41,meta-llama/Llama-3.1-8B,MMLU_selected_subjects,isot_fake_355,meani,0.513,28,698
2026-01-26 04:55:57,meta-llama/Llama-3.1-8B,MMLU_selected_subjects,isot_fake_356,clean,0.513,28,587
2026-01-26 04:59:28,meta-llama/Llama-3.1-8B,MMLU_selected_subjects,isot_fake_356,meani,0.509,28,587
2026-01-26 05:03:53,meta-llama/Llama-3.1-8B,MMLU_selected_subjects,isot_fake_357,clean,0.512,28,688
2026-01-26 05:08:17,meta-llama/Llama-3.1-8B,MMLU_selected_subjects,isot_fake_357,meani,0.51,28,688
2026-01-26 05:12:12,meta-llama/Llama-3.1-8B,MMLU_selected_subjects,isot_fake_358,clean,0.508,28,394
2026-01-26 05:15:50,meta-llama/Llama-3.1-8B,MMLU_selected_subjects,isot_fake_358,meani,0.508,28,394
2026-01-26 05:19:23,meta-llama/Llama-3.1-8B,MMLU_selected_subjects,isot_fake_359,clean,0.528,28,780
2026-01-26 05:22:16,meta-llama/Llama-3.1-8B,MMLU_selected_subjects,isot_fake_359,meani,0.512,28,780
2026-01-26 05:26:16,meta-llama/Llama-3.1-8B,MMLU_selected_subjects,isot_fake_36,clean,0.51,28,748
2026-01-26 05:30:27,meta-llama/Llama-3.1-8B,MMLU_selected_subjects,isot_fake_36,meani,0.505,28,748
2026-01-26 05:33:08,meta-llama/Llama-3.1-8B,MMLU_selected_subjects,isot_fake_360,clean,0.532,28,345
2026-01-26 05:36:10,meta-llama/Llama-3.1-8B,MMLU_selected_subjects,isot_fake_360,meani,0.534,28,345
2026-01-26 05:40:04,meta-llama/Llama-3.1-8B,MMLU_selected_subjects,isot_fake_361,clean,0.527,28,567
2026-01-26 05:43:20,meta-llama/Llama-3.1-8B,MMLU_selected_subjects,isot_fake_361,meani,0.527,28,567
2026-01-26 05:46:33,meta-llama/Llama-3.1-8B,MMLU_selected_subjects,isot_fake_362,clean,0.492,28,765
2026-01-26 05:50:25,meta-llama/Llama-3.1-8B,MMLU_selected_subjects,isot_fake_362,meani,0.509,28,765
2026-01-26 05:54:41,meta-llama/Llama-3.1-8B,MMLU_selected_subjects,isot_fake_363,clean,0.525,28,706
2026-01-26 05:58:42,meta-llama/Llama-3.1-8B,MMLU_selected_subjects,isot_fake_363,meani,0.528,28,706
2026-01-26 06:02:14,meta-llama/Llama-3.1-8B,MMLU_selected_subjects,isot_fake_364,clean,0.47,28,656
2026-01-26 06:05:24,meta-llama/Llama-3.1-8B,MMLU_selected_subjects,isot_fake_364,meani,0.507,28,656
2026-01-26 06:09:11,meta-llama/Llama-3.1-8B,MMLU_selected_subjects,isot_fake_365,clean,0.531,28,452
2026-01-26 06:13:02,meta-llama/Llama-3.1-8B,MMLU_selected_subjects,isot_fake_365,meani,0.506,28,452
2026-01-26 06:16:02,meta-llama/Llama-3.1-8B,MMLU_selected_subjects,isot_fake_366,clean,0.516,28,660
2026-01-26 06:19:30,meta-llama/Llama-3.1-8B,MMLU_selected_subjects,isot_fake_366,meani,0.517,28,660
2026-01-26 06:23:37,meta-llama/Llama-3.1-8B,MMLU_selected_subjects,isot_fake_367,clean,0.542,28,461
2026-01-26 06:27:06,meta-llama/Llama-3.1-8B,MMLU_selected_subjects,isot_fake_367,meani,0.54,28,461
2026-01-26 06:30:46,meta-llama/Llama-3.1-8B,MMLU_selected_subjects,isot_fake_368,clean,0.465,28,684
2026-01-26 06:35:00,meta-llama/Llama-3.1-8B,MMLU_selected_subjects,isot_fake_368,meani,0.496,28,684
2026-01-26 06:37:56,meta-llama/Llama-3.1-8B,MMLU_selected_subjects,isot_fake_369,clean,0.541,28,265
2026-01-26 06:40:23,meta-llama/Llama-3.1-8B,MMLU_selected_subjects,isot_fake_369,meani,0.519,28,265
2026-01-26 06:44:23,meta-llama/Llama-3.1-8B,MMLU_selected_subjects,isot_fake_37,clean,0.535,28,427
2026-01-26 06:48:15,meta-llama/Llama-3.1-8B,MMLU_selected_subjects,isot_fake_37,meani,0.531,28,427
2026-01-26 06:52:14,meta-llama/Llama-3.1-8B,MMLU_selected_subjects,isot_fake_370,clean,0.538,28,333
2026-01-26 06:55:41,meta-llama/Llama-3.1-8B,MMLU_selected_subjects,isot_fake_370,meani,0.536,28,333
2026-01-26 06:58:57,meta-llama/Llama-3.1-8B,MMLU_selected_subjects,isot_fake_371,clean,0.518,28,585
2026-01-26 07:02:30,meta-llama/Llama-3.1-8B,MMLU_selected_subjects,isot_fake_371,meani,0.517,28,585
2026-01-26 07:06:09,meta-llama/Llama-3.1-8B,MMLU_selected_subjects,isot_fake_372,clean,0.524,28,778
2026-01-26 07:08:56,meta-llama/Llama-3.1-8B,MMLU_selected_subjects,isot_fake_372,meani,0.519,28,778
2026-01-26 07:12:50,meta-llama/Llama-3.1-8B,MMLU_selected_subjects,isot_fake_373,clean,0.529,28,298
2026-01-26 07:15:48,meta-llama/Llama-3.1-8B,MMLU_selected_subjects,isot_fake_373,meani,0.528,28,298
2026-01-26 07:18:54,meta-llama/Llama-3.1-8B,MMLU_selected_subjects,isot_fake_374,clean,0.526,28,721
2026-01-26 07:23:06,meta-llama/Llama-3.1-8B,MMLU_selected_subjects,isot_fake_374,meani,0.52,28,721
2026-01-26 07:27:13,meta-llama/Llama-3.1-8B,MMLU_selected_subjects,isot_fake_375,clean,0.522,28,342
2026-01-26 07:30:46,meta-llama/Llama-3.1-8B,MMLU_selected_subjects,isot_fake_375,meani,0.504,28,342
2026-01-26 07:34:29,meta-llama/Llama-3.1-8B,MMLU_selected_subjects,isot_fake_376,clean,0.52,28,208
2026-01-26 07:37:58,meta-llama/Llama-3.1-8B,MMLU_selected_subjects,isot_fake_376,meani,0.515,28,208
2026-01-26 07:41:40,meta-llama/Llama-3.1-8B,MMLU_selected_subjects,isot_fake_377,clean,0.534,28,738
2026-01-26 07:44:52,meta-llama/Llama-3.1-8B,MMLU_selected_subjects,isot_fake_377,meani,0.489,28,738
2026-01-26 07:48:22,meta-llama/Llama-3.1-8B,MMLU_selected_subjects,isot_fake_378,clean,0.468,28,494
2026-01-26 07:52:12,meta-llama/Llama-3.1-8B,MMLU_selected_subjects,isot_fake_378,meani,0.513,28,494
2026-01-26 07:56:13,meta-llama/Llama-3.1-8B,MMLU_selected_subjects,isot_fake_379,clean,0.467,28,396
2026-01-26 07:59:42,meta-llama/Llama-3.1-8B,MMLU_selected_subjects,isot_fake_379,meani,0.529,28,396
2026-01-26 08:02:37,meta-llama/Llama-3.1-8B,MMLU_selected_subjects,isot_fake_38,clean,0.495,28,467
2026-01-26 08:05:21,meta-llama/Llama-3.1-8B,MMLU_selected_subjects,isot_fake_38,meani,0.519,28,467
2026-01-26 08:09:36,meta-llama/Llama-3.1-8B,MMLU_selected_subjects,isot_fake_380,clean,0.485,28,637
2026-01-26 08:13:59,meta-llama/Llama-3.1-8B,MMLU_selected_subjects,isot_fake_380,meani,0.508,28,637
2026-01-26 08:17:06,meta-llama/Llama-3.1-8B,MMLU_selected_subjects,isot_fake_381,clean,0.512,28,206
2026-01-26 08:20:14,meta-llama/Llama-3.1-8B,MMLU_selected_subjects,isot_fake_381,meani,0.509,28,206
2026-01-26 08:23:45,meta-llama/Llama-3.1-8B,MMLU_selected_subjects,isot_fake_382,clean,0.525,28,791
2026-01-26 08:27:57,meta-llama/Llama-3.1-8B,MMLU_selected_subjects,isot_fake_382,meani,0.536,28,791
2026-01-26 08:31:19,meta-llama/Llama-3.1-8B,MMLU_selected_subjects,isot_fake_383,clean,0.512,28,679
2026-01-26 08:34:23,meta-llama/Llama-3.1-8B,MMLU_selected_subjects,isot_fake_383,meani,0.526,28,679
2026-01-26 08:38:41,meta-llama/Llama-3.1-8B,MMLU_selected_subjects,isot_fake_384,clean,0.54,28,791
2026-01-26 08:42:22,meta-llama/Llama-3.1-8B,MMLU_selected_subjects,isot_fake_384,meani,0.49,28,791
2026-01-26 08:45:07,meta-llama/Llama-3.1-8B,MMLU_selected_subjects,isot_fake_385,clean,0.501,28,612
2026-01-26 08:48:40,meta-llama/Llama-3.1-8B,MMLU_selected_subjects,isot_fake_385,meani,0.507,28,612
2026-01-26 08:51:16,meta-llama/Llama-3.1-8B,MMLU_selected_subjects,isot_fake_386,clean,0.518,28,549
2026-01-26 08:53:56,meta-llama/Llama-3.1-8B,MMLU_selected_subjects,isot_fake_386,meani,0.496,28,549
2026-01-26 08:57:02,meta-llama/Llama-3.1-8B,MMLU_selected_subjects,isot_fake_387,clean,0.5,28,556
2026-01-26 09:00:43,meta-llama/Llama-3.1-8B,MMLU_selected_subjects,isot_fake_387,meani,0.522,28,556
2026-01-26 09:03:49,meta-llama/Llama-3.1-8B,MMLU_selected_subjects,isot_fake_388,clean,0.531,28,277
2026-01-26 09:06:16,meta-llama/Llama-3.1-8B,MMLU_selected_subjects,isot_fake_388,meani,0.52,28,277
2026-01-26 09:08:58,meta-llama/Llama-3.1-8B,MMLU_selected_subjects,isot_fake_389,clean,0.525,28,691
2026-01-26 09:13:10,meta-llama/Llama-3.1-8B,MMLU_selected_subjects,isot_fake_389,meani,0.521,28,691
2026-01-26 09:16:38,meta-llama/Llama-3.1-8B,MMLU_selected_subjects,isot_fake_39,clean,0.521,28,589
2026-01-26 09:20:04,meta-llama/Llama-3.1-8B,MMLU_selected_subjects,isot_fake_39,meani,0.523,28,589
2026-01-26 09:24:03,meta-llama/Llama-3.1-8B,MMLU_selected_subjects,isot_fake_390,clean,0.516,28,511
2026-01-26 09:27:47,meta-llama/Llama-3.1-8B,MMLU_selected_subjects,isot_fake_390,meani,0.504,28,511
2026-01-26 09:31:35,meta-llama/Llama-3.1-8B,MMLU_selected_subjects,isot_fake_391,clean,0.492,28,738
2026-01-26 09:35:35,meta-llama/Llama-3.1-8B,MMLU_selected_subjects,isot_fake_391,meani,0.508,28,738
2026-01-26 09:38:27,meta-llama/Llama-3.1-8B,MMLU_selected_subjects,isot_fake_392,clean,0.511,28,651
2026-01-26 09:41:28,meta-llama/Llama-3.1-8B,MMLU_selected_subjects,isot_fake_392,meani,0.532,28,651
2026-01-26 09:45:57,meta-llama/Llama-3.1-8B,MMLU_selected_subjects,isot_fake_393,clean,0.493,28,749
2026-01-26 09:49:35,meta-llama/Llama-3.1-8B,MMLU_selected_subjects,isot_fake_393,meani,0.482,28,749
2026-01-26 09:52:48,meta-llama/Llama-3.1-8B,MMLU_selected_subjects,isot_fake_394,clean,0.483,28,716
2026-01-26 09:56:55,meta-llama/Llama-3.1-8B,MMLU_selected_subjects,isot_fake_394,meani,0.525,28,716
2026-01-26 10:01:14,meta-llama/Llama-3.1-8B,MMLU_selected_subjects,isot_fake_395,clean,0.516,28,759
2026-01-26 10:04:38,meta-llama/Llama-3.1-8B,MMLU_selected_subjects,isot_fake_395,meani,0.498,28,759
2026-01-26 10:07:33,meta-llama/Llama-3.1-8B,MMLU_selected_subjects,isot_fake_396,clean,0.527,28,549
2026-01-26 10:10:50,meta-llama/Llama-3.1-8B,MMLU_selected_subjects,isot_fake_396,meani,0.509,28,549
2026-01-26 10:15:03,meta-llama/Llama-3.1-8B,MMLU_selected_subjects,isot_fake_397,clean,0.503,28,640
2026-01-26 10:19:00,meta-llama/Llama-3.1-8B,MMLU_selected_subjects,isot_fake_397,meani,0.504,28,640
2026-01-26 10:22:28,meta-llama/Llama-3.1-8B,MMLU_selected_subjects,isot_fake_398,clean,0.542,28,595
2026-01-26 10:26:05,meta-llama/Llama-3.1-8B,MMLU_selected_subjects,isot_fake_398,meani,0.509,28,595
2026-01-26 10:29:47,meta-llama/Llama-3.1-8B,MMLU_selected_subjects,isot_fake_399,clean,0.532,28,322
2026-01-26 10:33:35,meta-llama/Llama-3.1-8B,MMLU_selected_subjects,isot_fake_399,meani,0.53,28,322
2026-01-26 10:37:30,meta-llama/Llama-3.1-8B,MMLU_selected_subjects,isot_fake_4,clean,0.533,28,345
2026-01-26 10:41:06,meta-llama/Llama-3.1-8B,MMLU_selected_subjects,isot_fake_4,meani,0.514,28,345
2026-01-26 10:44:37,meta-llama/Llama-3.1-8B,MMLU_selected_subjects,isot_fake_40,clean,0.47,28,656
2026-01-26 10:48:27,meta-llama/Llama-3.1-8B,MMLU_selected_subjects,isot_fake_40,meani,0.506,28,656
2026-01-26 10:52:19,meta-llama/Llama-3.1-8B,MMLU_selected_subjects,isot_fake_400,clean,0.506,28,206
2026-01-26 10:55:37,meta-llama/Llama-3.1-8B,MMLU_selected_subjects,isot_fake_400,meani,0.499,28,206
2026-01-26 10:59:27,meta-llama/Llama-3.1-8B,MMLU_selected_subjects,isot_fake_401,clean,0.497,28,649
2026-01-26 11:03:23,meta-llama/Llama-3.1-8B,MMLU_selected_subjects,isot_fake_401,meani,0.518,28,649
2026-01-26 11:07:14,meta-llama/Llama-3.1-8B,MMLU_selected_subjects,isot_fake_402,clean,0.485,28,729
2026-01-26 11:10:59,meta-llama/Llama-3.1-8B,MMLU_selected_subjects,isot_fake_402,meani,0.512,28,729
2026-01-26 11:14:17,meta-llama/Llama-3.1-8B,MMLU_selected_subjects,isot_fake_403,clean,0.481,28,551
2026-01-26 11:17:44,meta-llama/Llama-3.1-8B,MMLU_selected_subjects,isot_fake_403,meani,0.506,28,551
2026-01-26 11:21:27,meta-llama/Llama-3.1-8B,MMLU_selected_subjects,isot_fake_404,clean,0.514,28,432
2026-01-26 11:25:00,meta-llama/Llama-3.1-8B,MMLU_selected_subjects,isot_fake_404,meani,0.527,28,432
2026-01-26 11:28:33,meta-llama/Llama-3.1-8B,MMLU_selected_subjects,isot_fake_405,clean,0.503,28,485
2026-01-26 11:32:25,meta-llama/Llama-3.1-8B,MMLU_selected_subjects,isot_fake_405,meani,0.496,28,485
2026-01-26 11:35:44,meta-llama/Llama-3.1-8B,MMLU_selected_subjects,isot_fake_406,clean,0.513,28,587
2026-01-26 11:39:34,meta-llama/Llama-3.1-8B,MMLU_selected_subjects,isot_fake_406,meani,0.519,28,587
2026-01-26 11:42:25,meta-llama/Llama-3.1-8B,MMLU_selected_subjects,isot_fake_407,clean,0.526,28,685
2026-01-26 11:46:16,meta-llama/Llama-3.1-8B,MMLU_selected_subjects,isot_fake_407,meani,0.522,28,685
2026-01-26 11:50:08,meta-llama/Llama-3.1-8B,MMLU_selected_subjects,isot_fake_408,clean,0.542,28,447
2026-01-26 11:53:52,meta-llama/Llama-3.1-8B,MMLU_selected_subjects,isot_fake_408,meani,0.518,28,447
2026-01-26 11:57:31,meta-llama/Llama-3.1-8B,MMLU_selected_subjects,isot_fake_409,clean,0.484,28,379
2026-01-26 12:00:45,meta-llama/Llama-3.1-8B,MMLU_selected_subjects,isot_fake_409,meani,0.493,28,379
2026-01-26 12:03:14,meta-llama/Llama-3.1-8B,MMLU_selected_subjects,isot_fake_41,clean,0.509,28,429
2026-01-26 12:06:57,meta-llama/Llama-3.1-8B,MMLU_selected_subjects,isot_fake_41,meani,0.527,28,429
2026-01-26 12:10:34,meta-llama/Llama-3.1-8B,MMLU_selected_subjects,isot_fake_410,clean,0.532,28,222
2026-01-26 12:14:18,meta-llama/Llama-3.1-8B,MMLU_selected_subjects,isot_fake_410,meani,0.514,28,222
2026-01-26 12:16:47,meta-llama/Llama-3.1-8B,MMLU_selected_subjects,isot_fake_411,clean,0.521,28,709
2026-01-26 12:19:17,meta-llama/Llama-3.1-8B,MMLU_selected_subjects,isot_fake_411,meani,0.522,28,709
2026-01-26 12:23:42,meta-llama/Llama-3.1-8B,MMLU_selected_subjects,isot_fake_412,clean,0.507,28,793
2026-01-26 12:27:09,meta-llama/Llama-3.1-8B,MMLU_selected_subjects,isot_fake_412,meani,0.486,28,793
2026-01-26 12:30:57,meta-llama/Llama-3.1-8B,MMLU_selected_subjects,isot_fake_413,clean,0.511,28,715
2026-01-26 12:35:01,meta-llama/Llama-3.1-8B,MMLU_selected_subjects,isot_fake_413,meani,0.518,28,715
2026-01-26 12:38:46,meta-llama/Llama-3.1-8B,MMLU_selected_subjects,isot_fake_414,clean,0.489,28,709
2026-01-26 12:42:50,meta-llama/Llama-3.1-8B,MMLU_selected_subjects,isot_fake_414,meani,0.521,28,709
2026-01-26 12:47:00,meta-llama/Llama-3.1-8B,MMLU_selected_subjects,isot_fake_415,clean,0.519,28,403
2026-01-26 12:50:24,meta-llama/Llama-3.1-8B,MMLU_selected_subjects,isot_fake_415,meani,0.519,28,403
2026-01-26 12:54:17,meta-llama/Llama-3.1-8B,MMLU_selected_subjects,isot_fake_416,clean,0.533,28,347
2026-01-26 12:57:30,meta-llama/Llama-3.1-8B,MMLU_selected_subjects,isot_fake_416,meani,0.521,28,347
2026-01-26 13:01:31,meta-llama/Llama-3.1-8B,MMLU_selected_subjects,isot_fake_417,clean,0.512,28,247
2026-01-26 13:05:24,meta-llama/Llama-3.1-8B,MMLU_selected_subjects,isot_fake_417,meani,0.51,28,247
2026-01-26 13:09:12,meta-llama/Llama-3.1-8B,MMLU_selected_subjects,isot_fake_418,clean,0.527,28,409
2026-01-26 13:12:43,meta-llama/Llama-3.1-8B,MMLU_selected_subjects,isot_fake_418,meani,0.529,28,409
2026-01-26 13:16:39,meta-llama/Llama-3.1-8B,MMLU_selected_subjects,isot_fake_419,clean,0.539,28,234
2026-01-26 13:20:28,meta-llama/Llama-3.1-8B,MMLU_selected_subjects,isot_fake_419,meani,0.529,28,234
2026-01-26 13:24:04,meta-llama/Llama-3.1-8B,MMLU_selected_subjects,isot_fake_42,clean,0.538,28,244
2026-01-26 13:27:22,meta-llama/Llama-3.1-8B,MMLU_selected_subjects,isot_fake_42,meani,0.538,28,244
2026-01-26 13:31:19,meta-llama/Llama-3.1-8B,MMLU_selected_subjects,isot_fake_420,clean,0.491,28,784
2026-01-26 13:35:32,meta-llama/Llama-3.1-8B,MMLU_selected_subjects,isot_fake_420,meani,0.513,28,784
2026-01-26 13:39:08,meta-llama/Llama-3.1-8B,MMLU_selected_subjects,isot_fake_421,clean,0.543,28,566
2026-01-26 13:42:37,meta-llama/Llama-3.1-8B,MMLU_selected_subjects,isot_fake_421,meani,0.525,28,566
2026-01-26 13:46:29,meta-llama/Llama-3.1-8B,MMLU_selected_subjects,isot_fake_422,clean,0.501,28,314
2026-01-26 13:49:03,meta-llama/Llama-3.1-8B,MMLU_selected_subjects,isot_fake_422,meani,0.496,28,314
2026-01-26 13:52:53,meta-llama/Llama-3.1-8B,MMLU_selected_subjects,isot_fake_423,clean,0.548,28,496
2026-01-26 13:56:28,meta-llama/Llama-3.1-8B,MMLU_selected_subjects,isot_fake_423,meani,0.53,28,496
2026-01-26 13:59:11,meta-llama/Llama-3.1-8B,MMLU_selected_subjects,isot_fake_424,clean,0.506,28,526
2026-01-26 14:03:26,meta-llama/Llama-3.1-8B,MMLU_selected_subjects,isot_fake_424,meani,0.534,28,526
2026-01-26 14:07:27,meta-llama/Llama-3.1-8B,MMLU_selected_subjects,isot_fake_425,clean,0.522,28,501
2026-01-26 14:10:49,meta-llama/Llama-3.1-8B,MMLU_selected_subjects,isot_fake_425,meani,0.519,28,501
2026-01-26 14:14:01,meta-llama/Llama-3.1-8B,MMLU_selected_subjects,isot_fake_426,clean,0.528,28,208
2026-01-26 14:17:39,meta-llama/Llama-3.1-8B,MMLU_selected_subjects,isot_fake_426,meani,0.53,28,208
2026-01-26 14:21:33,meta-llama/Llama-3.1-8B,MMLU_selected_subjects,isot_fake_427,clean,0.485,28,516
2026-01-26 14:25:31,meta-llama/Llama-3.1-8B,MMLU_selected_subjects,isot_fake_427,meani,0.489,28,516
2026-01-26 14:28:32,meta-llama/Llama-3.1-8B,MMLU_selected_subjects,isot_fake_428,clean,0.541,28,643
2026-01-26 14:32:24,meta-llama/Llama-3.1-8B,MMLU_selected_subjects,isot_fake_428,meani,0.528,28,643
2026-01-26 14:36:27,meta-llama/Llama-3.1-8B,MMLU_selected_subjects,isot_fake_429,clean,0.534,28,465
2026-01-26 14:40:18,meta-llama/Llama-3.1-8B,MMLU_selected_subjects,isot_fake_429,meani,0.514,28,465
2026-01-26 14:44:12,meta-llama/Llama-3.1-8B,MMLU_selected_subjects,isot_fake_43,clean,0.532,28,211
2026-01-26 14:47:37,meta-llama/Llama-3.1-8B,MMLU_selected_subjects,isot_fake_43,meani,0.514,28,211
2026-01-26 14:50:20,meta-llama/Llama-3.1-8B,MMLU_selected_subjects,isot_fake_430,clean,0.515,28,632
2026-01-26 14:54:09,meta-llama/Llama-3.1-8B,MMLU_selected_subjects,isot_fake_430,meani,0.545,28,632
2026-01-26 14:56:50,meta-llama/Llama-3.1-8B,MMLU_selected_subjects,isot_fake_431,clean,0.503,28,327
2026-01-26 14:59:54,meta-llama/Llama-3.1-8B,MMLU_selected_subjects,isot_fake_431,meani,0.5,28,327
2026-01-26 15:03:39,meta-llama/Llama-3.1-8B,MMLU_selected_subjects,isot_fake_432,clean,0.519,28,215
2026-01-26 15:06:48,meta-llama/Llama-3.1-8B,MMLU_selected_subjects,isot_fake_432,meani,0.527,28,215
2026-01-26 15:10:18,meta-llama/Llama-3.1-8B,MMLU_selected_subjects,isot_fake_433,clean,0.528,28,785
2026-01-26 15:13:17,meta-llama/Llama-3.1-8B,MMLU_selected_subjects,isot_fake_433,meani,0.501,28,785
2026-01-26 15:16:59,meta-llama/Llama-3.1-8B,MMLU_selected_subjects,isot_fake_434,clean,0.523,28,200
2026-01-26 15:20:36,meta-llama/Llama-3.1-8B,MMLU_selected_subjects,isot_fake_434,meani,0.531,28,200
2026-01-26 15:24:22,meta-llama/Llama-3.1-8B,MMLU_selected_subjects,isot_fake_435,clean,0.52,28,737
2026-01-26 15:28:19,meta-llama/Llama-3.1-8B,MMLU_selected_subjects,isot_fake_435,meani,0.515,28,737
2026-01-26 15:31:16,meta-llama/Llama-3.1-8B,MMLU_selected_subjects,isot_fake_436,clean,0.517,28,654
2026-01-26 15:35:18,meta-llama/Llama-3.1-8B,MMLU_selected_subjects,isot_fake_436,meani,0.519,28,654
2026-01-26 15:38:38,meta-llama/Llama-3.1-8B,MMLU_selected_subjects,isot_fake_437,clean,0.529,28,212
2026-01-26 15:41:51,meta-llama/Llama-3.1-8B,MMLU_selected_subjects,isot_fake_437,meani,0.504,28,212
2026-01-26 15:45:00,meta-llama/Llama-3.1-8B,MMLU_selected_subjects,isot_fake_438,clean,0.539,28,334
2026-01-26 15:47:53,meta-llama/Llama-3.1-8B,MMLU_selected_subjects,isot_fake_438,meani,0.505,28,334
2026-01-26 15:51:16,meta-llama/Llama-3.1-8B,MMLU_selected_subjects,isot_fake_439,clean,0.522,28,490
2026-01-26 15:54:48,meta-llama/Llama-3.1-8B,MMLU_selected_subjects,isot_fake_439,meani,0.485,28,490
2026-01-26 15:58:03,meta-llama/Llama-3.1-8B,MMLU_selected_subjects,isot_fake_44,clean,0.531,28,335
2026-01-26 16:01:35,meta-llama/Llama-3.1-8B,MMLU_selected_subjects,isot_fake_44,meani,0.529,28,335
2026-01-26 16:04:51,meta-llama/Llama-3.1-8B,MMLU_selected_subjects,isot_fake_440,clean,0.457,28,529
2026-01-26 16:08:56,meta-llama/Llama-3.1-8B,MMLU_selected_subjects,isot_fake_440,meani,0.505,28,529
2026-01-26 16:12:22,meta-llama/Llama-3.1-8B,MMLU_selected_subjects,isot_fake_441,clean,0.487,28,541
2026-01-26 16:16:19,meta-llama/Llama-3.1-8B,MMLU_selected_subjects,isot_fake_441,meani,0.51,28,541
2026-01-26 16:20:07,meta-llama/Llama-3.1-8B,MMLU_selected_subjects,isot_fake_442,clean,0.539,28,514
2026-01-26 16:22:54,meta-llama/Llama-3.1-8B,MMLU_selected_subjects,isot_fake_442,meani,0.525,28,514
2026-01-26 16:26:22,meta-llama/Llama-3.1-8B,MMLU_selected_subjects,isot_fake_443,clean,0.511,28,480
2026-01-26 16:30:06,meta-llama/Llama-3.1-8B,MMLU_selected_subjects,isot_fake_443,meani,0.513,28,480
2026-01-26 16:34:21,meta-llama/Llama-3.1-8B,MMLU_selected_subjects,isot_fake_444,clean,0.516,28,678
2026-01-26 16:38:33,meta-llama/Llama-3.1-8B,MMLU_selected_subjects,isot_fake_444,meani,0.517,28,678
2026-01-26 16:42:09,meta-llama/Llama-3.1-8B,MMLU_selected_subjects,isot_fake_445,clean,0.504,28,723
2026-01-26 16:45:50,meta-llama/Llama-3.1-8B,MMLU_selected_subjects,isot_fake_445,meani,0.517,28,723
2026-01-26 16:49:28,meta-llama/Llama-3.1-8B,MMLU_selected_subjects,isot_fake_446,clean,0.503,28,793
2026-01-26 16:53:26,meta-llama/Llama-3.1-8B,MMLU_selected_subjects,isot_fake_446,meani,0.52,28,793
2026-01-26 16:57:07,meta-llama/Llama-3.1-8B,MMLU_selected_subjects,isot_fake_447,clean,0.505,28,417
2026-01-26 17:00:36,meta-llama/Llama-3.1-8B,MMLU_selected_subjects,isot_fake_447,meani,0.517,28,417
2026-01-26 17:03:44,meta-llama/Llama-3.1-8B,MMLU_selected_subjects,isot_fake_448,clean,0.514,28,440
2026-01-26 17:06:11,meta-llama/Llama-3.1-8B,MMLU_selected_subjects,isot_fake_448,meani,0.506,28,440
2026-01-26 17:09:39,meta-llama/Llama-3.1-8B,MMLU_selected_subjects,isot_fake_449,clean,0.535,28,217
2026-01-26 17:12:57,meta-llama/Llama-3.1-8B,MMLU_selected_subjects,isot_fake_449,meani,0.532,28,217
2026-01-26 17:15:44,meta-llama/Llama-3.1-8B,MMLU_selected_subjects,isot_fake_45,clean,0.519,28,211
2026-01-26 17:18:48,meta-llama/Llama-3.1-8B,MMLU_selected_subjects,isot_fake_45,meani,0.531,28,211
2026-01-26 17:22:15,meta-llama/Llama-3.1-8B,MMLU_selected_subjects,isot_fake_450,clean,0.508,28,648
2026-01-26 17:26:17,meta-llama/Llama-3.1-8B,MMLU_selected_subjects,isot_fake_450,meani,0.516,28,648
2026-01-26 17:29:42,meta-llama/Llama-3.1-8B,MMLU_selected_subjects,isot_fake_451,clean,0.512,28,360
2026-01-26 17:33:03,meta-llama/Llama-3.1-8B,MMLU_selected_subjects,isot_fake_451,meani,0.509,28,360
2026-01-26 17:36:22,meta-llama/Llama-3.1-8B,MMLU_selected_subjects,isot_fake_452,clean,0.533,28,396
2026-01-26 17:40:08,meta-llama/Llama-3.1-8B,MMLU_selected_subjects,isot_fake_452,meani,0.539,28,396
2026-01-26 17:43:42,meta-llama/Llama-3.1-8B,MMLU_selected_subjects,isot_fake_453,clean,0.521,28,213
2026-01-26 17:47:08,meta-llama/Llama-3.1-8B,MMLU_selected_subjects,isot_fake_453,meani,0.524,28,213
2026-01-26 17:50:44,meta-llama/Llama-3.1-8B,MMLU_selected_subjects,isot_fake_454,clean,0.517,28,792
2026-01-26 17:54:16,meta-llama/Llama-3.1-8B,MMLU_selected_subjects,isot_fake_454,meani,0.521,28,792
2026-01-26 17:58:20,meta-llama/Llama-3.1-8B,MMLU_selected_subjects,isot_fake_455,clean,0.51,28,760
2026-01-26 18:01:26,meta-llama/Llama-3.1-8B,MMLU_selected_subjects,isot_fake_455,meani,0.531,28,760
2026-01-26 18:05:39,meta-llama/Llama-3.1-8B,MMLU_selected_subjects,isot_fake_456,clean,0.519,28,739
2026-01-26 18:09:22,meta-llama/Llama-3.1-8B,MMLU_selected_subjects,isot_fake_456,meani,0.522,28,739
2026-01-26 18:13:01,meta-llama/Llama-3.1-8B,MMLU_selected_subjects,isot_fake_457,clean,0.511,28,262
2026-01-26 18:16:44,meta-llama/Llama-3.1-8B,MMLU_selected_subjects,isot_fake_457,meani,0.505,28,262
2026-01-26 18:19:38,meta-llama/Llama-3.1-8B,MMLU_selected_subjects,isot_fake_458,clean,0.521,28,671
2026-01-26 18:23:01,meta-llama/Llama-3.1-8B,MMLU_selected_subjects,isot_fake_458,meani,0.508,28,671
2026-01-26 18:26:08,meta-llama/Llama-3.1-8B,MMLU_selected_subjects,isot_fake_459,clean,0.54,28,439
2026-01-26 18:29:39,meta-llama/Llama-3.1-8B,MMLU_selected_subjects,isot_fake_459,meani,0.523,28,439
2026-01-26 18:33:26,meta-llama/Llama-3.1-8B,MMLU_selected_subjects,isot_fake_46,clean,0.522,28,452
2026-01-26 18:37:10,meta-llama/Llama-3.1-8B,MMLU_selected_subjects,isot_fake_46,meani,0.526,28,452
2026-01-26 18:40:36,meta-llama/Llama-3.1-8B,MMLU_selected_subjects,isot_fake_460,clean,0.515,28,550
2026-01-26 18:44:16,meta-llama/Llama-3.1-8B,MMLU_selected_subjects,isot_fake_460,meani,0.525,28,550
2026-01-26 18:47:38,meta-llama/Llama-3.1-8B,MMLU_selected_subjects,isot_fake_461,clean,0.528,28,574
2026-01-26 18:51:23,meta-llama/Llama-3.1-8B,MMLU_selected_subjects,isot_fake_461,meani,0.542,28,574
2026-01-26 18:55:44,meta-llama/Llama-3.1-8B,MMLU_selected_subjects,isot_fake_462,clean,0.518,28,780
2026-01-26 18:58:34,meta-llama/Llama-3.1-8B,MMLU_selected_subjects,isot_fake_462,meani,0.515,28,780
2026-01-26 19:01:29,meta-llama/Llama-3.1-8B,MMLU_selected_subjects,isot_fake_463,clean,0.492,28,594
2026-01-26 19:04:19,meta-llama/Llama-3.1-8B,MMLU_selected_subjects,isot_fake_463,meani,0.51,28,594
2026-01-26 19:08:23,meta-llama/Llama-3.1-8B,MMLU_selected_subjects,isot_fake_464,clean,0.505,28,437
2026-01-26 19:11:42,meta-llama/Llama-3.1-8B,MMLU_selected_subjects,isot_fake_464,meani,0.54,28,437
2026-01-26 19:15:47,meta-llama/Llama-3.1-8B,MMLU_selected_subjects,isot_fake_465,clean,0.521,28,393
2026-01-26 19:19:32,meta-llama/Llama-3.1-8B,MMLU_selected_subjects,isot_fake_465,meani,0.526,28,393
2026-01-26 19:22:56,meta-llama/Llama-3.1-8B,MMLU_selected_subjects,isot_fake_466,clean,0.533,28,387
2026-01-26 19:26:48,meta-llama/Llama-3.1-8B,MMLU_selected_subjects,isot_fake_466,meani,0.537,28,387
2026-01-26 19:29:27,meta-llama/Llama-3.1-8B,MMLU_selected_subjects,isot_fake_467,clean,0.515,28,716
2026-01-26 19:32:29,meta-llama/Llama-3.1-8B,MMLU_selected_subjects,isot_fake_467,meani,0.519,28,716
2026-01-26 19:36:35,meta-llama/Llama-3.1-8B,MMLU_selected_subjects,isot_fake_468,clean,0.51,28,715
2026-01-26 19:40:40,meta-llama/Llama-3.1-8B,MMLU_selected_subjects,isot_fake_468,meani,0.515,28,715
2026-01-26 19:44:10,meta-llama/Llama-3.1-8B,MMLU_selected_subjects,isot_fake_469,clean,0.469,28,592
2026-01-26 19:47:39,meta-llama/Llama-3.1-8B,MMLU_selected_subjects,isot_fake_469,meani,0.51,28,592
2026-01-26 19:51:38,meta-llama/Llama-3.1-8B,MMLU_selected_subjects,isot_fake_47,clean,0.522,28,522
2026-01-26 19:54:43,meta-llama/Llama-3.1-8B,MMLU_selected_subjects,isot_fake_47,meani,0.495,28,522
2026-01-26 19:59:02,meta-llama/Llama-3.1-8B,MMLU_selected_subjects,isot_fake_470,clean,0.517,28,649
2026-01-26 20:02:15,meta-llama/Llama-3.1-8B,MMLU_selected_subjects,isot_fake_470,meani,0.492,28,649
2026-01-26 20:05:17,meta-llama/Llama-3.1-8B,MMLU_selected_subjects,isot_fake_471,clean,0.512,28,797
2026-01-26 20:08:06,meta-llama/Llama-3.1-8B,MMLU_selected_subjects,isot_fake_471,meani,0.533,28,797
2026-01-26 20:11:11,meta-llama/Llama-3.1-8B,MMLU_selected_subjects,isot_fake_472,clean,0.539,28,481
2026-01-26 20:14:28,meta-llama/Llama-3.1-8B,MMLU_selected_subjects,isot_fake_472,meani,0.512,28,481
2026-01-26 20:18:15,meta-llama/Llama-3.1-8B,MMLU_selected_subjects,isot_fake_473,clean,0.523,28,203
2026-01-26 20:22:08,meta-llama/Llama-3.1-8B,MMLU_selected_subjects,isot_fake_473,meani,0.518,28,203
2026-01-26 20:26:13,meta-llama/Llama-3.1-8B,MMLU_selected_subjects,isot_fake_474,clean,0.497,28,419
2026-01-26 20:30:11,meta-llama/Llama-3.1-8B,MMLU_selected_subjects,isot_fake_474,meani,0.505,28,419
2026-01-26 20:32:54,meta-llama/Llama-3.1-8B,MMLU_selected_subjects,isot_fake_475,clean,0.503,28,327
2026-01-26 20:36:00,meta-llama/Llama-3.1-8B,MMLU_selected_subjects,isot_fake_475,meani,0.509,28,327
2026-01-26 20:39:11,meta-llama/Llama-3.1-8B,MMLU_selected_subjects,isot_fake_476,clean,0.535,28,210
2026-01-26 20:43:05,meta-llama/Llama-3.1-8B,MMLU_selected_subjects,isot_fake_476,meani,0.515,28,210
2026-01-26 20:47:00,meta-llama/Llama-3.1-8B,MMLU_selected_subjects,isot_fake_477,clean,0.521,28,270
2026-01-26 20:50:54,meta-llama/Llama-3.1-8B,MMLU_selected_subjects,isot_fake_477,meani,0.541,28,270
2026-01-26 20:54:21,meta-llama/Llama-3.1-8B,MMLU_selected_subjects,isot_fake_478,clean,0.526,28,753
2026-01-26 20:58:31,meta-llama/Llama-3.1-8B,MMLU_selected_subjects,isot_fake_478,meani,0.52,28,753
2026-01-26 21:01:27,meta-llama/Llama-3.1-8B,MMLU_selected_subjects,isot_fake_479,clean,0.544,28,758
2026-01-26 21:05:15,meta-llama/Llama-3.1-8B,MMLU_selected_subjects,isot_fake_479,meani,0.52,28,758
2026-01-26 21:08:59,meta-llama/Llama-3.1-8B,MMLU_selected_subjects,isot_fake_48,clean,0.526,28,679
2026-01-26 21:12:33,meta-llama/Llama-3.1-8B,MMLU_selected_subjects,isot_fake_48,meani,0.498,28,679
2026-01-26 21:16:19,meta-llama/Llama-3.1-8B,MMLU_selected_subjects,isot_fake_480,clean,0.529,28,792
2026-01-26 21:19:55,meta-llama/Llama-3.1-8B,MMLU_selected_subjects,isot_fake_480,meani,0.535,28,792
2026-01-26 21:23:44,meta-llama/Llama-3.1-8B,MMLU_selected_subjects,isot_fake_481,clean,0.537,28,441
2026-01-26 21:26:51,meta-llama/Llama-3.1-8B,MMLU_selected_subjects,isot_fake_481,meani,0.536,28,441
2026-01-26 21:30:27,meta-llama/Llama-3.1-8B,MMLU_selected_subjects,isot_fake_482,clean,0.553,28,570
2026-01-26 21:34:38,meta-llama/Llama-3.1-8B,MMLU_selected_subjects,isot_fake_482,meani,0.546,28,570
2026-01-26 21:38:42,meta-llama/Llama-3.1-8B,MMLU_selected_subjects,isot_fake_483,clean,0.531,28,593
2026-01-26 21:42:09,meta-llama/Llama-3.1-8B,MMLU_selected_subjects,isot_fake_483,meani,0.498,28,593
2026-01-26 21:45:58,meta-llama/Llama-3.1-8B,MMLU_selected_subjects,isot_fake_484,clean,0.522,28,209
2026-01-26 21:49:35,meta-llama/Llama-3.1-8B,MMLU_selected_subjects,isot_fake_484,meani,0.538,28,209
2026-01-26 21:53:33,meta-llama/Llama-3.1-8B,MMLU_selected_subjects,isot_fake_485,clean,0.527,28,271
2026-01-26 21:57:10,meta-llama/Llama-3.1-8B,MMLU_selected_subjects,isot_fake_485,meani,0.536,28,271
2026-01-26 22:00:52,meta-llama/Llama-3.1-8B,MMLU_selected_subjects,isot_fake_486,clean,0.519,28,219
2026-01-26 22:04:16,meta-llama/Llama-3.1-8B,MMLU_selected_subjects,isot_fake_486,meani,0.524,28,219
2026-01-26 22:06:56,meta-llama/Llama-3.1-8B,MMLU_selected_subjects,isot_fake_487,clean,0.53,28,529
2026-01-26 22:10:50,meta-llama/Llama-3.1-8B,MMLU_selected_subjects,isot_fake_487,meani,0.527,28,529
2026-01-26 22:13:33,meta-llama/Llama-3.1-8B,MMLU_selected_subjects,isot_fake_488,clean,0.52,28,541
2026-01-26 22:16:22,meta-llama/Llama-3.1-8B,MMLU_selected_subjects,isot_fake_488,meani,0.507,28,541
2026-01-26 22:19:53,meta-llama/Llama-3.1-8B,MMLU_selected_subjects,isot_fake_489,clean,0.525,28,432
2026-01-26 22:23:47,meta-llama/Llama-3.1-8B,MMLU_selected_subjects,isot_fake_489,meani,0.533,28,432
2026-01-26 22:27:58,meta-llama/Llama-3.1-8B,MMLU_selected_subjects,isot_fake_49,clean,0.503,28,586
2026-01-26 22:31:28,meta-llama/Llama-3.1-8B,MMLU_selected_subjects,isot_fake_49,meani,0.517,28,586
2026-01-26 22:35:21,meta-llama/Llama-3.1-8B,MMLU_selected_subjects,isot_fake_490,clean,0.491,28,307
2026-01-26 22:38:57,meta-llama/Llama-3.1-8B,MMLU_selected_subjects,isot_fake_490,meani,0.495,28,307
2026-01-26 22:42:44,meta-llama/Llama-3.1-8B,MMLU_selected_subjects,isot_fake_491,clean,0.505,28,259
2026-01-26 22:45:51,meta-llama/Llama-3.1-8B,MMLU_selected_subjects,isot_fake_491,meani,0.524,28,259
2026-01-26 22:49:43,meta-llama/Llama-3.1-8B,MMLU_selected_subjects,isot_fake_492,clean,0.539,28,234
2026-01-26 22:53:23,meta-llama/Llama-3.1-8B,MMLU_selected_subjects,isot_fake_492,meani,0.532,28,234
2026-01-26 22:57:24,meta-llama/Llama-3.1-8B,MMLU_selected_subjects,isot_fake_493,clean,0.484,28,311
2026-01-26 23:01:29,meta-llama/Llama-3.1-8B,MMLU_selected_subjects,isot_fake_493,meani,0.497,28,311
2026-01-26 23:05:07,meta-llama/Llama-3.1-8B,MMLU_selected_subjects,isot_fake_494,clean,0.535,28,393
2026-01-26 23:09:22,meta-llama/Llama-3.1-8B,MMLU_selected_subjects,isot_fake_494,meani,0.507,28,393
2026-01-26 23:13:44,meta-llama/Llama-3.1-8B,MMLU_selected_subjects,isot_fake_495,clean,0.507,28,379
2026-01-26 23:18:09,meta-llama/Llama-3.1-8B,MMLU_selected_subjects,isot_fake_495,meani,0.517,28,379
2026-01-26 23:20:56,meta-llama/Llama-3.1-8B,MMLU_selected_subjects,isot_fake_496,clean,0.532,28,205
2026-01-26 23:23:56,meta-llama/Llama-3.1-8B,MMLU_selected_subjects,isot_fake_496,meani,0.541,28,205
2026-01-26 23:28:12,meta-llama/Llama-3.1-8B,MMLU_selected_subjects,isot_fake_497,clean,0.521,28,235
2026-01-26 23:32:18,meta-llama/Llama-3.1-8B,MMLU_selected_subjects,isot_fake_497,meani,0.519,28,235
2026-01-26 23:35:01,meta-llama/Llama-3.1-8B,MMLU_selected_subjects,isot_fake_498,clean,0.518,28,549
2026-01-26 23:38:08,meta-llama/Llama-3.1-8B,MMLU_selected_subjects,isot_fake_498,meani,0.504,28,549
2026-01-26 23:42:35,meta-llama/Llama-3.1-8B,MMLU_selected_subjects,isot_fake_499,clean,0.525,28,628
2026-01-26 23:46:48,meta-llama/Llama-3.1-8B,MMLU_selected_subjects,isot_fake_499,meani,0.516,28,628
2026-01-26 23:50:59,meta-llama/Llama-3.1-8B,MMLU_selected_subjects,isot_fake_5,clean,0.529,28,222
2026-01-26 23:55:13,meta-llama/Llama-3.1-8B,MMLU_selected_subjects,isot_fake_5,meani,0.515,28,222
2026-01-26 23:58:20,meta-llama/Llama-3.1-8B,MMLU_selected_subjects,isot_fake_50,clean,0.531,28,203
2026-01-27 00:02:19,meta-llama/Llama-3.1-8B,MMLU_selected_subjects,isot_fake_50,meani,0.522,28,203
2026-01-27 00:05:36,meta-llama/Llama-3.1-8B,MMLU_selected_subjects,isot_fake_500,clean,0.539,28,790
2026-01-27 00:10:07,meta-llama/Llama-3.1-8B,MMLU_selected_subjects,isot_fake_500,meani,0.536,28,790
2026-01-27 00:13:34,meta-llama/Llama-3.1-8B,MMLU_selected_subjects,isot_fake_501,clean,0.525,28,786
2026-01-27 00:17:05,meta-llama/Llama-3.1-8B,MMLU_selected_subjects,isot_fake_501,meani,0.513,28,786
2026-01-27 00:20:12,meta-llama/Llama-3.1-8B,MMLU_selected_subjects,isot_fake_502,clean,0.521,28,671
2026-01-27 00:23:50,meta-llama/Llama-3.1-8B,MMLU_selected_subjects,isot_fake_502,meani,0.52,28,671
2026-01-27 00:27:21,meta-llama/Llama-3.1-8B,MMLU_selected_subjects,isot_fake_503,clean,0.531,28,335
2026-01-27 00:31:10,meta-llama/Llama-3.1-8B,MMLU_selected_subjects,isot_fake_503,meani,0.538,28,335
2026-01-27 00:35:18,meta-llama/Llama-3.1-8B,MMLU_selected_subjects,isot_fake_504,clean,0.513,28,357
2026-01-27 00:39:28,meta-llama/Llama-3.1-8B,MMLU_selected_subjects,isot_fake_504,meani,0.503,28,357
2026-01-27 00:43:21,meta-llama/Llama-3.1-8B,MMLU_selected_subjects,isot_fake_505,clean,0.53,28,730
2026-01-27 00:47:36,meta-llama/Llama-3.1-8B,MMLU_selected_subjects,isot_fake_505,meani,0.534,28,730
2026-01-27 00:50:20,meta-llama/Llama-3.1-8B,MMLU_selected_subjects,isot_fake_506,clean,0.495,28,667
2026-01-27 00:54:02,meta-llama/Llama-3.1-8B,MMLU_selected_subjects,isot_fake_506,meani,0.519,28,667
2026-01-27 00:58:03,meta-llama/Llama-3.1-8B,MMLU_selected_subjects,isot_fake_507,clean,0.517,28,438
2026-01-27 01:01:06,meta-llama/Llama-3.1-8B,MMLU_selected_subjects,isot_fake_507,meani,0.525,28,438
2026-01-27 01:03:48,meta-llama/Llama-3.1-8B,MMLU_selected_subjects,isot_fake_508,clean,0.51,28,398
2026-01-27 01:06:55,meta-llama/Llama-3.1-8B,MMLU_selected_subjects,isot_fake_508,meani,0.513,28,398
2026-01-27 01:11:15,meta-llama/Llama-3.1-8B,MMLU_selected_subjects,isot_fake_509,clean,0.531,28,593
2026-01-27 01:15:20,meta-llama/Llama-3.1-8B,MMLU_selected_subjects,isot_fake_509,meani,0.521,28,593
2026-01-27 01:19:52,meta-llama/Llama-3.1-8B,MMLU_selected_subjects,isot_fake_51,clean,0.53,28,644
2026-01-27 01:23:46,meta-llama/Llama-3.1-8B,MMLU_selected_subjects,isot_fake_51,meani,0.528,28,644
2026-01-27 01:28:07,meta-llama/Llama-3.1-8B,MMLU_selected_subjects,isot_fake_510,clean,0.53,28,519
2026-01-27 01:32:20,meta-llama/Llama-3.1-8B,MMLU_selected_subjects,isot_fake_510,meani,0.535,28,519
2026-01-27 01:36:33,meta-llama/Llama-3.1-8B,MMLU_selected_subjects,isot_fake_511,clean,0.518,28,405
2026-01-27 01:40:19,meta-llama/Llama-3.1-8B,MMLU_selected_subjects,isot_fake_511,meani,0.531,28,405
2026-01-27 01:43:37,meta-llama/Llama-3.1-8B,MMLU_selected_subjects,isot_fake_512,clean,0.513,28,401
2026-01-27 01:46:34,meta-llama/Llama-3.1-8B,MMLU_selected_subjects,isot_fake_512,meani,0.52,28,401
2026-01-27 01:50:29,meta-llama/Llama-3.1-8B,MMLU_selected_subjects,isot_fake_513,clean,0.537,28,325
2026-01-27 01:53:44,meta-llama/Llama-3.1-8B,MMLU_selected_subjects,isot_fake_513,meani,0.524,28,325
2026-01-27 01:57:30,meta-llama/Llama-3.1-8B,MMLU_selected_subjects,isot_fake_514,clean,0.517,28,539
2026-01-27 02:01:49,meta-llama/Llama-3.1-8B,MMLU_selected_subjects,isot_fake_514,meani,0.504,28,539
2026-01-27 02:05:25,meta-llama/Llama-3.1-8B,MMLU_selected_subjects,isot_fake_515,clean,0.534,28,263
2026-01-27 02:09:05,meta-llama/Llama-3.1-8B,MMLU_selected_subjects,isot_fake_515,meani,0.533,28,263
2026-01-27 02:13:09,meta-llama/Llama-3.1-8B,MMLU_selected_subjects,isot_fake_516,clean,0.546,28,207
2026-01-27 02:17:30,meta-llama/Llama-3.1-8B,MMLU_selected_subjects,isot_fake_516,meani,0.534,28,207
2026-01-27 02:21:18,meta-llama/Llama-3.1-8B,MMLU_selected_subjects,isot_fake_517,clean,0.469,28,592
2026-01-27 02:24:49,meta-llama/Llama-3.1-8B,MMLU_selected_subjects,isot_fake_517,meani,0.515,28,592
2026-01-27 02:28:13,meta-llama/Llama-3.1-8B,MMLU_selected_subjects,isot_fake_518,clean,0.528,28,394
2026-01-27 02:31:18,meta-llama/Llama-3.1-8B,MMLU_selected_subjects,isot_fake_518,meani,0.515,28,394
2026-01-27 02:35:15,meta-llama/Llama-3.1-8B,MMLU_selected_subjects,isot_fake_519,clean,0.546,28,515
2026-01-27 02:39:00,meta-llama/Llama-3.1-8B,MMLU_selected_subjects,isot_fake_519,meani,0.508,28,515
2026-01-27 02:42:10,meta-llama/Llama-3.1-8B,MMLU_selected_subjects,isot_fake_52,clean,0.523,28,384
2026-01-27 02:44:43,meta-llama/Llama-3.1-8B,MMLU_selected_subjects,isot_fake_52,meani,0.495,28,384
2026-01-27 02:49:10,meta-llama/Llama-3.1-8B,MMLU_selected_subjects,isot_fake_520,clean,0.528,28,408
2026-01-27 02:53:40,meta-llama/Llama-3.1-8B,MMLU_selected_subjects,isot_fake_520,meani,0.49,28,408
2026-01-27 02:56:38,meta-llama/Llama-3.1-8B,MMLU_selected_subjects,isot_fake_521,clean,0.524,28,797
2026-01-27 03:00:50,meta-llama/Llama-3.1-8B,MMLU_selected_subjects,isot_fake_521,meani,0.521,28,797
2026-01-27 03:04:17,meta-llama/Llama-3.1-8B,MMLU_selected_subjects,isot_fake_522,clean,0.513,28,315
2026-01-27 03:08:00,meta-llama/Llama-3.1-8B,MMLU_selected_subjects,isot_fake_522,meani,0.529,28,315
2026-01-27 03:12:16,meta-llama/Llama-3.1-8B,MMLU_selected_subjects,isot_fake_523,clean,0.535,28,414
2026-01-27 03:15:36,meta-llama/Llama-3.1-8B,MMLU_selected_subjects,isot_fake_523,meani,0.523,28,414
2026-01-27 03:19:09,meta-llama/Llama-3.1-8B,MMLU_selected_subjects,isot_fake_524,clean,0.533,28,217
2026-01-27 03:22:04,meta-llama/Llama-3.1-8B,MMLU_selected_subjects,isot_fake_524,meani,0.528,28,217
2026-01-27 03:25:03,meta-llama/Llama-3.1-8B,MMLU_selected_subjects,isot_fake_525,clean,0.516,28,755
2026-01-27 03:29:03,meta-llama/Llama-3.1-8B,MMLU_selected_subjects,isot_fake_525,meani,0.496,28,755
2026-01-27 03:33:27,meta-llama/Llama-3.1-8B,MMLU_selected_subjects,isot_fake_526,clean,0.527,28,262
2026-01-27 03:37:40,meta-llama/Llama-3.1-8B,MMLU_selected_subjects,isot_fake_526,meani,0.524,28,262
2026-01-27 03:42:02,meta-llama/Llama-3.1-8B,MMLU_selected_subjects,isot_fake_527,clean,0.524,28,515
2026-01-27 03:46:28,meta-llama/Llama-3.1-8B,MMLU_selected_subjects,isot_fake_527,meani,0.512,28,515
2026-01-27 03:50:34,meta-llama/Llama-3.1-8B,MMLU_selected_subjects,isot_fake_528,clean,0.526,28,241
2026-01-27 03:54:51,meta-llama/Llama-3.1-8B,MMLU_selected_subjects,isot_fake_528,meani,0.516,28,241
2026-01-27 03:58:53,meta-llama/Llama-3.1-8B,MMLU_selected_subjects,isot_fake_529,clean,0.517,28,438
2026-01-27 04:02:50,meta-llama/Llama-3.1-8B,MMLU_selected_subjects,isot_fake_529,meani,0.516,28,438
2026-01-27 04:07:16,meta-llama/Llama-3.1-8B,MMLU_selected_subjects,isot_fake_53,clean,0.523,28,477
2026-01-27 04:11:08,meta-llama/Llama-3.1-8B,MMLU_selected_subjects,isot_fake_53,meani,0.509,28,477
2026-01-27 04:15:33,meta-llama/Llama-3.1-8B,MMLU_selected_subjects,isot_fake_530,clean,0.516,28,536
2026-01-27 04:19:47,meta-llama/Llama-3.1-8B,MMLU_selected_subjects,isot_fake_530,meani,0.507,28,536
2026-01-27 04:23:08,meta-llama/Llama-3.1-8B,MMLU_selected_subjects,isot_fake_531,clean,0.528,28,340
2026-01-27 04:27:31,meta-llama/Llama-3.1-8B,MMLU_selected_subjects,isot_fake_531,meani,0.519,28,340
2026-01-27 04:31:24,meta-llama/Llama-3.1-8B,MMLU_selected_subjects,isot_fake_532,clean,0.532,28,299
2026-01-27 04:35:20,meta-llama/Llama-3.1-8B,MMLU_selected_subjects,isot_fake_532,meani,0.516,28,299
2026-01-27 04:39:20,meta-llama/Llama-3.1-8B,MMLU_selected_subjects,isot_fake_533,clean,0.491,28,748
2026-01-27 04:43:57,meta-llama/Llama-3.1-8B,MMLU_selected_subjects,isot_fake_533,meani,0.517,28,748
2026-01-27 04:46:48,meta-llama/Llama-3.1-8B,MMLU_selected_subjects,isot_fake_534,clean,0.533,28,327
2026-01-27 04:49:30,meta-llama/Llama-3.1-8B,MMLU_selected_subjects,isot_fake_534,meani,0.52,28,327
2026-01-27 04:53:35,meta-llama/Llama-3.1-8B,MMLU_selected_subjects,isot_fake_535,clean,0.529,28,352
2026-01-27 04:57:02,meta-llama/Llama-3.1-8B,MMLU_selected_subjects,isot_fake_535,meani,0.521,28,352
2026-01-27 05:01:35,meta-llama/Llama-3.1-8B,MMLU_selected_subjects,isot_fake_536,clean,0.494,28,795
2026-01-27 05:04:43,meta-llama/Llama-3.1-8B,MMLU_selected_subjects,isot_fake_536,meani,0.507,28,795
2026-01-27 05:08:51,meta-llama/Llama-3.1-8B,MMLU_selected_subjects,isot_fake_537,clean,0.535,28,259
2026-01-27 05:12:37,meta-llama/Llama-3.1-8B,MMLU_selected_subjects,isot_fake_537,meani,0.531,28,259
2026-01-27 05:16:46,meta-llama/Llama-3.1-8B,MMLU_selected_subjects,isot_fake_538,clean,0.529,28,222
2026-01-27 05:19:59,meta-llama/Llama-3.1-8B,MMLU_selected_subjects,isot_fake_538,meani,0.535,28,222
2026-01-27 05:24:21,meta-llama/Llama-3.1-8B,MMLU_selected_subjects,isot_fake_539,clean,0.494,28,621
2026-01-27 05:28:54,meta-llama/Llama-3.1-8B,MMLU_selected_subjects,isot_fake_539,meani,0.517,28,621
2026-01-27 05:32:15,meta-llama/Llama-3.1-8B,MMLU_selected_subjects,isot_fake_54,clean,0.516,28,256
2026-01-27 05:34:54,meta-llama/Llama-3.1-8B,MMLU_selected_subjects,isot_fake_54,meani,0.526,28,256
2026-01-27 05:38:20,meta-llama/Llama-3.1-8B,MMLU_selected_subjects,isot_fake_540,clean,0.528,28,226
2026-01-27 05:42:12,meta-llama/Llama-3.1-8B,MMLU_selected_subjects,isot_fake_540,meani,0.521,28,226
2026-01-27 05:46:00,meta-llama/Llama-3.1-8B,MMLU_selected_subjects,isot_fake_541,clean,0.514,28,291
2026-01-27 05:49:29,meta-llama/Llama-3.1-8B,MMLU_selected_subjects,isot_fake_541,meani,0.53,28,291
2026-01-27 05:52:45,meta-llama/Llama-3.1-8B,MMLU_selected_subjects,isot_fake_542,clean,0.538,28,592
2026-01-27 05:55:42,meta-llama/Llama-3.1-8B,MMLU_selected_subjects,isot_fake_542,meani,0.536,28,592
2026-01-27 05:58:56,meta-llama/Llama-3.1-8B,MMLU_selected_subjects,isot_fake_543,clean,0.518,28,585
2026-01-27 06:02:28,meta-llama/Llama-3.1-8B,MMLU_selected_subjects,isot_fake_543,meani,0.509,28,585
2026-01-27 06:06:32,meta-llama/Llama-3.1-8B,MMLU_selected_subjects,isot_fake_544,clean,0.518,28,231
2026-01-27 06:09:55,meta-llama/Llama-3.1-8B,MMLU_selected_subjects,isot_fake_544,meani,0.523,28,231
2026-01-27 06:14:08,meta-llama/Llama-3.1-8B,MMLU_selected_subjects,isot_fake_545,clean,0.514,28,511
2026-01-27 06:17:25,meta-llama/Llama-3.1-8B,MMLU_selected_subjects,isot_fake_545,meani,0.504,28,511
2026-01-27 06:20:15,meta-llama/Llama-3.1-8B,MMLU_selected_subjects,isot_fake_546,clean,0.523,28,716
2026-01-27 06:23:25,meta-llama/Llama-3.1-8B,MMLU_selected_subjects,isot_fake_546,meani,0.51,28,716
2026-01-27 06:26:20,meta-llama/Llama-3.1-8B,MMLU_selected_subjects,isot_fake_547,clean,0.52,28,792
2026-01-27 06:30:01,meta-llama/Llama-3.1-8B,MMLU_selected_subjects,isot_fake_547,meani,0.518,28,792
2026-01-27 06:32:50,meta-llama/Llama-3.1-8B,MMLU_selected_subjects,isot_fake_548,clean,0.53,28,689
2026-01-27 06:36:58,meta-llama/Llama-3.1-8B,MMLU_selected_subjects,isot_fake_548,meani,0.522,28,689
2026-01-27 06:41:04,meta-llama/Llama-3.1-8B,MMLU_selected_subjects,isot_fake_549,clean,0.532,28,640
2026-01-27 06:45:04,meta-llama/Llama-3.1-8B,MMLU_selected_subjects,isot_fake_549,meani,0.525,28,640
2026-01-27 06:49:04,meta-llama/Llama-3.1-8B,MMLU_selected_subjects,isot_fake_55,clean,0.528,28,283
2026-01-27 06:52:10,meta-llama/Llama-3.1-8B,MMLU_selected_subjects,isot_fake_55,meani,0.519,28,283
2026-01-27 06:56:00,meta-llama/Llama-3.1-8B,MMLU_selected_subjects,isot_fake_550,clean,0.533,28,311
2026-01-27 06:59:45,meta-llama/Llama-3.1-8B,MMLU_selected_subjects,isot_fake_550,meani,0.526,28,311
2026-01-27 07:03:26,meta-llama/Llama-3.1-8B,MMLU_selected_subjects,isot_fake_551,clean,0.481,28,718
2026-01-27 07:06:59,meta-llama/Llama-3.1-8B,MMLU_selected_subjects,isot_fake_551,meani,0.518,28,718
2026-01-27 07:10:34,meta-llama/Llama-3.1-8B,MMLU_selected_subjects,isot_fake_552,clean,0.524,28,778
2026-01-27 07:13:47,meta-llama/Llama-3.1-8B,MMLU_selected_subjects,isot_fake_552,meani,0.515,28,778
2026-01-27 07:17:40,meta-llama/Llama-3.1-8B,MMLU_selected_subjects,isot_fake_553,clean,0.531,28,222
2026-01-27 07:21:13,meta-llama/Llama-3.1-8B,MMLU_selected_subjects,isot_fake_553,meani,0.502,28,222
2026-01-27 07:24:31,meta-llama/Llama-3.1-8B,MMLU_selected_subjects,isot_fake_554,clean,0.489,28,752
2026-01-27 07:27:40,meta-llama/Llama-3.1-8B,MMLU_selected_subjects,isot_fake_554,meani,0.486,28,752
2026-01-27 07:31:41,meta-llama/Llama-3.1-8B,MMLU_selected_subjects,isot_fake_555,clean,0.523,28,284
2026-01-27 07:35:40,meta-llama/Llama-3.1-8B,MMLU_selected_subjects,isot_fake_555,meani,0.506,28,284
2026-01-27 07:38:51,meta-llama/Llama-3.1-8B,MMLU_selected_subjects,isot_fake_556,clean,0.513,28,752
2026-01-27 07:42:16,meta-llama/Llama-3.1-8B,MMLU_selected_subjects,isot_fake_556,meani,0.515,28,752
2026-01-27 07:44:55,meta-llama/Llama-3.1-8B,MMLU_selected_subjects,isot_fake_557,clean,0.53,28,689
2026-01-27 07:47:49,meta-llama/Llama-3.1-8B,MMLU_selected_subjects,isot_fake_557,meani,0.504,28,689
2026-01-27 07:51:41,meta-llama/Llama-3.1-8B,MMLU_selected_subjects,isot_fake_558,clean,0.537,28,250
2026-01-27 07:55:19,meta-llama/Llama-3.1-8B,MMLU_selected_subjects,isot_fake_558,meani,0.537,28,250
2026-01-27 07:59:07,meta-llama/Llama-3.1-8B,MMLU_selected_subjects,isot_fake_559,clean,0.507,28,205
2026-01-27 08:02:21,meta-llama/Llama-3.1-8B,MMLU_selected_subjects,isot_fake_559,meani,0.511,28,205
2026-01-27 08:05:46,meta-llama/Llama-3.1-8B,MMLU_selected_subjects,isot_fake_56,clean,0.506,28,587
2026-01-27 08:09:35,meta-llama/Llama-3.1-8B,MMLU_selected_subjects,isot_fake_56,meani,0.507,28,587
2026-01-27 08:13:02,meta-llama/Llama-3.1-8B,MMLU_selected_subjects,isot_fake_560,clean,0.532,28,586
2026-01-27 08:16:50,meta-llama/Llama-3.1-8B,MMLU_selected_subjects,isot_fake_560,meani,0.533,28,586
2026-01-27 08:19:51,meta-llama/Llama-3.1-8B,MMLU_selected_subjects,isot_fake_561,clean,0.528,28,382
2026-01-27 08:23:17,meta-llama/Llama-3.1-8B,MMLU_selected_subjects,isot_fake_561,meani,0.535,28,382
2026-01-27 08:26:54,meta-llama/Llama-3.1-8B,MMLU_selected_subjects,isot_fake_562,clean,0.521,28,730
2026-01-27 08:30:59,meta-llama/Llama-3.1-8B,MMLU_selected_subjects,isot_fake_562,meani,0.529,28,730
2026-01-27 08:33:30,meta-llama/Llama-3.1-8B,MMLU_selected_subjects,isot_fake_563,clean,0.504,28,564
2026-01-27 08:36:57,meta-llama/Llama-3.1-8B,MMLU_selected_subjects,isot_fake_563,meani,0.526,28,564
2026-01-27 08:40:21,meta-llama/Llama-3.1-8B,MMLU_selected_subjects,isot_fake_564,clean,0.519,28,675
2026-01-27 08:44:08,meta-llama/Llama-3.1-8B,MMLU_selected_subjects,isot_fake_564,meani,0.522,28,675
2026-01-27 08:46:41,meta-llama/Llama-3.1-8B,MMLU_selected_subjects,isot_fake_565,clean,0.476,28,418
2026-01-27 08:49:08,meta-llama/Llama-3.1-8B,MMLU_selected_subjects,isot_fake_565,meani,0.515,28,418
2026-01-27 08:51:35,meta-llama/Llama-3.1-8B,MMLU_selected_subjects,isot_fake_566,clean,0.541,28,231
2026-01-27 08:54:03,meta-llama/Llama-3.1-8B,MMLU_selected_subjects,isot_fake_566,meani,0.531,28,231
2026-01-27 08:57:25,meta-llama/Llama-3.1-8B,MMLU_selected_subjects,isot_fake_567,clean,0.515,28,752
2026-01-27 09:01:00,meta-llama/Llama-3.1-8B,MMLU_selected_subjects,isot_fake_567,meani,0.517,28,752
2026-01-27 09:03:49,meta-llama/Llama-3.1-8B,MMLU_selected_subjects,isot_fake_568,clean,0.519,28,758
2026-01-27 09:07:52,meta-llama/Llama-3.1-8B,MMLU_selected_subjects,isot_fake_568,meani,0.526,28,758
2026-01-27 09:11:06,meta-llama/Llama-3.1-8B,MMLU_selected_subjects,isot_fake_569,clean,0.527,28,648
2026-01-27 09:14:58,meta-llama/Llama-3.1-8B,MMLU_selected_subjects,isot_fake_569,meani,0.512,28,648
2026-01-27 09:18:55,meta-llama/Llama-3.1-8B,MMLU_selected_subjects,isot_fake_57,clean,0.51,28,293
2026-01-27 09:22:39,meta-llama/Llama-3.1-8B,MMLU_selected_subjects,isot_fake_57,meani,0.508,28,293
2026-01-27 09:26:16,meta-llama/Llama-3.1-8B,MMLU_selected_subjects,isot_fake_570,clean,0.52,28,230
2026-01-27 09:29:56,meta-llama/Llama-3.1-8B,MMLU_selected_subjects,isot_fake_570,meani,0.532,28,230
2026-01-27 09:33:50,meta-llama/Llama-3.1-8B,MMLU_selected_subjects,isot_fake_571,clean,0.517,28,279
2026-01-27 09:37:24,meta-llama/Llama-3.1-8B,MMLU_selected_subjects,isot_fake_571,meani,0.528,28,279
2026-01-27 09:41:11,meta-llama/Llama-3.1-8B,MMLU_selected_subjects,isot_fake_572,clean,0.522,28,501
2026-01-27 09:44:35,meta-llama/Llama-3.1-8B,MMLU_selected_subjects,isot_fake_572,meani,0.528,28,501
2026-01-27 09:48:23,meta-llama/Llama-3.1-8B,MMLU_selected_subjects,isot_fake_573,clean,0.524,28,780
2026-01-27 09:52:48,meta-llama/Llama-3.1-8B,MMLU_selected_subjects,isot_fake_573,meani,0.519,28,780
2026-01-27 09:55:30,meta-llama/Llama-3.1-8B,MMLU_selected_subjects,isot_fake_574,clean,0.524,28,714
2026-01-27 09:58:41,meta-llama/Llama-3.1-8B,MMLU_selected_subjects,isot_fake_574,meani,0.544,28,714
2026-01-27 10:01:55,meta-llama/Llama-3.1-8B,MMLU_selected_subjects,isot_fake_575,clean,0.542,28,208
2026-01-27 10:05:13,meta-llama/Llama-3.1-8B,MMLU_selected_subjects,isot_fake_575,meani,0.544,28,208
2026-01-27 10:09:02,meta-llama/Llama-3.1-8B,MMLU_selected_subjects,isot_fake_576,clean,0.531,28,233
2026-01-27 10:12:57,meta-llama/Llama-3.1-8B,MMLU_selected_subjects,isot_fake_576,meani,0.552,28,233
2026-01-27 10:17:00,meta-llama/Llama-3.1-8B,MMLU_selected_subjects,isot_fake_577,clean,0.526,28,738
2026-01-27 10:20:37,meta-llama/Llama-3.1-8B,MMLU_selected_subjects,isot_fake_577,meani,0.496,28,738
2026-01-27 10:23:29,meta-llama/Llama-3.1-8B,MMLU_selected_subjects,isot_fake_578,clean,0.545,28,300
2026-01-27 10:26:57,meta-llama/Llama-3.1-8B,MMLU_selected_subjects,isot_fake_578,meani,0.525,28,300
2026-01-27 10:30:50,meta-llama/Llama-3.1-8B,MMLU_selected_subjects,isot_fake_579,clean,0.518,28,642
2026-01-27 10:33:41,meta-llama/Llama-3.1-8B,MMLU_selected_subjects,isot_fake_579,meani,0.534,28,642
2026-01-27 10:37:33,meta-llama/Llama-3.1-8B,MMLU_selected_subjects,isot_fake_58,clean,0.526,28,299
2026-01-27 10:40:30,meta-llama/Llama-3.1-8B,MMLU_selected_subjects,isot_fake_58,meani,0.524,28,299
2026-01-27 10:43:47,meta-llama/Llama-3.1-8B,MMLU_selected_subjects,isot_fake_580,clean,0.527,28,636
2026-01-27 10:47:43,meta-llama/Llama-3.1-8B,MMLU_selected_subjects,isot_fake_580,meani,0.519,28,636
2026-01-27 10:51:30,meta-llama/Llama-3.1-8B,MMLU_selected_subjects,isot_fake_581,clean,0.503,28,221
2026-01-27 10:55:15,meta-llama/Llama-3.1-8B,MMLU_selected_subjects,isot_fake_581,meani,0.506,28,221
2026-01-27 10:59:30,meta-llama/Llama-3.1-8B,MMLU_selected_subjects,isot_fake_582,clean,0.525,28,776
2026-01-27 11:03:32,meta-llama/Llama-3.1-8B,MMLU_selected_subjects,isot_fake_582,meani,0.523,28,776
2026-01-27 11:07:05,meta-llama/Llama-3.1-8B,MMLU_selected_subjects,isot_fake_583,clean,0.518,28,791
2026-01-27 11:10:57,meta-llama/Llama-3.1-8B,MMLU_selected_subjects,isot_fake_583,meani,0.522,28,791
2026-01-27 11:14:42,meta-llama/Llama-3.1-8B,MMLU_selected_subjects,isot_fake_584,clean,0.527,28,208
2026-01-27 11:18:21,meta-llama/Llama-3.1-8B,MMLU_selected_subjects,isot_fake_584,meani,0.526,28,208
2026-01-27 11:22:11,meta-llama/Llama-3.1-8B,MMLU_selected_subjects,isot_fake_585,clean,0.495,28,377
2026-01-27 11:26:06,meta-llama/Llama-3.1-8B,MMLU_selected_subjects,isot_fake_585,meani,0.511,28,377
2026-01-27 11:29:30,meta-llama/Llama-3.1-8B,MMLU_selected_subjects,isot_fake_586,clean,0.52,28,334
2026-01-27 11:32:35,meta-llama/Llama-3.1-8B,MMLU_selected_subjects,isot_fake_586,meani,0.509,28,334
2026-01-27 11:36:31,meta-llama/Llama-3.1-8B,MMLU_selected_subjects,isot_fake_587,clean,0.526,28,209
2026-01-27 11:40:24,meta-llama/Llama-3.1-8B,MMLU_selected_subjects,isot_fake_587,meani,0.521,28,209
2026-01-27 11:44:31,meta-llama/Llama-3.1-8B,MMLU_selected_subjects,isot_fake_588,clean,0.483,28,740
2026-01-27 11:48:23,meta-llama/Llama-3.1-8B,MMLU_selected_subjects,isot_fake_588,meani,0.539,28,740
2026-01-27 11:51:24,meta-llama/Llama-3.1-8B,MMLU_selected_subjects,isot_fake_589,clean,0.528,28,382
2026-01-27 11:55:04,meta-llama/Llama-3.1-8B,MMLU_selected_subjects,isot_fake_589,meani,0.532,28,382
2026-01-27 11:58:46,meta-llama/Llama-3.1-8B,MMLU_selected_subjects,isot_fake_59,clean,0.52,28,387
2026-01-27 12:02:23,meta-llama/Llama-3.1-8B,MMLU_selected_subjects,isot_fake_59,meani,0.508,28,387
2026-01-27 12:05:22,meta-llama/Llama-3.1-8B,MMLU_selected_subjects,isot_fake_590,clean,0.53,28,367
2026-01-27 12:08:40,meta-llama/Llama-3.1-8B,MMLU_selected_subjects,isot_fake_590,meani,0.546,28,367
2026-01-27 12:11:35,meta-llama/Llama-3.1-8B,MMLU_selected_subjects,isot_fake_591,clean,0.514,28,669
2026-01-27 12:15:45,meta-llama/Llama-3.1-8B,MMLU_selected_subjects,isot_fake_591,meani,0.517,28,669
2026-01-27 12:19:24,meta-llama/Llama-3.1-8B,MMLU_selected_subjects,isot_fake_592,clean,0.491,28,691
2026-01-27 12:22:36,meta-llama/Llama-3.1-8B,MMLU_selected_subjects,isot_fake_592,meani,0.518,28,691
2026-01-27 12:26:25,meta-llama/Llama-3.1-8B,MMLU_selected_subjects,isot_fake_593,clean,0.503,28,696
2026-01-27 12:30:41,meta-llama/Llama-3.1-8B,MMLU_selected_subjects,isot_fake_593,meani,0.502,28,696
2026-01-27 12:34:34,meta-llama/Llama-3.1-8B,MMLU_selected_subjects,isot_fake_594,clean,0.518,28,405
2026-01-27 12:37:52,meta-llama/Llama-3.1-8B,MMLU_selected_subjects,isot_fake_594,meani,0.523,28,405
2026-01-27 12:40:19,meta-llama/Llama-3.1-8B,MMLU_selected_subjects,isot_fake_595,clean,0.516,28,497
2026-01-27 12:42:50,meta-llama/Llama-3.1-8B,MMLU_selected_subjects,isot_fake_595,meani,0.525,28,497
2026-01-27 12:45:28,meta-llama/Llama-3.1-8B,MMLU_selected_subjects,isot_fake_596,clean,0.521,28,597
2026-01-27 12:48:07,meta-llama/Llama-3.1-8B,MMLU_selected_subjects,isot_fake_596,meani,0.505,28,597
2026-01-27 12:51:37,meta-llama/Llama-3.1-8B,MMLU_selected_subjects,isot_fake_597,clean,0.541,28,223
2026-01-27 12:54:55,meta-llama/Llama-3.1-8B,MMLU_selected_subjects,isot_fake_597,meani,0.536,28,223
2026-01-27 12:57:52,meta-llama/Llama-3.1-8B,MMLU_selected_subjects,isot_fake_598,clean,0.511,28,651
2026-01-27 13:00:56,meta-llama/Llama-3.1-8B,MMLU_selected_subjects,isot_fake_598,meani,0.54,28,651
2026-01-27 13:04:13,meta-llama/Llama-3.1-8B,MMLU_selected_subjects,isot_fake_599,clean,0.525,28,473
2026-01-27 13:06:43,meta-llama/Llama-3.1-8B,MMLU_selected_subjects,isot_fake_599,meani,0.502,28,473
2026-01-27 13:09:45,meta-llama/Llama-3.1-8B,MMLU_selected_subjects,isot_fake_6,clean,0.539,28,325
2026-01-27 13:13:12,meta-llama/Llama-3.1-8B,MMLU_selected_subjects,isot_fake_6,meani,0.528,28,325
2026-01-27 13:16:29,meta-llama/Llama-3.1-8B,MMLU_selected_subjects,isot_fake_60,clean,0.498,28,204
2026-01-27 13:19:58,meta-llama/Llama-3.1-8B,MMLU_selected_subjects,isot_fake_60,meani,0.523,28,204
2026-01-27 13:23:19,meta-llama/Llama-3.1-8B,MMLU_selected_subjects,isot_fake_600,clean,0.536,28,479
2026-01-27 13:26:16,meta-llama/Llama-3.1-8B,MMLU_selected_subjects,isot_fake_600,meani,0.508,28,479
2026-01-27 13:29:44,meta-llama/Llama-3.1-8B,MMLU_selected_subjects,isot_fake_601,clean,0.463,28,742
2026-01-27 13:33:48,meta-llama/Llama-3.1-8B,MMLU_selected_subjects,isot_fake_601,meani,0.503,28,742
2026-01-27 13:37:25,meta-llama/Llama-3.1-8B,MMLU_selected_subjects,isot_fake_602,clean,0.533,28,398
2026-01-27 13:41:01,meta-llama/Llama-3.1-8B,MMLU_selected_subjects,isot_fake_602,meani,0.515,28,398
2026-01-27 13:44:37,meta-llama/Llama-3.1-8B,MMLU_selected_subjects,isot_fake_603,clean,0.516,28,785
2026-01-27 13:48:46,meta-llama/Llama-3.1-8B,MMLU_selected_subjects,isot_fake_603,meani,0.509,28,785
2026-01-27 13:52:52,meta-llama/Llama-3.1-8B,MMLU_selected_subjects,isot_fake_604,clean,0.528,28,615
2026-01-27 13:56:13,meta-llama/Llama-3.1-8B,MMLU_selected_subjects,isot_fake_604,meani,0.523,28,615
2026-01-27 14:00:22,meta-llama/Llama-3.1-8B,MMLU_selected_subjects,isot_fake_605,clean,0.529,28,662
2026-01-27 14:03:34,meta-llama/Llama-3.1-8B,MMLU_selected_subjects,isot_fake_605,meani,0.519,28,662
2026-01-27 14:06:45,meta-llama/Llama-3.1-8B,MMLU_selected_subjects,isot_fake_606,clean,0.541,28,254
2026-01-27 14:10:01,meta-llama/Llama-3.1-8B,MMLU_selected_subjects,isot_fake_606,meani,0.533,28,254
2026-01-27 14:13:18,meta-llama/Llama-3.1-8B,MMLU_selected_subjects,isot_fake_607,clean,0.518,28,782
2026-01-27 14:17:31,meta-llama/Llama-3.1-8B,MMLU_selected_subjects,isot_fake_607,meani,0.532,28,782
2026-01-27 14:20:59,meta-llama/Llama-3.1-8B,MMLU_selected_subjects,isot_fake_608,clean,0.463,28,742
2026-01-27 14:24:28,meta-llama/Llama-3.1-8B,MMLU_selected_subjects,isot_fake_608,meani,0.514,28,742
2026-01-27 14:28:14,meta-llama/Llama-3.1-8B,MMLU_selected_subjects,isot_fake_609,clean,0.533,28,555
2026-01-27 14:32:07,meta-llama/Llama-3.1-8B,MMLU_selected_subjects,isot_fake_609,meani,0.531,28,555
2026-01-27 14:36:08,meta-llama/Llama-3.1-8B,MMLU_selected_subjects,isot_fake_61,clean,0.507,28,624
2026-01-27 14:39:25,meta-llama/Llama-3.1-8B,MMLU_selected_subjects,isot_fake_61,meani,0.517,28,624
2026-01-27 14:43:02,meta-llama/Llama-3.1-8B,MMLU_selected_subjects,isot_fake_610,clean,0.514,28,357
2026-01-27 14:46:22,meta-llama/Llama-3.1-8B,MMLU_selected_subjects,isot_fake_610,meani,0.518,28,357
2026-01-27 14:50:50,meta-llama/Llama-3.1-8B,MMLU_selected_subjects,isot_fake_611,clean,0.524,28,699
2026-01-27 14:54:33,meta-llama/Llama-3.1-8B,MMLU_selected_subjects,isot_fake_611,meani,0.523,28,699
2026-01-27 14:58:39,meta-llama/Llama-3.1-8B,MMLU_selected_subjects,isot_fake_612,clean,0.529,28,346
2026-01-27 15:02:46,meta-llama/Llama-3.1-8B,MMLU_selected_subjects,isot_fake_612,meani,0.516,28,346
2026-01-27 15:06:56,meta-llama/Llama-3.1-8B,MMLU_selected_subjects,isot_fake_613,clean,0.519,28,623
2026-01-27 15:11:08,meta-llama/Llama-3.1-8B,MMLU_selected_subjects,isot_fake_613,meani,0.523,28,623
2026-01-27 15:14:38,meta-llama/Llama-3.1-8B,MMLU_selected_subjects,isot_fake_614,clean,0.536,28,399
2026-01-27 15:18:04,meta-llama/Llama-3.1-8B,MMLU_selected_subjects,isot_fake_614,meani,0.536,28,399
2026-01-27 15:22:04,meta-llama/Llama-3.1-8B,MMLU_selected_subjects,isot_fake_615,clean,0.54,28,423
2026-01-27 15:25:32,meta-llama/Llama-3.1-8B,MMLU_selected_subjects,isot_fake_615,meani,0.528,28,423
2026-01-27 15:28:43,meta-llama/Llama-3.1-8B,MMLU_selected_subjects,isot_fake_616,clean,0.527,28,654
2026-01-27 15:32:39,meta-llama/Llama-3.1-8B,MMLU_selected_subjects,isot_fake_616,meani,0.532,28,654
2026-01-27 15:36:00,meta-llama/Llama-3.1-8B,MMLU_selected_subjects,isot_fake_617,clean,0.544,28,328
2026-01-27 15:39:07,meta-llama/Llama-3.1-8B,MMLU_selected_subjects,isot_fake_617,meani,0.525,28,328
2026-01-27 15:42:35,meta-llama/Llama-3.1-8B,MMLU_selected_subjects,isot_fake_618,clean,0.532,28,714
2026-01-27 15:46:47,meta-llama/Llama-3.1-8B,MMLU_selected_subjects,isot_fake_618,meani,0.525,28,714
2026-01-27 15:49:15,meta-llama/Llama-3.1-8B,MMLU_selected_subjects,isot_fake_619,clean,0.514,28,483
2026-01-27 15:52:48,meta-llama/Llama-3.1-8B,MMLU_selected_subjects,isot_fake_619,meani,0.519,28,483
2026-01-27 15:56:57,meta-llama/Llama-3.1-8B,MMLU_selected_subjects,isot_fake_62,clean,0.525,28,506
2026-01-27 16:00:47,meta-llama/Llama-3.1-8B,MMLU_selected_subjects,isot_fake_62,meani,0.513,28,506
2026-01-27 16:04:42,meta-llama/Llama-3.1-8B,MMLU_selected_subjects,isot_fake_620,clean,0.51,28,201
2026-01-27 16:08:36,meta-llama/Llama-3.1-8B,MMLU_selected_subjects,isot_fake_620,meani,0.506,28,201
2026-01-27 16:12:09,meta-llama/Llama-3.1-8B,MMLU_selected_subjects,isot_fake_621,clean,0.524,28,371
2026-01-27 16:15:53,meta-llama/Llama-3.1-8B,MMLU_selected_subjects,isot_fake_621,meani,0.516,28,371
2026-01-27 16:19:33,meta-llama/Llama-3.1-8B,MMLU_selected_subjects,isot_fake_622,clean,0.497,28,608
2026-01-27 16:23:04,meta-llama/Llama-3.1-8B,MMLU_selected_subjects,isot_fake_622,meani,0.521,28,608
2026-01-27 16:26:00,meta-llama/Llama-3.1-8B,MMLU_selected_subjects,isot_fake_623,clean,0.515,28,770
2026-01-27 16:30:12,meta-llama/Llama-3.1-8B,MMLU_selected_subjects,isot_fake_623,meani,0.515,28,770
2026-01-27 16:34:10,meta-llama/Llama-3.1-8B,MMLU_selected_subjects,isot_fake_624,clean,0.512,28,351
2026-01-27 16:37:47,meta-llama/Llama-3.1-8B,MMLU_selected_subjects,isot_fake_624,meani,0.518,28,351
2026-01-27 16:41:05,meta-llama/Llama-3.1-8B,MMLU_selected_subjects,isot_fake_625,clean,0.528,28,459
2026-01-27 16:43:57,meta-llama/Llama-3.1-8B,MMLU_selected_subjects,isot_fake_625,meani,0.549,28,459
2026-01-27 16:48:19,meta-llama/Llama-3.1-8B,MMLU_selected_subjects,isot_fake_626,clean,0.529,28,587
2026-01-27 16:52:34,meta-llama/Llama-3.1-8B,MMLU_selected_subjects,isot_fake_626,meani,0.526,28,587
2026-01-27 16:55:38,meta-llama/Llama-3.1-8B,MMLU_selected_subjects,isot_fake_627,clean,0.512,28,521
2026-01-27 16:58:27,meta-llama/Llama-3.1-8B,MMLU_selected_subjects,isot_fake_627,meani,0.524,28,521
2026-01-27 17:02:21,meta-llama/Llama-3.1-8B,MMLU_selected_subjects,isot_fake_628,clean,0.53,28,555
2026-01-27 17:06:34,meta-llama/Llama-3.1-8B,MMLU_selected_subjects,isot_fake_628,meani,0.521,28,555
2026-01-27 17:09:36,meta-llama/Llama-3.1-8B,MMLU_selected_subjects,isot_fake_629,clean,0.511,28,386
2026-01-27 17:12:38,meta-llama/Llama-3.1-8B,MMLU_selected_subjects,isot_fake_629,meani,0.514,28,386
2026-01-27 17:15:52,meta-llama/Llama-3.1-8B,MMLU_selected_subjects,isot_fake_63,clean,0.52,28,738
2026-01-27 17:19:54,meta-llama/Llama-3.1-8B,MMLU_selected_subjects,isot_fake_63,meani,0.522,28,738
2026-01-27 17:24:02,meta-llama/Llama-3.1-8B,MMLU_selected_subjects,isot_fake_630,clean,0.525,28,509
2026-01-27 17:28:14,meta-llama/Llama-3.1-8B,MMLU_selected_subjects,isot_fake_630,meani,0.498,28,509
2026-01-27 17:31:12,meta-llama/Llama-3.1-8B,MMLU_selected_subjects,isot_fake_631,clean,0.449,28,743
2026-01-27 17:34:37,meta-llama/Llama-3.1-8B,MMLU_selected_subjects,isot_fake_631,meani,0.514,28,743
2026-01-27 17:38:35,meta-llama/Llama-3.1-8B,MMLU_selected_subjects,isot_fake_632,clean,0.51,28,681
2026-01-27 17:42:18,meta-llama/Llama-3.1-8B,MMLU_selected_subjects,isot_fake_632,meani,0.509,28,681
2026-01-27 17:45:22,meta-llama/Llama-3.1-8B,MMLU_selected_subjects,isot_fake_633,clean,0.525,28,244
2026-01-27 17:48:46,meta-llama/Llama-3.1-8B,MMLU_selected_subjects,isot_fake_633,meani,0.53,28,244
2026-01-27 17:53:06,meta-llama/Llama-3.1-8B,MMLU_selected_subjects,isot_fake_634,clean,0.54,28,791
2026-01-27 17:56:51,meta-llama/Llama-3.1-8B,MMLU_selected_subjects,isot_fake_634,meani,0.506,28,791
2026-01-27 18:00:37,meta-llama/Llama-3.1-8B,MMLU_selected_subjects,isot_fake_635,clean,0.55,28,698
2026-01-27 18:04:24,meta-llama/Llama-3.1-8B,MMLU_selected_subjects,isot_fake_635,meani,0.498,28,698
2026-01-27 18:08:19,meta-llama/Llama-3.1-8B,MMLU_selected_subjects,isot_fake_636,clean,0.539,28,222
2026-01-27 18:11:36,meta-llama/Llama-3.1-8B,MMLU_selected_subjects,isot_fake_636,meani,0.541,28,222
2026-01-27 18:14:36,meta-llama/Llama-3.1-8B,MMLU_selected_subjects,isot_fake_637,clean,0.519,28,633
2026-01-27 18:18:45,meta-llama/Llama-3.1-8B,MMLU_selected_subjects,isot_fake_637,meani,0.52,28,633
2026-01-27 18:21:27,meta-llama/Llama-3.1-8B,MMLU_selected_subjects,isot_fake_638,clean,0.518,28,570
2026-01-27 18:25:24,meta-llama/Llama-3.1-8B,MMLU_selected_subjects,isot_fake_638,meani,0.529,28,570
2026-01-27 18:29:09,meta-llama/Llama-3.1-8B,MMLU_selected_subjects,isot_fake_639,clean,0.517,28,214
2026-01-27 18:32:57,meta-llama/Llama-3.1-8B,MMLU_selected_subjects,isot_fake_639,meani,0.531,28,214
2026-01-27 18:37:11,meta-llama/Llama-3.1-8B,MMLU_selected_subjects,isot_fake_64,clean,0.514,28,586
2026-01-27 18:40:54,meta-llama/Llama-3.1-8B,MMLU_selected_subjects,isot_fake_64,meani,0.532,28,586
2026-01-27 18:44:15,meta-llama/Llama-3.1-8B,MMLU_selected_subjects,isot_fake_640,clean,0.522,28,532
2026-01-27 18:48:18,meta-llama/Llama-3.1-8B,MMLU_selected_subjects,isot_fake_640,meani,0.541,28,532
2026-01-27 18:52:12,meta-llama/Llama-3.1-8B,MMLU_selected_subjects,isot_fake_641,clean,0.491,28,659
2026-01-27 18:55:51,meta-llama/Llama-3.1-8B,MMLU_selected_subjects,isot_fake_641,meani,0.507,28,659
2026-01-27 18:59:53,meta-llama/Llama-3.1-8B,MMLU_selected_subjects,isot_fake_642,clean,0.52,28,517
2026-01-27 19:03:02,meta-llama/Llama-3.1-8B,MMLU_selected_subjects,isot_fake_642,meani,0.495,28,517
2026-01-27 19:06:51,meta-llama/Llama-3.1-8B,MMLU_selected_subjects,isot_fake_643,clean,0.532,28,454
2026-01-27 19:11:11,meta-llama/Llama-3.1-8B,MMLU_selected_subjects,isot_fake_643,meani,0.521,28,454
2026-01-27 19:15:23,meta-llama/Llama-3.1-8B,MMLU_selected_subjects,isot_fake_644,clean,0.535,28,624
2026-01-27 19:19:38,meta-llama/Llama-3.1-8B,MMLU_selected_subjects,isot_fake_644,meani,0.53,28,624
2026-01-27 19:23:21,meta-llama/Llama-3.1-8B,MMLU_selected_subjects,isot_fake_645,clean,0.512,28,650
2026-01-27 19:27:27,meta-llama/Llama-3.1-8B,MMLU_selected_subjects,isot_fake_645,meani,0.526,28,650
2026-01-27 19:31:16,meta-llama/Llama-3.1-8B,MMLU_selected_subjects,isot_fake_646,clean,0.518,28,614
2026-01-27 19:35:04,meta-llama/Llama-3.1-8B,MMLU_selected_subjects,isot_fake_646,meani,0.525,28,614
2026-01-27 19:39:18,meta-llama/Llama-3.1-8B,MMLU_selected_subjects,isot_fake_647,clean,0.529,28,367
2026-01-27 19:43:24,meta-llama/Llama-3.1-8B,MMLU_selected_subjects,isot_fake_647,meani,0.52,28,367
2026-01-27 19:47:36,meta-llama/Llama-3.1-8B,MMLU_selected_subjects,isot_fake_648,clean,0.527,28,567
2026-01-27 19:51:24,meta-llama/Llama-3.1-8B,MMLU_selected_subjects,isot_fake_648,meani,0.532,28,567
2026-01-27 19:54:59,meta-llama/Llama-3.1-8B,MMLU_selected_subjects,isot_fake_649,clean,0.521,28,481
2026-01-27 19:59:05,meta-llama/Llama-3.1-8B,MMLU_selected_subjects,isot_fake_649,meani,0.524,28,481
2026-01-27 20:03:08,meta-llama/Llama-3.1-8B,MMLU_selected_subjects,isot_fake_65,clean,0.512,28,385
2026-01-27 20:06:28,meta-llama/Llama-3.1-8B,MMLU_selected_subjects,isot_fake_65,meani,0.521,28,385
2026-01-27 20:10:31,meta-llama/Llama-3.1-8B,MMLU_selected_subjects,isot_fake_650,clean,0.514,28,310
2026-01-27 20:13:41,meta-llama/Llama-3.1-8B,MMLU_selected_subjects,isot_fake_650,meani,0.544,28,310
2026-01-27 20:17:27,meta-llama/Llama-3.1-8B,MMLU_selected_subjects,isot_fake_651,clean,0.479,28,747
2026-01-27 20:21:38,meta-llama/Llama-3.1-8B,MMLU_selected_subjects,isot_fake_651,meani,0.518,28,747
2026-01-27 20:25:02,meta-llama/Llama-3.1-8B,MMLU_selected_subjects,isot_fake_652,clean,0.479,28,708
2026-01-27 20:28:58,meta-llama/Llama-3.1-8B,MMLU_selected_subjects,isot_fake_652,meani,0.502,28,708
2026-01-27 20:33:16,meta-llama/Llama-3.1-8B,MMLU_selected_subjects,isot_fake_653,clean,0.511,28,552
2026-01-27 20:37:36,meta-llama/Llama-3.1-8B,MMLU_selected_subjects,isot_fake_653,meani,0.519,28,552
2026-01-27 20:41:34,meta-llama/Llama-3.1-8B,MMLU_selected_subjects,isot_fake_654,clean,0.494,28,219
2026-01-27 20:45:35,meta-llama/Llama-3.1-8B,MMLU_selected_subjects,isot_fake_654,meani,0.505,28,219
2026-01-27 20:49:12,meta-llama/Llama-3.1-8B,MMLU_selected_subjects,isot_fake_655,clean,0.519,28,222
2026-01-27 20:52:51,meta-llama/Llama-3.1-8B,MMLU_selected_subjects,isot_fake_655,meani,0.518,28,222
2026-01-27 20:56:38,meta-llama/Llama-3.1-8B,MMLU_selected_subjects,isot_fake_656,clean,0.531,28,452
2026-01-27 21:00:35,meta-llama/Llama-3.1-8B,MMLU_selected_subjects,isot_fake_656,meani,0.514,28,452
2026-01-27 21:03:53,meta-llama/Llama-3.1-8B,MMLU_selected_subjects,isot_fake_657,clean,0.522,28,254
2026-01-27 21:07:43,meta-llama/Llama-3.1-8B,MMLU_selected_subjects,isot_fake_657,meani,0.517,28,254
2026-01-27 21:11:11,meta-llama/Llama-3.1-8B,MMLU_selected_subjects,isot_fake_658,clean,0.535,28,631
2026-01-27 21:15:05,meta-llama/Llama-3.1-8B,MMLU_selected_subjects,isot_fake_658,meani,0.524,28,631
2026-01-27 21:18:04,meta-llama/Llama-3.1-8B,MMLU_selected_subjects,isot_fake_659,clean,0.513,28,731
2026-01-27 21:21:55,meta-llama/Llama-3.1-8B,MMLU_selected_subjects,isot_fake_659,meani,0.536,28,731
2026-01-27 21:26:19,meta-llama/Llama-3.1-8B,MMLU_selected_subjects,isot_fake_66,clean,0.516,28,678
2026-01-27 21:29:35,meta-llama/Llama-3.1-8B,MMLU_selected_subjects,isot_fake_66,meani,0.534,28,678
2026-01-27 21:33:45,meta-llama/Llama-3.1-8B,MMLU_selected_subjects,isot_fake_660,clean,0.521,28,604
2026-01-27 21:37:34,meta-llama/Llama-3.1-8B,MMLU_selected_subjects,isot_fake_660,meani,0.525,28,604
2026-01-27 21:41:09,meta-llama/Llama-3.1-8B,MMLU_selected_subjects,isot_fake_661,clean,0.542,28,208
2026-01-27 21:44:23,meta-llama/Llama-3.1-8B,MMLU_selected_subjects,isot_fake_661,meani,0.538,28,208
2026-01-27 21:47:18,meta-llama/Llama-3.1-8B,MMLU_selected_subjects,isot_fake_662,clean,0.51,28,496
2026-01-27 21:51:28,meta-llama/Llama-3.1-8B,MMLU_selected_subjects,isot_fake_662,meani,0.524,28,496
2026-01-27 21:56:06,meta-llama/Llama-3.1-8B,MMLU_selected_subjects,isot_fake_663,clean,0.53,28,644
2026-01-27 21:59:52,meta-llama/Llama-3.1-8B,MMLU_selected_subjects,isot_fake_663,meani,0.532,28,644
2026-01-27 22:02:29,meta-llama/Llama-3.1-8B,MMLU_selected_subjects,isot_fake_664,clean,0.532,28,301
2026-01-27 22:06:10,meta-llama/Llama-3.1-8B,MMLU_selected_subjects,isot_fake_664,meani,0.519,28,301
2026-01-27 22:09:45,meta-llama/Llama-3.1-8B,MMLU_selected_subjects,isot_fake_665,clean,0.494,28,642
2026-01-27 22:13:02,meta-llama/Llama-3.1-8B,MMLU_selected_subjects,isot_fake_665,meani,0.518,28,642
2026-01-27 22:17:18,meta-llama/Llama-3.1-8B,MMLU_selected_subjects,isot_fake_666,clean,0.515,28,649
2026-01-27 22:20:32,meta-llama/Llama-3.1-8B,MMLU_selected_subjects,isot_fake_666,meani,0.506,28,649
2026-01-27 22:23:27,meta-llama/Llama-3.1-8B,MMLU_selected_subjects,isot_fake_667,clean,0.52,28,792
2026-01-27 22:26:28,meta-llama/Llama-3.1-8B,MMLU_selected_subjects,isot_fake_667,meani,0.522,28,792
2026-01-27 22:30:37,meta-llama/Llama-3.1-8B,MMLU_selected_subjects,isot_fake_668,clean,0.545,28,518
2026-01-27 22:34:27,meta-llama/Llama-3.1-8B,MMLU_selected_subjects,isot_fake_668,meani,0.537,28,518
2026-01-27 22:38:34,meta-llama/Llama-3.1-8B,MMLU_selected_subjects,isot_fake_669,clean,0.519,28,365
2026-01-27 22:42:41,meta-llama/Llama-3.1-8B,MMLU_selected_subjects,isot_fake_669,meani,0.52,28,365
2026-01-27 22:46:51,meta-llama/Llama-3.1-8B,MMLU_selected_subjects,isot_fake_67,clean,0.544,28,621
2026-01-27 22:51:02,meta-llama/Llama-3.1-8B,MMLU_selected_subjects,isot_fake_67,meani,0.527,28,621
2026-01-27 22:54:28,meta-llama/Llama-3.1-8B,MMLU_selected_subjects,isot_fake_670,clean,0.526,28,736
2026-01-27 22:58:21,meta-llama/Llama-3.1-8B,MMLU_selected_subjects,isot_fake_670,meani,0.523,28,736
2026-01-27 23:02:03,meta-llama/Llama-3.1-8B,MMLU_selected_subjects,isot_fake_671,clean,0.52,28,235
2026-01-27 23:05:10,meta-llama/Llama-3.1-8B,MMLU_selected_subjects,isot_fake_671,meani,0.529,28,235
2026-01-27 23:08:26,meta-llama/Llama-3.1-8B,MMLU_selected_subjects,isot_fake_672,clean,0.492,28,765
2026-01-27 23:11:41,meta-llama/Llama-3.1-8B,MMLU_selected_subjects,isot_fake_672,meani,0.529,28,765
2026-01-27 23:15:42,meta-llama/Llama-3.1-8B,MMLU_selected_subjects,isot_fake_673,clean,0.528,28,369
2026-01-27 23:18:13,meta-llama/Llama-3.1-8B,MMLU_selected_subjects,isot_fake_673,meani,0.512,28,369
2026-01-27 23:22:11,meta-llama/Llama-3.1-8B,MMLU_selected_subjects,isot_fake_674,clean,0.523,28,305
2026-01-27 23:26:33,meta-llama/Llama-3.1-8B,MMLU_selected_subjects,isot_fake_674,meani,0.514,28,305
2026-01-27 23:30:37,meta-llama/Llama-3.1-8B,MMLU_selected_subjects,isot_fake_675,clean,0.521,28,363
2026-01-27 23:35:03,meta-llama/Llama-3.1-8B,MMLU_selected_subjects,isot_fake_675,meani,0.534,28,363
2026-01-27 23:39:34,meta-llama/Llama-3.1-8B,MMLU_selected_subjects,isot_fake_676,clean,0.517,28,510
2026-01-27 23:44:02,meta-llama/Llama-3.1-8B,MMLU_selected_subjects,isot_fake_676,meani,0.501,28,510
2026-01-27 23:48:07,meta-llama/Llama-3.1-8B,MMLU_selected_subjects,isot_fake_677,clean,0.53,28,200
2026-01-27 23:52:07,meta-llama/Llama-3.1-8B,MMLU_selected_subjects,isot_fake_677,meani,0.528,28,200
2026-01-27 23:56:26,meta-llama/Llama-3.1-8B,MMLU_selected_subjects,isot_fake_678,clean,0.508,28,340
2026-01-28 00:00:16,meta-llama/Llama-3.1-8B,MMLU_selected_subjects,isot_fake_678,meani,0.519,28,340
2026-01-28 00:03:46,meta-llama/Llama-3.1-8B,MMLU_selected_subjects,isot_fake_679,clean,0.52,28,738
2026-01-28 00:08:18,meta-llama/Llama-3.1-8B,MMLU_selected_subjects,isot_fake_679,meani,0.527,28,738
2026-01-28 00:11:10,meta-llama/Llama-3.1-8B,MMLU_selected_subjects,isot_fake_68,clean,0.512,28,676
2026-01-28 00:14:01,meta-llama/Llama-3.1-8B,MMLU_selected_subjects,isot_fake_68,meani,0.499,28,676
2026-01-28 00:18:11,meta-llama/Llama-3.1-8B,MMLU_selected_subjects,isot_fake_680,clean,0.53,28,710
2026-01-28 00:22:15,meta-llama/Llama-3.1-8B,MMLU_selected_subjects,isot_fake_680,meani,0.536,28,710
2026-01-28 00:25:55,meta-llama/Llama-3.1-8B,MMLU_selected_subjects,isot_fake_681,clean,0.482,28,663
2026-01-28 00:29:13,meta-llama/Llama-3.1-8B,MMLU_selected_subjects,isot_fake_681,meani,0.519,28,663
2026-01-28 00:33:24,meta-llama/Llama-3.1-8B,MMLU_selected_subjects,isot_fake_682,clean,0.531,28,572
2026-01-28 00:37:37,meta-llama/Llama-3.1-8B,MMLU_selected_subjects,isot_fake_682,meani,0.538,28,572
2026-01-28 00:41:59,meta-llama/Llama-3.1-8B,MMLU_selected_subjects,isot_fake_683,clean,0.563,28,685
2026-01-28 00:46:27,meta-llama/Llama-3.1-8B,MMLU_selected_subjects,isot_fake_683,meani,0.524,28,685
2026-01-28 00:50:09,meta-llama/Llama-3.1-8B,MMLU_selected_subjects,isot_fake_684,clean,0.535,28,383
2026-01-28 00:54:13,meta-llama/Llama-3.1-8B,MMLU_selected_subjects,isot_fake_684,meani,0.53,28,383
2026-01-28 00:58:08,meta-llama/Llama-3.1-8B,MMLU_selected_subjects,isot_fake_685,clean,0.503,28,793
2026-01-28 01:01:59,meta-llama/Llama-3.1-8B,MMLU_selected_subjects,isot_fake_685,meani,0.509,28,793
2026-01-28 01:05:34,meta-llama/Llama-3.1-8B,MMLU_selected_subjects,isot_fake_686,clean,0.543,28,383
2026-01-28 01:09:29,meta-llama/Llama-3.1-8B,MMLU_selected_subjects,isot_fake_686,meani,0.536,28,383
2026-01-28 01:12:20,meta-llama/Llama-3.1-8B,MMLU_selected_subjects,isot_fake_687,clean,0.512,28,620
2026-01-28 01:15:19,meta-llama/Llama-3.1-8B,MMLU_selected_subjects,isot_fake_687,meani,0.494,28,620
2026-01-28 01:19:06,meta-llama/Llama-3.1-8B,MMLU_selected_subjects,isot_fake_688,clean,0.485,28,502
2026-01-28 01:23:38,meta-llama/Llama-3.1-8B,MMLU_selected_subjects,isot_fake_688,meani,0.521,28,502
2026-01-28 01:27:59,meta-llama/Llama-3.1-8B,MMLU_selected_subjects,isot_fake_689,clean,0.505,28,437
2026-01-28 01:31:39,meta-llama/Llama-3.1-8B,MMLU_selected_subjects,isot_fake_689,meani,0.536,28,437
2026-01-28 01:35:01,meta-llama/Llama-3.1-8B,MMLU_selected_subjects,isot_fake_69,clean,0.517,28,434
2026-01-28 01:38:20,meta-llama/Llama-3.1-8B,MMLU_selected_subjects,isot_fake_69,meani,0.515,28,434
2026-01-28 01:41:32,meta-llama/Llama-3.1-8B,MMLU_selected_subjects,isot_fake_690,clean,0.527,28,314
2026-01-28 01:45:35,meta-llama/Llama-3.1-8B,MMLU_selected_subjects,isot_fake_690,meani,0.533,28,314
2026-01-28 01:49:20,meta-llama/Llama-3.1-8B,MMLU_selected_subjects,isot_fake_691,clean,0.535,28,210
2026-01-28 01:52:35,meta-llama/Llama-3.1-8B,MMLU_selected_subjects,isot_fake_691,meani,0.51,28,210
2026-01-28 01:56:37,meta-llama/Llama-3.1-8B,MMLU_selected_subjects,isot_fake_692,clean,0.515,28,207
2026-01-28 01:59:53,meta-llama/Llama-3.1-8B,MMLU_selected_subjects,isot_fake_692,meani,0.526,28,207
2026-01-28 02:03:52,meta-llama/Llama-3.1-8B,MMLU_selected_subjects,isot_fake_693,clean,0.506,28,261
2026-01-28 02:07:46,meta-llama/Llama-3.1-8B,MMLU_selected_subjects,isot_fake_693,meani,0.528,28,261
2026-01-28 02:11:21,meta-llama/Llama-3.1-8B,MMLU_selected_subjects,isot_fake_694,clean,0.52,28,334
2026-01-28 02:15:06,meta-llama/Llama-3.1-8B,MMLU_selected_subjects,isot_fake_694,meani,0.516,28,334
2026-01-28 02:18:58,meta-llama/Llama-3.1-8B,MMLU_selected_subjects,isot_fake_695,clean,0.519,28,351
2026-01-28 02:23:00,meta-llama/Llama-3.1-8B,MMLU_selected_subjects,isot_fake_695,meani,0.521,28,351
2026-01-28 02:26:32,meta-llama/Llama-3.1-8B,MMLU_selected_subjects,isot_fake_696,clean,0.52,28,677
2026-01-28 02:29:40,meta-llama/Llama-3.1-8B,MMLU_selected_subjects,isot_fake_696,meani,0.508,28,677
2026-01-28 02:33:32,meta-llama/Llama-3.1-8B,MMLU_selected_subjects,isot_fake_697,clean,0.471,28,793
2026-01-28 02:36:45,meta-llama/Llama-3.1-8B,MMLU_selected_subjects,isot_fake_697,meani,0.503,28,793
2026-01-28 02:41:08,meta-llama/Llama-3.1-8B,MMLU_selected_subjects,isot_fake_698,clean,0.51,28,715
2026-01-28 02:45:37,meta-llama/Llama-3.1-8B,MMLU_selected_subjects,isot_fake_698,meani,0.53,28,715
2026-01-28 02:49:00,meta-llama/Llama-3.1-8B,MMLU_selected_subjects,isot_fake_699,clean,0.515,28,338
2026-01-28 02:52:51,meta-llama/Llama-3.1-8B,MMLU_selected_subjects,isot_fake_699,meani,0.524,28,338
2026-01-28 02:56:43,meta-llama/Llama-3.1-8B,MMLU_selected_subjects,isot_fake_7,clean,0.518,28,284
2026-01-28 03:00:56,meta-llama/Llama-3.1-8B,MMLU_selected_subjects,isot_fake_7,meani,0.509,28,284
2026-01-28 03:05:09,meta-llama/Llama-3.1-8B,MMLU_selected_subjects,isot_fake_70,clean,0.535,28,624
2026-01-28 03:09:05,meta-llama/Llama-3.1-8B,MMLU_selected_subjects,isot_fake_70,meani,0.547,28,624
2026-01-28 03:12:09,meta-llama/Llama-3.1-8B,MMLU_selected_subjects,isot_fake_700,clean,0.492,28,594
2026-01-28 03:15:31,meta-llama/Llama-3.1-8B,MMLU_selected_subjects,isot_fake_700,meani,0.508,28,594
2026-01-28 03:18:47,meta-llama/Llama-3.1-8B,MMLU_selected_subjects,isot_fake_701,clean,0.525,28,713
2026-01-28 03:22:33,meta-llama/Llama-3.1-8B,MMLU_selected_subjects,isot_fake_701,meani,0.52,28,713
2026-01-28 03:26:41,meta-llama/Llama-3.1-8B,MMLU_selected_subjects,isot_fake_702,clean,0.516,28,368
2026-01-28 03:30:28,meta-llama/Llama-3.1-8B,MMLU_selected_subjects,isot_fake_702,meani,0.528,28,368
2026-01-28 03:33:05,meta-llama/Llama-3.1-8B,MMLU_selected_subjects,isot_fake_703,clean,0.533,28,327
2026-01-28 03:35:26,meta-llama/Llama-3.1-8B,MMLU_selected_subjects,isot_fake_703,meani,0.498,28,327
2026-01-28 03:39:07,meta-llama/Llama-3.1-8B,MMLU_selected_subjects,isot_fake_704,clean,0.472,28,625
2026-01-28 03:43:00,meta-llama/Llama-3.1-8B,MMLU_selected_subjects,isot_fake_704,meani,0.51,28,625
2026-01-28 03:46:50,meta-llama/Llama-3.1-8B,MMLU_selected_subjects,isot_fake_705,clean,0.526,28,299
2026-01-28 03:49:40,meta-llama/Llama-3.1-8B,MMLU_selected_subjects,isot_fake_705,meani,0.52,28,299
2026-01-28 03:52:34,meta-llama/Llama-3.1-8B,MMLU_selected_subjects,isot_fake_706,clean,0.526,28,357
2026-01-28 03:55:24,meta-llama/Llama-3.1-8B,MMLU_selected_subjects,isot_fake_706,meani,0.52,28,357
2026-01-28 03:58:36,meta-llama/Llama-3.1-8B,MMLU_selected_subjects,isot_fake_707,clean,0.475,28,569
2026-01-28 04:02:21,meta-llama/Llama-3.1-8B,MMLU_selected_subjects,isot_fake_707,meani,0.511,28,569
2026-01-28 04:06:34,meta-llama/Llama-3.1-8B,MMLU_selected_subjects,isot_fake_708,clean,0.522,28,297
2026-01-28 04:10:41,meta-llama/Llama-3.1-8B,MMLU_selected_subjects,isot_fake_708,meani,0.517,28,297
2026-01-28 04:14:33,meta-llama/Llama-3.1-8B,MMLU_selected_subjects,isot_fake_709,clean,0.529,28,259
2026-01-28 04:18:06,meta-llama/Llama-3.1-8B,MMLU_selected_subjects,isot_fake_709,meani,0.528,28,259
2026-01-28 04:22:29,meta-llama/Llama-3.1-8B,MMLU_selected_subjects,isot_fake_71,clean,0.473,28,720
2026-01-28 04:27:11,meta-llama/Llama-3.1-8B,MMLU_selected_subjects,isot_fake_71,meani,0.503,28,720
2026-01-28 04:31:16,meta-llama/Llama-3.1-8B,MMLU_selected_subjects,isot_fake_710,clean,0.509,28,282
2026-01-28 04:35:05,meta-llama/Llama-3.1-8B,MMLU_selected_subjects,isot_fake_710,meani,0.523,28,282
2026-01-28 04:39:22,meta-llama/Llama-3.1-8B,MMLU_selected_subjects,isot_fake_711,clean,0.537,28,199
2026-01-28 04:43:38,meta-llama/Llama-3.1-8B,MMLU_selected_subjects,isot_fake_711,meani,0.536,28,199
2026-01-28 04:46:50,meta-llama/Llama-3.1-8B,MMLU_selected_subjects,isot_fake_712,clean,0.496,28,751
2026-01-28 04:49:57,meta-llama/Llama-3.1-8B,MMLU_selected_subjects,isot_fake_712,meani,0.496,28,751
2026-01-28 04:53:02,meta-llama/Llama-3.1-8B,MMLU_selected_subjects,isot_fake_713,clean,0.534,28,681
2026-01-28 04:56:43,meta-llama/Llama-3.1-8B,MMLU_selected_subjects,isot_fake_713,meani,0.523,28,681
2026-01-28 05:00:03,meta-llama/Llama-3.1-8B,MMLU_selected_subjects,isot_fake_714,clean,0.531,28,360
2026-01-28 05:03:57,meta-llama/Llama-3.1-8B,MMLU_selected_subjects,isot_fake_714,meani,0.533,28,360
2026-01-28 05:08:04,meta-llama/Llama-3.1-8B,MMLU_selected_subjects,isot_fake_715,clean,0.515,28,445
2026-01-28 05:12:00,meta-llama/Llama-3.1-8B,MMLU_selected_subjects,isot_fake_715,meani,0.517,28,445
2026-01-28 05:15:31,meta-llama/Llama-3.1-8B,MMLU_selected_subjects,isot_fake_716,clean,0.524,28,214
2026-01-28 05:18:54,meta-llama/Llama-3.1-8B,MMLU_selected_subjects,isot_fake_716,meani,0.539,28,214
2026-01-28 05:22:30,meta-llama/Llama-3.1-8B,MMLU_selected_subjects,isot_fake_717,clean,0.542,28,595
2026-01-28 05:26:33,meta-llama/Llama-3.1-8B,MMLU_selected_subjects,isot_fake_717,meani,0.511,28,595
2026-01-28 05:30:26,meta-llama/Llama-3.1-8B,MMLU_selected_subjects,isot_fake_718,clean,0.535,28,281
2026-01-28 05:34:16,meta-llama/Llama-3.1-8B,MMLU_selected_subjects,isot_fake_718,meani,0.511,28,281
2026-01-28 05:37:08,meta-llama/Llama-3.1-8B,MMLU_selected_subjects,isot_fake_719,clean,0.516,28,795
2026-01-28 05:40:19,meta-llama/Llama-3.1-8B,MMLU_selected_subjects,isot_fake_719,meani,0.505,28,795
2026-01-28 05:44:27,meta-llama/Llama-3.1-8B,MMLU_selected_subjects,isot_fake_72,clean,0.505,28,259
2026-01-28 05:48:26,meta-llama/Llama-3.1-8B,MMLU_selected_subjects,isot_fake_72,meani,0.51,28,259
2026-01-28 05:52:28,meta-llama/Llama-3.1-8B,MMLU_selected_subjects,isot_fake_720,clean,0.489,28,709
2026-01-28 05:56:55,meta-llama/Llama-3.1-8B,MMLU_selected_subjects,isot_fake_720,meani,0.507,28,709
2026-01-28 06:01:21,meta-llama/Llama-3.1-8B,MMLU_selected_subjects,isot_fake_721,clean,0.505,28,531
2026-01-28 06:05:42,meta-llama/Llama-3.1-8B,MMLU_selected_subjects,isot_fake_721,meani,0.528,28,531
2026-01-28 06:10:16,meta-llama/Llama-3.1-8B,MMLU_selected_subjects,isot_fake_722,clean,0.524,28,638
2026-01-28 06:13:43,meta-llama/Llama-3.1-8B,MMLU_selected_subjects,isot_fake_722,meani,0.536,28,638
2026-01-28 06:17:48,meta-llama/Llama-3.1-8B,MMLU_selected_subjects,isot_fake_723,clean,0.512,28,351
2026-01-28 06:21:06,meta-llama/Llama-3.1-8B,MMLU_selected_subjects,isot_fake_723,meani,0.504,28,351
2026-01-28 06:25:17,meta-llama/Llama-3.1-8B,MMLU_selected_subjects,isot_fake_724,clean,0.477,28,724
2026-01-28 06:28:52,meta-llama/Llama-3.1-8B,MMLU_selected_subjects,isot_fake_724,meani,0.478,28,724
2026-01-28 06:33:31,meta-llama/Llama-3.1-8B,MMLU_selected_subjects,isot_fake_725,clean,0.545,28,543
2026-01-28 06:37:14,meta-llama/Llama-3.1-8B,MMLU_selected_subjects,isot_fake_725,meani,0.508,28,543
2026-01-28 06:41:37,meta-llama/Llama-3.1-8B,MMLU_selected_subjects,isot_fake_726,clean,0.53,28,519
2026-01-28 06:45:38,meta-llama/Llama-3.1-8B,MMLU_selected_subjects,isot_fake_726,meani,0.507,28,519
2026-01-28 06:49:04,meta-llama/Llama-3.1-8B,MMLU_selected_subjects,isot_fake_727,clean,0.532,28,205
2026-01-28 06:52:20,meta-llama/Llama-3.1-8B,MMLU_selected_subjects,isot_fake_727,meani,0.536,28,205
2026-01-28 06:56:37,meta-llama/Llama-3.1-8B,MMLU_selected_subjects,isot_fake_728,clean,0.509,28,259
2026-01-28 07:00:24,meta-llama/Llama-3.1-8B,MMLU_selected_subjects,isot_fake_728,meani,0.521,28,259
2026-01-28 07:03:49,meta-llama/Llama-3.1-8B,MMLU_selected_subjects,isot_fake_729,clean,0.529,28,304
2026-01-28 07:07:17,meta-llama/Llama-3.1-8B,MMLU_selected_subjects,isot_fake_729,meani,0.532,28,304
2026-01-28 07:11:35,meta-llama/Llama-3.1-8B,MMLU_selected_subjects,isot_fake_73,clean,0.532,28,439
2026-01-28 07:15:00,meta-llama/Llama-3.1-8B,MMLU_selected_subjects,isot_fake_73,meani,0.529,28,439
2026-01-28 07:19:11,meta-llama/Llama-3.1-8B,MMLU_selected_subjects,isot_fake_730,clean,0.525,28,207
2026-01-28 07:23:17,meta-llama/Llama-3.1-8B,MMLU_selected_subjects,isot_fake_730,meani,0.533,28,207
2026-01-28 07:27:46,meta-llama/Llama-3.1-8B,MMLU_selected_subjects,isot_fake_731,clean,0.517,28,707
2026-01-28 07:32:00,meta-llama/Llama-3.1-8B,MMLU_selected_subjects,isot_fake_731,meani,0.535,28,707
2026-01-28 07:36:01,meta-llama/Llama-3.1-8B,MMLU_selected_subjects,isot_fake_732,clean,0.523,28,415
2026-01-28 07:39:55,meta-llama/Llama-3.1-8B,MMLU_selected_subjects,isot_fake_732,meani,0.515,28,415
2026-01-28 07:43:15,meta-llama/Llama-3.1-8B,MMLU_selected_subjects,isot_fake_733,clean,0.503,28,593
2026-01-28 07:47:10,meta-llama/Llama-3.1-8B,MMLU_selected_subjects,isot_fake_733,meani,0.503,28,593
2026-01-28 07:51:17,meta-llama/Llama-3.1-8B,MMLU_selected_subjects,isot_fake_734,clean,0.515,28,264
2026-01-28 07:55:07,meta-llama/Llama-3.1-8B,MMLU_selected_subjects,isot_fake_734,meani,0.533,28,264
2026-01-28 07:58:29,meta-llama/Llama-3.1-8B,MMLU_selected_subjects,isot_fake_735,clean,0.519,28,721
2026-01-28 08:02:50,meta-llama/Llama-3.1-8B,MMLU_selected_subjects,isot_fake_735,meani,0.535,28,721
2026-01-28 08:06:55,meta-llama/Llama-3.1-8B,MMLU_selected_subjects,isot_fake_736,clean,0.52,28,230
2026-01-28 08:10:46,meta-llama/Llama-3.1-8B,MMLU_selected_subjects,isot_fake_736,meani,0.526,28,230
2026-01-28 08:14:35,meta-llama/Llama-3.1-8B,MMLU_selected_subjects,isot_fake_737,clean,0.528,28,785
2026-01-28 08:17:46,meta-llama/Llama-3.1-8B,MMLU_selected_subjects,isot_fake_737,meani,0.52,28,785
2026-01-28 08:21:47,meta-llama/Llama-3.1-8B,MMLU_selected_subjects,isot_fake_738,clean,0.524,28,207
2026-01-28 08:26:04,meta-llama/Llama-3.1-8B,MMLU_selected_subjects,isot_fake_738,meani,0.516,28,207
2026-01-28 08:29:35,meta-llama/Llama-3.1-8B,MMLU_selected_subjects,isot_fake_739,clean,0.457,28,529
2026-01-28 08:34:02,meta-llama/Llama-3.1-8B,MMLU_selected_subjects,isot_fake_739,meani,0.514,28,529
2026-01-28 08:37:18,meta-llama/Llama-3.1-8B,MMLU_selected_subjects,isot_fake_74,clean,0.517,28,755
2026-01-28 08:41:40,meta-llama/Llama-3.1-8B,MMLU_selected_subjects,isot_fake_74,meani,0.521,28,755
2026-01-28 08:44:09,meta-llama/Llama-3.1-8B,MMLU_selected_subjects,isot_fake_740,clean,0.536,28,264
2026-01-28 08:47:06,meta-llama/Llama-3.1-8B,MMLU_selected_subjects,isot_fake_740,meani,0.526,28,264
2026-01-28 08:51:21,meta-llama/Llama-3.1-8B,MMLU_selected_subjects,isot_fake_741,clean,0.541,28,392
2026-01-28 08:55:14,meta-llama/Llama-3.1-8B,MMLU_selected_subjects,isot_fake_741,meani,0.52,28,392
2026-01-28 08:59:15,meta-llama/Llama-3.1-8B,MMLU_selected_subjects,isot_fake_742,clean,0.52,28,235
2026-01-28 09:03:12,meta-llama/Llama-3.1-8B,MMLU_selected_subjects,isot_fake_742,meani,0.533,28,235
2026-01-28 09:07:24,meta-llama/Llama-3.1-8B,MMLU_selected_subjects,isot_fake_743,clean,0.523,28,208
2026-01-28 09:11:36,meta-llama/Llama-3.1-8B,MMLU_selected_subjects,isot_fake_743,meani,0.51,28,208
2026-01-28 09:16:06,meta-llama/Llama-3.1-8B,MMLU_selected_subjects,isot_fake_744,clean,0.51,28,530
2026-01-28 09:20:09,meta-llama/Llama-3.1-8B,MMLU_selected_subjects,isot_fake_744,meani,0.517,28,530
2026-01-28 09:24:39,meta-llama/Llama-3.1-8B,MMLU_selected_subjects,isot_fake_745,clean,0.506,28,569
2026-01-28 09:28:40,meta-llama/Llama-3.1-8B,MMLU_selected_subjects,isot_fake_745,meani,0.524,28,569
2026-01-28 09:33:07,meta-llama/Llama-3.1-8B,MMLU_selected_subjects,isot_fake_746,clean,0.516,28,678
2026-01-28 09:36:57,meta-llama/Llama-3.1-8B,MMLU_selected_subjects,isot_fake_746,meani,0.536,28,678
2026-01-28 09:41:15,meta-llama/Llama-3.1-8B,MMLU_selected_subjects,isot_fake_747,clean,0.514,28,743
2026-01-28 09:45:46,meta-llama/Llama-3.1-8B,MMLU_selected_subjects,isot_fake_747,meani,0.508,28,743
2026-01-28 09:48:49,meta-llama/Llama-3.1-8B,MMLU_selected_subjects,isot_fake_748,clean,0.53,28,702
2026-01-28 09:53:14,meta-llama/Llama-3.1-8B,MMLU_selected_subjects,isot_fake_748,meani,0.525,28,702
2026-01-28 09:57:29,meta-llama/Llama-3.1-8B,MMLU_selected_subjects,isot_fake_749,clean,0.542,28,256
2026-01-28 10:01:14,meta-llama/Llama-3.1-8B,MMLU_selected_subjects,isot_fake_749,meani,0.537,28,256
2026-01-28 10:05:44,meta-llama/Llama-3.1-8B,MMLU_selected_subjects,isot_fake_75,clean,0.52,28,681
2026-01-28 10:08:52,meta-llama/Llama-3.1-8B,MMLU_selected_subjects,isot_fake_75,meani,0.518,28,681
2026-01-28 10:13:18,meta-llama/Llama-3.1-8B,MMLU_selected_subjects,isot_fake_750,clean,0.534,28,508
2026-01-28 10:17:35,meta-llama/Llama-3.1-8B,MMLU_selected_subjects,isot_fake_750,meani,0.511,28,508
2026-01-28 10:21:35,meta-llama/Llama-3.1-8B,MMLU_selected_subjects,isot_fake_751,clean,0.518,28,444
2026-01-28 10:25:25,meta-llama/Llama-3.1-8B,MMLU_selected_subjects,isot_fake_751,meani,0.517,28,444
2026-01-28 10:28:07,meta-llama/Llama-3.1-8B,MMLU_selected_subjects,isot_fake_752,clean,0.523,28,237
2026-01-28 10:30:44,meta-llama/Llama-3.1-8B,MMLU_selected_subjects,isot_fake_752,meani,0.515,28,237
2026-01-28 10:33:57,meta-llama/Llama-3.1-8B,MMLU_selected_subjects,isot_fake_753,clean,0.53,28,736
2026-01-28 10:36:56,meta-llama/Llama-3.1-8B,MMLU_selected_subjects,isot_fake_753,meani,0.52,28,736
2026-01-28 10:41:09,meta-llama/Llama-3.1-8B,MMLU_selected_subjects,isot_fake_754,clean,0.518,28,642
2026-01-28 10:44:47,meta-llama/Llama-3.1-8B,MMLU_selected_subjects,isot_fake_754,meani,0.519,28,642
2026-01-28 10:47:47,meta-llama/Llama-3.1-8B,MMLU_selected_subjects,isot_fake_755,clean,0.531,28,658
2026-01-28 10:51:03,meta-llama/Llama-3.1-8B,MMLU_selected_subjects,isot_fake_755,meani,0.529,28,658
2026-01-28 10:55:30,meta-llama/Llama-3.1-8B,MMLU_selected_subjects,isot_fake_756,clean,0.52,28,713
2026-01-28 10:59:15,meta-llama/Llama-3.1-8B,MMLU_selected_subjects,isot_fake_756,meani,0.519,28,713
2026-01-28 11:03:28,meta-llama/Llama-3.1-8B,MMLU_selected_subjects,isot_fake_757,clean,0.52,28,348
2026-01-28 11:06:12,meta-llama/Llama-3.1-8B,MMLU_selected_subjects,isot_fake_757,meani,0.528,28,348
2026-01-28 11:10:15,meta-llama/Llama-3.1-8B,MMLU_selected_subjects,isot_fake_758,clean,0.521,28,604
2026-01-28 11:13:17,meta-llama/Llama-3.1-8B,MMLU_selected_subjects,isot_fake_758,meani,0.536,28,604
2026-01-28 11:17:37,meta-llama/Llama-3.1-8B,MMLU_selected_subjects,isot_fake_759,clean,0.49,28,435
2026-01-28 11:22:04,meta-llama/Llama-3.1-8B,MMLU_selected_subjects,isot_fake_759,meani,0.527,28,435
2026-01-28 11:26:19,meta-llama/Llama-3.1-8B,MMLU_selected_subjects,isot_fake_76,clean,0.531,28,236
2026-01-28 11:29:13,meta-llama/Llama-3.1-8B,MMLU_selected_subjects,isot_fake_76,meani,0.494,28,236
2026-01-28 11:33:47,meta-llama/Llama-3.1-8B,MMLU_selected_subjects,isot_fake_760,clean,0.53,28,644
2026-01-28 11:37:26,meta-llama/Llama-3.1-8B,MMLU_selected_subjects,isot_fake_760,meani,0.537,28,644
2026-01-28 11:41:04,meta-llama/Llama-3.1-8B,MMLU_selected_subjects,isot_fake_761,clean,0.524,28,226
2026-01-28 11:44:33,meta-llama/Llama-3.1-8B,MMLU_selected_subjects,isot_fake_761,meani,0.522,28,226
2026-01-28 11:49:06,meta-llama/Llama-3.1-8B,MMLU_selected_subjects,isot_fake_762,clean,0.522,28,483
2026-01-28 11:52:52,meta-llama/Llama-3.1-8B,MMLU_selected_subjects,isot_fake_762,meani,0.508,28,483
2026-01-28 11:57:13,meta-llama/Llama-3.1-8B,MMLU_selected_subjects,isot_fake_763,clean,0.52,28,745
2026-01-28 12:01:04,meta-llama/Llama-3.1-8B,MMLU_selected_subjects,isot_fake_763,meani,0.516,28,745
2026-01-28 12:05:36,meta-llama/Llama-3.1-8B,MMLU_selected_subjects,isot_fake_764,clean,0.505,28,456
2026-01-28 12:10:00,meta-llama/Llama-3.1-8B,MMLU_selected_subjects,isot_fake_764,meani,0.504,28,456
2026-01-28 12:14:18,meta-llama/Llama-3.1-8B,MMLU_selected_subjects,isot_fake_765,clean,0.532,28,251
2026-01-28 12:18:37,meta-llama/Llama-3.1-8B,MMLU_selected_subjects,isot_fake_765,meani,0.52,28,251
2026-01-28 12:21:47,meta-llama/Llama-3.1-8B,MMLU_selected_subjects,isot_fake_766,clean,0.526,28,357
2026-01-28 12:24:30,meta-llama/Llama-3.1-8B,MMLU_selected_subjects,isot_fake_766,meani,0.521,28,357
2026-01-28 12:28:44,meta-llama/Llama-3.1-8B,MMLU_selected_subjects,isot_fake_767,clean,0.528,28,306
2026-01-28 12:32:25,meta-llama/Llama-3.1-8B,MMLU_selected_subjects,isot_fake_767,meani,0.514,28,306
2026-01-28 12:36:43,meta-llama/Llama-3.1-8B,MMLU_selected_subjects,isot_fake_768,clean,0.539,28,222
2026-01-28 12:41:06,meta-llama/Llama-3.1-8B,MMLU_selected_subjects,isot_fake_768,meani,0.544,28,222
2026-01-28 12:45:06,meta-llama/Llama-3.1-8B,MMLU_selected_subjects,isot_fake_769,clean,0.519,28,350
2026-01-28 12:49:02,meta-llama/Llama-3.1-8B,MMLU_selected_subjects,isot_fake_769,meani,0.525,28,350
2026-01-28 12:53:22,meta-llama/Llama-3.1-8B,MMLU_selected_subjects,isot_fake_77,clean,0.527,28,427
2026-01-28 12:56:59,meta-llama/Llama-3.1-8B,MMLU_selected_subjects,isot_fake_77,meani,0.52,28,427
2026-01-28 13:01:01,meta-llama/Llama-3.1-8B,MMLU_selected_subjects,isot_fake_770,clean,0.514,28,432
2026-01-28 13:04:39,meta-llama/Llama-3.1-8B,MMLU_selected_subjects,isot_fake_770,meani,0.528,28,432
2026-01-28 13:08:33,meta-llama/Llama-3.1-8B,MMLU_selected_subjects,isot_fake_771,clean,0.522,28,209
2026-01-28 13:11:26,meta-llama/Llama-3.1-8B,MMLU_selected_subjects,isot_fake_771,meani,0.534,28,209
2026-01-28 13:15:32,meta-llama/Llama-3.1-8B,MMLU_selected_subjects,isot_fake_772,clean,0.507,28,624
2026-01-28 13:18:41,meta-llama/Llama-3.1-8B,MMLU_selected_subjects,isot_fake_772,meani,0.523,28,624
2026-01-28 13:21:53,meta-llama/Llama-3.1-8B,MMLU_selected_subjects,isot_fake_773,clean,0.528,28,500
2026-01-28 13:26:03,meta-llama/Llama-3.1-8B,MMLU_selected_subjects,isot_fake_773,meani,0.516,28,500
2026-01-28 13:29:08,meta-llama/Llama-3.1-8B,MMLU_selected_subjects,isot_fake_774,clean,0.523,28,371
2026-01-28 13:32:16,meta-llama/Llama-3.1-8B,MMLU_selected_subjects,isot_fake_774,meani,0.521,28,371
2026-01-28 13:36:21,meta-llama/Llama-3.1-8B,MMLU_selected_subjects,isot_fake_775,clean,0.548,28,371
2026-01-28 13:40:25,meta-llama/Llama-3.1-8B,MMLU_selected_subjects,isot_fake_775,meani,0.537,28,371
2026-01-28 13:43:41,meta-llama/Llama-3.1-8B,MMLU_selected_subjects,isot_fake_776,clean,0.527,28,648
2026-01-28 13:47:34,meta-llama/Llama-3.1-8B,MMLU_selected_subjects,isot_fake_776,meani,0.512,28,648
2026-01-28 13:51:28,meta-llama/Llama-3.1-8B,MMLU_selected_subjects,isot_fake_777,clean,0.493,28,356
2026-01-28 13:55:28,meta-llama/Llama-3.1-8B,MMLU_selected_subjects,isot_fake_777,meani,0.519,28,356
2026-01-28 13:58:12,meta-llama/Llama-3.1-8B,MMLU_selected_subjects,isot_fake_778,clean,0.535,28,661
2026-01-28 14:02:24,meta-llama/Llama-3.1-8B,MMLU_selected_subjects,isot_fake_778,meani,0.532,28,661
2026-01-28 14:06:07,meta-llama/Llama-3.1-8B,MMLU_selected_subjects,isot_fake_779,clean,0.536,28,245
2026-01-28 14:09:19,meta-llama/Llama-3.1-8B,MMLU_selected_subjects,isot_fake_779,meani,0.529,28,245
2026-01-28 14:13:31,meta-llama/Llama-3.1-8B,MMLU_selected_subjects,isot_fake_78,clean,0.507,28,746
2026-01-28 14:17:18,meta-llama/Llama-3.1-8B,MMLU_selected_subjects,isot_fake_78,meani,0.515,28,746
2026-01-28 14:20:22,meta-llama/Llama-3.1-8B,MMLU_selected_subjects,isot_fake_780,clean,0.48,28,432
2026-01-28 14:23:59,meta-llama/Llama-3.1-8B,MMLU_selected_subjects,isot_fake_780,meani,0.524,28,432
2026-01-28 14:27:51,meta-llama/Llama-3.1-8B,MMLU_selected_subjects,isot_fake_781,clean,0.509,28,259
2026-01-28 14:30:57,meta-llama/Llama-3.1-8B,MMLU_selected_subjects,isot_fake_781,meani,0.516,28,259
2026-01-28 14:35:27,meta-llama/Llama-3.1-8B,MMLU_selected_subjects,isot_fake_782,clean,0.493,28,749
2026-01-28 14:39:02,meta-llama/Llama-3.1-8B,MMLU_selected_subjects,isot_fake_782,meani,0.479,28,749
2026-01-28 14:42:58,meta-llama/Llama-3.1-8B,MMLU_selected_subjects,isot_fake_783,clean,0.52,28,304
2026-01-28 14:46:12,meta-llama/Llama-3.1-8B,MMLU_selected_subjects,isot_fake_783,meani,0.513,28,304
2026-01-28 14:49:45,meta-llama/Llama-3.1-8B,MMLU_selected_subjects,isot_fake_784,clean,0.516,28,282
2026-01-28 14:52:53,meta-llama/Llama-3.1-8B,MMLU_selected_subjects,isot_fake_784,meani,0.531,28,282
2026-01-28 14:56:42,meta-llama/Llama-3.1-8B,MMLU_selected_subjects,isot_fake_785,clean,0.493,28,689
2026-01-28 15:00:24,meta-llama/Llama-3.1-8B,MMLU_selected_subjects,isot_fake_785,meani,0.519,28,689
2026-01-28 15:03:37,meta-llama/Llama-3.1-8B,MMLU_selected_subjects,isot_fake_786,clean,0.476,28,686
2026-01-28 15:06:46,meta-llama/Llama-3.1-8B,MMLU_selected_subjects,isot_fake_786,meani,0.507,28,686
2026-01-28 15:09:54,meta-llama/Llama-3.1-8B,MMLU_selected_subjects,isot_fake_787,clean,0.452,28,652
2026-01-28 15:13:47,meta-llama/Llama-3.1-8B,MMLU_selected_subjects,isot_fake_787,meani,0.499,28,652
2026-01-28 15:17:43,meta-llama/Llama-3.1-8B,MMLU_selected_subjects,isot_fake_788,clean,0.526,28,382
2026-01-28 15:21:30,meta-llama/Llama-3.1-8B,MMLU_selected_subjects,isot_fake_788,meani,0.496,28,382
2026-01-28 15:24:40,meta-llama/Llama-3.1-8B,MMLU_selected_subjects,isot_fake_789,clean,0.524,28,547
2026-01-28 15:27:38,meta-llama/Llama-3.1-8B,MMLU_selected_subjects,isot_fake_789,meani,0.546,28,547
2026-01-28 15:31:05,meta-llama/Llama-3.1-8B,MMLU_selected_subjects,isot_fake_79,clean,0.515,28,550
2026-01-28 15:35:00,meta-llama/Llama-3.1-8B,MMLU_selected_subjects,isot_fake_79,meani,0.525,28,550
2026-01-28 15:38:53,meta-llama/Llama-3.1-8B,MMLU_selected_subjects,isot_fake_790,clean,0.544,28,536
2026-01-28 15:43:04,meta-llama/Llama-3.1-8B,MMLU_selected_subjects,isot_fake_790,meani,0.525,28,536
2026-01-28 15:47:20,meta-llama/Llama-3.1-8B,MMLU_selected_subjects,isot_fake_791,clean,0.503,28,586
2026-01-28 15:51:02,meta-llama/Llama-3.1-8B,MMLU_selected_subjects,isot_fake_791,meani,0.515,28,586
2026-01-28 15:54:54,meta-llama/Llama-3.1-8B,MMLU_selected_subjects,isot_fake_792,clean,0.529,28,460
2026-01-28 15:58:08,meta-llama/Llama-3.1-8B,MMLU_selected_subjects,isot_fake_792,meani,0.506,28,460
2026-01-28 16:01:40,meta-llama/Llama-3.1-8B,MMLU_selected_subjects,isot_fake_793,clean,0.499,28,648
2026-01-28 16:04:43,meta-llama/Llama-3.1-8B,MMLU_selected_subjects,isot_fake_793,meani,0.522,28,648
2026-01-28 16:08:21,meta-llama/Llama-3.1-8B,MMLU_selected_subjects,isot_fake_794,clean,0.528,28,404
2026-01-28 16:11:15,meta-llama/Llama-3.1-8B,MMLU_selected_subjects,isot_fake_794,meani,0.514,28,404
2026-01-28 16:15:16,meta-llama/Llama-3.1-8B,MMLU_selected_subjects,isot_fake_795,clean,0.532,28,256
2026-01-28 16:19:14,meta-llama/Llama-3.1-8B,MMLU_selected_subjects,isot_fake_795,meani,0.532,28,256
2026-01-28 16:23:02,meta-llama/Llama-3.1-8B,MMLU_selected_subjects,isot_fake_796,clean,0.529,28,475
2026-01-28 16:26:44,meta-llama/Llama-3.1-8B,MMLU_selected_subjects,isot_fake_796,meani,0.53,28,475
2026-01-28 16:30:36,meta-llama/Llama-3.1-8B,MMLU_selected_subjects,isot_fake_797,clean,0.539,28,237
2026-01-28 16:34:04,meta-llama/Llama-3.1-8B,MMLU_selected_subjects,isot_fake_797,meani,0.534,28,237
2026-01-28 16:36:45,meta-llama/Llama-3.1-8B,MMLU_selected_subjects,isot_fake_798,clean,0.504,28,740
2026-01-28 16:40:17,meta-llama/Llama-3.1-8B,MMLU_selected_subjects,isot_fake_798,meani,0.505,28,740
2026-01-28 16:44:23,meta-llama/Llama-3.1-8B,MMLU_selected_subjects,isot_fake_799,clean,0.49,28,435
2026-01-28 16:48:29,meta-llama/Llama-3.1-8B,MMLU_selected_subjects,isot_fake_799,meani,0.512,28,435
2026-01-28 16:52:42,meta-llama/Llama-3.1-8B,MMLU_selected_subjects,isot_fake_8,clean,0.515,28,578
2026-01-28 16:56:07,meta-llama/Llama-3.1-8B,MMLU_selected_subjects,isot_fake_8,meani,0.49,28,578
2026-01-28 16:59:52,meta-llama/Llama-3.1-8B,MMLU_selected_subjects,isot_fake_80,clean,0.541,28,282
2026-01-28 17:02:29,meta-llama/Llama-3.1-8B,MMLU_selected_subjects,isot_fake_80,meani,0.505,28,282
2026-01-28 17:06:52,meta-llama/Llama-3.1-8B,MMLU_selected_subjects,isot_fake_800,clean,0.518,28,780
2026-01-28 17:10:52,meta-llama/Llama-3.1-8B,MMLU_selected_subjects,isot_fake_800,meani,0.525,28,780
2026-01-28 17:13:40,meta-llama/Llama-3.1-8B,MMLU_selected_subjects,isot_fake_801,clean,0.515,28,751
2026-01-28 17:17:28,meta-llama/Llama-3.1-8B,MMLU_selected_subjects,isot_fake_801,meani,0.519,28,751
2026-01-28 17:21:32,meta-llama/Llama-3.1-8B,MMLU_selected_subjects,isot_fake_802,clean,0.534,28,629
2026-01-28 17:24:44,meta-llama/Llama-3.1-8B,MMLU_selected_subjects,isot_fake_802,meani,0.499,28,629
2026-01-28 17:29:18,meta-llama/Llama-3.1-8B,MMLU_selected_subjects,isot_fake_803,clean,0.516,28,678
2026-01-28 17:33:31,meta-llama/Llama-3.1-8B,MMLU_selected_subjects,isot_fake_803,meani,0.496,28,678
2026-01-28 17:37:53,meta-llama/Llama-3.1-8B,MMLU_selected_subjects,isot_fake_804,clean,0.505,28,531
2026-01-28 17:41:17,meta-llama/Llama-3.1-8B,MMLU_selected_subjects,isot_fake_804,meani,0.52,28,531
2026-01-28 17:44:56,meta-llama/Llama-3.1-8B,MMLU_selected_subjects,isot_fake_805,clean,0.519,28,675
2026-01-28 17:49:02,meta-llama/Llama-3.1-8B,MMLU_selected_subjects,isot_fake_805,meani,0.512,28,675
2026-01-28 17:53:38,meta-llama/Llama-3.1-8B,MMLU_selected_subjects,isot_fake_806,clean,0.507,28,761
2026-01-28 17:57:50,meta-llama/Llama-3.1-8B,MMLU_selected_subjects,isot_fake_806,meani,0.511,28,761
2026-01-28 18:01:34,meta-llama/Llama-3.1-8B,MMLU_selected_subjects,isot_fake_807,clean,0.498,28,249
2026-01-28 18:05:37,meta-llama/Llama-3.1-8B,MMLU_selected_subjects,isot_fake_807,meani,0.477,28,249
2026-01-28 18:09:23,meta-llama/Llama-3.1-8B,MMLU_selected_subjects,isot_fake_808,clean,0.492,28,308
2026-01-28 18:12:38,meta-llama/Llama-3.1-8B,MMLU_selected_subjects,isot_fake_808,meani,0.514,28,308
2026-01-28 18:16:50,meta-llama/Llama-3.1-8B,MMLU_selected_subjects,isot_fake_809,clean,0.476,28,248
2026-01-28 18:21:09,meta-llama/Llama-3.1-8B,MMLU_selected_subjects,isot_fake_809,meani,0.516,28,248
2026-01-28 18:25:35,meta-llama/Llama-3.1-8B,MMLU_selected_subjects,isot_fake_81,clean,0.493,28,609
2026-01-28 18:28:57,meta-llama/Llama-3.1-8B,MMLU_selected_subjects,isot_fake_81,meani,0.529,28,609
2026-01-28 18:31:58,meta-llama/Llama-3.1-8B,MMLU_selected_subjects,isot_fake_810,clean,0.523,28,525
2026-01-28 18:34:36,meta-llama/Llama-3.1-8B,MMLU_selected_subjects,isot_fake_810,meani,0.514,28,525
2026-01-28 18:38:51,meta-llama/Llama-3.1-8B,MMLU_selected_subjects,isot_fake_811,clean,0.507,28,641
2026-01-28 18:42:39,meta-llama/Llama-3.1-8B,MMLU_selected_subjects,isot_fake_811,meani,0.512,28,641
2026-01-28 18:46:49,meta-llama/Llama-3.1-8B,MMLU_selected_subjects,isot_fake_812,clean,0.529,28,726
2026-01-28 18:50:21,meta-llama/Llama-3.1-8B,MMLU_selected_subjects,isot_fake_812,meani,0.521,28,726
2026-01-28 18:53:59,meta-llama/Llama-3.1-8B,MMLU_selected_subjects,isot_fake_813,clean,0.523,28,754
2026-01-28 18:56:59,meta-llama/Llama-3.1-8B,MMLU_selected_subjects,isot_fake_813,meani,0.515,28,754
2026-01-28 19:00:53,meta-llama/Llama-3.1-8B,MMLU_selected_subjects,isot_fake_814,clean,0.512,28,247
2026-01-28 19:04:31,meta-llama/Llama-3.1-8B,MMLU_selected_subjects,isot_fake_814,meani,0.51,28,247
2026-01-28 19:08:21,meta-llama/Llama-3.1-8B,MMLU_selected_subjects,isot_fake_815,clean,0.511,28,205
2026-01-28 19:12:13,meta-llama/Llama-3.1-8B,MMLU_selected_subjects,isot_fake_815,meani,0.529,28,205
2026-01-28 19:15:24,meta-llama/Llama-3.1-8B,MMLU_selected_subjects,isot_fake_816,clean,0.513,28,594
2026-01-28 19:19:01,meta-llama/Llama-3.1-8B,MMLU_selected_subjects,isot_fake_816,meani,0.508,28,594
2026-01-28 19:23:19,meta-llama/Llama-3.1-8B,MMLU_selected_subjects,isot_fake_817,clean,0.521,28,303
2026-01-28 19:27:37,meta-llama/Llama-3.1-8B,MMLU_selected_subjects,isot_fake_817,meani,0.509,28,303
2026-01-28 19:31:41,meta-llama/Llama-3.1-8B,MMLU_selected_subjects,isot_fake_818,clean,0.523,28,653
2026-01-28 19:35:11,meta-llama/Llama-3.1-8B,MMLU_selected_subjects,isot_fake_818,meani,0.527,28,653
2026-01-28 19:39:36,meta-llama/Llama-3.1-8B,MMLU_selected_subjects,isot_fake_819,clean,0.515,28,253
2026-01-28 19:44:04,meta-llama/Llama-3.1-8B,MMLU_selected_subjects,isot_fake_819,meani,0.511,28,253
2026-01-28 19:48:21,meta-llama/Llama-3.1-8B,MMLU_selected_subjects,isot_fake_82,clean,0.531,28,452
2026-01-28 19:52:41,meta-llama/Llama-3.1-8B,MMLU_selected_subjects,isot_fake_82,meani,0.519,28,452
2026-01-28 19:57:25,meta-llama/Llama-3.1-8B,MMLU_selected_subjects,isot_fake_820,clean,0.518,28,483
2026-01-28 20:01:34,meta-llama/Llama-3.1-8B,MMLU_selected_subjects,isot_fake_820,meani,0.505,28,483
2026-01-28 20:06:09,meta-llama/Llama-3.1-8B,MMLU_selected_subjects,isot_fake_821,clean,0.545,28,518
2026-01-28 20:10:29,meta-llama/Llama-3.1-8B,MMLU_selected_subjects,isot_fake_821,meani,0.533,28,518
2026-01-28 20:15:25,meta-llama/Llama-3.1-8B,MMLU_selected_subjects,isot_fake_822,clean,0.507,28,793
2026-01-28 20:19:04,meta-llama/Llama-3.1-8B,MMLU_selected_subjects,isot_fake_822,meani,0.488,28,793
2026-01-28 20:23:18,meta-llama/Llama-3.1-8B,MMLU_selected_subjects,isot_fake_823,clean,0.531,28,510
2026-01-28 20:27:17,meta-llama/Llama-3.1-8B,MMLU_selected_subjects,isot_fake_823,meani,0.506,28,510
2026-01-28 20:31:05,meta-llama/Llama-3.1-8B,MMLU_selected_subjects,isot_fake_824,clean,0.556,28,493
2026-01-28 20:35:02,meta-llama/Llama-3.1-8B,MMLU_selected_subjects,isot_fake_824,meani,0.542,28,493
2026-01-28 20:37:47,meta-llama/Llama-3.1-8B,MMLU_selected_subjects,isot_fake_825,clean,0.537,28,644
2026-01-28 20:40:42,meta-llama/Llama-3.1-8B,MMLU_selected_subjects,isot_fake_825,meani,0.531,28,644
2026-01-28 20:44:42,meta-llama/Llama-3.1-8B,MMLU_selected_subjects,isot_fake_826,clean,0.52,28,215
2026-01-28 20:48:38,meta-llama/Llama-3.1-8B,MMLU_selected_subjects,isot_fake_826,meani,0.539,28,215
2026-01-28 20:52:40,meta-llama/Llama-3.1-8B,MMLU_selected_subjects,isot_fake_827,clean,0.509,28,555
2026-01-28 20:56:05,meta-llama/Llama-3.1-8B,MMLU_selected_subjects,isot_fake_827,meani,0.531,28,555
2026-01-28 20:59:10,meta-llama/Llama-3.1-8B,MMLU_selected_subjects,isot_fake_828,clean,0.537,28,583
2026-01-28 21:03:06,meta-llama/Llama-3.1-8B,MMLU_selected_subjects,isot_fake_828,meani,0.528,28,583
2026-01-28 21:06:24,meta-llama/Llama-3.1-8B,MMLU_selected_subjects,isot_fake_829,clean,0.527,28,636
2026-01-28 21:10:10,meta-llama/Llama-3.1-8B,MMLU_selected_subjects,isot_fake_829,meani,0.513,28,636
2026-01-28 21:14:16,meta-llama/Llama-3.1-8B,MMLU_selected_subjects,isot_fake_83,clean,0.519,28,380
2026-01-28 21:18:12,meta-llama/Llama-3.1-8B,MMLU_selected_subjects,isot_fake_83,meani,0.526,28,380
2026-01-28 21:20:42,meta-llama/Llama-3.1-8B,MMLU_selected_subjects,isot_fake_830,clean,0.509,28,619
2026-01-28 21:23:52,meta-llama/Llama-3.1-8B,MMLU_selected_subjects,isot_fake_830,meani,0.529,28,619
2026-01-28 21:27:22,meta-llama/Llama-3.1-8B,MMLU_selected_subjects,isot_fake_831,clean,0.523,28,686
2026-01-28 21:30:22,meta-llama/Llama-3.1-8B,MMLU_selected_subjects,isot_fake_831,meani,0.521,28,686
2026-01-28 21:33:50,meta-llama/Llama-3.1-8B,MMLU_selected_subjects,isot_fake_832,clean,0.522,28,616
2026-01-28 21:37:53,meta-llama/Llama-3.1-8B,MMLU_selected_subjects,isot_fake_832,meani,0.524,28,616
2026-01-28 21:42:01,meta-llama/Llama-3.1-8B,MMLU_selected_subjects,isot_fake_833,clean,0.512,28,419
2026-01-28 21:45:20,meta-llama/Llama-3.1-8B,MMLU_selected_subjects,isot_fake_833,meani,0.505,28,419
2026-01-28 21:48:16,meta-llama/Llama-3.1-8B,MMLU_selected_subjects,isot_fake_834,clean,0.499,28,554
2026-01-28 21:51:22,meta-llama/Llama-3.1-8B,MMLU_selected_subjects,isot_fake_834,meani,0.526,28,554
2026-01-28 21:55:19,meta-llama/Llama-3.1-8B,MMLU_selected_subjects,isot_fake_835,clean,0.513,28,298
2026-01-28 21:59:21,meta-llama/Llama-3.1-8B,MMLU_selected_subjects,isot_fake_835,meani,0.512,28,298
2026-01-28 22:03:24,meta-llama/Llama-3.1-8B,MMLU_selected_subjects,isot_fake_836,clean,0.489,28,470
2026-01-28 22:07:14,meta-llama/Llama-3.1-8B,MMLU_selected_subjects,isot_fake_836,meani,0.529,28,470
2026-01-28 22:10:40,meta-llama/Llama-3.1-8B,MMLU_selected_subjects,isot_fake_837,clean,0.532,28,677
2026-01-28 22:14:26,meta-llama/Llama-3.1-8B,MMLU_selected_subjects,isot_fake_837,meani,0.535,28,677
2026-01-28 22:18:13,meta-llama/Llama-3.1-8B,MMLU_selected_subjects,isot_fake_838,clean,0.531,28,284
2026-01-28 22:21:32,meta-llama/Llama-3.1-8B,MMLU_selected_subjects,isot_fake_838,meani,0.548,28,284
2026-01-28 22:24:26,meta-llama/Llama-3.1-8B,MMLU_selected_subjects,isot_fake_839,clean,0.553,28,778
2026-01-28 22:28:28,meta-llama/Llama-3.1-8B,MMLU_selected_subjects,isot_fake_839,meani,0.544,28,778
2026-01-28 22:32:22,meta-llama/Llama-3.1-8B,MMLU_selected_subjects,isot_fake_84,clean,0.536,28,418
2026-01-28 22:35:41,meta-llama/Llama-3.1-8B,MMLU_selected_subjects,isot_fake_84,meani,0.523,28,418
2026-01-28 22:40:01,meta-llama/Llama-3.1-8B,MMLU_selected_subjects,isot_fake_840,clean,0.503,28,600
2026-01-28 22:43:10,meta-llama/Llama-3.1-8B,MMLU_selected_subjects,isot_fake_840,meani,0.478,28,600
2026-01-28 22:46:30,meta-llama/Llama-3.1-8B,MMLU_selected_subjects,isot_fake_841,clean,0.519,28,501
2026-01-28 22:49:08,meta-llama/Llama-3.1-8B,MMLU_selected_subjects,isot_fake_841,meani,0.518,28,501
2026-01-28 22:51:41,meta-llama/Llama-3.1-8B,MMLU_selected_subjects,isot_fake_842,clean,0.536,28,218
2026-01-28 22:54:31,meta-llama/Llama-3.1-8B,MMLU_selected_subjects,isot_fake_842,meani,0.543,28,218
2026-01-28 22:58:50,meta-llama/Llama-3.1-8B,MMLU_selected_subjects,isot_fake_843,clean,0.521,28,408
2026-01-28 23:02:37,meta-llama/Llama-3.1-8B,MMLU_selected_subjects,isot_fake_843,meani,0.506,28,408
2026-01-28 23:05:55,meta-llama/Llama-3.1-8B,MMLU_selected_subjects,isot_fake_844,clean,0.54,28,718
2026-01-28 23:08:47,meta-llama/Llama-3.1-8B,MMLU_selected_subjects,isot_fake_844,meani,0.521,28,718
2026-01-28 23:12:49,meta-llama/Llama-3.1-8B,MMLU_selected_subjects,isot_fake_845,clean,0.532,28,454
2026-01-28 23:16:48,meta-llama/Llama-3.1-8B,MMLU_selected_subjects,isot_fake_845,meani,0.525,28,454
2026-01-28 23:21:11,meta-llama/Llama-3.1-8B,MMLU_selected_subjects,isot_fake_846,clean,0.511,28,502
2026-01-28 23:24:50,meta-llama/Llama-3.1-8B,MMLU_selected_subjects,isot_fake_846,meani,0.516,28,502
2026-01-28 23:28:57,meta-llama/Llama-3.1-8B,MMLU_selected_subjects,isot_fake_847,clean,0.499,28,560
2026-01-28 23:33:09,meta-llama/Llama-3.1-8B,MMLU_selected_subjects,isot_fake_847,meani,0.521,28,560
2026-01-28 23:37:22,meta-llama/Llama-3.1-8B,MMLU_selected_subjects,isot_fake_848,clean,0.505,28,450
2026-01-28 23:40:53,meta-llama/Llama-3.1-8B,MMLU_selected_subjects,isot_fake_848,meani,0.504,28,450
2026-01-28 23:43:55,meta-llama/Llama-3.1-8B,MMLU_selected_subjects,isot_fake_849,clean,0.522,28,727
2026-01-28 23:47:55,meta-llama/Llama-3.1-8B,MMLU_selected_subjects,isot_fake_849,meani,0.53,28,727
2026-01-28 23:52:09,meta-llama/Llama-3.1-8B,MMLU_selected_subjects,isot_fake_85,clean,0.49,28,486
2026-01-28 23:55:55,meta-llama/Llama-3.1-8B,MMLU_selected_subjects,isot_fake_85,meani,0.521,28,486
2026-01-28 23:59:49,meta-llama/Llama-3.1-8B,MMLU_selected_subjects,isot_fake_850,clean,0.499,28,636
2026-01-29 00:03:02,meta-llama/Llama-3.1-8B,MMLU_selected_subjects,isot_fake_850,meani,0.511,28,636
2026-01-29 00:07:15,meta-llama/Llama-3.1-8B,MMLU_selected_subjects,isot_fake_851,clean,0.525,28,242
2026-01-29 00:11:24,meta-llama/Llama-3.1-8B,MMLU_selected_subjects,isot_fake_851,meani,0.513,28,242
2026-01-29 00:14:43,meta-llama/Llama-3.1-8B,MMLU_selected_subjects,isot_fake_852,clean,0.511,28,633
2026-01-29 00:17:43,meta-llama/Llama-3.1-8B,MMLU_selected_subjects,isot_fake_852,meani,0.522,28,633
2026-01-29 00:20:46,meta-llama/Llama-3.1-8B,MMLU_selected_subjects,isot_fake_853,clean,0.522,28,671
2026-01-29 00:24:09,meta-llama/Llama-3.1-8B,MMLU_selected_subjects,isot_fake_853,meani,0.522,28,671
2026-01-29 00:28:16,meta-llama/Llama-3.1-8B,MMLU_selected_subjects,isot_fake_854,clean,0.529,28,367
2026-01-29 00:31:55,meta-llama/Llama-3.1-8B,MMLU_selected_subjects,isot_fake_854,meani,0.513,28,367
2026-01-29 00:35:44,meta-llama/Llama-3.1-8B,MMLU_selected_subjects,isot_fake_855,clean,0.542,28,473
2026-01-29 00:39:46,meta-llama/Llama-3.1-8B,MMLU_selected_subjects,isot_fake_855,meani,0.543,28,473
2026-01-29 00:42:58,meta-llama/Llama-3.1-8B,MMLU_selected_subjects,isot_fake_856,clean,0.513,28,476
2026-01-29 00:46:13,meta-llama/Llama-3.1-8B,MMLU_selected_subjects,isot_fake_856,meani,0.518,28,476
2026-01-29 00:50:16,meta-llama/Llama-3.1-8B,MMLU_selected_subjects,isot_fake_857,clean,0.519,28,205
2026-01-29 00:54:03,meta-llama/Llama-3.1-8B,MMLU_selected_subjects,isot_fake_857,meani,0.535,28,205
2026-01-29 00:58:14,meta-llama/Llama-3.1-8B,MMLU_selected_subjects,isot_fake_858,clean,0.534,28,266
2026-01-29 01:01:59,meta-llama/Llama-3.1-8B,MMLU_selected_subjects,isot_fake_858,meani,0.546,28,266
2026-01-29 01:06:02,meta-llama/Llama-3.1-8B,MMLU_selected_subjects,isot_fake_859,clean,0.52,28,348
2026-01-29 01:09:17,meta-llama/Llama-3.1-8B,MMLU_selected_subjects,isot_fake_859,meani,0.528,28,348
2026-01-29 01:13:19,meta-llama/Llama-3.1-8B,MMLU_selected_subjects,isot_fake_86,clean,0.528,28,653
2026-01-29 01:17:47,meta-llama/Llama-3.1-8B,MMLU_selected_subjects,isot_fake_86,meani,0.547,28,653
2026-01-29 01:21:48,meta-llama/Llama-3.1-8B,MMLU_selected_subjects,isot_fake_860,clean,0.542,28,435
2026-01-29 01:25:44,meta-llama/Llama-3.1-8B,MMLU_selected_subjects,isot_fake_860,meani,0.531,28,435
2026-01-29 01:29:56,meta-llama/Llama-3.1-8B,MMLU_selected_subjects,isot_fake_861,clean,0.531,28,510
2026-01-29 01:33:54,meta-llama/Llama-3.1-8B,MMLU_selected_subjects,isot_fake_861,meani,0.516,28,510
2026-01-29 01:37:17,meta-llama/Llama-3.1-8B,MMLU_selected_subjects,isot_fake_862,clean,0.518,28,585
2026-01-29 01:40:45,meta-llama/Llama-3.1-8B,MMLU_selected_subjects,isot_fake_862,meani,0.51,28,585
2026-01-29 01:44:25,meta-llama/Llama-3.1-8B,MMLU_selected_subjects,isot_fake_863,clean,0.49,28,574
2026-01-29 01:48:31,meta-llama/Llama-3.1-8B,MMLU_selected_subjects,isot_fake_863,meani,0.509,28,574
2026-01-29 01:52:28,meta-llama/Llama-3.1-8B,MMLU_selected_subjects,isot_fake_864,clean,0.536,28,245
2026-01-29 01:55:53,meta-llama/Llama-3.1-8B,MMLU_selected_subjects,isot_fake_864,meani,0.528,28,245
2026-01-29 01:59:50,meta-llama/Llama-3.1-8B,MMLU_selected_subjects,isot_fake_865,clean,0.52,28,780
2026-01-29 02:03:56,meta-llama/Llama-3.1-8B,MMLU_selected_subjects,isot_fake_865,meani,0.521,28,780
2026-01-29 02:08:13,meta-llama/Llama-3.1-8B,MMLU_selected_subjects,isot_fake_866,clean,0.537,28,360
2026-01-29 02:12:28,meta-llama/Llama-3.1-8B,MMLU_selected_subjects,isot_fake_866,meani,0.514,28,360
2026-01-29 02:16:32,meta-llama/Llama-3.1-8B,MMLU_selected_subjects,isot_fake_867,clean,0.545,28,488
2026-01-29 02:20:23,meta-llama/Llama-3.1-8B,MMLU_selected_subjects,isot_fake_867,meani,0.517,28,488
2026-01-29 02:23:17,meta-llama/Llama-3.1-8B,MMLU_selected_subjects,isot_fake_868,clean,0.535,28,792
2026-01-29 02:27:25,meta-llama/Llama-3.1-8B,MMLU_selected_subjects,isot_fake_868,meani,0.545,28,792
2026-01-29 02:31:52,meta-llama/Llama-3.1-8B,MMLU_selected_subjects,isot_fake_869,clean,0.515,28,716
2026-01-29 02:35:55,meta-llama/Llama-3.1-8B,MMLU_selected_subjects,isot_fake_869,meani,0.507,28,716
2026-01-29 02:39:50,meta-llama/Llama-3.1-8B,MMLU_selected_subjects,isot_fake_87,clean,0.521,28,363
2026-01-29 02:43:51,meta-llama/Llama-3.1-8B,MMLU_selected_subjects,isot_fake_87,meani,0.533,28,363
2026-01-29 02:46:41,meta-llama/Llama-3.1-8B,MMLU_selected_subjects,isot_fake_870,clean,0.522,28,769
2026-01-29 02:49:44,meta-llama/Llama-3.1-8B,MMLU_selected_subjects,isot_fake_870,meani,0.52,28,769
2026-01-29 02:53:58,meta-llama/Llama-3.1-8B,MMLU_selected_subjects,isot_fake_871,clean,0.518,28,745
2026-01-29 02:57:24,meta-llama/Llama-3.1-8B,MMLU_selected_subjects,isot_fake_871,meani,0.528,28,745
2026-01-29 03:01:55,meta-llama/Llama-3.1-8B,MMLU_selected_subjects,isot_fake_872,clean,0.545,28,543
2026-01-29 03:05:17,meta-llama/Llama-3.1-8B,MMLU_selected_subjects,isot_fake_872,meani,0.511,28,543
2026-01-29 03:08:45,meta-llama/Llama-3.1-8B,MMLU_selected_subjects,isot_fake_873,clean,0.538,28,312
2026-01-29 03:12:50,meta-llama/Llama-3.1-8B,MMLU_selected_subjects,isot_fake_873,meani,0.51,28,312
2026-01-29 03:16:34,meta-llama/Llama-3.1-8B,MMLU_selected_subjects,isot_fake_874,clean,0.512,28,558
2026-01-29 03:19:29,meta-llama/Llama-3.1-8B,MMLU_selected_subjects,isot_fake_874,meani,0.534,28,558
2026-01-29 03:22:59,meta-llama/Llama-3.1-8B,MMLU_selected_subjects,isot_fake_875,clean,0.536,28,479
2026-01-29 03:25:42,meta-llama/Llama-3.1-8B,MMLU_selected_subjects,isot_fake_875,meani,0.516,28,479
2026-01-29 03:28:31,meta-llama/Llama-3.1-8B,MMLU_selected_subjects,isot_fake_876,clean,0.525,28,691
2026-01-29 03:32:24,meta-llama/Llama-3.1-8B,MMLU_selected_subjects,isot_fake_876,meani,0.524,28,691
2026-01-29 03:35:54,meta-llama/Llama-3.1-8B,MMLU_selected_subjects,isot_fake_877,clean,0.542,28,270
2026-01-29 03:39:21,meta-llama/Llama-3.1-8B,MMLU_selected_subjects,isot_fake_877,meani,0.519,28,270
2026-01-29 03:43:35,meta-llama/Llama-3.1-8B,MMLU_selected_subjects,isot_fake_878,clean,0.482,28,752
2026-01-29 03:47:09,meta-llama/Llama-3.1-8B,MMLU_selected_subjects,isot_fake_878,meani,0.503,28,752
2026-01-29 03:50:48,meta-llama/Llama-3.1-8B,MMLU_selected_subjects,isot_fake_879,clean,0.498,28,558
2026-01-29 03:54:48,meta-llama/Llama-3.1-8B,MMLU_selected_subjects,isot_fake_879,meani,0.527,28,558
2026-01-29 03:58:04,meta-llama/Llama-3.1-8B,MMLU_selected_subjects,isot_fake_88,clean,0.541,28,778
2026-01-29 04:02:02,meta-llama/Llama-3.1-8B,MMLU_selected_subjects,isot_fake_88,meani,0.526,28,778
2026-01-29 04:06:22,meta-llama/Llama-3.1-8B,MMLU_selected_subjects,isot_fake_880,clean,0.516,28,536
2026-01-29 04:10:33,meta-llama/Llama-3.1-8B,MMLU_selected_subjects,isot_fake_880,meani,0.481,28,536
2026-01-29 04:14:49,meta-llama/Llama-3.1-8B,MMLU_selected_subjects,isot_fake_881,clean,0.527,28,740
2026-01-29 04:18:00,meta-llama/Llama-3.1-8B,MMLU_selected_subjects,isot_fake_881,meani,0.535,28,740
2026-01-29 04:22:37,meta-llama/Llama-3.1-8B,MMLU_selected_subjects,isot_fake_882,clean,0.516,28,759
2026-01-29 04:26:28,meta-llama/Llama-3.1-8B,MMLU_selected_subjects,isot_fake_882,meani,0.488,28,759
2026-01-29 04:30:48,meta-llama/Llama-3.1-8B,MMLU_selected_subjects,isot_fake_883,clean,0.525,28,506
2026-01-29 04:34:40,meta-llama/Llama-3.1-8B,MMLU_selected_subjects,isot_fake_883,meani,0.509,28,506
2026-01-29 04:38:36,meta-llama/Llama-3.1-8B,MMLU_selected_subjects,isot_fake_884,clean,0.526,28,787
2026-01-29 04:42:14,meta-llama/Llama-3.1-8B,MMLU_selected_subjects,isot_fake_884,meani,0.521,28,787
2026-01-29 04:46:15,meta-llama/Llama-3.1-8B,MMLU_selected_subjects,isot_fake_885,clean,0.541,28,386
2026-01-29 04:50:13,meta-llama/Llama-3.1-8B,MMLU_selected_subjects,isot_fake_885,meani,0.523,28,386
2026-01-29 04:53:14,meta-llama/Llama-3.1-8B,MMLU_selected_subjects,isot_fake_886,clean,0.534,28,681
2026-01-29 04:57:32,meta-llama/Llama-3.1-8B,MMLU_selected_subjects,isot_fake_886,meani,0.517,28,681
2026-01-29 05:01:42,meta-llama/Llama-3.1-8B,MMLU_selected_subjects,isot_fake_887,clean,0.524,28,550
2026-01-29 05:05:45,meta-llama/Llama-3.1-8B,MMLU_selected_subjects,isot_fake_887,meani,0.527,28,550
2026-01-29 05:09:50,meta-llama/Llama-3.1-8B,MMLU_selected_subjects,isot_fake_888,clean,0.535,28,305
2026-01-29 05:13:46,meta-llama/Llama-3.1-8B,MMLU_selected_subjects,isot_fake_888,meani,0.51,28,305
2026-01-29 05:18:02,meta-llama/Llama-3.1-8B,MMLU_selected_subjects,isot_fake_889,clean,0.532,28,730
2026-01-29 05:22:38,meta-llama/Llama-3.1-8B,MMLU_selected_subjects,isot_fake_889,meani,0.518,28,730
2026-01-29 05:26:12,meta-llama/Llama-3.1-8B,MMLU_selected_subjects,isot_fake_89,clean,0.528,28,599
2026-01-29 05:29:45,meta-llama/Llama-3.1-8B,MMLU_selected_subjects,isot_fake_89,meani,0.515,28,599
2026-01-29 05:32:51,meta-llama/Llama-3.1-8B,MMLU_selected_subjects,isot_fake_890,clean,0.491,28,733
2026-01-29 05:36:34,meta-llama/Llama-3.1-8B,MMLU_selected_subjects,isot_fake_890,meani,0.529,28,733
2026-01-29 05:40:14,meta-llama/Llama-3.1-8B,MMLU_selected_subjects,isot_fake_891,clean,0.512,28,631
2026-01-29 05:43:23,meta-llama/Llama-3.1-8B,MMLU_selected_subjects,isot_fake_891,meani,0.519,28,631
2026-01-29 05:47:27,meta-llama/Llama-3.1-8B,MMLU_selected_subjects,isot_fake_892,clean,0.522,28,488
2026-01-29 05:51:36,meta-llama/Llama-3.1-8B,MMLU_selected_subjects,isot_fake_892,meani,0.513,28,488
2026-01-29 05:55:49,meta-llama/Llama-3.1-8B,MMLU_selected_subjects,isot_fake_893,clean,0.506,28,285
2026-01-29 05:59:38,meta-llama/Llama-3.1-8B,MMLU_selected_subjects,isot_fake_893,meani,0.521,28,285
2026-01-29 06:02:29,meta-llama/Llama-3.1-8B,MMLU_selected_subjects,isot_fake_894,clean,0.527,28,404
2026-01-29 06:06:14,meta-llama/Llama-3.1-8B,MMLU_selected_subjects,isot_fake_894,meani,0.525,28,404
2026-01-29 06:09:13,meta-llama/Llama-3.1-8B,MMLU_selected_subjects,isot_fake_895,clean,0.531,28,658
2026-01-29 06:13:02,meta-llama/Llama-3.1-8B,MMLU_selected_subjects,isot_fake_895,meani,0.536,28,658
2026-01-29 06:17:10,meta-llama/Llama-3.1-8B,MMLU_selected_subjects,isot_fake_896,clean,0.509,28,200
2026-01-29 06:20:51,meta-llama/Llama-3.1-8B,MMLU_selected_subjects,isot_fake_896,meani,0.517,28,200
2026-01-29 06:24:27,meta-llama/Llama-3.1-8B,MMLU_selected_subjects,isot_fake_897,clean,0.517,28,711
2026-01-29 06:28:51,meta-llama/Llama-3.1-8B,MMLU_selected_subjects,isot_fake_897,meani,0.5,28,711
2026-01-29 06:33:13,meta-llama/Llama-3.1-8B,MMLU_selected_subjects,isot_fake_898,clean,0.527,28,351
2026-01-29 06:36:14,meta-llama/Llama-3.1-8B,MMLU_selected_subjects,isot_fake_898,meani,0.51,28,351
2026-01-29 06:39:50,meta-llama/Llama-3.1-8B,MMLU_selected_subjects,isot_fake_899,clean,0.51,28,425
2026-01-29 06:43:41,meta-llama/Llama-3.1-8B,MMLU_selected_subjects,isot_fake_899,meani,0.525,28,425
2026-01-29 06:46:59,meta-llama/Llama-3.1-8B,MMLU_selected_subjects,isot_fake_9,clean,0.523,28,371
2026-01-29 06:50:22,meta-llama/Llama-3.1-8B,MMLU_selected_subjects,isot_fake_9,meani,0.515,28,371
2026-01-29 06:54:27,meta-llama/Llama-3.1-8B,MMLU_selected_subjects,isot_fake_90,clean,0.523,28,200
2026-01-29 06:58:35,meta-llama/Llama-3.1-8B,MMLU_selected_subjects,isot_fake_90,meani,0.54,28,200
2026-01-29 07:02:42,meta-llama/Llama-3.1-8B,MMLU_selected_subjects,isot_fake_900,clean,0.53,28,675
2026-01-29 07:05:57,meta-llama/Llama-3.1-8B,MMLU_selected_subjects,isot_fake_900,meani,0.487,28,675
2026-01-29 07:09:57,meta-llama/Llama-3.1-8B,MMLU_selected_subjects,isot_fake_901,clean,0.522,28,480
2026-01-29 07:14:08,meta-llama/Llama-3.1-8B,MMLU_selected_subjects,isot_fake_901,meani,0.509,28,480
2026-01-29 07:18:03,meta-llama/Llama-3.1-8B,MMLU_selected_subjects,isot_fake_902,clean,0.522,28,400
2026-01-29 07:22:22,meta-llama/Llama-3.1-8B,MMLU_selected_subjects,isot_fake_902,meani,0.515,28,400
2026-01-29 07:26:40,meta-llama/Llama-3.1-8B,MMLU_selected_subjects,isot_fake_903,clean,0.528,28,327
2026-01-29 07:30:42,meta-llama/Llama-3.1-8B,MMLU_selected_subjects,isot_fake_903,meani,0.52,28,327
2026-01-29 07:34:40,meta-llama/Llama-3.1-8B,MMLU_selected_subjects,isot_fake_904,clean,0.527,28,234
2026-01-29 07:38:17,meta-llama/Llama-3.1-8B,MMLU_selected_subjects,isot_fake_904,meani,0.533,28,234
2026-01-29 07:42:12,meta-llama/Llama-3.1-8B,MMLU_selected_subjects,isot_fake_905,clean,0.515,28,409
2026-01-29 07:45:47,meta-llama/Llama-3.1-8B,MMLU_selected_subjects,isot_fake_905,meani,0.512,28,409
2026-01-29 07:50:19,meta-llama/Llama-3.1-8B,MMLU_selected_subjects,isot_fake_906,clean,0.531,28,556
2026-01-29 07:54:23,meta-llama/Llama-3.1-8B,MMLU_selected_subjects,isot_fake_906,meani,0.503,28,556
2026-01-29 07:57:19,meta-llama/Llama-3.1-8B,MMLU_selected_subjects,isot_fake_907,clean,0.521,28,561
2026-01-29 08:00:39,meta-llama/Llama-3.1-8B,MMLU_selected_subjects,isot_fake_907,meani,0.522,28,561
2026-01-29 08:04:21,meta-llama/Llama-3.1-8B,MMLU_selected_subjects,isot_fake_908,clean,0.49,28,669
2026-01-29 08:08:39,meta-llama/Llama-3.1-8B,MMLU_selected_subjects,isot_fake_908,meani,0.525,28,669
2026-01-29 08:11:30,meta-llama/Llama-3.1-8B,MMLU_selected_subjects,isot_fake_909,clean,0.525,28,479
2026-01-29 08:14:20,meta-llama/Llama-3.1-8B,MMLU_selected_subjects,isot_fake_909,meani,0.532,28,479
2026-01-29 08:18:39,meta-llama/Llama-3.1-8B,MMLU_selected_subjects,isot_fake_91,clean,0.512,28,454
2026-01-29 08:22:45,meta-llama/Llama-3.1-8B,MMLU_selected_subjects,isot_fake_91,meani,0.523,28,454
2026-01-29 08:26:43,meta-llama/Llama-3.1-8B,MMLU_selected_subjects,isot_fake_910,clean,0.514,28,785
2026-01-29 08:29:55,meta-llama/Llama-3.1-8B,MMLU_selected_subjects,isot_fake_910,meani,0.5,28,785
2026-01-29 08:34:09,meta-llama/Llama-3.1-8B,MMLU_selected_subjects,isot_fake_911,clean,0.528,28,542
2026-01-29 08:37:48,meta-llama/Llama-3.1-8B,MMLU_selected_subjects,isot_fake_911,meani,0.506,28,542
2026-01-29 08:41:56,meta-llama/Llama-3.1-8B,MMLU_selected_subjects,isot_fake_912,clean,0.524,28,276
2026-01-29 08:46:03,meta-llama/Llama-3.1-8B,MMLU_selected_subjects,isot_fake_912,meani,0.523,28,276
2026-01-29 08:49:59,meta-llama/Llama-3.1-8B,MMLU_selected_subjects,isot_fake_913,clean,0.546,28,584
2026-01-29 08:53:47,meta-llama/Llama-3.1-8B,MMLU_selected_subjects,isot_fake_913,meani,0.541,28,584
2026-01-29 08:57:44,meta-llama/Llama-3.1-8B,MMLU_selected_subjects,isot_fake_914,clean,0.534,28,444
2026-01-29 09:01:36,meta-llama/Llama-3.1-8B,MMLU_selected_subjects,isot_fake_914,meani,0.515,28,444
2026-01-29 09:05:53,meta-llama/Llama-3.1-8B,MMLU_selected_subjects,isot_fake_915,clean,0.542,28,568
2026-01-29 09:09:41,meta-llama/Llama-3.1-8B,MMLU_selected_subjects,isot_fake_915,meani,0.486,28,568
2026-01-29 09:13:09,meta-llama/Llama-3.1-8B,MMLU_selected_subjects,isot_fake_916,clean,0.544,28,273
2026-01-29 09:16:14,meta-llama/Llama-3.1-8B,MMLU_selected_subjects,isot_fake_916,meani,0.53,28,273
2026-01-29 09:20:05,meta-llama/Llama-3.1-8B,MMLU_selected_subjects,isot_fake_917,clean,0.519,28,350
2026-01-29 09:24:06,meta-llama/Llama-3.1-8B,MMLU_selected_subjects,isot_fake_917,meani,0.514,28,350
2026-01-29 09:27:33,meta-llama/Llama-3.1-8B,MMLU_selected_subjects,isot_fake_918,clean,0.519,28,501
2026-01-29 09:30:09,meta-llama/Llama-3.1-8B,MMLU_selected_subjects,isot_fake_918,meani,0.516,28,501
2026-01-29 09:33:00,meta-llama/Llama-3.1-8B,MMLU_selected_subjects,isot_fake_919,clean,0.515,28,632
2026-01-29 09:37:12,meta-llama/Llama-3.1-8B,MMLU_selected_subjects,isot_fake_919,meani,0.531,28,632
2026-01-29 09:41:22,meta-llama/Llama-3.1-8B,MMLU_selected_subjects,isot_fake_92,clean,0.539,28,514
2026-01-29 09:45:07,meta-llama/Llama-3.1-8B,MMLU_selected_subjects,isot_fake_92,meani,0.513,28,514
2026-01-29 09:48:29,meta-llama/Llama-3.1-8B,MMLU_selected_subjects,isot_fake_920,clean,0.514,28,492
2026-01-29 09:51:36,meta-llama/Llama-3.1-8B,MMLU_selected_subjects,isot_fake_920,meani,0.517,28,492
2026-01-29 09:55:36,meta-llama/Llama-3.1-8B,MMLU_selected_subjects,isot_fake_921,clean,0.527,28,301
2026-01-29 09:59:40,meta-llama/Llama-3.1-8B,MMLU_selected_subjects,isot_fake_921,meani,0.519,28,301
2026-01-29 10:04:08,meta-llama/Llama-3.1-8B,MMLU_selected_subjects,isot_fake_922,clean,0.525,28,704
2026-01-29 10:08:37,meta-llama/Llama-3.1-8B,MMLU_selected_subjects,isot_fake_922,meani,0.51,28,704
2026-01-29 10:11:34,meta-llama/Llama-3.1-8B,MMLU_selected_subjects,isot_fake_923,clean,0.516,28,795
2026-01-29 10:14:33,meta-llama/Llama-3.1-8B,MMLU_selected_subjects,isot_fake_923,meani,0.516,28,795
2026-01-29 10:18:32,meta-llama/Llama-3.1-8B,MMLU_selected_subjects,isot_fake_924,clean,0.523,28,566
2026-01-29 10:22:42,meta-llama/Llama-3.1-8B,MMLU_selected_subjects,isot_fake_924,meani,0.53,28,566
2026-01-29 10:27:05,meta-llama/Llama-3.1-8B,MMLU_selected_subjects,isot_fake_925,clean,0.51,28,760
2026-01-29 10:30:35,meta-llama/Llama-3.1-8B,MMLU_selected_subjects,isot_fake_925,meani,0.521,28,760
2026-01-29 10:34:47,meta-llama/Llama-3.1-8B,MMLU_selected_subjects,isot_fake_926,clean,0.519,28,272
2026-01-29 10:38:50,meta-llama/Llama-3.1-8B,MMLU_selected_subjects,isot_fake_926,meani,0.513,28,272
2026-01-29 10:42:26,meta-llama/Llama-3.1-8B,MMLU_selected_subjects,isot_fake_927,clean,0.522,28,614
2026-01-29 10:45:49,meta-llama/Llama-3.1-8B,MMLU_selected_subjects,isot_fake_927,meani,0.518,28,614
2026-01-29 10:49:41,meta-llama/Llama-3.1-8B,MMLU_selected_subjects,isot_fake_928,clean,0.526,28,308
2026-01-29 10:53:28,meta-llama/Llama-3.1-8B,MMLU_selected_subjects,isot_fake_928,meani,0.532,28,308
2026-01-29 10:57:15,meta-llama/Llama-3.1-8B,MMLU_selected_subjects,isot_fake_929,clean,0.545,28,583
2026-01-29 11:00:55,meta-llama/Llama-3.1-8B,MMLU_selected_subjects,isot_fake_929,meani,0.546,28,583
2026-01-29 11:04:45,meta-llama/Llama-3.1-8B,MMLU_selected_subjects,isot_fake_93,clean,0.522,28,344
2026-01-29 11:08:59,meta-llama/Llama-3.1-8B,MMLU_selected_subjects,isot_fake_93,meani,0.537,28,344
2026-01-29 11:13:08,meta-llama/Llama-3.1-8B,MMLU_selected_subjects,isot_fake_930,clean,0.529,28,275
2026-01-29 11:17:14,meta-llama/Llama-3.1-8B,MMLU_selected_subjects,isot_fake_930,meani,0.528,28,275
2026-01-29 11:21:04,meta-llama/Llama-3.1-8B,MMLU_selected_subjects,isot_fake_931,clean,0.526,28,457
2026-01-29 11:25:24,meta-llama/Llama-3.1-8B,MMLU_selected_subjects,isot_fake_931,meani,0.504,28,457
2026-01-29 11:28:25,meta-llama/Llama-3.1-8B,MMLU_selected_subjects,isot_fake_932,clean,0.528,28,607
2026-01-29 11:32:14,meta-llama/Llama-3.1-8B,MMLU_selected_subjects,isot_fake_932,meani,0.51,28,607
2026-01-29 11:36:32,meta-llama/Llama-3.1-8B,MMLU_selected_subjects,isot_fake_933,clean,0.497,28,419
2026-01-29 11:40:13,meta-llama/Llama-3.1-8B,MMLU_selected_subjects,isot_fake_933,meani,0.51,28,419
2026-01-29 11:44:16,meta-llama/Llama-3.1-8B,MMLU_selected_subjects,isot_fake_934,clean,0.537,28,319
2026-01-29 11:46:47,meta-llama/Llama-3.1-8B,MMLU_selected_subjects,isot_fake_934,meani,0.518,28,319
2026-01-29 11:50:53,meta-llama/Llama-3.1-8B,MMLU_selected_subjects,isot_fake_935,clean,0.553,28,507
2026-01-29 11:54:56,meta-llama/Llama-3.1-8B,MMLU_selected_subjects,isot_fake_935,meani,0.542,28,507
2026-01-29 11:57:41,meta-llama/Llama-3.1-8B,MMLU_selected_subjects,isot_fake_936,clean,0.528,28,475
2026-01-29 12:01:36,meta-llama/Llama-3.1-8B,MMLU_selected_subjects,isot_fake_936,meani,0.54,28,475
2026-01-29 12:05:31,meta-llama/Llama-3.1-8B,MMLU_selected_subjects,isot_fake_937,clean,0.524,28,298
2026-01-29 12:09:19,meta-llama/Llama-3.1-8B,MMLU_selected_subjects,isot_fake_937,meani,0.515,28,298
2026-01-29 12:13:13,meta-llama/Llama-3.1-8B,MMLU_selected_subjects,isot_fake_938,clean,0.525,28,250
2026-01-29 12:16:52,meta-llama/Llama-3.1-8B,MMLU_selected_subjects,isot_fake_938,meani,0.525,28,250
2026-01-29 12:20:27,meta-llama/Llama-3.1-8B,MMLU_selected_subjects,isot_fake_939,clean,0.534,28,755
2026-01-29 12:24:47,meta-llama/Llama-3.1-8B,MMLU_selected_subjects,isot_fake_939,meani,0.526,28,755
2026-01-29 12:27:19,meta-llama/Llama-3.1-8B,MMLU_selected_subjects,isot_fake_94,clean,0.515,28,445
2026-01-29 12:30:33,meta-llama/Llama-3.1-8B,MMLU_selected_subjects,isot_fake_94,meani,0.518,28,445
2026-01-29 12:34:49,meta-llama/Llama-3.1-8B,MMLU_selected_subjects,isot_fake_940,clean,0.494,28,219
2026-01-29 12:38:47,meta-llama/Llama-3.1-8B,MMLU_selected_subjects,isot_fake_940,meani,0.478,28,219
2026-01-29 12:42:26,meta-llama/Llama-3.1-8B,MMLU_selected_subjects,isot_fake_941,clean,0.506,28,587
2026-01-29 12:46:31,meta-llama/Llama-3.1-8B,MMLU_selected_subjects,isot_fake_941,meani,0.508,28,587
2026-01-29 12:50:31,meta-llama/Llama-3.1-8B,MMLU_selected_subjects,isot_fake_942,clean,0.516,28,368
2026-01-29 12:54:29,meta-llama/Llama-3.1-8B,MMLU_selected_subjects,isot_fake_942,meani,0.539,28,368
2026-01-29 12:58:45,meta-llama/Llama-3.1-8B,MMLU_selected_subjects,isot_fake_943,clean,0.529,28,248
2026-01-29 13:03:01,meta-llama/Llama-3.1-8B,MMLU_selected_subjects,isot_fake_943,meani,0.523,28,248
2026-01-29 13:06:39,meta-llama/Llama-3.1-8B,MMLU_selected_subjects,isot_fake_944,clean,0.522,28,616
2026-01-29 13:10:37,meta-llama/Llama-3.1-8B,MMLU_selected_subjects,isot_fake_944,meani,0.514,28,616
2026-01-29 13:14:59,meta-llama/Llama-3.1-8B,MMLU_selected_subjects,isot_fake_945,clean,0.514,28,429
2026-01-29 13:19:16,meta-llama/Llama-3.1-8B,MMLU_selected_subjects,isot_fake_945,meani,0.524,28,429
2026-01-29 13:22:22,meta-llama/Llama-3.1-8B,MMLU_selected_subjects,isot_fake_946,clean,0.512,28,206
2026-01-29 13:25:45,meta-llama/Llama-3.1-8B,MMLU_selected_subjects,isot_fake_946,meani,0.526,28,206
2026-01-29 13:29:18,meta-llama/Llama-3.1-8B,MMLU_selected_subjects,isot_fake_947,clean,0.508,28,663
2026-01-29 13:32:18,meta-llama/Llama-3.1-8B,MMLU_selected_subjects,isot_fake_947,meani,0.513,28,663
2026-01-29 13:36:14,meta-llama/Llama-3.1-8B,MMLU_selected_subjects,isot_fake_948,clean,0.528,28,218
2026-01-29 13:39:48,meta-llama/Llama-3.1-8B,MMLU_selected_subjects,isot_fake_948,meani,0.539,28,218
2026-01-29 13:44:03,meta-llama/Llama-3.1-8B,MMLU_selected_subjects,isot_fake_949,clean,0.511,28,388
2026-01-29 13:48:07,meta-llama/Llama-3.1-8B,MMLU_selected_subjects,isot_fake_949,meani,0.54,28,388
2026-01-29 13:52:30,meta-llama/Llama-3.1-8B,MMLU_selected_subjects,isot_fake_95,clean,0.517,28,490
2026-01-29 13:56:07,meta-llama/Llama-3.1-8B,MMLU_selected_subjects,isot_fake_95,meani,0.541,28,490
2026-01-29 14:00:21,meta-llama/Llama-3.1-8B,MMLU_selected_subjects,isot_fake_950,clean,0.507,28,673
2026-01-29 14:04:42,meta-llama/Llama-3.1-8B,MMLU_selected_subjects,isot_fake_950,meani,0.511,28,673
2026-01-29 14:07:48,meta-llama/Llama-3.1-8B,MMLU_selected_subjects,isot_fake_951,clean,0.511,28,651
2026-01-29 14:11:33,meta-llama/Llama-3.1-8B,MMLU_selected_subjects,isot_fake_951,meani,0.548,28,651
2026-01-29 14:16:05,meta-llama/Llama-3.1-8B,MMLU_selected_subjects,isot_fake_952,clean,0.52,28,697
2026-01-29 14:20:37,meta-llama/Llama-3.1-8B,MMLU_selected_subjects,isot_fake_952,meani,0.514,28,697
2026-01-29 14:24:48,meta-llama/Llama-3.1-8B,MMLU_selected_subjects,isot_fake_953,clean,0.533,28,311
2026-01-29 14:28:39,meta-llama/Llama-3.1-8B,MMLU_selected_subjects,isot_fake_953,meani,0.516,28,311
2026-01-29 14:31:58,meta-llama/Llama-3.1-8B,MMLU_selected_subjects,isot_fake_954,clean,0.452,28,652
2026-01-29 14:35:52,meta-llama/Llama-3.1-8B,MMLU_selected_subjects,isot_fake_954,meani,0.514,28,652
2026-01-29 14:39:49,meta-llama/Llama-3.1-8B,MMLU_selected_subjects,isot_fake_955,clean,0.524,28,685
2026-01-29 14:43:40,meta-llama/Llama-3.1-8B,MMLU_selected_subjects,isot_fake_955,meani,0.521,28,685
2026-01-29 14:46:50,meta-llama/Llama-3.1-8B,MMLU_selected_subjects,isot_fake_956,clean,0.517,28,755
2026-01-29 14:50:55,meta-llama/Llama-3.1-8B,MMLU_selected_subjects,isot_fake_956,meani,0.524,28,755
2026-01-29 14:55:21,meta-llama/Llama-3.1-8B,MMLU_selected_subjects,isot_fake_957,clean,0.503,28,419
2026-01-29 14:58:17,meta-llama/Llama-3.1-8B,MMLU_selected_subjects,isot_fake_957,meani,0.489,28,419
2026-01-29 15:01:22,meta-llama/Llama-3.1-8B,MMLU_selected_subjects,isot_fake_958,clean,0.542,28,667
2026-01-29 15:05:40,meta-llama/Llama-3.1-8B,MMLU_selected_subjects,isot_fake_958,meani,0.529,28,667
2026-01-29 15:08:20,meta-llama/Llama-3.1-8B,MMLU_selected_subjects,isot_fake_959,clean,0.541,28,673
2026-01-29 15:11:08,meta-llama/Llama-3.1-8B,MMLU_selected_subjects,isot_fake_959,meani,0.514,28,673
2026-01-29 15:15:09,meta-llama/Llama-3.1-8B,MMLU_selected_subjects,isot_fake_96,clean,0.527,28,570
2026-01-29 15:19:26,meta-llama/Llama-3.1-8B,MMLU_selected_subjects,isot_fake_96,meani,0.494,28,570
2026-01-29 15:23:13,meta-llama/Llama-3.1-8B,MMLU_selected_subjects,isot_fake_960,clean,0.49,28,574
2026-01-29 15:27:35,meta-llama/Llama-3.1-8B,MMLU_selected_subjects,isot_fake_960,meani,0.512,28,574
2026-01-29 15:30:48,meta-llama/Llama-3.1-8B,MMLU_selected_subjects,isot_fake_961,clean,0.535,28,775
2026-01-29 15:34:45,meta-llama/Llama-3.1-8B,MMLU_selected_subjects,isot_fake_961,meani,0.524,28,775
2026-01-29 15:38:09,meta-llama/Llama-3.1-8B,MMLU_selected_subjects,isot_fake_962,clean,0.537,28,729
2026-01-29 15:41:52,meta-llama/Llama-3.1-8B,MMLU_selected_subjects,isot_fake_962,meani,0.521,28,729
2026-01-29 15:46:26,meta-llama/Llama-3.1-8B,MMLU_selected_subjects,isot_fake_963,clean,0.534,28,647
2026-01-29 15:49:39,meta-llama/Llama-3.1-8B,MMLU_selected_subjects,isot_fake_963,meani,0.531,28,647
2026-01-29 15:52:37,meta-llama/Llama-3.1-8B,MMLU_selected_subjects,isot_fake_964,clean,0.513,28,731
2026-01-29 15:56:32,meta-llama/Llama-3.1-8B,MMLU_selected_subjects,isot_fake_964,meani,0.555,28,731
2026-01-29 15:59:19,meta-llama/Llama-3.1-8B,MMLU_selected_subjects,isot_fake_965,clean,0.518,28,657
2026-01-29 16:02:30,meta-llama/Llama-3.1-8B,MMLU_selected_subjects,isot_fake_965,meani,0.511,28,657
2026-01-29 16:05:55,meta-llama/Llama-3.1-8B,MMLU_selected_subjects,isot_fake_966,clean,0.483,28,716
2026-01-29 16:10:14,meta-llama/Llama-3.1-8B,MMLU_selected_subjects,isot_fake_966,meani,0.535,28,716
2026-01-29 16:14:06,meta-llama/Llama-3.1-8B,MMLU_selected_subjects,isot_fake_967,clean,0.513,28,325
2026-01-29 16:17:19,meta-llama/Llama-3.1-8B,MMLU_selected_subjects,isot_fake_967,meani,0.521,28,325
2026-01-29 16:21:31,meta-llama/Llama-3.1-8B,MMLU_selected_subjects,isot_fake_968,clean,0.535,28,587
2026-01-29 16:24:48,meta-llama/Llama-3.1-8B,MMLU_selected_subjects,isot_fake_968,meani,0.508,28,587
2026-01-29 16:28:59,meta-llama/Llama-3.1-8B,MMLU_selected_subjects,isot_fake_969,clean,0.523,28,228
2026-01-29 16:32:52,meta-llama/Llama-3.1-8B,MMLU_selected_subjects,isot_fake_969,meani,0.524,28,228
2026-01-29 16:36:25,meta-llama/Llama-3.1-8B,MMLU_selected_subjects,isot_fake_97,clean,0.516,28,405
2026-01-29 16:39:58,meta-llama/Llama-3.1-8B,MMLU_selected_subjects,isot_fake_97,meani,0.524,28,405
2026-01-29 16:44:14,meta-llama/Llama-3.1-8B,MMLU_selected_subjects,isot_fake_970,clean,0.508,28,355
2026-01-29 16:48:22,meta-llama/Llama-3.1-8B,MMLU_selected_subjects,isot_fake_970,meani,0.52,28,355
2026-01-29 16:52:32,meta-llama/Llama-3.1-8B,MMLU_selected_subjects,isot_fake_971,clean,0.502,28,520
2026-01-29 16:56:54,meta-llama/Llama-3.1-8B,MMLU_selected_subjects,isot_fake_971,meani,0.525,28,520
2026-01-29 17:00:13,meta-llama/Llama-3.1-8B,MMLU_selected_subjects,isot_fake_972,clean,0.475,28,599
2026-01-29 17:03:30,meta-llama/Llama-3.1-8B,MMLU_selected_subjects,isot_fake_972,meani,0.51,28,599
2026-01-29 17:07:24,meta-llama/Llama-3.1-8B,MMLU_selected_subjects,isot_fake_973,clean,0.508,28,244
2026-01-29 17:11:39,meta-llama/Llama-3.1-8B,MMLU_selected_subjects,isot_fake_973,meani,0.507,28,244
2026-01-29 17:16:01,meta-llama/Llama-3.1-8B,MMLU_selected_subjects,isot_fake_974,clean,0.447,28,347
2026-01-29 17:20:13,meta-llama/Llama-3.1-8B,MMLU_selected_subjects,isot_fake_974,meani,0.535,28,347
2026-01-29 17:23:50,meta-llama/Llama-3.1-8B,MMLU_selected_subjects,isot_fake_975,clean,0.513,28,752
2026-01-29 17:27:39,meta-llama/Llama-3.1-8B,MMLU_selected_subjects,isot_fake_975,meani,0.515,28,752
2026-01-29 17:32:01,meta-llama/Llama-3.1-8B,MMLU_selected_subjects,isot_fake_976,clean,0.537,28,445
2026-01-29 17:35:14,meta-llama/Llama-3.1-8B,MMLU_selected_subjects,isot_fake_976,meani,0.514,28,445
2026-01-29 17:39:05,meta-llama/Llama-3.1-8B,MMLU_selected_subjects,isot_fake_977,clean,0.533,28,519
2026-01-29 17:42:03,meta-llama/Llama-3.1-8B,MMLU_selected_subjects,isot_fake_977,meani,0.516,28,519
2026-01-29 17:45:20,meta-llama/Llama-3.1-8B,MMLU_selected_subjects,isot_fake_978,clean,0.528,28,541
2026-01-29 17:49:38,meta-llama/Llama-3.1-8B,MMLU_selected_subjects,isot_fake_978,meani,0.522,28,541
2026-01-29 17:53:20,meta-llama/Llama-3.1-8B,MMLU_selected_subjects,isot_fake_979,clean,0.508,28,558
2026-01-29 17:57:23,meta-llama/Llama-3.1-8B,MMLU_selected_subjects,isot_fake_979,meani,0.511,28,558
2026-01-29 18:01:57,meta-llama/Llama-3.1-8B,MMLU_selected_subjects,isot_fake_98,clean,0.523,28,780
2026-01-29 18:06:11,meta-llama/Llama-3.1-8B,MMLU_selected_subjects,isot_fake_98,meani,0.492,28,780
2026-01-29 18:10:37,meta-llama/Llama-3.1-8B,MMLU_selected_subjects,isot_fake_980,clean,0.525,28,509
2026-01-29 18:15:03,meta-llama/Llama-3.1-8B,MMLU_selected_subjects,isot_fake_980,meani,0.5,28,509
2026-01-29 18:19:28,meta-llama/Llama-3.1-8B,MMLU_selected_subjects,isot_fake_981,clean,0.507,28,746
2026-01-29 18:23:53,meta-llama/Llama-3.1-8B,MMLU_selected_subjects,isot_fake_981,meani,0.509,28,746
2026-01-29 18:27:55,meta-llama/Llama-3.1-8B,MMLU_selected_subjects,isot_fake_982,clean,0.546,28,207
2026-01-29 18:32:10,meta-llama/Llama-3.1-8B,MMLU_selected_subjects,isot_fake_982,meani,0.544,28,207
2026-01-29 18:35:06,meta-llama/Llama-3.1-8B,MMLU_selected_subjects,isot_fake_983,clean,0.544,28,507
2026-01-29 18:38:48,meta-llama/Llama-3.1-8B,MMLU_selected_subjects,isot_fake_983,meani,0.535,28,507
2026-01-29 18:43:14,meta-llama/Llama-3.1-8B,MMLU_selected_subjects,isot_fake_984,clean,0.509,28,431
2026-01-29 18:46:50,meta-llama/Llama-3.1-8B,MMLU_selected_subjects,isot_fake_984,meani,0.507,28,431
2026-01-29 18:50:22,meta-llama/Llama-3.1-8B,MMLU_selected_subjects,isot_fake_985,clean,0.479,28,639
2026-01-29 18:54:20,meta-llama/Llama-3.1-8B,MMLU_selected_subjects,isot_fake_985,meani,0.493,28,639
2026-01-29 18:57:30,meta-llama/Llama-3.1-8B,MMLU_selected_subjects,isot_fake_986,clean,0.535,28,643
2026-01-29 19:01:14,meta-llama/Llama-3.1-8B,MMLU_selected_subjects,isot_fake_986,meani,0.532,28,643
2026-01-29 19:04:35,meta-llama/Llama-3.1-8B,MMLU_selected_subjects,isot_fake_987,clean,0.505,28,632
2026-01-29 19:07:58,meta-llama/Llama-3.1-8B,MMLU_selected_subjects,isot_fake_987,meani,0.497,28,632
2026-01-29 19:11:12,meta-llama/Llama-3.1-8B,MMLU_selected_subjects,isot_fake_988,clean,0.519,28,633
2026-01-29 19:15:19,meta-llama/Llama-3.1-8B,MMLU_selected_subjects,isot_fake_988,meani,0.523,28,633
2026-01-29 19:19:07,meta-llama/Llama-3.1-8B,MMLU_selected_subjects,isot_fake_989,clean,0.492,28,308
2026-01-29 19:23:06,meta-llama/Llama-3.1-8B,MMLU_selected_subjects,isot_fake_989,meani,0.519,28,308
2026-01-29 19:26:25,meta-llama/Llama-3.1-8B,MMLU_selected_subjects,isot_fake_99,clean,0.522,28,542
2026-01-29 19:29:20,meta-llama/Llama-3.1-8B,MMLU_selected_subjects,isot_fake_99,meani,0.505,28,542
2026-01-29 19:32:33,meta-llama/Llama-3.1-8B,MMLU_selected_subjects,isot_fake_990,clean,0.517,28,786
2026-01-29 19:35:33,meta-llama/Llama-3.1-8B,MMLU_selected_subjects,isot_fake_990,meani,0.521,28,786
2026-01-29 19:40:06,meta-llama/Llama-3.1-8B,MMLU_selected_subjects,isot_fake_991,clean,0.518,28,461
2026-01-29 19:44:36,meta-llama/Llama-3.1-8B,MMLU_selected_subjects,isot_fake_991,meani,0.54,28,461
2026-01-29 19:48:40,meta-llama/Llama-3.1-8B,MMLU_selected_subjects,isot_fake_992,clean,0.502,28,413
2026-01-29 19:53:02,meta-llama/Llama-3.1-8B,MMLU_selected_subjects,isot_fake_992,meani,0.503,28,413
2026-01-29 19:55:47,meta-llama/Llama-3.1-8B,MMLU_selected_subjects,isot_fake_993,clean,0.495,28,667
2026-01-29 19:59:02,meta-llama/Llama-3.1-8B,MMLU_selected_subjects,isot_fake_993,meani,0.524,28,667
2026-01-29 20:03:18,meta-llama/Llama-3.1-8B,MMLU_selected_subjects,isot_fake_994,clean,0.512,28,421
2026-01-29 20:07:14,meta-llama/Llama-3.1-8B,MMLU_selected_subjects,isot_fake_994,meani,0.504,28,421
2026-01-29 20:11:23,meta-llama/Llama-3.1-8B,MMLU_selected_subjects,isot_fake_995,clean,0.529,28,222
2026-01-29 20:15:17,meta-llama/Llama-3.1-8B,MMLU_selected_subjects,isot_fake_995,meani,0.536,28,222
2026-01-29 20:19:21,meta-llama/Llama-3.1-8B,MMLU_selected_subjects,isot_fake_996,clean,0.531,28,198
2026-01-29 20:23:08,meta-llama/Llama-3.1-8B,MMLU_selected_subjects,isot_fake_996,meani,0.521,28,198
2026-01-29 20:25:49,meta-llama/Llama-3.1-8B,MMLU_selected_subjects,isot_fake_997,clean,0.525,28,445
2026-01-29 20:29:06,meta-llama/Llama-3.1-8B,MMLU_selected_subjects,isot_fake_997,meani,0.539,28,445
2026-01-29 20:31:53,meta-llama/Llama-3.1-8B,MMLU_selected_subjects,isot_fake_998,clean,0.527,28,629
2026-01-29 20:35:51,meta-llama/Llama-3.1-8B,MMLU_selected_subjects,isot_fake_998,meani,0.531,28,629
2026-01-29 20:39:56,meta-llama/Llama-3.1-8B,MMLU_selected_subjects,isot_fake_999,clean,0.542,28,397
2026-01-29 20:44:06,meta-llama/Llama-3.1-8B,MMLU_selected_subjects,isot_fake_999,meani,0.532,28,397
